19
128 384
0.9872509 0.9872509 0.9987901 0.9986285 0.99804074 0.9986739 0.99860734 0.9994374 0.9872509 0.9872509 0.9980397 0.99878716 0.9986347 0.9986481 0.9985937 0.9994264
0.9872509 0.9872509 0.99874943 0.999545 0.9981334 0.99883467 0.99859005 0.9998108 0.9872509 0.9872509 0.9985975 0.9987767 0.9986114 0.9981874 0.99907637 0.9989352
0.98890984 0.9881555 0.9992376 0.9992386 0.99995184 1.0000107 0.9994939 0.99907666 0.9872509 0.9872509 0.9979512 0.9990176 0.9988808 0.99822605 0.99909693 0.99899316
0.9872509 0.9872509 0.99956334 0.999026 0.99986774 0.9998482 0.9993948 0.9990785 0.9872509 0.9872509 0.9981909 0.9991566 0.9990492 0.9981624 0.9989953 0.9989065
0.9872509 0.9872509 0.99893445 0.9997588 0.9991547 0.99934685 0.99898076 0.9996975 0.9872509 0.9872509 0.9982662 0.998981 0.99888897 0.9982015 0.9990689 0.9989413
0.9872529 0.9933213 0.9995933 0.9992041 0.9997901 0.9999984 0.9995271 0.99929667 0.9872509 0.9872509 0.9981176 0.9990314 0.9989048 0.99816066 0.99910265 0.99899584
0.9872509 0.9872509 0.9993899 0.99956226 0.9996572 0.9996631 0.9994802 0.99955404 0.9872509 0.9872509 0.9982007 0.99913096 0.9990304 0.9985936 0.9989421 0.99891716
0.9872509 0.9872509 0.9983167 0.9993517 0.9993577 0.99933416 0.9991262 0.99933803 0.9872509 0.9872509 0.99857557 0.9981789 0.9989142 0.9988975 0.99853605 0.999372
0.9872509 0.9872509 0.99876916 0.9986015 0.9985781 0.99904895 0.9989207 0.99816 0.9872509 0.9872509 0.9987458 0.9985781 0.9981252 0.99954295 0.99883944 0.9998129
0.9872509 0.9872509 0.9986288 0.9993998 0.9985601 0.99890643 0.9999462 0.9983771 0.9872509 0.9872509 0.9986217 0.9989235 0.9985182 0.9993809 0.99834096 0.999954
0.9872509 1.012749 0.9991024 0.99910533 0.9997674 0.9996483 0.99959934 1.0004122 0.9872509 0.9872509 0.9988785 0.998962 0.9979219 0.9999054 0.9984117 1.000003
0.9872509 0.9885307 0.9994851 0.9989547 0.99966425 0.99998325 0.99928683 1.0000812 0.9872509 0.9872509 0.999024 0.99886334 0.9983603 1.0000683 0.99835384 0.9998349
0.9872509 0.9872509 0.9989386 0.99976957 0.9992298 0.9992728 1.0001687 0.9993604 0.9872509 0.9872509 0.9988669 0.9989453 0.99847585 0.9998359 0.99833447 0.9998959
0.9872509 1.0111887 0.99944776 0.9990611 0.9997393 0.9998452 0.99954045 1.0000387 0.9872509 0.9872509 0.9988914 0.99895936 0.9983001 0.9998441 0.9982893 0.9999836
0.9872509 0.9872509 0.99932265 0.9995006 0.9994775 0.9998066 0.99972594 0.99987227 0.9872509 0.9872509 0.99900424 0.99881446 0.99831504 1.000023 0.99868315 0.9996694
0.9872509 0.9872509 0.998314 0.9993456 0.9993026 0.998634 0.99957246 0.9994674 0.9872509 0.9872509 0.9988806 0.9985296 0.998632 0.99843055 0.99976146 0.9997592
0.9872509 0.9872509 0.9979472 0.99899125 0.9988638 0.99908155 0.99898577 0.9981983 0.98897463 0.9882013 0.9992285 0.9994938 0.9999613 0.99924725 1.0000117 0.9990652
0.9872509 0.9872509 0.997929 0.99885017 0.99988705 0.99894446 0.9999823 0.99840426 0.9872509 1.012749 0.99909246 0.9996615 0.9997751 0.99911255 1.0004083 0.9995875
1.0124725 1.012749 0.9997855 0.9995967 0.9995511 0.9996897 0.9996473 1.0005116 1.0123247 1.012749 0.9996159 0.99971336 0.99978876 0.9995397 1.0005214 0.99962085
0.9872509 0.9958507 0.9997608 0.9999314 0.9992383 1.0000193 0.9993141 1.0001246 1.012749 1.0127254 0.9997802 0.99954367 1.0004381 0.99969447 1.0003618 0.9994839
0.9872509 0.9872509 0.9991312 0.999226 1.0001218 0.99930173 1.0005327 0.99941957 1.0127364 1.012656 0.99954504 0.9996125 1.0006814 0.999479 1.0003624 0.99955815
1.0019168 1.0126296 0.9996018 0.99979043 0.9994923 0.9997902 0.9995704 1.0001379 1.0114421 1.012749 0.9995455 0.9996934 1.0002317 0.99950135 1.0002615 0.9996126
0.9872509 0.9874015 0.9995449 0.99976027 0.9996764 0.99984014 0.9997634 0.99991316 1.012749 1.0093096 0.999735 0.99937797 1.0003299 0.9996612 0.9999028 0.9993823
0.9872509 0.9872509 0.99929994 0.9985808 0.9995203 0.99870825 0.9995999 0.9995086 1.0125992 0.9873779 0.9994558 0.9994428 0.99983954 1.0005459 0.99946404 0.9990178
0.9872509 0.9872509 0.99816173 0.9991479 0.99904627 0.9989651 0.9989092 0.99816597 0.9872509 0.9872509 0.9995683 0.9993873 0.9998727 0.99902993 0.99984723 0.99908507
0.9872509 0.9872509 0.99838865 0.99900955 1.000047 0.9988361 0.9998383 0.9983442 0.9872509 0.9883493 0.9994929 0.9999762 0.9996677 0.9989606 1.0000792 0.9992813
1.012749 1.012744 1.0004323 0.9997577 0.99970746 0.9995618 0.9994825 1.000364 0.98727834 0.99579906 0.9999247 1.0000088 0.99976414 0.99922585 1.0001241 0.9993006
1.007764 0.9872691 1.0000875 1.0000843 0.99937475 0.99986 0.9991764 1.0000597 1.0079247 0.987663 1.0000749 0.99986047 1.0000952 0.99936324 1.0000651 0.9991782
0.9872509 0.9872509 0.99937755 0.9993664 1.0006803 0.9991653 1.0000677 0.99933934 0.98749423 0.98755527 0.999866 0.9999348 1.0001996 0.9991801 1.0000623 0.99923575
1.012749 1.0086907 1.0000705 0.9999368 0.9996359 0.9997391 0.9994276 0.9999937 0.9872509 0.9932433 0.9998735 0.9999918 0.99999833 0.9991697 1.0000807 0.99932325
0.9950785 0.9872509 0.9998945 0.99990255 0.9998251 0.999692 0.99964404 0.999848 1.0037857 0.98726165 1.0000435 0.99975955 1.0000465 0.99936926 0.99979264 0.9992167
0.9872509 0.9872509 0.9994709 0.9987636 0.9996561 0.9986294 0.99947697 0.9994558 0.98727536 0.9872509 0.9997825 0.9993343 0.999683 1.0001374 0.999237 0.99902946
0.9872509 0.9872509 0.9982483 0.9989534 0.9988943 0.9990493 0.99893564 0.99819905 0.9872509 0.9872509 0.99894345 0.9989879 0.99916726 0.99977124 0.9993554 0.99968815
0.9872509 0.9872509 0.9984687 0.9988356 0.99984664 0.9989287 0.99990755 0.9983387 0.9872509 0.9872509 0.9989505 0.9992716 0.99924713 0.99978536 0.9993617 1.000175
1.0127252 1.0127463 1.0006721 0.99955803 0.9994815 0.999623 0.99955696 1.0003616 0.9872509 0.9872509 0.9992184 0.9992874 0.99913865 1.0001298 0.9994202 1.0005096
0.987679 0.98753643 1.0001918 0.9998615 0.9991745 0.9999299 0.99924546 1.0000495 0.9872509 0.9872509 0.99935466 0.9991651 0.9993823 1.0006729 0.99934566 1.0000681
0.9872509 0.9872509 0.9994846 0.9991656 1.0000722 0.99924123 1.0001432 0.99935204 0.9872509 0.9872509 0.9991689 0.9992199 0.99948955 1.0000757 0.99936265 1.0001321
1.0089943 1.0094944 1.000295 0.9997385 0.99942523 0.9998155 0.9995046 0.99999917 0.9872509 0.9872509 0.999157 0.9993136 0.99928635 1.0000705 0.9994491 1.0004925
0.9872509 0.9872509 0.9999855 0.9996945 0.9996461 0.999764 0.99974084 0.999853 0.9872509 0.9872509 0.99935895 0.99920523 0.999351 1.0006068 0.99937224 1.0000421
0.9872509 0.9872509 0.9995507 0.99861485 0.99946177 0.9986532 0.9995559 0.9994741 0.9872509 0.9872509 0.9991436 0.9989353 0.99917823 0.9994202 0.9999732 0.9996374
0.9872509 0.9872509 0.99811596 0.99901384 0.9989029 0.999092 0.9989711 0.9981591 0.9872692 0.99344784 0.9996005 0.99951506 0.9997949 0.99920934 0.9999994 0.9992988
0.9872509 0.9872509 0.9982928 0.9988747 0.99985075 0.99894947 0.99997187 0.998246 0.9872509 1.0110539 0.99945647 0.9998417 0.9997389 0.9990672 1.0000403 0.99954194
1.0120244 1.012749 1.0002292 0.9995692 0.9994986 0.9996808 0.99962354 1.0002584 1.0023643 1.012673 0.9997931 0.9997834 0.9996109 0.9994971 1.0001456 0.99958026
0.9872509 0.99309665 1.0000026 0.99988043 0.9991994 0.99999374 0.99930996 1.000081 1.012749 1.0089874 0.9999283 0.99974996 1.0000727 0.9996435 0.9999912 0.9994509
0.9872509 0.9872509 0.999282 0.99918056 1.0000805 0.99929255 1.0005009 0.99944264 1.0091854 1.0094028 0.9997424 0.9997991 1.0002936 0.99945056 1.0000014 0.9995079
0.9946969 1.0126481 0.99986905 0.99976575 0.9994499 0.99977267 0.99955946 0.99985915 0.9943111 1.012631 0.9997394 0.9997654 0.999857 0.99944544 0.9998576 0.99957395
0.9872509 0.98726827 0.99979246 0.9997091 0.99968064 0.9998259 0.9997437 0.99987376 1.012749 0.9876396 0.9998714 0.9997051 0.9999708 0.99961984 0.9998619 0.99932724
0.9872509 0.9872509 0.9994075 0.9986229 0.99952644 0.99868244 0.9995836 0.99950445 1.0052501 0.9876507 0.99980396 0.9994628 0.9998281 1.000167 0.9994232 0.9992475
0.9872509 0.9872509 0.9982023 0.99912685 0.9990014 0.99894345 0.9989194 0.99862236 0.9872509 0.9872509 0.99940175 0.9994833 0.9996627 0.9995667 0.99966395 0.99955684
0.9872509 0.9872509 0.9983282 0.9990011 1.0000218 0.99882203 0.99967015 0.99868447 0.9872509 0.9872509 0.9993317 0.99980676 0.9994683 0.99950296 0.9998647 0.9997224
1.012749 1.0095233 1.0003389 0.99972916 0.9996711 0.9993804 0.999396 0.9999004 0.9872509 0.9873446 0.9997604 0.99984384 0.9995498 0.99967235 0.9999178 0.99976325
1.0035456 0.9872797 1.0000544 1.0000503 0.9993584 0.9997735 0.99922514 0.99980026 0.9945371 0.9872509 0.999912 0.99971074 0.999884 0.99983144 0.9998534 0.999647
0.9872509 0.9872509 0.99934053 0.99934214 1.0006055 0.9992041 1.0000479 0.9993713 0.9872509 0.9872509 0.9997071 0.9997701 0.99997824 0.9996453 0.99985296 0.9997425
1.0127432 0.98764926 0.9999678 0.99987173 0.999605 0.9997231 0.99935365 0.99986935 0.9872509 0.98725325 0.99971384 0.99983776 0.9997935 0.9996844 0.99987197 0.9997536
0.98976225 0.9872509 0.99984616 0.99987227 0.99979275 0.99961126 0.99968135 0.99960035 0.989718 0.9872509 0.9998881 0.9995887 0.9998464 0.9998 0.9995994 0.999674
0.9872509 0.9872509 0.99947673 0.9987154 0.99961936 0.9986309 0.99951553 0.9993195 0.9872509 0.9872509 0.9996074 0.99943465 0.9994905 0.99992883 0.99968517 0.9995076
0.9872509 0.9872509 0.99856913 0.9981814 0.99891317 0.9988961 0.9985522 0.99938214 0.9872509 0.9872509 0.99833006 0.99910986 0.999358 0.9993405 0.99936056 0.99933916
0.9872509 0.9872509 0.998665 0.9983843 0.99887913 0.999767 0.99853945 0.9997592 0.9872509 0.9872509 0.99832505 0.99865144 0.99935293 0.9995671 0.9993031 0.9994628
1.0126534 0.98733467 0.99982864 1.0005444 0.9994568 0.9994763 0.99944454 0.99902886 0.9872509 0.9872509 0.9985978 0.9987125 0.9995152 0.99960554 0.9993022 0.99951285
0.987254 0.9872509 0.99967235 1.0001279 0.9997837 0.9992346 0.99934393 0.99902827 0.9872509 0.9872509 0.9987675 0.9986251 0.99966025 0.99947876 0.9994672 0.9994661
0.9872509 0.9872509 0.9991668 0.99941355 0.9991421 0.9999741 0.99893004 0.99964404 0.9872509 0.9872509 0.9986097 0.9986571 0.9994629 0.9995611 0.9995543 0.99947447
1.0063128 0.9876092 0.9998316 1.0001674 0.99981403 0.999446 0.9994831 0.9992506 0.9872509 0.9872509 0.998628 0.9987176 0.99953073 0.99959886 0.9994215 0.9995078
0.9872509 0.9872509 0.9994979 0.99992836 0.99963146 0.9996859 0.9994325 0.9995084 0.9872509 0.9872509 0.9987496 0.9986325 0.9996315 0.99950325 0.9994775 0.9993247
0.9872509 0.9872509 0.99925387 0.9995005 0.9985939 0.9994773 0.999073 0.9992856 0.9872509 0.9872509 0.9985931 0.99905616 0.9994643 0.9992881 0.9992525 0.99950296
0.9872509 0.9872509 0.99897504 0.9983808 0.99894845 0.99990064 0.99848264 0.9990277 0.9872509 0.9872509 0.9983811 0.9989523 0.9989913 0.99847716 0.99900854 0.99990916
0.9872509 1.0126692 0.99867743 0.998022 0.99859387 0.9994952 1.0001704 1.0001014 0.9872509 0.9872509 0.99830186 0.9984678 0.99921584 0.9983975 0.99875456 1.0003971
0.9872519 0.9872509 0.99917114 0.99982756 0.9997573 0.9986088 0.99944216 0.99929655 0.9872509 0.9872509 0.99841756 0.99850947 0.9992732 0.9987074 0.9988167 1.0004445
0.9872509 0.9872509 0.9993264 0.9996275 0.999482 0.9996615 0.99900913 0.9990602 0.9872509 0.9872509 0.9985425 0.99843025 0.9991563 0.9988559 0.9987275 1.0002369
0.9872509 1.0053036 0.99897254 0.99916196 0.99921906 0.99939513 0.999955 1.0000459 0.9872509 0.9872509 0.9984536 0.99850094 0.9992349 0.99875325 0.99873185 1.0003332
0.9872509 0.9872509 0.9994947 0.9996604 0.999752 0.9992706 0.99935716 0.99924284 0.9872509 0.9872509 0.9984563 0.99845755 0.9992782 0.99867696 0.9987041 1.0004138
0.9872509 0.9872509 0.9984516 0.9993064 0.99956906 0.9994483 0.9994862 0.9994374 0.9872509 0.9872509 0.99849087 0.99888426 0.9992155 0.9987385 0.9990557 1.0000889
0.9872509 0.9872509 0.99857336 0.9977954 0.9983716 0.9994415 0.99943924 0.9993886 0.9872509 0.9872509 0.99827445 0.9982861 0.99908924 0.99834365 0.9985042 0.99950886
0.9872509 0.9872509 0.99830186 0.99840415 0.9992122 0.9984548 1.0003921 0.9987937 0.9872509 1.0127157 0.998679 0.9980178 0.99855703 1.000185 1.0001197 0.99950767
0.9872509 1.012749 0.99794275 1.0000904 0.9988727 0.99834424 0.9999222 1.0009995 0.9872509 1.012749 0.9989013 0.9979391 0.99830526 1.0001036 1.0009975 0.9999145
1.0099894 0.9872509 0.9997473 0.9993628 0.9996372 1.0002472 0.9988682 0.99962246 0.9872509 1.012749 0.99892217 0.9982468 0.99836874 1.000865 1.0011079 0.9999384
0.9872509 0.9872509 0.9995455 0.9989312 0.99974996 0.9998095 0.9999816 0.99911517 0.9872509 1.012749 0.9987988 0.9984017 0.9982784 1.0011891 1.0008632 0.9997551
0.9872509 1.012749 0.9990832 0.999876 0.9992317 0.9992695 0.99980867 1.0005836 0.9872509 1.012749 0.9989075 0.99830425 0.9982766 1.0009292 1.00092 0.9998621
1.002314 0.9872509 0.9995793 0.99927557 0.99981076 0.9999234 0.99942076 0.99956435 0.9872509 1.012749 0.99892426 0.99822485 0.9982524 1.0008001 1.0008463 0.99992645
0.9872509 0.9872509 0.9994889 0.9994094 0.9986934 0.99971795 0.99977493 0.99952614 0.9872509 1.012749 0.998773 0.99829036 0.99862605 1.000931 1.0001473 0.9996795
0.9872509 0.9872509 0.997825 0.9994691 0.99887705 0.99798423 0.9997001 0.9995832 0.9872509 1.0113978 0.9984159 0.9985164 0.9986726 1.0000497 1.0001687 0.9992106
0.9872509 0.9872509 0.9983948 0.9987401 0.9992707 0.9985001 1.0004375 0.99881655 0.9872813 0.9872509 0.9991606 0.99983627 0.99977064 0.9994426 0.9993038 0.9986169
0.9872509 1.012749 0.99828994 1.0008657 0.9989069 0.99836224 0.9999564 1.0010952 1.0102199 0.9872509 0.99965346 0.9997548 1.0002414 0.99936414 0.999623 0.9988597
1.0122826 0.9872509 1.0001166 0.99956375 0.99967265 1.0003365 0.9988867 0.99965507 1.0119414 0.9872509 0.9997008 1.0001085 1.0003458 0.99956524 0.9996676 0.99886715
0.9872509 0.9872509 0.999751 0.99905676 0.9997834 0.9998427 1.0001022 0.9991693 1.0042999 0.9872509 0.99948925 1.0004203 1.0001037 0.9996999 0.9995687 0.9987184
0.9872509 1.012749 0.99921083 1.000454 0.9992495 0.99932253 0.99982756 1.0006818 1.0075599 0.9872509 0.99958426 1.000171 1.0001756 0.99959743 0.99960274 0.9987939
1.0081353 0.9872509 0.999797 0.9995089 0.99973917 1.000008 0.9994407 0.99958897 1.0119641 0.9872509 0.9996733 1.0000544 1.000093 0.9995515 0.9996177 0.99890465
0.9872509 0.9872509 0.99972016 0.9994684 0.99876076 0.9997392 0.999801 0.99956125 0.9926166 0.9872509 0.9993535 1.0001802 0.9997997 0.9996578 0.9993223 0.99878085
0.9872509 0.9872509 0.9979306 0.99953216 0.99891514 0.99802613 0.99972737 0.99962705 0.9872509 0.9872509 0.9993428 0.99974626 0.99986637 0.9992824 0.99938977 0.9985768
0.9872509 0.9872509 0.99852824 0.99884933 0.99915737 0.99843323 1.0002522 0.9987242 0.9872509 0.9872509 0.9993391 0.99962956 0.99948835 0.9990189 0.9990765 0.9996718
0.9872509 1.012749 0.9983952 1.0011721 0.998766 0.99827385 0.9997541 1.0008647 0.9872509 0.9872509 0.99974173 0.9995489 0.9998129 0.9989422 0.99911964 0.99998623
1.0042765 0.9872509 1.0004131 0.99968755 0.9995035 1.0001104 0.99871325 0.9995691 0.9872509 0.9872509 0.9997636 0.99975264 0.9998537 0.9990627 0.9991744 1.0000889
0.9872509 0.9872509 0.9998771 0.99920017 0.999582 0.999755 0.9998371 0.9990529 0.9872509 0.9872509 0.9995843 0.9998877 0.99975526 0.999207 0.9990591 0.9998439
0.9872509 1.0127289 0.99935377 1.000753 0.99908113 0.9992092 0.999645 1.0004647 0.9872509 0.9872509 0.99969316 0.999784 0.99978495 0.999088 0.9991082 0.9999252
0.99108195 0.9872509 1.0000831 0.9996227 0.99966973 0.9997954 0.9992961 0.9994925 0.9872509 0.9872509 0.9997525 0.9997333 0.99980664 0.999058 0.999196 1.0000703
0.9872509 0.9872509 0.99983597 0.99959505 0.99865794 0.9995572 0.9997036 0.9994858 0.9872509 0.9872509 0.9995094 0.99984586 0.99950904 0.9992336 0.999114 0.9998314
0.9872509 0.9872509 0.9980644 0.99966395 0.9987811 0.99797124 0.99958295 0.9995541 0.9872509 0.9872509 0.9991225 0.9994933 0.9996043 0.99907756 0.9992044 0.9995728
0.9872509 0.9872509 0.99846035 0.9987511 0.9992332 0.99850136 1.0003487 0.9987355 0.9872509 1.0060298 0.9989834 0.9991744 0.99923277 0.9999639 1.0000516 0.99940735
0.9872509 1.012749 0.9983024 1.000929 0.9988917 0.9982884 0.9998574 1.0009195 0.9872509 1.012749 0.99922544 0.9990971 0.9992731 0.9998835 1.0005836 0.99980545
1.0082349 0.9872509 1.0001745 0.99959743 0.99960005 1.0001781 0.9988221 0.9995961 0.9872509 1.012749 0.9992364 0.99921846 0.9993243 1.0004548 1.0006828 0.99983275
0.9872509 0.9872509 0.99978244 0.99908096 0.99968845 0.9997811 0.99994695 0.99909484 0.9872509 1.012749 0.9990788 0.9993563 0.9992127 1.0007591 1.0004516 0.9996623
0.9872509 1.012749 0.99923635 1.0005292 0.99918264 0.99925065 0.99974716 1.0005085 0.9872509 1.012749 0.99915975 0.9992435 0.99926007 1.0005146 1.0005151 0.999757
0.9968991 0.9872509 0.9998575 0.9995202 0.99977875 0.9998595 0.99942136 0.99953014 0.9872509 1.012749 0.9992666 0.9992116 0.9993525 1.000395 1.0003927 0.9998323
0.9872509 0.9872509 0.9997335 0.9995143 0.998729 0.99966383 0.99973875 0.99954766 0.9872509 1.0126107 0.99914426 0.9993889 0.9992738 1.0004776 1.0000776 0.99956745
0.9872509 0.9872509 0.99796206 0.99954253 0.9988676 0.9980113 0.99966705 0.99957603 0.9872509 0.9891633 0.99878174 0.99899656 0.9991256 0.99980444 0.9999236 0.99923074
0.9872509 0.9872509 0.9984547 0.998688 0.9992552 0.9984606 1.0003996 0.99866885 0.9872509 0.9872509 0.9995078 0.9996699 0.999751 0.99935967 0.9992311 0.99927735
0.9872509 1.012749 0.99823684 1.0007999 0.9989159 0.9982031 0.99992895 1.0008391 1.0025803 0.9872509 0.9998156 0.999589 0.9999259 0.9992808 0.99954855 0.9994161
1.0120083 0.9872509 1.0000597 0.99954635 0.9996609 1.0000881 0.998884 0.9996196 1.0082498 0.9872509 0.99972725 0.9997973 1.0000154 0.9994909 0.99958456 0.99945104
0.9872509 0.9872509 0.9997291 0.9990457 0.9997599 0.9998052 1.0000741 0.9991906 0.99106586 0.9872509 0.9996781 1.0000904 0.99978596 0.99961776 0.99950045 0.9992991
0.9872509 1.012749 0.999197 1.0003928 0.99924326 0.9993466 0.99981403 1.000396 0.9971081 0.9872509 0.9997562 0.99984896 0.9998595 0.9995262 0.9995264 0.99942636
1.0073546 0.9872509 0.99974334 0.99948066 0.9997177 0.99973214 0.99942225 0.99955064 1.0079746 0.9872509 0.9997115 0.999745 0.9997298 0.99947625 0.9995491 0.99944377
0.9872509 0.9872509 0.9996885 0.9994942 0.99873644 0.99972427 0.99976206 0.9995571 0.98725927 0.9872509 0.9996632 0.9998138 0.9997773 0.99958766 0.9992747 0.99935013
0.9872509 0.9872509 0.9979985 0.99956477 0.9989298 0.9979868 0.99971503 0.9996241 0.9872509 0.9872509 0.999399 0.9997499 0.99986655 0.9992291 0.99936026 0.9992615
0.9872509 0.9872509 0.9984912 0.9987029 0.99921125 0.99889547 1.0000901 0.9990534 0.9872509 0.9872509 0.99846244 0.9993161 0.9995709 0.99943984 0.9994884 0.99943566
0.9872509 1.012749 0.99824 1.0009261 0.99877155 0.9986238 0.9996882 1.0001392 0.9872509 0.9872509 0.99870807 0.9997177 0.99949193 0.9997608 0.99941105 0.9995201
0.99311477 0.9872509 1.0001765 0.9996574 0.9993551 0.9997944 0.9987788 0.99933785 0.9872509 0.9872509 0.9987647 0.99974406 0.9997018 0.9997976 0.99946314 0.99956506
0.9872509 0.9872509 0.9998444 0.99922925 0.99952126 0.9995181 0.99984473 0.9991059 0.9872509 0.9872509 0.9986533 0.9995793 0.9998334 0.99970794 0.999597 0.99949586
0.9872509 1.012685 0.99938583 1.0004798 0.99914217 0.999262 0.9995936 1.0000763 0.9872509 0.9872509 0.9987325 0.999666 0.99973655 0.99973845 0.99952304 0.99954623
0.9872722 0.9872509 0.99981683 0.9995885 0.9996777 0.9997835 0.99936545 0.99927336 0.9872509 0.9872509 0.9987706 0.99974376 0.9996878 0.9997615 0.9994975 0.9995605
0.9872509 0.9872509 0.99980015 0.9995956 0.9986906 0.9995108 0.9994831 0.9993765 0.9872509 0.9872509 0.9986902 0.99948317 0.9997989 0.9994826 0.9995993 0.99938107
0.9872509 0.9872509 0.9980206 0.99965763 0.9987796 0.99845004 0.99964154 0.9994405 0.9872509 0.9872509 0.9992095 0.9993718 0.9994132 0.9995392 0.99939823 0.99942875
0.9872509 0.9872509 0.99826324 0.99838585 0.9983199 0.9985023 0.999106 0.99951005 0.9872509 0.9872509 0.99779636 0.99838334 0.99857414 0.9994471 0.99944365 0.99939
0.9872509 1.0113955 0.9985535 1.0000316 0.9986681 1.0001605 0.99842787 0.9992181 0.9872509 0.9872509 0.9978256 0.9980083 0.9989071 0.99969363 0.9994708 0.99957913
0.9872509 0.9872509 0.99972993 0.99927217 0.99986035 0.99940455 0.9993448 0.9985714 0.9872509 0.9872509 0.99795717 0.9980477 0.9989345 0.9997309 0.999528 0.9996281
0.9872509 0.9872509 0.9994854 0.9990632 0.9996113 0.9991967 0.9991329 0.9995903 0.9872509 0.9872509 0.9980838 0.9979702 0.9988126 0.9995876 0.9996694 0.9995654
0.9872509 0.98957616 0.998983 0.99980277 0.9991172 0.9999273 0.9987723 0.9992319 0.9872509 0.9872509 0.99795747 0.99801105 0.99888456 0.99967027 0.99955076 0.99957645
0.9872509 0.9872509 0.99974954 0.99924165 0.9998701 0.9993588 0.99941725 0.9992585 0.9872509 0.9872509 0.99799705 0.9979836 0.9989389 0.9997269 0.9995632 0.99962753
0.9872509 0.9872509 0.9994203 0.9993967 0.9995362 0.999421 0.99922156 0.9993713 0.9872509 0.9872509 0.99801636 0.9984184 0.9987787 0.99963033 0.99965984 0.9994422
0.9872509 0.9872509 0.99844044 0.9994293 0.9984903 0.9994569 0.99843377 0.99946564 0.9872509 0.9872509 0.99844927 0.99846464 0.99842316 0.99946845 0.9994288 0.99945813
1.0 1.0 1.0 1.0 1.0 1.0 1.0 1.0 1.0 1.0 1.0 1.0 1.0 1.0 1.0 1.0
1.0 1.0 1.0 1.0 1.0 1.0 1.0 1.0 1.0 1.0 1.0 1.0 1.0 1.0 1.0 1.0
1.0 1.0 1.0 1.0 1.0 1.0 1.0 1.0 1.0 1.0 1.0 1.0 1.0 1.0 1.0 1.0
1.0 1.0 1.0 1.0 1.0 1.0 1.0 1.0 1.0 1.0 1.0 1.0 1.0 1.0 1.0 1.0
1.0 1.0 1.0 1.0 1.0 1.0 1.0 1.0 1.0 1.0 1.0 1.0 1.0 1.0 1.0 1.0
1.0 1.0 1.0 1.0 1.0 1.0 1.0 1.0 1.0 1.0 1.0 1.0 1.0 1.0 1.0 1.0
1.0 1.0 1.0 1.0 1.0 1.0 1.0 1.0 1.0 1.0 1.0 1.0 1.0 1.0 1.0 1.0
1.0 1.0 1.0 1.0 1.0 1.0 1.0 1.0 1.0 1.0 1.0 1.0 1.0 1.0 1.0 1.0
1.0 1.0 1.0 1.0 1.0 1.0 1.0 1.0 1.0 1.0 1.0 1.0 1.0 1.0 1.0 1.0
1.0 1.0 1.0 1.0 1.0 1.0 1.0 1.0 1.0 1.0 1.0 1.0 1.0 1.0 1.0 1.0
1.0 1.0 1.0 1.0 1.0 1.0 1.0 1.0 1.0 1.0 1.0 1.0 1.0 1.0 1.0 1.0
1.0 1.0 1.0 1.0 1.0 1.0 1.0 1.0 1.0 1.0 1.0 1.0 1.0 1.0 1.0 1.0
1.0 1.0 1.0 1.0 1.0 1.0 1.0 1.0 1.0 1.0 1.0 1.0 1.0 1.0 1.0 1.0
1.0 1.0 1.0 1.0 1.0 1.0 1.0 1.0 1.0 1.0 1.0 1.0 1.0 1.0 1.0 1.0
1.0 1.0 1.0 1.0 1.0 1.0 1.0 1.0 1.0 1.0 1.0 1.0 1.0 1.0 1.0 1.0
1.0 1.0 1.0 1.0 1.0 1.0 1.0 1.0 1.0 1.0 1.0 1.0 1.0 1.0 1.0 1.0
1.0 1.0 1.0 1.0 1.0 1.0 1.0 1.0 1.0 1.0 1.0 1.0 1.0 1.0 1.0 1.0
1.0 1.0 1.0 1.0 1.0 1.0 1.0 1.0 1.0 1.0 1.0 1.0 1.0 1.0 1.0 1.0
1.0 1.0 1.0 1.0 1.0 1.0 1.0 1.0 1.0 1.0 1.0 1.0 1.0 1.0 1.0 1.0
1.0 1.0 1.0 1.0 1.0 1.0 1.0 1.0 1.0 1.0 1.0 1.0 1.0 1.0 1.0 1.0
1.0 1.0 1.0 1.0 1.0 1.0 1.0 1.0 1.0 1.0 1.0 1.0 1.0 1.0 1.0 1.0
1.0 1.0 1.0 1.0 1.0 1.0 1.0 1.0 1.0 1.0 1.0 1.0 1.0 1.0 1.0 1.0
1.0 1.0 1.0 1.0 1.0 1.0 1.0 1.0 1.0 1.0 1.0 1.0 1.0 1.0 1.0 1.0
1.0 1.0 1.0 1.0 1.0 1.0 1.0 1.0 1.0 1.0 1.0 1.0 1.0 1.0 1.0 1.0
1.0 1.0 1.0 1.0 1.0 1.0 1.0 1.0 1.0 1.0 1.0 1.0 1.0 1.0 1.0 1.0
1.0 1.0 1.0 1.0 1.0 1.0 1.0 1.0 1.0 1.0 1.0 1.0 1.0 1.0 1.0 1.0
1.0 1.0 1.0 1.0 1.0 1.0 1.0 1.0 1.0 1.0 1.0 1.0 1.0 1.0 1.0 1.0
1.0 1.0 1.0 1.0 1.0 1.0 1.0 1.0 1.0 1.0 1.0 1.0 1.0 1.0 1.0 1.0
1.0 1.0 1.0 1.0 1.0 1.0 1.0 1.0 1.0 1.0 1.0 1.0 1.0 1.0 1.0 1.0
1.0 1.0 1.0 1.0 1.0 1.0 1.0 1.0 1.0 1.0 1.0 1.0 1.0 1.0 1.0 1.0
1.0 1.0 1.0 1.0 1.0 1.0 1.0 1.0 1.0 1.0 1.0 1.0 1.0 1.0 1.0 1.0
1.0 1.0 1.0 1.0 1.0 1.0 1.0 1.0 1.0 1.0 1.0 1.0 1.0 1.0 1.0 1.0
1.0 1.0 1.0 1.0 1.0 1.0 1.0 1.0 1.0 1.0 1.0 1.0 1.0 1.0 1.0 1.0
1.0 1.0 1.0 1.0 1.0 1.0 1.0 1.0 1.0 1.0 1.0 1.0 1.0 1.0 1.0 1.0
1.0 1.0 1.0 1.0 1.0 1.0 1.0 1.0 1.0 1.0 1.0 1.0 1.0 1.0 1.0 1.0
1.0 1.0 1.0 1.0 1.0 1.0 1.0 1.0 1.0 1.0 1.0 1.0 1.0 1.0 1.0 1.0
1.0 1.0 1.0 1.0 1.0 1.0 1.0 1.0 1.0 1.0 1.0 1.0 1.0 1.0 1.0 1.0
1.0 1.0 1.0 1.0 1.0 1.0 1.0 1.0 1.0 1.0 1.0 1.0 1.0 1.0 1.0 1.0
1.0 1.0 1.0 1.0 1.0 1.0 1.0 1.0 1.0 1.0 1.0 1.0 1.0 1.0 1.0 1.0
1.0 1.0 1.0 1.0 1.0 1.0 1.0 1.0 1.0 1.0 1.0 1.0 1.0 1.0 1.0 1.0
1.0 1.0 1.0 1.0 1.0 1.0 1.0 1.0 1.0 1.0 1.0 1.0 1.0 1.0 1.0 1.0
1.0 1.0 1.0 1.0 1.0 1.0 1.0 1.0 1.0 1.0 1.0 1.0 1.0 1.0 1.0 1.0
1.0 1.0 1.0 1.0 1.0 1.0 1.0 1.0 1.0 1.0 1.0 1.0 1.0 1.0 1.0 1.0
1.0 1.0 1.0 1.0 1.0 1.0 1.0 1.0 1.0 1.0 1.0 1.0 1.0 1.0 1.0 1.0
1.0 1.0 1.0 1.0 1.0 1.0 1.0 1.0 1.0 1.0 1.0 1.0 1.0 1.0 1.0 1.0
1.0 1.0 1.0 1.0 1.0 1.0 1.0 1.0 1.0 1.0 1.0 1.0 1.0 1.0 1.0 1.0
1.0 1.0 1.0 1.0 1.0 1.0 1.0 1.0 1.0 1.0 1.0 1.0 1.0 1.0 1.0 1.0
1.0 1.0 1.0 1.0 1.0 1.0 1.0 1.0 1.0 1.0 1.0 1.0 1.0 1.0 1.0 1.0
1.0 1.0 1.0 1.0 1.0 1.0 1.0 1.0 1.0 1.0 1.0 1.0 1.0 1.0 1.0 1.0
1.0 1.0 1.0 1.0 1.0 1.0 1.0 1.0 1.0 1.0 1.0 1.0 1.0 1.0 1.0 1.0
1.0 1.0 1.0 1.0 1.0 1.0 1.0 1.0 1.0 1.0 1.0 1.0 1.0 1.0 1.0 1.0
1.0 1.0 1.0 1.0 1.0 1.0 1.0 1.0 1.0 1.0 1.0 1.0 1.0 1.0 1.0 1.0
1.0 1.0 1.0 1.0 1.0 1.0 1.0 1.0 1.0 1.0 1.0 1.0 1.0 1.0 1.0 1.0
1.0 1.0 1.0 1.0 1.0 1.0 1.0 1.0 1.0 1.0 1.0 1.0 1.0 1.0 1.0 1.0
1.0 1.0 1.0 1.0 1.0 1.0 1.0 1.0 1.0 1.0 1.0 1.0 1.0 1.0 1.0 1.0
1.0 1.0 1.0 1.0 1.0 1.0 1.0 1.0 1.0 1.0 1.0 1.0 1.0 1.0 1.0 1.0
1.0 1.0 1.0 1.0 1.0 1.0 1.0 1.0 1.0 1.0 1.0 1.0 1.0 1.0 1.0 1.0
1.0 1.0 1.0 1.0 1.0 1.0 1.0 1.0 1.0 1.0 1.0 1.0 1.0 1.0 1.0 1.0
1.0 1.0 1.0 1.0 1.0 1.0 1.0 1.0 1.0 1.0 1.0 1.0 1.0 1.0 1.0 1.0
1.0 1.0 1.0 1.0 1.0 1.0 1.0 1.0 1.0 1.0 1.0 1.0 1.0 1.0 1.0 1.0
1.0 1.0 1.0 1.0 1.0 1.0 1.0 1.0 1.0 1.0 1.0 1.0 1.0 1.0 1.0 1.0
1.0 1.0 1.0 1.0 1.0 1.0 1.0 1.0 1.0 1.0 1.0 1.0 1.0 1.0 1.0 1.0
1.0 1.0 1.0 1.0 1.0 1.0 1.0 1.0 1.0 1.0 1.0 1.0 1.0 1.0 1.0 1.0
1.0 1.0 1.0 1.0 1.0 1.0 1.0 1.0 1.0 1.0 1.0 1.0 1.0 1.0 1.0 1.0
1.0 1.0 1.0 1.0 1.0 1.0 1.0 1.0 1.0 1.0 1.0 1.0 1.0 1.0 1.0 1.0
1.0 1.0 1.0 1.0 1.0 1.0 1.0 1.0 1.0 1.0 1.0 1.0 1.0 1.0 1.0 1.0
1.0 1.0 1.0 1.0 1.0 1.0 1.0 1.0 1.0 1.0 1.0 1.0 1.0 1.0 1.0 1.0
1.0 1.0 1.0 1.0 1.0 1.0 1.0 1.0 1.0 1.0 1.0 1.0 1.0 1.0 1.0 1.0
1.0 1.0 1.0 1.0 1.0 1.0 1.0 1.0 1.0 1.0 1.0 1.0 1.0 1.0 1.0 1.0
1.0 1.0 1.0 1.0 1.0 1.0 1.0 1.0 1.0 1.0 1.0 1.0 1.0 1.0 1.0 1.0
1.0 1.0 1.0 1.0 1.0 1.0 1.0 1.0 1.0 1.0 1.0 1.0 1.0 1.0 1.0 1.0
1.0 1.0 1.0 1.0 1.0 1.0 1.0 1.0 1.0 1.0 1.0 1.0 1.0 1.0 1.0 1.0
1.0 1.0 1.0 1.0 1.0 1.0 1.0 1.0 1.0 1.0 1.0 1.0 1.0 1.0 1.0 1.0
1.0 1.0 1.0 1.0 1.0 1.0 1.0 1.0 1.0 1.0 1.0 1.0 1.0 1.0 1.0 1.0
1.0 1.0 1.0 1.0 1.0 1.0 1.0 1.0 1.0 1.0 1.0 1.0 1.0 1.0 1.0 1.0
1.0 1.0 1.0 1.0 1.0 1.0 1.0 1.0 1.0 1.0 1.0 1.0 1.0 1.0 1.0 1.0
1.0 1.0 1.0 1.0 1.0 1.0 1.0 1.0 1.0 1.0 1.0 1.0 1.0 1.0 1.0 1.0
1.0 1.0 1.0 1.0 1.0 1.0 1.0 1.0 1.0 1.0 1.0 1.0 1.0 1.0 1.0 1.0
1.0 1.0 1.0 1.0 1.0 1.0 1.0 1.0 1.0 1.0 1.0 1.0 1.0 1.0 1.0 1.0
1.0 1.0 1.0 1.0 1.0 1.0 1.0 1.0 1.0 1.0 1.0 1.0 1.0 1.0 1.0 1.0
1.0 1.0 1.0 1.0 1.0 1.0 1.0 1.0 1.0 1.0 1.0 1.0 1.0 1.0 1.0 1.0
1.0 1.0 1.0 1.0 1.0 1.0 1.0 1.0 1.0 1.0 1.0 1.0 1.0 1.0 1.0 1.0
1.0 1.0 1.0 1.0 1.0 1.0 1.0 1.0 1.0 1.0 1.0 1.0 1.0 1.0 1.0 1.0
1.0 1.0 1.0 1.0 1.0 1.0 1.0 1.0 1.0 1.0 1.0 1.0 1.0 1.0 1.0 1.0
1.0 1.0 1.0 1.0 1.0 1.0 1.0 1.0 1.0 1.0 1.0 1.0 1.0 1.0 1.0 1.0
1.0 1.0 1.0 1.0 1.0 1.0 1.0 1.0 1.0 1.0 1.0 1.0 1.0 1.0 1.0 1.0
1.0 1.0 1.0 1.0 1.0 1.0 1.0 1.0 1.0 1.0 1.0 1.0 1.0 1.0 1.0 1.0
1.0 1.0 1.0 1.0 1.0 1.0 1.0 1.0 1.0 1.0 1.0 1.0 1.0 1.0 1.0 1.0
1.0 1.0 1.0 1.0 1.0 1.0 1.0 1.0 1.0 1.0 1.0 1.0 1.0 1.0 1.0 1.0
1.0 1.0 1.0 1.0 1.0 1.0 1.0 1.0 1.0 1.0 1.0 1.0 1.0 1.0 1.0 1.0
1.0 1.0 1.0 1.0 1.0 1.0 1.0 1.0 1.0 1.0 1.0 1.0 1.0 1.0 1.0 1.0
1.0 1.0 1.0 1.0 1.0 1.0 1.0 1.0 1.0 1.0 1.0 1.0 1.0 1.0 1.0 1.0
1.0 1.0 1.0 1.0 1.0 1.0 1.0 1.0 1.0 1.0 1.0 1.0 1.0 1.0 1.0 1.0
1.0 1.0 1.0 1.0 1.0 1.0 1.0 1.0 1.0 1.0 1.0 1.0 1.0 1.0 1.0 1.0
1.0 1.0 1.0 1.0 1.0 1.0 1.0 1.0 1.0 1.0 1.0 1.0 1.0 1.0 1.0 1.0
1.0 1.0 1.0 1.0 1.0 1.0 1.0 1.0 1.0 1.0 1.0 1.0 1.0 1.0 1.0 1.0
1.0 1.0 1.0 1.0 1.0 1.0 1.0 1.0 1.0 1.0 1.0 1.0 1.0 1.0 1.0 1.0
1.0 1.0 1.0 1.0 1.0 1.0 1.0 1.0 1.0 1.0 1.0 1.0 1.0 1.0 1.0 1.0
1.0 1.0 1.0 1.0 1.0 1.0 1.0 1.0 1.0 1.0 1.0 1.0 1.0 1.0 1.0 1.0
1.0 1.0 1.0 1.0 1.0 1.0 1.0 1.0 1.0 1.0 1.0 1.0 1.0 1.0 1.0 1.0
1.0 1.0 1.0 1.0 1.0 1.0 1.0 1.0 1.0 1.0 1.0 1.0 1.0 1.0 1.0 1.0
1.0 1.0 1.0 1.0 1.0 1.0 1.0 1.0 1.0 1.0 1.0 1.0 1.0 1.0 1.0 1.0
1.0 1.0 1.0 1.0 1.0 1.0 1.0 1.0 1.0 1.0 1.0 1.0 1.0 1.0 1.0 1.0
1.0 1.0 1.0 1.0 1.0 1.0 1.0 1.0 1.0 1.0 1.0 1.0 1.0 1.0 1.0 1.0
1.0 1.0 1.0 1.0 1.0 1.0 1.0 1.0 1.0 1.0 1.0 1.0 1.0 1.0 1.0 1.0
1.0 1.0 1.0 1.0 1.0 1.0 1.0 1.0 1.0 1.0 1.0 1.0 1.0 1.0 1.0 1.0
1.0 1.0 1.0 1.0 1.0 1.0 1.0 1.0 1.0 1.0 1.0 1.0 1.0 1.0 1.0 1.0
1.0 1.0 1.0 1.0 1.0 1.0 1.0 1.0 1.0 1.0 1.0 1.0 1.0 1.0 1.0 1.0
1.0 1.0 1.0 1.0 1.0 1.0 1.0 1.0 1.0 1.0 1.0 1.0 1.0 1.0 1.0 1.0
1.0 1.0 1.0 1.0 1.0 1.0 1.0 1.0 1.0 1.0 1.0 1.0 1.0 1.0 1.0 1.0
1.0 1.0 1.0 1.0 1.0 1.0 1.0 1.0 1.0 1.0 1.0 1.0 1.0 1.0 1.0 1.0
1.0 1.0 1.0 1.0 1.0 1.0 1.0 1.0 1.0 1.0 1.0 1.0 1.0 1.0 1.0 1.0
1.0 1.0 1.0 1.0 1.0 1.0 1.0 1.0 1.0 1.0 1.0 1.0 1.0 1.0 1.0 1.0
1.0 1.0 1.0 1.0 1.0 1.0 1.0 1.0 1.0 1.0 1.0 1.0 1.0 1.0 1.0 1.0
1.0 1.0 1.0 1.0 1.0 1.0 1.0 1.0 1.0 1.0 1.0 1.0 1.0 1.0 1.0 1.0
1.0 1.0 1.0 1.0 1.0 1.0 1.0 1.0 1.0 1.0 1.0 1.0 1.0 1.0 1.0 1.0
1.0 1.0 1.0 1.0 1.0 1.0 1.0 1.0 1.0 1.0 1.0 1.0 1.0 1.0 1.0 1.0
1.0 1.0 1.0 1.0 1.0 1.0 1.0 1.0 1.0 1.0 1.0 1.0 1.0 1.0 1.0 1.0
1.0 1.0 1.0 1.0 1.0 1.0 1.0 1.0 1.0 1.0 1.0 1.0 1.0 1.0 1.0 1.0
1.0 1.0 1.0 1.0 1.0 1.0 1.0 1.0 1.0 1.0 1.0 1.0 1.0 1.0 1.0 1.0
1.0 1.0 1.0 1.0 1.0 1.0 1.0 1.0 1.0 1.0 1.0 1.0 1.0 1.0 1.0 1.0
1.0 1.0 1.0 1.0 1.0 1.0 1.0 1.0 1.0 1.0 1.0 1.0 1.0 1.0 1.0 1.0
1.0 1.0 1.0 1.0 1.0 1.0 1.0 1.0 1.0 1.0 1.0 1.0 1.0 1.0 1.0 1.0
1.0 1.0 1.0 1.0 1.0 1.0 1.0 1.0 1.0 1.0 1.0 1.0 1.0 1.0 1.0 1.0
1.0 1.0 1.0 1.0 1.0 1.0 1.0 1.0 1.0 1.0 1.0 1.0 1.0 1.0 1.0 1.0
1.0 1.0 1.0 1.0 1.0 1.0 1.0 1.0 1.0 1.0 1.0 1.0 1.0 1.0 1.0 1.0
1.0 1.0 1.0 1.0 1.0 1.0 1.0 1.0 1.0 1.0 1.0 1.0 1.0 1.0 1.0 1.0
1.0 1.0 1.0 1.0 1.0 1.0 1.0 1.0 1.0 1.0 1.0 1.0 1.0 1.0 1.0 1.0
1.0 1.0 1.0 1.0 1.0 1.0 1.0 1.0 1.0 1.0 1.0 1.0 1.0 1.0 1.0 1.0
1.0 1.0 1.0 1.0 1.0 1.0 1.0 1.0 1.0 1.0 1.0 1.0 1.0 1.0 1.0 1.0
1.0 1.0 1.0 1.0 1.0 1.0 1.0 1.0 1.0 1.0 1.0 1.0 1.0 1.0 1.0 1.0
1.0 1.0 1.0 1.0 1.0 1.0 1.0 1.0 1.0 1.0 1.0 1.0 1.0 1.0 1.0 1.0
1.0 1.0 1.0 1.0 1.0 1.0 1.0 1.0 1.0 1.0 1.0 1.0 1.0 1.0 1.0 1.0
1.0 1.0 1.0 1.0 1.0 1.0 1.0 1.0 1.0 1.0 1.0 1.0 1.0 1.0 1.0 1.0
1.0 1.0 1.0 1.0 1.0 1.0 1.0 1.0 1.0 1.0 1.0 1.0 1.0 1.0 1.0 1.0
1.0 1.0 1.0 1.0 1.0 1.0 1.0 1.0 1.0 1.0 1.0 1.0 1.0 1.0 1.0 1.0
1.0 1.0 1.0 1.0 1.0 1.0 1.0 1.0 1.0 1.0 1.0 1.0 1.0 1.0 1.0 1.0
1.0 1.0 1.0 1.0 1.0 1.0 1.0 1.0 1.0 1.0 1.0 1.0 1.0 1.0 1.0 1.0
1.0 1.0 1.0 1.0 1.0 1.0 1.0 1.0 1.0 1.0 1.0 1.0 1.0 1.0 1.0 1.0
1.0 1.0 1.0 1.0 1.0 1.0 1.0 1.0 1.0 1.0 1.0 1.0 1.0 1.0 1.0 1.0
1.0 1.0 1.0 1.0 1.0 1.0 1.0 1.0 1.0 1.0 1.0 1.0 1.0 1.0 1.0 1.0
1.0 1.0 1.0 1.0 1.0 1.0 1.0 1.0 1.0 1.0 1.0 1.0 1.0 1.0 1.0 1.0
1.0 1.0 1.0 1.0 1.0 1.0 1.0 1.0 1.0 1.0 1.0 1.0 1.0 1.0 1.0 1.0
1.0 1.0 1.0 1.0 1.0 1.0 1.0 1.0 1.0 1.0 1.0 1.0 1.0 1.0 1.0 1.0
1.0 1.0 1.0 1.0 1.0 1.0 1.0 1.0 1.0 1.0 1.0 1.0 1.0 1.0 1.0 1.0
1.0 1.0 1.0 1.0 1.0 1.0 1.0 1.0 1.0 1.0 1.0 1.0 1.0 1.0 1.0 1.0
1.0 1.0 1.0 1.0 1.0 1.0 1.0 1.0 1.0 1.0 1.0 1.0 1.0 1.0 1.0 1.0
1.0 1.0 1.0 1.0 1.0 1.0 1.0 1.0 1.0 1.0 1.0 1.0 1.0 1.0 1.0 1.0
1.0 1.0 1.0 1.0 1.0 1.0 1.0 1.0 1.0 1.0 1.0 1.0 1.0 1.0 1.0 1.0
1.0 1.0 1.0 1.0 1.0 1.0 1.0 1.0 1.0 1.0 1.0 1.0 1.0 1.0 1.0 1.0
1.0 1.0 1.0 1.0 1.0 1.0 1.0 1.0 1.0 1.0 1.0 1.0 1.0 1.0 1.0 1.0
1.0 1.0 1.0 1.0 1.0 1.0 1.0 1.0 1.0 1.0 1.0 1.0 1.0 1.0 1.0 1.0
1.0 1.0 1.0 1.0 1.0 1.0 1.0 1.0 1.0 1.0 1.0 1.0 1.0 1.0 1.0 1.0
1.0 1.0 1.0 1.0 1.0 1.0 1.0 1.0 1.0 1.0 1.0 1.0 1.0 1.0 1.0 1.0
1.0 1.0 1.0 1.0 1.0 1.0 1.0 1.0 1.0 1.0 1.0 1.0 1.0 1.0 1.0 1.0
1.0 1.0 1.0 1.0 1.0 1.0 1.0 1.0 1.0 1.0 1.0 1.0 1.0 1.0 1.0 1.0
1.0 1.0 1.0 1.0 1.0 1.0 1.0 1.0 1.0 1.0 1.0 1.0 1.0 1.0 1.0 1.0
1.0 1.0 1.0 1.0 1.0 1.0 1.0 1.0 1.0 1.0 1.0 1.0 1.0 1.0 1.0 1.0
1.0 1.0 1.0 1.0 1.0 1.0 1.0 1.0 1.0 1.0 1.0 1.0 1.0 1.0 1.0 1.0
1.0 1.0 1.0 1.0 1.0 1.0 1.0 1.0 1.0 1.0 1.0 1.0 1.0 1.0 1.0 1.0
1.0 1.0 1.0 1.0 1.0 1.0 1.0 1.0 1.0 1.0 1.0 1.0 1.0 1.0 1.0 1.0
1.0 1.0 1.0 1.0 1.0 1.0 1.0 1.0 1.0 1.0 1.0 1.0 1.0 1.0 1.0 1.0
1.0 1.0 1.0 1.0 1.0 1.0 1.0 1.0 1.0 1.0 1.0 1.0 1.0 1.0 1.0 1.0
1.0 1.0 1.0 1.0 1.0 1.0 1.0 1.0 1.0 1.0 1.0 1.0 1.0 1.0 1.0 1.0
1.0 1.0 1.0 1.0 1.0 1.0 1.0 1.0 1.0 1.0 1.0 1.0 1.0 1.0 1.0 1.0
1.0 1.0 1.0 1.0 1.0 1.0 1.0 1.0 1.0 1.0 1.0 1.0 1.0 1.0 1.0 1.0
1.0 1.0 1.0 1.0 1.0 1.0 1.0 1.0 1.0 1.0 1.0 1.0 1.0 1.0 1.0 1.0
1.0 1.0 1.0 1.0 1.0 1.0 1.0 1.0 1.0 1.0 1.0 1.0 1.0 1.0 1.0 1.0
1.0 1.0 1.0 1.0 1.0 1.0 1.0 1.0 1.0 1.0 1.0 1.0 1.0 1.0 1.0 1.0
1.0 1.0 1.0 1.0 1.0 1.0 1.0 1.0 1.0 1.0 1.0 1.0 1.0 1.0 1.0 1.0
1.0 1.0 1.0 1.0 1.0 1.0 1.0 1.0 1.0 1.0 1.0 1.0 1.0 1.0 1.0 1.0
1.0 1.0 1.0 1.0 1.0 1.0 1.0 1.0 1.0 1.0 1.0 1.0 1.0 1.0 1.0 1.0
1.0 1.0 1.0 1.0 1.0 1.0 1.0 1.0 1.0 1.0 1.0 1.0 1.0 1.0 1.0 1.0
1.0 1.0 1.0 1.0 1.0 1.0 1.0 1.0 1.0 1.0 1.0 1.0 1.0 1.0 1.0 1.0
1.0 1.0 1.0 1.0 1.0 1.0 1.0 1.0 1.0 1.0 1.0 1.0 1.0 1.0 1.0 1.0
1.0 1.0 1.0 1.0 1.0 1.0 1.0 1.0 1.0 1.0 1.0 1.0 1.0 1.0 1.0 1.0
1.0 1.0 1.0 1.0 1.0 1.0 1.0 1.0 1.0 1.0 1.0 1.0 1.0 1.0 1.0 1.0
1.0 1.0 1.0 1.0 1.0 1.0 1.0 1.0 1.0 1.0 1.0 1.0 1.0 1.0 1.0 1.0
1.0 1.0 1.0 1.0 1.0 1.0 1.0 1.0 1.0 1.0 1.0 1.0 1.0 1.0 1.0 1.0
1.0 1.0 1.0 1.0 1.0 1.0 1.0 1.0 1.0 1.0 1.0 1.0 1.0 1.0 1.0 1.0
1.0 1.0 1.0 1.0 1.0 1.0 1.0 1.0 1.0 1.0 1.0 1.0 1.0 1.0 1.0 1.0
1.0 1.0 1.0 1.0 1.0 1.0 1.0 1.0 1.0 1.0 1.0 1.0 1.0 1.0 1.0 1.0
1.0 1.0 1.0 1.0 1.0 1.0 1.0 1.0 1.0 1.0 1.0 1.0 1.0 1.0 1.0 1.0
1.0 1.0 1.0 1.0 1.0 1.0 1.0 1.0 1.0 1.0 1.0 1.0 1.0 1.0 1.0 1.0
1.0 1.0 1.0 1.0 1.0 1.0 1.0 1.0 1.0 1.0 1.0 1.0 1.0 1.0 1.0 1.0
1.0 1.0 1.0 1.0 1.0 1.0 1.0 1.0 1.0 1.0 1.0 1.0 1.0 1.0 1.0 1.0
1.0 1.0 1.0 1.0 1.0 1.0 1.0 1.0 1.0 1.0 1.0 1.0 1.0 1.0 1.0 1.0
1.0 1.0 1.0 1.0 1.0 1.0 1.0 1.0 1.0 1.0 1.0 1.0 1.0 1.0 1.0 1.0
1.0 1.0 1.0 1.0 1.0 1.0 1.0 1.0 1.0 1.0 1.0 1.0 1.0 1.0 1.0 1.0
1.0 1.0 1.0 1.0 1.0 1.0 1.0 1.0 1.0 1.0 1.0 1.0 1.0 1.0 1.0 1.0
1.0 1.0 1.0 1.0 1.0 1.0 1.0 1.0 1.0 1.0 1.0 1.0 1.0 1.0 1.0 1.0
1.0 1.0 1.0 1.0 1.0 1.0 1.0 1.0 1.0 1.0 1.0 1.0 1.0 1.0 1.0 1.0
1.0 1.0 1.0 1.0 1.0 1.0 1.0 1.0 1.0 1.0 1.0 1.0 1.0 1.0 1.0 1.0
1.0 1.0 1.0 1.0 1.0 1.0 1.0 1.0 1.0 1.0 1.0 1.0 1.0 1.0 1.0 1.0
1.0 1.0 1.0 1.0 1.0 1.0 1.0 1.0 1.0 1.0 1.0 1.0 1.0 1.0 1.0 1.0
1.0 1.0 1.0 1.0 1.0 1.0 1.0 1.0 1.0 1.0 1.0 1.0 1.0 1.0 1.0 1.0
1.0 1.0 1.0 1.0 1.0 1.0 1.0 1.0 1.0 1.0 1.0 1.0 1.0 1.0 1.0 1.0
1.0 1.0 1.0 1.0 1.0 1.0 1.0 1.0 1.0 1.0 1.0 1.0 1.0 1.0 1.0 1.0
1.0 1.0 1.0 1.0 1.0 1.0 1.0 1.0 1.0 1.0 1.0 1.0 1.0 1.0 1.0 1.0
1.0 1.0 1.0 1.0 1.0 1.0 1.0 1.0 1.0 1.0 1.0 1.0 1.0 1.0 1.0 1.0
1.0 1.0 1.0 1.0 1.0 1.0 1.0 1.0 1.0 1.0 1.0 1.0 1.0 1.0 1.0 1.0
1.0 1.0 1.0 1.0 1.0 1.0 1.0 1.0 1.0 1.0 1.0 1.0 1.0 1.0 1.0 1.0
1.0 1.0 1.0 1.0 1.0 1.0 1.0 1.0 1.0 1.0 1.0 1.0 1.0 1.0 1.0 1.0
1.0 1.0 1.0 1.0 1.0 1.0 1.0 1.0 1.0 1.0 1.0 1.0 1.0 1.0 1.0 1.0
1.0 1.0 1.0 1.0 1.0 1.0 1.0 1.0 1.0 1.0 1.0 1.0 1.0 1.0 1.0 1.0
1.0 1.0 1.0 1.0 1.0 1.0 1.0 1.0 1.0 1.0 1.0 1.0 1.0 1.0 1.0 1.0
1.0 1.0 1.0 1.0 1.0 1.0 1.0 1.0 1.0 1.0 1.0 1.0 1.0 1.0 1.0 1.0
1.0 1.0 1.0 1.0 1.0 1.0 1.0 1.0 1.0 1.0 1.0 1.0 1.0 1.0 1.0 1.0
1.0 1.0 1.0 1.0 1.0 1.0 1.0 1.0 1.0 1.0 1.0 1.0 1.0 1.0 1.0 1.0
1.0 1.0 1.0 1.0 1.0 1.0 1.0 1.0 1.0 1.0 1.0 1.0 1.0 1.0 1.0 1.0
1.0 1.0 1.0 1.0 1.0 1.0 1.0 1.0 1.0 1.0 1.0 1.0 1.0 1.0 1.0 1.0
1.0 1.0 1.0 1.0 1.0 1.0 1.0 1.0 1.0 1.0 1.0 1.0 1.0 1.0 1.0 1.0
1.0 1.0 1.0 1.0 1.0 1.0 1.0 1.0 1.0 1.0 1.0 1.0 1.0 1.0 1.0 1.0
1.0 1.0 1.0 1.0 1.0 1.0 1.0 1.0 1.0 1.0 1.0 1.0 1.0 1.0 1.0 1.0
1.0 1.0 1.0 1.0 1.0 1.0 1.0 1.0 1.0 1.0 1.0 1.0 1.0 1.0 1.0 1.0
1.0 1.0 1.0 1.0 1.0 1.0 1.0 1.0 1.0 1.0 1.0 1.0 1.0 1.0 1.0 1.0
1.0 1.0 1.0 1.0 1.0 1.0 1.0 1.0 1.0 1.0 1.0 1.0 1.0 1.0 1.0 1.0
1.0 1.0 1.0 1.0 1.0 1.0 1.0 1.0 1.0 1.0 1.0 1.0 1.0 1.0 1.0 1.0
1.0 1.0 1.0 1.0 1.0 1.0 1.0 1.0 1.0 1.0 1.0 1.0 1.0 1.0 1.0 1.0
1.0 1.0 1.0 1.0 1.0 1.0 1.0 1.0 1.0 1.0 1.0 1.0 1.0 1.0 1.0 1.0
1.0 1.0 1.0 1.0 1.0 1.0 1.0 1.0 1.0 1.0 1.0 1.0 1.0 1.0 1.0 1.0
1.0 1.0 1.0 1.0 1.0 1.0 1.0 1.0 1.0 1.0 1.0 1.0 1.0 1.0 1.0 1.0
1.0 1.0 1.0 1.0 1.0 1.0 1.0 1.0 1.0 1.0 1.0 1.0 1.0 1.0 1.0 1.0
1.0 1.0 1.0 1.0 1.0 1.0 1.0 1.0 1.0 1.0 1.0 1.0 1.0 1.0 1.0 1.0
1.0 1.0 1.0 1.0 1.0 1.0 1.0 1.0 1.0 1.0 1.0 1.0 1.0 1.0 1.0 1.0
1.0 1.0 1.0 1.0 1.0 1.0 1.0 1.0 1.0 1.0 1.0 1.0 1.0 1.0 1.0 1.0
1.0 1.0 1.0 1.0 1.0 1.0 1.0 1.0 1.0 1.0 1.0 1.0 1.0 1.0 1.0 1.0
1.0 1.0 1.0 1.0 1.0 1.0 1.0 1.0 1.0 1.0 1.0 1.0 1.0 1.0 1.0 1.0
1.0 1.0 1.0 1.0 1.0 1.0 1.0 1.0 1.0 1.0 1.0 1.0 1.0 1.0 1.0 1.0
1.0 1.0 1.0 1.0 1.0 1.0 1.0 1.0 1.0 1.0 1.0 1.0 1.0 1.0 1.0 1.0
1.0 1.0 1.0 1.0 1.0 1.0 1.0 1.0 1.0 1.0 1.0 1.0 1.0 1.0 1.0 1.0
1.0 1.0 1.0 1.0 1.0 1.0 1.0 1.0 1.0 1.0 1.0 1.0 1.0 1.0 1.0 1.0
1.0 1.0 1.0 1.0 1.0 1.0 1.0 1.0 1.0 1.0 1.0 1.0 1.0 1.0 1.0 1.0
1.0 1.0 1.0 1.0 1.0 1.0 1.0 1.0 1.0 1.0 1.0 1.0 1.0 1.0 1.0 1.0
1.0 1.0 1.0 1.0 1.0 1.0 1.0 1.0 1.0 1.0 1.0 1.0 1.0 1.0 1.0 1.0
1.0 1.0 1.0 1.0 1.0 1.0 1.0 1.0 1.0 1.0 1.0 1.0 1.0 1.0 1.0 1.0
1.0 1.0 1.0 1.0 1.0 1.0 1.0 1.0 1.0 1.0 1.0 1.0 1.0 1.0 1.0 1.0
1.0 1.0 1.0 1.0 1.0 1.0 1.0 1.0 1.0 1.0 1.0 1.0 1.0 1.0 1.0 1.0
1.0 1.0 1.0 1.0 1.0 1.0 1.0 1.0 1.0 1.0 1.0 1.0 1.0 1.0 1.0 1.0
1.0 1.0 1.0 1.0 1.0 1.0 1.0 1.0 1.0 1.0 1.0 1.0 1.0 1.0 1.0 1.0
1.0 1.0 1.0 1.0 1.0 1.0 1.0 1.0 1.0 1.0 1.0 1.0 1.0 1.0 1.0 1.0
1.0 1.0 1.0 1.0 1.0 1.0 1.0 1.0 1.0 1.0 1.0 1.0 1.0 1.0 1.0 1.0
1.0 1.0 1.0 1.0 1.0 1.0 1.0 1.0 1.0 1.0 1.0 1.0 1.0 1.0 1.0 1.0
1.0 1.0 1.0 1.0 1.0 1.0 1.0 1.0 1.0 1.0 1.0 1.0 1.0 1.0 1.0 1.0
1.0 1.0 1.0 1.0 1.0 1.0 1.0 1.0 1.0 1.0 1.0 1.0 1.0 1.0 1.0 1.0
1.0 1.0 1.0 1.0 1.0 1.0 1.0 1.0 1.0 1.0 1.0 1.0 1.0 1.0 1.0 1.0
1.0 1.0 1.0 1.0 1.0 1.0 1.0 1.0 1.0 1.0 1.0 1.0 1.0 1.0 1.0 1.0
1.0 1.0 1.0 1.0 1.0 1.0 1.0 1.0 1.0 1.0 1.0 1.0 1.0 1.0 1.0 1.0
1.0 1.0 1.0 1.0 1.0 1.0 1.0 1.0 1.0 1.0 1.0 1.0 1.0 1.0 1.0 1.0
1.0 1.0 1.0 1.0 1.0 1.0 1.0 1.0 1.0 1.0 1.0 1.0 1.0 1.0 1.0 1.0
1.0 1.0 1.0 1.0 1.0 1.0 1.0 1.0 1.0 1.0 1.0 1.0 1.0 1.0 1.0 1.0
1.0 1.0 1.0 1.0 1.0 1.0 1.0 1.0 1.0 1.0 1.0 1.0 1.0 1.0 1.0 1.0
1.0 1.0 1.0 1.0 1.0 1.0 1.0 1.0 1.0 1.0 1.0 1.0 1.0 1.0 1.0 1.0
1.0 1.0 1.0 1.0 1.0 1.0 1.0 1.0 1.0 1.0 1.0 1.0 1.0 1.0 1.0 1.0
1.0 1.0 1.0 1.0 1.0 1.0 1.0 1.0 1.0 1.0 1.0 1.0 1.0 1.0 1.0 1.0
1.0 1.0 1.0 1.0 1.0 1.0 1.0 1.0 1.0 1.0 1.0 1.0 1.0 1.0 1.0 1.0
1.0 1.0 1.0 1.0 1.0 1.0 1.0 1.0 1.0 1.0 1.0 1.0 1.0 1.0 1.0 1.0
1.0 1.0 1.0 1.0 1.0 1.0 1.0 1.0 1.0 1.0 1.0 1.0 1.0 1.0 1.0 1.0
1.0 1.0 1.0 1.0 1.0 1.0 1.0 1.0 1.0 1.0 1.0 1.0 1.0 1.0 1.0 1.0
1.0 1.0 1.0 1.0 1.0 1.0 1.0 1.0 1.0 1.0 1.0 1.0 1.0 1.0 1.0 1.0
1.0 1.0 1.0 1.0 1.0 1.0 1.0 1.0 1.0 1.0 1.0 1.0 1.0 1.0 1.0 1.0
1.0 1.0 1.0 1.0 1.0 1.0 1.0 1.0 1.0 1.0 1.0 1.0 1.0 1.0 1.0 1.0
1.0 1.0 1.0 1.0 1.0 1.0 1.0 1.0 1.0 1.0 1.0 1.0 1.0 1.0 1.0 1.0
1.0 1.0 1.0 1.0 1.0 1.0 1.0 1.0 1.0 1.0 1.0 1.0 1.0 1.0 1.0 1.0
1.0 1.0 1.0 1.0 1.0 1.0 1.0 1.0 1.0 1.0 1.0 1.0 1.0 1.0 1.0 1.0
1.0 1.0 1.0 1.0 1.0 1.0 1.0 1.0 1.0 1.0 1.0 1.0 1.0 1.0 1.0 1.0
1.0 1.0 1.0 1.0 1.0 1.0 1.0 1.0 1.0 1.0 1.0 1.0 1.0 1.0 1.0 1.0
1.0 1.0 1.0 1.0 1.0 1.0 1.0 1.0 1.0 1.0 1.0 1.0 1.0 1.0 1.0 1.0
1.0 1.0 1.0 1.0 1.0 1.0 1.0 1.0 1.0 1.0 1.0 1.0 1.0 1.0 1.0 1.0
1.0 1.0 1.0 1.0 1.0 1.0 1.0 1.0 1.0 1.0 1.0 1.0 1.0 1.0 1.0 1.0
1.0 1.0 1.0 1.0 1.0 1.0 1.0 1.0 1.0 1.0 1.0 1.0 1.0 1.0 1.0 1.0
1.0 1.0 1.0 1.0 1.0 1.0 1.0 1.0 1.0 1.0 1.0 1.0 1.0 1.0 1.0 1.0
1.0 1.0 1.0 1.0 1.0 1.0 1.0 1.0 1.0 1.0 1.0 1.0 1.0 1.0 1.0 1.0
1.0 1.0 1.0 1.0 1.0 1.0 1.0 1.0 1.0 1.0 1.0 1.0 1.0 1.0 1.0 1.0
1.0 1.0 1.0 1.0 1.0 1.0 1.0 1.0 1.0 1.0 1.0 1.0 1.0 1.0 1.0 1.0
1.0 1.0 1.0 1.0 1.0 1.0 1.0 1.0 1.0 1.0 1.0 1.0 1.0 1.0 1.0 1.0
1.0 1.0 1.0 1.0 1.0 1.0 1.0 1.0 1.0 1.0 1.0 1.0 1.0 1.0 1.0 1.0
1.0 1.0 1.0 1.0 1.0 1.0 1.0 1.0 1.0 1.0 1.0 1.0 1.0 1.0 1.0 1.0
1.0 1.0 1.0 1.0 1.0 1.0 1.0 1.0 1.0 1.0 1.0 1.0 1.0 1.0 1.0 1.0
1.0 1.0 1.0 1.0 1.0 1.0 1.0 1.0 1.0 1.0 1.0 1.0 1.0 1.0 1.0 1.0
1.0 1.0 1.0 1.0 1.0 1.0 1.0 1.0 1.0 1.0 1.0 1.0 1.0 1.0 1.0 1.0
1.0 1.0 1.0 1.0 1.0 1.0 1.0 1.0 1.0 1.0 1.0 1.0 1.0 1.0 1.0 1.0
1.0 1.0 1.0 1.0 1.0 1.0 1.0 1.0 1.0 1.0 1.0 1.0 1.0 1.0 1.0 1.0
1.0 1.0 1.0 1.0 1.0 1.0 1.0 1.0 1.0 1.0 1.0 1.0 1.0 1.0 1.0 1.0
1.0 1.0 1.0 1.0 1.0 1.0 1.0 1.0 1.0 1.0 1.0 1.0 1.0 1.0 1.0 1.0
1.0 1.0 1.0 1.0 1.0 1.0 1.0 1.0 1.0 1.0 1.0 1.0 1.0 1.0 1.0 1.0
1.0 1.0 1.0 1.0 1.0 1.0 1.0 1.0 1.0 1.0 1.0 1.0 1.0 1.0 1.0 1.0
1.0 1.0 1.0 1.0 1.0 1.0 1.0 1.0 1.0 1.0 1.0 1.0 1.0 1.0 1.0 1.0
1.0 1.0 1.0 1.0 1.0 1.0 1.0 1.0 1.0 1.0 1.0 1.0 1.0 1.0 1.0 1.0
1.0 1.0 1.0 1.0 1.0 1.0 1.0 1.0 1.0 1.0 1.0 1.0 1.0 1.0 1.0 1.0
1.0 1.0 1.0 1.0 1.0 1.0 1.0 1.0 1.0 1.0 1.0 1.0 1.0 1.0 1.0 1.0
1.0 1.0 1.0 1.0 1.0 1.0 1.0 1.0 1.0 1.0 1.0 1.0 1.0 1.0 1.0 1.0
1.0 1.0 1.0 1.0 1.0 1.0 1.0 1.0 1.0 1.0 1.0 1.0 1.0 1.0 1.0 1.0
1.0 1.0 1.0 1.0 1.0 1.0 1.0 1.0 1.0 1.0 1.0 1.0 1.0 1.0 1.0 1.0
1.0 1.0 1.0 1.0 1.0 1.0 1.0 1.0 1.0 1.0 1.0 1.0 1.0 1.0 1.0 1.0
1.0 1.0 1.0 1.0 1.0 1.0 1.0 1.0 1.0 1.0 1.0 1.0 1.0 1.0 1.0 1.0
1.0 1.0 1.0 1.0 1.0 1.0 1.0 1.0 1.0 1.0 1.0 1.0 1.0 1.0 1.0 1.0
1.0 1.0 1.0 1.0 1.0 1.0 1.0 1.0 1.0 1.0 1.0 1.0 1.0 1.0 1.0 1.0
1.0 1.0 1.0 1.0 1.0 1.0 1.0 1.0 1.0 1.0 1.0 1.0 1.0 1.0 1.0 1.0
1.0 1.0 1.0 1.0 1.0 1.0 1.0 1.0 1.0 1.0 1.0 1.0 1.0 1.0 1.0 1.0
1.0 1.0 1.0 1.0 1.0 1.0 1.0 1.0 1.0 1.0 1.0 1.0 1.0 1.0 1.0 1.0
1.0 1.0 1.0 1.0 1.0 1.0 1.0 1.0 1.0 1.0 1.0 1.0 1.0 1.0 1.0 1.0
1.0 1.0 1.0 1.0 1.0 1.0 1.0 1.0 1.0 1.0 1.0 1.0 1.0 1.0 1.0 1.0
1.0 1.0 1.0 1.0 1.0 1.0 1.0 1.0 1.0 1.0 1.0 1.0 1.0 1.0 1.0 1.0
1.0 1.0 1.0 1.0 1.0 1.0 1.0 1.0 1.0 1.0 1.0 1.0 1.0 1.0 1.0 1.0
1.0 1.0 1.0 1.0 1.0 1.0 1.0 1.0 1.0 1.0 1.0 1.0 1.0 1.0 1.0 1.0
1.0 1.0 1.0 1.0 1.0 1.0 1.0 1.0 1.0 1.0 1.0 1.0 1.0 1.0 1.0 1.0
1.0 1.0 1.0 1.0 1.0 1.0 1.0 1.0 1.0 1.0 1.0 1.0 1.0 1.0 1.0 1.0
1.0 1.0 1.0 1.0 1.0 1.0 1.0 1.0 1.0 1.0 1.0 1.0 1.0 1.0 1.0 1.0
1.0 1.0 1.0 1.0 1.0 1.0 1.0 1.0 1.0 1.0 1.0 1.0 1.0 1.0 1.0 1.0
1.0 1.0 1.0 1.0 1.0 1.0 1.0 1.0 1.0 1.0 1.0 1.0 1.0 1.0 1.0 1.0
1.0 1.0 1.0 1.0 1.0 1.0 1.0 1.0 1.0 1.0 1.0 1.0 1.0 1.0 1.0 1.0
1.0 1.0 1.0 1.0 1.0 1.0 1.0 1.0 1.0 1.0 1.0 1.0 1.0 1.0 1.0 1.0
1.0 1.0 1.0 1.0 1.0 1.0 1.0 1.0 1.0 1.0 1.0 1.0 1.0 1.0 1.0 1.0
1.0 1.0 1.0 1.0 1.0 1.0 1.0 1.0 1.0 1.0 1.0 1.0 1.0 1.0 1.0 1.0
1.0 1.0 1.0 1.0 1.0 1.0 1.0 1.0 1.0 1.0 1.0 1.0 1.0 1.0 1.0 1.0
1.0 1.0 1.0 1.0 1.0 1.0 1.0 1.0 1.0 1.0 1.0 1.0 1.0 1.0 1.0 1.0
1.0 1.0 1.0 1.0 1.0 1.0 1.0 1.0 1.0 1.0 1.0 1.0 1.0 1.0 1.0 1.0
1.0 1.0 1.0 1.0 1.0 1.0 1.0 1.0 1.0 1.0 1.0 1.0 1.0 1.0 1.0 1.0
1.0 1.0 1.0 1.0 1.0 1.0 1.0 1.0 1.0 1.0 1.0 1.0 1.0 1.0 1.0 1.0
1.0 1.0 1.0 1.0 1.0 1.0 1.0 1.0 1.0 1.0 1.0 1.0 1.0 1.0 1.0 1.0
1.0 1.0 1.0 1.0 1.0 1.0 1.0 1.0 1.0 1.0 1.0 1.0 1.0 1.0 1.0 1.0
1.0 1.0 1.0 1.0 1.0 1.0 1.0 1.0 1.0 1.0 1.0 1.0 1.0 1.0 1.0 1.0
1.0 1.0 1.0 1.0 1.0 1.0 1.0 1.0 1.0 1.0 1.0 1.0 1.0 1.0 1.0 1.0
1.0 1.0 1.0 1.0 1.0 1.0 1.0 1.0 1.0 1.0 1.0 1.0 1.0 1.0 1.0 1.0
1.0 1.0 1.0 1.0 1.0 1.0 1.0 1.0 1.0 1.0 1.0 1.0 1.0 1.0 1.0 1.0
1.0 1.0 1.0 1.0 1.0 1.0 1.0 1.0 1.0 1.0 1.0 1.0 1.0 1.0 1.0 1.0
1.0 1.0 1.0 1.0 1.0 1.0 1.0 1.0 1.0 1.0 1.0 1.0 1.0 1.0 1.0 1.0
1.0 1.0 1.0 1.0 1.0 1.0 1.0 1.0 1.0 1.0 1.0 1.0 1.0 1.0 1.0 1.0
1.0 1.0 1.0 1.0 1.0 1.0 1.0 1.0 1.0 1.0 1.0 1.0 1.0 1.0 1.0 1.0
1.0 1.0 1.0 1.0 1.0 1.0 1.0 1.0 1.0 1.0 1.0 1.0 1.0 1.0 1.0 1.0
1.0 1.0 1.0 1.0 1.0 1.0 1.0 1.0 1.0 1.0 1.0 1.0 1.0 1.0 1.0 1.0
1.0 1.0 1.0 1.0 1.0 1.0 1.0 1.0 1.0 1.0 1.0 1.0 1.0 1.0 1.0 1.0
1.0 1.0 1.0 1.0 1.0 1.0 1.0 1.0 1.0 1.0 1.0 1.0 1.0 1.0 1.0 1.0
1.0 1.0 1.0 1.0 1.0 1.0 1.0 1.0 1.0 1.0 1.0 1.0 1.0 1.0 1.0 1.0
1.0 1.0 1.0 1.0 1.0 1.0 1.0 1.0 1.0 1.0 1.0 1.0 1.0 1.0 1.0 1.0
1.0 1.0 1.0 1.0 1.0 1.0 1.0 1.0 1.0 1.0 1.0 1.0 1.0 1.0 1.0 1.0
1.0 1.0 1.0 1.0 1.0 1.0 1.0 1.0 1.0 1.0 1.0 1.0 1.0 1.0 1.0 1.0
1.0 1.0 1.0 1.0 1.0 1.0 1.0 1.0 1.0 1.0 1.0 1.0 1.0 1.0 1.0 1.0
1.0 1.0 1.0 1.0 1.0 1.0 1.0 1.0 1.0 1.0 1.0 1.0 1.0 1.0 1.0 1.0
1.0 1.0 1.0 1.0 1.0 1.0 1.0 1.0 1.0 1.0 1.0 1.0 1.0 1.0 1.0 1.0
1.0 1.0 1.0 1.0 1.0 1.0 1.0 1.0 1.0 1.0 1.0 1.0 1.0 1.0 1.0 1.0
1.0 1.0 1.0 1.0 1.0 1.0 1.0 1.0 1.0 1.0 1.0 1.0 1.0 1.0 1.0 1.0
1.0 1.0 1.0 1.0 1.0 1.0 1.0 1.0 1.0 1.0 1.0 1.0 1.0 1.0 1.0 1.0
1.0 1.0 1.0 1.0 1.0 1.0 1.0 1.0 1.0 1.0 1.0 1.0 1.0 1.0 1.0 1.0
1.0 1.0 1.0 1.0 1.0 1.0 1.0 1.0 1.0 1.0 1.0 1.0 1.0 1.0 1.0 1.0
1.0 1.0 1.0 1.0 1.0 1.0 1.0 1.0 1.0 1.0 1.0 1.0 1.0 1.0 1.0 1.0
1.0 1.0 1.0 1.0 1.0 1.0 1.0 1.0 1.0 1.0 1.0 1.0 1.0 1.0 1.0 1.0
1.0 1.0 1.0 1.0 1.0 1.0 1.0 1.0 1.0 1.0 1.0 1.0 1.0 1.0 1.0 1.0
1.0 1.0 1.0 1.0 1.0 1.0 1.0 1.0 1.0 1.0 1.0 1.0 1.0 1.0 1.0 1.0
1.0 1.0 1.0 1.0 1.0 1.0 1.0 1.0 1.0 1.0 1.0 1.0 1.0 1.0 1.0 1.0
1.0 1.0 1.0 1.0 1.0 1.0 1.0 1.0 1.0 1.0 1.0 1.0 1.0 1.0 1.0 1.0
1.0 1.0 1.0 1.0 1.0 1.0 1.0 1.0 1.0 1.0 1.0 1.0 1.0 1.0 1.0 1.0
1.0 1.0 1.0 1.0 1.0 1.0 1.0 1.0 1.0 1.0 1.0 1.0 1.0 1.0 1.0 1.0
1.0 1.0 1.0 1.0 1.0 1.0 1.0 1.0 1.0 1.0 1.0 1.0 1.0 1.0 1.0 1.0
1.0 1.0 1.0 1.0 1.0 1.0 1.0 1.0 1.0 1.0 1.0 1.0 1.0 1.0 1.0 1.0
1.0 1.0 1.0 1.0 1.0 1.0 1.0 1.0 1.0 1.0 1.0 1.0 1.0 1.0 1.0 1.0
1.0 1.0 1.0 1.0 1.0 1.0 1.0 1.0 1.0 1.0 1.0 1.0 1.0 1.0 1.0 1.0
1.0 1.0 1.0 1.0 1.0 1.0 1.0 1.0 1.0 1.0 1.0 1.0 1.0 1.0 1.0 1.0
1.0 1.0 1.0 1.0 1.0 1.0 1.0 1.0 1.0 1.0 1.0 1.0 1.0 1.0 1.0 1.0
1.0 1.0 1.0 1.0 1.0 1.0 1.0 1.0 1.0 1.0 1.0 1.0 1.0 1.0 1.0 1.0
1.0 1.0 1.0 1.0 1.0 1.0 1.0 1.0 1.0 1.0 1.0 1.0 1.0 1.0 1.0 1.0
1.0 1.0 1.0 1.0 1.0 1.0 1.0 1.0 1.0 1.0 1.0 1.0 1.0 1.0 1.0 1.0
1.0 1.0 1.0 1.0 1.0 1.0 1.0 1.0 1.0 1.0 1.0 1.0 1.0 1.0 1.0 1.0
1.0 1.0 1.0 1.0 1.0 1.0 1.0 1.0 1.0 1.0 1.0 1.0 1.0 1.0 1.0 1.0
1.0 1.0 1.0 1.0 1.0 1.0 1.0 1.0 1.0 1.0 1.0 1.0 1.0 1.0 1.0 1.0
1.0 1.0 1.0 1.0 1.0 1.0 1.0 1.0 1.0 1.0 1.0 1.0 1.0 1.0 1.0 1.0
1.0 1.0 1.0 1.0 1.0 1.0 1.0 1.0 1.0 1.0 1.0 1.0 1.0 1.0 1.0 1.0
1.0 1.0 1.0 1.0 1.0 1.0 1.0 1.0 1.0 1.0 1.0 1.0 1.0 1.0 1.0 1.0
1.0 1.0 1.0 1.0 1.0 1.0 1.0 1.0 1.0 1.0 1.0 1.0 1.0 1.0 1.0 1.0
1.0 1.0 1.0 1.0 1.0 1.0 1.0 1.0 1.0 1.0 1.0 1.0 1.0 1.0 1.0 1.0
1.0 1.0 1.0 1.0 1.0 1.0 1.0 1.0 1.0 1.0 1.0 1.0 1.0 1.0 1.0 1.0
1.0 1.0 1.0 1.0 1.0 1.0 1.0 1.0 1.0 1.0 1.0 1.0 1.0 1.0 1.0 1.0
1.0 1.0 1.0 1.0 1.0 1.0 1.0 1.0 1.0 1.0 1.0 1.0 1.0 1.0 1.0 1.0
1.0 1.0 1.0 1.0 1.0 1.0 1.0 1.0 1.0 1.0 1.0 1.0 1.0 1.0 1.0 1.0
1.0 1.0 1.0 1.0 1.0 1.0 1.0 1.0 1.0 1.0 1.0 1.0 1.0 1.0 1.0 1.0
1.0 1.0 1.0 1.0 1.0 1.0 1.0 1.0 1.0 1.0 1.0 1.0 1.0 1.0 1.0 1.0
1.0 1.0 1.0 1.0 1.0 1.0 1.0 1.0 1.0 1.0 1.0 1.0 1.0 1.0 1.0 1.0
1.0 1.0 1.0 1.0 1.0 1.0 1.0 1.0 1.0 1.0 1.0 1.0 1.0 1.0 1.0 1.0
1.0 1.0 1.0 1.0 1.0 1.0 1.0 1.0 1.0 1.0 1.0 1.0 1.0 1.0 1.0 1.0
1.0 1.0 1.0 1.0 1.0 1.0 1.0 1.0 1.0 1.0 1.0 1.0 1.0 1.0 1.0 1.0
1.0 1.0 1.0 1.0 1.0 1.0 1.0 1.0 1.0 1.0 1.0 1.0 1.0 1.0 1.0 1.0
1.0 1.0 1.0 1.0 1.0 1.0 1.0 1.0 1.0 1.0 1.0 1.0 1.0 1.0 1.0 1.0
1.0 1.0 1.0 1.0 1.0 1.0 1.0 1.0 1.0 1.0 1.0 1.0 1.0 1.0 1.0 1.0
1.0 1.0 1.0 1.0 1.0 1.0 1.0 1.0 1.0 1.0 1.0 1.0 1.0 1.0 1.0 1.0
1.0 1.0 1.0 1.0 1.0 1.0 1.0 1.0 1.0 1.0 1.0 1.0 1.0 1.0 1.0 1.0
1.0 1.0 1.0 1.0 1.0 1.0 1.0 1.0 1.0 1.0 1.0 1.0 1.0 1.0 1.0 1.0
1.0 1.0 1.0 1.0 1.0 1.0 1.0 1.0 1.0 1.0 1.0 1.0 1.0 1.0 1.0 1.0
1.0 1.0 1.0 1.0 1.0 1.0 1.0 1.0 1.0 1.0 1.0 1.0 1.0 1.0 1.0 1.0
1.0 1.0 1.0 1.0 1.0 1.0 1.0 1.0 1.0 1.0 1.0 1.0 1.0 1.0 1.0 1.0
1.0 1.0 1.0 1.0 1.0 1.0 1.0 1.0 1.0 1.0 1.0 1.0 1.0 1.0 1.0 1.0
1.0 1.0 1.0 1.0 1.0 1.0 1.0 1.0 1.0 1.0 1.0 1.0 1.0 1.0 1.0 1.0
1.0 1.0 1.0 1.0 1.0 1.0 1.0 1.0 1.0 1.0 1.0 1.0 1.0 1.0 1.0 1.0
1.0 1.0 1.0 1.0 1.0 1.0 1.0 1.0 1.0 1.0 1.0 1.0 1.0 1.0 1.0 1.0
1.0 1.0 1.0 1.0 1.0 1.0 1.0 1.0 1.0 1.0 1.0 1.0 1.0 1.0 1.0 1.0
1.0 1.0 1.0 1.0 1.0 1.0 1.0 1.0 1.0 1.0 1.0 1.0 1.0 1.0 1.0 1.0
1.0 1.0 1.0 1.0 1.0 1.0 1.0 1.0 1.0 1.0 1.0 1.0 1.0 1.0 1.0 1.0
1.0 1.0 1.0 1.0 1.0 1.0 1.0 1.0 1.0 1.0 1.0 1.0 1.0 1.0 1.0 1.0
1.0 1.0 1.0 1.0 1.0 1.0 1.0 1.0 1.0 1.0 1.0 1.0 1.0 1.0 1.0 1.0
1.0 1.0 1.0 1.0 1.0 1.0 1.0 1.0 1.0 1.0 1.0 1.0 1.0 1.0 1.0 1.0
1.0 1.0 1.0 1.0 1.0 1.0 1.0 1.0 1.0 1.0 1.0 1.0 1.0 1.0 1.0 1.0
1.0 1.0 1.0 1.0 1.0 1.0 1.0 1.0 1.0 1.0 1.0 1.0 1.0 1.0 1.0 1.0
1.0 1.0 1.0 1.0 1.0 1.0 1.0 1.0 1.0 1.0 1.0 1.0 1.0 1.0 1.0 1.0
1.0 1.0000001 1.0 1.0 1.0 1.0 1.0 1.0 1.0 1.0 1.0 1.0 1.0 1.0 1.0 1.0
1.0 1.0 1.0 1.0 1.0 1.0 1.0 1.0 1.0 1.0 1.0 1.0 1.0 1.0 1.0 1.0
1.0 1.0 1.0 1.0 1.0 1.0 1.0 1.0 1.0 1.0 1.0 1.0 1.0 1.0 1.0 1.0
1.0 1.0 1.0 1.0 1.0 1.0 1.0 1.0 1.0 1.0 1.0 1.0 1.0 1.0 1.0 1.0
1.0 1.0 1.0 1.0 1.0 1.0 1.0 1.0 1.0 1.0 1.0 1.0 1.0 1.0 1.0 1.0
1.0 1.0 1.0 1.0 1.0 1.0 1.0 1.0 1.0 1.0 1.0 1.0 1.0 1.0 1.0 1.0
1.0 1.0 1.0 1.0 1.0 1.0 1.0 1.0 1.0 1.0 1.0 1.0 1.0 1.0 1.0 1.0
1.0 1.0 1.0 1.0 1.0 1.0 1.0 1.0 1.0 1.0000001 1.0 1.0 1.0 1.0 1.0 1.0
1.0 1.0 1.0 1.0 1.0 1.0 1.0 1.0 1.0 1.0 1.0 1.0 1.0 1.0 1.0 1.0
1.0 1.0 1.0 1.0 1.0 1.0 1.0 1.0 1.0 1.0 1.0 1.0 1.0 1.0 1.0 1.0
1.0 1.0 1.0 1.0 1.0 1.0 1.0 1.0 1.0 1.0 1.0 1.0 1.0 1.0 1.0 1.0
1.0 1.0 1.0 1.0 1.0 1.0 1.0 1.0 1.0 1.0 1.0 1.0 1.0 1.0 1.0 1.0
1.0 1.0 1.0 1.0 1.0 1.0 1.0 1.0 1.0 1.0 1.0 1.0 1.0 1.0 1.0 1.0
1.0 1.0 1.0 1.0 1.0 1.0 1.0 1.0 1.0 1.0 1.0 1.0 1.0 1.0 1.0 1.0
1.0 1.0 1.0 1.0 1.0 1.0 1.0 1.0 1.0 1.0 1.0 1.0 1.0 1.0 1.0 1.0
1.0 1.0 1.0 1.0 1.0 1.0 1.0 1.0 1.0 1.0 1.0 1.0 1.0 1.0 1.0 1.0
1.0000001 1.0 1.0 1.0 1.0 1.0 1.0 1.0 1.0 1.0 1.0 1.0 1.0 1.0 1.0 1.0
1.0 1.0 1.0 1.0 1.0 1.0 1.0 1.0 1.0 1.0 1.0 1.0 1.0 1.0 1.0 1.0
1.0 1.0 1.0 1.0 1.0 1.0 1.0 1.0 1.0 1.0 1.0 1.0 1.0 1.0 1.0 1.0
1.0 1.0 1.0 1.0 1.0 1.0 1.0 1.0 1.0 1.0 1.0 1.0 1.0 1.0 1.0 1.0
1.0 1.0 1.0 1.0 1.0 1.0 1.0 1.0 1.0 1.0 1.0 1.0 1.0 1.0 1.0 1.0
1.0 1.0 1.0 1.0 1.0 1.0 1.0 1.0 1.0 1.0 1.0 1.0 1.0 1.0 1.0 1.0
1.0 1.0 1.0 1.0 1.0 1.0 1.0 1.0 1.0 1.0 1.0 1.0 1.0 1.0 1.0 1.0
1.0 1.0 1.0 1.0 1.0 1.0 1.0 1.0 1.0 1.0 1.0 1.0 1.0 1.0 1.0 1.0
1.0 1.0 1.0 1.0 1.0 1.0 1.0 1.0 1.0 1.0 1.0 1.0 1.0 1.0 1.0 1.0
1.0 1.0 1.0 1.0 1.0 1.0 1.0 1.0 1.0 1.0 1.0 1.0 1.0 1.0 1.0 1.0
1.0 1.0 1.0 1.0 1.0 1.0 1.0 1.0 1.0 1.0 1.0 1.0 1.0 1.0 1.0 1.0
1.0 1.0 1.0 1.0 1.0 1.0 1.0 1.0 1.0 1.0 1.0 1.0 1.0 1.0 1.0 1.0
1.0 1.0 1.0 1.0 1.0 1.0 1.0 1.0 1.0 1.0 1.0 1.0 1.0 1.0 1.0 1.0
1.0 1.0 1.0 1.0 1.0 1.0 1.0 1.0 1.0 1.0 1.0 1.0 1.0 1.0 1.0 1.0
1.0 1.0 1.0 1.0 1.0 1.0 1.0 1.0 1.0 1.0 1.0 1.0 1.0 1.0 1.0 1.0
1.0 1.0 1.0 1.0 1.0 1.0 1.0 1.0 1.0 1.0 1.0 1.0 1.0 1.0 1.0 1.0
1.0 1.0 1.0 1.0 1.0 1.0 1.0 1.0 1.0 1.0 1.0 1.0 1.0 1.0 1.0 1.0
1.0 1.0 1.0 1.0 1.0 1.0 1.0 1.0 1.0 1.0 1.0 1.0 1.0 1.0 1.0 1.0
1.0 1.0 1.0 1.0 1.0 1.0 1.0 1.0 1.0 1.0 1.0 1.0 1.0 1.0 1.0 1.0
1.0 1.0 1.0 1.0 1.0 1.0 1.0 1.0 1.0 1.0 1.0 1.0 1.0 1.0 1.0 1.0
1.0 1.0 1.0 1.0 1.0 1.0 1.0 1.0 1.0 1.0 1.0 1.0 1.0 1.0 1.0 1.0
1.0 1.0 1.0 1.0 1.0 1.0 1.0 1.0 1.0 1.0 1.0 1.0 1.0 1.0 1.0 1.0
1.0 1.0 1.0 1.0 1.0 1.0 1.0 1.0 1.0 1.0 1.0 1.0 1.0 1.0 1.0 1.0
1.0 1.0 1.0 1.0 1.0 1.0 1.0 1.0 1.0 1.0 1.0 1.0 1.0 1.0 1.0 1.0
1.0 1.0 1.0 1.0 1.0 1.0 1.0 1.0 1.0 1.0 1.0 1.0 1.0 1.0 1.0 1.0
1.0 1.0 1.0 1.0 1.0 1.0 1.0 1.0 1.0 1.0 1.0 1.0 1.0 1.0 1.0 1.0
1.0 1.0 1.0 1.0 1.0 1.0 1.0 1.0 1.0 1.0 1.0 1.0 1.0 1.0 1.0 1.0
1.0 1.0 1.0 1.0 1.0 1.0 1.0 1.0 1.0 1.0 1.0 1.0 1.0 1.0 1.0 1.0
1.0 1.0 1.0 1.0 1.0 1.0 1.0 1.0 1.0 1.0 1.0 1.0 1.0 1.0 1.0 1.0
1.0 1.0 1.0 1.0 1.0 1.0 1.0 1.0 1.0 1.0 1.0 1.0 1.0 1.0 1.0 1.0
1.0 1.0 1.0 1.0 1.0 1.0 1.0 1.0 1.0 1.0 1.0 1.0 1.0 1.0 1.0 1.0
1.0 1.0 1.0 1.0 1.0 1.0 1.0 1.0 1.0 1.0 1.0 1.0 1.0 1.0 1.0 1.0
1.0 1.0 1.0 1.0 1.0 1.0 1.0 1.0 1.0 1.0 1.0 1.0 1.0 1.0 1.0 1.0
1.0 1.0 1.0 1.0 1.0 1.0 1.0 1.0 1.0 1.0 1.0 1.0 1.0 1.0 1.0 1.0
1.0 1.0 1.0 1.0 1.0 1.0 1.0 1.0 1.0 1.0 1.0 1.0 1.0 1.0 1.0 1.0
1.0 1.0 1.0 1.0 1.0 1.0 1.0 1.0 1.0 1.0 1.0 1.0 1.0 1.0 1.0 1.0
1.0 1.0 1.0 1.0 1.0 1.0 1.0 1.0 1.0 1.0 1.0 1.0 1.0 1.0 1.0 1.0
1.0 1.0 1.0 1.0 1.0 1.0 1.0 1.0 1.0 1.0 1.0 1.0 1.0 1.0 1.0 1.0
1.0 1.0 1.0 1.0 1.0 1.0 1.0 1.0 1.0 1.0 1.0 1.0 1.0 1.0 1.0 1.0
1.0 1.0 1.0 1.0 1.0 1.0 1.0 1.0 1.0 1.0 1.0 1.0 1.0 1.0 1.0 1.0
1.0 1.0 1.0 1.0 1.0 1.0 1.0 1.0 1.0 1.0 1.0 1.0 1.0 1.0 1.0 1.0
1.0 1.0 1.0 1.0 1.0 1.0 1.0 1.0 1.0 1.0 1.0 1.0 1.0 1.0 1.0 1.0
1.0 1.0 1.0 1.0 1.0 1.0 1.0 1.0 1.0 1.0 1.0 1.0 1.0 1.0 1.0 1.0
1.0 1.0 1.0 1.0 1.0 1.0 1.0 1.0 1.0 1.0 1.0 1.0 1.0 1.0 1.0 1.0
1.0 1.0 1.0 1.0 1.0 1.0 1.0 1.0 1.0 1.0 1.0 1.0 1.0 1.0 1.0 1.0
1.0 1.0 1.0 1.0 1.0 1.0 1.0 1.0 1.0 1.0 1.0 1.0 1.0 1.0 1.0 1.0
1.0 1.0000001 1.0 1.0 1.0 1.0 1.0 1.0 1.0 1.0 1.0 1.0 1.0 1.0 1.0 1.0
1.0 1.0 1.0 1.0 1.0 1.0 1.0 1.0 1.0 1.0 1.0 1.0 1.0 1.0 1.0 1.0
1.0000001 1.0 1.0 1.0 1.0 1.0 1.0 1.0 1.0 1.0 1.0 1.0 1.0 1.0 1.0 1.0
1.0 1.0 1.0 1.0 1.0 1.0 1.0 1.0 1.0 1.0 1.0 1.0 1.0 1.0 1.0 1.0
1.0 1.0 1.0 1.0 1.0 1.0 1.0 1.0 1.0 1.0 1.0 1.0 1.0 1.0 1.0 1.0
1.0 1.0 1.0 1.0 1.0 1.0 1.0 1.0 1.0 1.0 1.0 1.0 1.0 1.0 1.0 1.0
1.0 1.0 1.0 1.0 1.0 1.0 1.0 1.0 1.0 1.0 1.0 1.0 1.0 1.0 1.0 1.0
1.0 1.0 1.0 1.0 1.0 1.0 1.0 1.0 1.0 1.0 1.0 1.0 1.0 1.0 1.0 1.0
1.0 1.0 1.0 1.0 1.0 1.0 1.0 1.0 1.0 1.0 1.0 1.0 1.0 1.0 1.0 1.0
1.0 1.0 1.0 1.0 1.0 1.0 1.0 1.0 1.0 1.0 1.0 1.0 1.0 1.0 1.0 1.0
1.0000001 1.0 1.0 1.0 1.0 1.0 1.0 1.0 1.0 1.0 1.0 1.0 1.0 1.0 1.0 1.0
1.0 1.0 1.0 1.0 1.0 1.0 1.0 1.0 1.0 1.0 1.0 1.0 1.0 1.0 1.0 1.0
1.0 1.0 1.0 1.0 1.0 1.0 1.0 1.0 1.0 1.0 1.0 1.0 1.0 1.0 1.0 1.0
1.0 1.0 1.0 1.0 1.0 1.0 1.0 1.0 1.0 1.0 1.0 1.0 1.0 1.0 1.0 1.0
1.0 1.0 1.0 1.0 1.0 1.0 1.0 1.0 1.0 1.0 1.0 1.0 1.0 1.0 1.0 1.0
1.0 1.0 1.0 1.0 1.0 1.0 1.0 1.0 1.0 1.0 1.0 1.0 1.0 1.0 1.0 1.0
1.0 1.0 1.0 1.0 1.0 1.0 1.0 1.0 1.0 1.0 1.0 1.0 1.0 1.0 1.0 1.0
1.0 1.0 1.0 1.0 1.0 1.0 1.0 1.0 1.0 1.0 1.0 1.0 1.0 1.0 1.0 1.0
1.0 1.0 1.0 1.0 1.0 1.0 1.0 1.0 1.0 1.0 1.0 1.0 1.0 1.0 1.0 1.0
1.0 1.0 1.0 1.0 1.0 1.0 1.0 1.0 1.0 1.0 1.0 1.0 1.0 1.0 1.0 1.0
1.0 1.0 1.0 1.0 1.0 1.0 1.0 1.0 1.0 1.0 1.0 1.0 1.0 1.0 1.0 1.0
1.0 1.0 1.0 1.0 1.0 1.0 1.0 1.0 1.0 1.0 1.0 1.0 1.0 1.0 1.0 1.0
1.0 1.0 1.0 1.0 1.0 1.0 1.0 1.0 1.0 1.0 1.0 1.0 1.0 1.0 1.0 1.0
1.0 1.0 1.0 1.0 1.0 1.0 1.0 1.0 1.0 1.0 1.0 1.0 1.0 1.0 1.0 1.0
1.0 1.0 1.0 1.0 1.0 1.0 1.0 1.0 1.0 1.0 1.0 1.0 1.0 1.0 1.0 1.0
1.0 1.0 1.0 1.0 1.0 1.0 1.0 1.0 1.0 1.0 1.0 1.0 1.0 1.0 1.0 1.0
1.0 1.0 1.0 1.0 1.0 1.0 1.0 1.0 1.0 1.0 1.0 1.0 1.0 1.0 1.0 1.0
1.0 1.0 1.0 1.0 1.0 1.0 1.0 1.0 1.0 1.0 1.0 1.0 1.0 1.0 1.0 1.0
1.0 1.0 1.0 1.0 1.0 1.0 1.0 1.0 1.0 1.0 1.0 1.0 1.0 1.0 1.0 1.0
1.0 1.0 1.0 1.0 1.0 1.0 1.0 1.0 1.0 1.0 1.0 1.0 1.0 1.0 1.0 1.0
1.0 1.0 1.0 1.0 1.0 1.0 1.0 1.0 1.0 1.0 1.0 1.0 1.0 1.0 1.0 1.0
1.0 1.0 1.0 1.0 1.0 1.0 1.0 1.0 1.0 1.0 1.0 1.0 1.0 1.0 1.0 1.0
1.0 1.0 1.0 1.0 1.0 1.0 1.0 1.0 1.0 1.0 1.0 1.0 1.0 1.0 1.0 1.0
1.0 1.0 1.0 1.0 1.0 1.0 1.0 1.0 1.0 1.0 1.0 1.0 1.0 1.0 1.0 1.0
1.0 1.0 1.0 1.0 1.0 1.0 1.0 1.0 1.0 1.0 1.0 1.0 1.0 1.0 1.0 1.0
1.0 1.0 1.0 1.0 1.0 1.0 1.0 1.0 1.0 1.0 1.0 1.0 1.0 1.0 1.0 1.0
1.0 1.0 1.0 1.0 1.0 1.0 1.0 1.0 1.0 1.0 1.0 1.0 1.0 1.0 1.0 1.0
1.0 1.0 1.0 1.0 1.0 1.0 1.0 1.0 1.0 1.0 1.0 1.0 1.0 1.0 1.0 1.0
1.0 1.0 1.0 1.0 1.0 1.0 1.0 1.0 1.0 1.0 1.0 1.0 1.0 1.0 1.0 1.0
1.0 1.0 1.0 1.0 1.0 1.0 1.0 1.0 1.0 1.0 1.0 1.0 1.0 1.0 1.0 1.0
1.0 1.0 1.0 1.0 1.0 1.0 1.0 1.0 1.0 1.0 1.0 1.0 1.0 1.0 1.0 1.0
1.0 1.0 1.0 1.0 1.0 1.0 1.0 1.0 1.0 1.0 1.0 1.0 1.0 1.0 1.0 1.0
1.0 1.0 1.0 1.0 1.0 1.0 1.0 1.0 1.0 1.0 1.0 1.0 1.0 1.0 1.0 1.0
1.0 1.0 1.0 1.0 1.0 1.0 1.0 1.0 1.0 1.0 1.0 1.0 1.0 1.0 1.0 1.0
1.0 1.0 1.0 1.0 1.0 1.0 1.0 1.0 1.0 1.0 1.0 1.0 1.0 1.0 1.0 1.0
1.0 1.0 1.0 1.0 1.0 1.0 1.0 1.0 1.0 1.0 1.0 1.0 1.0 1.0 1.0 1.0
1.0 1.0 1.0 1.0 1.0 1.0 1.0 1.0 1.0 1.0 1.0 1.0 1.0 1.0 1.0 1.0
1.0 1.0 1.0 1.0 1.0 1.0 1.0 1.0 1.0 1.0 1.0 1.0 1.0 1.0 1.0 1.0
1.0000001 1.0 1.0 1.0 1.0 1.0 1.0 1.0 1.0 1.0000001 1.0 1.0 1.0 1.0 1.0 1.0
1.0000001 1.0 1.0 1.0 1.0 1.0 1.0 1.0 1.0000001 1.0000001 1.0 1.0 1.0 1.0 1.0 1.0
1.0000001 1.0 1.0 1.0 1.0 1.0 1.0 1.0 1.0000001 1.0000001 1.0 1.0 1.0 1.0 1.0 1.0
1.0000001 1.0 1.0 1.0 1.0 1.0 1.0 1.0 1.0000001 1.0 1.0 1.0 1.0 1.0 1.0 1.0
1.0000001 0.99999994 1.0 1.0 1.0 1.0 1.0 1.0 1.0 1.0 1.0 1.0 1.0 1.0 1.0 1.0
1.0 1.0 1.0 1.0 1.0 1.0 1.0 1.0 1.0 1.0 1.0 1.0 1.0 1.0 1.0 1.0
1.0 1.0 1.0 1.0 1.0 1.0 1.0 1.0 1.0 1.0 1.0 1.0 1.0 1.0 1.0 1.0
1.0 1.0000001 1.0 1.0 1.0 1.0 1.0 1.0 1.0000001 1.0 1.0 1.0 1.0 1.0 1.0 1.0
1.0 1.0000001 1.0 1.0 1.0 1.0 1.0 1.0 1.0000001 1.0000001 1.0 1.0 1.0 1.0 1.0 1.0
1.0000001 1.0000002 1.0 1.0 1.0 1.0 1.0 1.0 1.0000001 1.0000001 1.0 1.0 1.0 1.0 1.0 1.0
1.0000001 1.0000002 1.0 1.0 1.0 1.0 1.0 1.0 1.0000001 1.0000001 1.0 1.0 1.0 1.0 1.0 1.0
1.0000001 1.0000002 1.0 1.0 1.0 1.0 1.0 1.0 1.0000001 1.0000001 1.0 1.0 1.0 1.0 1.0 1.0
1.0 1.0000001 1.0 1.0 1.0 1.0 1.0 1.0 1.0000001 1.0 1.0 1.0 1.0 1.0 1.0 1.0
1.0 1.0000001 1.0 1.0 1.0 1.0 1.0 1.0 1.0 1.0 1.0 1.0 1.0 1.0 1.0 1.0
1.0 1.0 1.0 1.0 1.0 1.0 1.0 1.0 1.0 1.0 1.0 1.0 1.0 1.0 1.0 1.0
1.0 1.0000001 1.0 1.0 1.0 1.0 1.0 1.0 1.0000001 1.0 1.0 1.0 1.0 1.0 1.0 1.0
1.0000001 1.0000002 1.0 1.0 1.0 1.0 1.0 1.0 1.0000001 1.0000001 1.0 1.0 1.0 1.0 1.0 1.0
1.0000001 1.0000002 1.0 1.0 1.0 1.0 1.0 1.0 1.0000001 1.0000002 1.0 1.0 1.0 1.0 1.0 1.0
1.0000002 1.0000004 1.0 1.0 1.0 1.0 1.0 1.0 1.0000002 1.0000002 1.0 1.0 1.0 1.0 1.0 1.0
1.0000001 1.0000002 1.0 1.0 1.0 1.0 1.0 1.0 1.0000002 1.0000001 1.0 1.0 1.0 1.0 1.0 1.0
1.0000001 1.0000001 1.0 1.0 1.0 1.0 1.0 1.0 1.0000001 1.0000001 1.0 1.0 1.0 1.0 1.0 1.0
1.0 1.0000001 1.0 1.0 1.0 1.0 1.0 1.0 1.0000001 1.0 1.0 1.0 1.0 1.0 1.0 1.0
1.0 1.0 1.0 1.0 1.0 1.0 1.0 1.0 1.0 1.0 1.0 1.0 1.0 1.0 1.0 1.0
1.0000001 1.0000001 1.0 1.0 1.0 1.0 1.0 1.0 1.0000001 1.0 1.0 1.0 1.0 1.0 1.0 1.0
1.0000001 1.0000001 1.0 1.0 1.0 1.0 1.0 1.0 1.0000001 1.0000002 1.0 1.0 1.0 1.0 1.0 1.0
1.0000002 1.0000002 1.0 1.0 1.0 1.0 1.0 1.0 1.0000001 1.0000004 1.0 1.0 1.0 1.0 1.0 1.0
1.0000002 1.0000004 1.0 1.0 1.0 1.0 1.0 1.0 1.0000002 1.0000004 1.0 1.0 1.0 1.0 1.0 1.0
1.0000002 1.0000002 1.0 1.0 1.0 1.0 1.0 1.0 1.0000004 1.0000001 1.0 1.0 1.0 1.0 1.0 1.0
1.0000001 1.0000001 1.0 1.0 1.0 1.0 1.0 1.0 1.0000002 1.0000001 1.0 1.0 1.0 1.0 1.0 1.0
1.0 1.0 1.0 1.0 1.0 1.0 1.0 1.0 1.0000001 1.0 1.0 1.0 1.0 1.0 1.0 1.0
1.0 1.0000001 1.0 1.0 1.0 1.0 1.0 1.0 1.0 1.0 1.0 1.0 1.0 1.0 1.0 1.0
1.0000001 1.0 1.0 1.0 1.0 1.0 1.0 1.0 1.0000001 1.0 1.0 1.0 1.0 1.0 1.0 1.0
1.0000001 1.0 1.0 1.0 1.0 1.0 1.0 1.0 1.0000001 1.0000002 1.0 1.0 1.0 1.0 1.0 1.0
1.0000004 1.0000001 1.0 1.0 1.0 1.0 1.0 1.0 1.0000001 1.0000002 1.0 1.0 1.0 1.0 1.0 1.0
1.0000004 1.0000001 1.0 1.0 1.0 1.0 1.0 1.0 1.0000002 1.0000001 1.0 1.0 1.0 1.0 1.0 1.0
1.0000004 1.0000001 1.0 1.0 1.0 1.0 1.0 1.0 1.0000004 1.0000001 1.0 1.0 1.0 1.0 1.0 1.0
1.0000001 1.0 1.0 1.0 1.0 1.0 1.0 1.0 1.0000001 1.0000001 1.0 1.0 1.0 1.0 1.0 1.0
1.0000001 1.0 1.0 1.0 1.0 1.0 1.0 1.0 1.0000001 1.0 1.0 1.0 1.0 1.0 1.0 1.0
1.0 1.0 1.0 1.0 1.0 1.0 1.0 1.0 1.0 1.0 1.0 1.0 1.0 1.0 1.0 1.0
1.0 1.0 1.0 1.0 1.0 1.0 1.0 1.0 1.0 1.0 1.0 1.0 1.0 1.0 1.0 1.0
1.0000001 1.0 1.0 1.0 1.0 1.0 1.0 1.0 1.0 1.0000001 1.0 1.0 1.0 1.0 1.0 1.0
1.0000001 1.0 1.0 1.0 1.0 1.0 1.0 1.0 1.0000001 1.0000001 1.0 1.0 1.0 1.0 1.0 1.0
1.0000004 1.0 1.0 1.0 1.0 1.0 1.0 1.0 1.0000001 1.0000001 1.0 1.0 1.0 1.0 1.0 1.0
1.0000001 1.0 1.0 1.0 1.0 1.0 1.0 1.0 1.0000001 1.0 1.0 1.0 1.0 1.0 1.0 1.0
1.0000001 1.0 1.0 1.0 1.0 1.0 1.0 1.0 1.0000001 1.0 1.0 1.0 1.0 1.0 1.0 1.0
1.0 1.0 1.0 1.0 1.0 1.0 1.0 1.0 1.0 1.0 1.0 1.0 1.0 1.0 1.0 1.0
1.0 1.0 1.0 1.0 1.0 1.0 1.0 1.0 1.0 1.0 1.0 1.0 1.0 1.0 1.0 1.0
1.0 1.0 1.0 1.0 1.0 1.0 1.0 1.0 1.0 1.0 1.0 1.0 1.0 1.0 1.0 1.0
1.0 1.0 1.0 1.0 1.0 1.0 1.0 1.0 1.0 1.0 1.0 1.0 1.0 1.0 1.0 1.0
1.0000001 1.0 1.0 1.0 1.0 1.0 1.0 1.0 1.0 1.0 1.0 1.0 1.0 1.0 1.0 1.0
1.0000001 1.0 1.0 1.0 1.0 1.0 1.0 1.0 1.0 1.0 1.0 1.0 1.0 1.0 1.0 1.0
1.0000001 1.0 1.0 1.0 1.0 1.0 1.0 1.0 1.0 1.0 1.0 1.0 1.0 1.0 1.0 1.0
1.0 1.0 1.0 1.0 1.0 1.0 1.0 1.0 1.0 1.0 1.0 1.0 1.0 1.0 1.0 1.0
1.0 1.0 1.0 1.0 1.0 1.0 1.0 1.0 1.0 1.0 1.0 1.0 1.0 1.0 1.0 1.0
1.0 1.0 1.0 1.0 1.0 1.0 1.0 1.0 1.0 1.0 1.0 1.0 1.0 1.0 1.0 1.0
1.0 1.0 1.0 1.0 1.0 1.0 1.0 1.0 1.0 1.0 1.0 1.0 1.0 1.0 1.0 1.0
1.0 1.0 1.0 1.0 1.0 1.0 1.0 1.0 1.0 1.0 1.0 1.0 1.0 1.0 1.0 1.0
1.0 1.0 1.0 1.0 1.0 1.0 1.0 1.0 1.0 1.0 1.0 1.0 1.0 1.0 1.0 1.0
1.0 1.0000001 1.0 1.0 1.0 1.0 1.0 1.0 1.0 1.0 1.0 1.0 1.0 1.0 1.0 1.0
1.0 1.0 1.0 1.0 1.0 1.0 1.0 1.0 1.0 1.0 1.0 1.0 1.0 1.0 1.0 1.0
1.0 1.0 1.0 1.0 1.0 1.0 1.0 1.0 1.0 1.0 1.0 1.0 1.0 1.0 1.0 1.0
1.0 1.0 1.0 1.0 1.0 1.0 1.0 1.0 1.0 1.0 1.0 1.0 1.0 1.0 1.0 1.0
1.0 1.0 1.0 1.0 1.0 1.0 1.0 1.0 1.0 1.0 1.0 1.0 1.0 1.0 1.0 1.0
1.0 1.0000001 1.0 1.0 1.0 1.0 1.0 1.0 1.0 1.0000001 1.0 1.0 1.0 1.0 1.0 1.0
1.0 1.0000001 1.0 1.0 1.0 1.0 1.0 1.0 1.0 1.0000001 1.0 1.0 1.0 1.0 1.0 1.0
1.0000001 1.0000001 1.0 1.0 1.0 1.0 1.0 1.0 1.0 1.0000002 1.0 1.0 1.0 1.0 1.0 1.0
1.0000001 1.0000001 1.0 1.0 1.0 1.0 1.0 1.0 1.0 1.0000002 1.0 1.0 1.0 1.0 1.0 1.0
1.0000001 1.0 1.0 1.0 1.0 1.0 1.0 1.0 1.0 1.0000001 1.0 1.0 1.0 1.0 1.0 1.0
1.0 1.0 1.0 1.0 1.0 1.0 1.0 1.0 1.0 1.0 1.0 1.0 1.0 1.0 1.0 1.0
1.0 1.0 1.0 1.0 1.0 1.0 1.0 1.0 1.0 1.0 1.0 1.0 1.0 1.0 1.0 1.0
1.0 1.0 1.0 1.0 1.0 1.0 1.0 1.0 1.0 1.0 1.0 1.0 1.0 1.0 1.0 1.0
1.0 1.0000001 1.0 1.0 1.0 1.0 1.0 1.0 1.0000001 1.0000001 1.0 1.0 1.0 1.0 1.0 1.0
1.0000001 1.0000002 1.0 1.0 1.0 1.0 1.0 1.0 1.0000001 1.0000001 1.0 1.0 1.0 1.0 1.0 1.0
1.0000001 1.0000002 1.0 1.0 1.0 1.0 1.0 1.0 1.0000001 1.0000002 1.0 1.0 1.0 1.0 1.0 1.0
1.0000002 1.0000001 1.0 1.0 1.0 1.0 1.0 1.0 1.0000001 1.0000002 1.0 1.0 1.0 1.0 1.0 1.0
1.0000002 1.0000001 1.0 1.0 1.0 1.0 1.0 1.0 1.0000001 1.0000001 1.0 1.0 1.0 1.0 1.0 1.0
1.0000001 1.0 1.0 1.0 1.0 1.0 1.0 1.0 1.0 1.0000001 1.0 1.0 1.0 1.0 1.0 1.0
1.0000001 1.0 1.0 1.0 1.0 1.0 1.0 1.0 1.0 1.0 1.0 1.0 1.0 1.0 1.0 1.0
1.0000001 1.0 1.0 1.0 1.0 1.0 1.0 1.0 1.0 1.0 1.0 1.0 1.0 1.0 1.0 1.0
1.0 1.0000002 1.0 1.0 1.0 1.0 1.0 1.0 1.0000001 1.0000001 1.0 1.0 1.0 1.0 1.0 1.0
1.0000001 1.0000002 1.0 1.0 1.0 1.0 1.0 1.0 1.0000001 1.0000002 1.0 1.0 1.0 1.0 1.0 1.0
1.0000002 1.0000004 1.0 1.0 1.0 1.0 1.0 1.0 1.0000001 1.0000004 1.0 1.0 1.0 1.0 1.0 1.0
1.0000004 1.0000001 1.0 1.0 1.0 1.0 1.0 1.0 1.0000001 1.0000005 1.0 1.0 1.0 1.0 1.0 1.0
1.0000002 1.0000001 1.0 1.0 1.0 1.0 1.0 1.0 1.0000001 1.0000002 1.0 1.0 1.0 1.0 1.0 1.0
1.0000001 1.0 1.0 1.0 1.0 1.0 1.0 1.0 1.0000001 1.0000001 1.0 1.0 1.0 1.0 1.0 1.0
1.0000001 1.0 1.0 1.0 1.0 1.0 1.0 1.0 1.0 1.0 1.0 1.0 1.0 1.0 1.0 1.0
1.0000001 1.0 1.0 1.0 1.0 1.0 1.0 1.0 1.0 1.0 1.0 1.0 1.0 1.0 1.0 1.0
1.0 1.0000001 1.0 1.0 1.0 1.0 1.0 1.0 1.0000001 1.0000001 1.0 1.0 1.0 1.0 1.0 1.0
1.0000001 1.0000004 1.0 1.0 1.0 1.0 1.0 1.0 1.0000002 1.0000001 1.0 1.0 1.0 1.0 1.0 1.0
1.0000002 1.0000005 1.0 1.0 1.0 1.0 1.0 1.0 1.0000004 1.0000001 1.0 1.0 1.0 1.0 1.0 1.0
1.0000004 1.0000001 1.0 1.0 1.0 1.0 1.0 1.0 1.0000004 1.0000001 1.0 1.0 1.0 1.0 1.0 1.0
1.0000005 1.0000001 1.0 1.0 1.0 1.0 1.0 1.0 1.0000002 1.0000001 1.0 1.0 1.0 1.0 1.0 1.0
1.0000001 1.0 1.0 1.0 1.0 1.0 1.0 1.0 1.0000001 1.0000001 1.0 1.0 1.0 1.0 1.0 1.0
1.0000001 1.0 1.0 1.0 1.0 1.0 1.0 1.0 1.0 1.0 1.0 1.0 1.0 1.0 1.0 1.0
1.0000001 1.0 1.0 1.0 1.0 1.0 1.0 1.0 1.0 1.0 1.0 1.0 1.0 1.0 1.0 1.0
1.0 1.0000001 1.0 1.0 1.0 1.0 1.0 1.0 1.0000001 1.0 1.0 1.0 1.0 1.0 1.0 1.0
1.0 1.0000001 1.0 1.0 1.0 1.0 1.0 1.0 1.0000002 1.0 1.0 1.0 1.0 1.0 1.0 1.0
1.0000001 1.0000001 1.0 1.0 1.0 1.0 1.0 1.0 1.0000002 1.0000001 1.0 1.0 1.0 1.0 1.0 1.0
1.0000002 1.0000001 1.0 1.0 1.0 1.0 1.0 1.0 1.0000005 1.0 1.0 1.0 1.0 1.0 1.0 1.0
1.0000001 1.0 1.0 1.0 1.0 1.0 1.0 1.0 1.0000001 1.0 1.0 1.0 1.0 1.0 1.0 1.0
1.0000001 1.0 1.0 1.0 1.0 1.0 1.0 1.0 1.0000001 1.0 1.0 1.0 1.0 1.0 1.0 1.0
1.0 1.0 1.0 1.0 1.0 1.0 1.0 1.0 1.0 1.0 1.0 1.0 1.0 1.0 1.0 1.0
1.0 1.0 1.0 1.0 1.0 1.0 1.0 1.0 1.0000001 1.0 1.0 1.0 1.0 1.0 1.0 1.0
1.0 1.0 1.0 1.0 1.0 1.0 1.0 1.0 1.0 1.0 1.0 1.0 1.0 1.0 1.0 1.0
1.0 1.0000001 1.0 1.0 1.0 1.0 1.0 1.0 1.0000001 1.0 1.0 1.0 1.0 1.0 1.0 1.0
1.0 1.0000001 1.0 1.0 1.0 1.0 1.0 1.0 1.0000001 1.0 1.0 1.0 1.0 1.0 1.0 1.0
1.0000001 1.0 1.0 1.0 1.0 1.0 1.0 1.0 1.0000001 1.0 1.0 1.0 1.0 1.0 1.0 1.0
1.0000001 1.0 1.0 1.0 1.0 1.0 1.0 1.0 1.0000001 1.0 1.0 1.0 1.0 1.0 1.0 1.0
1.0 1.0 1.0 1.0 1.0 1.0 1.0 1.0 1.0 1.0 1.0 1.0 1.0 1.0 1.0 1.0
1.0 1.0 1.0 1.0 1.0 1.0 1.0 1.0 1.0 1.0 1.0 1.0 1.0 1.0 1.0 1.0
1.0 1.0 1.0 1.0 1.0 1.0 1.0 1.0 1.0 1.0 1.0 1.0 1.0 1.0 1.0 1.0
1.0 1.0 1.0 1.0 1.0 1.0 1.0 1.0 1.0 1.0 1.0 1.0 1.0 1.0 1.0 1.0
1.0 1.0 1.0 1.0 1.0 1.0 1.0 1.0 1.0 1.0 1.0 1.0 1.0 1.0 1.0 1.0
1.0 1.0 1.0 1.0 1.0 1.0 1.0 1.0 1.0 1.0 1.0 1.0 1.0 1.0 1.0 1.0
1.0 1.0 1.0 1.0 1.0 1.0 1.0 1.0 1.0 1.0 1.0 1.0 1.0 1.0 1.0 1.0
1.0 1.0 1.0 1.0 1.0 1.0 1.0 1.0 1.0 1.0 1.0 1.0 1.0 1.0 1.0 1.0
1.0 1.0 1.0 1.0 1.0 1.0 1.0 1.0 1.0 1.0 1.0 1.0 1.0 1.0 1.0 1.0
1.0 1.0 1.0 1.0 1.0 1.0 1.0 1.0 1.0 1.0 1.0 1.0 1.0 1.0 1.0 1.0
1.0 1.0 1.0 1.0 1.0 1.0 1.0 1.0 1.0 1.0 1.0 1.0 1.0 1.0 1.0 1.0
1.0 1.0 1.0 1.0 1.0 1.0 1.0 1.0 1.0 1.0 1.0 1.0 1.0 1.0 1.0 1.0
1.0 1.0 1.0 1.0 1.0 1.0 1.0 1.0 1.0000001 1.0 1.0 1.0 1.0 1.0 1.0 1.0
1.0 1.0000001 1.0 1.0 1.0 1.0 1.0 1.0 1.0000001 1.0 1.0 1.0 1.0 1.0 1.0 1.0
1.0000001 1.0 1.0 1.0 1.0 1.0 1.0 1.0 1.0000001 1.0 1.0 1.0 1.0 1.0 1.0 1.0
1.0 1.0 1.0 1.0 1.0 1.0 1.0 1.0 1.0000001 1.0 1.0 1.0 1.0 1.0 1.0 1.0
1.0 1.0 1.0 1.0 1.0 1.0 1.0 1.0 1.0 1.0 1.0 1.0 1.0 1.0 1.0 1.0
1.0 1.0 1.0 1.0 1.0 1.0 1.0 1.0 1.0 1.0 1.0 1.0 1.0 1.0 1.0 1.0
1.0 1.0 1.0 1.0 1.0 1.0 1.0 1.0 1.0 1.0 1.0 1.0 1.0 1.0 1.0 1.0
1.0000001 0.99999994 1.0 1.0 1.0 1.0 1.0 1.0 1.0000002 0.9999998 1.0 1.0 1.0 1.0 1.0 1.0
1.0000006 0.9999998 1.0 1.0 1.0 1.0 1.0 1.0 1.0000001 1.0000008 1.0 1.0 1.0 1.0 1.0 1.0
1.0000024 1.0000004 1.0 1.0 1.0 1.0 1.0 1.0 1.0000002 1.0000018 1.0 1.0 1.0 1.0 1.0 1.0
1.0000042 1.0000008 1.0 1.0 1.0 1.0 1.0 1.0 1.0000011 1.0000019 1.0 1.0 1.0 1.0 1.0 1.0
1.0000043 1.0000007 1.0 1.0 1.0 1.0 1.0 1.0 1.0000019 1.0000002 1.0 1.0 1.0 1.0 1.0 1.0
1.0000013 1.0 1.0 1.0 1.0 1.0 1.0 1.0 1.000001 1.0000001 1.0 1.0 1.0 1.0 1.0 1.0
1.0000001 1.0000001 1.0 1.0 1.0 1.0 1.0 1.0 1.0000004 1.0000001 1.0 1.0 1.0 1.0 1.0 1.0
1.0 0.9999999 1.0 1.0 1.0 1.0 1.0 1.0 1.0 0.9999998 1.0 1.0 1.0 1.0 1.0 1.0
1.0 1.0000007 1.0 1.0 1.0 1.0 1.0 1.0 1.0000006 1.0 1.0 1.0 1.0 1.0 1.0 1.0
1.0000001 1.0000025 1.0 1.0 1.0 1.0 1.0 1.0 1.0 1.0000023 1.0 1.0 1.0 1.0 1.0 1.0
1.0000006 1.0000072 1.0 1.0 1.0 1.0 1.0 1.0 1.0000005 1.0000056 1.0 1.0 1.0 1.0 1.0 1.0
1.0000014 1.000009 1.0 1.0 1.0 1.0 1.0 1.0 1.000003 1.0000055 1.0 1.0 1.0 1.0 1.0 1.0
1.0000012 1.0000082 1.0 1.0 1.0 1.0 1.0 1.0 1.000006 1.000002 1.0 1.0 1.0 1.0 1.0 1.0
1.0000001 1.0000055 1.0 1.0 1.0 1.0 1.0 1.0 1.0000051 1.0000001 1.0 1.0 1.0 1.0 1.0 1.0
1.0 1.0000012 1.0 1.0 1.0 1.0 1.0 1.0 1.0000013 1.0000001 1.0 1.0 1.0 1.0 1.0 1.0
1.0 1.0 1.0 1.0 1.0 1.0 1.0 1.0 1.0 1.0 1.0 1.0 1.0 1.0 1.0 1.0
1.0000002 1.0000024 1.0 1.0 1.0 1.0 1.0 1.0 1.0000023 1.0 1.0 1.0 1.0 1.0 1.0 1.0
1.0000007 1.0000058 1.0 1.0 1.0 1.0 1.0 1.0 1.0000006 1.0000069 1.0 1.0 1.0 1.0 1.0 1.0
1.0000029 1.0000098 1.0 1.0 1.0 1.0 1.0 1.0 1.0000032 1.0000091 1.0 1.0 1.0 1.0 1.0 1.0
1.0000056 1.000013 1.0 1.0 1.0 1.0 1.0 1.0 1.0000083 1.000009 1.0 1.0 1.0 1.0 1.0 1.0
1.0000049 1.0000126 1.0 1.0 1.0 1.0 1.0 1.0 1.0000097 1.000006 1.0 1.0 1.0 1.0 1.0 1.0
1.0000026 1.0000079 1.0 1.0 1.0 1.0 1.0 1.0 1.0000082 1.000002 1.0 1.0 1.0 1.0 1.0 1.0
1.0000001 1.0000038 1.0 1.0 1.0 1.0 1.0 1.0 1.000005 1.0000001 1.0 1.0 1.0 1.0 1.0 1.0
1.0 1.0000013 1.0 1.0 1.0 1.0 1.0 1.0 1.0000011 1.0000001 1.0 1.0 1.0 1.0 1.0 1.0
1.0000012 1.0000024 1.0 1.0 1.0 1.0 1.0 1.0 1.0000043 1.0000008 1.0 1.0 1.0 1.0 1.0 1.0
1.0000038 1.0000061 1.0 1.0 1.0 1.0 1.0 1.0 1.0000015 1.0000083 1.0 1.0 1.0 1.0 1.0 1.0
1.0000085 1.0000097 1.0 1.0 1.0 1.0 1.0 1.0 1.0000055 1.0000132 1.0 1.0 1.0 1.0 1.0 1.0
1.0000097 1.0000129 1.0 1.0 1.0 1.0 1.0 1.0 1.00001 1.0000135 1.0 1.0 1.0 1.0 1.0 1.0
1.000009 1.0000123 1.0 1.0 1.0 1.0 1.0 1.0 1.0000143 1.0000073 1.0 1.0 1.0 1.0 1.0 1.0
1.0000063 1.0000077 1.0 1.0 1.0 1.0 1.0 1.0 1.0000118 1.0000038 1.0 1.0 1.0 1.0 1.0 1.0
1.0000023 1.0000032 1.0 1.0 1.0 1.0 1.0 1.0 1.0000069 1.0000008 1.0 1.0 1.0 1.0 1.0 1.0
1.0000007 1.0000015 1.0 1.0 1.0 1.0 1.0 1.0 1.0000027 1.000001 1.0 1.0 1.0 1.0 1.0 1.0
1.0000029 1.0000005 1.0 1.0 1.0 1.0 1.0 1.0 1.000004 1.0000007 1.0 1.0 1.0 1.0 1.0 1.0
1.0000063 1.0000021 1.0 1.0 1.0 1.0 1.0 1.0 1.0000015 1.0000079 1.0 1.0 1.0 1.0 1.0 1.0
1.0000101 1.0000064 1.0 1.0 1.0 1.0 1.0 1.0 1.0000051 1.0000122 1.0 1.0 1.0 1.0 1.0 1.0
1.0000143 1.0000081 1.0 1.0 1.0 1.0 1.0 1.0 1.0000094 1.0000122 1.0 1.0 1.0 1.0 1.0 1.0
1.0000137 1.0000076 1.0 1.0 1.0 1.0 1.0 1.0 1.0000128 1.0000074 1.0 1.0 1.0 1.0 1.0 1.0
1.0000079 1.0000046 1.0 1.0 1.0 1.0 1.0 1.0 1.0000108 1.0000029 1.0 1.0 1.0 1.0 1.0 1.0
1.000004 1.0000008 1.0 1.0 1.0 1.0 1.0 1.0 1.0000064 1.0000006 1.0 1.0 1.0 1.0 1.0 1.0
1.0000017 1.0000004 1.0 1.0 1.0 1.0 1.0 1.0 1.0000025 1.0000007 1.0 1.0 1.0 1.0 1.0 1.0
1.0000012 0.99999994 1.0 1.0 1.0 1.0 1.0 1.0 1.000001 1.0000002 1.0 1.0 1.0 1.0 1.0 1.0
1.0000049 1.0000001 1.0 1.0 1.0 1.0 1.0 1.0 1.0000004 1.0000055 1.0 1.0 1.0 1.0 1.0 1.0
1.0000091 1.0000015 1.0 1.0 1.0 1.0 1.0 1.0 1.0000021 1.0000073 1.0 1.0 1.0 1.0 1.0 1.0
1.0000117 1.0000036 1.0 1.0 1.0 1.0 1.0 1.0 1.0000063 1.0000076 1.0 1.0 1.0 1.0 1.0 1.0
1.0000106 1.0000031 1.0 1.0 1.0 1.0 1.0 1.0 1.0000082 1.0000048 1.0 1.0 1.0 1.0 1.0 1.0
1.0000067 1.0000008 1.0 1.0 1.0 1.0 1.0 1.0 1.0000068 1.0000008 1.0 1.0 1.0 1.0 1.0 1.0
1.0000027 1.0 1.0 1.0 1.0 1.0 1.0 1.0 1.0000036 1.0000001 1.0 1.0 1.0 1.0 1.0 1.0
1.0000011 1.0 1.0 1.0 1.0 1.0 1.0 1.0 1.0000001 1.0000004 1.0 1.0 1.0 1.0 1.0 1.0
1.0000001 1.0000001 1.0 1.0 1.0 1.0 1.0 1.0 1.0000001 1.0 1.0 1.0 1.0 1.0 1.0 1.0
1.0000011 0.99999994 1.0 1.0 1.0 1.0 1.0 1.0 1.0 1.0000014 1.0 1.0 1.0 1.0 1.0 1.0
1.0000051 1.0000002 1.0 1.0 1.0 1.0 1.0 1.0 1.0000001 1.0000033 1.0 1.0 1.0 1.0 1.0 1.0
1.0000069 1.0000008 1.0 1.0 1.0 1.0 1.0 1.0 1.000002 1.0000036 1.0 1.0 1.0 1.0 1.0 1.0
1.0000058 1.0000005 1.0 1.0 1.0 1.0 1.0 1.0 1.0000038 1.0000012 1.0 1.0 1.0 1.0 1.0 1.0
1.000003 1.0 1.0 1.0 1.0 1.0 1.0 1.0 1.000003 1.0 1.0 1.0 1.0 1.0 1.0 1.0
1.0000001 0.9999999 1.0 1.0 1.0 1.0 1.0 1.0 1.0000002 1.0 1.0 1.0 1.0 1.0 1.0 1.0
1.0 1.0000001 1.0 1.0 1.0 1.0 1.0 1.0 1.0000001 1.0 1.0 1.0 1.0 1.0 1.0 1.0
1.0 0.99999994 1.0 1.0 1.0 1.0 1.0 1.0 1.0 0.99999976 1.0 1.0 1.0 1.0 1.0 1.0
1.0000001 1.0 1.0 1.0 1.0 1.0 1.0 1.0 0.9999997 1.0000004 1.0 1.0 1.0 1.0 1.0 1.0
1.0000013 1.0000005 1.0 1.0 1.0 1.0 1.0 1.0 1.0000001 1.0000013 1.0 1.0 1.0 1.0 1.0 1.0
1.0000023 1.000001 1.0 1.0 1.0 1.0 1.0 1.0 1.0000005 1.0000014 1.0 1.0 1.0 1.0 1.0 1.0
1.000002 1.0000007 1.0 1.0 1.0 1.0 1.0 1.0 1.0000014 1.0 1.0 1.0 1.0 1.0 1.0 1.0
1.0000002 1.0 1.0 1.0 1.0 1.0 1.0 1.0 1.0000011 1.0 1.0 1.0 1.0 1.0 1.0 1.0
1.0 1.0 1.0 1.0 1.0 1.0 1.0 1.0 1.0 0.9999999 1.0 1.0 1.0 1.0 1.0 1.0
1.0 0.9999999 1.0 1.0 1.0 1.0 1.0 1.0 0.99999994 0.99999976 1.0 1.0 1.0 1.0 1.0 1.0
0.9999999 1.0000007 1.0 1.0 1.0 1.0 1.0 1.0 1.0000001 1.0000005 1.0 1.0 1.0 1.0 1.0 1.0
1.0000002 1.0000024 1.0 1.0 1.0 1.0 1.0 1.0 1.0000001 1.0000027 1.0 1.0 1.0 1.0 1.0 1.0
1.0000011 1.0000038 1.0 1.0 1.0 1.0 1.0 1.0 1.0000006 1.0000064 1.0 1.0 1.0 1.0 1.0 1.0
1.0000035 1.0000024 1.0 1.0 1.0 1.0 1.0 1.0 1.0000006 1.0000069 1.0 1.0 1.0 1.0 1.0 1.0
1.000004 1.0000001 1.0 1.0 1.0 1.0 1.0 1.0 1.0000001 1.0000052 1.0 1.0 1.0 1.0 1.0 1.0
1.0000018 1.0000001 1.0 1.0 1.0 1.0 1.0 1.0 1.0000001 1.0000013 1.0 1.0 1.0 1.0 1.0 1.0
1.0000001 1.0 1.0 1.0 1.0 1.0 1.0 1.0 1.0 1.0000001 1.0 1.0 1.0 1.0 1.0 1.0
1.0000001 1.0 1.0 1.0 1.0 1.0 1.0 1.0 0.9999998 1.0 1.0 1.0 1.0 1.0 1.0 1.0
1.0 1.0000025 1.0 1.0 1.0 1.0 1.0 1.0 1.0000001 1.0000029 1.0 1.0 1.0 1.0 1.0 1.0
1.0000007 1.0000075 1.0 1.0 1.0 1.0 1.0 1.0 1.0000008 1.0000069 1.0 1.0 1.0 1.0 1.0 1.0
1.0000035 1.000008 1.0 1.0 1.0 1.0 1.0 1.0 1.0000019 1.0000098 1.0 1.0 1.0 1.0 1.0 1.0
1.000008 1.0000061 1.0 1.0 1.0 1.0 1.0 1.0 1.000003 1.000011 1.0 1.0 1.0 1.0 1.0 1.0
1.0000079 1.0000024 1.0 1.0 1.0 1.0 1.0 1.0 1.0000018 1.0000081 1.0 1.0 1.0 1.0 1.0 1.0
1.0000056 1.0000001 1.0 1.0 1.0 1.0 1.0 1.0 1.0 1.0000051 1.0 1.0 1.0 1.0 1.0 1.0
1.0000011 1.0 1.0 1.0 1.0 1.0 1.0 1.0 1.0000001 1.0000017 1.0 1.0 1.0 1.0 1.0 1.0
1.0000005 1.0 1.0 1.0 1.0 1.0 1.0 1.0 1.0 1.0000006 1.0 1.0 1.0 1.0 1.0 1.0
1.0000006 1.0000067 1.0 1.0 1.0 1.0 1.0 1.0 1.000001 1.0000037 1.0 1.0 1.0 1.0 1.0 1.0
1.0000019 1.0000101 1.0 1.0 1.0 1.0 1.0 1.0 1.0000039 1.0000081 1.0 1.0 1.0 1.0 1.0 1.0
1.0000077 1.0000128 1.0 1.0 1.0 1.0 1.0 1.0 1.0000075 1.0000128 1.0 1.0 1.0 1.0 1.0 1.0
1.0000105 1.0000093 1.0 1.0 1.0 1.0 1.0 1.0 1.0000076 1.0000151 1.0 1.0 1.0 1.0 1.0 1.0
1.000013 1.0000051 1.0 1.0 1.0 1.0 1.0 1.0 1.0000058 1.0000105 1.0 1.0 1.0 1.0 1.0 1.0
1.0000082 1.0000008 1.0 1.0 1.0 1.0 1.0 1.0 1.0000024 1.0000067 1.0 1.0 1.0 1.0 1.0 1.0
1.0000039 1.0000004 1.0 1.0 1.0 1.0 1.0 1.0 1.0000001 1.000003 1.0 1.0 1.0 1.0 1.0 1.0
1.0000015 1.0000007 1.0 1.0 1.0 1.0 1.0 1.0 1.0 1.0000018 1.0 1.0 1.0 1.0 1.0 1.0
1.0000011 1.0000073 1.0 1.0 1.0 1.0 1.0 1.0 1.0000035 1.0000024 1.0 1.0 1.0 1.0 1.0 1.0
1.0000035 1.0000108 1.0 1.0 1.0 1.0 1.0 1.0 1.0000077 1.0000062 1.0 1.0 1.0 1.0 1.0 1.0
1.0000077 1.000015 1.0 1.0 1.0 1.0 1.0 1.0 1.0000107 1.0000097 1.0 1.0 1.0 1.0 1.0 1.0
1.0000126 1.0000101 1.0 1.0 1.0 1.0 1.0 1.0 1.0000129 1.0000107 1.0 1.0 1.0 1.0 1.0 1.0
1.0000149 1.000006 1.0 1.0 1.0 1.0 1.0 1.0 1.0000097 1.0000079 1.0 1.0 1.0 1.0 1.0 1.0
1.0000092 1.0000015 1.0 1.0 1.0 1.0 1.0 1.0 1.0000055 1.0000043 1.0 1.0 1.0 1.0 1.0 1.0
1.0000043 1.0000007 1.0 1.0 1.0 1.0 1.0 1.0 1.0000015 1.0000014 1.0 1.0 1.0 1.0 1.0 1.0
1.0000026 1.0000013 1.0 1.0 1.0 1.0 1.0 1.0 1.0000013 1.0000008 1.0 1.0 1.0 1.0 1.0 1.0
1.0000004 1.0000056 1.0 1.0 1.0 1.0 1.0 1.0 1.0000035 1.0000005 1.0 1.0 1.0 1.0 1.0 1.0
1.0000018 1.000009 1.0 1.0 1.0 1.0 1.0 1.0 1.0000076 1.0000021 1.0 1.0 1.0 1.0 1.0 1.0
1.0000066 1.0000107 1.0 1.0 1.0 1.0 1.0 1.0 1.0000129 1.0000054 1.0 1.0 1.0 1.0 1.0 1.0
1.0000101 1.0000085 1.0 1.0 1.0 1.0 1.0 1.0 1.0000147 1.0000055 1.0 1.0 1.0 1.0 1.0 1.0
1.0000107 1.0000042 1.0 1.0 1.0 1.0 1.0 1.0 1.0000105 1.0000046 1.0 1.0 1.0 1.0 1.0 1.0
1.000007 1.0000001 1.0 1.0 1.0 1.0 1.0 1.0 1.0000058 1.0000011 1.0 1.0 1.0 1.0 1.0 1.0
1.0000029 1.0000004 1.0 1.0 1.0 1.0 1.0 1.0 1.0000027 1.0000001 1.0 1.0 1.0 1.0 1.0 1.0
1.000001 1.0000005 1.0 1.0 1.0 1.0 1.0 1.0 1.0000015 1.0 1.0 1.0 1.0 1.0 1.0 1.0
1.0 1.0000011 1.0 1.0 1.0 1.0 1.0 1.0 1.0000015 1.0 1.0 1.0 1.0 1.0 1.0 1.0
1.0000002 1.0000049 1.0 1.0 1.0 1.0 1.0 1.0 1.0000057 1.0000001 1.0 1.0 1.0 1.0 1.0 1.0
1.000002 1.0000064 1.0 1.0 1.0 1.0 1.0 1.0 1.0000083 1.0000008 1.0 1.0 1.0 1.0 1.0 1.0
1.000006 1.0000042 1.0 1.0 1.0 1.0 1.0 1.0 1.0000097 1.0000013 1.0 1.0 1.0 1.0 1.0 1.0
1.0000058 1.0000011 1.0 1.0 1.0 1.0 1.0 1.0 1.0000072 1.0000004 1.0 1.0 1.0 1.0 1.0 1.0
1.0000033 1.0 1.0 1.0 1.0 1.0 1.0 1.0 1.0000036 1.0 1.0 1.0 1.0 1.0 1.0 1.0
1.0000001 1.0 1.0 1.0 1.0 1.0 1.0 1.0 1.0000008 1.0000001 1.0 1.0 1.0 1.0 1.0 1.0
1.0 1.0000001 1.0 1.0 1.0 1.0 1.0 1.0 1.0000005 1.0 1.0 1.0 1.0 1.0 1.0 1.0
0.99999994 1.0000001 1.0 1.0 1.0 1.0 1.0 1.0 1.0000001 0.99999976 1.0 1.0 1.0 1.0 1.0 1.0
1.0 1.0000017 1.0 1.0 1.0 1.0 1.0 1.0 1.0000011 1.0000001 1.0 1.0 1.0 1.0 1.0 1.0
1.0000002 1.0000025 1.0 1.0 1.0 1.0 1.0 1.0 1.0000036 1.0000005 1.0 1.0 1.0 1.0 1.0 1.0
1.0000018 1.000001 1.0 1.0 1.0 1.0 1.0 1.0 1.0000042 1.0000002 1.0 1.0 1.0 1.0 1.0 1.0
1.0000023 1.0 1.0 1.0 1.0 1.0 1.0 1.0 1.0000029 1.0 1.0 1.0 1.0 1.0 1.0 1.0
1.0000007 0.9999999 1.0 1.0 1.0 1.0 1.0 1.0 1.0000002 1.0 1.0 1.0 1.0 1.0 1.0 1.0
1.0 0.99999994 1.0 1.0 1.0 1.0 1.0 1.0 1.0000001 0.9999998 1.0 1.0 1.0 1.0 1.0 1.0
1.0 0.99999994 1.0 1.0 1.0 1.0 1.0 1.0 1.0 0.9999999 1.0 1.0 1.0 1.0 1.0 1.0
0.99999976 1.0000001 1.0 1.0 1.0 1.0 1.0 1.0 1.0000001 0.9999998 1.0 1.0 1.0 1.0 1.0 1.0
0.99999994 1.0000012 1.0 1.0 1.0 1.0 1.0 1.0 1.0000006 1.0000002 1.0 1.0 1.0 1.0 1.0 1.0
1.0000005 1.0000018 1.0 1.0 1.0 1.0 1.0 1.0 1.0000015 1.000001 1.0 1.0 1.0 1.0 1.0 1.0
1.0000013 1.0000007 1.0 1.0 1.0 1.0 1.0 1.0 1.0000017 1.0000012 1.0 1.0 1.0 1.0 1.0 1.0
1.0000014 1.0 1.0 1.0 1.0 1.0 1.0 1.0 1.0000008 1.0000001 1.0 1.0 1.0 1.0 1.0 1.0
1.0000004 1.0 1.0 1.0 1.0 1.0 1.0 1.0 1.0000001 1.0 1.0 1.0 1.0 1.0 1.0 1.0
1.0 0.9999999 1.0 1.0 1.0 1.0 1.0 1.0 1.0 0.9999999 1.0 1.0 1.0 1.0 1.0 1.0
1.0 0.9999999 1.0 1.0 1.0 1.0 1.0 1.0 0.9999998 0.9999998 1.0 1.0 1.0 1.0 1.0 1.0
1.0000017 0.9999949 1.0 1.0 1.0 1.0 1.0 1.0 1.0000004 0.9999948 0.99999994 0.99999994 1.0 1.0 0.99999994 0.99999994
1.0000111 1.0000007 1.0 1.0 1.0000001 0.99999994 1.0 1.0 0.9999965 1.0000111 0.99999994 0.99999994 1.0 1.0 1.0 1.0
1.0000217 1.000005 1.0 1.0 1.0000001 1.0 1.0 1.0 1.000005 1.0000169 0.99999994 1.0 1.0 1.0 1.0 1.0
1.0000273 1.0000103 1.0000001 1.0 1.0000001 1.0 1.0 1.0 1.0000148 1.0000163 1.0 1.0 1.0 1.0 1.0 1.0
1.0000247 1.0000077 1.0 1.0 1.0 1.0 1.0 1.0 1.0000185 1.0000105 1.0 1.0 1.0 1.0 1.0 1.0
1.0000182 1.0000026 1.0 1.0 1.0 1.0 1.0 1.0 1.0000122 1.0000012 1.0 1.0 1.0 1.0 1.0 1.0
1.0000046 0.9999958 1.0 1.0 1.0 1.0 1.0 1.0 1.0000075 0.99999785 1.0 1.0 1.0 1.0 1.0 1.0
1.0000014 0.99999326 1.0 1.0 1.0 1.0 1.0 1.0 0.9999993 0.99999356 0.99999994 1.0 1.0 1.0 0.99999994 0.99999994
0.99999636 1.0000124 1.0 1.0 1.0 1.0 1.0 1.0 1.0000107 0.9999996 0.99999994 0.99999994 1.0 1.0 1.0 1.0
1.0000025 1.0000248 1.0 1.0 1.0 1.0 1.0000001 1.0000001 1.000002 1.000024 0.99999994 1.0 0.99999994 1.0 1.0000001 1.0000001
1.0000097 1.0000356 1.0 1.0 1.0 1.0000001 1.0000001 1.0000001 1.0000153 1.0000309 1.0 1.0 1.0 1.0000001 1.0000001 1.0000001
1.0000161 1.0000471 1.0 1.0 1.0 1.0000001 1.0000001 1.0000001 1.0000265 1.0000281 1.0 1.0 1.0000001 1.0000001 1.0 1.0000001
1.0000144 1.0000448 1.0 1.0 1.0 1.0000001 1.0 1.0000001 1.0000325 1.0000231 1.0 1.0 1.0000001 1.0000001 1.0 1.0
1.000008 1.0000302 1.0 1.0 1.0 1.0 1.0 1.0000001 1.0000263 1.000009 1.0 1.0 1.0 1.0 1.0 1.0
1.0 1.0000153 1.0 1.0 1.0 1.0 1.0 1.0 1.0000184 1.0000017 1.0 1.0 1.0 1.0 1.0 1.0
0.9999965 1.0000103 1.0 1.0 1.0 1.0 1.0 1.0 1.0000064 0.9999991 1.0 0.99999994 0.99999994 1.0 1.0 1.0
1.0000044 1.0000194 1.0 1.0 1.0 1.0000001 1.0 1.0 1.0000204 1.0000079 1.0 1.0 1.0000001 1.0 1.0 1.0
1.0000144 1.0000325 1.0 1.0 1.0000001 1.0 1.0000001 1.0000001 1.00001 1.000034 1.0 1.0 1.0 1.0 1.0000001 1.0000001
1.0000254 1.0000458 1.0000001 1.0000001 1.0000001 1.0000001 1.0000001 1.0000001 1.0000257 1.0000458 1.0 1.0000001 1.0000001 1.0000001 1.0000001 1.0000001
1.0000321 1.0000583 1.0 1.0000001 1.0000001 1.0000001 1.0000001 1.0000001 1.0000361 1.0000443 1.0000001 1.0 1.0000001 1.0000001 1.0000001 1.0000001
1.000031 1.0000554 1.0 1.0000001 1.0 1.0000001 1.0000001 1.0000001 1.000048 1.0000294 1.0000001 1.0 1.0000001 1.0000001 1.0 1.0000001
1.0000219 1.0000396 1.0 1.0 1.0 1.0 1.0 1.0000001 1.000039 1.0000179 1.0 1.0 1.0000001 1.0000001 1.0 1.0
1.0000074 1.0000222 1.0 1.0 1.0 1.0 1.0 1.0 1.0000255 1.0000075 1.0 1.0 1.0 1.0 1.0 1.0
1.0000033 1.0000167 1.0 1.0 1.0 1.0 1.0 1.0 1.000016 1.0000067 1.0 1.0 1.0 1.0 1.0 1.0
1.0000151 1.0000182 1.0 1.0000001 1.0 1.0 1.0 1.0 1.0000278 1.000013 1.0 1.0 1.0 1.0 1.0 1.0
1.000028 1.0000311 1.0000001 1.0 1.0000001 1.0 1.0000001 1.0 1.0000173 1.0000463 1.0 1.0000001 1.0 1.0 1.0000001 1.0
1.0000376 1.0000454 1.0000001 1.0000001 1.0000001 1.0000001 1.0000001 1.0000001 1.0000337 1.0000571 1.0000001 1.0000001 1.0 1.0 1.0000001 1.0000001
1.0000514 1.0000566 1.0000001 1.0000001 1.0000001 1.0000001 1.0000001 1.0000001 1.0000507 1.000056 1.0000001 1.0000001 1.0000001 1.0000001 1.0000001 1.0000001
1.00005 1.0000551 1.0000001 1.0000001 1.0000001 1.0000001 1.0 1.0 1.0000601 1.0000445 1.0000001 1.0000001 1.0000001 1.0000001 1.0 1.0
1.0000334 1.0000393 1.0 1.0 1.0 1.0 1.0 1.0 1.0000509 1.000026 1.0000001 1.0 1.0000001 1.0 1.0 1.0
1.0000176 1.0000209 1.0 1.0 1.0 1.0 1.0 1.0 1.0000353 1.000015 1.0 1.0 1.0 1.0 1.0 1.0
1.0000128 1.0000153 1.0 1.0 1.0 1.0 1.0 1.0 1.0000235 1.0000126 1.0 1.0 1.0 1.0 1.0 1.0
1.0000211 1.0000101 1.0 1.0000001 1.0 1.0 1.0 1.0 1.0000247 1.0000083 1.0 1.0 1.0 1.0 1.0 1.0
1.0000346 1.000024 1.0000001 1.0 1.0000001 1.0 1.0 0.99999994 1.000015 1.0000429 1.0 1.0000001 1.0 1.0 1.0000001 1.0
1.0000502 1.0000309 1.0000001 1.0000001 1.0000001 1.0 1.0 1.0 1.0000308 1.0000545 1.0000001 1.0000001 1.0 1.0 1.0000001 1.0000001
1.000061 1.0000418 1.0000001 1.0000001 1.0000001 1.0 1.0 1.0 1.0000479 1.0000533 1.0000001 1.0000001 1.0000001 1.0 1.0000001 1.0
1.0000587 1.0000396 1.0000001 1.0000001 1.0 1.0 1.0 1.0 1.0000573 1.0000412 1.0000001 1.0 1.0000001 1.0 1.0 1.0
1.0000432 1.0000273 1.0000001 1.0 1.0 1.0 1.0 1.0 1.0000498 1.000025 1.0 1.0 1.0000001 1.0 1.0 1.0
1.0000238 1.0000103 1.0 1.0 1.0 1.0 1.0 1.0 1.0000329 1.0000113 1.0 1.0 1.0 1.0 1.0 1.0
1.0000188 1.0000072 1.0 1.0 1.0 1.0 1.0 1.0 1.0000198 1.0000079 1.0 1.0 1.0 1.0 1.0 1.0
1.0000132 1.0000039 1.0 1.0 1.0 1.0 1.0 1.0 1.0000179 1.0000045 1.0 1.0 1.0 1.0 1.0 1.0
1.0000293 1.000009 1.0 1.0 1.0 1.0 1.0 1.0 1.0000088 1.0000309 1.0 1.0 1.0 1.0 1.0 1.0
1.00004 1.0000168 1.0000001 1.0 1.0 1.0 1.0 1.0 1.0000207 1.0000381 1.0 1.0 1.0 1.0 1.0000001 1.0
1.0000514 1.0000235 1.0000001 1.0000001 1.0 1.0 1.0 0.99999994 1.0000334 1.0000376 1.0 1.0 1.0 1.0 1.0 1.0
1.0000495 1.0000217 1.0000001 1.0 1.0 1.0 1.0 0.99999994 1.000041 1.0000278 1.0 1.0 1.0000001 1.0 1.0 1.0
1.0000342 1.000013 1.0 1.0 1.0 0.99999994 1.0 1.0 1.0000354 1.0000141 1.0 1.0 1.0000001 1.0 1.0 1.0
1.0000172 1.0000019 1.0 1.0 1.0 1.0 1.0 1.0 1.0000218 1.0000033 1.0 1.0 1.0 1.0 1.0 1.0
1.0000095 1.0000015 1.0 1.0 1.0 1.0 1.0 1.0 1.0000123 1.0000044 1.0 1.0 1.0 1.0 1.0 1.0
1.0000069 0.9999935 1.0 1.0 1.0 1.0 1.0 1.0 1.0000031 0.9999944 1.0 1.0 1.0 1.0 1.0 1.0
1.0000144 0.999999 0.99999994 1.0 1.0 1.0 1.0 0.99999994 0.9999983 1.0000126 1.0 1.0 1.0 1.0 1.0 1.0
1.0000279 1.0000048 1.0 1.0 1.0 1.0 1.0 1.0 1.000006 1.0000204 1.0 1.0 1.0 1.0 1.0 1.0
1.0000341 1.0000097 1.0 1.0 1.0 1.0 0.99999994 1.0 1.0000135 1.0000196 1.0 1.0 1.0 1.0 1.0 1.0
1.0000321 1.0000095 1.0 1.0 1.0 1.0 1.0 1.0 1.0000223 1.0000108 1.0 1.0 1.0 1.0 1.0 1.0
1.0000206 1.0000024 1.0 1.0 1.0 0.99999994 1.0 1.0 1.000017 1.0000011 1.0 1.0 1.0 1.0 1.0 1.0
1.0000064 0.99999624 1.0 1.0 1.0 1.0 1.0 1.0 1.0000063 0.999998 1.0 1.0 1.0 1.0 1.0 1.0
1.0000051 0.9999948 1.0 1.0 1.0 1.0 1.0 1.0 1.0000019 0.9999952 1.0 1.0 1.0 1.0 1.0 1.0
0.9999985 0.9999943 1.0 1.0 1.0 1.0 1.0 1.0 1.0 0.99999267 0.99999994 0.99999994 1.0 1.0 1.0 1.0
1.0000042 1.0 1.0 1.0 1.0 1.0 1.0 1.0 0.99999607 1.0000069 0.99999994 1.0 1.0 1.0 0.99999994 1.0
1.0000122 1.0000057 1.0000001 1.0 1.0 1.0 1.0 1.0 1.000002 1.0000114 1.0 1.0 1.0 1.0 1.0 1.0
1.0000182 1.0000117 1.0 0.99999994 1.0 1.0 1.0 1.0 1.0000097 1.0000122 1.0 0.99999994 1.0 1.0 1.0 1.0
1.000017 1.0000075 1.0 0.99999994 1.0 1.0 1.0 1.0 1.0000144 1.0000058 1.0 1.0 1.0 1.0 1.0 1.0
1.0000087 1.0000037 1.0 1.0 1.0 1.0 1.0 1.0 1.0000097 1.0000004 1.0 1.0 1.0 1.0 1.0 1.0
1.0000001 0.9999948 1.0 1.0 1.0 1.0 1.0 1.0 1.0000037 0.99999607 1.0 1.0 1.0 1.0 1.0 1.0
0.999999 0.99999374 1.0 1.0 1.0 1.0 1.0 1.0 0.99999976 0.9999923 1.0 0.99999994 1.0 1.0 1.0 1.0
0.99999595 1.000012 1.0 1.0 1.0 1.0 1.0000001 1.0000001 0.9999951 1.000013 0.99999994 0.99999994 0.99999994 1.0 1.0 1.0
1.000001 1.0000201 1.0 1.0 1.0 1.0 1.0000001 1.0 1.0 1.0000236 0.99999994 1.0 1.0 1.0 1.0000001 1.0000001
1.000014 1.0000248 1.0 1.0000001 1.0 1.0 1.0 1.0 1.0000057 1.000033 0.99999994 1.0 1.0 1.0000001 1.0000001 1.0000001
1.0000257 1.0000205 1.0000001 1.0000001 1.0 1.0 1.0 1.0 1.0000075 1.0000362 1.0 1.0 0.99999994 1.0000001 1.0 1.0000001
1.0000229 1.0000099 1.0 1.0 1.0 1.0 1.0 1.0 1.0000048 1.0000288 1.0 1.0 1.0 1.0 1.0 1.0
1.0000159 1.0000012 1.0 1.0 1.0 1.0 1.0 1.0 0.99999857 1.0000174 1.0 1.0 1.0 1.0 1.0 1.0
1.000006 0.99999577 1.0 1.0 1.0 1.0 1.0 1.0 0.99999505 1.0000083 1.0 1.0 1.0 1.0 1.0 1.0
1.0000001 0.9999986 1.0 1.0 1.0 1.0 1.0 1.0 0.9999931 1.0000039 0.99999994 1.0 0.99999994 1.0 1.0 1.0
1.0000018 1.0000255 1.0 1.0000001 1.0 1.0 1.0000001 1.0000001 1.0000005 1.000021 0.99999994 1.0 0.99999994 1.0000001 1.0 1.0
1.0000094 1.0000328 1.0 1.0000001 1.0 1.0000001 1.0000001 1.0000001 1.0000083 1.0000318 1.0 1.0 1.0 1.0000001 1.0000001 1.0000001
1.0000247 1.0000403 1.0000001 1.0 1.0000001 1.0000001 1.0 1.0000001 1.0000174 1.0000447 1.0 1.0 1.0 1.0000001 1.0000001 1.0000001
1.0000379 1.0000315 1.0 1.0 1.0000001 1.0000001 1.0 1.0000001 1.00002 1.0000504 1.0 1.0 1.0 1.0000001 1.0000001 1.0000001
1.0000387 1.0000187 1.0 1.0 1.0000001 1.0000001 1.0 1.0 1.000016 1.0000384 1.0 1.0 1.0 1.0000001 1.0 1.0000001
1.000027 1.0000056 1.0 1.0 1.0 1.0000001 1.0 1.0 1.000005 1.0000249 1.0 1.0 1.0 1.0 1.0 1.0
1.0000163 1.0000008 1.0 1.0 1.0 1.0 1.0 1.0 1.0000001 1.0000159 1.0 1.0 1.0 1.0 1.0 1.0
1.0000091 1.0000054 1.0 1.0 1.0 1.0 1.0 1.0 0.9999984 1.000013 0.99999994 0.99999994 1.0 1.0 1.0 1.0
1.0000083 1.0000355 1.0 1.0000001 1.0 1.0 1.0000001 1.0000001 1.0000134 1.0000261 1.0 1.0000001 1.0 1.0 1.0 1.0
1.0000197 1.0000451 1.0 1.0000001 1.0 1.0 1.0000001 1.0000001 1.0000244 1.0000402 1.0 1.0000001 1.0000001 1.0 1.0000001 1.0
1.0000339 1.0000548 1.0000001 1.0000001 1.0000001 1.0000001 1.0000001 1.0000001 1.0000329 1.0000545 1.0000001 1.0000001 1.0000001 1.0000001 1.0000001 1.0000001
1.0000535 1.0000472 1.0000001 1.0000001 1.0000001 1.0000001 1.0 1.0000001 1.000039 1.0000585 1.0 1.0000001 1.0000001 1.0000001 1.0000001 1.0000001
1.0000534 1.0000271 1.0 1.0 1.0000001 1.0000001 1.0 1.0 1.000029 1.0000483 1.0 1.0000001 1.0 1.0000001 1.0 1.0
1.0000399 1.0000129 1.0000001 1.0 1.0000001 1.0000001 1.0 1.0 1.0000196 1.0000337 1.0 1.0 1.0 1.0 1.0 1.0
1.0000242 1.0000077 1.0 1.0 1.0 1.0000001 1.0 1.0 1.0000083 1.0000219 1.0 1.0 1.0 1.0 1.0 1.0
1.0000178 1.0000123 1.0 1.0 1.0000001 1.0 1.0 1.0 1.0000068 1.0000191 1.0 1.0 1.0 1.0 1.0 1.0
1.0000104 1.0000402 1.0 1.0000001 1.0 1.0 1.0000001 1.0000001 1.0000259 1.0000203 1.0 1.0 1.0 1.0 1.0 1.0
1.0000222 1.00005 1.0000001 1.0000001 1.0 1.0 1.0000001 1.0000001 1.0000381 1.0000323 1.0000001 1.0 1.0000001 1.0 1.0000001 1.0
1.0000403 1.000058 1.0000001 1.0000001 1.0000001 1.0000001 1.0000001 1.0000001 1.0000532 1.0000448 1.0000001 1.0000001 1.0000001 1.0 1.0000001 1.0
1.0000584 1.0000515 1.0000001 1.0000001 1.0000001 1.0000001 1.0 1.0 1.0000585 1.0000517 1.0000001 1.0000001 1.0000001 1.0000001 1.0 1.0
1.0000582 1.000031 1.0000001 1.0000001 1.0000001 1.0 1.0 1.0 1.0000476 1.0000421 1.0000001 1.0000001 1.0 1.0 1.0 1.0
1.000044 1.0000159 1.0000001 1.0 1.0 1.0 1.0 1.0 1.000031 1.0000275 1.0 1.0 1.0 1.0 1.0 1.0
1.0000277 1.0000093 1.0 1.0 1.0 1.0 1.0 1.0 1.0000222 1.0000144 1.0 1.0 1.0 1.0 1.0 1.0
1.0000194 1.0000154 1.0 1.0 1.0 1.0 1.0 1.0 1.0000172 1.0000108 1.0 1.0 1.0 1.0 1.0 1.0
1.0000048 1.0000324 1.0 1.0000001 1.0 1.0 1.0000001 0.99999994 1.0000244 1.0000101 1.0 1.0 1.0 1.0 1.0 1.0
1.0000187 1.0000386 1.0000001 1.0000001 1.0 0.99999994 1.0 1.0 1.0000381 1.000016 1.0 1.0 1.0000001 1.0 1.0 1.0
1.0000297 1.0000492 1.0000001 1.0000001 1.0 1.0 1.0 1.0 1.0000529 1.0000266 1.0000001 1.0 1.0000001 1.0 1.0 1.0
1.0000466 1.0000416 1.0000001 1.0 1.0000001 1.0 1.0 1.0 1.0000565 1.0000311 1.0000001 1.0000001 1.0 1.0 1.0 1.0
1.0000472 1.0000235 1.0 1.0 1.0 1.0 1.0 1.0 1.000048 1.0000236 1.0 1.0 1.0 1.0 1.0 1.0
1.0000341 1.0000077 1.0000001 1.0 1.0 1.0 1.0 1.0 1.0000321 1.0000118 1.0 1.0 1.0 1.0 1.0 1.0
1.0000198 1.0000023 1.0 1.0 1.0 1.0 1.0 1.0 1.0000206 1.0000039 1.0 1.0 1.0 1.0 1.0 1.0
1.0000123 1.0000064 1.0 1.0 1.0 1.0 1.0 1.0 1.0000125 1.0000037 1.0 1.0 1.0 1.0 1.0 1.0
0.99999946 1.0000142 1.0 0.99999994 1.0 1.0 1.0 1.0 1.0000151 0.99999917 1.0 1.0 1.0 1.0 1.0 1.0
1.0000043 1.0000235 0.99999994 1.0 1.0 1.0 1.0 1.0 1.0000277 1.0000048 1.0 1.0 1.0000001 1.0 1.0 1.0
1.0000186 1.0000324 1.0000001 1.0 0.99999994 1.0 1.0 0.99999994 1.0000384 1.0000111 1.0 1.0 1.0000001 1.0 1.0 1.0
1.0000309 1.0000253 1.0 1.0 1.0 0.99999994 1.0 1.0 1.0000424 1.0000137 1.0 1.0000001 1.0000001 1.0 1.0 1.0
1.0000304 1.0000114 1.0 1.0 1.0 0.99999994 1.0 1.0 1.0000341 1.0000083 1.0 1.0000001 1.0 1.0 1.0 1.0
1.0000207 1.0000015 1.0 1.0 1.0 1.0 1.0 1.0 1.0000212 1.0000011 1.0 1.0 1.0 1.0 1.0 1.0
1.0000094 0.99999887 1.0 1.0 1.0 1.0 1.0 1.0 1.0000099 0.9999985 1.0 1.0 1.0 1.0 1.0 1.0
1.0000061 1.0000018 1.0 1.0 1.0 1.0 1.0 1.0 1.0000077 0.9999947 1.0 1.0 1.0 1.0 1.0 1.0
0.99999404 1.0000049 1.0 1.0 1.0 1.0 1.0 0.99999994 1.0000048 0.9999941 0.99999994 1.0 1.0 1.0 1.0 0.99999994
0.9999974 1.0000117 1.0 1.0 1.0 0.99999994 1.0 1.0 1.0000145 0.99999964 1.0 1.0 1.0 1.0 1.0 1.0
1.0000074 1.000017 1.0 0.99999994 0.99999994 1.0 1.0 1.0 1.0000222 1.0000046 1.0 1.0 1.0 1.0 1.0 1.0
1.0000167 1.000014 0.99999994 0.99999994 1.0 1.0 1.0 1.0 1.0000262 1.0000064 0.99999994 1.0 1.0 1.0 1.0 1.0
1.0000162 1.0000029 0.99999994 1.0 1.0 1.0 1.0 1.0 1.0000197 1.0000018 1.0 1.0 1.0 1.0 1.0 1.0
1.0000091 0.999997 1.0 1.0 1.0 1.0 1.0 1.0 1.0000091 0.99999803 1.0 1.0 1.0 1.0 1.0 1.0
1.0000015 0.999993 1.0 1.0 1.0 1.0 1.0 1.0 1.0000027 0.9999935 1.0 1.0 1.0 1.0 1.0 0.99999994
0.9999969 0.99999636 1.0 1.0 1.0 1.0 1.0 1.0 0.99999946 0.99999034 0.99999994 1.0 1.0 1.0 1.0 1.0
0.99999297 1.0000052 1.0 1.0 1.0 0.99999994 1.0 1.0 0.9999992 0.9999987 0.99999994 0.99999994 0.99999994 1.0 1.0 1.0
0.9999992 1.0000097 1.0 1.0 0.99999994 1.0 1.0 1.0 1.0000082 1.0000035 0.99999994 1.0 1.0 1.0 1.0 1.0
1.000006 1.0000154 1.0000001 1.0 1.0 1.0 1.0 1.0 1.0000156 1.0000105 1.0 1.0 1.0 1.0 1.0 1.0
1.0000143 1.0000088 1.0 1.0 1.0 1.0 1.0 1.0 1.0000174 1.0000122 1.0 1.0 1.0 1.0 1.0 1.0
1.0000106 1.0000018 1.0 1.0 1.0 1.0 1.0 1.0 1.0000122 1.0000073 1.0 1.0 1.0 1.0 1.0 1.0
1.0000063 0.9999963 1.0 1.0 1.0 1.0 1.0 1.0 1.0000043 1.0000006 1.0 1.0 1.0 1.0 1.0 1.0
1.0000001 0.99999243 1.0 1.0 1.0 1.0 1.0 1.0 0.99999857 0.9999971 1.0 1.0 1.0 1.0 1.0 0.99999994
0.99999726 0.9999955 1.0 1.0 1.0 1.0 1.0 1.0 0.99999624 0.99999464 0.99999994 1.0 0.99999994 1.0 1.0 1.0
0.9999894 0.9999533 0.9999999 0.99999994 0.99999994 0.9999999 1.0000001 0.9999996 0.9999801 0.9999468 0.9999998 0.99999994 0.9999998 0.99999994 0.99999976 0.9999996
1.0000321 0.9999829 0.99999976 1.0000004 1.0000001 1.0000001 0.99999976 1.0000001 0.99994606 1.000026 0.99999946 0.9999999 0.9999995 0.9999999 1.0 0.99999994
1.0000678 1.0000011 1.0000004 1.0000001 1.0000002 1.0 1.0000001 1.0000001 1.0000023 1.0000398 0.99999976 1.0 1.0 0.9999999 1.0000001 1.0
1.0001004 1.0000249 1.0000001 1.0 1.0000002 1.0 1.0000001 1.0000001 1.0000415 1.0000281 0.9999999 1.0000001 1.0 0.9999998 1.0 0.99999994
1.0000832 1.0000222 1.0 1.0000001 1.0 0.9999998 1.0000001 1.0 1.0000318 1.0000108 0.9999999 1.0 0.99999994 1.0 0.99999994 0.99999994
1.0000385 0.99999213 1.0000001 1.0 1.0000001 1.0 1.0000001 0.9999999 1.0000174 1.000016 0.9999998 1.0 0.99999994 0.99999976 1.0000001 1.0
1.0000231 0.9999766 1.0 1.0 1.0 1.0 0.9999999 0.9999999 1.0000368 0.99999875 1.0000001 1.0 1.0000001 1.0000001 0.99999994 1.0000001
0.9999798 0.9999553 0.99999994 1.0 0.99999994 0.9999999 0.9999995 0.99999994 1.0000024 0.9999452 0.99999964 0.9999998 1.0 1.0 0.9999998 0.9999996
0.99996126 1.0000367 0.99999994 0.9999998 0.9999994 1.0 0.99999994 1.0 1.0000198 0.99997973 0.9999998 0.9999997 0.9999999 1.0000001 1.0 1.0
0.99998826 1.0000974 0.9999998 1.0000004 1.0 0.9999998 1.0000007 1.0000002 0.99997264 1.0000842 0.9999998 0.99999994 0.9999998 1.0000001 1.0 1.0000006
1.0000024 1.000133 1.0000004 1.0000001 1.0000001 1.0000004 1.0000007 1.0000007 1.0000361 1.0001007 0.9999999 0.99999994 0.99999976 1.0000005 1.0 1.0000008
1.0000411 1.0001957 1.0000002 1.0 1.0 1.0000008 1.0000005 1.0000013 1.0001016 1.0000969 0.99999994 0.99999994 1.0 1.000001 1.0 1.0000007
1.0000266 1.0001786 1.0 1.0000001 1.0 1.0000006 1.0000002 1.0000006 1.0001031 1.000056 0.99999994 0.9999999 1.0 1.0000007 1.0000001 1.0000002
0.9999868 1.0001109 1.0 1.0 1.0 1.0000004 1.0 1.0000002 1.0000786 1.0000439 0.99999994 1.0000001 1.0 1.0000004 0.9999999 1.0000001
0.9999848 1.0000707 1.0 1.0 0.99999994 1.0000001 1.0 1.0000001 1.0000815 1.0000188 1.0 0.99999994 1.0000002 1.0000002 1.0000001 1.0000001
0.9999573 1.000023 0.9999999 1.0 0.9999997 0.99999994 1.0 0.99999994 1.000037 0.9999761 1.0 0.99999964 0.9999999 0.99999994 1.0000001 1.0
1.0000082 1.0000572 1.0 0.9999999 0.99999994 1.0 0.99999994 1.0 1.0000695 1.0000024 1.0000001 1.0 1.0000002 1.0000001 1.0000001 1.0000001
1.0000494 1.0001179 1.0000001 0.99999976 1.0000006 0.99999994 1.0000011 1.0000002 1.0000112 1.0001338 1.0 1.0000005 1.0 1.0000001 1.0000006 1.000001
1.0000609 1.0001597 1.0000001 1.0000004 1.0000004 1.0000008 1.0000017 1.0000008 1.0000652 1.0001545 1.0000002 1.0000006 1.0000001 1.0000006 1.0000008 1.0000017
1.0001296 1.0002245 1.0000001 1.0000005 1.0000004 1.0000013 1.0000017 1.0000015 1.0001589 1.0001513 1.0000006 1.0000005 1.0000004 1.0000018 1.0000002 1.0000014
1.0001185 1.000208 1.0 1.0000004 1.0000002 1.0000017 1.000001 1.000001 1.0001627 1.0001024 1.0000006 1.0000001 1.0000008 1.0000012 1.0000001 1.0000007
1.0000588 1.0001308 1.0 1.0000002 1.0 1.0000013 1.0000001 1.0000002 1.0001298 1.0000484 1.0000002 1.0000001 1.0000006 1.000001 1.0000001 1.0
1.0000283 1.0000864 1.0 1.0000001 1.0 1.0000002 1.0 1.0000001 1.0000938 1.0000061 1.0 1.0 1.0000002 1.0 1.0000001 1.0000002
0.99999774 1.0000353 0.9999999 0.99999994 1.0 1.0 1.0000001 1.0 1.0000489 0.9999899 1.0000001 1.0 1.0 1.0000001 1.0000002 1.0000001
1.0000606 1.0000435 1.0 1.0 0.99999994 1.0 1.0 0.9999999 1.0001066 1.000035 1.0000001 1.0 1.0000004 1.0 1.0000001 1.0000001
1.0001159 1.0001165 1.0000002 0.99999994 1.0000011 0.9999999 1.0000008 1.0000001 1.0000457 1.0001967 1.0000001 1.0000007 1.0000001 1.0 1.0000017 1.0000008
1.00016 1.000154 1.0000006 1.000001 1.0000015 1.0000007 1.000001 1.0000005 1.0001279 1.0002189 1.0000007 1.0000017 1.0000001 1.0000005 1.0000017 1.0000017
1.0002264 1.0002105 1.0000008 1.0000015 1.0000017 1.0000011 1.000001 1.0000007 1.0002251 1.0002092 1.0000018 1.0000012 1.000001 1.0000017 1.0000011 1.0000011
1.0002139 1.0001953 1.0000004 1.0000017 1.000001 1.0000011 1.0000006 1.0000004 1.0002211 1.0001632 1.0000012 1.0000008 1.0000017 1.0000012 1.0000005 1.0000006
1.0001342 1.0001225 1.0000001 1.0000014 1.0000001 1.0000011 1.0000001 1.0000001 1.0001874 1.0001134 1.0000011 1.0 1.0000013 1.000001 1.0000001 1.0
1.000088 1.0000794 1.0000001 1.0000001 1.0 1.0000002 1.0 1.0000001 1.0001544 1.0000548 1.0 1.0000001 1.000001 1.0 1.0000001 1.0
1.0000398 1.0000209 0.99999994 0.99999994 1.0000001 0.99999994 1.0 0.99999994 1.0001172 1.0000327 1.0000002 1.0000001 1.0000001 1.0000001 1.0000001 1.0000001
1.0000523 1.0000165 1.0 1.0 1.0 1.0 0.99999994 0.99999994 1.0000907 1.0000232 1.0 1.0000001 1.0 1.0 1.0 1.0
1.0001242 1.0000644 1.0000002 0.9999998 1.0000011 1.0000001 1.0000005 1.0000002 1.000034 1.000177 1.0 1.000001 1.0 0.99999994 1.0000008 1.0000004
1.0001687 1.0000981 1.000001 1.0000007 1.000001 1.0000004 1.0000006 1.0000002 1.0001152 1.0002017 1.0000005 1.0000017 1.0 1.0000004 1.0000011 1.0000011
1.0002252 1.0001569 1.0000015 1.0000011 1.0000011 1.0000007 1.0000005 1.0000004 1.0002118 1.0001898 1.0000017 1.0000011 1.0000005 1.0000012 1.0000002 1.0000006
1.0002084 1.0001487 1.0000012 1.0000012 1.0000006 1.0000005 1.0000004 1.0000002 1.0002006 1.0001533 1.0000011 1.0000007 1.0000012 1.0000007 1.0 1.0000002
1.0001329 1.0000789 1.0000002 1.000001 1.0000001 1.0000005 1.0 1.0000001 1.0001724 1.0001076 1.0000008 1.0 1.0000002 1.0000004 1.0000001 1.0
1.0000882 1.0000453 1.0000001 1.0000001 1.0 1.0000001 0.99999994 1.0 1.0001401 1.000049 1.0 1.0000001 1.0000001 1.0 1.0 0.99999994
1.0000275 0.9999992 1.0 0.99999994 1.0 0.99999994 0.99999994 1.0 1.0000871 1.0000151 1.0000002 1.0 0.99999994 1.0 0.9999999 1.0000001
1.0000303 1.0000033 0.9999999 1.0000001 0.99999994 1.0000001 1.0 0.99999994 1.0000335 0.9999889 1.0 1.0 1.0 1.0 1.0 1.0
1.0000919 1.0000669 1.0000002 1.0 1.0000007 1.0 1.0000004 0.9999999 0.9999829 1.0001059 0.99999994 1.0000005 1.0 1.0 1.0000002 1.0
1.0001328 1.000045 1.0000006 1.0000005 1.0000006 1.0000002 1.0000001 1.0000001 1.0000526 1.000126 1.0000002 1.0000014 0.99999994 1.0 1.0000002 1.0000001
1.0001873 1.0001034 1.000001 1.0000008 1.0000007 1.0000001 1.0000002 1.0000001 1.0001323 1.0001185 1.0000013 1.0000007 1.0000002 1.0000002 1.0000001 1.0000001
1.0001718 1.000096 1.0000004 1.0000007 1.0000006 1.0000002 1.0 1.0 1.0001267 1.0000825 1.0000007 1.0000004 1.0000004 1.0000001 1.0 1.0
1.0001025 1.0000457 1.0000002 1.0000005 1.0 1.0 0.99999994 1.0000001 1.0001017 1.0000399 1.0000005 1.0 1.0000002 1.0 1.0 0.9999998
1.0000631 1.0000134 1.0000001 1.0000001 1.0 1.0 1.0 1.0 1.0000753 0.99999654 1.0 0.99999994 1.0000001 0.99999994 0.99999994 1.0000001
1.0000091 0.9999878 0.99999994 0.99999994 1.0 1.0 1.0 0.99999994 1.0000349 0.99998343 0.99999994 1.0 1.0 1.0000001 1.0000001 1.0000001
1.0000124 0.99997294 1.0 1.0000001 1.0 0.9999998 0.9999999 0.9999997 1.0000235 0.99997526 1.0 1.0 1.0 1.0 0.99999994 0.9999999
1.0000775 0.9999855 1.0000001 1.0 1.0000002 0.9999999 1.0 0.99999994 0.9999797 1.0000664 1.0 1.0 0.99999994 1.0 1.0000001 1.0
1.0000914 1.0000045 1.0000006 1.0000002 1.0000004 1.0 1.0 1.0000001 1.000018 1.0000806 1.0 1.0000004 1.0 0.99999994 1.0000001 1.0
1.0001463 1.0000442 1.0000008 1.0000004 1.0000004 1.0 1.0 1.0 1.0000837 1.0000765 1.0000004 1.0000002 1.0 1.0 1.0000001 1.0
1.0001298 1.0000337 1.0000004 1.0000004 1.0000001 1.0 1.0000001 1.0 1.000082 1.0000492 1.0000002 1.0000001 1.0000001 1.0 0.99999994 1.0
1.0000727 0.9999993 1.0000001 1.0 1.0 1.0 0.99999994 1.0 1.0000619 1.0000097 1.0000001 0.9999999 1.0000001 1.0 1.0 0.9999999
1.0000378 0.99998486 1.0000001 1.0 1.0 1.0 0.99999994 0.99999994 1.0000423 0.9999848 1.0 1.0000001 1.0000001 1.0 0.99999994 1.0
0.9999998 0.9999652 1.0 1.0 1.0000001 0.9999998 1.0 0.9999998 1.0000342 0.99997306 1.0000001 1.0 0.9999999 1.0000001 1.0000001 0.99999994
1.0000006 0.9999463 0.99999964 0.99999994 0.9999998 0.99999994 1.0000001 0.99999946 0.9999716 0.9999422 0.99999976 0.99999964 1.0 0.99999994 0.9999999 0.9999998
1.0000452 0.9999823 0.99999994 0.99999994 0.9999998 1.0000001 0.99999976 1.0000001 0.99994665 1.0000122 0.9999996 0.9999999 1.0 1.0 0.99999946 0.99999994
1.0000432 0.9999996 1.0000001 1.0000001 1.0000001 1.0 1.0000002 1.0000001 0.99998754 1.0000247 0.9999999 0.99999994 1.0 1.0 0.9999999 0.99999994
1.0000776 1.0000247 1.0 1.0000002 1.0 1.0 1.0000001 1.0000001 1.0000297 1.0000155 0.99999994 0.9999999 1.0 1.0 0.99999994 0.99999994
1.0000662 1.000017 0.99999994 1.0 1.0 1.0 1.0000001 1.0 1.0000219 1.0000044 0.9999999 0.9999999 1.0 1.0 0.99999994 0.9999999
1.0000328 0.99998724 1.0 1.0000001 1.0 0.9999999 1.0 0.9999999 1.0000049 0.9999823 0.9999999 1.0 1.0 0.9999999 0.99999994 0.9999999
1.0000056 0.99997413 0.99999994 1.0 0.99999994 1.0 0.9999999 0.9999999 0.9999956 0.99995327 1.0 1.0000001 0.99999994 1.0000001 0.99999994 0.99999964
0.9999813 0.9999498 0.9999998 0.99999994 0.9999999 1.0 0.99999946 0.99999994 0.9999714 0.99993944 1.0000001 0.99999964 1.0000001 0.99999994 0.9999996 0.9999999
0.9999513 1.000051 0.99999994 0.9999999 0.99999934 1.0000004 1.0000001 0.99999994 0.99994713 1.0000436 0.9999998 0.9999995 0.9999996 0.99999994 0.9999998 1.0000001
1.0000132 1.0001032 0.9999999 1.0000002 1.0 1.0000002 1.0000002 1.0000002 0.9999805 1.0001109 0.99999976 0.9999998 0.99999994 0.9999999 1.0 1.0000007
1.0000658 1.0000818 1.0000004 1.0000002 1.0000001 1.0 1.0000001 1.0 0.999997 1.0001547 0.9999998 0.9999998 0.99999994 1.0 1.0000001 1.0000014
1.0000973 1.0000634 1.0000001 1.0000001 1.0 1.0000001 1.0 0.99999994 0.9999981 1.0001633 0.9999998 0.99999976 0.9999999 1.0000001 1.0 1.0000011
1.0000832 1.00004 1.0000001 1.0 1.0 1.0000001 1.0000001 1.0000001 0.9999824 1.0001186 0.9999998 1.0 0.9999999 1.0 1.0000001 1.0000006
1.0000364 1.0000134 1.0000001 1.0000001 1.0 1.0 1.0 0.99999994 0.99998605 1.0000862 1.0 0.9999998 0.99999994 1.0 0.99999994 1.0
1.000045 0.99995977 0.99999994 1.0 1.0 0.99999994 0.99999994 0.99999976 0.9999663 1.000041 0.9999998 0.9999998 1.0 0.99999994 0.99999994 1.0
0.99997914 0.99998367 0.9999999 0.99999994 0.99999976 1.0 0.99999994 0.9999999 0.9999272 1.0000029 0.9999995 0.99999994 0.9999995 0.9999998 1.0 1.0
0.99997574 1.0001101 0.9999998 1.0000001 1.0 0.9999999 1.0000007 1.0000001 0.99999064 1.0001028 0.9999998 0.9999999 0.9999998 1.0000002 1.0 1.0000001
1.0000508 1.0001696 1.0000002 1.0000002 0.9999998 1.0000002 1.0000011 1.000001 1.0000373 1.0001686 1.0 0.9999999 1.0 1.0000002 1.000001 1.0000011
1.0001109 1.0001488 1.0000002 1.0000001 1.0000004 1.0000008 1.0000004 1.0000014 1.000064 1.000227 1.0 1.0 1.0000001 1.0000008 1.0000013 1.0000023
1.0001715 1.0001327 1.0000001 1.0 1.0000006 1.0000012 1.0000002 1.0000005 1.0000818 1.0002418 1.0 1.0000001 1.0 1.0000013 1.0000008 1.0000017
1.0001647 1.0000939 1.0 1.0000001 1.0000008 1.0000008 1.0000001 1.0000002 1.0000403 1.0001881 0.99999994 1.0 1.0 1.0000008 1.0000002 1.0000013
1.0000974 1.000033 1.0 1.0 1.0000002 1.0000002 1.0 1.0000001 1.0000231 1.0001223 1.0000001 1.0 0.9999999 1.0000002 1.0000001 1.0000001
1.0000832 0.99996984 1.0 0.99999994 0.99999994 1.0000001 1.0000001 0.99999994 0.9999957 1.0000663 1.0 0.9999999 1.0 1.0000001 1.0000001 1.0000002
1.0000148 1.00001 0.99999994 0.99999994 0.99999994 1.0 1.0 1.0 0.99996936 1.0000374 0.9999997 0.9999998 1.0 0.99999994 1.0000001 1.0
1.0000001 1.0001514 0.9999999 1.0000001 1.0 0.9999999 1.0000012 1.0000002 1.0000648 1.0000825 1.0 1.0000001 1.0 1.0000002 1.0 0.99999994
1.0000775 1.0002307 1.0000002 1.0000008 0.99999994 1.0000004 1.000002 1.0000013 1.0001079 1.0001504 1.0000005 1.0000002 1.0000005 1.0000002 1.0000014 1.0000008
1.0001686 1.0002033 1.0000006 1.0000007 1.0000008 1.0000008 1.0000015 1.0000015 1.0001663 1.0002033 1.0000007 1.0000004 1.0000008 1.000001 1.0000017 1.0000017
1.000232 1.000187 1.0000008 1.0000004 1.0000014 1.0000017 1.000001 1.000001 1.000186 1.0002143 1.0000007 1.0000008 1.0000006 1.0000017 1.0000013 1.0000012
1.0002204 1.0001346 1.0000005 1.0000002 1.0000017 1.0000013 1.0000001 1.0000004 1.0001345 1.0001655 1.0000002 1.0000006 1.0000001 1.0000013 1.0000005 1.0000008
1.0001377 1.0000564 1.0000002 1.0 1.0000014 1.0000002 1.0000001 1.0 1.0000696 1.0001074 1.0000001 1.0000001 1.0000001 1.0000007 1.0000001 1.0
1.0001204 0.99999106 1.0000001 0.99999994 0.99999994 1.0000001 1.0000001 1.0 1.0000347 1.0000889 1.0000001 1.0000001 1.0000001 1.0000001 1.0000001 1.0000001
1.0000466 1.0000339 1.0 1.0 1.0 1.0 1.0 1.0 1.0000135 1.0000372 1.0 1.0 1.0000001 1.0000001 1.0000001 1.0
1.0000019 1.0001708 0.9999999 1.0000002 0.9999999 0.99999994 1.0000011 1.0 1.0000979 1.0000625 1.0000001 1.0000002 1.0 1.0 1.0 1.0
1.0001001 1.0002471 1.0000004 1.0000013 1.0 1.0000001 1.0000019 1.000001 1.0001729 1.0001308 1.0000007 1.0000002 1.0000014 1.0 1.0000006 1.0000004
1.0001918 1.000215 1.0000011 1.0000015 1.0000008 1.0000006 1.0000013 1.000001 1.0002301 1.000183 1.0000017 1.0000008 1.0000018 1.0000004 1.000001 1.0000012
1.0002449 1.0001978 1.0000017 1.0000012 1.0000011 1.0000011 1.0000007 1.0000004 1.0002434 1.000194 1.0000014 1.0000018 1.0000012 1.0000012 1.0000002 1.0000008
1.0002301 1.0001526 1.0000014 1.0000004 1.0000015 1.0000005 1.0000002 1.0000002 1.0001929 1.0001526 1.0000008 1.0000013 1.0000006 1.0000002 1.0 1.0000004
1.0001516 1.0000724 1.0000002 1.0000001 1.0000011 1.0000002 1.0 1.0 1.0001323 1.000102 1.0 1.0000007 1.0000001 1.0 1.0 1.0
1.0001317 0.9999902 1.0000001 1.0 0.99999994 1.0000001 1.0000001 0.99999994 1.0000995 1.0000596 1.0000002 1.0000001 1.0000001 1.0000001 1.0 0.99999994
1.0000482 1.0000372 1.0 1.0 1.0 0.9999999 1.0000001 0.99999994 1.0000548 1.0000311 1.0 1.0000001 1.0000001 1.0 1.0 1.0
1.0000056 1.0001173 0.99999994 1.0 1.0 1.0 1.0000007 1.0000002 1.0000849 1.0000299 1.0 1.0000001 1.0 1.0 1.0 1.0
1.0000501 1.000187 1.0000001 1.000001 1.0 1.0000001 1.0000013 1.0000006 1.0001609 1.000087 1.000001 1.0 1.0000008 1.0 1.0000002 1.0
1.0001348 1.0001606 1.0000006 1.0000012 1.0000005 1.0000002 1.0000007 1.0000005 1.0002201 1.0001326 1.000002 1.0000008 1.0000012 1.0000001 1.0000004 1.0000004
1.0001884 1.0001466 1.0000011 1.0000004 1.000001 1.0000006 1.0000005 1.0000004 1.000224 1.0001471 1.0000015 1.0000013 1.0000005 1.0000005 1.0000002 1.0000002
1.0001788 1.0001078 1.0000006 1.0000002 1.000001 1.0000004 1.0000001 1.0000002 1.0001842 1.000109 1.0000012 1.0000007 1.0000001 1.0000002 1.0000001 1.0000001
1.0001056 1.0000383 1.0000002 1.0 1.0000005 1.0000001 0.99999994 1.0 1.0001318 1.000058 1.0 1.0000002 1.0000001 1.0000001 1.0000001 0.9999999
1.000091 0.99997133 1.0000001 0.99999994 0.99999994 1.0000001 1.0 0.99999994 1.0000674 1.0000091 1.0000001 1.0 0.99999994 1.0 1.0 1.0000001
1.0000197 1.0000132 0.9999999 0.99999994 1.0 0.99999994 1.0 0.99999994 1.0000298 1.0000092 1.0 0.99999994 0.99999994 1.0000001 1.0 1.0
0.9999881 1.0001131 0.99999994 1.0000001 0.99999994 0.9999999 1.0000004 0.99999994 1.0000343 1.0000075 1.0 1.0 1.0 1.0 0.99999994 1.0
1.0000505 1.0001206 1.0000001 1.0000006 1.0 0.9999999 1.0000005 1.0000001 1.0000942 1.000022 1.0000004 1.0 1.0000002 1.0 1.0 0.99999994
1.000068 1.0000969 1.0000004 1.0000006 1.0000002 1.0000001 1.0000002 1.0 1.0001376 1.0000529 1.0000015 1.0000001 1.0000002 1.0 1.0000001 1.0
1.0001215 1.0000893 1.0000007 1.0000004 1.0000002 1.0000001 1.0 1.0 1.0001477 1.0000689 1.0000008 1.0000004 1.0000002 1.0000001 1.0 0.99999994
1.0001162 1.0000632 1.0000004 1.0000002 1.0000002 1.0 1.0 1.0000001 1.0001079 1.0000392 1.0000005 1.0000002 1.0 1.0 0.99999994 1.0
1.0000633 1.0000038 1.0000001 1.0 1.0 1.0000001 1.0 0.99999994 1.0000598 1.0000017 1.0 1.0 1.0000001 0.99999994 1.0 0.9999998
1.0000529 0.9999558 1.0 0.99999994 1.0 1.0 1.0 0.99999994 1.000018 1.0000031 0.9999999 1.0000001 1.0 1.0 0.99999994 1.0000001
0.99999964 0.9999995 1.0 1.0 1.0000001 0.99999994 1.0000001 0.9999999 0.9999971 0.9999765 1.0 1.0 1.0 0.99999994 0.99999994 0.9999999
0.99996114 1.0000455 0.99999994 0.99999994 0.9999999 0.99999976 1.0000001 1.0 1.0000451 0.99995005 0.9999996 1.0 1.0 0.99999994 0.99999994 0.9999995
0.9999918 1.0000635 0.9999999 1.0000002 0.9999998 1.0 1.0 1.0000001 1.0000731 0.9999649 0.99999994 1.0000001 1.0 1.0 0.9999999 0.99999994
1.000028 1.0000433 1.0000001 1.0000001 1.0000001 1.0 1.0 0.99999994 1.0001162 0.9999814 0.99999994 1.0000005 1.0 1.0000001 0.99999994 0.99999994
1.0000633 1.0000395 1.0000002 1.0 1.0 1.0 1.0 0.9999999 1.000126 0.99998724 0.9999999 1.0000001 1.0000001 1.0000001 0.99999994 0.99999994
1.0000559 1.0000241 1.0 1.0000001 1.0 0.9999999 1.0 1.0 1.000097 0.9999733 0.9999999 1.0000001 1.0000001 1.0 0.99999994 0.9999999
1.0000211 0.9999839 1.0000001 1.0 1.0 1.0 1.0 1.0 1.0000523 0.9999533 1.0 1.0 1.0 1.0 0.9999999 0.9999999
1.0000253 0.9999475 1.0 0.99999994 0.9999998 1.0 1.0 0.99999976 1.0000367 0.99994195 1.0000001 1.0000001 1.0 0.99999994 0.9999999 0.99999964
0.99997866 0.99997467 0.99999994 0.99999994 0.9999998 0.9999999 1.0 0.9999998 1.0000033 0.9999185 0.9999994 1.0 0.99999994 0.99999994 0.99999946 0.99999964
0.9999422 1.0000254 0.99999964 1.0 0.9999999 1.0 0.9999996 1.0000002 0.9999677 0.99997234 0.99999976 0.9999995 0.9999999 1.0 0.9999999 0.9999997
0.9999767 1.0000441 1.0 1.0000001 1.0000001 1.0 0.99999976 1.0000001 1.0000086 1.0000049 0.99999976 0.9999998 1.0 1.0 0.9999999 0.99999994
1.0000197 1.0000294 1.0000001 1.0 1.0 1.0 1.0000002 1.0000001 1.0000311 1.0000309 0.9999999 0.9999999 1.0 1.0000001 0.99999994 1.0
1.0000501 1.0000364 1.0 1.0 1.0 0.99999994 1.0000001 1.0000001 1.0000325 1.0000324 0.9999999 0.9999998 1.0 1.0000001 1.0 1.0
1.0000329 1.0000064 0.99999994 1.0 0.9999999 0.99999994 1.0000001 0.9999999 1.0000101 1.0000165 0.9999998 1.0 0.99999994 1.0000001 0.99999994 0.99999994
1.0000052 0.99997604 1.0000001 0.99999994 1.0 1.0 1.0000001 0.9999999 1.0000154 0.99999493 1.0 0.99999976 1.0000001 0.99999994 0.99999994 0.9999999
1.000001 0.9999348 1.0 0.99999976 1.0 0.9999998 0.99999946 0.9999999 0.9999946 0.9999653 0.99999976 0.99999994 1.0 1.0 0.9999999 0.99999964
0.9999484 0.9999617 0.99999976 0.99999994 0.9999999 1.0 0.99999994 1.0 0.9999442 0.99995303 0.99999964 1.0 0.99999976 0.99999994 0.9999997 0.9999999
0.9997521 0.99968296 0.9999935 0.99999297 0.9999926 0.9999908 0.99999493 0.99999267 0.9997798 0.9997271 0.99999267 0.99999374 0.9999934 0.99999195 0.9999966 0.9999923
1.0000218 0.99984807 0.9999922 1.0000012 1.0000061 0.99999887 0.99999374 1.0 0.9997764 1.0001256 0.999991 0.99999374 0.99999356 0.9999962 0.9999998 0.9999986
1.0002035 1.0000303 0.99999905 1.0000054 1.0000235 1.0000113 0.9999975 1.0000019 1.0000428 1.0000981 0.99999213 0.99999964 0.99999774 0.9999942 1.0000012 0.9999995
1.000282 1.0000392 1.000007 1.0000002 1.0000144 1.0000017 1.000003 0.9999985 1.0000801 0.9999438 0.9999947 1.000001 0.9999995 0.9999941 0.9999991 0.9999969
1.0002297 0.99997675 1.0000023 1.0 1.0000076 1.0000005 0.9999998 0.99999994 0.9999835 1.0000339 0.9999946 0.9999996 0.9999975 0.99999475 0.9999993 0.9999976
1.0000527 0.9998647 0.9999989 1.0000001 1.0000138 1.000002 0.99999803 0.99999934 0.9999886 0.9999502 0.99999404 0.9999991 0.99999744 0.9999929 0.99999875 0.9999975
1.0000728 0.9999805 1.0000007 0.9999968 1.0000033 0.9999994 1.0 0.9999965 0.99999386 0.99987316 0.9999946 0.99999917 0.99999774 0.9999917 0.9999967 0.9999949
0.99968445 0.9997304 0.9999918 0.9999975 0.9999981 0.9999959 0.9999923 0.9999971 0.9998996 0.99968725 0.99999076 0.9999932 0.9999971 0.99999535 0.9999964 0.99999225
0.99973696 1.000139 0.9999936 0.999993 0.99999046 0.99999994 0.99999845 0.9999963 1.0000165 0.99991477 0.9999923 0.99999475 1.0000052 1.0000013 0.99999994 1.0000002
0.999933 1.0005479 0.9999917 1.0000012 0.99999857 0.9999983 1.0000148 1.000016 0.9999557 1.0005286 0.9999922 0.9999984 0.9999992 1.000001 1.0000154 1.0000153
0.9999998 1.0008967 0.99999857 1.0000046 1.0000074 1.0000068 1.0000226 1.000032 1.0002725 1.0005028 0.9999965 0.9999994 1.0000032 1.0000114 1.0000112 1.0000196
1.0000833 1.0009179 1.0000058 1.0 0.99999994 1.0000238 1.0000151 1.0000248 1.0004992 1.0002517 0.99999946 0.99999607 1.0000122 1.0000194 1.0000085 1.0000126
1.0001366 1.0008835 1.0000013 0.99999976 0.99999887 1.0000179 1.000011 1.0000187 1.0003679 1.000399 0.9999969 0.9999971 1.0000125 1.0000145 1.0000091 1.0000136
0.99990857 1.0005889 0.9999987 1.0 1.000001 1.0000063 1.0000118 1.0000243 1.00036 1.0002434 0.9999969 0.99999714 1.00001 1.0000131 1.0000038 1.0000119
0.99992144 1.0005723 1.0000002 0.999996 0.9999983 1.0000137 1.0000001 1.0000118 1.0003228 1.0001011 0.9999974 0.99999475 1.0000093 1.0000126 0.9999999 1.0000043
0.9996214 1.0000281 0.99999154 0.99999714 0.99999404 0.9999953 1.000001 1.0 1.000192 0.99984986 0.9999951 0.99999416 0.99999875 1.0000051 1.0000046 1.0
1.0000032 1.0001067 0.9999916 0.9999991 0.99999744 1.0000006 0.9999996 0.9999941 1.000213 1.0000783 0.9999999 0.9999979 1.0000232 1.0000069 1.0000126 1.0000024
1.0002617 1.0005201 1.0000036 0.9999962 1.000011 0.9999998 1.00002 1.0000125 1.000038 1.0008699 0.999999 1.0000072 1.0000091 1.0000052 1.0000306 1.000022
1.0006093 1.0009112 1.0000211 1.0000049 1.0000192 1.0000135 1.0000277 1.0000296 1.0006065 1.0008677 1.0000042 1.0000113 1.0000206 1.0000196 1.0000292 1.0000271
1.000646 1.0009115 1.0000092 1.0000219 1.0000111 1.0000284 1.0000191 1.0000219 1.0008668 1.0005472 1.0000111 1.0000061 1.0000288 1.0000259 1.0000272 1.0000203
1.0006772 1.0008878 1.0000048 1.0000162 1.000008 1.0000237 1.0000176 1.0000153 1.0006914 1.0007038 1.0000074 1.0000057 1.0000294 1.0000218 1.0000266 1.0000211
1.00032 1.0005606 1.0000094 1.0000044 1.000008 1.0000111 1.0000166 1.0000204 1.0006545 1.0005265 1.0000056 1.0000052 1.0000274 1.0000203 1.0000203 1.0000185
1.0003446 1.0005423 1.0000007 1.0000106 1.0 1.0000184 1.0000012 1.0000064 1.0006117 1.0001532 1.0000057 1.0000004 1.0000263 1.0000193 1.0000106 1.0000086
0.9999096 0.99996454 0.9999967 0.9999948 1.0000004 0.99999726 1.0000037 0.99999934 1.0003618 1.0000148 1.0000014 0.99999756 1.0000097 1.0000224 1.0000104 1.0000018
1.0001293 0.9999406 0.999995 1.0000006 0.9999995 0.9999993 0.9999966 0.9999939 1.0002977 1.0000616 1.0000082 1.0000038 1.0000154 1.0000007 1.0000024 0.99999875
1.0005186 1.0002623 1.0000129 0.99999964 1.00002 0.9999968 1.0000124 1.0000091 1.0001147 1.0009177 1.0000067 1.0000237 1.0000006 1.0000005 1.000024 1.0000143
1.0009065 1.0005863 1.0000298 1.0000129 1.0000273 1.0000066 1.0000216 1.0000281 1.0006663 1.0008907 1.0000213 1.0000281 1.0000108 1.0000116 1.0000206 1.000019
1.0009114 1.0005932 1.0000217 1.0000283 1.0000186 1.0000242 1.0000106 1.0000188 1.000893 1.0005863 1.0000277 1.0000229 1.0000223 1.0000184 1.0000186 1.0000103
1.0008986 1.0005755 1.0000172 1.0000234 1.0000176 1.0000168 1.0000075 1.0000119 1.0007288 1.0007304 1.0000241 1.0000231 1.000022 1.0000129 1.0000178 1.0000108
1.000568 1.0002584 1.0000219 1.0000108 1.0000163 1.0000048 1.0000076 1.000017 1.0006772 1.00057 1.0000229 1.0000206 1.0000198 1.0000097 1.0000093 1.0000101
1.0005505 1.0002801 1.0000086 1.000018 1.0000011 1.0000107 1.0000001 1.0000052 1.0006427 1.0002153 1.0000212 1.0000104 1.0000179 1.0000106 1.0000007 1.0000015
0.9999766 0.9997992 0.9999999 0.999997 1.0000038 0.999994 1.0000001 0.99999875 1.0004257 1.0000219 1.0000125 1.0000037 1.0000014 1.0000123 1.0000031 0.9999988
1.0000042 1.0000325 0.9999949 0.9999998 0.9999972 0.99999905 0.9999979 0.9999947 1.0002441 1.0000027 1.0000021 0.99999964 1.000008 1.0000001 1.0000001 0.9999998
1.0004019 1.0004066 1.0000138 0.9999973 1.0000149 0.99999684 1.0000123 1.0000092 1.0001556 1.000878 1.0000018 1.0000178 0.9999999 1.0 1.0000181 1.0000103
1.0007358 1.0007185 1.0000302 1.0000086 1.0000237 1.0000063 1.0000211 1.0000266 1.0006804 1.0008656 1.0000161 1.000023 1.0000051 1.0000082 1.0000141 1.0000159
1.0007411 1.0007148 1.0000232 1.0000256 1.0000131 1.0000226 1.0000101 1.0000162 1.0008746 1.0005608 1.0000226 1.0000163 1.0000161 1.0000155 1.0000112 1.0000073
1.0007118 1.0007061 1.0000166 1.0000179 1.0000091 1.0000165 1.0000077 1.000011 1.0006936 1.0007178 1.0000174 1.0000173 1.0000155 1.0000088 1.0000112 1.0000074
1.000398 1.0004122 1.0000217 1.0000061 1.0000101 1.0000045 1.0000077 1.0000167 1.0006588 1.0005937 1.000017 1.0000153 1.000013 1.000007 1.0000044 1.000007
1.0004032 1.0003994 1.0000079 1.0000134 1.0000001 1.000011 1.0000001 1.0000051 1.0006183 1.0002588 1.0000153 1.0000042 1.000011 1.0000073 0.9999998 1.0000008
0.99988145 0.9998967 0.99999964 0.99999464 1.0000005 0.9999953 1.0000002 0.9999991 1.0003637 0.9999654 1.0000051 0.99999964 0.99999994 1.0000055 1.0000021 0.9999996
0.999972 0.9999273 0.99999404 0.99999875 0.9999978 0.9999991 0.9999974 0.99999213 1.0000557 0.9998894 0.99999946 0.99999756 1.0000135 1.0000004 1.000003 0.99999994
1.0003779 1.0002009 1.0000108 0.9999967 1.0000119 0.9999964 1.0000107 1.0000032 0.9999238 1.0005689 0.99999917 1.0000061 1.0000012 1.0000001 1.0000237 1.0000104
1.0006826 1.000489 1.0000291 1.0000062 1.0000209 1.000005 1.0000173 1.0000185 1.000324 1.00053 1.0000043 1.000011 1.0000104 1.0000077 1.0000204 1.0000145
1.0006777 1.0005248 1.0000198 1.0000228 1.0000097 1.0000192 1.0000094 1.0000088 1.000538 1.0002476 1.0000105 1.0000039 1.0000211 1.0000138 1.0000181 1.0000076
1.0006545 1.0005505 1.000013 1.0000161 1.0000068 1.0000131 1.0000067 1.0000042 1.0003779 1.0004108 1.0000055 1.0000044 1.0000212 1.0000099 1.000018 1.0000082
1.0003645 1.0002352 1.0000185 1.0000043 1.0000073 1.000004 1.0000076 1.0000092 1.0003495 1.0002441 1.0000037 1.0000039 1.0000186 1.0000077 1.0000094 1.0000079
1.0003586 1.0002751 1.0000056 1.00001 0.9999999 1.0000097 0.9999999 1.0000013 1.0003312 1.0000112 1.0000045 1.0 1.0000176 1.0000082 1.0000012 1.0000017
0.9998545 0.9998157 0.9999991 0.9999949 1.0000001 0.9999953 1.0000006 0.99999654 1.0001785 0.9998603 1.0000004 0.99999726 1.0000013 1.0000113 1.0000026 0.99999976
0.99998194 0.99982566 0.9999943 0.9999995 0.99999756 0.9999962 0.999994 0.99999076 1.0000627 0.9999662 1.000001 1.0000001 1.0000036 0.999996 0.9999994 0.9999957
1.0002805 1.0000318 1.0000091 0.99999696 1.0000107 0.99999416 1.0000033 0.9999985 0.9999192 1.000522 1.0000006 1.0000123 0.99999833 0.99999547 1.0000105 1.0000004
1.0005976 1.0001255 1.0000267 1.0000051 1.0000185 1.0000006 1.0000066 1.000009 1.0003085 1.0005083 1.0000097 1.0000172 1.0000012 1.0 1.0000058 1.000001
1.0006144 1.000155 1.0000172 1.0000198 1.0000095 1.0000093 1.0000014 1.0000008 1.0005158 1.00026 1.0000166 1.0000104 1.0000085 1.0000008 1.0000049 0.9999998
1.0005798 1.0002091 1.0000103 1.0000131 1.0000066 1.0000037 1.000001 0.9999991 1.0003681 1.0004182 1.0000117 1.0000105 1.0000081 1.0 1.0000054 1.0000001
1.000324 1.0000088 1.0000169 1.0000042 1.0000082 1.0000001 1.0000014 1.0000014 1.0003666 1.0002848 1.0000101 1.0000097 1.0000055 1.0 1.0000011 1.0
1.0003344 1.0000165 1.000005 1.0000101 1.0000001 1.0000026 0.99999756 0.99999857 1.0003349 1.0000082 1.0000099 1.0000026 1.0000052 1.0000001 0.9999985 0.99999756
0.9998464 0.9997095 0.9999988 0.99999505 1.0000006 0.999992 0.99999887 0.99999464 1.0001903 0.9999041 1.0000042 1.0 0.9999987 1.0000025 0.99999857 0.9999953
0.9998452 0.9996582 0.9999905 0.99999243 0.99999624 0.99999434 0.9999948 0.99999267 0.99968696 0.99970424 0.99999225 0.9999918 0.9999969 0.9999964 0.999998 0.9999959
1.0001243 0.99979013 0.9999981 1.0000046 0.9999944 1.000004 0.99999344 0.99999976 0.9996242 0.9999891 0.9999922 0.9999954 0.9999965 1.0000011 0.999994 1.0
1.0003268 0.99997926 1.0000081 1.0000205 1.0000014 1.0000098 0.99999756 1.0000018 0.99988073 0.99994695 0.9999945 0.99999696 1.0000006 1.0000032 0.99999636 0.9999994
1.000355 0.99998844 1.0000006 1.0000108 1.0000112 1.0000035 1.000003 0.9999982 0.9999569 0.9997908 0.9999967 0.9999945 1.0000032 1.0000001 0.99999946 0.9999985
1.0003175 0.9999378 0.9999992 1.000005 1.0000046 1.000002 0.9999997 0.99999946 0.99987006 0.99989605 0.99999475 0.99999547 1.0000005 1.0000002 0.9999996 0.9999994
1.0001706 0.99983066 1.000001 1.0000108 1.0000005 1.0000026 0.9999978 0.9999989 0.9998357 0.9998089 0.9999948 0.99999505 1.0000001 1.0000004 0.9999988 0.9999971
1.0001669 0.9999458 0.9999987 1.0000021 1.0000038 0.9999988 0.99999994 0.99999595 0.9998448 0.99969715 0.99999493 0.9999926 1.0000004 0.99999887 0.9999992 0.9999945
0.9997782 0.99970883 0.9999945 0.9999976 0.99999267 0.99999905 0.9999923 0.999997 0.9997785 0.9996807 0.99999344 0.9999917 0.99999917 0.99999624 0.9999944 0.999998
0.9995941 1.0001191 0.9999919 0.99999124 0.9999891 1.0000017 1.0000057 0.9999984 0.99961144 1.0001214 0.99999154 0.9999898 0.99999243 1.0000055 0.9999992 1.0000012
0.9995712 1.0002457 0.99998903 1.0000011 0.9999944 1.000004 1.0000236 1.0000074 0.99972737 1.0004667 0.9999902 0.99999225 0.9999942 1.000003 1.0000119 1.000011
1.0002078 1.0000035 0.99999875 1.0000238 1.0000087 1.0 1.000011 1.0000002 0.99972975 1.0006324 0.99999225 0.9999917 0.9999963 1.0000114 1.0000105 1.0000188
1.0002939 1.0000596 1.0000072 1.0000148 1.0000011 0.99999946 1.0000054 0.99999845 0.9996932 1.0005074 0.9999926 0.9999919 0.9999945 1.0000116 1.0000099 1.0000141
0.9999155 1.0000528 1.0 1.0000029 0.9999973 1.0 1.0000123 1.0000005 0.9997248 1.0005013 0.9999919 0.99999213 0.99999446 1.0000093 1.0000079 1.0000122
1.0001051 0.99987996 0.99999934 1.0000144 1.0000012 0.9999957 1.000002 0.9999984 0.9996968 1.0003914 0.99999225 0.99999154 0.9999948 1.0000088 1.0000038 1.0000113
1.0000254 0.99959743 0.9999915 1.0000007 1.0000038 0.9999987 0.9999971 0.9999937 0.9997483 1.0002965 0.9999921 0.9999914 0.9999936 1.0000052 0.9999998 1.0000045
0.9996285 0.9998104 0.9999929 0.9999922 0.9999899 0.99999803 0.9999991 0.9999954 0.9996173 0.99999887 0.9999908 0.999992 0.99999213 0.9999995 1.0000001 1.0000001
0.9997237 1.0004827 0.99999017 1.0000037 0.99999446 0.99999267 1.0000111 1.0000132 0.9995668 1.0002561 0.9999892 1.0000005 0.99999624 1.0000229 1.0000082 1.0000051
0.9997395 1.0007465 0.9999993 1.0000191 0.9999912 1.0000046 1.0000176 1.0000294 0.9997205 1.00072 0.9999913 0.9999989 1.0000033 1.0000196 1.0000285 1.0000181
1.0007168 1.0004216 1.0000209 1.0000058 1.000004 1.0000299 1.0000073 1.0000194 0.9998541 1.0009152 0.9999936 1.0000032 1.0000019 1.0000279 1.0000286 1.0000243
1.0008314 1.0004755 1.00001 1.0000024 1.0000226 1.0000238 1.0000054 1.0000141 0.9997981 1.0007786 0.99999225 1.0000032 1.0000019 1.000029 1.0000273 1.0000199
1.0002905 1.0004194 1.0000004 1.000008 1.0000086 1.0000094 1.0000061 1.0000205 0.9998108 1.0007632 0.999992 1.0000017 1.0000013 1.0000271 1.0000256 1.0000188
1.0004582 1.0001771 1.0000097 1.0000001 1.0000043 1.0000225 0.9999998 1.0000063 0.99970406 1.0006467 0.9999922 1.0000019 1.0 1.000026 1.0000185 1.0000175
1.0004622 0.9997931 1.000001 0.9999955 0.99999326 1.0000116 1.0000098 0.9999993 0.99974877 1.0004141 0.9999917 1.0000004 0.99999696 1.0000215 1.000011 1.0000085
0.99982953 1.0000808 0.9999906 0.99999744 0.9999976 0.99999374 1.000001 1.0 0.99958247 1.0001917 0.9999927 0.9999964 0.99999774 1.0000098 1.0000126 1.0000012
0.9997541 1.0006788 0.9999926 1.0000128 0.9999965 0.9999916 1.0000201 1.0000123 1.0002123 1.0000185 0.9999996 1.0000235 1.00001 1.0000124 1.0000006 1.0
0.9998841 1.0009438 1.0000042 1.000029 0.99999386 1.0000027 1.0000257 1.0000292 1.0006902 1.0004306 1.0000037 1.0000201 1.000029 1.0000069 1.0000199 1.0000072
1.0009248 1.0005852 1.0000296 1.0000185 1.000011 1.0000294 1.000016 1.0000182 1.0008775 1.0005708 1.0000098 1.0000286 1.0000287 1.0000198 1.0000176 1.0000151
1.0010173 1.0005963 1.000023 1.000013 1.0000286 1.0000228 1.0000122 1.0000103 1.0007414 1.0004457 1.0000066 1.0000293 1.0000273 1.0000191 1.0000174 1.0000076
1.0004157 1.0005854 1.000009 1.0000191 1.0000168 1.0000069 1.0000145 1.0000184 1.0007317 1.0004324 1.0000045 1.0000273 1.0000261 1.000017 1.0000148 1.0000066
1.0006323 1.0003011 1.0000217 1.0000057 1.0000103 1.0000203 1.0000001 1.0000048 1.0006156 1.0003345 1.0000046 1.0000259 1.0000198 1.0000156 1.0000066 1.0000064
1.0006113 0.99980044 1.0000092 0.9999991 0.9999953 1.0000185 1.0000069 0.99999774 1.0003774 1.000162 1.0000007 1.0000222 1.000012 1.0000091 1.0000007 1.0000012
0.9999045 1.000122 0.9999938 1.0 1.0000004 0.99999297 1.0000045 0.99999964 1.0002251 1.0000061 0.99999887 1.0000118 1.0000144 1.0000011 1.0000021 0.9999995
0.9997014 1.0005567 0.9999924 1.0000138 0.9999943 0.9999921 1.0000148 1.0000108 1.0003307 1.0000663 1.0000091 1.0000159 1.0000017 1.0000054 0.99999934 0.9999999
0.9998037 1.0008067 1.0000054 1.0000294 0.99999255 1.0000035 1.0000206 1.0000281 1.0008326 1.0004647 1.000022 1.0000116 1.0000235 1.0000024 1.0000126 1.0000054
1.0007858 1.0004466 1.0000299 1.0000201 1.000008 1.0000293 1.0000079 1.000017 1.0009933 1.0005746 1.0000284 1.0000229 1.0000217 1.0000124 1.0000097 1.0000112
1.0008748 1.0004516 1.0000248 1.0000132 1.0000263 1.0000217 1.0000066 1.0000091 1.0008593 1.0004413 1.0000248 1.0000232 1.0000213 1.0000124 1.0000086 1.0000062
1.0002711 1.0004474 1.0000082 1.00002 1.0000101 1.0000057 1.0000072 1.000017 1.0008394 1.0004416 1.0000235 1.0000205 1.0000188 1.0000083 1.0000067 1.0000055
1.0004872 1.0001961 1.000022 1.000006 1.0000061 1.0000193 1.0 1.0000048 1.0007278 1.0003757 1.0000219 1.0000197 1.0000101 1.0000068 1.0000024 1.0000051
1.0004742 0.9997443 1.0000098 0.9999985 0.9999933 1.0000148 1.0000062 0.99999815 1.0004674 1.0001985 1.0000135 1.0000131 1.0000025 1.0000037 0.99999964 1.0000004
0.9998252 1.0000321 0.99999356 0.9999998 0.9999987 0.9999931 1.0000011 0.9999998 1.0002245 0.99998444 1.0000051 1.0000023 1.0000035 0.9999999 1.0 0.9999996
0.99973154 1.0005264 0.999992 1.0000103 0.9999948 0.99999195 1.0000117 1.0000086 0.9999084 1.0000576 1.0 1.0000029 0.999998 1.0000122 1.0000008 1.0
0.99982154 1.0007845 1.000003 1.0000286 0.9999917 1.0000017 1.0000184 1.0000259 1.0002873 1.0004028 1.000008 1.0000008 1.0000094 1.0000079 1.0000191 1.000006
1.0007582 1.0004226 1.0000288 1.0000174 1.0000055 1.0000263 1.0000063 1.0000135 1.0004011 1.0005481 1.0000169 1.0000088 1.0000056 1.000018 1.0000175 1.0000113
1.0008312 1.0004296 1.0000209 1.0000082 1.0000235 1.0000173 1.0000049 1.000007 1.0002586 1.0004269 1.0000098 1.000008 1.0000058 1.00002 1.0000174 1.0000073
1.0002563 1.0004429 1.0000055 1.0000166 1.0000077 1.000004 1.0000061 1.000014 1.0002563 1.0004357 1.0000072 1.0000055 1.0000046 1.0000168 1.0000149 1.0000063
1.000472 1.000183 1.000019 1.0000045 1.0000044 1.0000165 0.9999998 1.0000036 1.0001978 1.0003247 1.0000075 1.0000045 1.0000006 1.0000161 1.0000079 1.000006
1.0004463 0.9997579 1.000006 0.9999977 0.99999386 1.0000112 1.0000054 0.99999744 1.0000527 1.0001917 1.0000013 1.000002 0.99999857 1.00001 1.0000014 1.0000012
0.9998406 1.0000281 0.999993 0.9999997 0.9999982 0.999993 1.0000006 0.99999946 0.99982154 1.0 0.9999989 0.9999989 0.9999992 1.0000013 1.0000026 0.99999994
0.9996947 1.0003835 0.9999919 1.0000086 0.9999949 0.9999905 1.0000106 1.0000038 1.0001047 0.9998614 0.9999995 1.0000143 1.0000011 1.0000025 0.9999981 0.99999505
0.99969715 1.0006282 1.0000018 1.0000262 0.9999917 0.99999946 1.0000153 1.000017 1.0004493 1.0001444 1.0000044 1.0000105 1.000022 1.0000004 1.0000062 0.99999964
1.0006034 1.0003108 1.0000267 1.0000136 1.0000043 1.000018 1.0000057 1.0000052 1.0006046 1.0002704 1.0000099 1.0000216 1.00002 1.0000058 1.0000045 1.0000001
1.000701 1.0003561 1.0000181 1.000007 1.0000207 1.0000095 1.0000045 1.0000026 1.0004687 1.0001756 1.000006 1.000022 1.0000196 1.0000055 1.0000048 0.99999994
1.0001808 1.0003196 1.0000044 1.0000145 1.0000074 1.0000008 1.0000055 1.0000073 1.0004779 1.0001919 1.0000044 1.000019 1.000018 1.0000044 1.0000038 0.99999994
1.0003406 1.0001034 1.0000167 1.0000037 1.0000043 1.0000093 0.99999976 1.0000005 1.0003568 1.0000924 1.0000043 1.0000178 1.0000095 1.0000038 1.0000004 1.0
1.0003649 0.9997115 1.0000056 0.9999976 0.9999936 1.0000114 1.0000015 0.9999958 1.0002378 0.9999914 1.0000004 1.0000124 1.0000027 1.0000012 0.9999987 0.99999803
0.99978614 0.99999034 0.9999929 0.99999946 0.9999979 0.9999911 1.000001 0.9999979 1.0000331 0.9998798 0.99999887 1.0000026 1.0000035 0.99999887 0.9999994 0.9999954
0.9996833 1.0002381 0.9999912 1.0000044 0.9999927 0.9999896 1.000004 0.9999989 1.0000304 0.9996004 0.99999183 1.000001 1.0000039 0.9999986 0.9999964 0.99999374
0.999722 1.0003804 1.0000004 1.00002 0.9999909 0.9999956 1.0000074 1.0000095 1.0004252 0.99977285 0.9999936 1.0000104 1.0000015 1.0000092 0.99999505 0.9999991
1.0003445 1.0001118 1.0000204 1.0000085 1.0000007 1.0000095 1.0000012 1.0000006 1.0005809 0.9997901 0.9999956 1.0000176 1.0000088 1.0000069 0.9999989 0.9999978
1.0003936 1.00017 1.0000111 1.0000039 1.0000118 1.0000018 1.0000007 0.9999991 1.0004472 0.9997455 0.99999356 1.0000137 1.000009 1.0000069 0.9999988 0.99999815
1.0000278 1.0001826 1.0000023 1.0000098 1.0000015 0.99999803 1.0000015 1.0000013 1.0004612 0.99973524 0.99999374 1.0000114 1.0000063 1.0000056 0.99999774 0.99999815
1.0002263 0.9999987 1.0000116 1.0000017 1.0000005 1.0000019 0.99999815 0.999999 1.0003716 0.99970686 0.9999937 1.000011 1.0000056 1.0000014 0.99999803 0.9999958
1.00015 0.9996851 1.0000024 0.99999636 0.99999154 1.0000036 0.9999991 0.9999943 1.0001602 0.9996678 0.99999225 1.000004 1.0000025 0.9999993 0.99999666 0.99999404
0.99971724 0.9998982 0.9999918 0.9999987 0.9999956 0.9999901 0.99999964 0.9999963 1.0000118 0.9996836 0.9999916 1.0000004 0.9999992 0.9999999 0.999994 0.9999952
0.99955803 0.999937 0.99999046 0.99999917 0.99999064 0.9999996 0.9999924 1.0000002 0.9996781 0.99980813 0.99999225 0.9999905 0.9999932 0.99999803 0.99999887 0.99999547
0.99952435 1.0001552 0.99999523 1.000008 0.9999964 1.000011 0.9999914 1.0000011 0.99984807 1.0000571 0.9999908 0.9999937 0.99999815 1.000001 0.9999973 1.0
1.0001942 0.99997115 1.0000098 1.0000008 1.0000123 1.0000018 0.99999845 0.9999992 0.99987304 1.0001048 0.99999344 0.999993 1.0000001 1.0000042 0.99999994 0.99999976
1.000189 0.99995416 1.0000018 0.9999991 1.0000025 0.99999976 1.0000042 1.0000001 0.99981576 1.0000106 0.99999356 0.9999933 0.9999985 1.0000006 0.9999998 0.99999976
0.9997835 0.9999736 0.9999982 1.0000013 0.99999917 1.0000025 0.9999988 0.9999996 0.99984413 1.0000294 0.9999931 0.9999934 0.999998 1.0000001 0.9999997 0.9999995
1.0000111 0.9999292 1.000002 0.99999887 1.000003 1.0000001 0.99999887 0.99999636 0.999799 0.99999774 0.999993 0.9999921 0.9999981 1.0000012 0.9999997 0.9999981
1.000028 0.99972314 0.99999905 0.9999942 0.9999997 0.99999535 0.9999922 1.0000001 0.9997794 0.9998971 0.9999926 0.99999154 0.9999961 0.99999946 0.99999857 0.99999624
0.99954474 0.9998073 0.99998945 0.999995 0.9999902 0.9999963 0.99999404 0.9999973 0.9995942 0.99977547 0.99999034 0.99999195 0.9999956 0.99999666 0.999995 0.9999963
0.99758506 0.99807566 0.99999064 0.99998385 0.99996775 0.9999746 0.9999818 0.9999897 0.99718183 0.9979842 0.9999665 0.99999046 0.99998283 0.9999776 0.9999835 0.99998957
0.99880517 0.9990568 0.99997914 1.0000427 0.99997675 0.9999847 0.9999722 1.0000304 0.99682844 0.99714017 0.99997485 0.99998724 0.99997973 0.99996436 1.0000024 0.9999887
1.0026485 1.0013437 1.0000274 1.0000167 1.0000298 1.000021 1.0000176 0.9999963 0.99695355 0.99744594 0.9999617 1.0000002 0.99998647 0.99997044 1.0000051 0.9999906
1.0014088 0.99999607 1.000036 1.0000021 1.0000267 1.0000149 1.0000117 0.99998987 0.99775785 0.99734044 0.9999651 1.0000081 0.99999297 0.9999718 0.9999987 0.9999869
0.9990569 0.9990451 1.0000013 1.0000317 0.9999894 0.9999902 0.99998945 1.0000117 0.9973209 0.9975197 0.9999724 0.9999995 0.9999869 0.9999721 0.99999964 0.9999868
1.0015002 1.0008895 1.0000228 0.9999983 1.000018 1.0000129 1.000004 0.9999911 0.9973742 0.9974071 0.9999701 0.9999983 0.9999853 0.9999698 0.9999995 0.99998724
1.0003881 0.99929124 1.0000114 1.0 1.000011 1.0000015 0.9999999 0.9999953 0.99772704 0.997296 0.9999727 1.0000017 0.9999892 0.99997514 0.99999034 0.9999836
0.99916697 0.99919033 0.999974 0.9999971 0.9999899 0.9999877 0.99998134 0.99999225 0.9974407 0.9978185 0.99997634 0.9999724 0.99999154 0.999985 0.99998254 0.99998784
0.99699765 0.99731714 0.99998724 0.9999798 0.99997425 1.0000029 0.9999896 0.99996746 0.9986514 0.9991475 0.99997926 0.9999755 0.9999778 1.000043 0.99998796 1.0000342
0.99753326 0.99973124 0.99997073 1.0000299 0.9999765 0.9999845 1.0000756 0.9999816 0.997512 0.9994859 0.99997157 0.99998415 0.9999786 1.0000322 0.9999812 1.0000751
1.0014443 1.0035852 1.0000167 1.000006 1.0000122 1.0000604 1.0000445 1.0000373 0.9988645 0.999875 0.9999803 0.99998516 0.99996495 1.0000685 0.99998224 1.0000827
1.0002902 1.0023792 1.0000246 0.9999936 1.0000062 1.0000666 1.0000194 1.0000345 1.0002824 0.99924386 0.99998784 0.9999798 0.9999805 1.0000851 0.99997985 1.0000677
0.9984897 0.9996811 0.9999959 1.0000254 0.9999857 1.0000218 1.0000614 0.99999243 0.99942005 0.9992505 0.999981 0.99998325 0.9999863 1.0000687 0.9999774 1.0000684
1.0002232 1.0024906 1.0000119 0.9999876 1.0000036 1.0000443 1.0000186 1.0000262 0.9989512 0.9992584 0.9999808 0.99998176 0.9999784 1.0000658 0.9999763 1.0000648
0.9994481 1.0011281 1.0000031 0.99999547 0.9999976 1.0000366 1.0000104 1.000021 0.99995816 0.9982166 0.99998564 0.99997514 0.99998057 1.0000707 0.9999806 1.0000395
0.99877566 0.99941033 0.99997264 0.9999951 0.99998677 0.99997944 1.0000097 0.9999895 0.9989793 0.9989551 0.99998075 0.9999743 0.99998647 0.99998456 1.0000471 1.000032
0.99695385 0.99743485 0.9999614 1.0000002 0.99998695 1.0000064 0.9999909 0.99996996 1.0027148 1.0014075 1.0000297 1.0000215 1.0000292 1.0000188 1.000021 0.99999946
0.9990524 1.0001233 0.9999627 0.9999807 1.0000703 0.9999859 1.0000862 0.999983 1.0015811 1.0034769 1.0000187 1.0000592 1.0000123 1.0000083 1.0000362 1.0000437
1.0029622 1.0039748 1.0000142 1.0000533 1.0000368 1.0000705 1.0000516 1.0000433 1.0029652 1.0039058 1.0000535 1.0000663 1.0000151 1.0000379 1.0000416 1.0000491
1.0016878 1.0027496 1.0000126 1.00006 1.000014 1.0000744 1.0000248 1.0000367 1.0042297 1.0033901 1.0000713 1.0000523 1.0000362 1.0000523 1.0000325 1.0000368
0.9991162 1.0000012 0.99998164 1.0000179 1.0000556 1.0000274 1.0000701 0.9999941 1.0035299 1.0032271 1.0000536 1.0000529 1.0000483 1.0000392 1.0000292 1.0000379
1.0019403 1.0028698 0.9999999 1.0000393 1.0000124 1.000051 1.0000225 1.0000277 1.002945 1.0032861 1.0000509 1.0000505 1.0000312 1.0000333 1.0000272 1.0000345
1.0006585 1.0014997 0.9999993 1.0000314 1.0000058 1.0000429 1.0000132 1.0000238 1.0038751 1.0022156 1.0000576 1.0000262 1.000032 1.0000411 1.0000129 1.000013
0.99912024 0.9996857 0.9999857 0.99997795 1.0000057 0.9999806 1.0000129 0.999992 1.0027553 1.0011667 1.0000324 1.0000191 1.0000204 1.0000384 1.0000178 0.9999979
0.9978168 0.9973358 0.99996763 1.0000093 0.9999928 0.99999994 0.9999859 0.99997085 1.001564 1.0002075 1.0000384 1.0000151 1.0000281 1.0000026 1.0000168 0.9999906
1.0005234 0.9994948 0.9999802 0.99998844 1.0000898 0.9999805 1.0000746 0.99997896 1.0005125 1.0023652 1.0000283 1.0000659 1.000008 0.999994 1.0000329 1.0000198
1.0043185 1.0034964 1.0000366 1.0000749 1.0000541 1.0000578 1.0000393 1.000034 1.0017713 1.0026821 1.000059 1.0000731 1.0000151 1.0000145 1.0000355 1.0000234
1.0031544 1.0022229 1.0000322 1.0000794 1.0000273 1.0000615 1.0000143 1.0000314 1.0030754 1.0021538 1.0000777 1.0000594 1.0000322 1.0000268 1.000031 1.0000137
1.0004365 0.9994746 0.9999919 1.0000317 1.000074 1.0000194 1.000056 0.99999017 1.0023162 1.0019798 1.0000614 1.0000589 1.0000454 1.0000156 1.0000274 1.0000145
1.003235 1.0022907 1.0000241 1.000054 1.0000249 1.0000392 1.0000114 1.0000235 1.0016507 1.0020764 1.0000546 1.0000564 1.0000288 1.0000113 1.0000248 1.0000124
1.0019327 1.0010009 1.0000203 1.0000468 1.0000174 1.0000291 1.0000025 1.0000169 1.0027419 1.001071 1.0000631 1.0000341 1.0000303 1.0000179 1.0000091 0.9999996
1.0000505 0.9993512 0.9999898 0.999983 1.0000174 0.99997646 1.0000025 0.99999064 1.0015339 0.99997735 1.0000378 1.0000131 1.0000168 1.0000341 1.0000033 0.9999906
0.99741924 0.9976348 0.99997306 1.0 0.99998677 1.0000004 0.9999879 0.9999708 0.99909157 0.9990309 1.0000013 0.9999905 0.99998987 1.0000346 0.9999911 1.0000143
0.99965006 0.999253 0.9999877 0.9999818 1.0000758 0.9999842 1.0000706 0.9999768 0.9985246 0.9996206 0.99999726 1.0000218 0.99998623 1.000028 0.99999166 1.0000609
1.0036367 1.0032531 1.00005 1.000059 1.0000409 1.0000544 1.0000371 1.0000294 0.99914527 0.99998295 1.0000182 1.0000268 0.9999823 1.0000552 0.9999942 1.0000668
1.0023829 1.0019721 1.0000463 1.000064 1.0000161 1.0000592 1.0000131 1.0000266 1.0004133 0.99944586 1.0000308 1.000019 0.99999255 1.0000716 0.9999897 1.0000547
0.9996211 0.9993237 0.99999845 1.000021 1.0000571 1.0000186 1.0000536 0.99998826 0.9995726 0.99931383 1.0000197 1.0000182 0.9999981 1.0000561 0.9999878 1.0000552
1.0024416 1.0021058 1.0000296 1.0000412 1.0000131 1.0000376 1.0000122 1.0000185 0.99895704 0.99944985 1.0000156 1.000016 0.9999885 1.0000522 0.999991 1.0000527
1.0011172 1.0008228 1.0000268 1.0000299 1.0000025 1.0000288 1.0000032 1.0000129 1.0000982 0.9991688 1.0000207 1.0000026 0.9999892 1.0000594 0.99998736 1.0000339
0.9993441 0.9993077 0.9999951 0.9999765 1.0000026 0.9999789 1.0000023 0.99998975 0.99921894 0.9989029 1.0000026 0.9999902 0.9999907 0.9999951 1.0000342 1.0000126
0.99740714 0.99741066 0.9999695 0.999999 0.9999863 0.99999964 0.99998796 0.999968 1.0016693 1.0008773 1.0000237 1.0000049 1.0000182 0.9999991 1.0000137 0.9999918
0.9990461 0.9992498 0.9999778 0.99998224 1.0000678 0.9999802 1.0000619 0.9999748 1.000426 1.0023379 1.0000134 1.0000434 1.000004 0.9999893 1.0000254 1.0000175
1.0030563 1.0031564 1.0000334 1.0000529 1.000035 1.0000478 1.0000303 1.0000253 1.0018427 1.0028002 1.0000392 1.0000495 1.0000007 1.0000119 1.0000261 1.0000204
1.0017238 1.0018715 1.0000287 1.0000564 1.000011 1.0000533 1.0000091 1.0000229 1.0032078 1.0021911 1.0000522 1.0000383 1.0000237 1.000024 1.0000229 1.00001
0.99902487 0.99939483 0.99998856 1.0000149 1.0000521 1.0000134 1.0000489 0.99999094 1.0022986 1.002106 1.0000396 1.0000385 1.0000285 1.0000113 1.0000193 1.0000114
1.0018334 1.0021157 1.0000218 1.0000334 1.0000086 1.000033 1.0000106 1.0000108 1.0017761 1.0023198 1.0000346 1.0000368 1.0000211 1.0000077 1.0000119 1.0000113
1.0005203 1.0009178 1.000015 1.0000263 1.0000012 1.0000284 1.0000043 1.00001 1.0029029 1.0009204 1.0000418 1.0000187 1.0000223 1.0000161 1.0000042 0.9999933
0.9991354 0.99942255 0.99998975 0.99997795 1.0000011 0.99997866 1.0000036 0.9999908 1.0016578 1.0006877 1.0000241 1.0000029 1.0000136 1.0000249 0.9999991 0.9999907
0.9977636 0.99713546 0.9999711 1.0000021 0.99998987 0.99998957 0.99998295 0.9999721 1.000398 0.9992821 1.0000129 1.0000012 1.0000107 1.0000002 1.0000029 0.99999434
0.9999981 0.99813807 0.9999801 0.9999854 1.0000689 0.9999741 1.0000333 0.99997735 0.9994821 1.0010545 1.0000043 1.0000342 0.99999714 0.9999957 1.0000188 1.0000082
1.0038655 1.001951 1.0000343 1.0000552 1.0000387 1.0000219 1.0000104 1.0000123 1.0006268 1.0014261 1.0000303 1.00004 1.0 1.0000055 1.0000224 1.0000111
1.0026345 1.0009001 1.0000306 1.0000601 1.0000154 1.0000279 0.99999636 1.0000074 1.0018396 1.0009158 1.0000441 1.0000274 1.0000193 1.0000154 1.0000175 1.0000024
1.0000702 0.9991054 0.9999906 1.0000176 1.0000564 0.9999991 1.0000305 0.99998605 1.0010219 1.000861 1.0000285 1.0000294 1.0000252 1.000003 1.0000134 1.000004
1.0026851 1.0008225 1.0000222 1.0000389 1.0000167 1.000016 0.99999315 1.0000044 1.0004988 1.0010209 1.0000263 1.0000303 1.000014 1.0000023 1.0000108 1.0000046
1.0014848 1.0000573 1.0000161 1.000033 1.0000094 1.0000064 0.9999988 0.9999989 1.0015137 1.0001009 1.0000349 1.000009 1.0000163 1.0000091 0.99999857 0.9999982
0.9997116 0.99911445 0.99999034 0.9999799 1.0000064 0.99997455 0.9999973 0.9999865 1.0005093 0.9990227 1.0000126 0.9999998 1.0000007 1.0000201 1.0000002 0.9999926
0.9971829 0.9978343 0.999976 0.9999702 0.9999898 0.9999836 0.9999795 0.99998844 0.99921215 0.9989084 0.99997383 0.9999811 0.99999726 0.9999905 0.9999902 0.9999852
0.9989401 0.99894005 0.9999855 0.9999848 0.99998003 1.0000404 0.9999711 1.0000284 0.99893934 0.99941736 0.99997205 0.99997884 0.9999955 1.0000076 0.9999861 0.99998987
1.0024731 1.0010971 1.0000212 1.0000366 1.0000279 1.0000153 1.0000157 0.9999951 0.9991612 0.99966437 0.999977 0.9999811 1.000005 1.0000105 0.99998575 0.9999924
1.0013218 0.9998236 1.0000159 1.0000311 1.000033 1.0000002 1.0000101 0.99998826 0.9999942 0.99936527 0.99998325 0.9999778 1.0000137 1.0000019 0.99999034 0.9999897
0.9991693 0.99886715 0.99998915 0.999996 0.99999976 1.0000311 0.99998826 1.0000107 0.9993682 0.99932617 0.99997795 0.9999778 1.0000014 1.0000035 0.9999955 0.99999064
1.0015707 1.0007153 1.0000126 1.0000235 1.0000211 0.99999845 1.0000019 0.99998957 0.99913794 0.9994273 0.99997586 0.9999775 1.0000023 1.0000045 0.9999894 0.9999901
1.0004253 0.99914104 1.0000007 1.0000176 1.0000111 1.0000001 0.9999979 0.9999943 0.99969625 0.99916923 0.9999792 0.9999755 1.0000069 0.9999978 0.9999907 0.99998426
0.99909693 0.9990498 0.9999873 0.9999926 0.99997413 0.9999971 0.99998015 0.9999909 0.9991507 0.99872386 0.99997514 0.9999793 0.9999972 0.99998873 0.9999864 0.9999922
0.9972857 1.0003557 0.9999822 0.99996585 0.9999763 1.0000572 0.99998915 0.99999654 0.9970113 1.0002769 0.9999648 0.9999763 0.9999821 0.9999902 0.9999967 1.0000591
0.9995221 1.0044805 0.9999854 0.99998266 0.99999136 1.0000387 1.0000548 1.0000439 0.99711144 1.0022246 0.9999636 0.99996483 0.9999892 0.99998766 1.0000019 1.0001007
1.0031835 1.0000485 1.0000342 1.0000378 1.0000271 0.9999932 1.0000151 1.0000043 0.99721855 1.0028211 0.999962 0.99997026 0.9999903 0.99999905 1.0000044 1.0001097
1.0009495 0.9987761 1.0000306 1.0000234 1.0000128 1.0000293 0.99998724 0.9999879 0.9970415 1.0020683 0.9999709 0.9999697 0.9999855 1.0000062 0.9999997 1.000095
0.99980307 1.0030813 1.000007 0.99999446 0.9999938 1.0000128 1.0000329 1.0000253 0.99737245 1.0021122 0.9999715 0.9999716 0.9999875 1.0000008 0.9999979 1.0000968
1.0014447 0.9989551 1.0000211 1.0000169 1.0000144 0.9999925 0.9999981 0.99999434 0.9972331 1.0020145 0.9999699 0.9999691 0.99998635 0.99999505 0.9999938 1.0000908
0.99995625 0.9993481 0.99997604 1.0000072 1.0000075 1.0 0.99999076 0.9999905 0.9973927 1.0006502 0.99997216 0.999976 0.9999838 0.9999968 0.99999565 1.000062
0.9967675 0.9995925 0.9999835 0.9999602 0.9999716 1.0000002 0.9999928 0.99999166 0.99681056 0.9990655 0.99996877 0.99996865 0.9999803 0.9999866 0.999987 1.0000343
0.99717516 1.0023278 0.9999636 0.9999856 0.9999897 0.99996823 1.0001011 1.0000023 0.9995311 1.0045033 0.99998534 0.99998486 0.999992 1.0000535 1.0000417 1.0000429
1.0019213 1.005596 0.99998176 1.0000539 1.0000001 0.99999803 1.0000805 1.0000782 1.001659 1.0054568 0.9999995 0.9999839 0.99999833 1.0000533 1.0000762 1.0000788
1.0047026 1.0018536 1.000037 1.0000149 1.0000787 1.0000565 1.0000154 1.0000302 1.0023187 1.0059319 1.0000013 0.99999547 1.0 1.0000726 1.0000802 1.0000894
1.0028147 0.999786 1.000022 0.99998605 1.0000705 1.0000421 1.0000643 0.99999386 1.0014426 1.0055122 0.99999416 1.0000011 0.99999505 1.0000818 1.0000724 1.0000758
1.0009917 1.0047848 0.9999935 1.0000311 1.0000349 1.0000012 1.0000455 1.0000538 1.0015032 1.0054414 0.99999684 0.9999967 0.99999297 1.000074 1.0000683 1.0000747
1.0035312 1.0002815 1.0000159 0.99999696 1.0000544 1.0000343 1.0000029 1.0000112 1.0014502 1.0054456 0.9999954 0.99999076 0.99999 1.0000632 1.0000607 1.0000713
1.0014037 0.9998297 1.0000054 0.99998987 0.99998254 1.0000393 1.0000231 0.9999931 0.99990654 1.0045716 0.99998635 0.99999124 0.9999915 1.0000628 1.0000399 1.0000441
0.9969476 1.0004971 0.9999614 0.9999946 1.0000002 0.9999654 1.0000199 0.9999982 0.99997014 1.0035713 0.9999806 0.9999935 0.9999936 1.0000433 1.0000429 1.0000204
0.997275 1.0030234 0.99996597 0.9999998 0.99999064 0.9999702 1.0001131 1.0000052 1.0032352 1.000181 1.0000353 1.0000362 1.0000271 1.0000157 1.0000063 0.9999914
1.0026728 1.0059683 0.99999577 1.000074 1.0000021 1.0000017 1.0000911 1.000084 1.0045944 1.0019059 1.0000765 1.0000356 1.0000552 1.0000156 1.0000297 1.0000156
1.0051205 1.0025536 1.0000529 1.0000267 1.0000908 1.0000621 1.0000226 1.0000365 1.0050677 1.0024529 1.0000861 1.0000523 1.0000597 1.0000271 1.0000352 1.000021
1.0034552 1.0003027 1.0000377 0.999991 1.0000813 1.0000478 1.000073 0.9999961 1.0046169 1.0016518 1.0000707 1.0000616 1.0000532 1.0000377 1.0000274 1.0000088
1.001555 1.0051259 0.9999992 1.0000516 1.0000453 1.0000044 1.0000526 1.0000579 1.0045037 1.0015566 1.0000713 1.000054 1.0000492 1.0000286 1.0000238 1.0000106
1.0040789 1.0007398 1.0000304 1.0000073 1.0000634 1.0000403 1.0000045 1.0000157 1.0044847 1.0015862 1.000068 1.0000457 1.0000427 1.0000216 1.0000217 1.0000079
1.0018705 1.0000831 1.0000198 0.99999046 0.99998367 1.0000472 1.0000263 0.99999523 1.0033894 1.0002244 1.0000404 1.0000448 1.000024 1.0000232 1.0000031 0.9999934
0.99715805 1.0007874 0.9999633 0.99999607 1.0000033 0.9999678 1.0000217 0.9999995 1.0021235 0.9991371 1.0000287 1.0000278 1.0000266 1.0000075 1.0000055 0.99998343
0.99690914 1.0021904 0.9999714 1.0000072 0.99998456 0.99997 1.0001004 0.9999992 1.0011506 0.9987447 1.000034 1.000025 1.0000151 0.99998784 0.99998844 1.0000306
1.0017998 1.0056341 1.0000035 1.0000852 0.9999954 0.99999493 1.000078 1.0000763 1.0028338 0.9997802 1.0000708 1.0000237 1.0000415 0.99998677 0.9999939 1.0000635
1.0047492 1.0017508 1.0000643 1.0000386 1.0000783 1.0000547 1.00001 1.0000274 1.0033203 1.0002451 1.0000787 1.0000371 1.0000459 0.9999916 0.9999961 1.0000691
1.0027108 0.9995163 1.0000491 0.99999756 1.0000685 1.0000377 1.0000567 0.9999908 1.002631 0.9994732 1.0000656 1.0000478 1.000037 0.9999972 0.9999903 1.0000545
1.000779 1.0047059 1.0000064 1.0000591 1.0000292 0.9999994 1.0000417 1.000051 1.0025336 0.99942946 1.0000644 1.0000404 1.0000336 0.99999243 0.9999888 1.0000561
1.0033215 1.0000194 1.0000418 1.0000179 1.0000502 1.0000299 0.9999969 1.0000064 1.0025702 0.9995401 1.0000619 1.000029 1.0000287 0.999986 0.9999917 1.0000539
1.0011326 0.99953604 1.0000272 0.99999636 0.99997795 1.0000314 1.0000188 0.9999912 1.0011864 0.99903214 1.0000342 1.000032 1.0000111 0.9999934 0.9999869 1.0000328
0.99697876 1.0002497 0.9999695 1.0 0.9999968 0.9999683 1.0000134 0.99999607 1.0001807 0.9988084 1.0000142 1.0000175 1.0000168 0.9999905 0.99998957 1.0000138
0.9973485 1.0020968 0.9999708 1.000002 0.9999879 0.99997044 1.0000983 0.9999978 0.99981606 1.0032455 1.0000082 0.99999505 0.99999386 1.0000327 1.0000271 1.0000151
1.0015945 1.0055509 0.99999684 1.0000783 0.9999978 0.99999356 1.0000753 1.0000697 1.0010087 1.004583 1.0000366 0.9999943 1.0000015 1.0000321 1.0000522 1.0000433
1.0046458 1.0016159 1.0000567 1.0000291 1.0000747 1.0000505 1.0000108 1.0000237 1.0014803 1.0050447 1.0000435 0.9999996 1.0000032 1.0000497 1.0000542 1.0000515
1.0025495 0.9994446 1.0000403 0.9999922 1.0000658 1.0000325 1.0000559 0.9999896 1.0007254 1.0045053 1.0000285 1.0000056 0.9999993 1.0000563 1.0000494 1.0000381
1.0006752 1.0046217 1.0 1.0000523 1.0000305 0.9999977 1.0000399 1.0000463 1.000645 1.0045581 1.0000286 1.0000001 0.99999714 1.0000509 1.0000485 1.0000411
1.0032347 1.0000433 1.0000315 1.0000088 1.0000484 1.0000272 0.99999845 1.0000043 1.0007458 1.0047164 1.0000278 0.9999947 0.9999996 1.0000443 1.0000392 1.0000397
1.0011154 0.9996164 1.0000204 0.99999267 0.9999816 1.0000325 1.0000167 0.9999921 1.0000279 1.0033339 1.0000107 1.0000012 0.9999924 1.0000416 1.0000247 1.0000157
0.99731773 1.0001626 0.99996895 0.99999684 0.9999975 0.99996823 1.0000137 0.9999962 0.9989027 1.0016661 0.99999124 0.9999913 0.99999064 1.0000223 1.0000196 1.0000006
0.99732226 1.0019944 0.9999693 0.99999565 0.9999874 0.99996775 1.0000881 0.999994 1.0016015 0.99885523 1.0000237 1.000017 1.0000156 0.99999756 0.99999356 0.99999267
1.0013831 1.005362 0.9999907 1.0000662 0.999995 0.9999897 1.0000672 1.0000561 1.0033764 1.0002598 1.0000541 1.0000165 1.0000336 0.9999971 1.0000099 1.000002
1.004394 1.0013674 1.0000471 1.0000205 1.0000653 1.0000407 1.0000055 1.000019 1.0039485 1.0006001 1.0000616 1.0000291 1.0000371 1.0000074 1.000013 1.0000039
1.0023162 0.99947774 1.0000284 0.9999867 1.0000566 1.000026 1.0000523 0.9999916 1.0031691 0.9999749 1.0000484 1.0000389 1.0000283 1.0000144 1.0000072 0.99999636
1.0006201 1.0044029 0.99999547 1.0000435 1.0000237 0.999999 1.0000377 1.000036 1.0032132 0.9999499 1.0000496 1.0000309 1.0000285 1.0000094 1.0000049 0.99999875
1.0031006 1.0000341 1.000024 1.0000023 1.000043 1.0000207 0.9999981 1.0000024 1.0033801 1.0001023 1.000046 1.0000255 1.0000217 1.0000013 1.0000035 0.9999982
1.0011693 0.9996983 1.0000124 0.9999906 0.99998 1.000031 1.0000124 0.99999297 1.0017092 0.99910116 1.0000247 1.000023 1.0000111 1.0000056 0.999992 0.99999285
0.9970535 1.0003626 0.9999667 0.9999948 0.9999961 0.99996513 1.0000137 0.99999696 1.0010698 0.9980377 1.0000077 1.0000185 1.0000157 0.9999947 0.9999943 0.9999873
0.99717975 1.0004388 0.9999696 0.9999956 0.9999829 0.9999724 1.0000546 0.9999939 0.99997824 0.9994316 0.9999756 1.0000093 1.0000079 1.0000005 0.9999914 0.9999896
0.9997263 1.0041162 0.9999912 1.0000594 0.9999858 0.9999886 1.0000367 1.0000398 1.0013479 0.9998173 0.9999817 1.0000374 1.0000058 1.0000212 0.9999902 0.999993
1.0029215 1.0000845 1.0000418 1.0000203 1.0000341 1.000023 0.99999017 1.0000005 1.0017294 1.0000165 0.99998355 1.0000429 1.0000176 1.0000238 0.99999076 0.9999956
1.0009708 0.9989362 1.0000283 0.9999936 1.0000296 1.000009 1.0000296 0.99998474 1.001063 0.9995647 0.99997926 1.0000298 1.0000254 1.0000188 0.9999961 0.99999106
0.99987966 1.0031004 1.0000007 1.0000376 1.0000074 0.9999918 1.0000129 1.0000235 1.0010666 0.9996505 0.9999803 1.0000322 1.0000203 1.000017 0.9999923 0.99999267
1.0015074 0.9991721 1.0000224 1.000004 1.0000226 1.0000108 0.99999243 0.99999315 1.0012352 0.9996899 0.99997914 1.0000331 1.0000119 1.0000124 0.99999094 0.9999929
1.0001708 0.99937546 1.0000144 0.9999943 0.9999765 1.0000077 0.99999946 0.9999879 1.000162 0.9993965 0.9999772 1.0000104 1.000016 0.9999993 0.9999944 0.9999857
0.9968084 0.99987453 0.99996644 0.9999981 0.9999866 0.99996924 1.0000025 0.999991 0.999137 0.9992284 0.9999827 1.0000004 1.0000012 1.0000019 0.9999904 0.99998856
0.9969457 0.99895644 0.99996823 0.9999854 0.99996454 0.99998397 0.9999809 1.0000297 0.9965306 0.99968123 0.99995977 0.9999724 0.99998426 1.0000007 0.9999932 0.9999912
0.9998059 1.0033317 0.9999924 1.0000442 0.9999905 1.0000412 0.999977 1.0000157 0.996841 1.0004102 0.9999608 0.9999617 0.99999976 1.0000187 0.99999386 0.9999979
1.0019526 0.99884754 1.0000277 1.0000055 1.0000259 1.0000033 1.0000229 0.9999819 0.9970237 1.0007033 0.9999599 0.99996775 1.0000011 1.000021 0.9999958 0.9999994
0.9998576 0.99889773 1.0000154 0.99998987 1.0000123 0.99998826 1.0000097 1.0000128 0.9969328 1.0002247 0.9999694 0.99996847 0.9999948 1.0000118 1.0000002 0.9999959
0.99888235 1.0016001 0.99999046 1.0000197 0.9999888 1.0000194 0.99998957 0.99999815 0.99721116 1.0002257 0.999969 0.9999697 0.99999666 1.0000137 0.9999966 0.9999968
1.0010419 0.9982835 1.0000163 0.9999951 1.000015 0.99999523 1.0000064 0.9999893 0.9970596 1.0003918 0.9999684 0.9999676 0.9999961 1.0000132 0.9999951 0.999997
0.99923176 0.99944437 1.0000015 0.99999154 1.0000017 0.99999034 0.9999835 0.9999994 0.9970819 0.99997306 0.9999687 0.9999724 0.99998707 1.0000037 0.99999845 0.9999899
0.9976007 0.99962866 0.9999742 0.99999285 0.999971 0.9999917 0.9999777 0.9999964 0.9975025 0.9995397 0.99997455 0.9999742 0.9999808 0.99999523 0.9999931 0.9999903
1.0 1.0 1.0 1.0 1.0 1.0 1.0 1.0 1.0 1.0 1.0 1.0 1.0 1.0 1.0 1.0
1.0 1.0 1.0 1.0 1.0 1.0 1.0 1.0 1.0 1.0 1.0 1.0 1.0 1.0 1.0 1.0
1.0 1.0 1.0 1.0 1.0 1.0 1.0 1.0 1.0 1.0 1.0 1.0 1.0 1.0 1.0 1.0
1.0 1.0 1.0 1.0 1.0 1.0 1.0 1.0 1.0 1.0 1.0 1.0 1.0 1.0 1.0 1.0
1.0 1.0 1.0 1.0 1.0 1.0 1.0 1.0 1.0 1.0 1.0 1.0 1.0 1.0 1.0 1.0
1.0 1.0 1.0 1.0 1.0 1.0 1.0 1.0 1.0 1.0 1.0 1.0 1.0 1.0 1.0 1.0
1.0 1.0 1.0 1.0 1.0 1.0 1.0 1.0 1.0 1.0 1.0 1.0 1.0 1.0 1.0 1.0
1.0 1.0 1.0 1.0 1.0 1.0 1.0 1.0 1.0 1.0 1.0 1.0 1.0 1.0 1.0 1.0
1.0 1.0 1.0 1.0 1.0 1.0 1.0 1.0 1.0 1.0 1.0 1.0 1.0 1.0 1.0 1.0
1.0 1.0 1.0 1.0 1.0 1.0 1.0 1.0 1.0 1.0 1.0 1.0 1.0 1.0 1.0 1.0
1.0 1.0 1.0 1.0 1.0 1.0 1.0 1.0 1.0 1.0 1.0 1.0 1.0 1.0 1.0 1.0
1.0 1.0 1.0 1.0 1.0 1.0 1.0 1.0 1.0 1.0 1.0 1.0 1.0 1.0 1.0 1.0
1.0 1.0 1.0 1.0 1.0 1.0 1.0 1.0 1.0 1.0 1.0 1.0 1.0 1.0 1.0 1.0
1.0 1.0 1.0 1.0 1.0 1.0 1.0 1.0 1.0 1.0 1.0 1.0 1.0 1.0 1.0 1.0
1.0 1.0 1.0 1.0 1.0 1.0 1.0 1.0 1.0 1.0 1.0 1.0 1.0 1.0 1.0 1.0
1.0 1.0 1.0 1.0 1.0 1.0 1.0 1.0 1.0 1.0 1.0 1.0 1.0 1.0 1.0 1.0
1.0 1.0 1.0 1.0 1.0 1.0 1.0 1.0 1.0 1.0 1.0 1.0 1.0 1.0 1.0 1.0
1.0 1.0 1.0 1.0 1.0 1.0 1.0 1.0 1.0 1.0 1.0 1.0 1.0 1.0 1.0 1.0
1.0 1.0 1.0 1.0 1.0 1.0 1.0 1.0 1.0 1.0 1.0 1.0 1.0 1.0 1.0 1.0
1.0 1.0 1.0 1.0 1.0 1.0 1.0 1.0 1.0 1.0 1.0 1.0 1.0 1.0 1.0 1.0
1.0 1.0 1.0 1.0 1.0 1.0 1.0 1.0 1.0 1.0 1.0 1.0 1.0 1.0 1.0 1.0
1.0 1.0 1.0 1.0 1.0 1.0 1.0 1.0 1.0 1.0 1.0 1.0 1.0 1.0 1.0 1.0
1.0 1.0 1.0 1.0 1.0 1.0 1.0 1.0 1.0 1.0 1.0 1.0 1.0 1.0 1.0 1.0
1.0 1.0 1.0 1.0 1.0 1.0 1.0 1.0 1.0 1.0 1.0 1.0 1.0 1.0 1.0 1.0
1.0 1.0 1.0 1.0 1.0 1.0 1.0 1.0 1.0 1.0 1.0 1.0 1.0 1.0 1.0 1.0
1.0 1.0 1.0 1.0 1.0 1.0 1.0 1.0 1.0 1.0 1.0 1.0 1.0 1.0 1.0 1.0
1.0 1.0 1.0 1.0 1.0 1.0 1.0 1.0 1.0 1.0 1.0 1.0 1.0 1.0 1.0 1.0
1.0 1.0 1.0 1.0 1.0 1.0 1.0 1.0 1.0 1.0 1.0 1.0 1.0 1.0 1.0 1.0
1.0 1.0 1.0 1.0 1.0 1.0 1.0 1.0 1.0 1.0 1.0 1.0 1.0 1.0 1.0 1.0
1.0 1.0 1.0 1.0 1.0 1.0 1.0 1.0 1.0 1.0 1.0 1.0 1.0 1.0 1.0 1.0
1.0 1.0 1.0 1.0 1.0 1.0 1.0 1.0 1.0 1.0 1.0 1.0 1.0 1.0 1.0 1.0
1.0 1.0 1.0 1.0 1.0 1.0 1.0 1.0 1.0 1.0 1.0 1.0 1.0 1.0 1.0 1.0
1.0 1.0 1.0 1.0 1.0 1.0 1.0 1.0 1.0 1.0 1.0 1.0 1.0 1.0 1.0 1.0
1.0 1.0 1.0 1.0 1.0 1.0 1.0 1.0 1.0 1.0 1.0 1.0 1.0 1.0 1.0 1.0
1.0 1.0 1.0 1.0 1.0 1.0 1.0 1.0 1.0 1.0 1.0 1.0 1.0 1.0 1.0 1.0
1.0 1.0 1.0 1.0 1.0 1.0 1.0 1.0 1.0 1.0 1.0 1.0 1.0 1.0 1.0 1.0
1.0 1.0 1.0 1.0 1.0 1.0 1.0 1.0 1.0 1.0 1.0 1.0 1.0 1.0 1.0 1.0
1.0 1.0 1.0 1.0 1.0 1.0 1.0 1.0 1.0 1.0 1.0 1.0 1.0 1.0 1.0 1.0
1.0 1.0 1.0 1.0 1.0 1.0 1.0 1.0 1.0 1.0 1.0 1.0 1.0 1.0 1.0 1.0
1.0 1.0 1.0 1.0 1.0 1.0 1.0 1.0 1.0 1.0 1.0 1.0 1.0 1.0 1.0 1.0
1.0 1.0 1.0 1.0 1.0 1.0 1.0 1.0 1.0 1.0 1.0 1.0 1.0 1.0 1.0 1.0
1.0 1.0 1.0 1.0 1.0 1.0 1.0 1.0 1.0 1.0 1.0 1.0 1.0 1.0 1.0 1.0
1.0 1.0 1.0 1.0 1.0 1.0 1.0 1.0 1.0 1.0 1.0 1.0 1.0 1.0 1.0 1.0
1.0 1.0 1.0 1.0 1.0 1.0 1.0 1.0 1.0 1.0 1.0 1.0 1.0 1.0 1.0 1.0
1.0 1.0 1.0 1.0 1.0 1.0 1.0 1.0 1.0 1.0 1.0 1.0 1.0 1.0 1.0 1.0
1.0 1.0 1.0 1.0 1.0 1.0 1.0 1.0 1.0 1.0 1.0 1.0 1.0 1.0 1.0 1.0
1.0 1.0 1.0 1.0 1.0 1.0 1.0 1.0 1.0 1.0 1.0 1.0 1.0 1.0 1.0 1.0
1.0 1.0 1.0 1.0 1.0 1.0 1.0 1.0 1.0 1.0 1.0 1.0 1.0 1.0 1.0 1.0
1.0 1.0 1.0 1.0 1.0 1.0 1.0 1.0 1.0 1.0 1.0 1.0 1.0 1.0 1.0 1.0
1.0 1.0 1.0 1.0 1.0 1.0 1.0 1.0 1.0 1.0 1.0 1.0 1.0 1.0 1.0 1.0
1.0 1.0 1.0 1.0 1.0 1.0 1.0 1.0 1.0 1.0 1.0 1.0 1.0 1.0 1.0 1.0
1.0 1.0 1.0 1.0 1.0 1.0 1.0 1.0 1.0 1.0 1.0 1.0 1.0 1.0 1.0 1.0
1.0 1.0 1.0 1.0 1.0 1.0 1.0 1.0 1.0 1.0 1.0 1.0 1.0 1.0 1.0 1.0
1.0 1.0 1.0 1.0 1.0 1.0 1.0 1.0 1.0 1.0 1.0 1.0 1.0 1.0 1.0 1.0
1.0 1.0 1.0 1.0 1.0 1.0 1.0 1.0 1.0 1.0 1.0 1.0 1.0 1.0 1.0 1.0
1.0 1.0 1.0 1.0 1.0 1.0 1.0 1.0 1.0 1.0 1.0 1.0 1.0 1.0 1.0 1.0
1.0 1.0 1.0 1.0 1.0 1.0 1.0 1.0 1.0 1.0 1.0 1.0 1.0 1.0 1.0 1.0
1.0 1.0 1.0 1.0 1.0 1.0 1.0 1.0 1.0 1.0 1.0 1.0 1.0 1.0 1.0 1.0
1.0 1.0 1.0 1.0 1.0 1.0 1.0 1.0 1.0 1.0 1.0 1.0 1.0 1.0 1.0 1.0
1.0 1.0 1.0 1.0 1.0 1.0 1.0 1.0 1.0 1.0 1.0 1.0 1.0 1.0 1.0 1.0
1.0 1.0 1.0 1.0 1.0 1.0 1.0 1.0 1.0 1.0 1.0 1.0 1.0 1.0 1.0 1.0
1.0 1.0 1.0 1.0 1.0 1.0 1.0 1.0 1.0 1.0 1.0 1.0 1.0 1.0 1.0 1.0
1.0 1.0 1.0 1.0 1.0 1.0 1.0 1.0 1.0 1.0 1.0 1.0 1.0 1.0 1.0 1.0
1.0 1.0 1.0 1.0 1.0 1.0 1.0 1.0 1.0 1.0 1.0 1.0 1.0 1.0 1.0 1.0
1.0 1.0 1.0 1.0 1.0 1.0 1.0 1.0 1.0 1.0 1.0 1.0 1.0 1.0 1.0 1.0
1.0 1.0 1.0 1.0 1.0 1.0 1.0 1.0 1.0 1.0 1.0 1.0 1.0 1.0 1.0 1.0
1.0 1.0 1.0 1.0 1.0 1.0 1.0 1.0 1.0 1.0 1.0 1.0 1.0 1.0 1.0 1.0
1.0 1.0 1.0 1.0 1.0 1.0 1.0 1.0 1.0 1.0 1.0 1.0 1.0 1.0 1.0 1.0
1.0 1.0 1.0 1.0 1.0 1.0 1.0 1.0 1.0 1.0 1.0 1.0 1.0 1.0 1.0 1.0
1.0 1.0 1.0 1.0 1.0 1.0 1.0 1.0 1.0 1.0 1.0 1.0 1.0 1.0 1.0 1.0
1.0 1.0 1.0 1.0 1.0 1.0 1.0 1.0 1.0 1.0 1.0 1.0 1.0 1.0 1.0 1.0
1.0 1.0 1.0 1.0 1.0 1.0 1.0 1.0 1.0 1.0 1.0 1.0 1.0 1.0 1.0 1.0
1.0 1.0 1.0 1.0 1.0 1.0 1.0 1.0 1.0 1.0 1.0 1.0 1.0 1.0 1.0 1.0
1.0 1.0 1.0 1.0 1.0 1.0 1.0 1.0 1.0 1.0 1.0 1.0 1.0 1.0 1.0 1.0
1.0 1.0 1.0 1.0 1.0 1.0 1.0 1.0 1.0 1.0 1.0 1.0 1.0 1.0 1.0 1.0
1.0 1.0 1.0 1.0 1.0 1.0 1.0 1.0 1.0 1.0 1.0 1.0 1.0 1.0 1.0 1.0
1.0 1.0 1.0 1.0 1.0 1.0 1.0 1.0 1.0 1.0 1.0 1.0 1.0 1.0 1.0 1.0
1.0 1.0 1.0 1.0 1.0 1.0 1.0 1.0 1.0 1.0 1.0 1.0 1.0 1.0 1.0 1.0
1.0 1.0 1.0 1.0 1.0 1.0 1.0 1.0 1.0 1.0 1.0 1.0 1.0 1.0 1.0 1.0
1.0 1.0 1.0 1.0 1.0 1.0 1.0 1.0 1.0 1.0 1.0 1.0 1.0 1.0 1.0 1.0
1.0 1.0 1.0 1.0 1.0 1.0 1.0 1.0 1.0 1.0 1.0 1.0 1.0 1.0 1.0 1.0
1.0 1.0 1.0 1.0 1.0 1.0 1.0 1.0 1.0 1.0 1.0 1.0 1.0 1.0 1.0 1.0
1.0 1.0 1.0 1.0 1.0 1.0 1.0 1.0 1.0 1.0 1.0 1.0 1.0 1.0 1.0 1.0
1.0 1.0 1.0 1.0 1.0 1.0 1.0 1.0 1.0 1.0 1.0 1.0 1.0 1.0 1.0 1.0
1.0 1.0 1.0 1.0 1.0 1.0 1.0 1.0 1.0 1.0 1.0 1.0 1.0 1.0 1.0 1.0
1.0 1.0 1.0 1.0 1.0 1.0 1.0 1.0 1.0 1.0 1.0 1.0 1.0 1.0 1.0 1.0
1.0 1.0 1.0 1.0 1.0 1.0 1.0 1.0 1.0 1.0 1.0 1.0 1.0 1.0 1.0 1.0
1.0 1.0 1.0 1.0 1.0 1.0 1.0 1.0 1.0 1.0 1.0 1.0 1.0 1.0 1.0 1.0
1.0 1.0 1.0 1.0 1.0 1.0 1.0 1.0 1.0 1.0 1.0 1.0 1.0 1.0 1.0 1.0
1.0 1.0 1.0 1.0 1.0 1.0 1.0 1.0 1.0 1.0 1.0 1.0 1.0 1.0 1.0 1.0
1.0 1.0 1.0 1.0 1.0 1.0 1.0 1.0 1.0 1.0 1.0 1.0 1.0 1.0 1.0 1.0
1.0 1.0 1.0 1.0 1.0 1.0 1.0 1.0 1.0 1.0 1.0 1.0 1.0 1.0 1.0 1.0
1.0 1.0 1.0 1.0 1.0 1.0 1.0 1.0 1.0 1.0 1.0 1.0 1.0 1.0 1.0 1.0
1.0 1.0 1.0 1.0 1.0 1.0 1.0 1.0 1.0 1.0 1.0 1.0 1.0 1.0 1.0 1.0
1.0 1.0 1.0 1.0 1.0 1.0 1.0 1.0 1.0 1.0 1.0 1.0 1.0 1.0 1.0 1.0
1.0 1.0 1.0 1.0 1.0 1.0 1.0 1.0 1.0 1.0 1.0 1.0 1.0 1.0 1.0 1.0
1.0 1.0 1.0 1.0 1.0 1.0 1.0 1.0 1.0 1.0 1.0 1.0 1.0 1.0 1.0 1.0
1.0 1.0 1.0 1.0 1.0 1.0 1.0 1.0 1.0 1.0 1.0 1.0 1.0 1.0 1.0 1.0
1.0 1.0 1.0 1.0 1.0 1.0 1.0 1.0 1.0 1.0 1.0 1.0 1.0 1.0 1.0 1.0
1.0 1.0 1.0 1.0 1.0 1.0 1.0 1.0 1.0 1.0 1.0 1.0 1.0 1.0 1.0 1.0
1.0 1.0 1.0 1.0 1.0 1.0 1.0 1.0 1.0 1.0 1.0 1.0 1.0 1.0 1.0 1.0
1.0 1.0 1.0 1.0 1.0 1.0 1.0 1.0 1.0 1.0 1.0 1.0 1.0 1.0 1.0 1.0
1.0 1.0 1.0 1.0 1.0 1.0 1.0 1.0 1.0 1.0 1.0 1.0 1.0 1.0 1.0 1.0
1.0 1.0 1.0 1.0 1.0 1.0 1.0 1.0 1.0 1.0 1.0 1.0 1.0 1.0 1.0 1.0
1.0 1.0 1.0 1.0 1.0 1.0 1.0 1.0 1.0 1.0 1.0 1.0 1.0 1.0 1.0 1.0
1.0 1.0 1.0 1.0 1.0 1.0 1.0 1.0 1.0 1.0 1.0 1.0 1.0 1.0 1.0 1.0
1.0 1.0 1.0 1.0 1.0 1.0 1.0 1.0 1.0 1.0 1.0 1.0 1.0 1.0 1.0 1.0
1.0 1.0 1.0 1.0 1.0 1.0 1.0 1.0 1.0 1.0 1.0 1.0 1.0 1.0 1.0 1.0
1.0 1.0 1.0 1.0 1.0 1.0 1.0 1.0 1.0 1.0 1.0 1.0 1.0 1.0 1.0 1.0
1.0 1.0 1.0 1.0 1.0 1.0 1.0 1.0 1.0 1.0 1.0 1.0 1.0 1.0 1.0 1.0
1.0 1.0 1.0 1.0 1.0 1.0 1.0 1.0 1.0 1.0 1.0 1.0 1.0 1.0 1.0 1.0
1.0 1.0 1.0 1.0 1.0 1.0 1.0 1.0 1.0 1.0 1.0 1.0 1.0 1.0 1.0 1.0
1.0 1.0 1.0 1.0 1.0 1.0 1.0 1.0 1.0 1.0 1.0 1.0 1.0 1.0 1.0 1.0
1.0 1.0 1.0 1.0 1.0 1.0 1.0 1.0 1.0 1.0 1.0 1.0 1.0 1.0 1.0 1.0
1.0 1.0 1.0 1.0 1.0 1.0 1.0 1.0 1.0 1.0 1.0 1.0 1.0 1.0 1.0 1.0
1.0 1.0 1.0 1.0 1.0 1.0 1.0 1.0 1.0 1.0 1.0 1.0 1.0 1.0 1.0 1.0
1.0 1.0 1.0 1.0 1.0 1.0 1.0 1.0 1.0 1.0 1.0 1.0 1.0 1.0 1.0 1.0
1.0 1.0 1.0 1.0 1.0 1.0 1.0 1.0 1.0 1.0 1.0 1.0 1.0 1.0 1.0 1.0
1.0 1.0 1.0 1.0 1.0 1.0 1.0 1.0 1.0 1.0 1.0 1.0 1.0 1.0 1.0 1.0
1.0 1.0 1.0 1.0 1.0 1.0 1.0 1.0 1.0 1.0 1.0 1.0 1.0 1.0 1.0 1.0
1.0 1.0 1.0 1.0 1.0 1.0 1.0 1.0 1.0 1.0 1.0 1.0 1.0 1.0 1.0 1.0
1.0 1.0 1.0 1.0 1.0 1.0 1.0 1.0 1.0 1.0 1.0 1.0 1.0 1.0 1.0 1.0
1.0 1.0 1.0 1.0 1.0 1.0 1.0 1.0 1.0 1.0 1.0 1.0 1.0 1.0 1.0 1.0
1.0 1.0 1.0 1.0 1.0 1.0 1.0 1.0 1.0 1.0 1.0 1.0 1.0 1.0 1.0 1.0
1.0 1.0 1.0 1.0 1.0 1.0 1.0 1.0 1.0 1.0 1.0 1.0 1.0 1.0 1.0 1.0
1.0 1.0 1.0 1.0 1.0 1.0 1.0 1.0 1.0 1.0 1.0 1.0 1.0 1.0 1.0 1.0
1.0 1.0 1.0 1.0 1.0 1.0 1.0 1.0 1.0 1.0 1.0 1.0 1.0 1.0 1.0 1.0
1.0 1.0 1.0 1.0 1.0 1.0 1.0 1.0 1.0 1.0 1.0 1.0 1.0 1.0 1.0 1.0
1.0 1.0 1.0 1.0 1.0 1.0 1.0 1.0 1.0 1.0 1.0 1.0 1.0 1.0 1.0 1.0
1.0 1.0 1.0 1.0 1.0 1.0 1.0 1.0 1.0 1.0 1.0 1.0 1.0 1.0 1.0 1.0
1.0000001 1.0 1.0 1.0 1.0 1.0 1.0 1.0 1.0 1.0 1.0 1.0 1.0 1.0 1.0 1.0
1.0000001 1.0 1.0 1.0 1.0 1.0 1.0 1.0 1.0 0.99999994 1.0 1.0 1.0 1.0 1.0 1.0
1.0000001 1.0 1.0 1.0 1.0 1.0 1.0 1.0 0.99999994 0.99999994 1.0 1.0 1.0 1.0 1.0 1.0
1.0000001 1.0 1.0 1.0 1.0 1.0 1.0 1.0 0.99999994 1.0 1.0 1.0 1.0 1.0 1.0 1.0
1.0 1.0 1.0 1.0 1.0 1.0 1.0 1.0 1.0 1.0 1.0 1.0 1.0 1.0 1.0 1.0
1.0 1.0 1.0 1.0 1.0 1.0 1.0 1.0 1.0 1.0 1.0 1.0 1.0 1.0 1.0 1.0
1.0 1.0 1.0 1.0 1.0 1.0 1.0 1.0 1.0 1.0 1.0 1.0 1.0 1.0 1.0 1.0
1.0 1.0 1.0 1.0 1.0 1.0 1.0 1.0 1.0 1.0000001 1.0 1.0 1.0 1.0 1.0 1.0
1.0 1.0000001 1.0 1.0 1.0 1.0 1.0 1.0 1.0 1.0000001 1.0 1.0 1.0 1.0 1.0 1.0
1.0000001 1.0000001 1.0 1.0 1.0 1.0 1.0 1.0 1.0000001 1.0000001 1.0 1.0 1.0 1.0 1.0 1.0
1.0 1.0000001 1.0 1.0 1.0 1.0 1.0 1.0 1.0000001 1.0000001 1.0 1.0 1.0 1.0 1.0 1.0
1.0 1.0000001 1.0 1.0 1.0 1.0 1.0 1.0 1.0000001 1.0 1.0 1.0 1.0 1.0 1.0 1.0
1.0 1.0 1.0 1.0 1.0 1.0 1.0 1.0 1.0 1.0 1.0 1.0 1.0 1.0 1.0 1.0
1.0 1.0 1.0 1.0 1.0 1.0 1.0 1.0 1.0 1.0 1.0 1.0 1.0 1.0 1.0 1.0
1.0 1.0 1.0 1.0 1.0 1.0 1.0 1.0 1.0 1.0 1.0 1.0 1.0 1.0 1.0 1.0
1.0 1.0000001 1.0 1.0 1.0 1.0 1.0 1.0 1.0 1.0000001 1.0 1.0 1.0 1.0 1.0 1.0
1.0000001 1.0000001 1.0 1.0 1.0 1.0 1.0 1.0 1.0000001 1.0000001 1.0 1.0 1.0 1.0 1.0 1.0
1.0000001 1.0000002 1.0 1.0 1.0 1.0 1.0 1.0 1.0000001 1.0000001 1.0 1.0 1.0 1.0 1.0 1.0
1.0000001 1.0000002 1.0 1.0 1.0 1.0 1.0 1.0 1.0000001 1.0000001 1.0 1.0 1.0 1.0 1.0 1.0
1.0000001 1.0000001 1.0 1.0 1.0 1.0 1.0 1.0 1.0000001 1.0000001 1.0 1.0 1.0 1.0 1.0 1.0
1.0 1.0000001 1.0 1.0 1.0 1.0 1.0 1.0 1.0000001 1.0 1.0 1.0 1.0 1.0 1.0 1.0
1.0 1.0000001 1.0 1.0 1.0 1.0 1.0 1.0 1.0 1.0 1.0 1.0 1.0 1.0 1.0 1.0
1.0 1.0000001 1.0 1.0 1.0 1.0 1.0 1.0 1.0000001 1.0 1.0 1.0 1.0 1.0 1.0 1.0
1.0000001 1.0000001 1.0 1.0 1.0 1.0 1.0 1.0 1.0 1.0000001 1.0 1.0 1.0 1.0 1.0 1.0
1.0000001 1.0000001 1.0 1.0 1.0 1.0 1.0 1.0 1.0 1.0000002 1.0 1.0 1.0 1.0 1.0 1.0
1.0000001 1.0000002 1.0 1.0 1.0 1.0 1.0 1.0 1.0000001 1.0000002 1.0 1.0 1.0 1.0 1.0 1.0
1.0000001 1.0000002 1.0 1.0 1.0 1.0 1.0 1.0 1.0000002 1.0000001 1.0 1.0 1.0 1.0 1.0 1.0
1.0000001 1.0000002 1.0 1.0 1.0 1.0 1.0 1.0 1.0000002 1.0000001 1.0 1.0 1.0 1.0 1.0 1.0
1.0 1.0000001 1.0 1.0 1.0 1.0 1.0 1.0 1.0000001 1.0 1.0 1.0 1.0 1.0 1.0 1.0
1.0000001 1.0000001 1.0 1.0 1.0 1.0 1.0 1.0 1.0000001 1.0 1.0 1.0 1.0 1.0 1.0 1.0
1.0000001 1.0 1.0 1.0 1.0 1.0 1.0 1.0 1.0000001 1.0 1.0 1.0 1.0 1.0 1.0 1.0
1.0000001 1.0 1.0 1.0 1.0 1.0 1.0 1.0 1.0 1.0000001 1.0 1.0 1.0 1.0 1.0 1.0
1.0000001 1.0000001 1.0 1.0 1.0 1.0 1.0 1.0 1.0000001 1.0000002 1.0 1.0 1.0 1.0 1.0 1.0
1.0000002 1.0000001 1.0 1.0 1.0 1.0 1.0 1.0 1.0000001 1.0000002 1.0 1.0 1.0 1.0 1.0 1.0
1.0000002 1.0000002 1.0 1.0 1.0 1.0 1.0 1.0 1.0000002 1.0000002 1.0 1.0 1.0 1.0 1.0 1.0
1.0000002 1.0000001 1.0 1.0 1.0 1.0 1.0 1.0 1.0000002 1.0000001 1.0 1.0 1.0 1.0 1.0 1.0
1.0000001 1.0 1.0 1.0 1.0 1.0 1.0 1.0 1.0000001 1.0 1.0 1.0 1.0 1.0 1.0 1.0
1.0000001 1.0 1.0 1.0 1.0 1.0 1.0 1.0 1.0000001 1.0 1.0 1.0 1.0 1.0 1.0 1.0
1.0 1.0 1.0 1.0 1.0 1.0 1.0 1.0 1.0 1.0 1.0 1.0 1.0 1.0 1.0 1.0
1.0000001 1.0 1.0 1.0 1.0 1.0 1.0 1.0 1.0 1.0000001 1.0 1.0 1.0 1.0 1.0 1.0
1.0000001 1.0 1.0 1.0 1.0 1.0 1.0 1.0 1.0 1.0000001 1.0 1.0 1.0 1.0 1.0 1.0
1.0000002 1.0000001 1.0 1.0 1.0 1.0 1.0 1.0 1.0000001 1.0000001 1.0 1.0 1.0 1.0 1.0 1.0
1.0000002 1.0000001 1.0 1.0 1.0 1.0 1.0 1.0 1.0000001 1.0000001 1.0 1.0 1.0 1.0 1.0 1.0
1.0000001 1.0000001 1.0 1.0 1.0 1.0 1.0 1.0 1.0000001 1.0000001 1.0 1.0 1.0 1.0 1.0 1.0
1.0000001 1.0 1.0 1.0 1.0 1.0 1.0 1.0 1.0000001 1.0 1.0 1.0 1.0 1.0 1.0 1.0
1.0 1.0 1.0 1.0 1.0 1.0 1.0 1.0 1.0 1.0 1.0 1.0 1.0 1.0 1.0 1.0
1.0 1.0 1.0 1.0 1.0 1.0 1.0 1.0 1.0 1.0 1.0 1.0 1.0 1.0 1.0 1.0
1.0 1.0 1.0 1.0 1.0 1.0 1.0 1.0 1.0 1.0 1.0 1.0 1.0 1.0 1.0 1.0
1.0000001 1.0 1.0 1.0 1.0 1.0 1.0 1.0 1.0 0.99999994 1.0 1.0 1.0 1.0 1.0 1.0
1.0000001 1.0 1.0 1.0 1.0 1.0 1.0 1.0 0.99999994 1.0000001 1.0 1.0 1.0 1.0 1.0 1.0
1.0000001 1.0 1.0 1.0 1.0 1.0 1.0 1.0 1.0 1.0000001 1.0 1.0 1.0 1.0 1.0 1.0
1.0000001 1.0 1.0 1.0 1.0 1.0 1.0 1.0 1.0000001 1.0 1.0 1.0 1.0 1.0 1.0 1.0
1.0 1.0 1.0 1.0 1.0 1.0 1.0 1.0 1.0 0.99999994 1.0 1.0 1.0 1.0 1.0 1.0
1.0 1.0 1.0 1.0 1.0 1.0 1.0 1.0 1.0 1.0 1.0 1.0 1.0 1.0 1.0 1.0
1.0 1.0 1.0 1.0 1.0 1.0 1.0 1.0 1.0 1.0 1.0 1.0 1.0 1.0 1.0 1.0
1.0 1.0 1.0 1.0 1.0 1.0 1.0 1.0 1.0 1.0 1.0 1.0 1.0 1.0 1.0 1.0
1.0 1.0 1.0 1.0 1.0 1.0 1.0 1.0 1.0 1.0 1.0 1.0 1.0 1.0 1.0 1.0
1.0000001 1.0 1.0 1.0 1.0 1.0 1.0 1.0 1.0 1.0 1.0 1.0 1.0 1.0 1.0 1.0
1.0000001 1.0 1.0 1.0 1.0 1.0 1.0 1.0 1.0 1.0 1.0 1.0 1.0 1.0 1.0 1.0
1.0000001 1.0 1.0 1.0 1.0 1.0 1.0 1.0 1.0 1.0 1.0 1.0 1.0 1.0 1.0 1.0
1.0 1.0 1.0 1.0 1.0 1.0 1.0 1.0 1.0 1.0 1.0 1.0 1.0 1.0 1.0 1.0
1.0 1.0 1.0 1.0 1.0 1.0 1.0 1.0 1.0 1.0 1.0 1.0 1.0 1.0 1.0 1.0
1.0 1.0 1.0 1.0 1.0 1.0 1.0 1.0 1.0 1.0 1.0 1.0 1.0 1.0 1.0 1.0
1.0 1.0 1.0 1.0 1.0 1.0 1.0 1.0 1.0 1.0000001 1.0 1.0 1.0 1.0 1.0 1.0
1.0 1.0000001 1.0 1.0 1.0 1.0 1.0 1.0 1.0 1.0000001 1.0 1.0 1.0 1.0 1.0 1.0
1.0000001 1.0000001 1.0 1.0 1.0 1.0 1.0 1.0 0.99999994 1.0000001 1.0 1.0 1.0 1.0 1.0 1.0
1.0000001 1.0 1.0 1.0 1.0 1.0 1.0 1.0 1.0 1.0000001 1.0 1.0 1.0 1.0 1.0 1.0
1.0 1.0 1.0 1.0 1.0 1.0 1.0 1.0 1.0 1.0000001 1.0 1.0 1.0 1.0 1.0 1.0
1.0 1.0 1.0 1.0 1.0 1.0 1.0 1.0 1.0 1.0 1.0 1.0 1.0 1.0 1.0 1.0
1.0 1.0 1.0 1.0 1.0 1.0 1.0 1.0 1.0 1.0 1.0 1.0 1.0 1.0 1.0 1.0
1.0 1.0000001 1.0 1.0 1.0 1.0 1.0 1.0 1.0 1.0 1.0 1.0 1.0 1.0 1.0 1.0
1.0 1.0000001 1.0 1.0 1.0 1.0 1.0 1.0 1.0 1.0000001 1.0 1.0 1.0 1.0 1.0 1.0
1.0000001 1.0000001 1.0 1.0 1.0 1.0 1.0 1.0 1.0000001 1.0000001 1.0 1.0 1.0 1.0 1.0 1.0
1.0000001 1.0000001 1.0 1.0 1.0 1.0 1.0 1.0 1.0 1.0000001 1.0 1.0 1.0 1.0 1.0 1.0
1.0000001 1.0000001 1.0 1.0 1.0 1.0 1.0 1.0 1.0 1.0000001 1.0 1.0 1.0 1.0 1.0 1.0
1.0000001 1.0 1.0 1.0 1.0 1.0 1.0 1.0 1.0 1.0000001 1.0 1.0 1.0 1.0 1.0 1.0
1.0 1.0 1.0 1.0 1.0 1.0 1.0 1.0 1.0 1.0 1.0 1.0 1.0 1.0 1.0 1.0
1.0 1.0 1.0 1.0 1.0 1.0 1.0 1.0 1.0 1.0 1.0 1.0 1.0 1.0 1.0 1.0
1.0 1.0000001 1.0 1.0 1.0 1.0 1.0 1.0 1.0 1.0000001 1.0 1.0 1.0 1.0 1.0 1.0
1.0 1.0000001 1.0 1.0 1.0 1.0 1.0 1.0 1.0 1.0000001 1.0 1.0 1.0 1.0 1.0 1.0
1.0 1.0000002 1.0 1.0 1.0 1.0 1.0 1.0 1.0 1.0000002 1.0 1.0 1.0 1.0 1.0 1.0
1.0000001 1.0000002 1.0 1.0 1.0 1.0 1.0 1.0 1.0000001 1.0000002 1.0 1.0 1.0 1.0 1.0 1.0
1.0000002 1.0000001 1.0 1.0 1.0 1.0 1.0 1.0 1.0000001 1.0000002 1.0 1.0 1.0 1.0 1.0 1.0
1.0000001 1.0 1.0 1.0 1.0 1.0 1.0 1.0 1.0 1.0000001 1.0 1.0 1.0 1.0 1.0 1.0
1.0000001 1.0 1.0 1.0 1.0 1.0 1.0 1.0 1.0 1.0000001 1.0 1.0 1.0 1.0 1.0 1.0
1.0 1.0 1.0 1.0 1.0 1.0 1.0 1.0 1.0 1.0 1.0 1.0 1.0 1.0 1.0 1.0
1.0 1.0000001 1.0 1.0 1.0 1.0 1.0 1.0 1.0000001 1.0000001 1.0 1.0 1.0 1.0 1.0 1.0
1.0 1.0000001 1.0 1.0 1.0 1.0 1.0 1.0 1.0000001 1.0000001 1.0 1.0 1.0 1.0 1.0 1.0
1.0000001 1.0000002 1.0 1.0 1.0 1.0 1.0 1.0 1.0000001 1.0000001 1.0 1.0 1.0 1.0 1.0 1.0
1.0000002 1.0000002 1.0 1.0 1.0 1.0 1.0 1.0 1.0000002 1.0000002 1.0 1.0 1.0 1.0 1.0 1.0
1.0000002 1.0000001 1.0 1.0 1.0 1.0 1.0 1.0 1.0000001 1.0000002 1.0 1.0 1.0 1.0 1.0 1.0
1.0000002 1.0 1.0 1.0 1.0 1.0 1.0 1.0 1.0000001 1.0000001 1.0 1.0 1.0 1.0 1.0 1.0
1.0000001 1.0 1.0 1.0 1.0 1.0 1.0 1.0 1.0000001 1.0000001 1.0 1.0 1.0 1.0 1.0 1.0
1.0000001 1.0000001 1.0 1.0 1.0 1.0 1.0 1.0 1.0000001 1.0 1.0 1.0 1.0 1.0 1.0 1.0
1.0 1.0000001 1.0 1.0 1.0 1.0 1.0 1.0 1.0000001 1.0 1.0 1.0 1.0 1.0 1.0 1.0
1.0 1.0000001 1.0 1.0 1.0 1.0 1.0 1.0 1.0000001 1.0 1.0 1.0 1.0 1.0 1.0 1.0
1.0000001 1.0000002 1.0 1.0 1.0 1.0 1.0 1.0 1.0000002 1.0 1.0 1.0 1.0 1.0 1.0 1.0
1.0000001 1.0000002 1.0 1.0 1.0 1.0 1.0 1.0 1.0000002 1.0000001 1.0 1.0 1.0 1.0 1.0 1.0
1.0000002 1.0000001 1.0 1.0 1.0 1.0 1.0 1.0 1.0000002 1.0000001 1.0 1.0 1.0 1.0 1.0 1.0
1.0000001 1.0 1.0 1.0 1.0 1.0 1.0 1.0 1.0000001 1.0 1.0 1.0 1.0 1.0 1.0 1.0
1.0000001 1.0 1.0 1.0 1.0 1.0 1.0 1.0 1.0000001 1.0 1.0 1.0 1.0 1.0 1.0 1.0
1.0 1.0 1.0 1.0 1.0 1.0 1.0 1.0 1.0000001 1.0 1.0 1.0 1.0 1.0 1.0 1.0
1.0 1.0 1.0 1.0 1.0 1.0 1.0 1.0 1.0 1.0 1.0 1.0 1.0 1.0 1.0 1.0
1.0 1.0 1.0 1.0 1.0 1.0 1.0 1.0 1.0 0.99999994 1.0 1.0 1.0 1.0 1.0 1.0
1.0 1.0000001 1.0 1.0 1.0 1.0 1.0 1.0 1.0000001 0.99999994 1.0 1.0 1.0 1.0 1.0 1.0
1.0000001 1.0000001 1.0 1.0 1.0 1.0 1.0 1.0 1.0000001 1.0 1.0 1.0 1.0 1.0 1.0 1.0
1.0000001 1.0000001 1.0 1.0 1.0 1.0 1.0 1.0 1.0000001 1.0 1.0 1.0 1.0 1.0 1.0 1.0
1.0000001 1.0 1.0 1.0 1.0 1.0 1.0 1.0 1.0000001 1.0 1.0 1.0 1.0 1.0 1.0 1.0
1.0 1.0 1.0 1.0 1.0 1.0 1.0 1.0 1.0 1.0 1.0 1.0 1.0 1.0 1.0 1.0
1.0 1.0 1.0 1.0 1.0 1.0 1.0 1.0 1.0 1.0 1.0 1.0 1.0 1.0 1.0 1.0
1.0 1.0 1.0 1.0 1.0 1.0 1.0 1.0 1.0 1.0 1.0 1.0 1.0 1.0 1.0 1.0
1.0 1.0 1.0 1.0 1.0 1.0 1.0 1.0 1.0 1.0 1.0 1.0 1.0 1.0 1.0 1.0
1.0 1.0000001 1.0 1.0 1.0 1.0 1.0 1.0 0.99999994 1.0 1.0 1.0 1.0 1.0 1.0 1.0
1.0 1.0000001 1.0 1.0 1.0 1.0 1.0 1.0 1.0000001 1.0 1.0 1.0 1.0 1.0 1.0 1.0
1.0000001 1.0 1.0 1.0 1.0 1.0 1.0 1.0 1.0000001 1.0 1.0 1.0 1.0 1.0 1.0 1.0
1.0000001 1.0 1.0 1.0 1.0 1.0 1.0 1.0 1.0 1.0 1.0 1.0 1.0 1.0 1.0 1.0
1.0 1.0 1.0 1.0 1.0 1.0 1.0 1.0 1.0 1.0 1.0 1.0 1.0 1.0 1.0 1.0
1.0 1.0 1.0 1.0 1.0 1.0 1.0 1.0 1.0 1.0 1.0 1.0 1.0 1.0 1.0 1.0
1.0 1.0 1.0 1.0 1.0 1.0 1.0 1.0 1.0 1.0 1.0 1.0 1.0 1.0 1.0 1.0
1.0 1.0 1.0 1.0 1.0 1.0 1.0 1.0 1.0 1.0 1.0 1.0 1.0 1.0 1.0 1.0
1.0 1.0000001 1.0 1.0 1.0 1.0 1.0 1.0 1.0 1.0 1.0 1.0 1.0 1.0 1.0 1.0
1.0 1.0 1.0 1.0 1.0 1.0 1.0 1.0 0.99999994 1.0 1.0 1.0 1.0 1.0 1.0 1.0
1.0000001 1.0 1.0 1.0 1.0 1.0 1.0 1.0 0.99999994 1.0 1.0 1.0 1.0 1.0 1.0 1.0
1.0 1.0 1.0 1.0 1.0 1.0 1.0 1.0 1.0 1.0 1.0 1.0 1.0 1.0 1.0 1.0
1.0 1.0 1.0 1.0 1.0 1.0 1.0 1.0 1.0 1.0 1.0 1.0 1.0 1.0 1.0 1.0
1.0 1.0 1.0 1.0 1.0 1.0 1.0 1.0 1.0 1.0 1.0 1.0 1.0 1.0 1.0 1.0
0.9999999 0.9999998 1.0 1.0 1.0 1.0 1.0 1.0 1.0000001 0.99999994 1.0 1.0 1.0 1.0 1.0 1.0
1.0000002 1.0 1.0 1.0 1.0 1.0 1.0 1.0 1.0000001 1.0 1.0 1.0 1.0 1.0 1.0 1.0
1.0000002 0.99999994 1.0 1.0 1.0 1.0 1.0 1.0 1.0 1.0 1.0 1.0 1.0 1.0 1.0 1.0
1.0000002 1.0000001 1.0 1.0 1.0 1.0 1.0 1.0 1.0000001 0.9999999 1.0 1.0 1.0 1.0 1.0 1.0
1.0000004 1.0000001 1.0 1.0 1.0 1.0 1.0 1.0 1.0 1.0 1.0 1.0 1.0 1.0 1.0 1.0
1.0000001 1.0 1.0 1.0 1.0 1.0 1.0 1.0 0.9999998 1.0 1.0 1.0 1.0 1.0 1.0 1.0
1.0000001 0.99999994 1.0 1.0 1.0 1.0 1.0 1.0 0.9999998 1.0000001 1.0 1.0 1.0 1.0 1.0 1.0
0.9999999 0.9999998 1.0 1.0 1.0 1.0 1.0 1.0 1.0000001 1.0000001 1.0 1.0 1.0 1.0 1.0 1.0
0.99999994 1.0000001 1.0 1.0 1.0 1.0 1.0 1.0 1.0000002 0.99999994 1.0 1.0 1.0 1.0 1.0 1.0
1.0000001 1.0000002 1.0 1.0 1.0 1.0 1.0 1.0 1.0000002 1.0000002 1.0 1.0 1.0 1.0 1.0 1.0
0.99999994 1.0000002 1.0 1.0 1.0 1.0 1.0 1.0 1.0000002 1.0000004 1.0 1.0 1.0 1.0 1.0 1.0
1.0 1.0000006 1.0 1.0 1.0 1.0 1.0 1.0 1.0000002 1.0000004 1.0 1.0 1.0 1.0 1.0 1.0
1.0000001 1.0000007 1.0 1.0 1.0 1.0 1.0 1.0 1.0000004 1.0000002 1.0 1.0 1.0 1.0 1.0 1.0
0.9999999 1.0000004 1.0 1.0 1.0 1.0 1.0 1.0 1.0000002 1.0000002 1.0 1.0 1.0 1.0 1.0 1.0
0.99999994 1.0000002 1.0 1.0 1.0 1.0 1.0 1.0 1.0000002 1.0 1.0 1.0 1.0 1.0 1.0 1.0
0.99999994 1.0000001 1.0 1.0 1.0 1.0 1.0 1.0 1.0000001 0.9999999 1.0 1.0 1.0 1.0 1.0 1.0
1.0000001 1.0000001 1.0 1.0 1.0 1.0 1.0 1.0 1.0000001 1.0000001 1.0 1.0 1.0 1.0 1.0 1.0
1.0000002 1.0000002 1.0 1.0 1.0 1.0 1.0 1.0 1.0 1.0000001 1.0 1.0 1.0 1.0 1.0 1.0
0.9999998 1.0000005 1.0 1.0 1.0 1.0 1.0 1.0 0.9999998 1.0000004 1.0 1.0 1.0 1.0 1.0 1.0
1.0000004 1.0000008 1.0 1.0 1.0 1.0 1.0 1.0 1.0000004 1.0000005 1.0 1.0 1.0 1.0 1.0 1.0
1.0000005 1.0000008 1.0 1.0 1.0 1.0 1.0 1.0 1.0000005 1.0000004 1.0 1.0 1.0 1.0 1.0 1.0
1.0000001 1.0000005 1.0 1.0 1.0 1.0 1.0 1.0 1.0000004 1.0 1.0 1.0 1.0 1.0 1.0 1.0
1.0 1.0000004 1.0 1.0 1.0 1.0 1.0 1.0 1.0000002 1.0 1.0 1.0 1.0 1.0 1.0 1.0
1.0000001 1.0 1.0 1.0 1.0 1.0 1.0 1.0 1.0000002 1.0 1.0 1.0 1.0 1.0 1.0 1.0
1.0000002 1.0000001 1.0 1.0 1.0 1.0 1.0 1.0 1.0000002 1.0000001 1.0 1.0 1.0 1.0 1.0 1.0
1.0000001 1.0000002 1.0 1.0 1.0 1.0 1.0 1.0 0.9999999 1.0000006 1.0 1.0 1.0 1.0 1.0 1.0
1.0000004 1.0000005 1.0 1.0 1.0 1.0 1.0 1.0 1.0000002 1.0000007 1.0 1.0 1.0 1.0 1.0 1.0
1.0000007 1.0000008 1.0 1.0 1.0 1.0 1.0 1.0 1.0000007 1.0000007 1.0 1.0 1.0 1.0 1.0 1.0
1.0000008 1.0000008 1.0 1.0 1.0 1.0 1.0 1.0 1.0000007 1.0000007 1.0 1.0 1.0 1.0 1.0 1.0
1.0000005 1.0000006 1.0 1.0 1.0 1.0 1.0 1.0 1.0000007 1.0000005 1.0 1.0 1.0 1.0 1.0 1.0
1.0000002 1.0000004 1.0 1.0 1.0 1.0 1.0 1.0 1.0000006 1.0 1.0 1.0 1.0 1.0 1.0 1.0
1.0000001 1.0 1.0 1.0 1.0 1.0 1.0 1.0 1.0000004 1.0 1.0 1.0 1.0 1.0 1.0 1.0
1.0000001 1.0 1.0 1.0 1.0 1.0 1.0 1.0 1.0000002 1.0000001 1.0 1.0 1.0 1.0 1.0 1.0
1.0000002 1.0000001 1.0 1.0 1.0 1.0 1.0 1.0 1.0 1.0000006 1.0 1.0 1.0 1.0 1.0 1.0
1.0000005 1.0000004 1.0 1.0 1.0 1.0 1.0 1.0 1.0000004 1.0000007 1.0 1.0 1.0 1.0 1.0 1.0
1.0000008 1.0000007 1.0 1.0 1.0 1.0 1.0 1.0 1.0000008 1.0000008 1.0 1.0 1.0 1.0 1.0 1.0
1.000001 1.0000007 1.0 1.0 1.0 1.0 1.0 1.0 1.0000008 1.0000007 1.0 1.0 1.0 1.0 1.0 1.0
1.0000006 1.0000005 1.0 1.0 1.0 1.0 1.0 1.0 1.0000007 1.0000006 1.0 1.0 1.0 1.0 1.0 1.0
1.0000004 1.0000002 1.0 1.0 1.0 1.0 1.0 1.0 1.0000007 1.0000001 1.0 1.0 1.0 1.0 1.0 1.0
1.0 1.0 1.0 1.0 1.0 1.0 1.0 1.0 1.0000005 1.0 1.0 1.0 1.0 1.0 1.0 1.0
1.0 1.0 1.0 1.0 1.0 1.0 1.0 1.0 1.0 0.9999998 1.0 1.0 1.0 1.0 1.0 1.0
1.0000002 1.0 1.0 1.0 1.0 1.0 1.0 1.0 0.9999997 1.0000002 1.0 1.0 1.0 1.0 1.0 1.0
1.0000005 1.0 1.0 1.0 1.0 1.0 1.0 1.0 1.0 1.0000002 1.0 1.0 1.0 1.0 1.0 1.0
1.0000007 1.0000004 1.0 1.0 1.0 1.0 1.0 1.0 1.0000002 1.0000004 1.0 1.0 1.0 1.0 1.0 1.0
1.0000008 1.0000005 1.0 1.0 1.0 1.0 1.0 1.0 1.0000004 1.0000004 1.0 1.0 1.0 1.0 1.0 1.0
1.0000005 1.0000002 1.0 1.0 1.0 1.0 1.0 1.0 1.0000004 1.0000002 1.0 1.0 1.0 1.0 1.0 1.0
1.0000004 1.0000001 1.0 1.0 1.0 1.0 1.0 1.0 1.0000004 0.9999999 1.0 1.0 1.0 1.0 1.0 1.0
1.0 0.9999999 1.0 1.0 1.0 1.0 1.0 1.0 1.0000002 0.99999976 1.0 1.0 1.0 1.0 1.0 1.0
1.0 1.0 1.0 1.0 1.0 1.0 1.0 1.0 1.0 0.9999999 1.0 1.0 1.0 1.0 1.0 1.0
1.0000001 0.9999998 1.0 1.0 1.0 1.0 1.0 1.0 0.9999999 0.99999994 1.0 1.0 1.0 1.0 1.0 1.0
1.0000002 0.9999998 1.0 1.0 1.0 1.0 1.0 1.0 1.0 0.9999996 1.0 1.0 1.0 1.0 1.0 1.0
1.0000006 1.0000001 1.0 1.0 1.0 1.0 1.0 1.0 0.9999996 1.0000004 1.0 1.0 1.0 1.0 1.0 1.0
1.0000007 1.0000004 1.0 1.0 1.0 1.0 1.0 1.0 1.0000001 1.0000004 1.0 1.0 1.0 1.0 1.0 1.0
1.0000004 1.0 1.0 1.0 1.0 1.0 1.0 1.0 1.0000002 1.0000001 1.0 1.0 1.0 1.0 1.0 1.0
1.0000002 0.99999976 1.0 1.0 1.0 1.0 1.0 1.0 1.0000002 0.99999976 1.0 1.0 1.0 1.0 1.0 1.0
0.99999994 0.99999976 1.0 1.0 1.0 1.0 1.0 1.0 1.0 0.9999998 1.0 1.0 1.0 1.0 1.0 1.0
0.99999994 0.99999994 1.0 1.0 1.0 1.0 1.0 1.0 1.0000001 0.9999999 1.0 1.0 1.0 1.0 1.0 1.0
1.0 1.0 1.0 1.0 1.0 1.0 1.0 1.0 1.0000001 1.0000001 1.0 1.0 1.0 1.0 1.0 1.0
1.0000001 0.9999999 1.0 1.0 1.0 1.0 1.0 1.0 1.0 1.0000001 1.0 1.0 1.0 1.0 1.0 1.0
1.0000004 1.0000001 1.0 1.0 1.0 1.0 1.0 1.0 1.0000002 1.0000001 1.0 1.0 1.0 1.0 1.0 1.0
1.0000005 1.0000001 1.0 1.0 1.0 1.0 1.0 1.0 1.0000001 1.0 1.0 1.0 1.0 1.0 1.0 1.0
1.0000002 0.9999999 1.0 1.0 1.0 1.0 1.0 1.0 1.0000001 1.0 1.0 1.0 1.0 1.0 1.0 1.0
1.0000001 0.99999994 1.0 1.0 1.0 1.0 1.0 1.0 1.0000002 0.9999998 1.0 1.0 1.0 1.0 1.0 1.0
0.9999999 0.9999998 1.0 1.0 1.0 1.0 1.0 1.0 0.9999999 1.0 1.0 1.0 1.0 1.0 1.0 1.0
1.0 1.0000001 1.0 1.0 1.0 1.0 1.0 1.0 1.0000001 1.0000001 1.0 1.0 1.0 1.0 1.0 1.0
1.0000002 1.0000002 1.0 1.0 1.0 1.0 1.0 1.0 1.0000001 1.0000004 1.0 1.0 1.0 1.0 1.0 1.0
1.0000002 1.0000002 1.0 1.0 1.0 1.0 1.0 1.0 1.0 1.0000004 1.0 1.0 1.0 1.0 1.0 1.0
1.0000002 1.0000004 1.0 1.0 1.0 1.0 1.0 1.0 1.0 1.0000005 1.0 1.0 1.0 1.0 1.0 1.0
1.0000004 1.0000001 1.0 1.0 1.0 1.0 1.0 1.0 0.99999994 1.0000004 1.0 1.0 1.0 1.0 1.0 1.0
1.0000001 1.0000001 1.0 1.0 1.0 1.0 1.0 1.0 0.9999998 1.0000004 1.0 1.0 1.0 1.0 1.0 1.0
1.0000002 0.99999994 1.0 1.0 1.0 1.0 1.0 1.0 1.0000001 1.0000001 1.0 1.0 1.0 1.0 1.0 1.0
1.0 1.0000001 1.0 1.0 1.0 1.0 1.0 1.0 0.99999994 1.0 1.0 1.0 1.0 1.0 1.0 1.0
1.0 1.0000004 1.0 1.0 1.0 1.0 1.0 1.0 1.0000002 1.0000002 1.0 1.0 1.0 1.0 1.0 1.0
1.0000002 1.0000004 1.0 1.0 1.0 1.0 1.0 1.0 1.0000001 1.0000002 1.0 1.0 1.0 1.0 1.0 1.0
1.0000001 1.0000005 1.0 1.0 1.0 1.0 1.0 1.0 1.0 1.0000006 1.0 1.0 1.0 1.0 1.0 1.0
1.0000005 1.0000006 1.0 1.0 1.0 1.0 1.0 1.0 1.0000002 1.0000007 1.0 1.0 1.0 1.0 1.0 1.0
1.0000006 1.0000002 1.0 1.0 1.0 1.0 1.0 1.0 1.0000001 1.0000006 1.0 1.0 1.0 1.0 1.0 1.0
1.0000004 1.0000001 1.0 1.0 1.0 1.0 1.0 1.0 1.0000001 1.0000004 1.0 1.0 1.0 1.0 1.0 1.0
1.0000002 0.99999994 1.0 1.0 1.0 1.0 1.0 1.0 1.0 1.0000002 1.0 1.0 1.0 1.0 1.0 1.0
1.0 1.0 1.0 1.0 1.0 1.0 1.0 1.0 0.99999994 1.0 1.0 1.0 1.0 1.0 1.0 1.0
1.0 1.0000004 1.0 1.0 1.0 1.0 1.0 1.0 1.0000002 1.0000001 1.0 1.0 1.0 1.0 1.0 1.0
0.99999994 1.0000007 1.0 1.0 1.0 1.0 1.0 1.0 0.99999994 1.0000005 1.0 1.0 1.0 1.0 1.0 1.0
1.0000004 1.0000007 1.0 1.0 1.0 1.0 1.0 1.0 1.0000002 1.0000007 1.0 1.0 1.0 1.0 1.0 1.0
1.0000007 1.0000007 1.0 1.0 1.0 1.0 1.0 1.0 1.0000005 1.0000008 1.0 1.0 1.0 1.0 1.0 1.0
1.0000008 1.0000005 1.0 1.0 1.0 1.0 1.0 1.0 1.0000004 1.0000007 1.0 1.0 1.0 1.0 1.0 1.0
1.0000005 1.0000001 1.0 1.0 1.0 1.0 1.0 1.0 1.0 1.0000005 1.0 1.0 1.0 1.0 1.0 1.0
1.0000005 0.99999976 1.0 1.0 1.0 1.0 1.0 1.0 1.0000001 1.0000002 1.0 1.0 1.0 1.0 1.0 1.0
1.0000001 1.0000001 1.0 1.0 1.0 1.0 1.0 1.0 1.0000001 1.0 1.0 1.0 1.0 1.0 1.0 1.0
0.99999994 1.0000006 1.0 1.0 1.0 1.0 1.0 1.0 1.0000001 1.0000002 1.0 1.0 1.0 1.0 1.0 1.0
1.0000001 1.0000008 1.0 1.0 1.0 1.0 1.0 1.0 1.0000005 1.0000005 1.0 1.0 1.0 1.0 1.0 1.0
1.0000006 1.0000008 1.0 1.0 1.0 1.0 1.0 1.0 1.0000007 1.0000007 1.0 1.0 1.0 1.0 1.0 1.0
1.000001 1.000001 1.0 1.0 1.0 1.0 1.0 1.0 1.0000008 1.0000008 1.0 1.0 1.0 1.0 1.0 1.0
1.000001 1.0000007 1.0 1.0 1.0 1.0 1.0 1.0 1.0000007 1.0000007 1.0 1.0 1.0 1.0 1.0 1.0
1.0000007 1.0000004 1.0 1.0 1.0 1.0 1.0 1.0 1.0000006 1.0000006 1.0 1.0 1.0 1.0 1.0 1.0
1.0000007 0.9999998 1.0 1.0 1.0 1.0 1.0 1.0 1.0000002 1.0000002 1.0 1.0 1.0 1.0 1.0 1.0
1.0000001 1.0000001 1.0 1.0 1.0 1.0 1.0 1.0 1.0000001 1.0000001 1.0 1.0 1.0 1.0 1.0 1.0
0.9999999 1.0000005 1.0 1.0 1.0 1.0 1.0 1.0 1.0000002 1.0 1.0 1.0 1.0 1.0 1.0 1.0
1.0 1.0000007 1.0 1.0 1.0 1.0 1.0 1.0 1.0000006 1.0000001 1.0 1.0 1.0 1.0 1.0 1.0
1.0000005 1.0000007 1.0 1.0 1.0 1.0 1.0 1.0 1.0000008 1.0000002 1.0 1.0 1.0 1.0 1.0 1.0
1.0000007 1.0000007 1.0 1.0 1.0 1.0 1.0 1.0 1.000001 1.0000005 1.0 1.0 1.0 1.0 1.0 1.0
1.0000008 1.0000005 1.0 1.0 1.0 1.0 1.0 1.0 1.0000008 1.0000005 1.0 1.0 1.0 1.0 1.0 1.0
1.0000006 1.0000002 1.0 1.0 1.0 1.0 1.0 1.0 1.0000006 1.0000004 1.0 1.0 1.0 1.0 1.0 1.0
1.0000006 0.9999997 1.0 1.0 1.0 1.0 1.0 1.0 1.0000004 1.0000001 1.0 1.0 1.0 1.0 1.0 1.0
1.0 1.0 1.0 1.0 1.0 1.0 1.0 1.0 1.0000001 0.99999994 1.0 1.0 1.0 1.0 1.0 1.0
0.9999998 1.0000002 1.0 1.0 1.0 1.0 1.0 1.0 1.0 1.0 1.0 1.0 1.0 1.0 1.0 1.0
0.99999994 1.0000004 1.0 1.0 1.0 1.0 1.0 1.0 1.0000002 0.99999976 1.0 1.0 1.0 1.0 1.0 1.0
1.0000001 1.0000004 1.0 1.0 1.0 1.0 1.0 1.0 1.0000004 0.99999964 1.0 1.0 1.0 1.0 1.0 1.0
1.0000005 1.0000006 1.0 1.0 1.0 1.0 1.0 1.0 1.0000006 1.0000001 1.0 1.0 1.0 1.0 1.0 1.0
1.0000006 1.0000004 1.0 1.0 1.0 1.0 1.0 1.0 1.0000005 1.0000002 1.0 1.0 1.0 1.0 1.0 1.0
1.0000004 1.0000001 1.0 1.0 1.0 1.0 1.0 1.0 1.0000004 1.0000001 1.0 1.0 1.0 1.0 1.0 1.0
1.0000005 0.99999964 1.0 1.0 1.0 1.0 1.0 1.0 1.0 0.9999999 1.0 1.0 1.0 1.0 1.0 1.0
0.99999994 0.99999994 1.0 1.0 1.0 1.0 1.0 1.0 0.9999999 0.99999994 1.0 1.0 1.0 1.0 1.0 1.0
0.99999994 1.0000001 1.0 1.0 1.0 1.0 1.0 1.0 1.0 1.0 1.0 1.0 1.0 1.0 1.0 1.0
0.9999999 1.0000001 1.0 1.0 1.0 1.0 1.0 1.0 1.0 1.0 1.0 1.0 1.0 1.0 1.0 1.0
1.0 1.0000002 1.0 1.0 1.0 1.0 1.0 1.0 0.99999964 1.0000001 1.0 1.0 1.0 1.0 1.0 1.0
1.0000002 1.0000005 1.0 1.0 1.0 1.0 1.0 1.0 1.0000002 1.0000001 1.0 1.0 1.0 1.0 1.0 1.0
1.0000005 1.0000001 1.0 1.0 1.0 1.0 1.0 1.0 1.0000004 0.99999994 1.0 1.0 1.0 1.0 1.0 1.0
1.0000001 0.9999999 1.0 1.0 1.0 1.0 1.0 1.0 1.0000004 0.9999999 1.0 1.0 1.0 1.0 1.0 1.0
1.0000001 0.99999964 1.0 1.0 1.0 1.0 1.0 1.0 1.0000001 0.9999997 1.0 1.0 1.0 1.0 1.0 1.0
1.0 0.9999999 1.0 1.0 1.0 1.0 1.0 1.0 1.0 0.99999994 1.0 1.0 1.0 1.0 1.0 1.0
0.99999994 1.0000001 1.0 1.0 1.0 1.0 1.0 1.0 1.0 0.9999999 1.0 1.0 1.0 1.0 1.0 1.0
1.0000001 1.0000001 1.0 1.0 1.0 1.0 1.0 1.0 1.0000001 1.0000001 1.0 1.0 1.0 1.0 1.0 1.0
0.99999994 1.0000001 1.0 1.0 1.0 1.0 1.0 1.0 1.0 1.0000002 1.0 1.0 1.0 1.0 1.0 1.0
1.0000001 1.0000002 1.0 1.0 1.0 1.0 1.0 1.0 0.99999994 1.0000002 1.0 1.0 1.0 1.0 1.0 1.0
1.0000002 0.99999994 1.0 1.0 1.0 1.0 1.0 1.0 0.9999999 1.0000001 1.0 1.0 1.0 1.0 1.0 1.0
1.0 0.99999994 1.0 1.0 1.0 1.0 1.0 1.0 0.9999998 1.0 1.0 1.0 1.0 1.0 1.0 1.0
1.0000001 0.99999976 1.0 1.0 1.0 1.0 1.0 1.0 1.0000002 0.9999999 1.0 1.0 1.0 1.0 1.0 1.0
0.99999994 0.99999976 1.0 1.0 1.0 1.0 1.0 1.0 1.0000001 0.9999998 1.0 1.0 1.0 1.0 1.0 1.0
1.0000008 0.9999984 1.0 1.0 1.0 0.99999994 0.99999994 0.99999994 1.0000025 0.9999997 1.0 1.0 1.0 1.0 1.0 1.0
1.0000008 0.9999993 1.0 1.0 1.0 1.0 1.0 1.0 1.0000013 0.99999976 1.0 1.0 1.0 0.99999994 0.99999994 1.0
0.99999964 0.9999995 1.0 1.0 1.0000001 1.0 1.0 1.0 1.0000013 1.0000005 1.0 0.99999994 1.0 1.0 1.0 1.0
1.0000006 1.0 1.0 1.0 1.0 1.0 1.0 1.0 0.9999991 0.99999845 0.99999994 0.99999994 1.0 1.0 1.0 1.0
1.0000007 1.0000006 1.0 1.0 1.0 1.0 1.0 1.0 1.0000012 1.0000006 1.0 1.0 1.0 1.0 1.0 1.0
1.0 0.99999964 1.0 1.0 1.0000001 1.0 1.0 1.0 0.99999774 0.9999994 1.0 1.0 1.0 0.99999994 0.99999994 1.0
0.99999994 0.99999976 1.0 1.0 1.0 1.0 1.0 1.0 1.0000014 1.0000001 1.0 1.0 1.0 1.0 1.0 0.99999994
0.9999985 0.9999985 1.0 1.0 1.0 1.0 0.99999994 1.0 0.9999987 1.0000024 1.0 0.99999994 0.99999994 0.99999994 1.0 1.0
1.0000001 1.0000001 1.0 1.0 1.0 1.0 1.0 0.99999994 1.0000002 1.0 1.0 1.0 1.0 1.0 1.0 1.0
1.0000011 1.0000015 1.0 1.0 1.0 1.0 1.0 1.0 1.0000012 1.000001 1.0 0.99999994 1.0 1.0 1.0 1.0
0.99999875 1.0000033 1.0 1.0 1.0 1.0 1.0000001 1.0000001 0.99999964 1.0000007 0.99999994 0.99999994 1.0 1.0 1.0 1.0
1.0000001 1.0000033 1.0 1.0 1.0 1.0000001 1.0 1.0000001 1.000001 1.0000008 0.99999994 1.0 1.0 1.0 1.0 1.0
1.0000012 1.0000035 1.0 1.0 1.0 1.0000001 1.0 1.0000001 1.0000011 1.0000018 1.0 1.0 1.0 1.0 1.0 1.0
0.99999964 1.0000025 1.0 1.0 1.0 1.0 1.0 1.0000001 1.0000012 1.0000005 1.0 0.99999994 1.0 1.0 1.0 1.0
0.99999934 1.0000024 1.0 1.0 1.0 1.0 1.0 1.0000001 1.0000006 1.0000008 0.99999994 0.99999994 1.0 1.0 1.0 1.0
0.9999988 0.99999964 1.0 1.0 1.0 1.0 1.0 1.0 1.0 1.0000004 0.99999994 1.0 1.0 1.0 1.0 1.0
1.0000014 0.99999994 1.0 1.0 1.0 1.0 1.0 0.99999994 0.99999934 1.0000001 1.0 1.0 1.0000001 1.0 1.0 1.0
0.99999964 1.0000018 1.0 1.0 1.0 1.0 1.0000001 1.0 0.9999983 1.0000029 1.0 1.0 1.0 1.0 1.0000001 1.0000001
1.0000015 1.0000036 1.0000001 1.0 1.0000001 1.0 1.0000001 1.0000001 1.0000014 1.0000023 1.0 1.0 1.0 1.0 1.0000001 1.0000001
1.0000015 1.0000036 1.0 1.0000001 1.0 1.0000001 1.0000001 1.0000001 1.0000024 1.0000011 1.0 1.0 1.0000001 1.0000001 1.0000001 1.0
1.0000021 1.0000037 1.0 1.0 1.0 1.0000001 1.0000001 1.0000001 1.0000014 1.0000023 1.0 1.0 1.0000001 1.0000001 1.0000001 1.0000001
1.000001 1.0000026 1.0 1.0 1.0 1.0 1.0000001 1.0000001 1.0000017 1.000002 1.0 1.0 1.0000001 1.0000001 1.0000001 1.0000001
1.0000011 1.0000025 1.0 1.0 1.0 1.0000001 1.0 1.0 1.0000024 0.9999995 1.0 1.0 1.0000001 1.0000001 1.0 1.0
0.99999946 0.9999993 1.0 1.0 1.0 0.99999994 1.0 1.0 1.000001 0.9999996 1.0 1.0 1.0 1.0000001 1.0 1.0
0.99999994 0.999999 1.0 1.0 1.0 1.0 0.99999994 0.99999994 1.0000004 0.9999991 1.0 1.0 1.0 1.0 1.0 0.99999994
1.0000017 1.0000006 1.0 1.0 1.0000001 0.99999994 1.0 1.0 0.99999934 1.0000036 1.0 1.0000001 1.0 1.0 1.0000001 1.0
1.0000036 1.0000024 1.0000001 1.0 1.0000001 1.0 1.0000001 1.0000001 1.0000023 1.0000031 1.0000001 1.0000001 1.0 1.0 1.0000001 1.0
1.0000036 1.0000024 1.0000001 1.0000001 1.0000001 1.0000001 1.0 1.0000001 1.0000032 1.0000019 1.0000001 1.0000001 1.0000001 1.0 1.0000001 1.0
1.0000037 1.0000025 1.0000001 1.0000001 1.0000001 1.0000001 1.0 1.0000001 1.0000024 1.0000032 1.0000001 1.0000001 1.0000001 1.0 1.0000001 1.0
1.0000026 1.0000014 1.0000001 1.0 1.0000001 1.0 1.0 1.0000001 1.0000026 1.0000027 1.0000001 1.0000001 1.0000001 1.0 1.0 1.0
1.0000025 1.0000014 1.0 1.0000001 1.0 1.0000001 1.0 1.0 1.0000031 1.0000004 1.0000001 1.0 1.0000001 1.0 1.0 1.0
0.99999934 0.99999833 1.0 0.99999994 1.0 0.99999994 1.0 1.0 1.0000018 0.99999857 1.0 1.0 1.0 1.0000001 1.0 0.99999994
0.99999946 1.0 0.99999994 1.0 1.0 1.0 1.0 0.99999994 1.0000006 0.9999995 1.0 1.0 1.0 1.0 1.0 1.0
1.0000012 1.0000015 1.0 0.99999994 1.0000001 0.99999994 1.0 1.0 0.9999997 1.0000036 1.0 1.0000001 0.99999994 1.0 1.0000001 1.0
1.000003 1.0000031 1.0000001 1.0 1.0000001 1.0 1.0000001 1.0000001 1.0000024 1.0000029 1.0 1.0000001 1.0 1.0 1.0 1.0
1.000003 1.0000031 1.0000001 1.0000001 1.0000001 1.0000001 1.0 1.0000001 1.0000031 1.0000019 1.0000001 1.0 1.0 1.0 1.0 1.0
1.0000031 1.0000033 1.0000001 1.0000001 1.0 1.0000001 1.0 1.0000001 1.0000024 1.0000032 1.0 1.0000001 1.0 1.0 1.0000001 1.0
1.000002 1.0000023 1.0000001 1.0 1.0 1.0 1.0 1.0000001 1.0000026 1.0000029 1.0000001 1.0000001 1.0 1.0 1.0 1.0
1.000002 1.0000024 1.0 1.0000001 1.0 1.0000001 1.0 1.0 1.0000031 1.0000007 1.0000001 1.0 1.0 1.0 1.0 1.0
0.9999988 0.99999934 1.0 0.99999994 1.0 0.99999994 1.0 1.0 1.000002 0.999999 1.0 1.0 0.99999994 1.0 1.0 0.99999994
0.9999996 0.99999964 0.99999994 1.0 1.0 1.0 1.0 0.99999994 0.99999964 0.9999987 1.0 0.99999994 1.0 1.0 1.0 1.0
1.0000012 1.0000006 1.0 0.99999994 1.0 0.99999994 1.0 1.0 0.99999887 1.0000023 0.99999994 1.0 1.0 1.0 1.0000001 1.0
1.0000029 1.000002 1.0000001 1.0 1.0000001 1.0 1.0000001 1.0000001 1.0000012 1.0000015 1.0 1.0 1.0 1.0 1.0 1.0
1.0000029 1.0000021 1.0000001 1.0000001 1.0 1.0000001 1.0 1.0 1.0000017 1.0000007 1.0 1.0 1.0000001 1.0 1.0000001 1.0
1.000003 1.0000026 1.0000001 1.0000001 1.0 1.0000001 1.0 1.0 1.0000011 1.000002 1.0 1.0 1.0 1.0 1.0000001 1.0
1.000002 1.0000017 1.0000001 1.0 1.0 1.0 1.0000001 1.0000001 1.0000014 1.0000018 1.0 1.0 1.0000001 1.0 1.0000001 1.0
1.000002 1.0000019 1.0 1.0000001 1.0 1.0000001 1.0 1.0 1.0000019 0.9999999 1.0 1.0 1.0000001 1.0 1.0 1.0
0.9999989 0.9999991 1.0 0.99999994 1.0 0.99999994 1.0 1.0 1.0000011 0.9999982 1.0 0.99999994 1.0 1.0000001 1.0 1.0
0.99999976 0.99999905 0.99999994 1.0 1.0 0.99999994 0.99999994 0.99999994 0.9999999 0.99999946 1.0 1.0 1.0 1.0 1.0 0.99999994
1.0000012 0.99999976 1.0 1.0 1.0 0.99999994 1.0 1.0 0.9999993 1.0000014 1.0 1.0 1.0 1.0 1.0 1.0
1.0000026 1.0000002 1.0000001 1.0 1.0000001 1.0 1.0 1.0 1.0000011 0.9999983 1.0 1.0 1.0 1.0 1.0 1.0
1.0000026 1.0000004 1.0000001 1.0000001 1.0 1.0 1.0 1.0 0.99999803 1.0000007 1.0 1.0 1.0 1.0 1.0 1.0
1.000003 1.0000011 1.0000001 1.0000001 1.0 1.0 1.0 1.0 1.0000001 1.0000019 1.0 1.0 1.0 1.0 1.0 1.0
1.0000019 1.0 1.0000001 1.0 1.0000001 1.0 1.0 1.0 1.0000013 1.0000019 1.0 1.0000001 1.0 1.0 1.0 1.0
1.0000021 1.0000006 1.0 1.0000001 1.0 1.0 1.0 1.0 1.0000019 1.0000004 1.0000001 1.0 1.0 1.0 1.0 1.0
0.99999917 0.999998 1.0 0.99999994 1.0 0.99999994 1.0 0.99999994 1.0000014 0.9999989 1.0 1.0 1.0 1.0 1.0 0.99999994
0.999999 1.0000006 1.0 0.99999994 0.99999994 0.99999994 1.0 1.0 1.0000001 0.9999992 1.0 1.0 1.0 1.0 1.0 1.0
1.0000004 0.99999875 1.0 1.0 0.99999994 1.0 1.0 1.0 0.9999997 0.9999994 1.0 1.0 1.0 1.0 1.0 1.0
1.0000011 0.99999875 1.0 1.0000001 1.0 1.0 0.99999994 1.0 0.9999986 1.0000018 0.99999994 1.0 1.0 1.0 1.0 1.0
1.0000013 0.99999964 1.0 1.0 1.0 1.0 1.0 1.0 1.0000015 1.0000001 1.0 1.0 1.0 1.0 1.0 1.0
1.0000019 1.000001 1.0 1.0 1.0 1.0 1.0 1.0 1.0000004 1.0000012 1.0 1.0 1.0 1.0 1.0 1.0
1.000001 0.9999992 1.0 1.0000001 1.0 1.0 1.0 1.0 1.0000007 0.999999 1.0 1.0 1.0 1.0 1.0 0.99999994
1.0000015 0.99999887 1.0 1.0 1.0 1.0 1.0 0.99999994 0.9999988 0.9999975 0.99999994 0.99999994 1.0 1.0 1.0 0.99999994
0.9999986 0.9999985 1.0 1.0 0.99999994 1.0 0.99999994 1.0 0.9999984 0.99999887 0.99999994 1.0 1.0 1.0 1.0 1.0
1.0000011 1.0 1.0 1.0 1.0 1.0 1.0 1.0 1.0000026 1.0000002 1.0 1.0 1.0 1.0 1.0 1.0
0.99999946 1.0000002 1.0 1.0 1.0 1.0 1.0000001 1.0 0.99999976 0.9999999 1.0 0.99999994 1.0 1.0 1.0 1.0
0.9999999 0.9999998 1.0 1.0000001 1.0 1.0 1.0 1.0 0.99999905 1.000001 0.99999994 1.0 1.0 1.0 1.0 1.0
1.0000008 1.0000007 1.0 1.0 1.0 1.0 1.0 1.0 0.9999997 1.0000002 1.0 1.0 1.0 1.0 1.0 1.0
0.99999976 1.0000001 1.0 1.0 1.0 1.0 1.0 1.0 0.9999994 1.0000007 1.0 1.0 1.0 1.0 1.0 1.0
1.0000005 0.99999905 1.0 1.0000001 1.0 1.0 1.0 1.0 0.99999934 1.0000004 1.0 0.99999994 0.99999994 1.0 1.0 1.0
0.99999994 0.99999887 1.0 1.0 1.0 1.0 1.0 1.0 0.99999905 1.0000015 0.99999994 1.0 0.99999994 1.0 1.0 1.0
1.0000017 1.0000011 1.0 1.0 1.0 1.0 1.0 1.0 1.0000001 1.0000014 1.0 1.0 1.0 1.0 1.0 1.0
1.0000001 1.0000007 1.0 1.0 1.0 0.99999994 1.0 1.0 0.99999964 1.0000002 1.0 1.0 1.0 1.0000001 1.0 1.0
0.99999726 1.0000023 1.0 1.0 0.99999994 1.0 1.0 1.0000001 0.9999966 1.0000024 0.99999994 1.0 1.0 1.0 1.0000001 1.0
1.0000021 1.0000008 1.0000001 1.0 1.0 1.0000001 1.0 1.0000001 0.9999978 1.0000033 0.99999994 1.0 1.0 1.0000001 1.0000001 1.0000001
1.0000025 1.0000014 1.0 1.0 1.0000001 1.0000001 1.0 1.0 0.99999857 1.0000027 1.0 1.0 1.0 1.0000001 1.0000001 1.0000001
1.0000005 1.0000015 1.0 1.0 1.0 1.0 1.0 1.0000001 0.99999887 1.0000031 1.0 1.0 1.0 1.0000001 1.0000001 1.0000001
1.0000015 1.0000004 1.0 1.0 1.0 1.0000001 1.0 1.0 0.99999714 1.0000026 0.99999994 1.0 1.0 1.0000001 1.0000001 1.0000001
1.0000018 0.9999989 1.0 1.0 1.0 1.0 1.0 1.0 0.99999917 1.0000013 0.99999994 1.0 1.0 1.0000001 1.0 1.0
1.0000005 1.0000005 1.0 1.0 1.0 0.99999994 1.0 1.0 1.0000015 1.0000001 1.0 1.0 1.0 1.0 1.0 1.0
0.99999785 1.0000024 0.99999994 1.0 0.99999994 0.99999994 1.0000001 1.0 0.99999934 0.9999992 1.0 1.0000001 1.0 1.0 0.99999994 1.0
0.99999875 1.0000038 1.0 1.0000001 0.99999994 1.0 1.0000001 1.0000001 1.0000017 1.0000012 1.0 1.0 1.0000001 1.0 1.0 1.0
1.0000037 1.0000023 1.0000001 1.0000001 1.0 1.0000001 1.0000001 1.0000001 1.0000026 1.0000021 1.0 1.0000001 1.0000001 1.0000001 1.0 1.0
1.000004 1.0000025 1.0000001 1.0 1.0000001 1.0000001 1.0 1.0 1.0000019 1.0000015 1.0 1.0000001 1.0000001 1.0 1.0 1.0
1.0000017 1.0000027 1.0 1.0000001 1.0000001 1.0 1.0000001 1.0000001 1.0000023 1.0000018 1.0 1.0000001 1.0000001 1.0 1.0000001 1.0
1.0000029 1.0000014 1.0000001 1.0 1.0 1.0000001 1.0 1.0 1.000002 1.0000014 1.0 1.0000001 1.0000001 1.0000001 1.0 1.0
1.000003 0.99999833 1.0 1.0 0.99999994 1.0000001 1.0 0.99999994 1.0000007 1.0000004 1.0 1.0000001 1.0 1.0 1.0 1.0
0.9999988 1.0000005 0.99999994 1.0 1.0 0.99999994 1.0 1.0 1.0000012 0.9999992 1.0 1.0 1.0 1.0 1.0 1.0
0.99999744 1.000002 0.99999994 1.0 0.99999994 0.99999994 1.0 1.0 1.0000006 0.9999995 1.0 1.0 1.0 1.0 0.99999994 1.0
0.9999984 1.0000033 1.0 1.0000001 0.99999994 1.0 1.0000001 1.0000001 1.0000029 1.0000014 1.0000001 1.0 1.0000001 1.0 1.0 1.0
1.0000032 1.0000018 1.0000001 1.0000001 1.0 1.0000001 1.0 1.0000001 1.0000038 1.000002 1.0000001 1.0000001 1.0000001 1.0 1.0 1.0
1.0000036 1.000002 1.0000001 1.0 1.0000001 1.0000001 1.0 1.0 1.0000032 1.0000015 1.0000001 1.0000001 1.0000001 1.0 1.0 1.0
1.0000011 1.0000023 1.0 1.0000001 1.0 1.0 1.0 1.0000001 1.0000035 1.0000019 1.0000001 1.0000001 1.0000001 1.0 1.0 1.0
1.0000023 1.000001 1.0000001 1.0 1.0 1.0000001 1.0 1.0 1.0000031 1.0000017 1.0000001 1.0000001 1.0 1.0 1.0 1.0
1.0000025 0.9999979 1.0 1.0 0.99999994 1.0000001 1.0 1.0 1.0000018 1.0000006 1.0 1.0000001 1.0 1.0 1.0 1.0
0.99999833 1.0 0.99999994 1.0 1.0 0.99999994 1.0 1.0 1.0000004 0.99999946 1.0 1.0 1.0 1.0 1.0 1.0
0.99999774 1.000002 0.99999994 1.0 0.99999994 0.99999994 1.0 1.0 0.99999845 0.9999998 1.0 1.0 0.99999994 1.0 1.0 1.0
0.9999986 1.0000033 1.0 1.0000001 0.99999994 1.0 1.0000001 1.0000001 1.0000006 1.0000014 1.0 1.0 1.0 1.0 1.0 1.0
1.0000032 1.0000019 1.0000001 1.0000001 1.0 1.0000001 1.0 1.0000001 1.0000014 1.0000019 1.0 1.0 1.0 1.0 1.0 1.0
1.0000036 1.0000021 1.0000001 1.0 1.0000001 1.0000001 1.0 1.0 1.0000007 1.0000015 1.0 1.0 1.0 1.0 1.0000001 1.0
1.0000012 1.0000024 1.0 1.0000001 1.0 1.0 1.0 1.0000001 1.0000011 1.0000019 1.0 1.0 1.0 1.0 1.0000001 1.0
1.0000024 1.0000012 1.0000001 1.0 1.0 1.0000001 1.0 1.0 1.0000008 1.0000018 1.0 1.0 1.0 1.0000001 1.0 1.0
1.0000026 0.9999982 1.0 1.0 0.99999994 1.0000001 1.0 1.0 0.9999996 1.000001 1.0 1.0 0.99999994 1.0000001 1.0 1.0
0.99999857 1.0000002 0.99999994 1.0 1.0 0.99999994 1.0 1.0 0.9999982 0.99999976 0.99999994 0.99999994 1.0 1.0 1.0 1.0
0.9999977 1.0000013 0.99999994 1.0 0.99999994 0.99999994 1.0 1.0 0.9999998 0.9999989 1.0 1.0 1.0 1.0 1.0 1.0
0.9999981 1.0000025 1.0 1.0000001 0.99999994 1.0 1.0000001 1.0000001 1.0000017 0.9999997 1.0 1.0 1.0000001 1.0 1.0 1.0
1.0000025 1.0000011 1.0000001 1.0000001 1.0 1.0000001 1.0 1.0 1.0000021 0.99999887 1.0 1.0000001 1.0 1.0 1.0 1.0
1.0000027 1.0000017 1.0000001 1.0 1.0000001 1.0 1.0 1.0 1.0000017 0.9999996 1.0 1.0000001 1.0000001 1.0 1.0 1.0
1.0000007 1.000002 1.0 1.0000001 1.0 1.0 1.0 1.0 1.0000021 1.0000007 1.0 1.0000001 1.0000001 1.0 1.0 1.0
1.000002 1.0000011 1.0000001 1.0 1.0 1.0000001 1.0 1.0 1.0000019 1.0000008 1.0 1.0000001 1.0000001 1.0 1.0 1.0
1.0000024 0.9999982 1.0 1.0 0.99999994 1.0000001 1.0 0.99999994 1.000001 1.0000002 1.0 1.0000001 1.0 1.0 1.0 1.0
0.9999984 1.0000002 0.99999994 1.0 1.0 0.99999994 1.0 1.0 0.9999996 0.9999992 0.99999994 1.0 1.0 1.0 1.0 1.0
0.99999803 1.0000008 0.99999994 1.0 0.99999994 0.99999994 1.0 1.0 0.99999994 0.99999964 1.0 1.0 1.0 1.0 1.0 1.0
0.9999981 1.0000013 1.0 1.0000001 0.99999994 0.99999994 1.0 1.0 1.0000008 0.9999983 0.99999994 1.0 1.0 1.0 1.0 1.0
1.0000012 1.0000001 1.0000001 1.0 1.0 1.0 1.0 1.0 0.999998 1.0000018 1.0 1.0 1.0 1.0 1.0 1.0
1.0000014 1.000001 1.0 1.0 1.0 1.0 1.0 1.0 1.0000006 1.0 1.0 1.0 1.0 1.0 1.0 1.0
0.9999999 1.0000011 1.0 1.0000001 1.0 1.0 1.0 1.0 1.000002 1.0000004 1.0 1.0 1.0 1.0 1.0 1.0
1.000001 1.0000004 1.0000001 1.0 1.0 1.0 1.0 1.0 1.0000021 0.9999979 0.99999994 1.0000001 1.0 1.0 1.0 0.99999994
1.0000014 0.9999977 1.0 0.99999994 0.99999994 1.0 1.0 0.99999994 1.0000012 0.99999726 0.99999994 1.0 1.0 1.0 0.99999994 0.99999994
0.9999982 0.9999995 0.99999994 1.0 0.99999994 0.99999994 1.0 1.0 0.99999994 0.999999 1.0 1.0 1.0 1.0 1.0 0.99999994
0.9999998 0.9999992 1.0 1.0 0.99999994 1.0 1.0 1.0 1.0000024 0.9999987 1.0 1.0 1.0 1.0 1.0 0.99999994
0.9999976 1.0 1.0 1.0 1.0 1.0 0.99999994 1.0 1.0000001 1.0 1.0 0.99999994 0.99999994 1.0 1.0 1.0
1.0000004 0.99999994 1.0 1.0 1.0 1.0 1.0 1.0 0.9999998 1.0000004 1.0 1.0 0.99999994 1.0 1.0 1.0
1.0000005 1.0000008 1.0 1.0 1.0 1.0 1.0 1.0 0.99999934 0.9999996 1.0 1.0 1.0 1.0 1.0 1.0
0.9999998 0.99999994 1.0 1.0 1.0 1.0 1.0 1.0 0.9999989 1.0000001 1.0 1.0 1.0 1.0 1.0 1.0
1.0000004 0.99999905 1.0 1.0 1.0 1.0 1.0 1.0 0.9999998 1.0 1.0 0.99999994 0.99999994 1.0 1.0 1.0
0.99999976 0.9999985 1.0 1.0 1.0 1.0 0.99999994 1.0 0.9999989 0.9999993 0.99999994 1.0 0.99999994 1.0 1.0 1.0
0.9999996 0.99999887 1.0 1.0 0.99999994 1.0 1.0 1.0 1.0000015 0.99999833 1.0 1.0 1.0 0.99999994 1.0 0.99999994
1.000013 0.9999896 1.0 0.9999999 1.0000001 0.9999998 0.9999998 0.99999994 1.0000288 0.9999927 1.0000002 1.0000001 1.0000002 0.9999998 1.0000001 0.99999994
0.99998677 0.99999523 1.0 1.0000001 0.9999998 0.9999999 0.9999998 1.0000001 1.0000123 0.99998015 1.0000002 1.0 1.0000001 0.9999997 1.0 0.9999999
1.0000083 1.0000061 1.0 1.0 1.0000001 1.0000001 1.0000001 0.99999994 0.9999772 0.9999795 1.0000002 0.99999994 0.9999999 1.0000001 0.99999994 1.0000001
1.0000021 1.0000002 1.0000001 1.0 1.0000001 1.0000001 1.0 0.99999994 0.9999827 1.0000069 0.9999997 1.0 1.0 0.99999976 0.99999994 1.0
0.999992 0.9999909 0.99999994 1.0000001 0.9999999 0.99999994 0.9999999 1.0000001 1.0000243 1.0000242 1.0000002 1.0000001 1.0000001 1.0000002 1.0 1.0000001
1.000004 1.0000036 1.0000001 0.99999994 1.0 1.0 1.0 0.99999994 1.0000085 0.9999816 0.99999976 0.99999994 1.0 0.9999997 1.0 0.9999999
0.99999905 0.9999992 1.0 0.99999994 1.0 1.0 1.0 1.0 0.999981 0.9999762 1.0000001 1.0 0.9999999 0.99999994 0.9999999 0.9999998
0.9999976 0.999994 0.9999998 0.99999994 1.0 0.9999999 0.9999999 0.99999994 0.99997777 1.0000058 1.0000002 0.9999997 0.99999994 0.9999998 1.0 1.0000001
1.0000112 0.9999848 1.0 0.9999999 1.0000001 1.0 0.99999994 0.99999976 0.99998516 1.0000048 1.0 1.0 0.99999976 1.0 1.0000001 0.99999994
0.9999793 0.99999666 1.0000001 1.0 0.9999998 0.9999999 1.0000004 0.9999999 0.9999751 0.9999888 1.0000001 0.9999999 1.0000001 0.99999994 0.9999997 1.0000002
1.0000011 1.000016 0.99999994 0.99999994 1.0 1.0000002 1.0000002 1.0000001 0.99998856 0.99998724 0.9999999 0.9999999 0.99999964 1.0000002 0.9999997 1.0000001
0.9999953 1.00001 1.0 0.9999999 1.0 1.0000002 1.0000001 1.0000001 0.9999896 0.99998546 0.9999999 1.0 0.99999976 1.0000002 0.99999976 1.0000001
0.9999901 0.9999989 0.99999994 1.0000001 0.9999998 1.0000001 1.0000002 0.99999994 0.99998564 0.9999874 1.0 1.0 0.99999976 1.0000001 0.99999976 1.0000001
0.99999917 1.0000112 1.0 0.99999994 1.0 1.0000002 1.0000001 1.0000001 0.9999838 0.9999917 1.0 0.9999999 0.9999997 1.0000001 0.9999997 1.0000002
0.9999956 1.0000058 1.0 1.0 1.0 1.0000001 1.0 1.0000001 0.99999344 0.99998283 0.99999994 0.9999998 0.99999976 1.0000002 1.0000001 1.0
0.99999845 0.99999714 0.9999998 1.0 1.0 0.9999998 1.0 0.99999994 0.9999902 1.0000088 0.9999999 1.0000001 1.0000001 0.9999998 1.0000001 0.99999994
0.99998087 0.99998456 1.0000001 1.0 0.9999999 1.0 0.9999999 0.99999976 1.0000111 1.0000024 0.99999994 1.0 1.0000001 1.0 1.0000001 0.9999999
0.99999374 0.9999988 0.9999997 0.9999999 1.0000002 0.99999994 1.0000004 0.9999999 0.99999994 1.0000137 0.9999999 1.0000001 1.0 0.99999994 1.0000001 1.0000001
1.000013 1.0000176 1.0 1.0000002 1.0000001 1.0000002 1.0000002 1.0000002 1.0000136 1.0000144 1.0000001 1.0000001 1.0 1.0000001 1.0000001 1.0000001
1.0000072 1.0000118 1.0 1.0000002 1.0 1.0000004 1.0000001 1.0000001 1.0000169 1.0000125 1.0000001 1.0 1.0000001 1.0000001 1.0000001 1.0000001
0.9999963 1.0000005 0.9999999 1.0000001 1.0000002 1.0000001 1.0000004 1.0 1.0000126 1.0000145 1.0 1.0000001 1.0000001 1.0000001 1.0000001 1.0000001
1.000009 1.0000129 1.0 1.0000001 1.0000001 1.0000002 1.0000001 1.0000001 1.0000105 1.0000163 1.0000001 1.0000002 1.0000001 1.0000001 1.0000001 1.0000002
1.0000037 1.0000075 1.0 1.0000001 1.0 1.0000002 1.0000001 1.0000001 1.0000181 1.0000068 1.0000002 1.0 1.0000001 1.0000002 1.0 1.0
0.99999565 0.9999986 1.0 0.9999998 1.0 0.9999998 1.0000001 0.99999994 1.000014 0.99999905 1.0 1.0 1.0000001 1.0000002 1.0000001 0.9999999
0.99998593 0.99998266 0.99999976 1.0000001 0.99999994 1.0 0.9999999 0.99999976 1.0000061 0.9999983 1.0000001 0.99999994 1.0000001 0.99999994 1.0000001 0.9999998
1.0000005 0.99999696 0.9999999 0.99999994 1.0000004 0.9999999 1.0000004 0.9999999 0.9999954 1.0000081 1.0 1.0000002 1.0 0.9999999 1.0000001 1.0
1.0000193 1.0000157 1.0000001 1.0000004 1.0000002 1.0000002 1.0000002 1.0000001 1.0000081 1.0000088 1.0000002 1.0000002 1.0 1.0 1.0000001 1.0
1.0000134 1.0000099 1.0000001 1.0000004 1.0000001 1.0000002 1.0000001 1.0000001 1.0000113 1.000007 1.0000002 1.0000002 1.0000001 1.0 1.0000001 1.0
1.0000021 0.9999986 0.99999994 1.0000001 1.0000004 1.0000001 1.0000002 0.99999994 1.0000072 1.0000091 1.0000002 1.0000002 1.0000001 1.0 1.0000001 1.0
1.0000145 1.000011 1.0000001 1.0000002 1.0000001 1.0000002 1.0000001 1.0000001 1.000005 1.0000107 1.0000002 1.0000002 1.0000001 1.0 1.0000001 1.0000001
1.0000093 1.0000057 1.0000001 1.0000002 1.0000001 1.0000001 1.0 1.0000001 1.0000126 1.0000021 1.0000004 1.0000001 1.0000001 1.0000001 1.0 0.99999994
1.0000004 0.9999969 0.99999994 0.9999999 1.0000001 0.9999998 1.0 0.99999994 1.0000087 0.9999945 1.0000001 0.99999994 1.0000001 1.0000001 1.0 0.9999998
0.99998254 0.99998266 0.99999976 1.0 0.9999999 1.0 0.9999999 0.9999997 0.9999951 0.99998933 0.99999994 0.9999998 0.9999999 1.0000001 0.9999999 1.0
0.9999973 0.9999963 0.9999999 0.9999999 1.0000004 0.9999999 1.0000004 0.9999999 0.9999865 0.99999684 0.9999999 1.0000001 0.9999998 1.0000001 0.99999994 1.0000002
1.0000161 1.000015 1.0000002 1.0000002 1.0000002 1.0000002 1.0000002 1.0000001 0.99999726 0.99999774 1.0000001 1.0 0.9999998 1.0000002 0.99999994 1.0000002
1.0000103 1.0000092 1.0000002 1.0000002 1.0000001 1.0000002 1.0000001 1.0000001 1.0 0.99999595 1.0000001 1.0 0.99999994 1.0000002 0.99999994 1.0000002
0.999999 0.99999803 1.0 1.0000001 1.0000002 1.0000001 1.0000002 0.99999994 0.999996 0.9999979 1.0 1.0000001 1.0 1.0000002 0.99999994 1.0000002
1.0000113 1.0000104 1.0000001 1.0000002 1.0000001 1.0000002 1.0000001 1.0000001 0.999994 0.9999997 1.0 1.0000001 0.99999994 1.0000002 0.99999994 1.0000002
1.000006 1.0000052 1.0000001 1.0000001 1.0 1.0000001 1.0 1.0000001 1.0000014 0.9999932 1.0000001 0.99999994 0.99999994 1.0000002 0.9999998 1.0000001
0.99999684 0.9999969 0.99999994 0.9999998 1.0 0.9999998 1.0 0.99999994 0.9999976 0.99998564 1.0 0.9999998 0.9999999 1.0 1.0000002 1.0
0.99998087 0.99998415 0.9999997 1.0 0.9999999 1.0 0.9999999 0.99999976 1.0000073 1.000003 1.0000001 0.99999994 1.0 1.0 1.0000001 0.9999999
0.999995 0.999997 0.9999999 0.9999999 1.0000004 0.9999999 1.0000002 0.9999998 0.99999964 1.0000087 1.0 1.0000001 1.0 0.9999999 1.0000001 1.0
1.0000137 1.0000156 1.0000001 1.0000002 1.0000001 1.0000002 1.0000001 1.0000001 1.0000092 1.0000092 1.0000001 1.0000001 1.0 1.0 1.0000001 0.99999994
1.0000079 1.0000098 1.0000001 1.0000002 1.0000001 1.0000002 1.0000001 1.0000001 1.0000111 1.000008 1.0000001 1.0000001 1.0000001 0.99999994 1.0000001 1.0
0.99999666 0.9999991 0.99999994 1.0000001 1.0000002 1.0000001 1.0000002 0.99999994 1.000008 1.0000099 1.0000001 1.0000001 1.0000001 1.0 1.0000001 1.0
1.000009 1.0000116 1.0000001 1.0000001 1.0000001 1.0000002 1.0000001 1.0000001 1.0000061 1.0000117 1.0000001 1.0000002 1.0000001 1.0 1.0000001 1.0000001
1.0000037 1.0000064 1.0000001 1.0000001 1.0 1.0000001 1.0 1.0000001 1.0000135 1.0000062 1.0000002 1.0000001 1.0000001 1.0000001 1.0 1.0
0.9999952 0.99999857 0.99999994 0.9999998 1.0 0.9999998 1.0 0.99999994 1.0000097 0.9999994 1.0000001 0.99999994 1.0 1.0000001 1.0 0.9999999
0.9999857 0.99998134 0.9999997 1.0 0.99999994 0.99999994 0.9999999 0.9999998 1.0000018 0.99999803 1.0 1.0 1.0 1.0 1.0 0.99999994
0.99999934 0.99998856 0.9999999 0.99999994 1.0000004 0.9999998 1.0000001 0.9999998 0.99999565 1.0000029 1.0 1.0000001 1.0 0.99999994 0.99999994 1.0
1.0000175 1.0000091 1.0000001 1.0000002 1.0000002 1.0000001 1.0 1.0 1.0000035 0.9999934 1.0000001 0.9999999 1.0 1.0 0.99999994 1.0
1.0000119 1.000004 1.0000001 1.0000002 1.0000001 1.0000001 1.0 1.0 0.9999915 1.0000023 0.9999999 1.0000001 0.99999994 1.0 1.0000001 1.0
1.0000013 0.999994 0.99999994 1.0000001 1.0000002 1.0 1.0000001 0.9999999 1.0000019 1.0000045 1.0000001 1.0000001 0.99999994 1.0 1.0000001 1.0
1.0000136 1.000007 1.0000001 1.0000002 1.0000001 1.0000001 1.0 1.0 1.0000007 1.0000066 1.0000001 1.0000001 1.0 0.99999994 1.0000001 1.0
1.0000085 1.0000029 1.0000001 1.0000002 1.0000001 1.0000001 1.0 1.0 1.0000081 1.0000023 1.0000002 1.0000001 1.0000001 1.0000001 1.0 1.0
1.0000001 0.99999696 0.99999994 0.9999999 1.0000001 0.9999998 1.0 0.9999999 1.0000044 0.9999945 1.0000001 0.99999994 1.0 1.0000001 1.0 0.9999999
0.99998206 0.9999893 1.0000001 0.99999976 0.99999994 0.9999999 0.9999998 0.99999994 0.9999942 0.99999225 1.0000001 1.0 0.99999994 0.99999994 0.99999994 0.9999999
0.99999475 0.9999925 0.9999998 0.9999999 0.9999999 1.0000002 0.99999976 1.0000001 0.99999136 0.99999756 1.0000001 0.9999998 0.99999994 1.0 0.9999999 1.0
1.0000137 1.0000037 1.0000001 1.0000001 1.0000001 1.0000001 1.0 0.99999994 0.99999607 0.99999875 0.9999998 1.0000001 1.0 1.0 0.9999999 1.0
1.0000081 0.99999774 1.0 1.0000001 1.0000001 1.0 1.0 0.99999994 0.9999971 0.99999434 1.0000001 1.0000001 1.0 0.99999994 1.0 0.99999994
0.99999714 0.999992 0.9999999 1.0 1.0 1.0000002 0.99999994 1.0000001 0.99999565 0.9999952 1.0000001 1.0 1.0 1.0 1.0 0.99999994
1.0000095 1.0000014 1.0 1.0000001 1.0000001 1.0 1.0 0.99999994 0.9999921 0.9999986 1.0000001 0.9999998 0.99999994 1.0 0.99999994 0.99999994
1.0000044 0.99999726 1.0 1.0000001 1.0000001 1.0 1.0 0.99999994 1.0000001 0.9999968 0.9999998 0.99999976 1.0000001 1.0 0.9999999 0.9999999
0.9999965 0.99999225 1.0 0.99999994 0.9999998 1.0 0.9999999 0.99999994 0.99999654 0.99998885 0.99999976 1.0 1.0 0.9999999 0.9999999 0.99999994
1.0000073 0.9999975 0.9999999 1.0000001 1.0000001 1.0000001 0.9999999 0.99999994 1.0000023 0.9999946 1.0000001 1.0000001 1.0 0.9999998 1.0 1.0000001
0.9999892 1.0000192 1.0 0.9999998 0.9999999 1.0000001 1.0000002 1.0000002 0.9999845 1.0000082 1.0000001 0.99999976 0.99999994 0.99999976 0.9999999 1.0000004
1.0000112 0.9999957 1.0 1.0000001 1.0000001 0.99999994 1.0 1.0 0.9999865 1.0000076 0.99999976 1.0000001 1.0 0.9999999 0.9999999 1.0000004
0.9999997 0.9999927 1.0000001 1.0000001 1.0 1.0000001 0.99999994 0.9999999 1.0000014 1.0000037 1.0000001 0.99999976 1.0 0.99999994 0.9999999 1.0000002
0.99999744 1.0000154 1.0 0.99999994 0.9999999 1.0000001 1.0000001 1.0000001 1.0000002 1.0000063 0.9999998 1.0000001 0.99999994 0.9999999 0.99999994 1.0000004
1.0000066 0.9999946 1.0000001 1.0000001 1.0 1.0 1.0 0.99999994 0.9999861 1.0000111 1.0000001 0.9999997 0.99999994 0.9999999 0.9999999 1.0000005
0.99999964 0.9999956 0.9999999 1.0 1.0 1.0 1.0 1.0 0.9999836 0.9999994 0.99999976 1.0 0.9999999 0.9999999 1.0 1.0000002
1.0000231 1.0000035 1.0000001 1.0000002 1.0000002 1.0 1.0 1.0 0.99999845 1.0000137 1.0000002 0.9999999 1.0 1.0000001 1.0000001 1.0
0.99998355 1.0000111 1.0000001 0.9999998 0.9999999 0.99999976 1.0000005 1.0 0.99998295 1.0000178 1.0 0.9999997 1.0000001 1.0000001 1.0000001 1.0000001
1.0000064 1.0000324 0.9999998 1.0000002 0.99999994 0.99999994 1.0000004 1.0000004 0.9999985 1.0000308 0.99999994 0.9999997 0.9999998 1.0000001 1.0000004 1.0000004
1.0000241 1.0000082 1.0000001 1.0 1.0000004 1.0000002 1.0000001 1.0000001 0.99999565 1.00003 0.99999994 0.9999998 0.9999998 1.0000002 1.0000004 1.0000002
1.0000122 0.99999934 1.0 0.9999999 1.0000004 1.0000001 1.0000002 0.99999994 0.99999154 1.0000265 0.99999994 0.9999998 0.9999998 1.0000004 1.0000002 1.0000002
1.0000044 1.0000257 0.99999994 1.0000001 1.0000001 1.0 1.0000002 1.0000002 0.9999942 1.0000293 0.99999994 0.9999998 0.9999998 1.0000002 1.0000002 1.0000002
1.000017 1.0000027 1.0 1.0 1.0000002 1.0000001 1.0 1.0000001 1.0000017 1.0000335 1.0 0.9999998 0.9999998 1.0000002 1.0000002 1.0000004
1.0000075 0.9999981 1.0 1.0 0.9999999 1.0000002 1.0000001 0.99999994 0.99999064 1.0000229 0.9999999 0.9999998 1.0000001 1.0000002 1.0000001 1.0000001
0.9999802 1.0000011 1.0000001 1.0 0.99999994 0.99999976 1.0000001 1.0 1.0000064 1.0000093 1.0000001 1.0000001 1.0000001 1.0000001 1.0000001 0.99999994
0.9999857 1.0000145 0.99999976 1.0 0.99999994 0.99999976 1.0000005 1.0 1.0000093 0.99999523 0.99999994 1.0000001 1.0000001 1.0 1.0 0.9999999
1.0000104 1.0000355 0.99999994 1.0000004 1.0 1.0 1.0000004 1.0000004 1.0000225 1.000007 1.0000002 1.0000001 1.0000002 1.0 1.0000001 1.0
1.0000272 1.0000112 1.0000002 1.0000001 1.0000004 1.0000002 1.0000001 1.0000001 1.0000217 1.0000061 1.0000002 1.0000002 1.0000002 1.0000001 1.0000001 1.0
1.0000151 1.0000019 1.0000001 0.99999994 1.0000004 1.0000002 1.0000004 1.0 1.0000181 1.0000026 1.0000001 1.0000002 1.0000002 1.0000001 1.0000001 0.99999994
1.0000072 1.0000283 1.0 1.0000002 1.0000002 1.0 1.0000002 1.0000002 1.000021 1.0000056 1.0000001 1.0000002 1.0000002 1.0000001 1.0000001 1.0
1.0000194 1.000005 1.0000001 1.0 1.0000002 1.0000002 1.0 1.0000001 1.0000252 1.0000097 1.0000002 1.0000002 1.0000001 1.0000001 1.0000001 1.0000001
1.0000098 0.9999999 1.0000001 0.99999994 0.9999999 1.0000002 1.0000001 0.99999994 1.0000145 1.0000002 1.0 1.0000002 1.0000001 1.0000001 1.0 0.99999994
0.9999818 1.0000031 0.9999997 0.99999994 1.0 0.9999997 1.0000001 1.0 1.0000008 0.9999875 1.0 1.0000001 1.0000001 1.0 1.0 0.99999976
0.9999832 1.0000119 0.99999976 1.0 0.9999999 0.99999976 1.0000005 1.0 0.99999946 0.9999889 1.0 1.0 1.0 0.9999998 0.9999999 1.0000001
1.0000077 1.0000328 1.0 1.0000004 1.0 0.99999994 1.0000004 1.0000004 1.000011 0.9999981 1.0000002 1.0 1.0000001 0.9999998 0.99999994 1.0000002
1.0000244 1.0000083 1.0000002 1.0000001 1.0000004 1.0000002 1.0000001 1.0000001 1.0000101 0.999997 1.0000002 1.0000001 1.0000001 0.99999994 0.99999994 1.0000002
1.0000124 0.9999991 1.0000002 1.0 1.0000004 1.0000001 1.0000002 0.99999994 1.0000068 0.99999386 1.0000002 1.0000001 1.0000001 0.99999994 0.99999994 1.0000001
1.0000043 1.0000254 1.0 1.0000002 1.0000001 1.0 1.0000002 1.0000002 1.0000097 0.9999968 1.0000002 1.0000001 1.0000001 0.99999994 0.99999994 1.0000002
1.0000166 1.0000021 1.0000002 1.0000001 1.0000002 1.0000001 1.0 1.0000001 1.0000136 1.0000007 1.0000004 1.0000001 1.0000001 0.99999994 0.99999994 1.0000002
1.0000069 0.99999726 1.0000001 1.0 0.9999998 1.0000002 1.0000001 0.99999994 1.0000044 0.99999356 1.0000001 1.0000001 1.0 0.99999994 0.9999998 1.0000001
0.99997944 1.0000007 0.99999976 1.0 1.0 0.9999997 1.0000001 1.0 0.99999267 0.99998415 0.99999994 1.0 1.0 0.9999999 0.9999999 1.0
0.99998426 1.0000118 0.99999976 1.0 0.9999999 0.99999976 1.0000005 1.0 0.999994 1.0000155 0.99999994 0.9999999 0.9999999 1.0000001 1.0000001 1.0
1.0000076 1.0000325 1.0 1.0000004 1.0 0.99999994 1.0000004 1.0000004 1.0000033 1.0000232 1.0000001 0.9999999 1.0 1.0000001 1.0000002 1.0000001
1.0000242 1.0000083 1.0000002 1.0000001 1.0000004 1.0000002 1.0000001 1.0000001 1.0000021 1.0000203 1.0000001 1.0 1.0 1.0000002 1.0000002 0.9999999
1.0000123 0.99999917 1.0000002 0.99999994 1.0000004 1.0000001 1.0000002 0.99999994 0.999999 1.0000191 1.0 1.0 1.0 1.0000002 1.0000002 1.0000001
1.0000044 1.0000255 1.0 1.0000002 1.0000001 1.0 1.0000002 1.0000002 1.0000019 1.0000223 1.0000001 1.0 1.0 1.0000002 1.0000002 1.0000001
1.0000167 1.0000023 1.0000001 1.0000001 1.0000002 1.0000001 1.0 1.0000001 1.000006 1.0000263 1.0000001 1.0 1.0 1.0000002 1.0000002 1.0000002
1.000007 0.99999833 1.0000001 0.99999994 0.9999998 1.0000002 1.0000001 0.99999994 0.9999986 1.0000201 1.0 1.0 0.9999999 1.0000002 1.0000001 1.0000001
0.9999803 1.0000015 0.9999997 1.0 1.0 0.9999997 1.0000001 1.0 0.9999881 1.0000112 0.9999998 0.9999999 0.9999999 1.0000001 1.0000001 1.0
0.9999861 1.0000123 0.9999997 1.0 0.99999994 0.99999976 1.0000005 0.99999994 1.0000068 0.9999938 1.0000001 1.0 1.0000001 0.99999994 1.0 0.9999999
1.000008 1.0000318 0.99999994 1.0000002 1.0 0.9999999 1.0000004 1.0000002 1.0000147 1.0000004 1.0000002 1.0 1.0000001 0.99999994 0.99999994 1.0
1.000024 1.0000085 1.0000002 1.0000001 1.0000004 1.0000002 1.0000001 1.0000001 1.000012 0.99999785 1.0000001 1.0000001 1.0000001 0.99999994 0.99999994 1.0
1.0000125 1.0 1.0000001 0.99999994 1.0000002 1.0000001 1.0000002 0.99999994 1.0000105 0.99999636 1.0000001 1.0000001 1.0000001 0.99999994 1.0 0.99999994
1.0000051 1.0000265 1.0 1.0000002 1.0000001 1.0 1.0000002 1.0000002 1.0000136 0.9999991 1.0000002 1.0000001 1.0000001 1.0 1.0 0.99999994
1.0000176 1.0000033 1.0000001 1.0 1.0000002 1.0000001 1.0 1.0 1.0000175 1.0000031 1.0000002 1.0000001 1.0000001 1.0 1.0 1.0
1.0000082 1.0000001 1.0000001 0.99999994 0.9999999 1.0000002 1.0000001 0.99999994 1.0000113 0.9999983 1.0000001 1.0000001 1.0 1.0 0.99999994 0.99999994
0.99998194 1.0000033 0.9999997 0.99999994 1.0 0.9999997 1.0000001 1.0 1.0000029 0.9999902 0.99999994 1.0000001 1.0000001 1.0 0.99999994 0.9999999
0.99998313 1.0000026 0.99999976 0.99999994 0.9999999 0.9999998 1.0000002 0.99999994 0.9999988 0.99999386 1.0000001 1.0 1.0 1.0 0.99999994 0.9999999
0.99999803 1.0000235 0.99999994 1.0000002 0.9999999 0.99999994 1.0000002 1.0000002 1.0000046 0.9999991 0.9999998 1.0000001 1.0 0.99999994 0.99999994 1.0
1.0000154 1.000001 1.0000002 1.0000001 1.0000001 1.0000001 0.99999994 1.0 0.9999965 1.0000004 1.0000001 0.99999994 0.99999994 0.99999994 1.0 1.0
1.0000055 0.9999938 1.0000001 0.99999994 1.0000001 1.0 1.0000001 0.9999999 1.0000007 0.9999948 1.0000001 1.0 0.99999994 1.0 1.0 0.99999994
0.99999875 1.0000207 1.0 1.0000002 1.0 0.99999994 1.0000001 1.0000001 1.0000039 0.99999493 1.0 1.0000001 1.0000001 1.0000001 0.99999994 0.99999994
1.000012 0.9999988 1.0000001 1.0000001 1.0000001 1.0 1.0 1.0 1.000008 1.0000002 0.9999998 1.0000002 1.0000001 1.0000001 0.9999999 0.99999994
1.0000037 0.999998 1.0000001 1.0 0.9999998 1.0000001 1.0 0.9999999 1.0000032 0.99999803 0.99999976 1.0000001 1.0000001 1.0 1.0 0.9999999
0.9999788 1.0000012 0.9999997 1.0 0.9999999 0.99999976 1.0 0.99999994 0.99999577 0.99999255 1.0 0.99999994 1.0 1.0 0.9999999 0.9999999
0.9999836 0.99999243 1.0000001 0.9999998 0.99999976 0.9999999 0.9999999 1.0000001 1.0000151 0.99999666 1.0000002 1.0000002 1.0 1.0 0.99999994 0.99999994
0.99999696 1.0000155 0.9999999 1.0000001 0.99999994 1.0000002 0.9999998 1.0 0.99997646 1.0000019 1.0000002 0.9999997 0.99999994 1.0000001 0.99999994 1.0
1.0000073 0.99999243 1.0000001 1.0 1.0000001 1.0 1.0000001 0.9999999 0.99997777 0.99999464 0.9999997 1.0000001 0.99999994 1.0 1.0 1.0
0.99999726 0.999991 1.0 0.9999999 1.0000001 0.99999994 1.0 1.0000001 1.0000099 0.99999875 1.0000001 0.99999976 0.99999994 1.0 1.0 0.99999994
0.999995 1.0000137 0.9999999 1.0000001 0.99999994 1.0000001 0.99999994 1.0 1.0000088 0.9999995 0.99999976 1.0000001 0.99999994 1.0 0.99999994 0.99999994
1.0000052 0.99999326 1.0 0.99999994 1.0000001 1.0 1.0 0.99999994 0.999978 1.0000036 1.0000001 0.99999964 1.0 1.0000001 0.99999994 1.0
0.9999986 0.99999535 1.0 1.0 1.0 0.99999994 0.9999999 1.0 0.99997395 1.0000013 0.99999964 0.99999994 0.9999999 1.0 1.0 0.9999999
0.99998796 0.99999785 1.0000001 1.0 0.9999998 0.99999994 0.9999998 1.0 1.0000045 0.9999957 1.0000002 0.99999994 1.0000001 0.99999994 0.99999994 0.99999994
1.0 1.0 1.0 1.0 1.0 1.0 1.0 1.0 1.0 1.0 1.0 1.0 1.0 1.0 1.0 1.0
1.0 1.0 1.0 1.0 1.0 1.0 1.0 1.0 1.0 1.0 1.0 1.0 1.0 1.0 1.0 1.0
1.0 1.0 1.0 1.0 1.0 1.0 1.0 1.0 1.0 1.0 1.0 1.0 1.0 1.0 1.0 1.0
1.0 1.0 1.0 1.0 1.0 1.0 1.0 1.0 1.0 1.0 1.0 1.0 1.0 1.0 1.0 1.0
1.0 1.0 1.0 1.0 1.0 1.0 1.0 1.0 1.0 1.0 1.0 1.0 1.0 1.0 1.0 1.0
1.0 1.0 1.0 1.0 1.0 1.0 1.0 1.0 1.0 1.0 1.0 1.0 1.0 1.0 1.0 1.0
1.0 1.0 1.0 1.0 1.0 1.0 1.0 1.0 1.0 1.0 1.0 1.0 1.0 1.0 1.0 1.0
1.0 1.0 1.0 1.0 1.0 1.0 1.0 1.0 1.0 1.0 1.0 1.0 1.0 1.0 1.0 1.0
1.0 1.0 1.0 1.0 1.0 1.0 1.0 1.0 1.0 1.0 1.0 1.0 1.0 1.0 1.0 1.0
1.0 1.0 1.0 1.0 1.0 1.0 1.0 1.0 1.0 1.0 1.0 1.0 1.0 1.0 1.0 1.0
1.0 1.0 1.0 1.0 1.0 1.0 1.0 1.0 1.0 1.0 1.0 1.0 1.0 1.0 1.0 1.0
1.0 1.0 1.0 1.0 1.0 1.0 1.0 1.0 1.0 1.0 1.0 1.0 1.0 1.0 1.0 1.0
1.0 1.0 1.0 1.0 1.0 1.0 1.0 1.0 1.0 1.0 1.0 1.0 1.0 1.0 1.0 1.0
1.0 1.0 1.0 1.0 1.0 1.0 1.0 1.0 1.0 1.0 1.0 1.0 1.0 1.0 1.0 1.0
1.0 1.0 1.0 1.0 1.0 1.0 1.0 1.0 1.0 1.0 1.0 1.0 1.0 1.0 1.0 1.0
1.0 1.0 1.0 1.0 1.0 1.0 1.0 1.0 1.0 1.0 1.0 1.0 1.0 1.0 1.0 1.0
1.0 1.0 1.0 1.0 1.0 1.0 1.0 1.0 1.0 1.0 1.0 1.0 1.0 1.0 1.0 1.0
1.0 1.0 1.0 1.0 1.0 1.0 1.0 1.0 1.0 1.0 1.0 1.0 1.0 1.0 1.0 1.0
1.0 1.0 1.0 1.0 1.0 1.0 1.0 1.0 1.0 1.0 1.0 1.0 1.0 1.0 1.0 1.0
1.0 1.0 1.0 1.0 1.0 1.0 1.0 1.0 1.0 1.0 1.0 1.0 1.0 1.0 1.0 1.0
1.0 1.0 1.0 1.0 1.0 1.0 1.0 1.0 1.0 1.0 1.0 1.0 1.0 1.0 1.0 1.0
1.0 1.0 1.0 1.0 1.0 1.0 1.0 1.0 1.0 1.0 1.0 1.0 1.0 1.0 1.0 1.0
1.0 1.0 1.0 1.0 1.0 1.0 1.0 1.0 1.0 1.0 1.0 1.0 1.0 1.0 1.0 1.0
1.0 1.0 1.0 1.0 1.0 1.0 1.0 1.0 1.0 1.0 1.0 1.0 1.0 1.0 1.0 1.0
1.0 1.0 1.0 1.0 1.0 1.0 1.0 1.0 1.0 1.0 1.0 1.0 1.0 1.0 1.0 1.0
1.0 1.0 1.0 1.0 1.0 1.0 1.0 1.0 1.0 1.0 1.0 1.0 1.0 1.0 1.0 1.0
1.0 1.0 1.0 1.0 1.0 1.0 1.0 1.0 1.0 1.0 1.0 1.0 1.0 1.0 1.0 1.0
1.0 1.0 1.0 1.0 1.0 1.0 1.0 1.0 1.0 1.0 1.0 1.0 1.0 1.0 1.0 1.0
1.0 1.0 1.0 1.0 1.0 1.0 1.0 1.0 1.0 1.0 1.0 1.0 1.0 1.0 1.0 1.0
1.0 1.0 1.0 1.0 1.0 1.0 1.0 1.0 1.0 1.0 1.0 1.0 1.0 1.0 1.0 1.0
1.0 1.0 1.0 1.0 1.0 1.0 1.0 1.0 1.0 1.0 1.0 1.0 1.0 1.0 1.0 1.0
1.0 1.0 1.0 1.0 1.0 1.0 1.0 1.0 1.0 1.0 1.0 1.0 1.0 1.0 1.0 1.0
1.0 1.0 1.0 1.0 1.0 1.0 1.0 1.0 1.0 1.0 1.0 1.0 1.0 1.0 1.0 1.0
1.0 1.0 1.0 1.0 1.0 1.0 1.0 1.0 1.0 1.0 1.0 1.0 1.0 1.0 1.0 1.0
1.0 1.0 1.0 1.0 1.0 1.0 1.0 1.0 1.0 1.0 1.0 1.0 1.0 1.0 1.0 1.0
1.0 1.0 1.0 1.0 1.0 1.0 1.0 1.0 1.0 1.0 1.0 1.0 1.0 1.0 1.0 1.0
1.0 1.0 1.0 1.0 1.0 1.0 1.0 1.0 1.0 1.0 1.0 1.0 1.0 1.0 1.0 1.0
1.0 1.0 1.0 1.0 1.0 1.0 1.0 1.0 1.0 1.0 1.0 1.0 1.0 1.0 1.0 1.0
1.0 1.0 1.0 1.0 1.0 1.0 1.0 1.0 1.0 1.0 1.0 1.0 1.0 1.0 1.0 1.0
1.0 1.0 1.0 1.0 1.0 1.0 1.0 1.0 1.0 1.0 1.0 1.0 1.0 1.0 1.0 1.0
1.0 1.0 1.0 1.0 1.0 1.0 1.0 1.0 1.0 1.0 1.0 1.0 1.0 1.0 1.0 1.0
1.0 1.0 1.0 1.0 1.0 1.0 1.0 1.0 1.0 1.0 1.0 1.0 1.0 1.0 1.0 1.0
1.0 1.0 1.0 1.0 1.0 1.0 1.0 1.0 1.0 1.0 1.0 1.0 1.0 1.0 1.0 1.0
1.0 1.0 1.0 1.0 1.0 1.0 1.0 1.0 1.0 1.0 1.0 1.0 1.0 1.0 1.0 1.0
1.0 1.0 1.0 1.0 1.0 1.0 1.0 1.0 1.0 1.0 1.0 1.0 1.0 1.0 1.0 1.0
1.0 1.0 1.0 1.0 1.0 1.0 1.0 1.0 1.0 1.0 1.0 1.0 1.0 1.0 1.0 1.0
1.0 1.0 1.0 1.0 1.0 1.0 1.0 1.0 1.0 1.0 1.0 1.0 1.0 1.0 1.0 1.0
1.0 1.0 1.0 1.0 1.0 1.0 1.0 1.0 1.0 1.0 1.0 1.0 1.0 1.0 1.0 1.0
1.0 1.0 1.0 1.0 1.0 1.0 1.0 1.0 1.0 1.0 1.0 1.0 1.0 1.0 1.0 1.0
1.0 1.0 1.0 1.0 1.0 1.0 1.0 1.0 1.0 1.0 1.0 1.0 1.0 1.0 1.0 1.0
1.0 1.0 1.0 1.0 1.0 1.0 1.0 1.0 1.0 1.0 1.0 1.0 1.0 1.0 1.0 1.0
1.0 1.0 1.0 1.0 1.0 1.0 1.0 1.0 1.0 1.0 1.0 1.0 1.0 1.0 1.0 1.0
1.0 1.0 1.0 1.0 1.0 1.0 1.0 1.0 1.0 1.0 1.0 1.0 1.0 1.0 1.0 1.0
1.0 1.0 1.0 1.0 1.0 1.0 1.0 1.0 1.0 1.0 1.0 1.0 1.0 1.0 1.0 1.0
1.0 1.0 1.0 1.0 1.0 1.0 1.0 1.0 1.0 1.0 1.0 1.0 1.0 1.0 1.0 1.0
1.0 1.0 1.0 1.0 1.0 1.0 1.0 1.0 1.0 1.0 1.0 1.0 1.0 1.0 1.0 1.0
1.0 1.0 1.0 1.0 1.0 1.0 1.0 1.0 1.0 1.0 1.0 1.0 1.0 1.0 1.0 1.0
1.0 1.0 1.0 1.0 1.0 1.0 1.0 1.0 1.0 1.0 1.0 1.0 1.0 1.0 1.0 1.0
1.0 1.0 1.0 1.0 1.0 1.0 1.0 1.0 1.0 1.0 1.0 1.0 1.0 1.0 1.0 1.0
1.0 1.0 1.0 1.0 1.0 1.0 1.0 1.0 1.0 1.0 1.0 1.0 1.0 1.0 1.0 1.0
1.0 1.0 1.0 1.0 1.0 1.0 1.0 1.0 1.0 1.0 1.0 1.0 1.0 1.0 1.0 1.0
1.0 1.0 1.0 1.0 1.0 1.0 1.0 1.0 1.0 1.0 1.0 1.0 1.0 1.0 1.0 1.0
1.0 1.0 1.0 1.0 1.0 1.0 1.0 1.0 1.0 1.0 1.0 1.0 1.0 1.0 1.0 1.0
1.0 1.0 1.0 1.0 1.0 1.0 1.0 1.0 1.0 1.0 1.0 1.0 1.0 1.0 1.0 1.0
1.0 1.0 1.0 1.0 1.0 1.0 1.0 1.0 1.0 1.0 1.0 1.0 1.0 1.0 1.0 1.0
1.0 1.0 1.0 1.0 1.0 1.0 1.0 1.0 1.0 1.0 1.0 1.0 1.0 1.0 1.0 1.0
1.0 1.0 1.0 1.0 1.0 1.0 1.0 1.0 1.0 1.0 1.0 1.0 1.0 1.0 1.0 1.0
1.0 1.0 1.0 1.0 1.0 1.0 1.0 1.0 1.0 1.0 1.0 1.0 1.0 1.0 1.0 1.0
1.0 1.0 1.0 1.0 1.0 1.0 1.0 1.0 1.0 1.0 1.0 1.0 1.0 1.0 1.0 1.0
1.0 1.0 1.0 1.0 1.0 1.0 1.0 1.0 1.0 1.0 1.0 1.0 1.0 1.0 1.0 1.0
1.0 1.0 1.0 1.0 1.0 1.0 1.0 1.0 1.0 1.0 1.0 1.0 1.0 1.0 1.0 1.0
1.0 1.0 1.0 1.0 1.0 1.0 1.0 1.0 1.0 1.0 1.0 1.0 1.0 1.0 1.0 1.0
1.0 1.0 1.0 1.0 1.0 1.0 1.0 1.0 1.0 1.0 1.0 1.0 1.0 1.0 1.0 1.0
1.0 1.0 1.0 1.0 1.0 1.0 1.0 1.0 1.0 1.0 1.0 1.0 1.0 1.0 1.0 1.0
1.0 1.0 1.0 1.0 1.0 1.0 1.0 1.0 1.0 1.0 1.0 1.0 1.0 1.0 1.0 1.0
1.0 1.0 1.0 1.0 1.0 1.0 1.0 1.0 1.0 1.0 1.0 1.0 1.0 1.0 1.0 1.0
1.0 1.0 1.0 1.0 1.0 1.0 1.0 1.0 1.0 1.0 1.0 1.0 1.0 1.0 1.0 1.0
1.0 1.0 1.0 1.0 1.0 1.0 1.0 1.0 1.0 1.0 1.0 1.0 1.0 1.0 1.0 1.0
1.0 1.0 1.0 1.0 1.0 1.0 1.0 1.0 1.0 1.0 1.0 1.0 1.0 1.0 1.0 1.0
1.0 1.0 1.0 1.0 1.0 1.0 1.0 1.0 1.0 1.0 1.0 1.0 1.0 1.0 1.0 1.0
1.0 1.0 1.0 1.0 1.0 1.0 1.0 1.0 1.0 1.0 1.0 1.0 1.0 1.0 1.0 1.0
1.0 1.0 1.0 1.0 1.0 1.0 1.0 1.0 1.0 1.0 1.0 1.0 1.0 1.0 1.0 1.0
1.0 1.0 1.0 1.0 1.0 1.0 1.0 1.0 1.0 1.0 1.0 1.0 1.0 1.0 1.0 1.0
1.0 1.0 1.0 1.0 1.0 1.0 1.0 1.0 1.0 1.0 1.0 1.0 1.0 1.0 1.0 1.0
1.0 1.0 1.0 1.0 1.0 1.0 1.0 1.0 1.0 1.0 1.0 1.0 1.0 1.0 1.0 1.0
1.0 1.0 1.0 1.0 1.0 1.0 1.0 1.0 1.0 1.0 1.0 1.0 1.0 1.0 1.0 1.0
1.0 1.0 1.0 1.0 1.0 1.0 1.0 1.0 1.0 1.0 1.0 1.0 1.0 1.0 1.0 1.0
1.0 1.0 1.0 1.0 1.0 1.0 1.0 1.0 1.0 1.0 1.0 1.0 1.0 1.0 1.0 1.0
1.0 1.0 1.0 1.0 1.0 1.0 1.0 1.0 1.0 1.0 1.0 1.0 1.0 1.0 1.0 1.0
1.0 1.0 1.0 1.0 1.0 1.0 1.0 1.0 1.0 1.0 1.0 1.0 1.0 1.0 1.0 1.0
1.0 1.0 1.0 1.0 1.0 1.0 1.0 1.0 1.0 1.0 1.0 1.0 1.0 1.0 1.0 1.0
1.0 1.0 1.0 1.0 1.0 1.0 1.0 1.0 1.0 1.0 1.0 1.0 1.0 1.0 1.0 1.0
1.0 1.0 1.0 1.0 1.0 1.0 1.0 1.0 1.0 1.0 1.0 1.0 1.0 1.0 1.0 1.0
1.0 1.0 1.0 1.0 1.0 1.0 1.0 1.0 1.0 1.0 1.0 1.0 1.0 1.0 1.0 1.0
1.0 1.0 1.0 1.0 1.0 1.0 1.0 1.0 1.0 1.0 1.0 1.0 1.0 1.0 1.0 1.0
1.0 1.0 1.0 1.0 1.0 1.0 1.0 1.0 1.0 1.0 1.0 1.0 1.0 1.0 1.0 1.0
1.0 1.0 1.0 1.0 1.0 1.0 1.0 1.0 1.0 1.0 1.0 1.0 1.0 1.0 1.0 1.0
1.0 1.0 1.0 1.0 1.0 1.0 1.0 1.0 1.0 1.0 1.0 1.0 1.0 1.0 1.0 1.0
1.0 1.0 1.0 1.0 1.0 1.0 1.0 1.0 1.0 1.0 1.0 1.0 1.0 1.0 1.0 1.0
1.0 1.0 1.0 1.0 1.0 1.0 1.0 1.0 1.0 1.0 1.0 1.0 1.0 1.0 1.0 1.0
1.0 1.0 1.0 1.0 1.0 1.0 1.0 1.0 1.0 1.0 1.0 1.0 1.0 1.0 1.0 1.0
1.0 1.0 1.0 1.0 1.0 1.0 1.0 1.0 1.0 1.0 1.0 1.0 1.0 1.0 1.0 1.0
1.0 1.0 1.0 1.0 1.0 1.0 1.0 1.0 1.0 1.0 1.0 1.0 1.0 1.0 1.0 1.0
1.0 1.0 1.0 1.0 1.0 1.0 1.0 1.0 1.0 1.0 1.0 1.0 1.0 1.0 1.0 1.0
1.0 1.0 1.0 1.0 1.0 1.0 1.0 1.0 1.0 1.0 1.0 1.0 1.0 1.0 1.0 1.0
1.0 1.0 1.0 1.0 1.0 1.0 1.0 1.0 1.0 1.0 1.0 1.0 1.0 1.0 1.0 1.0
1.0 1.0 1.0 1.0 1.0 1.0 1.0 1.0 1.0 1.0 1.0 1.0 1.0 1.0 1.0 1.0
1.0 1.0 1.0 1.0 1.0 1.0 1.0 1.0 1.0 1.0 1.0 1.0 1.0 1.0 1.0 1.0
1.0 1.0 1.0 1.0 1.0 1.0 1.0 1.0 1.0 1.0 1.0 1.0 1.0 1.0 1.0 1.0
1.0 1.0 1.0 1.0 1.0 1.0 1.0 1.0 1.0 1.0 1.0 1.0 1.0 1.0 1.0 1.0
1.0 1.0 1.0 1.0 1.0 1.0 1.0 1.0 1.0 1.0 1.0 1.0 1.0 1.0 1.0 1.0
1.0 1.0 1.0 1.0 1.0 1.0 1.0 1.0 1.0 1.0 1.0 1.0 1.0 1.0 1.0 1.0
1.0 1.0 1.0 1.0 1.0 1.0 1.0 1.0 1.0 1.0 1.0 1.0 1.0 1.0 1.0 1.0
1.0 1.0 1.0 1.0 1.0 1.0 1.0 1.0 1.0 1.0 1.0 1.0 1.0 1.0 1.0 1.0
1.0 1.0 1.0 1.0 1.0 1.0 1.0 1.0 1.0 1.0 1.0 1.0 1.0 1.0 1.0 1.0
1.0 1.0 1.0 1.0 1.0 1.0 1.0 1.0 1.0 1.0 1.0 1.0 1.0 1.0 1.0 1.0
1.0 1.0 1.0 1.0 1.0 1.0 1.0 1.0 1.0 1.0 1.0 1.0 1.0 1.0 1.0 1.0
1.0 1.0 1.0 1.0 1.0 1.0 1.0 1.0 1.0 1.0 1.0 1.0 1.0 1.0 1.0 1.0
1.0 1.0 1.0 1.0 1.0 1.0 1.0 1.0 1.0 1.0 1.0 1.0 1.0 1.0 1.0 1.0
1.0 1.0 1.0 1.0 1.0 1.0 1.0 1.0 1.0 1.0 1.0 1.0 1.0 1.0 1.0 1.0
1.0 1.0 1.0 1.0 1.0 1.0 1.0 1.0 1.0 1.0 1.0 1.0 1.0 1.0 1.0 1.0
1.0 1.0 1.0 1.0 1.0 1.0 1.0 1.0 1.0 1.0 1.0 1.0 1.0 1.0 1.0 1.0
1.0 1.0 1.0 1.0 1.0 1.0 1.0 1.0 1.0 1.0 1.0 1.0 1.0 1.0 1.0 1.0
1.0 1.0 1.0 1.0 1.0 1.0 1.0 1.0 1.0 1.0 1.0 1.0 1.0 1.0 1.0 1.0
1.0 1.0 1.0 1.0 1.0 1.0 1.0 1.0 1.0 1.0 1.0 1.0 1.0 1.0 1.0 1.0
1.0 1.0 1.0 1.0 1.0 1.0 1.0 1.0 1.0 1.0 1.0 1.0 1.0 1.0 1.0 1.0
1.0 1.0 1.0 1.0 1.0 1.0 1.0 1.0 1.0 1.0 1.0 1.0 1.0 1.0 1.0 1.0
1.0 1.0 1.0 1.0 1.0 1.0 1.0 1.0 1.0 1.0 1.0 1.0 1.0 1.0 1.0 1.0
1.0 1.0 1.0 1.0 1.0 1.0 1.0 1.0 1.0 1.0 1.0 1.0 1.0 1.0 1.0 1.0
1.0 1.0 1.0 1.0 1.0 1.0 1.0 1.0 1.0 1.0 1.0 1.0 1.0 1.0 1.0 1.0
1.0 1.0 1.0 1.0 1.0 1.0 1.0 1.0 1.0 1.0 1.0 1.0 1.0 1.0 1.0 1.0
1.0 1.0 1.0 1.0 1.0 1.0 1.0 1.0 1.0 1.0 1.0 1.0 1.0 1.0 1.0 1.0
1.0 1.0 1.0 1.0 1.0 1.0 1.0 1.0 1.0 1.0 1.0 1.0 1.0 1.0 1.0 1.0
1.0 1.0 1.0 1.0 1.0 1.0 1.0 1.0 1.0 1.0 1.0 1.0 1.0 1.0 1.0 1.0
1.0 1.0 1.0 1.0 1.0 1.0 1.0 1.0 1.0 1.0 1.0 1.0 1.0 1.0 1.0 1.0
1.0 1.0 1.0 1.0 1.0 1.0 1.0 1.0 1.0 1.0 1.0 1.0 1.0 1.0 1.0 1.0
1.0 1.0 1.0 1.0 1.0 1.0 1.0 1.0 1.0 1.0 1.0 1.0 1.0 1.0 1.0 1.0
1.0 1.0 1.0 1.0 1.0 1.0 1.0 1.0 1.0 1.0 1.0 1.0 1.0 1.0 1.0 1.0
1.0 1.0 1.0 1.0 1.0 1.0 1.0 1.0 1.0 1.0 1.0 1.0 1.0 1.0 1.0 1.0
1.0 1.0 1.0 1.0 1.0 1.0 1.0 1.0 1.0 1.0 1.0 1.0 1.0 1.0 1.0 1.0
1.0 1.0 1.0 1.0 1.0 1.0 1.0 1.0 1.0 1.0 1.0 1.0 1.0 1.0 1.0 1.0
1.0 1.0 1.0 1.0 1.0 1.0 1.0 1.0 1.0 1.0 1.0 1.0 1.0 1.0 1.0 1.0
1.0 1.0 1.0 1.0 1.0 1.0 1.0 1.0 1.0 1.0 1.0 1.0 1.0 1.0 1.0 1.0
1.0 1.0 1.0 1.0 1.0 1.0 1.0 1.0 1.0 1.0 1.0 1.0 1.0 1.0 1.0 1.0
1.0 1.0 1.0 1.0 1.0 1.0 1.0 1.0 1.0 1.0 1.0 1.0 1.0 1.0 1.0 1.0
1.0 1.0 1.0 1.0 1.0 1.0 1.0 1.0 1.0 1.0 1.0 1.0 1.0 1.0 1.0 1.0
1.0 1.0 1.0 1.0 1.0 1.0 1.0 1.0 1.0 1.0 1.0 1.0 1.0 1.0 1.0 1.0
1.0 1.0 1.0 1.0 1.0 1.0 1.0 1.0 1.0 1.0 1.0 1.0 1.0 1.0 1.0 1.0
1.0 1.0 1.0 1.0 1.0 1.0 1.0 1.0 1.0 1.0 1.0 1.0 1.0 1.0 1.0 1.0
1.0 1.0 1.0 1.0 1.0 1.0 1.0 1.0 1.0 1.0 1.0 1.0 1.0 1.0 1.0 1.0
1.0 1.0 1.0 1.0 1.0 1.0 1.0 1.0 1.0 1.0 1.0 1.0 1.0 1.0 1.0 1.0
1.0 1.0 1.0 1.0 1.0 1.0 1.0 1.0 1.0 1.0 1.0 1.0 1.0 1.0 1.0 1.0
1.0 1.0 1.0 1.0 1.0 1.0 1.0 1.0 1.0 1.0 1.0 1.0 1.0 1.0 1.0 1.0
1.0 1.0 1.0 1.0 1.0 1.0 1.0 1.0 1.0 1.0 1.0 1.0 1.0 1.0 1.0 1.0
1.0 1.0 1.0 1.0 1.0 1.0 1.0 1.0 1.0 1.0 1.0 1.0 1.0 1.0 1.0 1.0
1.0 1.0 1.0 1.0 1.0 1.0 1.0 1.0 1.0 1.0 1.0 1.0 1.0 1.0 1.0 1.0
1.0 1.0 1.0 1.0 1.0 1.0 1.0 1.0 1.0 1.0 1.0 1.0 1.0 1.0 1.0 1.0
1.0 1.0 1.0 1.0 1.0 1.0 1.0 1.0 1.0 1.0 1.0 1.0 1.0 1.0 1.0 1.0
1.0 1.0 1.0 1.0 1.0 1.0 1.0 1.0 1.0 1.0 1.0 1.0 1.0 1.0 1.0 1.0
1.0 1.0 1.0 1.0 1.0 1.0 1.0 1.0 1.0 1.0 1.0 1.0 1.0 1.0 1.0 1.0
1.0 1.0 1.0 1.0 1.0 1.0 1.0 1.0 1.0 1.0 1.0 1.0 1.0 1.0 1.0 1.0
1.0 1.0 1.0 1.0 1.0 1.0 1.0 1.0 1.0 1.0 1.0 1.0 1.0 1.0 1.0 1.0
1.0 1.0 1.0 1.0 1.0 1.0 1.0 1.0 1.0 1.0 1.0 1.0 1.0 1.0 1.0 1.0
1.0 1.0 1.0 1.0 1.0 1.0 1.0 1.0 1.0 1.0 1.0 1.0 1.0 1.0 1.0 1.0
1.0 1.0 1.0 1.0 1.0 1.0 1.0 1.0 1.0 1.0 1.0 1.0 1.0 1.0 1.0 1.0
1.0 1.0 1.0 1.0 1.0 1.0 1.0 1.0 1.0 1.0 1.0 1.0 1.0 1.0 1.0 1.0
1.0 1.0 1.0 1.0 1.0 1.0 1.0 1.0 1.0 1.0 1.0 1.0 1.0 1.0 1.0 1.0
1.0 1.0 1.0 1.0 1.0 1.0 1.0 1.0 1.0 1.0 1.0 1.0 1.0 1.0 1.0 1.0
1.0 1.0 1.0 1.0 1.0 1.0 1.0 1.0 1.0 1.0 1.0 1.0 1.0 1.0 1.0 1.0
1.0 1.0 1.0 1.0 1.0 1.0 1.0 1.0 1.0 1.0 1.0 1.0 1.0 1.0 1.0 1.0
1.0 1.0 1.0 1.0 1.0 1.0 1.0 1.0 1.0 1.0 1.0 1.0 1.0 1.0 1.0 1.0
1.0 1.0 1.0 1.0 1.0 1.0 1.0 1.0 1.0 1.0 1.0 1.0 1.0 1.0 1.0 1.0
1.0 1.0 1.0 1.0 1.0 1.0 1.0 1.0 1.0 1.0 1.0 1.0 1.0 1.0 1.0 1.0
1.0 1.0 1.0 1.0 1.0 1.0 1.0 1.0 1.0 1.0 1.0 1.0 1.0 1.0 1.0 1.0
1.0 1.0 1.0 1.0 1.0 1.0 1.0 1.0 1.0 1.0 1.0 1.0 1.0 1.0 1.0 1.0
1.0 1.0 1.0 1.0 1.0 1.0 1.0 1.0 1.0 1.0 1.0 1.0 1.0 1.0 1.0 1.0
1.0 1.0 1.0 1.0 1.0 1.0 1.0 1.0 1.0 1.0 1.0 1.0 1.0 1.0 1.0 1.0
1.0 1.0 1.0 1.0 1.0 1.0 1.0 1.0 1.0 1.0 1.0 1.0 1.0 1.0 1.0 1.0
1.0 1.0 1.0 1.0 1.0 1.0 1.0 1.0 1.0 1.0 1.0 1.0 1.0 1.0 1.0 1.0
1.0 1.0 1.0 1.0 1.0 1.0 1.0 1.0 1.0 1.0 1.0 1.0 1.0 1.0 1.0 1.0
1.0 1.0 1.0 1.0 1.0 1.0 1.0 1.0 1.0 1.0 1.0 1.0 1.0 1.0 1.0 1.0
1.0 1.0 1.0 1.0 1.0 1.0 1.0 1.0 1.0 1.0 1.0 1.0 1.0 1.0 1.0 1.0
1.0 1.0 1.0 1.0 1.0 1.0 1.0 1.0 1.0 1.0 1.0 1.0 1.0 1.0 1.0 1.0
1.0 1.0 1.0 1.0 1.0 1.0 1.0 1.0 1.0 1.0 1.0 1.0 1.0 1.0 1.0 1.0
1.0 1.0 1.0 1.0 1.0 1.0 1.0 1.0 1.0 1.0 1.0 1.0 1.0 1.0 1.0 1.0
1.0 1.0 1.0 1.0 1.0 1.0 1.0 1.0 1.0 1.0 1.0 1.0 1.0 1.0 1.0 1.0
1.0 1.0 1.0 1.0 1.0 1.0 1.0 1.0 1.0 1.0 1.0 1.0 1.0 1.0 1.0 1.0
1.0 1.0 1.0 1.0 1.0 1.0 1.0 1.0 1.0 1.0 1.0 1.0 1.0 1.0 1.0 1.0
1.0 1.0 1.0 1.0 1.0 1.0 1.0 1.0 1.0 1.0 1.0 1.0 1.0 1.0 1.0 1.0
1.0 1.0 1.0 1.0 1.0 1.0 1.0 1.0 1.0 1.0 1.0 1.0 1.0 1.0 1.0 1.0
1.0 1.0 1.0 1.0 1.0 1.0 1.0 1.0 1.0 1.0 1.0 1.0 1.0 1.0 1.0 1.0
1.0 1.0 1.0 1.0 1.0 1.0 1.0 1.0 1.0 1.0 1.0 1.0 1.0 1.0 1.0 1.0
1.0 1.0 1.0 1.0 1.0 1.0 1.0 1.0 1.0 1.0 1.0 1.0 1.0 1.0 1.0 1.0
1.0 1.0 1.0 1.0 1.0 1.0 1.0 1.0 1.0 1.0 1.0 1.0 1.0 1.0 1.0 1.0
1.0 1.0 1.0 1.0 1.0 1.0 1.0 1.0 1.0 1.0 1.0 1.0 1.0 1.0 1.0 1.0
1.0 1.0 1.0 1.0 1.0 1.0 1.0 1.0 1.0 1.0 1.0 1.0 1.0 1.0 1.0 1.0
1.0 1.0 1.0 1.0 1.0 1.0 1.0 1.0 1.0 1.0 1.0 1.0 1.0 1.0 1.0 1.0
1.0 1.0 1.0 1.0 1.0 1.0 1.0 1.0 1.0 1.0 1.0 1.0 1.0 1.0 1.0 1.0
1.0 1.0 1.0 1.0 1.0 1.0 1.0 1.0 1.0 1.0 1.0 1.0 1.0 1.0 1.0 1.0
1.0 1.0 1.0 1.0 1.0 1.0 1.0 1.0 1.0 1.0 1.0 1.0 1.0 1.0 1.0 1.0
1.0 1.0 1.0 1.0 1.0 1.0 1.0 1.0 1.0 1.0 1.0 1.0 1.0 1.0 1.0 1.0
1.0 1.0 1.0 1.0 1.0 1.0 1.0 1.0 1.0 1.0 1.0 1.0 1.0 1.0 1.0 1.0
1.0 1.0 1.0 1.0 1.0 1.0 1.0 1.0 1.0 1.0 1.0 1.0 1.0 1.0 1.0 1.0
1.0 1.0 1.0 1.0 1.0 1.0 1.0 1.0 1.0 1.0 1.0 1.0 1.0 1.0 1.0 1.0
1.0 1.0 1.0 1.0 1.0 1.0 1.0 1.0 1.0 1.0 1.0 1.0 1.0 1.0 1.0 1.0
1.0 1.0 1.0 1.0 1.0 1.0 1.0 1.0 1.0 1.0 1.0 1.0 1.0 1.0 1.0 1.0
1.0 1.0 1.0 1.0 1.0 1.0 1.0 1.0 1.0 1.0 1.0 1.0 1.0 1.0 1.0 1.0
1.0 1.0 1.0 1.0 1.0 1.0 1.0 1.0 1.0 1.0 1.0 1.0 1.0 1.0 1.0 1.0
1.0 1.0 1.0 1.0 1.0 1.0 1.0 1.0 1.0 1.0 1.0 1.0 1.0 1.0 1.0 1.0
1.0 1.0 1.0 1.0 1.0 1.0 1.0 1.0 1.0 1.0 1.0 1.0 1.0 1.0 1.0 1.0
1.0 1.0 1.0 1.0 1.0 1.0 1.0 1.0 1.0 1.0 1.0 1.0 1.0 1.0 1.0 1.0
1.0 1.0 1.0 1.0 1.0 1.0 1.0 1.0 1.0 1.0 1.0 1.0 1.0 1.0 1.0 1.0
1.0 1.0 1.0 1.0 1.0 1.0 1.0 1.0 1.0 1.0 1.0 1.0 1.0 1.0 1.0 1.0
1.0 1.0 1.0 1.0 1.0 1.0 1.0 1.0 1.0 1.0 1.0 1.0 1.0 1.0 1.0 1.0
1.0 1.0 1.0 1.0 1.0 1.0 1.0 1.0 1.0 1.0 1.0 1.0 1.0 1.0 1.0 1.0
1.0 1.0 1.0 1.0 1.0 1.0 1.0 1.0 1.0 1.0 1.0 1.0 1.0 1.0 1.0 1.0
1.0 1.0 1.0 1.0 1.0 1.0 1.0 1.0 1.0 1.0 1.0 1.0 1.0 1.0 1.0 1.0
1.0 1.0 1.0 1.0 1.0 1.0 1.0 1.0 1.0 1.0 1.0 1.0 1.0 1.0 1.0 1.0
1.0 1.0 1.0 1.0 1.0 1.0 1.0 1.0 1.0 1.0 1.0 1.0 1.0 1.0 1.0 1.0
1.0 1.0 1.0 1.0 1.0 1.0 1.0 1.0 1.0 1.0 1.0 1.0 1.0 1.0 1.0 1.0
1.0 1.0 1.0 1.0 1.0 1.0 1.0 1.0 1.0 1.0 1.0 1.0 1.0 1.0 1.0 1.0
1.0 1.0 1.0 1.0 1.0 1.0 1.0 1.0 1.0 1.0 1.0 1.0 1.0 1.0 1.0 1.0
1.0 1.0 1.0 1.0 1.0 1.0 1.0 1.0 1.0 1.0 1.0 1.0 1.0 1.0 1.0 1.0
1.0 1.0 1.0 1.0 1.0 1.0 1.0 1.0 1.0 1.0 1.0 1.0 1.0 1.0 1.0 1.0
1.0 1.0 1.0 1.0 1.0 1.0 1.0 1.0 1.0 1.0 1.0 1.0 1.0 1.0 1.0 1.0
1.0 1.0 1.0 1.0 1.0 1.0 1.0 1.0 1.0 1.0 1.0 1.0 1.0 1.0 1.0 1.0
1.0 1.0 1.0 1.0 1.0 1.0 1.0 1.0 1.0 1.0 1.0 1.0 1.0 1.0 1.0 1.0
1.0 1.0 1.0 1.0 1.0 1.0 1.0 1.0 1.0 1.0 1.0 1.0 1.0 1.0 1.0 1.0
1.0 1.0 1.0 1.0 1.0 1.0 1.0 1.0 1.0 1.0 1.0 1.0 1.0 1.0 1.0 1.0
1.0 1.0 1.0 1.0 1.0 1.0 1.0 1.0 1.0 1.0 1.0 1.0 1.0 1.0 1.0 1.0
1.0 1.0 1.0 1.0 1.0 1.0 1.0 1.0 1.0 1.0 1.0 1.0 1.0 1.0 1.0 1.0
1.0 1.0 1.0 1.0 1.0 1.0 1.0 1.0 1.0 1.0 1.0 1.0 1.0 1.0 1.0 1.0
1.0 1.0 1.0 1.0 1.0 1.0 1.0 1.0 1.0 1.0 1.0 1.0 1.0 1.0 1.0 1.0
1.0 1.0 1.0 1.0 1.0 1.0 1.0 1.0 1.0 1.0 1.0 1.0 1.0 1.0 1.0 1.0
1.0 1.0 1.0 1.0 1.0 1.0 1.0 1.0 1.0 1.0 1.0 1.0 1.0 1.0 1.0 1.0
1.0 1.0 1.0 1.0 1.0 1.0 1.0 1.0 1.0 1.0 1.0 1.0 1.0 1.0 1.0 1.0
1.0 1.0 1.0 1.0 1.0 1.0 1.0 1.0 1.0 1.0 1.0 1.0 1.0 1.0 1.0 1.0
1.0 1.0 1.0 1.0 1.0 1.0 1.0 1.0 1.0 1.0 1.0 1.0 1.0 1.0 1.0 1.0
1.0 1.0 1.0 1.0 1.0 1.0 1.0 1.0 1.0 1.0 1.0 1.0 1.0 1.0 1.0 1.0
1.0 1.0 1.0 1.0 1.0 1.0 1.0 1.0 1.0 1.0 1.0 1.0 1.0 1.0 1.0 1.0
1.0 1.0 1.0 1.0 1.0 1.0 1.0 1.0 1.0 1.0 1.0 1.0 1.0 1.0 1.0 1.0
1.0 1.0 1.0 1.0 1.0 1.0 1.0 1.0 1.0 1.0 1.0 1.0 1.0 1.0 1.0 1.0
1.0 1.0 1.0 1.0 1.0 1.0 1.0 1.0 1.0 1.0 1.0 1.0 1.0 1.0 1.0 1.0
1.0 1.0 1.0 1.0 1.0 1.0 1.0 1.0 1.0 1.0 1.0 1.0 1.0 1.0 1.0 1.0
1.0 1.0 1.0 1.0 1.0 1.0 1.0 1.0 1.0 1.0 1.0 1.0 1.0 1.0 1.0 1.0
1.0 1.0 1.0 1.0 1.0 1.0 1.0 1.0 1.0 1.0 1.0 1.0 1.0 1.0 1.0 1.0
1.0 1.0 1.0 1.0 1.0 1.0 1.0 1.0 1.0 1.0 1.0 1.0 1.0 1.0 1.0 1.0
1.0 1.0 1.0 1.0 1.0 1.0 1.0 1.0 1.0 1.0 1.0 1.0 1.0 1.0 1.0 1.0
1.0 1.0 1.0 1.0 1.0 1.0 1.0 1.0 1.0 1.0 1.0 1.0 1.0 1.0 1.0 1.0
1.0 1.0 1.0 1.0 1.0 1.0 1.0 1.0 1.0 1.0 1.0 1.0 1.0 1.0 1.0 1.0
1.0 1.0 1.0 1.0 1.0 1.0 1.0 1.0 1.0 1.0 1.0 1.0 1.0 1.0 1.0 1.0
1.0 1.0 1.0 1.0 1.0 1.0 1.0 1.0 1.0 1.0 1.0 1.0 1.0 1.0 1.0 1.0
1.0 1.0 1.0 1.0 1.0 1.0 1.0 1.0 1.0 1.0 1.0 1.0 1.0 1.0 1.0 1.0
1.0 1.0 1.0 1.0 1.0 1.0 1.0 1.0 1.0 1.0 1.0 1.0 1.0 1.0 1.0 1.0
1.0 1.0 1.0 1.0 1.0 1.0 1.0 1.0 1.0 1.0 1.0 1.0 1.0 1.0 1.0 1.0
1.0 1.0 1.0 1.0 1.0 1.0 1.0 1.0 1.0 1.0 1.0 1.0 1.0 1.0 1.0 1.0
1.0 1.0 1.0 1.0 1.0 1.0 1.0 1.0 1.0 1.0 1.0 1.0 1.0 1.0 1.0 1.0
1.0 1.0 1.0 1.0 1.0 1.0 1.0 1.0 1.0 1.0 1.0 1.0 1.0 1.0 1.0 1.0
1.0 1.0 1.0 1.0 1.0 1.0 1.0 1.0 1.0 1.0 1.0 1.0 1.0 1.0 1.0 1.0
1.0 1.0 1.0 1.0 1.0 1.0 1.0 1.0 1.0 1.0 1.0 1.0 1.0 1.0 1.0 1.0
1.0 1.0 1.0 1.0 1.0 1.0 1.0 1.0 1.0 1.0 1.0 1.0 1.0 1.0 1.0 1.0
1.0 1.0 1.0 1.0 1.0 1.0 1.0 1.0 1.0 1.0 1.0 1.0 1.0 1.0 1.0 1.0
1.0 1.0 1.0 1.0 1.0 1.0 1.0 1.0 1.0 1.0 1.0 1.0 1.0 1.0 1.0 1.0
1.0 1.0 1.0 1.0 1.0 1.0 1.0 1.0 1.0 1.0 1.0 1.0 1.0 1.0 1.0 1.0
1.0 1.0 1.0 1.0 1.0 1.0 1.0 1.0 1.0 1.0 1.0 1.0 1.0 1.0 1.0 1.0
1.0 1.0 1.0 1.0 1.0 1.0 1.0 1.0 1.0 1.0 1.0 1.0 1.0 1.0 1.0 1.0
1.0 1.0 1.0 1.0 1.0 1.0 1.0 1.0 1.0 1.0 1.0 1.0 1.0 1.0 1.0 1.0
1.0 1.0 1.0 1.0 1.0 1.0 1.0 1.0 1.0 1.0 1.0 1.0 1.0 1.0 1.0 1.0
1.0 1.0 1.0 1.0 1.0 1.0 1.0 1.0 1.0 1.0 1.0 1.0 1.0 1.0 1.0 1.0
1.0 1.0 1.0 1.0 1.0 1.0 1.0 1.0 1.0 1.0 1.0 1.0 1.0 1.0 1.0 1.0
1.0 1.0 1.0 1.0 1.0 1.0 1.0 1.0 1.0 1.0 1.0 1.0 1.0 1.0 1.0 1.0
1.0 1.0 1.0 1.0 1.0 1.0 1.0 1.0 1.0 1.0 1.0 1.0 1.0 1.0 1.0 1.0
1.0 1.0 1.0 1.0 1.0 1.0 1.0 1.0 1.0 1.0 1.0 1.0 1.0 1.0 1.0 1.0
1.0 1.0 1.0 1.0 1.0 1.0 1.0 1.0 1.0 1.0 1.0 1.0 1.0 1.0 1.0 1.0
1.0 1.0 1.0 1.0 1.0 1.0 1.0 1.0 1.0 1.0 1.0 1.0 1.0 1.0 1.0 1.0
1.0 1.0 1.0 1.0 1.0 1.0 1.0 1.0 1.0 1.0 1.0 1.0 1.0 1.0 1.0 1.0
1.0 1.0 1.0 1.0 1.0 1.0 1.0 1.0 1.0 1.0 1.0 1.0 1.0 1.0 1.0 1.0
1.0 1.0 1.0 1.0 1.0 1.0 1.0 1.0 1.0 1.0 1.0 1.0 1.0 1.0 1.0 1.0
1.0 1.0 1.0 1.0 1.0 1.0 1.0 1.0 1.0 1.0 1.0 1.0 1.0 1.0 1.0 1.0
1.0 1.0 1.0 1.0 1.0 1.0 1.0 1.0 1.0 1.0 1.0 1.0 1.0 1.0 1.0 1.0
1.0 1.0 1.0 1.0 1.0 1.0 1.0 1.0 1.0 1.0 1.0 1.0 1.0 1.0 1.0 1.0
1.0 1.0 1.0 1.0 1.0 1.0 1.0 1.0 1.0 1.0 1.0 1.0 1.0 1.0 1.0 1.0
1.0 1.0 1.0 1.0 1.0 1.0 1.0 1.0 1.0 1.0 1.0 1.0 1.0 1.0 1.0 1.0
1.0 1.0 1.0 1.0 1.0 1.0 1.0 1.0 1.0 1.0 1.0 1.0 1.0 1.0 1.0 1.0
1.0 1.0 1.0 1.0 1.0 1.0 1.0 1.0 1.0 1.0 1.0 1.0 1.0 1.0 1.0 1.0
1.0 1.0 1.0 1.0 1.0 1.0 1.0 1.0 1.0 1.0 1.0 1.0 1.0 1.0 1.0 1.0
1.0 1.0 1.0 1.0 1.0 1.0 1.0 1.0 1.0 1.0 1.0 1.0 1.0 1.0 1.0 1.0
1.0 1.0 1.0 1.0 1.0 1.0 1.0 1.0 1.0 1.0 1.0 1.0 1.0 1.0 1.0 1.0
1.0 1.0 1.0 1.0 1.0 1.0 1.0 1.0 1.0 1.0 1.0 1.0 1.0 1.0 1.0 1.0
1.0 1.0 1.0 1.0 1.0 1.0 1.0 1.0 1.0 1.0 1.0 1.0 1.0 1.0 1.0 1.0
1.0 1.0 1.0 1.0 1.0 1.0 1.0 1.0 1.0 1.0 1.0 1.0 1.0 1.0 1.0 1.0
1.0 1.0 1.0 1.0 1.0 1.0 1.0 1.0 1.0 1.0 1.0 1.0 1.0 1.0 1.0 1.0
1.0 1.0 1.0 1.0 1.0 1.0 1.0 1.0 1.0 1.0 1.0 1.0 1.0 1.0 1.0 1.0
1.0 1.0 1.0 1.0 1.0 1.0 1.0 1.0 1.0 1.0 1.0 1.0 1.0 1.0 1.0 1.0
1.0 1.0 1.0 1.0 1.0 1.0 1.0 1.0 1.0 1.0 1.0 1.0 1.0 1.0 1.0 1.0
1.0 1.0 1.0 1.0 1.0 1.0 1.0 1.0 1.0 1.0 1.0 1.0 1.0 1.0 1.0 1.0
1.0 1.0 1.0 1.0 1.0 1.0 1.0 1.0 1.0 1.0 1.0 1.0 1.0 1.0 1.0 1.0
1.0 1.0 1.0 1.0 1.0 1.0 1.0 1.0 1.0 1.0 1.0 1.0 1.0 1.0 1.0 1.0
1.0 1.0 1.0 1.0 1.0 1.0 1.0 1.0 1.0 1.0 1.0 1.0 1.0 1.0 1.0 1.0
1.0 1.0 1.0 1.0 1.0 1.0 1.0 1.0 1.0 1.0 1.0 1.0 1.0 1.0 1.0 1.0
1.0 1.0 1.0 1.0 1.0 1.0 1.0 1.0 1.0 1.0 1.0 1.0 1.0 1.0 1.0 1.0
1.0 1.0 1.0 1.0 1.0 1.0 1.0 1.0 1.0 1.0 1.0 1.0 1.0 1.0 1.0 1.0
1.0 1.0 1.0 1.0 1.0 1.0 1.0 1.0 1.0 1.0 1.0 1.0 1.0 1.0 1.0 1.0
1.0 1.0 1.0 1.0 1.0 1.0 1.0 1.0 1.0 1.0 1.0 1.0 1.0 1.0 1.0 1.0
1.0 1.0 1.0 1.0 1.0 1.0 1.0 1.0 1.0 1.0 1.0 1.0 1.0 1.0 1.0 1.0
1.0 1.0 1.0 1.0 1.0 1.0 1.0 1.0 1.0 1.0 1.0 1.0 1.0 1.0 1.0 1.0
1.0 1.0 1.0 1.0 1.0 1.0 1.0 1.0 1.0 1.0 1.0 1.0 1.0 1.0 1.0 1.0
1.0 1.0 1.0 1.0 1.0 1.0 1.0 1.0 1.0 1.0 1.0 1.0 1.0 1.0 1.0 1.0
1.0 1.0 1.0 1.0 1.0 1.0 1.0 1.0 1.0 1.0 1.0 1.0 1.0 1.0 1.0 1.0
1.0 1.0 1.0 1.0 1.0 1.0 1.0 1.0 1.0 1.0 1.0 1.0 1.0 1.0 1.0 1.0
1.0 1.0 1.0 1.0 1.0 1.0 1.0 1.0 1.0 1.0 1.0 1.0 1.0 1.0 1.0 1.0
1.0 1.0 1.0 1.0 1.0 1.0 1.0 1.0 1.0 1.0 1.0 1.0 1.0 1.0 1.0 1.0
1.0 1.0 1.0 1.0 1.0 1.0 1.0 1.0 1.0 1.0 1.0 1.0 1.0 1.0 1.0 1.0
1.0 1.0 1.0 1.0 1.0 1.0 1.0 1.0 1.0 1.0 1.0 1.0 1.0 1.0 1.0 1.0
1.0 1.0 1.0 1.0 1.0 1.0 1.0 1.0 1.0 1.0 1.0 1.0 1.0 1.0 1.0 1.0
1.0 1.0 1.0 1.0 1.0 1.0 1.0 1.0 1.0 1.0 1.0 1.0 1.0 1.0 1.0 1.0
1.0 1.0 1.0 1.0 1.0 1.0 1.0 1.0 1.0 1.0 1.0 1.0 1.0 1.0 1.0 1.0
1.0 1.0 1.0 1.0 1.0 1.0 1.0 1.0 1.0 1.0 1.0 1.0 1.0 1.0 1.0 1.0
1.0 1.0 1.0 1.0 1.0 1.0 1.0 1.0 1.0 1.0 1.0 1.0 1.0 1.0 1.0 1.0
1.0 1.0 1.0 1.0 1.0 1.0 1.0 1.0 1.0 1.0 1.0 1.0 1.0 1.0 1.0 1.0
1.0 1.0 1.0 1.0 1.0 1.0 1.0 1.0 1.0 1.0 1.0 1.0 1.0 1.0 1.0 1.0
1.0 1.0 1.0 1.0 1.0 1.0 1.0 1.0 1.0 1.0 1.0 1.0 1.0 1.0 1.0 1.0
1.0 1.0 1.0 1.0 1.0 1.0 1.0 1.0 1.0 1.0 1.0 1.0 1.0 1.0 1.0 1.0
1.0 1.0 1.0 1.0 1.0 1.0 1.0 1.0 1.0 1.0 1.0 1.0 1.0 1.0 1.0 1.0
1.0 1.0 1.0 1.0 1.0 1.0 1.0 1.0 1.0 1.0 1.0 1.0 1.0 1.0 1.0 1.0
1.0 1.0 1.0 1.0 1.0 1.0 1.0 1.0 1.0 1.0 1.0 1.0 1.0 1.0 1.0 1.0
1.0 1.0 1.0 1.0 1.0 1.0 1.0 1.0 1.0 1.0 1.0 1.0 1.0 1.0 1.0 1.0
1.0 1.0 1.0 1.0 1.0 1.0 1.0 1.0 1.0 1.0 1.0 1.0 1.0 1.0 1.0 1.0
1.0 1.0 1.0 1.0 1.0 1.0 1.0 1.0 1.0 1.0 1.0 1.0 1.0 1.0 1.0 1.0
1.0 1.0 1.0 1.0 1.0 1.0 1.0 1.0 1.0 1.0 1.0 1.0 1.0 1.0 1.0 1.0
1.0 1.0 1.0 1.0 1.0 1.0 1.0 1.0 1.0 1.0 1.0 1.0 1.0 1.0 1.0 1.0
1.0 1.0 1.0 1.0 1.0 1.0 1.0 1.0 1.0 1.0 1.0 1.0 1.0 1.0 1.0 1.0
1.0 1.0 1.0 1.0 1.0 1.0 1.0 1.0 1.0 1.0 1.0 1.0 1.0 1.0 1.0 1.0
1.0 1.0 1.0 1.0 1.0 1.0 1.0 1.0 1.0 1.0 1.0 1.0 1.0 1.0 1.0 1.0
1.0 1.0 1.0 1.0 1.0 1.0 1.0 1.0 1.0 1.0 1.0 1.0 1.0 1.0 1.0 1.0
1.0 1.0 1.0 1.0 1.0 1.0 1.0 1.0 1.0 1.0 1.0 1.0 1.0 1.0 1.0 1.0
1.0 1.0 1.0 1.0 1.0 1.0 1.0 1.0 1.0 1.0 1.0 1.0 1.0 1.0 1.0 1.0
1.0 1.0 1.0 1.0 1.0 1.0 1.0 1.0 1.0 1.0 1.0 1.0 1.0 1.0 1.0 1.0
1.0 1.0 1.0 1.0 1.0 1.0 1.0 1.0 1.0 1.0 1.0 1.0 1.0 1.0 1.0 1.0
1.0 1.0 1.0 1.0 1.0 1.0 1.0 1.0 1.0 1.0 1.0 1.0 1.0 1.0 1.0 1.0
1.0 1.0 1.0 1.0 1.0 1.0 1.0 1.0 1.0 1.0 1.0 1.0 1.0 1.0 1.0 1.0
1.0 1.0 1.0 1.0 1.0 1.0 1.0 1.0 1.0 1.0 1.0 1.0 1.0 1.0 1.0 1.0
1.0 1.0 1.0 1.0 1.0 1.0 1.0 1.0 1.0 1.0 1.0 1.0 1.0 1.0 1.0 1.0
1.0 1.0 1.0 1.0 1.0 1.0 1.0 1.0 1.0 1.0 1.0 1.0 1.0 1.0 1.0 1.0
1.0 1.0 1.0 1.0 1.0 1.0 1.0 1.0 1.0 1.0 1.0 1.0 1.0 1.0 1.0 1.0
1.0 1.0 1.0 1.0 1.0 1.0 1.0 1.0 1.0 1.0 1.0 1.0 1.0 1.0 1.0 1.0
1.0 1.0 1.0 1.0 1.0 1.0 1.0 1.0 1.0 1.0 1.0 1.0 1.0 1.0 1.0 1.0
1.0 1.0 1.0 1.0 1.0 1.0 1.0 1.0 1.0 1.0 1.0 1.0 1.0 1.0 1.0 1.0
1.0 1.0 1.0 1.0 1.0 1.0 1.0 1.0 1.0 1.0 1.0 1.0 1.0 1.0 1.0 1.0
1.0 1.0 1.0 1.0 1.0 1.0 1.0 1.0 1.0 1.0 1.0 1.0 1.0 1.0 1.0 1.0
1.0 1.0 1.0 1.0 1.0 1.0 1.0 1.0 1.0 1.0 1.0 1.0 1.0 1.0 1.0 1.0
1.0 1.0 1.0 1.0 1.0 1.0 1.0 1.0 1.0 1.0 1.0 1.0 1.0 1.0 1.0 1.0
1.0 1.0 1.0 1.0 1.0 1.0 1.0 1.0 1.0 1.0 1.0 1.0 1.0 1.0 1.0 1.0
1.0 1.0 1.0 1.0 1.0 1.0 1.0 1.0 1.0 1.0 1.0 1.0 1.0 1.0 1.0 1.0
1.0 1.0 1.0 1.0 1.0 1.0 1.0 1.0 1.0 1.0 1.0 1.0 1.0 1.0 1.0 1.0
1.0 1.0 1.0 1.0 1.0 1.0 1.0 1.0 1.0 1.0 1.0 1.0 1.0 1.0 1.0 1.0
1.0 1.0 1.0 1.0 1.0 1.0 1.0 1.0 1.0 1.0 1.0 1.0 1.0 1.0 1.0 1.0
1.0 1.0 1.0 1.0 1.0 1.0 1.0 1.0 1.0 1.0 1.0 1.0 1.0 1.0 1.0 1.0
1.0 1.0 1.0 1.0 1.0 1.0 1.0 1.0 1.0 1.0 1.0 1.0 1.0 1.0 1.0 1.0
1.0 1.0 1.0 1.0 1.0 1.0 1.0 1.0 1.0 1.0 1.0 1.0 1.0 1.0 1.0 1.0
1.0 1.0 1.0 1.0 1.0 1.0 1.0 1.0 1.0 1.0 1.0 1.0 1.0 1.0 1.0 1.0
1.0 1.0 1.0 1.0 1.0 1.0 1.0 1.0 1.0 1.0 1.0 1.0 1.0 1.0 1.0 1.0
1.0 1.0 1.0 1.0 1.0 1.0 1.0 1.0 1.0 1.0 1.0 1.0 1.0 1.0 1.0 1.0
1.0 1.0 1.0 1.0 1.0 1.0 1.0 1.0 1.0 1.0 1.0 1.0 1.0 1.0 1.0 1.0
1.0 1.0 1.0 1.0 1.0 1.0 1.0 1.0 1.0 1.0 1.0 1.0 1.0 1.0 1.0 1.0
1.0 1.0 1.0 1.0 1.0 1.0 1.0 1.0 1.0 1.0 1.0 1.0 1.0 1.0 1.0 1.0
1.0 1.0 1.0 1.0 1.0 1.0 1.0 1.0 1.0 1.0 1.0 1.0 1.0 1.0 1.0 1.0
1.0 1.0 1.0 1.0 1.0 1.0 1.0 1.0 1.0 1.0 1.0 1.0 1.0 1.0 1.0 1.0
1.0 1.0 1.0 1.0 1.0 1.0 1.0 1.0 1.0 1.0 1.0 1.0 1.0 1.0 1.0 1.0
1.0 1.0 1.0 1.0 1.0 1.0 1.0 1.0 1.0 1.0 1.0 1.0 1.0 1.0 1.0 1.0
1.0 1.0 1.0 1.0 1.0 1.0 1.0 1.0 1.0 1.0 1.0 1.0 1.0 1.0 1.0 1.0
1.0 1.0 1.0 1.0 1.0 1.0 1.0 1.0 1.0 1.0 1.0 1.0 1.0 1.0 1.0 1.0
1.0 1.0 1.0 1.0 1.0 1.0 1.0 1.0 1.0 1.0 1.0 1.0 1.0 1.0 1.0 1.0
1.0 1.0 1.0 1.0 1.0 1.0 1.0 1.0 1.0 1.0 1.0 1.0 1.0 1.0 1.0 1.0
1.0 1.0 1.0 1.0 1.0 1.0 1.0 1.0 1.0 1.0 1.0 1.0 1.0 1.0 1.0 1.0
1.0 1.0 1.0 1.0 1.0 1.0 1.0 1.0 1.0 1.0 1.0 1.0 1.0 1.0 1.0 1.0
1.0 1.0 1.0 1.0 1.0 1.0 1.0 1.0 1.0 1.0 1.0 1.0 1.0 1.0 1.0 1.0
1.0 1.0 1.0 1.0 1.0 1.0 1.0 1.0 1.0 1.0 1.0 1.0 1.0 1.0 1.0 1.0
1.0 1.0 1.0 1.0 1.0 1.0 1.0 1.0 1.0 1.0 1.0 1.0 1.0 1.0 1.0 1.0
1.0 1.0 1.0 1.0 1.0 1.0 1.0 1.0 1.0 1.0 1.0 1.0 1.0 1.0 1.0 1.0
1.0 1.0 1.0 1.0 1.0 1.0 1.0 1.0 1.0 1.0 1.0 1.0 1.0 1.0 1.0 1.0
1.0 1.0 1.0 1.0 1.0 1.0 1.0 1.0 1.0 1.0 1.0 1.0 1.0 1.0 1.0 1.0
1.0 1.0 1.0 1.0 1.0 1.0 1.0 1.0 1.0 1.0 1.0 1.0 1.0 1.0 1.0 1.0
1.0 1.0 1.0 1.0 1.0 1.0 1.0 1.0 1.0 1.0 1.0 1.0 1.0 1.0 1.0 1.0
