18
128 384
0.9936254620552063 0.9936254620552063 0.9936254620552063 0.9936254620552063 0
0.9936254620552063 0.9936254620552063 0.9936254620552063 0.9936254620552063 0
0.9942849874496460 0.9942849874496460 0.9942849874496460 0.9942849874496460 0
0.9936254620552063 0.9936254620552063 0.9936254620552063 0.9936254620552063 0
0.9936254620552063 0.9936254620552063 0.9936254620552063 0.9936254620552063 0
0.9936254620552063 0.9936254620552063 0.9936254620552063 0.9936254620552063 0
0.9936254620552063 0.9936254620552063 0.9936254620552063 0.9936254620552063 0
0.9936254620552063 0.9936254620552063 0.9936254620552063 0.9936254620552063 0
0.9936254620552063 0.9936254620552063 0.9936254620552063 0.9936254620552063 0
0.9936254620552063 0.9936254620552063 0.9936254620552063 0.9936254620552063 0
1.0063744783401489 1.0063744783401489 1.0063744783401489 1.0063744783401489 0
0.9936254620552063 0.9936254620552063 0.9936254620552063 0.9936254620552063 0
0.9936254620552063 0.9936254620552063 0.9936254620552063 0.9936254620552063 0
1.0059450864791870 1.0059450864791870 1.0059450864791870 1.0059450864791870 0
0.9936254620552063 0.9936254620552063 0.9936254620552063 0.9936254620552063 0
0.9936254620552063 0.9936254620552063 0.9936254620552063 0.9936254620552063 0
0.9936254620552063 0.9936254620552063 0.9936254620552063 0.9936254620552063 0
0.9936254620552063 0.9936254620552063 0.9936254620552063 0.9936254620552063 0
1.0063744783401489 1.0063744783401489 1.0063744783401489 1.0063744783401489 0
0.9936254620552063 0.9936254620552063 0.9936254620552063 0.9936254620552063 0
0.9936254620552063 0.9936254620552063 0.9936254620552063 0.9936254620552063 0
1.0063744783401489 1.0063744783401489 1.0063744783401489 1.0063744783401489 0
0.9936254620552063 0.9936254620552063 0.9936254620552063 0.9936254620552063 0
0.9936254620552063 0.9936254620552063 0.9936254620552063 0.9936254620552063 0
0.9936254620552063 0.9936254620552063 0.9936254620552063 0.9936254620552063 0
0.9936254620552063 0.9936254620552063 0.9936254620552063 0.9936254620552063 0
1.0063719749450684 1.0063719749450684 1.0063719749450684 1.0063719749450684 0
0.9936254620552063 0.9936254620552063 0.9936254620552063 0.9936254620552063 0
0.9936254620552063 0.9936254620552063 0.9936254620552063 0.9936254620552063 0
1.0049391984939575 1.0049391984939575 1.0049391984939575 1.0049391984939575 0
0.9936254620552063 0.9936254620552063 0.9936254620552063 0.9936254620552063 0
0.9936254620552063 0.9936254620552063 0.9936254620552063 0.9936254620552063 0
0.9936254620552063 0.9936254620552063 0.9936254620552063 0.9936254620552063 0
0.9936254620552063 0.9936254620552063 0.9936254620552063 0.9936254620552063 0
1.0063744783401489 1.0063744783401489 1.0063744783401489 1.0063744783401489 0
0.9936254620552063 0.9936254620552063 0.9936254620552063 0.9936254620552063 0
0.9936254620552063 0.9936254620552063 0.9936254620552063 0.9936254620552063 0
1.0051624774932861 1.0051624774932861 1.0051624774932861 1.0051624774932861 0
0.9936254620552063 0.9936254620552063 0.9936254620552063 0.9936254620552063 0
0.9936254620552063 0.9936254620552063 0.9936254620552063 0.9936254620552063 0
0.9936254620552063 0.9936254620552063 0.9936254620552063 0.9936254620552063 0
0.9936254620552063 0.9936254620552063 0.9936254620552063 0.9936254620552063 0
1.0063744783401489 1.0063744783401489 1.0063744783401489 1.0063744783401489 0
0.9936254620552063 0.9936254620552063 0.9936254620552063 0.9936254620552063 0
0.9936254620552063 0.9936254620552063 0.9936254620552063 0.9936254620552063 0
1.0063685178756714 1.0063685178756714 1.0063685178756714 1.0063685178756714 0
0.9936254620552063 0.9936254620552063 0.9936254620552063 0.9936254620552063 0
0.9936254620552063 0.9936254620552063 0.9936254620552063 0.9936254620552063 0
0.9936254620552063 0.9936254620552063 0.9936254620552063 0.9936254620552063 0
0.9936254620552063 0.9936254620552063 0.9936254620552063 0.9936254620552063 0
1.0061080455780029 1.0061080455780029 1.0061080455780029 1.0061080455780029 0
0.9936254620552063 0.9936254620552063 0.9936254620552063 0.9936254620552063 0
0.9936254620552063 0.9936254620552063 0.9936254620552063 0.9936254620552063 0
0.9971933960914612 0.9971933960914612 0.9971933960914612 0.9971933960914612 0
0.9936254620552063 0.9936254620552063 0.9936254620552063 0.9936254620552063 0
0.9936254620552063 0.9936254620552063 0.9936254620552063 0.9936254620552063 0
0.9936254620552063 0.9936254620552063 0.9936254620552063 0.9936254620552063 0
0.9936254620552063 0.9936254620552063 0.9936254620552063 0.9936254620552063 0
0.9941744208335876 0.9941744208335876 0.9941744208335876 0.9941744208335876 0
0.9936254620552063 0.9936254620552063 0.9936254620552063 0.9936254620552063 0
0.9936254620552063 0.9936254620552063 0.9936254620552063 0.9936254620552063 0
0.9936413764953613 0.9936413764953613 0.9936413764953613 0.9936413764953613 0
0.9936254620552063 0.9936254620552063 0.9936254620552063 0.9936254620552063 0
0.9936254620552063 0.9936254620552063 0.9936254620552063 0.9936254620552063 0
0.0000000000000000 0.0000000000000000 0.0000000000000000 0.0000000000000000 0.0000000000000000 0.0000000000000000
0.0000000000000000 0.0000000000000000 0.0000000000000000 0.0000000000000000 0.0000000000000000 0.0000000000000000
0.0000000000000000 0.0000000000000000 0.0000000000000000 0.0000000000000000 0.0000000000000000 0.0000000000000000
0.0000000000000000 0.0000000000000000 0.0000000000000000 0.0000000000000000 0.0000000000000000 0.0000000000000000
0.0000000000000000 0.0000000000000000 0.0000000000000000 0.0000000000000000 0.0000000000000000 0.0000000000000000
0.0000000000000000 0.0000000000000000 0.0000000000000000 0.0000000000000000 0.0000000000000000 0.0000000000000000
0.0000000000000000 0.0000000000000000 0.0000000000000000 0.0000000000000000 0.0000000000000000 0.0000000000000000
0.0000000000000000 0.0000000000000000 0.0000000000000000 0.0000000000000000 0.0000000000000000 0.0000000000000000
0.0000000000000000 0.0000000000000000 0.0000000000000000 0.0000000000000000 0.0000000000000000 0.0000000000000000
0.0000000000000000 0.0000000000000000 0.0000000000000000 0.0000000000000000 0.0000000000000000 0.0000000000000000
0.0000000000000000 0.0000000000000000 0.0000000000000000 0.0000000000000000 0.0000000000000000 0.0000000000000000
0.0000000000000000 0.0000000000000000 0.0000000000000000 0.0000000000000000 0.0000000000000000 0.0000000000000000
0.0000000000000000 0.0000000000000000 0.0000000000000000 0.0000000000000000 0.0000000000000000 0.0000000000000000
0.0000000000000000 0.0000000000000000 0.0000000000000000 0.0000000000000000 0.0000000000000000 0.0000000000000000
0.0000000000000000 0.0000000000000000 0.0000000000000000 0.0000000000000000 0.0000000000000000 0.0000000000000000
0.0000000000000000 0.0000000000000000 0.0000000000000000 0.0000000000000000 0.0000000000000000 0.0000000000000000
0.0000000000000000 0.0000000000000000 0.0000000000000000 0.0000000000000000 0.0000000000000000 0.0000000000000000
0.0000000000000000 0.0000000000000000 0.0000000000000000 0.0000000000000000 0.0000000000000000 0.0000000000000000
0.0000000000000000 0.0000000000000000 0.0000000000000000 0.0000000000000000 0.0000000000000000 0.0000000000000000
0.0000000000000000 0.0000000000000000 0.0000000000000000 0.0000000000000000 0.0000000000000000 0.0000000000000000
0.0000000000000000 0.0000000000000000 0.0000000000000000 0.0000000000000000 0.0000000000000000 0.0000000000000000
0.0000000000000000 0.0000000000000000 0.0000000000000000 0.0000000000000000 0.0000000000000000 0.0000000000000000
0.0000000000000000 0.0000000000000000 0.0000000000000000 0.0000000000000000 0.0000000000000000 0.0000000000000000
0.0000000000000000 0.0000000000000000 0.0000000000000000 0.0000000000000000 0.0000000000000000 0.0000000000000000
0.0000000000000000 0.0000000000000000 0.0000000000000000 0.0000000000000000 0.0000000000000000 0.0000000000000000
0.0000000000000000 0.0000000000000000 0.0000000000000000 0.0000000000000000 0.0000000000000000 0.0000000000000000
0.0000000000000000 0.0000000000000000 0.0000000000000000 0.0000000000000000 0.0000000000000000 0.0000000000000000
0.0000000000000000 0.0000000000000000 0.0000000000000000 0.0000000000000000 0.0000000000000000 0.0000000000000000
0.0000000000000000 0.0000000000000000 0.0000000000000000 0.0000000000000000 0.0000000000000000 0.0000000000000000
0.0000000000000000 0.0000000000000000 0.0000000000000000 0.0000000000000000 0.0000000000000000 0.0000000000000000
0.1026304438710213 0.1026304438710213 0.1026304438710213 0.1026304438710213 0.1026304438710213 0.1026304438710213
0.0000000000000000 0.0000000000000000 0.0000000000000000 0.0000000000000000 0.0000000000000000 0.0000000000000000
0.0000000000000000 0.0000000000000000 0.0000000000000000 0.0000000000000000 0.0000000000000000 0.0000000000000000
0.0000000000000000 0.0000000000000000 0.0000000000000000 0.0000000000000000 0.0000000000000000 0.0000000000000000
0.0000000000000000 0.0000000000000000 0.0000000000000000 0.0000000000000000 0.0000000000000000 0.0000000000000000
0.0000000000000000 0.0000000000000000 0.0000000000000000 0.0000000000000000 0.0000000000000000 0.0000000000000000
0.1005013287067413 0.1005013287067413 0.1005013287067413 0.1005013287067413 0.1005013287067413 0.1005013287067413
0.0000000000000000 0.0000000000000000 0.0000000000000000 0.0000000000000000 0.0000000000000000 0.0000000000000000
0.0000000000000000 0.0000000000000000 0.0000000000000000 0.0000000000000000 0.0000000000000000 0.0000000000000000
0.0000000000000000 0.0000000000000000 0.0000000000000000 0.0000000000000000 0.0000000000000000 0.0000000000000000
0.0000000000000000 0.0000000000000000 0.0000000000000000 0.0000000000000000 0.0000000000000000 0.0000000000000000
0.0000000000000000 0.0000000000000000 0.0000000000000000 0.0000000000000000 0.0000000000000000 0.0000000000000000
0.0000000000000000 0.0000000000000000 0.0000000000000000 0.0000000000000000 0.0000000000000000 0.0000000000000000
0.0000000000000000 0.0000000000000000 0.0000000000000000 0.0000000000000000 0.0000000000000000 0.0000000000000000
0.0000000000000000 0.0000000000000000 0.0000000000000000 0.0000000000000000 0.0000000000000000 0.0000000000000000
0.0000000000000000 0.0000000000000000 0.0000000000000000 0.0000000000000000 0.0000000000000000 0.0000000000000000
0.1036033779382706 0.1036033779382706 0.1036033779382706 0.1036033779382706 0.1036033779382706 0.1036033779382706
0.0000000000000000 0.0000000000000000 0.0000000000000000 0.0000000000000000 0.0000000000000000 0.0000000000000000
0.0000000000000000 0.0000000000000000 0.0000000000000000 0.0000000000000000 0.0000000000000000 0.0000000000000000
0.1003538519144058 0.1003538519144058 0.1003538519144058 0.1003538519144058 0.1003538519144058 0.1003538519144058
0.0000000000000000 0.0000000000000000 0.0000000000000000 0.0000000000000000 0.0000000000000000 0.0000000000000000
0.0000000000000000 0.0000000000000000 0.0000000000000000 0.0000000000000000 0.0000000000000000 0.0000000000000000
0.1015085577964783 0.1015085577964783 0.1015085577964783 0.1015085577964783 0.1015085577964783 0.1015085577964783
0.0000000000000000 0.0000000000000000 0.0000000000000000 0.0000000000000000 0.0000000000000000 0.0000000000000000
0.0000000000000000 0.0000000000000000 0.0000000000000000 0.0000000000000000 0.0000000000000000 0.0000000000000000
0.0000000000000000 0.0000000000000000 0.0000000000000000 0.0000000000000000 0.0000000000000000 0.0000000000000000
0.0000000000000000 0.0000000000000000 0.0000000000000000 0.0000000000000000 0.0000000000000000 0.0000000000000000
0.0000000000000000 0.0000000000000000 0.0000000000000000 0.0000000000000000 0.0000000000000000 0.0000000000000000
0.0000000000000000 0.0000000000000000 0.0000000000000000 0.0000000000000000 0.0000000000000000 0.0000000000000000
0.0000000000000000 0.0000000000000000 0.0000000000000000 0.0000000000000000 0.0000000000000000 0.0000000000000000
0.0000000000000000 0.0000000000000000 0.0000000000000000 0.0000000000000000 0.0000000000000000 0.0000000000000000
0.0000000000000000 0.0000000000000000 0.0000000000000000 0.0000000000000000 0.0000000000000000 0.0000000000000000
0.1021958440542221 0.1021958440542221 0.1021958440542221 0.1021958440542221 0.1021958440542221 0.1021958440542221
0.0000000000000000 0.0000000000000000 0.0000000000000000 0.0000000000000000 0.0000000000000000 0.0000000000000000
0.0000000000000000 0.0000000000000000 0.0000000000000000 0.0000000000000000 0.0000000000000000 0.0000000000000000
0.0000000000000000 0.0000000000000000 0.0000000000000000 0.0000000000000000 0.0000000000000000 0.0000000000000000
0.0000000000000000 0.0000000000000000 0.0000000000000000 0.0000000000000000 0.0000000000000000 0.0000000000000000
0.0000000000000000 0.0000000000000000 0.0000000000000000 0.0000000000000000 0.0000000000000000 0.0000000000000000
0.1001941710710526 0.1001941710710526 0.1001941710710526 0.1001941710710526 0.1001941710710526 0.1001941710710526
0.0000000000000000 0.0000000000000000 0.0000000000000000 0.0000000000000000 0.0000000000000000 0.0000000000000000
0.0000000000000000 0.0000000000000000 0.0000000000000000 0.0000000000000000 0.0000000000000000 0.0000000000000000
0.0000000000000000 0.0000000000000000 0.0000000000000000 0.0000000000000000 0.0000000000000000 0.0000000000000000
0.0000000000000000 0.0000000000000000 0.0000000000000000 0.0000000000000000 0.0000000000000000 0.0000000000000000
0.0000000000000000 0.0000000000000000 0.0000000000000000 0.0000000000000000 0.0000000000000000 0.0000000000000000
0.0000000000000000 0.0000000000000000 0.0000000000000000 0.0000000000000000 0.0000000000000000 0.0000000000000000
0.0000000000000000 0.0000000000000000 0.0000000000000000 0.0000000000000000 0.0000000000000000 0.0000000000000000
0.0000000000000000 0.0000000000000000 0.0000000000000000 0.0000000000000000 0.0000000000000000 0.0000000000000000
0.0000000000000000 0.0000000000000000 0.0000000000000000 0.0000000000000000 0.0000000000000000 0.0000000000000000
0.1022526547312737 0.1022526547312737 0.1022526547312737 0.1022526547312737 0.1022526547312737 0.1022526547312737
0.0000000000000000 0.0000000000000000 0.0000000000000000 0.0000000000000000 0.0000000000000000 0.0000000000000000
0.0000000000000000 0.0000000000000000 0.0000000000000000 0.0000000000000000 0.0000000000000000 0.0000000000000000
0.0000000000000000 0.0000000000000000 0.0000000000000000 0.0000000000000000 0.0000000000000000 0.0000000000000000
0.0000000000000000 0.0000000000000000 0.0000000000000000 0.0000000000000000 0.0000000000000000 0.0000000000000000
0.0000000000000000 0.0000000000000000 0.0000000000000000 0.0000000000000000 0.0000000000000000 0.0000000000000000
0.1001920029520988 0.1001920029520988 0.1001920029520988 0.1001920029520988 0.1001920029520988 0.1001920029520988
0.0000000000000000 0.0000000000000000 0.0000000000000000 0.0000000000000000 0.0000000000000000 0.0000000000000000
0.0000000000000000 0.0000000000000000 0.0000000000000000 0.0000000000000000 0.0000000000000000 0.0000000000000000
0.0000000000000000 0.0000000000000000 0.0000000000000000 0.0000000000000000 0.0000000000000000 0.0000000000000000
0.0000000000000000 0.0000000000000000 0.0000000000000000 0.0000000000000000 0.0000000000000000 0.0000000000000000
0.0000000000000000 0.0000000000000000 0.0000000000000000 0.0000000000000000 0.0000000000000000 0.0000000000000000
0.0000000000000000 0.0000000000000000 0.0000000000000000 0.0000000000000000 0.0000000000000000 0.0000000000000000
0.0000000000000000 0.0000000000000000 0.0000000000000000 0.0000000000000000 0.0000000000000000 0.0000000000000000
0.0000000000000000 0.0000000000000000 0.0000000000000000 0.0000000000000000 0.0000000000000000 0.0000000000000000
0.0000000000000000 0.0000000000000000 0.0000000000000000 0.0000000000000000 0.0000000000000000 0.0000000000000000
0.1025289595127106 0.1025289595127106 0.1025289595127106 0.1025289595127106 0.1025289595127106 0.1025289595127106
0.0000000000000000 0.0000000000000000 0.0000000000000000 0.0000000000000000 0.0000000000000000 0.0000000000000000
0.0000000000000000 0.0000000000000000 0.0000000000000000 0.0000000000000000 0.0000000000000000 0.0000000000000000
0.1000559851527214 0.1000559851527214 0.1000559851527214 0.1000559851527214 0.1000559851527214 0.1000559851527214
0.0000000000000000 0.0000000000000000 0.0000000000000000 0.0000000000000000 0.0000000000000000 0.0000000000000000
0.0000000000000000 0.0000000000000000 0.0000000000000000 0.0000000000000000 0.0000000000000000 0.0000000000000000
0.1002223193645477 0.1002223193645477 0.1002223193645477 0.1002223193645477 0.1002223193645477 0.1002223193645477
0.0000000000000000 0.0000000000000000 0.0000000000000000 0.0000000000000000 0.0000000000000000 0.0000000000000000
0.0000000000000000 0.0000000000000000 0.0000000000000000 0.0000000000000000 0.0000000000000000 0.0000000000000000
0.0000000000000000 0.0000000000000000 0.0000000000000000 0.0000000000000000 0.0000000000000000 0.0000000000000000
0.0000000000000000 0.0000000000000000 0.0000000000000000 0.0000000000000000 0.0000000000000000 0.0000000000000000
0.0000000000000000 0.0000000000000000 0.0000000000000000 0.0000000000000000 0.0000000000000000 0.0000000000000000
0.0000000000000000 0.0000000000000000 0.0000000000000000 0.0000000000000000 0.0000000000000000 0.0000000000000000
0.0000000000000000 0.0000000000000000 0.0000000000000000 0.0000000000000000 0.0000000000000000 0.0000000000000000
0.0000000000000000 0.0000000000000000 0.0000000000000000 0.0000000000000000 0.0000000000000000 0.0000000000000000
0.0000000000000000 0.0000000000000000 0.0000000000000000 0.0000000000000000 0.0000000000000000 0.0000000000000000
0.0000000000000000 0.0000000000000000 0.0000000000000000 0.0000000000000000 0.0000000000000000 0.0000000000000000
0.0000000000000000 0.0000000000000000 0.0000000000000000 0.0000000000000000 0.0000000000000000 0.0000000000000000
0.0000000000000000 0.0000000000000000 0.0000000000000000 0.0000000000000000 0.0000000000000000 0.0000000000000000
0.0000000000000000 0.0000000000000000 0.0000000000000000 0.0000000000000000 0.0000000000000000 0.0000000000000000
0.0000000000000000 0.0000000000000000 0.0000000000000000 0.0000000000000000 0.0000000000000000 0.0000000000000000
0.0000000000000000 0.0000000000000000 0.0000000000000000 0.0000000000000000 0.0000000000000000 0.0000000000000000
0.0000000000000000 0.0000000000000000 0.0000000000000000 0.0000000000000000 0.0000000000000000 0.0000000000000000
0.0000000000000000 0.0000000000000000 0.0000000000000000 0.0000000000000000 0.0000000000000000 0.0000000000000000
0.0000000000000000 0.0000000000000000 0.0000000000000000 0.0000000000000000 0.0000000000000000 0.0000000000000000
0.0000000000000000 0.0000000000000000 0.0000000000000000 0.0000000000000000 0.0000000000000000 0.0000000000000000
0.0000000000000000 0.0000000000000000 0.0000000000000000 0.0000000000000000 0.0000000000000000 0.0000000000000000
0.0000000000000000 0.0000000000000000 0.0000000000000000 0.0000000000000000 0.0000000000000000 0.0000000000000000
0.0000000000000000 0.0000000000000000 0.0000000000000000 0.0000000000000000 0.0000000000000000 0.0000000000000000
0.0000000000000000 0.0000000000000000 0.0000000000000000 0.0000000000000000 0.0000000000000000 0.0000000000000000
0.0000000000000000 0.0000000000000000 0.0000000000000000 0.0000000000000000 0.0000000000000000 0.0000000000000000
0.0000000000000000 0.0000000000000000 0.0000000000000000 0.0000000000000000 0.0000000000000000 0.0000000000000000
0.0000000000000000 0.0000000000000000 0.0000000000000000 0.0000000000000000 0.0000000000000000 0.0000000000000000
0.0000000000000000 0.0000000000000000 0.0000000000000000 0.0000000000000000 0.0000000000000000 0.0000000000000000
0.9936254620552063 0.9936254620552063 0.9936254620552063 0.9936254620552063 0
0.9936254620552063 0.9936254620552063 0.9936254620552063 0.9936254620552063 0
0.9936254620552063 0.9936254620552063 0.9936254620552063 0.9936254620552063 0
0.9936254620552063 0.9936254620552063 0.9936254620552063 0.9936254620552063 0
0.9936254620552063 0.9936254620552063 0.9936254620552063 0.9936254620552063 0
0.9936254620552063 0.9936254620552063 0.9936254620552063 0.9936254620552063 0
0.9936254620552063 0.9936254620552063 0.9936254620552063 0.9936254620552063 0
0.9936254620552063 0.9936254620552063 0.9936254620552063 0.9936254620552063 0
0.9936254620552063 0.9936254620552063 0.9936254620552063 0.9936254620552063 0
0.9936254620552063 0.9936254620552063 0.9936254620552063 0.9936254620552063 0
0.9936254620552063 0.9936254620552063 0.9936254620552063 0.9936254620552063 0
0.9936254620552063 0.9936254620552063 0.9936254620552063 0.9936254620552063 0
0.9936254620552063 0.9936254620552063 0.9936254620552063 0.9936254620552063 0
0.9936254620552063 0.9936254620552063 0.9936254620552063 0.9936254620552063 0
0.9936254620552063 0.9936254620552063 0.9936254620552063 0.9936254620552063 0
0.9936254620552063 0.9936254620552063 0.9936254620552063 0.9936254620552063 0
0.9943946599960327 0.9943946599960327 0.9943946599960327 0.9943946599960327 0
1.0063446760177612 1.0063446760177612 1.0063446760177612 1.0063446760177612 0
1.0063744783401489 1.0063744783401489 1.0063744783401489 1.0063744783401489 0
1.0063744783401489 1.0063744783401489 1.0063744783401489 1.0063744783401489 0
1.0063449144363403 1.0063449144363403 1.0063449144363403 1.0063449144363403 0
1.0063744783401489 1.0063744783401489 1.0063744783401489 1.0063744783401489 0
1.0060944557189941 1.0060944557189941 1.0060944557189941 1.0060944557189941 0
0.9941213130950928 0.9941213130950928 0.9941213130950928 0.9941213130950928 0
0.9936254620552063 0.9936254620552063 0.9936254620552063 0.9936254620552063 0
0.9936254620552063 0.9936254620552063 0.9936254620552063 0.9936254620552063 0
0.9936254620552063 0.9936254620552063 0.9936254620552063 0.9936254620552063 0
0.9936254620552063 0.9936254620552063 0.9936254620552063 0.9936254620552063 0
0.9936254620552063 0.9936254620552063 0.9936254620552063 0.9936254620552063 0
0.9936254620552063 0.9936254620552063 0.9936254620552063 0.9936254620552063 0
0.9936254620552063 0.9936254620552063 0.9936254620552063 0.9936254620552063 0
0.9936254620552063 0.9936254620552063 0.9936254620552063 0.9936254620552063 0
0.9936254620552063 0.9936254620552063 0.9936254620552063 0.9936254620552063 0
0.9936254620552063 0.9936254620552063 0.9936254620552063 0.9936254620552063 0
0.9936254620552063 0.9936254620552063 0.9936254620552063 0.9936254620552063 0
0.9936254620552063 0.9936254620552063 0.9936254620552063 0.9936254620552063 0
0.9936254620552063 0.9936254620552063 0.9936254620552063 0.9936254620552063 0
0.9936254620552063 0.9936254620552063 0.9936254620552063 0.9936254620552063 0
0.9936254620552063 0.9936254620552063 0.9936254620552063 0.9936254620552063 0
0.9936254620552063 0.9936254620552063 0.9936254620552063 0.9936254620552063 0
0.9936293363571167 0.9936293363571167 0.9936293363571167 0.9936293363571167 0
1.0059959888458252 1.0059959888458252 1.0059959888458252 1.0059959888458252 0
1.0063744783401489 1.0063744783401489 1.0063744783401489 1.0063744783401489 0
1.0050396919250488 1.0050396919250488 1.0050396919250488 1.0050396919250488 0
1.0049216747283936 1.0049216747283936 1.0049216747283936 1.0049216747283936 0
1.0063744783401489 1.0063744783401489 1.0063744783401489 1.0063744783401489 0
0.9966785311698914 0.9966785311698914 0.9966785311698914 0.9966785311698914 0
0.9936653971672058 0.9936653971672058 0.9936653971672058 0.9936653971672058 0
0.9936254620552063 0.9936254620552063 0.9936254620552063 0.9936254620552063 0
0.9936254620552063 0.9936254620552063 0.9936254620552063 0.9936254620552063 0
0.9936254620552063 0.9936254620552063 0.9936254620552063 0.9936254620552063 0
0.9936254620552063 0.9936254620552063 0.9936254620552063 0.9936254620552063 0
0.9936254620552063 0.9936254620552063 0.9936254620552063 0.9936254620552063 0
0.9936254620552063 0.9936254620552063 0.9936254620552063 0.9936254620552063 0
0.9936254620552063 0.9936254620552063 0.9936254620552063 0.9936254620552063 0
0.9936254620552063 0.9936254620552063 0.9936254620552063 0.9936254620552063 0
0.9936254620552063 0.9936254620552063 0.9936254620552063 0.9936254620552063 0
0.9936254620552063 0.9936254620552063 0.9936254620552063 0.9936254620552063 0
0.9936254620552063 0.9936254620552063 0.9936254620552063 0.9936254620552063 0
0.9936254620552063 0.9936254620552063 0.9936254620552063 0.9936254620552063 0
0.9936254620552063 0.9936254620552063 0.9936254620552063 0.9936254620552063 0
0.9936254620552063 0.9936254620552063 0.9936254620552063 0.9936254620552063 0
0.9936254620552063 0.9936254620552063 0.9936254620552063 0.9936254620552063 0
0.9936254620552063 0.9936254620552063 0.9936254620552063 0.9936254620552063 0
0.0000000000000000 0.0000000000000000 0.0000000000000000 0.0000000000000000 0.0000000000000000 0.0000000000000000
0.0000000000000000 0.0000000000000000 0.0000000000000000 0.0000000000000000 0.0000000000000000 0.0000000000000000
0.0000000000000000 0.0000000000000000 0.0000000000000000 0.0000000000000000 0.0000000000000000 0.0000000000000000
0.0000000000000000 0.0000000000000000 0.0000000000000000 0.0000000000000000 0.0000000000000000 0.0000000000000000
0.0000000000000000 0.0000000000000000 0.0000000000000000 0.0000000000000000 0.0000000000000000 0.0000000000000000
0.0000000000000000 0.0000000000000000 0.0000000000000000 0.0000000000000000 0.0000000000000000 0.0000000000000000
0.0000000000000000 0.0000000000000000 0.0000000000000000 0.0000000000000000 0.0000000000000000 0.0000000000000000
0.0000000000000000 0.0000000000000000 0.0000000000000000 0.0000000000000000 0.0000000000000000 0.0000000000000000
0.0000000000000000 0.0000000000000000 0.0000000000000000 0.0000000000000000 0.0000000000000000 0.0000000000000000
0.0000000000000000 0.0000000000000000 0.0000000000000000 0.0000000000000000 0.0000000000000000 0.0000000000000000
0.0000000000000000 0.0000000000000000 0.0000000000000000 0.0000000000000000 0.0000000000000000 0.0000000000000000
0.0000000000000000 0.0000000000000000 0.0000000000000000 0.0000000000000000 0.0000000000000000 0.0000000000000000
0.0000000000000000 0.0000000000000000 0.0000000000000000 0.0000000000000000 0.0000000000000000 0.0000000000000000
0.0000000000000000 0.0000000000000000 0.0000000000000000 0.0000000000000000 0.0000000000000000 0.0000000000000000
0.0000000000000000 0.0000000000000000 0.0000000000000000 0.0000000000000000 0.0000000000000000 0.0000000000000000
0.0000000000000000 0.0000000000000000 0.0000000000000000 0.0000000000000000 0.0000000000000000 0.0000000000000000
0.0000000000000000 0.0000000000000000 0.0000000000000000 0.0000000000000000 0.0000000000000000 0.0000000000000000
0.0000000000000000 0.0000000000000000 0.0000000000000000 0.0000000000000000 0.0000000000000000 0.0000000000000000
0.0000000000000000 0.0000000000000000 0.0000000000000000 0.0000000000000000 0.0000000000000000 0.0000000000000000
0.0000000000000000 0.0000000000000000 0.0000000000000000 0.0000000000000000 0.0000000000000000 0.0000000000000000
0.0000000000000000 0.0000000000000000 0.0000000000000000 0.0000000000000000 0.0000000000000000 0.0000000000000000
0.0000000000000000 0.0000000000000000 0.0000000000000000 0.0000000000000000 0.0000000000000000 0.0000000000000000
0.0000000000000000 0.0000000000000000 0.0000000000000000 0.0000000000000000 0.0000000000000000 0.0000000000000000
0.0000000000000000 0.0000000000000000 0.0000000000000000 0.0000000000000000 0.0000000000000000 0.0000000000000000
0.0000000000000000 0.0000000000000000 0.0000000000000000 0.0000000000000000 0.0000000000000000 0.0000000000000000
0.0000000000000000 0.0000000000000000 0.0000000000000000 0.0000000000000000 0.0000000000000000 0.0000000000000000
0.0000000000000000 0.0000000000000000 0.0000000000000000 0.0000000000000000 0.0000000000000000 0.0000000000000000
0.0000000000000000 0.0000000000000000 0.0000000000000000 0.0000000000000000 0.0000000000000000 0.0000000000000000
0.0000000000000000 0.0000000000000000 0.0000000000000000 0.0000000000000000 0.0000000000000000 0.0000000000000000
0.0000000000000000 0.0000000000000000 0.0000000000000000 0.0000000000000000 0.0000000000000000 0.0000000000000000
0.0000000000000000 0.0000000000000000 0.0000000000000000 0.0000000000000000 0.0000000000000000 0.0000000000000000
0.0000000000000000 0.0000000000000000 0.0000000000000000 0.0000000000000000 0.0000000000000000 0.0000000000000000
0.0000000000000000 0.0000000000000000 0.0000000000000000 0.0000000000000000 0.0000000000000000 0.0000000000000000
0.0000000000000000 0.0000000000000000 0.0000000000000000 0.0000000000000000 0.0000000000000000 0.0000000000000000
0.0000000000000000 0.0000000000000000 0.0000000000000000 0.0000000000000000 0.0000000000000000 0.0000000000000000
0.0000000000000000 0.0000000000000000 0.0000000000000000 0.0000000000000000 0.0000000000000000 0.0000000000000000
0.0000000000000000 0.0000000000000000 0.0000000000000000 0.0000000000000000 0.0000000000000000 0.0000000000000000
0.0000000000000000 0.0000000000000000 0.0000000000000000 0.0000000000000000 0.0000000000000000 0.0000000000000000
0.0000000000000000 0.0000000000000000 0.0000000000000000 0.0000000000000000 0.0000000000000000 0.0000000000000000
0.0000000000000000 0.0000000000000000 0.0000000000000000 0.0000000000000000 0.0000000000000000 0.0000000000000000
0.0000000000000000 0.0000000000000000 0.0000000000000000 0.0000000000000000 0.0000000000000000 0.0000000000000000
0.0000000000000000 0.0000000000000000 0.0000000000000000 0.0000000000000000 0.0000000000000000 0.0000000000000000
0.0000000000000000 0.0000000000000000 0.0000000000000000 0.0000000000000000 0.0000000000000000 0.0000000000000000
0.1026457920670509 0.1026457920670509 0.1026457920670509 0.1026457920670509 0.1026457920670509 0.1026457920670509
0.0000000000000000 0.0000000000000000 0.0000000000000000 0.0000000000000000 0.0000000000000000 0.0000000000000000
0.1036974266171455 0.1036974266171455 0.1036974266171455 0.1036974266171455 0.1036974266171455 0.1036974266171455
0.0000000000000000 0.0000000000000000 0.0000000000000000 0.0000000000000000 0.0000000000000000 0.0000000000000000
0.1022159382700920 0.1022159382700920 0.1022159382700920 0.1022159382700920 0.1022159382700920 0.1022159382700920
0.0000000000000000 0.0000000000000000 0.0000000000000000 0.0000000000000000 0.0000000000000000 0.0000000000000000
0.1022476851940155 0.1022476851940155 0.1022476851940155 0.1022476851940155 0.1022476851940155 0.1022476851940155
0.0000000000000000 0.0000000000000000 0.0000000000000000 0.0000000000000000 0.0000000000000000 0.0000000000000000
0.1025193557143211 0.1025193557143211 0.1025193557143211 0.1025193557143211 0.1025193557143211 0.1025193557143211
0.0000000000000000 0.0000000000000000 0.0000000000000000 0.0000000000000000 0.0000000000000000 0.0000000000000000
0.0000000000000000 0.0000000000000000 0.0000000000000000 0.0000000000000000 0.0000000000000000 0.0000000000000000
0.0000000000000000 0.0000000000000000 0.0000000000000000 0.0000000000000000 0.0000000000000000 0.0000000000000000
0.0000000000000000 0.0000000000000000 0.0000000000000000 0.0000000000000000 0.0000000000000000 0.0000000000000000
0.0000000000000000 0.0000000000000000 0.0000000000000000 0.0000000000000000 0.0000000000000000 0.0000000000000000
0.0000000000000000 0.0000000000000000 0.0000000000000000 0.0000000000000000 0.0000000000000000 0.0000000000000000
0.0000000000000000 0.0000000000000000 0.0000000000000000 0.0000000000000000 0.0000000000000000 0.0000000000000000
0.0000000000000000 0.0000000000000000 0.0000000000000000 0.0000000000000000 0.0000000000000000 0.0000000000000000
0.0000000000000000 0.0000000000000000 0.0000000000000000 0.0000000000000000 0.0000000000000000 0.0000000000000000
0.0000000000000000 0.0000000000000000 0.0000000000000000 0.0000000000000000 0.0000000000000000 0.0000000000000000
0.0000000000000000 0.0000000000000000 0.0000000000000000 0.0000000000000000 0.0000000000000000 0.0000000000000000
0.0000000000000000 0.0000000000000000 0.0000000000000000 0.0000000000000000 0.0000000000000000 0.0000000000000000
0.0000000000000000 0.0000000000000000 0.0000000000000000 0.0000000000000000 0.0000000000000000 0.0000000000000000
0.0000000000000000 0.0000000000000000 0.0000000000000000 0.0000000000000000 0.0000000000000000 0.0000000000000000
0.0000000000000000 0.0000000000000000 0.0000000000000000 0.0000000000000000 0.0000000000000000 0.0000000000000000
0.0000000000000000 0.0000000000000000 0.0000000000000000 0.0000000000000000 0.0000000000000000 0.0000000000000000
0.0000000000000000 0.0000000000000000 0.0000000000000000 0.0000000000000000 0.0000000000000000 0.0000000000000000
0.0000000000000000 0.0000000000000000 0.0000000000000000 0.0000000000000000 0.0000000000000000 0.0000000000000000
0.0000000000000000 0.0000000000000000 0.0000000000000000 0.0000000000000000 0.0000000000000000 0.0000000000000000
0.0000000000000000 0.0000000000000000 0.0000000000000000 0.0000000000000000 0.0000000000000000 0.0000000000000000
0.0000000000000000 0.0000000000000000 0.0000000000000000 0.0000000000000000 0.0000000000000000 0.0000000000000000
0.0000000000000000 0.0000000000000000 0.0000000000000000 0.0000000000000000 0.0000000000000000 0.0000000000000000
0.0000000000000000 0.0000000000000000 0.0000000000000000 0.0000000000000000 0.0000000000000000 0.0000000000000000
0.0000000000000000 0.0000000000000000 0.0000000000000000 0.0000000000000000 0.0000000000000000 0.0000000000000000
0.0000000000000000 0.0000000000000000 0.0000000000000000 0.0000000000000000 0.0000000000000000 0.0000000000000000
0.0000000000000000 0.0000000000000000 0.0000000000000000 0.0000000000000000 0.0000000000000000 0.0000000000000000
0.1003070026636124 0.1003070026636124 0.1003070026636124 0.1003070026636124 0.1003070026636124 0.1003070026636124
0.0000000000000000 0.0000000000000000 0.0000000000000000 0.0000000000000000 0.0000000000000000 0.0000000000000000
0.0000000000000000 0.0000000000000000 0.0000000000000000 0.0000000000000000 0.0000000000000000 0.0000000000000000
0.0000000000000000 0.0000000000000000 0.0000000000000000 0.0000000000000000 0.0000000000000000 0.0000000000000000
0.0000000000000000 0.0000000000000000 0.0000000000000000 0.0000000000000000 0.0000000000000000 0.0000000000000000
0.0000000000000000 0.0000000000000000 0.0000000000000000 0.0000000000000000 0.0000000000000000 0.0000000000000000
0.1001100391149521 0.1001100391149521 0.1001100391149521 0.1001100391149521 0.1001100391149521 0.1001100391149521
0.0000000000000000 0.0000000000000000 0.0000000000000000 0.0000000000000000 0.0000000000000000 0.0000000000000000
0.0000000000000000 0.0000000000000000 0.0000000000000000 0.0000000000000000 0.0000000000000000 0.0000000000000000
0.0000000000000000 0.0000000000000000 0.0000000000000000 0.0000000000000000 0.0000000000000000 0.0000000000000000
0.0000000000000000 0.0000000000000000 0.0000000000000000 0.0000000000000000 0.0000000000000000 0.0000000000000000
0.0000000000000000 0.0000000000000000 0.0000000000000000 0.0000000000000000 0.0000000000000000 0.0000000000000000
0.0000000000000000 0.0000000000000000 0.0000000000000000 0.0000000000000000 0.0000000000000000 0.0000000000000000
0.1005321368575096 0.1005321368575096 0.1005321368575096 0.1005321368575096 0.1005321368575096 0.1005321368575096
0.0000000000000000 0.0000000000000000 0.0000000000000000 0.0000000000000000 0.0000000000000000 0.0000000000000000
0.1016212180256844 0.1016212180256844 0.1016212180256844 0.1016212180256844 0.1016212180256844 0.1016212180256844
0.0000000000000000 0.0000000000000000 0.0000000000000000 0.0000000000000000 0.0000000000000000 0.0000000000000000
0.1001008674502373 0.1001008674502373 0.1001008674502373 0.1001008674502373 0.1001008674502373 0.1001008674502373
0.0000000000000000 0.0000000000000000 0.0000000000000000 0.0000000000000000 0.0000000000000000 0.0000000000000000
0.1001990586519241 0.1001990586519241 0.1001990586519241 0.1001990586519241 0.1001990586519241 0.1001990586519241
0.0000000000000000 0.0000000000000000 0.0000000000000000 0.0000000000000000 0.0000000000000000 0.0000000000000000
0.1001968011260033 0.1001968011260033 0.1001968011260033 0.1001968011260033 0.1001968011260033 0.1001968011260033
0.0000000000000000 0.0000000000000000 0.0000000000000000 0.0000000000000000 0.0000000000000000 0.0000000000000000
0.0000000000000000 0.0000000000000000 0.0000000000000000 0.0000000000000000 0.0000000000000000 0.0000000000000000
0.0000000000000000 0.0000000000000000 0.0000000000000000 0.0000000000000000 0.0000000000000000 0.0000000000000000
0.0000000000000000 0.0000000000000000 0.0000000000000000 0.0000000000000000 0.0000000000000000 0.0000000000000000
0.0000000000000000 0.0000000000000000 0.0000000000000000 0.0000000000000000 0.0000000000000000 0.0000000000000000
0.0000000000000000 0.0000000000000000 0.0000000000000000 0.0000000000000000 0.0000000000000000 0.0000000000000000
0.0000000000000000 0.0000000000000000 0.0000000000000000 0.0000000000000000 0.0000000000000000 0.0000000000000000
0.0000000000000000 0.0000000000000000 0.0000000000000000 0.0000000000000000 0.0000000000000000 0.0000000000000000
0.0000000000000000 0.0000000000000000 0.0000000000000000 0.0000000000000000 0.0000000000000000 0.0000000000000000
0.0000000000000000 0.0000000000000000 0.0000000000000000 0.0000000000000000 0.0000000000000000 0.0000000000000000
0.0000000000000000 0.0000000000000000 0.0000000000000000 0.0000000000000000 0.0000000000000000 0.0000000000000000
0.0000000000000000 0.0000000000000000 0.0000000000000000 0.0000000000000000 0.0000000000000000 0.0000000000000000
0.0000000000000000 0.0000000000000000 0.0000000000000000 0.0000000000000000 0.0000000000000000 0.0000000000000000
0.0000000000000000 0.0000000000000000 0.0000000000000000 0.0000000000000000 0.0000000000000000 0.0000000000000000
0.0000000000000000 0.0000000000000000 0.0000000000000000 0.0000000000000000 0.0000000000000000 0.0000000000000000
0.0000000000000000 0.0000000000000000 0.0000000000000000 0.0000000000000000 0.0000000000000000 0.0000000000000000
0.0000000000000000 0.0000000000000000 0.0000000000000000 0.0000000000000000 0.0000000000000000 0.0000000000000000
0.0000000000000000 0.0000000000000000 0.0000000000000000 0.0000000000000000 0.0000000000000000 0.0000000000000000
0.0000000000000000 0.0000000000000000 0.0000000000000000 0.0000000000000000 0.0000000000000000 0.0000000000000000
0.0000000000000000 0.0000000000000000 0.0000000000000000 0.0000000000000000 0.0000000000000000 0.0000000000000000
0.0000000000000000 0.0000000000000000 0.0000000000000000 0.0000000000000000 0.0000000000000000 0.0000000000000000
0.0000000000000000 0.0000000000000000 0.0000000000000000 0.0000000000000000 0.0000000000000000 0.0000000000000000
0.0000000000000000 0.0000000000000000 0.0000000000000000 0.0000000000000000 0.0000000000000000 0.0000000000000000
0.0000000000000000 0.0000000000000000 0.0000000000000000 0.0000000000000000 0.0000000000000000 0.0000000000000000
0.0000000000000000 0.0000000000000000 0.0000000000000000 0.0000000000000000 0.0000000000000000 0.0000000000000000
0.0000000000000000 0.0000000000000000 0.0000000000000000 0.0000000000000000 0.0000000000000000 0.0000000000000000
0.0000000000000000 0.0000000000000000 0.0000000000000000 0.0000000000000000 0.0000000000000000 0.0000000000000000
0.0000000000000000 0.0000000000000000 0.0000000000000000 0.0000000000000000 0.0000000000000000 0.0000000000000000
1.0000000000000000 1.0000000000000000 1.0000000000000000 1.0000000000000000 0
1.0000000000000000 1.0000000000000000 1.0000000000000000 1.0000000000000000 0
1.0000000000000000 1.0000000000000000 1.0000000000000000 1.0000000000000000 0
1.0000000000000000 1.0000000000000000 1.0000000000000000 1.0000000000000000 0
1.0000000000000000 1.0000000000000000 1.0000000000000000 1.0000000000000000 0
1.0000000000000000 1.0000000000000000 1.0000000000000000 1.0000000000000000 0
1.0000000000000000 1.0000000000000000 1.0000000000000000 1.0000000000000000 0
1.0000000000000000 1.0000000000000000 1.0000000000000000 1.0000000000000000 0
1.0000000000000000 1.0000000000000000 1.0000000000000000 1.0000000000000000 0
1.0000000000000000 1.0000000000000000 1.0000000000000000 1.0000000000000000 0
1.0000000000000000 1.0000000000000000 1.0000000000000000 1.0000000000000000 0
1.0000000000000000 1.0000000000000000 1.0000000000000000 1.0000000000000000 0
1.0000000000000000 1.0000000000000000 1.0000000000000000 1.0000000000000000 0
1.0000000000000000 1.0000000000000000 1.0000000000000000 1.0000000000000000 0
1.0000000000000000 1.0000000000000000 1.0000000000000000 1.0000000000000000 0
1.0000000000000000 1.0000000000000000 1.0000000000000000 1.0000000000000000 0
1.0000000000000000 1.0000000000000000 1.0000000000000000 1.0000000000000000 0
1.0000000000000000 1.0000000000000000 1.0000000000000000 1.0000000000000000 0
1.0000000000000000 1.0000000000000000 1.0000000000000000 1.0000000000000000 0
1.0000000000000000 1.0000000000000000 1.0000000000000000 1.0000000000000000 0
1.0000000000000000 1.0000000000000000 1.0000000000000000 1.0000000000000000 0
1.0000000000000000 1.0000000000000000 1.0000000000000000 1.0000000000000000 0
1.0000000000000000 1.0000000000000000 1.0000000000000000 1.0000000000000000 0
1.0000000000000000 1.0000000000000000 1.0000000000000000 1.0000000000000000 0
1.0000000000000000 1.0000000000000000 1.0000000000000000 1.0000000000000000 0
1.0000000000000000 1.0000000000000000 1.0000000000000000 1.0000000000000000 0
1.0000000000000000 1.0000000000000000 1.0000000000000000 1.0000000000000000 0
1.0000000000000000 1.0000000000000000 1.0000000000000000 1.0000000000000000 0
1.0000000000000000 1.0000000000000000 1.0000000000000000 1.0000000000000000 0
1.0000000000000000 1.0000000000000000 1.0000000000000000 1.0000000000000000 0
1.0000000000000000 1.0000000000000000 1.0000000000000000 1.0000000000000000 0
1.0000000000000000 1.0000000000000000 1.0000000000000000 1.0000000000000000 0
1.0000000000000000 1.0000000000000000 1.0000000000000000 1.0000000000000000 0
1.0000000000000000 1.0000000000000000 1.0000000000000000 1.0000000000000000 0
1.0000000000000000 1.0000000000000000 1.0000000000000000 1.0000000000000000 0
1.0000000000000000 1.0000000000000000 1.0000000000000000 1.0000000000000000 0
1.0000000000000000 1.0000000000000000 1.0000000000000000 1.0000000000000000 0
1.0000000000000000 1.0000000000000000 1.0000000000000000 1.0000000000000000 0
1.0000000000000000 1.0000000000000000 1.0000000000000000 1.0000000000000000 0
1.0000000000000000 1.0000000000000000 1.0000000000000000 1.0000000000000000 0
1.0000000000000000 1.0000000000000000 1.0000000000000000 1.0000000000000000 0
1.0000000000000000 1.0000000000000000 1.0000000000000000 1.0000000000000000 0
1.0000000000000000 1.0000000000000000 1.0000000000000000 1.0000000000000000 0
1.0000000000000000 1.0000000000000000 1.0000000000000000 1.0000000000000000 0
1.0000000000000000 1.0000000000000000 1.0000000000000000 1.0000000000000000 0
1.0000000000000000 1.0000000000000000 1.0000000000000000 1.0000000000000000 0
1.0000000000000000 1.0000000000000000 1.0000000000000000 1.0000000000000000 0
1.0000000000000000 1.0000000000000000 1.0000000000000000 1.0000000000000000 0
1.0000000000000000 1.0000000000000000 1.0000000000000000 1.0000000000000000 0
1.0000000000000000 1.0000000000000000 1.0000000000000000 1.0000000000000000 0
1.0000000000000000 1.0000000000000000 1.0000000000000000 1.0000000000000000 0
1.0000000000000000 1.0000000000000000 1.0000000000000000 1.0000000000000000 0
1.0000000000000000 1.0000000000000000 1.0000000000000000 1.0000000000000000 0
1.0000000000000000 1.0000000000000000 1.0000000000000000 1.0000000000000000 0
1.0000000000000000 1.0000000000000000 1.0000000000000000 1.0000000000000000 0
1.0000000000000000 1.0000000000000000 1.0000000000000000 1.0000000000000000 0
1.0000000000000000 1.0000000000000000 1.0000000000000000 1.0000000000000000 0
1.0000000000000000 1.0000000000000000 1.0000000000000000 1.0000000000000000 0
1.0000000000000000 1.0000000000000000 1.0000000000000000 1.0000000000000000 0
1.0000000000000000 1.0000000000000000 1.0000000000000000 1.0000000000000000 0
1.0000000000000000 1.0000000000000000 1.0000000000000000 1.0000000000000000 0
1.0000000000000000 1.0000000000000000 1.0000000000000000 1.0000000000000000 0
1.0000000000000000 1.0000000000000000 1.0000000000000000 1.0000000000000000 0
1.0000000000000000 1.0000000000000000 1.0000000000000000 1.0000000000000000 0
0.0000000000000000 0.0000000000000000 0.0000000000000000 0.0000000000000000 0.0000000000000000 0.0000000000000000
0.0000000000000000 0.0000000000000000 0.0000000000000000 0.0000000000000000 0.0000000000000000 0.0000000000000000
0.0000000000000000 0.0000000000000000 0.0000000000000000 0.0000000000000000 0.0000000000000000 0.0000000000000000
0.0000000000000000 0.0000000000000000 0.0000000000000000 0.0000000000000000 0.0000000000000000 0.0000000000000000
0.0000000000000000 0.0000000000000000 0.0000000000000000 0.0000000000000000 0.0000000000000000 0.0000000000000000
0.0000000000000000 0.0000000000000000 0.0000000000000000 0.0000000000000000 0.0000000000000000 0.0000000000000000
0.0000000000000000 0.0000000000000000 0.0000000000000000 0.0000000000000000 0.0000000000000000 0.0000000000000000
0.0000000000000000 0.0000000000000000 0.0000000000000000 0.0000000000000000 0.0000000000000000 0.0000000000000000
0.0000000000000000 0.0000000000000000 0.0000000000000000 0.0000000000000000 0.0000000000000000 0.0000000000000000
0.0000000000000000 0.0000000000000000 0.0000000000000000 0.0000000000000000 0.0000000000000000 0.0000000000000000
0.0000000000000000 0.0000000000000000 0.0000000000000000 0.0000000000000000 0.0000000000000000 0.0000000000000000
0.0000000000000000 0.0000000000000000 0.0000000000000000 0.0000000000000000 0.0000000000000000 0.0000000000000000
0.0000000000000000 0.0000000000000000 0.0000000000000000 0.0000000000000000 0.0000000000000000 0.0000000000000000
0.0000000000000000 0.0000000000000000 0.0000000000000000 0.0000000000000000 0.0000000000000000 0.0000000000000000
0.0000000000000000 0.0000000000000000 0.0000000000000000 0.0000000000000000 0.0000000000000000 0.0000000000000000
0.0000000000000000 0.0000000000000000 0.0000000000000000 0.0000000000000000 0.0000000000000000 0.0000000000000000
0.0000000000000000 0.0000000000000000 0.0000000000000000 0.0000000000000000 0.0000000000000000 0.0000000000000000
0.0000000000000000 0.0000000000000000 0.0000000000000000 0.0000000000000000 0.0000000000000000 0.0000000000000000
0.0000000000000000 0.0000000000000000 0.0000000000000000 0.0000000000000000 0.0000000000000000 0.0000000000000000
0.0000000000000000 0.0000000000000000 0.0000000000000000 0.0000000000000000 0.0000000000000000 0.0000000000000000
0.0000000000000000 0.0000000000000000 0.0000000000000000 0.0000000000000000 0.0000000000000000 0.0000000000000000
0.0000000000000000 0.0000000000000000 0.0000000000000000 0.0000000000000000 0.0000000000000000 0.0000000000000000
0.0000000000000000 0.0000000000000000 0.0000000000000000 0.0000000000000000 0.0000000000000000 0.0000000000000000
0.0000000000000000 0.0000000000000000 0.0000000000000000 0.0000000000000000 0.0000000000000000 0.0000000000000000
0.0000000000000000 0.0000000000000000 0.0000000000000000 0.0000000000000000 0.0000000000000000 0.0000000000000000
0.0000000000000000 0.0000000000000000 0.0000000000000000 0.0000000000000000 0.0000000000000000 0.0000000000000000
0.0000000000000000 0.0000000000000000 0.0000000000000000 0.0000000000000000 0.0000000000000000 0.0000000000000000
0.0000000000000000 0.0000000000000000 0.0000000000000000 0.0000000000000000 0.0000000000000000 0.0000000000000000
0.0000000000000000 0.0000000000000000 0.0000000000000000 0.0000000000000000 0.0000000000000000 0.0000000000000000
0.0000000000000000 0.0000000000000000 0.0000000000000000 0.0000000000000000 0.0000000000000000 0.0000000000000000
0.0000000000000000 0.0000000000000000 0.0000000000000000 0.0000000000000000 0.0000000000000000 0.0000000000000000
0.0000000000000000 0.0000000000000000 0.0000000000000000 0.0000000000000000 0.0000000000000000 0.0000000000000000
0.0000000000000000 0.0000000000000000 0.0000000000000000 0.0000000000000000 0.0000000000000000 0.0000000000000000
0.0000000000000000 0.0000000000000000 0.0000000000000000 0.0000000000000000 0.0000000000000000 0.0000000000000000
0.0000000000000000 0.0000000000000000 0.0000000000000000 0.0000000000000000 0.0000000000000000 0.0000000000000000
0.0000000000000000 0.0000000000000000 0.0000000000000000 0.0000000000000000 0.0000000000000000 0.0000000000000000
0.0000000000000000 0.0000000000000000 0.0000000000000000 0.0000000000000000 0.0000000000000000 0.0000000000000000
0.0000000000000000 0.0000000000000000 0.0000000000000000 0.0000000000000000 0.0000000000000000 0.0000000000000000
0.0000000000000000 0.0000000000000000 0.0000000000000000 0.0000000000000000 0.0000000000000000 0.0000000000000000
0.0000000000000000 0.0000000000000000 0.0000000000000000 0.0000000000000000 0.0000000000000000 0.0000000000000000
0.0000000000000000 0.0000000000000000 0.0000000000000000 0.0000000000000000 0.0000000000000000 0.0000000000000000
0.0000000000000000 0.0000000000000000 0.0000000000000000 0.0000000000000000 0.0000000000000000 0.0000000000000000
0.0000000000000000 0.0000000000000000 0.0000000000000000 0.0000000000000000 0.0000000000000000 0.0000000000000000
0.0000000000000000 0.0000000000000000 0.0000000000000000 0.0000000000000000 0.0000000000000000 0.0000000000000000
0.0000000000000000 0.0000000000000000 0.0000000000000000 0.0000000000000000 0.0000000000000000 0.0000000000000000
0.0000000000000000 0.0000000000000000 0.0000000000000000 0.0000000000000000 0.0000000000000000 0.0000000000000000
0.0000000000000000 0.0000000000000000 0.0000000000000000 0.0000000000000000 0.0000000000000000 0.0000000000000000
0.0000000000000000 0.0000000000000000 0.0000000000000000 0.0000000000000000 0.0000000000000000 0.0000000000000000
0.0000000000000000 0.0000000000000000 0.0000000000000000 0.0000000000000000 0.0000000000000000 0.0000000000000000
0.0000000000000000 0.0000000000000000 0.0000000000000000 0.0000000000000000 0.0000000000000000 0.0000000000000000
0.0000000000000000 0.0000000000000000 0.0000000000000000 0.0000000000000000 0.0000000000000000 0.0000000000000000
0.0000000000000000 0.0000000000000000 0.0000000000000000 0.0000000000000000 0.0000000000000000 0.0000000000000000
0.0000000000000000 0.0000000000000000 0.0000000000000000 0.0000000000000000 0.0000000000000000 0.0000000000000000
0.0000000000000000 0.0000000000000000 0.0000000000000000 0.0000000000000000 0.0000000000000000 0.0000000000000000
0.0000000000000000 0.0000000000000000 0.0000000000000000 0.0000000000000000 0.0000000000000000 0.0000000000000000
0.0000000000000000 0.0000000000000000 0.0000000000000000 0.0000000000000000 0.0000000000000000 0.0000000000000000
0.0000000000000000 0.0000000000000000 0.0000000000000000 0.0000000000000000 0.0000000000000000 0.0000000000000000
0.0000000000000000 0.0000000000000000 0.0000000000000000 0.0000000000000000 0.0000000000000000 0.0000000000000000
0.0000000000000000 0.0000000000000000 0.0000000000000000 0.0000000000000000 0.0000000000000000 0.0000000000000000
0.0000000000000000 0.0000000000000000 0.0000000000000000 0.0000000000000000 0.0000000000000000 0.0000000000000000
0.0000000000000000 0.0000000000000000 0.0000000000000000 0.0000000000000000 0.0000000000000000 0.0000000000000000
0.0000000000000000 0.0000000000000000 0.0000000000000000 0.0000000000000000 0.0000000000000000 0.0000000000000000
0.0000000000000000 0.0000000000000000 0.0000000000000000 0.0000000000000000 0.0000000000000000 0.0000000000000000
0.0000000000000000 0.0000000000000000 0.0000000000000000 0.0000000000000000 0.0000000000000000 0.0000000000000000
0.0000000000000000 0.0000000000000000 0.0000000000000000 0.0000000000000000 0.0000000000000000 0.0000000000000000
0.0000000000000000 0.0000000000000000 0.0000000000000000 0.0000000000000000 0.0000000000000000 0.0000000000000000
0.0000000000000000 0.0000000000000000 0.0000000000000000 0.0000000000000000 0.0000000000000000 0.0000000000000000
0.0000000000000000 0.0000000000000000 0.0000000000000000 0.0000000000000000 0.0000000000000000 0.0000000000000000
0.0000000000000000 0.0000000000000000 0.0000000000000000 0.0000000000000000 0.0000000000000000 0.0000000000000000
0.0000000000000000 0.0000000000000000 0.0000000000000000 0.0000000000000000 0.0000000000000000 0.0000000000000000
0.0000000000000000 0.0000000000000000 0.0000000000000000 0.0000000000000000 0.0000000000000000 0.0000000000000000
0.0000000000000000 0.0000000000000000 0.0000000000000000 0.0000000000000000 0.0000000000000000 0.0000000000000000
0.0000000000000000 0.0000000000000000 0.0000000000000000 0.0000000000000000 0.0000000000000000 0.0000000000000000
0.0000000000000000 0.0000000000000000 0.0000000000000000 0.0000000000000000 0.0000000000000000 0.0000000000000000
0.0000000000000000 0.0000000000000000 0.0000000000000000 0.0000000000000000 0.0000000000000000 0.0000000000000000
0.0000000000000000 0.0000000000000000 0.0000000000000000 0.0000000000000000 0.0000000000000000 0.0000000000000000
0.0000000000000000 0.0000000000000000 0.0000000000000000 0.0000000000000000 0.0000000000000000 0.0000000000000000
0.0000000000000000 0.0000000000000000 0.0000000000000000 0.0000000000000000 0.0000000000000000 0.0000000000000000
0.0000000000000000 0.0000000000000000 0.0000000000000000 0.0000000000000000 0.0000000000000000 0.0000000000000000
0.0000000000000000 0.0000000000000000 0.0000000000000000 0.0000000000000000 0.0000000000000000 0.0000000000000000
0.0000000000000000 0.0000000000000000 0.0000000000000000 0.0000000000000000 0.0000000000000000 0.0000000000000000
0.0000000000000000 0.0000000000000000 0.0000000000000000 0.0000000000000000 0.0000000000000000 0.0000000000000000
0.0000000000000000 0.0000000000000000 0.0000000000000000 0.0000000000000000 0.0000000000000000 0.0000000000000000
0.0000000000000000 0.0000000000000000 0.0000000000000000 0.0000000000000000 0.0000000000000000 0.0000000000000000
0.0000000000000000 0.0000000000000000 0.0000000000000000 0.0000000000000000 0.0000000000000000 0.0000000000000000
0.0000000000000000 0.0000000000000000 0.0000000000000000 0.0000000000000000 0.0000000000000000 0.0000000000000000
0.0000000000000000 0.0000000000000000 0.0000000000000000 0.0000000000000000 0.0000000000000000 0.0000000000000000
0.0000000000000000 0.0000000000000000 0.0000000000000000 0.0000000000000000 0.0000000000000000 0.0000000000000000
0.0000000000000000 0.0000000000000000 0.0000000000000000 0.0000000000000000 0.0000000000000000 0.0000000000000000
0.0000000000000000 0.0000000000000000 0.0000000000000000 0.0000000000000000 0.0000000000000000 0.0000000000000000
0.0000000000000000 0.0000000000000000 0.0000000000000000 0.0000000000000000 0.0000000000000000 0.0000000000000000
0.0000000000000000 0.0000000000000000 0.0000000000000000 0.0000000000000000 0.0000000000000000 0.0000000000000000
0.0000000000000000 0.0000000000000000 0.0000000000000000 0.0000000000000000 0.0000000000000000 0.0000000000000000
0.0000000000000000 0.0000000000000000 0.0000000000000000 0.0000000000000000 0.0000000000000000 0.0000000000000000
0.0000000000000000 0.0000000000000000 0.0000000000000000 0.0000000000000000 0.0000000000000000 0.0000000000000000
0.0000000000000000 0.0000000000000000 0.0000000000000000 0.0000000000000000 0.0000000000000000 0.0000000000000000
0.0000000000000000 0.0000000000000000 0.0000000000000000 0.0000000000000000 0.0000000000000000 0.0000000000000000
0.0000000000000000 0.0000000000000000 0.0000000000000000 0.0000000000000000 0.0000000000000000 0.0000000000000000
0.0000000000000000 0.0000000000000000 0.0000000000000000 0.0000000000000000 0.0000000000000000 0.0000000000000000
0.0000000000000000 0.0000000000000000 0.0000000000000000 0.0000000000000000 0.0000000000000000 0.0000000000000000
0.0000000000000000 0.0000000000000000 0.0000000000000000 0.0000000000000000 0.0000000000000000 0.0000000000000000
0.0000000000000000 0.0000000000000000 0.0000000000000000 0.0000000000000000 0.0000000000000000 0.0000000000000000
0.0000000000000000 0.0000000000000000 0.0000000000000000 0.0000000000000000 0.0000000000000000 0.0000000000000000
0.0000000000000000 0.0000000000000000 0.0000000000000000 0.0000000000000000 0.0000000000000000 0.0000000000000000
0.0000000000000000 0.0000000000000000 0.0000000000000000 0.0000000000000000 0.0000000000000000 0.0000000000000000
0.0000000000000000 0.0000000000000000 0.0000000000000000 0.0000000000000000 0.0000000000000000 0.0000000000000000
0.0000000000000000 0.0000000000000000 0.0000000000000000 0.0000000000000000 0.0000000000000000 0.0000000000000000
0.0000000000000000 0.0000000000000000 0.0000000000000000 0.0000000000000000 0.0000000000000000 0.0000000000000000
0.0000000000000000 0.0000000000000000 0.0000000000000000 0.0000000000000000 0.0000000000000000 0.0000000000000000
0.0000000000000000 0.0000000000000000 0.0000000000000000 0.0000000000000000 0.0000000000000000 0.0000000000000000
0.0000000000000000 0.0000000000000000 0.0000000000000000 0.0000000000000000 0.0000000000000000 0.0000000000000000
0.0000000000000000 0.0000000000000000 0.0000000000000000 0.0000000000000000 0.0000000000000000 0.0000000000000000
0.0000000000000000 0.0000000000000000 0.0000000000000000 0.0000000000000000 0.0000000000000000 0.0000000000000000
0.0000000000000000 0.0000000000000000 0.0000000000000000 0.0000000000000000 0.0000000000000000 0.0000000000000000
0.0000000000000000 0.0000000000000000 0.0000000000000000 0.0000000000000000 0.0000000000000000 0.0000000000000000
0.0000000000000000 0.0000000000000000 0.0000000000000000 0.0000000000000000 0.0000000000000000 0.0000000000000000
0.0000000000000000 0.0000000000000000 0.0000000000000000 0.0000000000000000 0.0000000000000000 0.0000000000000000
0.0000000000000000 0.0000000000000000 0.0000000000000000 0.0000000000000000 0.0000000000000000 0.0000000000000000
0.0000000000000000 0.0000000000000000 0.0000000000000000 0.0000000000000000 0.0000000000000000 0.0000000000000000
0.0000000000000000 0.0000000000000000 0.0000000000000000 0.0000000000000000 0.0000000000000000 0.0000000000000000
0.0000000000000000 0.0000000000000000 0.0000000000000000 0.0000000000000000 0.0000000000000000 0.0000000000000000
0.0000000000000000 0.0000000000000000 0.0000000000000000 0.0000000000000000 0.0000000000000000 0.0000000000000000
0.0000000000000000 0.0000000000000000 0.0000000000000000 0.0000000000000000 0.0000000000000000 0.0000000000000000
0.0000000000000000 0.0000000000000000 0.0000000000000000 0.0000000000000000 0.0000000000000000 0.0000000000000000
0.0000000000000000 0.0000000000000000 0.0000000000000000 0.0000000000000000 0.0000000000000000 0.0000000000000000
0.0000000000000000 0.0000000000000000 0.0000000000000000 0.0000000000000000 0.0000000000000000 0.0000000000000000
0.0000000000000000 0.0000000000000000 0.0000000000000000 0.0000000000000000 0.0000000000000000 0.0000000000000000
0.0000000000000000 0.0000000000000000 0.0000000000000000 0.0000000000000000 0.0000000000000000 0.0000000000000000
1.0000000000000000 1.0000000000000000 1.0000000000000000 1.0000000000000000 0
1.0000000000000000 1.0000000000000000 1.0000000000000000 1.0000000000000000 0
1.0000000000000000 1.0000000000000000 1.0000000000000000 1.0000000000000000 0
1.0000000000000000 1.0000000000000000 1.0000000000000000 1.0000000000000000 0
1.0000000000000000 1.0000000000000000 1.0000000000000000 1.0000000000000000 0
1.0000000000000000 1.0000000000000000 1.0000000000000000 1.0000000000000000 0
1.0000000000000000 1.0000000000000000 1.0000000000000000 1.0000000000000000 0
1.0000000000000000 1.0000000000000000 1.0000000000000000 1.0000000000000000 0
1.0000000000000000 1.0000000000000000 1.0000000000000000 1.0000000000000000 0
1.0000000000000000 1.0000000000000000 1.0000000000000000 1.0000000000000000 0
1.0000000000000000 1.0000000000000000 1.0000000000000000 1.0000000000000000 0
1.0000000000000000 1.0000000000000000 1.0000000000000000 1.0000000000000000 0
1.0000000000000000 1.0000000000000000 1.0000000000000000 1.0000000000000000 0
1.0000000000000000 1.0000000000000000 1.0000000000000000 1.0000000000000000 0
1.0000000000000000 1.0000000000000000 1.0000000000000000 1.0000000000000000 0
1.0000000000000000 1.0000000000000000 1.0000000000000000 1.0000000000000000 0
1.0000000000000000 1.0000000000000000 1.0000000000000000 1.0000000000000000 0
1.0000000000000000 1.0000000000000000 1.0000000000000000 1.0000000000000000 0
1.0000000000000000 1.0000000000000000 1.0000000000000000 1.0000000000000000 0
1.0000000000000000 1.0000000000000000 1.0000000000000000 1.0000000000000000 0
1.0000000000000000 1.0000000000000000 1.0000000000000000 1.0000000000000000 0
1.0000000000000000 1.0000000000000000 1.0000000000000000 1.0000000000000000 0
1.0000000000000000 1.0000000000000000 1.0000000000000000 1.0000000000000000 0
1.0000000000000000 1.0000000000000000 1.0000000000000000 1.0000000000000000 0
1.0000000000000000 1.0000000000000000 1.0000000000000000 1.0000000000000000 0
1.0000000000000000 1.0000000000000000 1.0000000000000000 1.0000000000000000 0
1.0000000000000000 1.0000000000000000 1.0000000000000000 1.0000000000000000 0
1.0000000000000000 1.0000000000000000 1.0000000000000000 1.0000000000000000 0
1.0000000000000000 1.0000000000000000 1.0000000000000000 1.0000000000000000 0
1.0000000000000000 1.0000000000000000 1.0000000000000000 1.0000000000000000 0
1.0000000000000000 1.0000000000000000 1.0000000000000000 1.0000000000000000 0
1.0000000000000000 1.0000000000000000 1.0000000000000000 1.0000000000000000 0
1.0000000000000000 1.0000000000000000 1.0000000000000000 1.0000000000000000 0
1.0000000000000000 1.0000000000000000 1.0000000000000000 1.0000000000000000 0
1.0000000000000000 1.0000000000000000 1.0000000000000000 1.0000000000000000 0
1.0000000000000000 1.0000000000000000 1.0000000000000000 1.0000000000000000 0
1.0000000000000000 1.0000000000000000 1.0000000000000000 1.0000000000000000 0
1.0000000000000000 1.0000000000000000 1.0000000000000000 1.0000000000000000 0
1.0000000000000000 1.0000000000000000 1.0000000000000000 1.0000000000000000 0
1.0000000000000000 1.0000000000000000 1.0000000000000000 1.0000000000000000 0
1.0000000000000000 1.0000000000000000 1.0000000000000000 1.0000000000000000 0
1.0000000000000000 1.0000000000000000 1.0000000000000000 1.0000000000000000 0
1.0000000000000000 1.0000000000000000 1.0000000000000000 1.0000000000000000 0
1.0000000000000000 1.0000000000000000 1.0000000000000000 1.0000000000000000 0
1.0000000000000000 1.0000000000000000 1.0000000000000000 1.0000000000000000 0
1.0000000000000000 1.0000000000000000 1.0000000000000000 1.0000000000000000 0
1.0000000000000000 1.0000000000000000 1.0000000000000000 1.0000000000000000 0
1.0000000000000000 1.0000000000000000 1.0000000000000000 1.0000000000000000 0
1.0000000000000000 1.0000000000000000 1.0000000000000000 1.0000000000000000 0
1.0000000000000000 1.0000000000000000 1.0000000000000000 1.0000000000000000 0
1.0000000000000000 1.0000000000000000 1.0000000000000000 1.0000000000000000 0
1.0000000000000000 1.0000000000000000 1.0000000000000000 1.0000000000000000 0
1.0000000000000000 1.0000000000000000 1.0000000000000000 1.0000000000000000 0
1.0000000000000000 1.0000000000000000 1.0000000000000000 1.0000000000000000 0
1.0000000000000000 1.0000000000000000 1.0000000000000000 1.0000000000000000 0
1.0000000000000000 1.0000000000000000 1.0000000000000000 1.0000000000000000 0
1.0000000000000000 1.0000000000000000 1.0000000000000000 1.0000000000000000 0
1.0000000000000000 1.0000000000000000 1.0000000000000000 1.0000000000000000 0
1.0000000000000000 1.0000000000000000 1.0000000000000000 1.0000000000000000 0
1.0000000000000000 1.0000000000000000 1.0000000000000000 1.0000000000000000 0
1.0000000000000000 1.0000000000000000 1.0000000000000000 1.0000000000000000 0
1.0000000000000000 1.0000000000000000 1.0000000000000000 1.0000000000000000 0
1.0000000000000000 1.0000000000000000 1.0000000000000000 1.0000000000000000 0
1.0000000000000000 1.0000000000000000 1.0000000000000000 1.0000000000000000 0
0.0000000000000000 0.0000000000000000 0.0000000000000000 0.0000000000000000 0.0000000000000000 0.0000000000000000
0.0000000000000000 0.0000000000000000 0.0000000000000000 0.0000000000000000 0.0000000000000000 0.0000000000000000
0.0000000000000000 0.0000000000000000 0.0000000000000000 0.0000000000000000 0.0000000000000000 0.0000000000000000
0.0000000000000000 0.0000000000000000 0.0000000000000000 0.0000000000000000 0.0000000000000000 0.0000000000000000
0.0000000000000000 0.0000000000000000 0.0000000000000000 0.0000000000000000 0.0000000000000000 0.0000000000000000
0.0000000000000000 0.0000000000000000 0.0000000000000000 0.0000000000000000 0.0000000000000000 0.0000000000000000
0.0000000000000000 0.0000000000000000 0.0000000000000000 0.0000000000000000 0.0000000000000000 0.0000000000000000
0.0000000000000000 0.0000000000000000 0.0000000000000000 0.0000000000000000 0.0000000000000000 0.0000000000000000
0.0000000000000000 0.0000000000000000 0.0000000000000000 0.0000000000000000 0.0000000000000000 0.0000000000000000
0.0000000000000000 0.0000000000000000 0.0000000000000000 0.0000000000000000 0.0000000000000000 0.0000000000000000
0.0000000000000000 0.0000000000000000 0.0000000000000000 0.0000000000000000 0.0000000000000000 0.0000000000000000
0.0000000000000000 0.0000000000000000 0.0000000000000000 0.0000000000000000 0.0000000000000000 0.0000000000000000
0.0000000000000000 0.0000000000000000 0.0000000000000000 0.0000000000000000 0.0000000000000000 0.0000000000000000
0.0000000000000000 0.0000000000000000 0.0000000000000000 0.0000000000000000 0.0000000000000000 0.0000000000000000
0.0000000000000000 0.0000000000000000 0.0000000000000000 0.0000000000000000 0.0000000000000000 0.0000000000000000
0.0000000000000000 0.0000000000000000 0.0000000000000000 0.0000000000000000 0.0000000000000000 0.0000000000000000
0.0000000000000000 0.0000000000000000 0.0000000000000000 0.0000000000000000 0.0000000000000000 0.0000000000000000
0.0000000000000000 0.0000000000000000 0.0000000000000000 0.0000000000000000 0.0000000000000000 0.0000000000000000
0.0000000000000000 0.0000000000000000 0.0000000000000000 0.0000000000000000 0.0000000000000000 0.0000000000000000
0.0000000000000000 0.0000000000000000 0.0000000000000000 0.0000000000000000 0.0000000000000000 0.0000000000000000
0.0000000000000000 0.0000000000000000 0.0000000000000000 0.0000000000000000 0.0000000000000000 0.0000000000000000
0.0000000000000000 0.0000000000000000 0.0000000000000000 0.0000000000000000 0.0000000000000000 0.0000000000000000
0.0000000000000000 0.0000000000000000 0.0000000000000000 0.0000000000000000 0.0000000000000000 0.0000000000000000
0.0000000000000000 0.0000000000000000 0.0000000000000000 0.0000000000000000 0.0000000000000000 0.0000000000000000
0.0000000000000000 0.0000000000000000 0.0000000000000000 0.0000000000000000 0.0000000000000000 0.0000000000000000
0.0000000000000000 0.0000000000000000 0.0000000000000000 0.0000000000000000 0.0000000000000000 0.0000000000000000
0.0000000000000000 0.0000000000000000 0.0000000000000000 0.0000000000000000 0.0000000000000000 0.0000000000000000
0.0000000000000000 0.0000000000000000 0.0000000000000000 0.0000000000000000 0.0000000000000000 0.0000000000000000
0.0000000000000000 0.0000000000000000 0.0000000000000000 0.0000000000000000 0.0000000000000000 0.0000000000000000
0.0000000000000000 0.0000000000000000 0.0000000000000000 0.0000000000000000 0.0000000000000000 0.0000000000000000
0.0000000000000000 0.0000000000000000 0.0000000000000000 0.0000000000000000 0.0000000000000000 0.0000000000000000
0.0000000000000000 0.0000000000000000 0.0000000000000000 0.0000000000000000 0.0000000000000000 0.0000000000000000
0.0000000000000000 0.0000000000000000 0.0000000000000000 0.0000000000000000 0.0000000000000000 0.0000000000000000
0.0000000000000000 0.0000000000000000 0.0000000000000000 0.0000000000000000 0.0000000000000000 0.0000000000000000
0.0000000000000000 0.0000000000000000 0.0000000000000000 0.0000000000000000 0.0000000000000000 0.0000000000000000
0.0000000000000000 0.0000000000000000 0.0000000000000000 0.0000000000000000 0.0000000000000000 0.0000000000000000
0.0000000000000000 0.0000000000000000 0.0000000000000000 0.0000000000000000 0.0000000000000000 0.0000000000000000
0.0000000000000000 0.0000000000000000 0.0000000000000000 0.0000000000000000 0.0000000000000000 0.0000000000000000
0.0000000000000000 0.0000000000000000 0.0000000000000000 0.0000000000000000 0.0000000000000000 0.0000000000000000
0.0000000000000000 0.0000000000000000 0.0000000000000000 0.0000000000000000 0.0000000000000000 0.0000000000000000
0.0000000000000000 0.0000000000000000 0.0000000000000000 0.0000000000000000 0.0000000000000000 0.0000000000000000
0.0000000000000000 0.0000000000000000 0.0000000000000000 0.0000000000000000 0.0000000000000000 0.0000000000000000
0.0000000000000000 0.0000000000000000 0.0000000000000000 0.0000000000000000 0.0000000000000000 0.0000000000000000
0.0000000000000000 0.0000000000000000 0.0000000000000000 0.0000000000000000 0.0000000000000000 0.0000000000000000
0.0000000000000000 0.0000000000000000 0.0000000000000000 0.0000000000000000 0.0000000000000000 0.0000000000000000
0.0000000000000000 0.0000000000000000 0.0000000000000000 0.0000000000000000 0.0000000000000000 0.0000000000000000
0.0000000000000000 0.0000000000000000 0.0000000000000000 0.0000000000000000 0.0000000000000000 0.0000000000000000
0.0000000000000000 0.0000000000000000 0.0000000000000000 0.0000000000000000 0.0000000000000000 0.0000000000000000
0.0000000000000000 0.0000000000000000 0.0000000000000000 0.0000000000000000 0.0000000000000000 0.0000000000000000
0.0000000000000000 0.0000000000000000 0.0000000000000000 0.0000000000000000 0.0000000000000000 0.0000000000000000
0.0000000000000000 0.0000000000000000 0.0000000000000000 0.0000000000000000 0.0000000000000000 0.0000000000000000
0.0000000000000000 0.0000000000000000 0.0000000000000000 0.0000000000000000 0.0000000000000000 0.0000000000000000
0.0000000000000000 0.0000000000000000 0.0000000000000000 0.0000000000000000 0.0000000000000000 0.0000000000000000
0.0000000000000000 0.0000000000000000 0.0000000000000000 0.0000000000000000 0.0000000000000000 0.0000000000000000
0.0000000000000000 0.0000000000000000 0.0000000000000000 0.0000000000000000 0.0000000000000000 0.0000000000000000
0.0000000000000000 0.0000000000000000 0.0000000000000000 0.0000000000000000 0.0000000000000000 0.0000000000000000
0.0000000000000000 0.0000000000000000 0.0000000000000000 0.0000000000000000 0.0000000000000000 0.0000000000000000
0.0000000000000000 0.0000000000000000 0.0000000000000000 0.0000000000000000 0.0000000000000000 0.0000000000000000
0.0000000000000000 0.0000000000000000 0.0000000000000000 0.0000000000000000 0.0000000000000000 0.0000000000000000
0.0000000000000000 0.0000000000000000 0.0000000000000000 0.0000000000000000 0.0000000000000000 0.0000000000000000
0.0000000000000000 0.0000000000000000 0.0000000000000000 0.0000000000000000 0.0000000000000000 0.0000000000000000
0.0000000000000000 0.0000000000000000 0.0000000000000000 0.0000000000000000 0.0000000000000000 0.0000000000000000
0.0000000000000000 0.0000000000000000 0.0000000000000000 0.0000000000000000 0.0000000000000000 0.0000000000000000
0.0000000000000000 0.0000000000000000 0.0000000000000000 0.0000000000000000 0.0000000000000000 0.0000000000000000
0.0000000000000000 0.0000000000000000 0.0000000000000000 0.0000000000000000 0.0000000000000000 0.0000000000000000
0.0000000000000000 0.0000000000000000 0.0000000000000000 0.0000000000000000 0.0000000000000000 0.0000000000000000
0.0000000000000000 0.0000000000000000 0.0000000000000000 0.0000000000000000 0.0000000000000000 0.0000000000000000
0.0000000000000000 0.0000000000000000 0.0000000000000000 0.0000000000000000 0.0000000000000000 0.0000000000000000
0.0000000000000000 0.0000000000000000 0.0000000000000000 0.0000000000000000 0.0000000000000000 0.0000000000000000
0.0000000000000000 0.0000000000000000 0.0000000000000000 0.0000000000000000 0.0000000000000000 0.0000000000000000
0.0000000000000000 0.0000000000000000 0.0000000000000000 0.0000000000000000 0.0000000000000000 0.0000000000000000
0.0000000000000000 0.0000000000000000 0.0000000000000000 0.0000000000000000 0.0000000000000000 0.0000000000000000
0.0000000000000000 0.0000000000000000 0.0000000000000000 0.0000000000000000 0.0000000000000000 0.0000000000000000
0.0000000000000000 0.0000000000000000 0.0000000000000000 0.0000000000000000 0.0000000000000000 0.0000000000000000
0.0000000000000000 0.0000000000000000 0.0000000000000000 0.0000000000000000 0.0000000000000000 0.0000000000000000
0.0000000000000000 0.0000000000000000 0.0000000000000000 0.0000000000000000 0.0000000000000000 0.0000000000000000
0.0000000000000000 0.0000000000000000 0.0000000000000000 0.0000000000000000 0.0000000000000000 0.0000000000000000
0.0000000000000000 0.0000000000000000 0.0000000000000000 0.0000000000000000 0.0000000000000000 0.0000000000000000
0.0000000000000000 0.0000000000000000 0.0000000000000000 0.0000000000000000 0.0000000000000000 0.0000000000000000
0.0000000000000000 0.0000000000000000 0.0000000000000000 0.0000000000000000 0.0000000000000000 0.0000000000000000
0.0000000000000000 0.0000000000000000 0.0000000000000000 0.0000000000000000 0.0000000000000000 0.0000000000000000
0.0000000000000000 0.0000000000000000 0.0000000000000000 0.0000000000000000 0.0000000000000000 0.0000000000000000
0.0000000000000000 0.0000000000000000 0.0000000000000000 0.0000000000000000 0.0000000000000000 0.0000000000000000
0.0000000000000000 0.0000000000000000 0.0000000000000000 0.0000000000000000 0.0000000000000000 0.0000000000000000
0.0000000000000000 0.0000000000000000 0.0000000000000000 0.0000000000000000 0.0000000000000000 0.0000000000000000
0.0000000000000000 0.0000000000000000 0.0000000000000000 0.0000000000000000 0.0000000000000000 0.0000000000000000
0.0000000000000000 0.0000000000000000 0.0000000000000000 0.0000000000000000 0.0000000000000000 0.0000000000000000
0.0000000000000000 0.0000000000000000 0.0000000000000000 0.0000000000000000 0.0000000000000000 0.0000000000000000
0.0000000000000000 0.0000000000000000 0.0000000000000000 0.0000000000000000 0.0000000000000000 0.0000000000000000
0.0000000000000000 0.0000000000000000 0.0000000000000000 0.0000000000000000 0.0000000000000000 0.0000000000000000
0.0000000000000000 0.0000000000000000 0.0000000000000000 0.0000000000000000 0.0000000000000000 0.0000000000000000
0.0000000000000000 0.0000000000000000 0.0000000000000000 0.0000000000000000 0.0000000000000000 0.0000000000000000
0.0000000000000000 0.0000000000000000 0.0000000000000000 0.0000000000000000 0.0000000000000000 0.0000000000000000
0.0000000000000000 0.0000000000000000 0.0000000000000000 0.0000000000000000 0.0000000000000000 0.0000000000000000
0.0000000000000000 0.0000000000000000 0.0000000000000000 0.0000000000000000 0.0000000000000000 0.0000000000000000
0.0000000000000000 0.0000000000000000 0.0000000000000000 0.0000000000000000 0.0000000000000000 0.0000000000000000
0.0000000000000000 0.0000000000000000 0.0000000000000000 0.0000000000000000 0.0000000000000000 0.0000000000000000
0.0000000000000000 0.0000000000000000 0.0000000000000000 0.0000000000000000 0.0000000000000000 0.0000000000000000
0.0000000000000000 0.0000000000000000 0.0000000000000000 0.0000000000000000 0.0000000000000000 0.0000000000000000
0.0000000000000000 0.0000000000000000 0.0000000000000000 0.0000000000000000 0.0000000000000000 0.0000000000000000
0.0000000000000000 0.0000000000000000 0.0000000000000000 0.0000000000000000 0.0000000000000000 0.0000000000000000
0.0000000000000000 0.0000000000000000 0.0000000000000000 0.0000000000000000 0.0000000000000000 0.0000000000000000
0.0000000000000000 0.0000000000000000 0.0000000000000000 0.0000000000000000 0.0000000000000000 0.0000000000000000
0.0000000000000000 0.0000000000000000 0.0000000000000000 0.0000000000000000 0.0000000000000000 0.0000000000000000
0.0000000000000000 0.0000000000000000 0.0000000000000000 0.0000000000000000 0.0000000000000000 0.0000000000000000
0.0000000000000000 0.0000000000000000 0.0000000000000000 0.0000000000000000 0.0000000000000000 0.0000000000000000
0.0000000000000000 0.0000000000000000 0.0000000000000000 0.0000000000000000 0.0000000000000000 0.0000000000000000
0.0000000000000000 0.0000000000000000 0.0000000000000000 0.0000000000000000 0.0000000000000000 0.0000000000000000
0.0000000000000000 0.0000000000000000 0.0000000000000000 0.0000000000000000 0.0000000000000000 0.0000000000000000
0.0000000000000000 0.0000000000000000 0.0000000000000000 0.0000000000000000 0.0000000000000000 0.0000000000000000
0.0000000000000000 0.0000000000000000 0.0000000000000000 0.0000000000000000 0.0000000000000000 0.0000000000000000
0.0000000000000000 0.0000000000000000 0.0000000000000000 0.0000000000000000 0.0000000000000000 0.0000000000000000
0.0000000000000000 0.0000000000000000 0.0000000000000000 0.0000000000000000 0.0000000000000000 0.0000000000000000
0.0000000000000000 0.0000000000000000 0.0000000000000000 0.0000000000000000 0.0000000000000000 0.0000000000000000
0.0000000000000000 0.0000000000000000 0.0000000000000000 0.0000000000000000 0.0000000000000000 0.0000000000000000
0.0000000000000000 0.0000000000000000 0.0000000000000000 0.0000000000000000 0.0000000000000000 0.0000000000000000
0.0000000000000000 0.0000000000000000 0.0000000000000000 0.0000000000000000 0.0000000000000000 0.0000000000000000
0.0000000000000000 0.0000000000000000 0.0000000000000000 0.0000000000000000 0.0000000000000000 0.0000000000000000
0.0000000000000000 0.0000000000000000 0.0000000000000000 0.0000000000000000 0.0000000000000000 0.0000000000000000
0.0000000000000000 0.0000000000000000 0.0000000000000000 0.0000000000000000 0.0000000000000000 0.0000000000000000
0.0000000000000000 0.0000000000000000 0.0000000000000000 0.0000000000000000 0.0000000000000000 0.0000000000000000
0.0000000000000000 0.0000000000000000 0.0000000000000000 0.0000000000000000 0.0000000000000000 0.0000000000000000
0.0000000000000000 0.0000000000000000 0.0000000000000000 0.0000000000000000 0.0000000000000000 0.0000000000000000
0.0000000000000000 0.0000000000000000 0.0000000000000000 0.0000000000000000 0.0000000000000000 0.0000000000000000
0.0000000000000000 0.0000000000000000 0.0000000000000000 0.0000000000000000 0.0000000000000000 0.0000000000000000
0.0000000000000000 0.0000000000000000 0.0000000000000000 0.0000000000000000 0.0000000000000000 0.0000000000000000
0.0000000000000000 0.0000000000000000 0.0000000000000000 0.0000000000000000 0.0000000000000000 0.0000000000000000
0.0000000000000000 0.0000000000000000 0.0000000000000000 0.0000000000000000 0.0000000000000000 0.0000000000000000
1.0000000000000000 1.0000000000000000 1.0000000000000000 1.0000000000000000 0
1.0000000000000000 1.0000000000000000 1.0000000000000000 1.0000000000000000 0
1.0000000000000000 1.0000000000000000 1.0000000000000000 1.0000000000000000 0
1.0000000000000000 1.0000000000000000 1.0000000000000000 1.0000000000000000 0
1.0000000000000000 1.0000000000000000 1.0000000000000000 1.0000000000000000 0
1.0000000000000000 1.0000000000000000 1.0000000000000000 1.0000000000000000 0
1.0000000000000000 1.0000000000000000 1.0000000000000000 1.0000000000000000 0
1.0000000000000000 1.0000000000000000 1.0000000000000000 1.0000000000000000 0
1.0000000000000000 1.0000000000000000 1.0000000000000000 1.0000000000000000 0
1.0000000000000000 1.0000000000000000 1.0000000000000000 1.0000000000000000 0
1.0000000000000000 1.0000000000000000 1.0000000000000000 1.0000000000000000 0
1.0000000000000000 1.0000000000000000 1.0000000000000000 1.0000000000000000 0
1.0000000000000000 1.0000000000000000 1.0000000000000000 1.0000000000000000 0
1.0000000000000000 1.0000000000000000 1.0000000000000000 1.0000000000000000 0
1.0000000000000000 1.0000000000000000 1.0000000000000000 1.0000000000000000 0
1.0000000000000000 1.0000000000000000 1.0000000000000000 1.0000000000000000 0
1.0000000000000000 1.0000000000000000 1.0000000000000000 1.0000000000000000 0
1.0000000000000000 1.0000000000000000 1.0000000000000000 1.0000000000000000 0
1.0000000000000000 1.0000000000000000 1.0000000000000000 1.0000000000000000 0
1.0000000000000000 1.0000000000000000 1.0000000000000000 1.0000000000000000 0
1.0000000000000000 1.0000000000000000 1.0000000000000000 1.0000000000000000 0
1.0000000000000000 1.0000000000000000 1.0000000000000000 1.0000000000000000 0
1.0000000000000000 1.0000000000000000 1.0000000000000000 1.0000000000000000 0
1.0000000000000000 1.0000000000000000 1.0000000000000000 1.0000000000000000 0
1.0000000000000000 1.0000000000000000 1.0000000000000000 1.0000000000000000 0
1.0000000000000000 1.0000000000000000 1.0000000000000000 1.0000000000000000 0
1.0000000000000000 1.0000000000000000 1.0000000000000000 1.0000000000000000 0
1.0000000000000000 1.0000000000000000 1.0000000000000000 1.0000000000000000 0
1.0000000000000000 1.0000000000000000 1.0000000000000000 1.0000000000000000 0
1.0000000000000000 1.0000000000000000 1.0000000000000000 1.0000000000000000 0
1.0000000000000000 1.0000000000000000 1.0000000000000000 1.0000000000000000 0
1.0000000000000000 1.0000000000000000 1.0000000000000000 1.0000000000000000 0
1.0000000000000000 1.0000000000000000 1.0000000000000000 1.0000000000000000 0
1.0000000000000000 1.0000000000000000 1.0000000000000000 1.0000000000000000 0
1.0000000000000000 1.0000000000000000 1.0000000000000000 1.0000000000000000 0
1.0000000000000000 1.0000000000000000 1.0000000000000000 1.0000000000000000 0
1.0000000000000000 1.0000000000000000 1.0000000000000000 1.0000000000000000 0
1.0000000000000000 1.0000000000000000 1.0000000000000000 1.0000000000000000 0
1.0000000000000000 1.0000000000000000 1.0000000000000000 1.0000000000000000 0
1.0000000000000000 1.0000000000000000 1.0000000000000000 1.0000000000000000 0
1.0000000000000000 1.0000000000000000 1.0000000000000000 1.0000000000000000 0
1.0000000000000000 1.0000000000000000 1.0000000000000000 1.0000000000000000 0
1.0000000000000000 1.0000000000000000 1.0000000000000000 1.0000000000000000 0
1.0000000000000000 1.0000000000000000 1.0000000000000000 1.0000000000000000 0
1.0000000000000000 1.0000000000000000 1.0000000000000000 1.0000000000000000 0
1.0000000000000000 1.0000000000000000 1.0000000000000000 1.0000000000000000 0
1.0000000000000000 1.0000000000000000 1.0000000000000000 1.0000000000000000 0
1.0000000000000000 1.0000000000000000 1.0000000000000000 1.0000000000000000 0
1.0000000000000000 1.0000000000000000 1.0000000000000000 1.0000000000000000 0
1.0000000000000000 1.0000000000000000 1.0000000000000000 1.0000000000000000 0
1.0000000000000000 1.0000000000000000 1.0000000000000000 1.0000000000000000 0
1.0000000000000000 1.0000000000000000 1.0000000000000000 1.0000000000000000 0
1.0000000000000000 1.0000000000000000 1.0000000000000000 1.0000000000000000 0
1.0000000000000000 1.0000000000000000 1.0000000000000000 1.0000000000000000 0
1.0000000000000000 1.0000000000000000 1.0000000000000000 1.0000000000000000 0
1.0000000000000000 1.0000000000000000 1.0000000000000000 1.0000000000000000 0
1.0000000000000000 1.0000000000000000 1.0000000000000000 1.0000000000000000 0
1.0000000000000000 1.0000000000000000 1.0000000000000000 1.0000000000000000 0
1.0000000000000000 1.0000000000000000 1.0000000000000000 1.0000000000000000 0
1.0000000000000000 1.0000000000000000 1.0000000000000000 1.0000000000000000 0
1.0000000000000000 1.0000000000000000 1.0000000000000000 1.0000000000000000 0
1.0000000000000000 1.0000000000000000 1.0000000000000000 1.0000000000000000 0
1.0000000000000000 1.0000000000000000 1.0000000000000000 1.0000000000000000 0
1.0000000000000000 1.0000000000000000 1.0000000000000000 1.0000000000000000 0
0.0000000000000000 0.0000000000000000 0.0000000000000000 0.0000000000000000 0.0000000000000000 0.0000000000000000
0.0000000000000000 0.0000000000000000 0.0000000000000000 0.0000000000000000 0.0000000000000000 0.0000000000000000
0.0000000000000000 0.0000000000000000 0.0000000000000000 0.0000000000000000 0.0000000000000000 0.0000000000000000
0.0000000000000000 0.0000000000000000 0.0000000000000000 0.0000000000000000 0.0000000000000000 0.0000000000000000
0.0000000000000000 0.0000000000000000 0.0000000000000000 0.0000000000000000 0.0000000000000000 0.0000000000000000
0.0000000000000000 0.0000000000000000 0.0000000000000000 0.0000000000000000 0.0000000000000000 0.0000000000000000
0.0000000000000000 0.0000000000000000 0.0000000000000000 0.0000000000000000 0.0000000000000000 0.0000000000000000
0.0000000000000000 0.0000000000000000 0.0000000000000000 0.0000000000000000 0.0000000000000000 0.0000000000000000
0.0000000000000000 0.0000000000000000 0.0000000000000000 0.0000000000000000 0.0000000000000000 0.0000000000000000
0.0000000000000000 0.0000000000000000 0.0000000000000000 0.0000000000000000 0.0000000000000000 0.0000000000000000
0.0000000000000000 0.0000000000000000 0.0000000000000000 0.0000000000000000 0.0000000000000000 0.0000000000000000
0.0000000000000000 0.0000000000000000 0.0000000000000000 0.0000000000000000 0.0000000000000000 0.0000000000000000
0.0000000000000000 0.0000000000000000 0.0000000000000000 0.0000000000000000 0.0000000000000000 0.0000000000000000
0.0000000000000000 0.0000000000000000 0.0000000000000000 0.0000000000000000 0.0000000000000000 0.0000000000000000
0.0000000000000000 0.0000000000000000 0.0000000000000000 0.0000000000000000 0.0000000000000000 0.0000000000000000
0.0000000000000000 0.0000000000000000 0.0000000000000000 0.0000000000000000 0.0000000000000000 0.0000000000000000
0.0000000000000000 0.0000000000000000 0.0000000000000000 0.0000000000000000 0.0000000000000000 0.0000000000000000
0.0000000000000000 0.0000000000000000 0.0000000000000000 0.0000000000000000 0.0000000000000000 0.0000000000000000
0.0000000000000000 0.0000000000000000 0.0000000000000000 0.0000000000000000 0.0000000000000000 0.0000000000000000
0.0000000000000000 0.0000000000000000 0.0000000000000000 0.0000000000000000 0.0000000000000000 0.0000000000000000
0.0000000000000000 0.0000000000000000 0.0000000000000000 0.0000000000000000 0.0000000000000000 0.0000000000000000
0.0000000000000000 0.0000000000000000 0.0000000000000000 0.0000000000000000 0.0000000000000000 0.0000000000000000
0.0000000000000000 0.0000000000000000 0.0000000000000000 0.0000000000000000 0.0000000000000000 0.0000000000000000
0.0000000000000000 0.0000000000000000 0.0000000000000000 0.0000000000000000 0.0000000000000000 0.0000000000000000
0.0000000000000000 0.0000000000000000 0.0000000000000000 0.0000000000000000 0.0000000000000000 0.0000000000000000
0.0000000000000000 0.0000000000000000 0.0000000000000000 0.0000000000000000 0.0000000000000000 0.0000000000000000
0.0000000000000000 0.0000000000000000 0.0000000000000000 0.0000000000000000 0.0000000000000000 0.0000000000000000
0.0000000000000000 0.0000000000000000 0.0000000000000000 0.0000000000000000 0.0000000000000000 0.0000000000000000
0.0000000000000000 0.0000000000000000 0.0000000000000000 0.0000000000000000 0.0000000000000000 0.0000000000000000
0.0000000000000000 0.0000000000000000 0.0000000000000000 0.0000000000000000 0.0000000000000000 0.0000000000000000
0.0000000000000000 0.0000000000000000 0.0000000000000000 0.0000000000000000 0.0000000000000000 0.0000000000000000
0.0000000000000000 0.0000000000000000 0.0000000000000000 0.0000000000000000 0.0000000000000000 0.0000000000000000
0.0000000000000000 0.0000000000000000 0.0000000000000000 0.0000000000000000 0.0000000000000000 0.0000000000000000
0.0000000000000000 0.0000000000000000 0.0000000000000000 0.0000000000000000 0.0000000000000000 0.0000000000000000
0.0000000000000000 0.0000000000000000 0.0000000000000000 0.0000000000000000 0.0000000000000000 0.0000000000000000
0.0000000000000000 0.0000000000000000 0.0000000000000000 0.0000000000000000 0.0000000000000000 0.0000000000000000
0.0000000000000000 0.0000000000000000 0.0000000000000000 0.0000000000000000 0.0000000000000000 0.0000000000000000
0.0000000000000000 0.0000000000000000 0.0000000000000000 0.0000000000000000 0.0000000000000000 0.0000000000000000
0.0000000000000000 0.0000000000000000 0.0000000000000000 0.0000000000000000 0.0000000000000000 0.0000000000000000
0.0000000000000000 0.0000000000000000 0.0000000000000000 0.0000000000000000 0.0000000000000000 0.0000000000000000
0.0000000000000000 0.0000000000000000 0.0000000000000000 0.0000000000000000 0.0000000000000000 0.0000000000000000
0.0000000000000000 0.0000000000000000 0.0000000000000000 0.0000000000000000 0.0000000000000000 0.0000000000000000
0.0000000000000000 0.0000000000000000 0.0000000000000000 0.0000000000000000 0.0000000000000000 0.0000000000000000
0.0000000000000000 0.0000000000000000 0.0000000000000000 0.0000000000000000 0.0000000000000000 0.0000000000000000
0.0000000000000000 0.0000000000000000 0.0000000000000000 0.0000000000000000 0.0000000000000000 0.0000000000000000
0.0000000000000000 0.0000000000000000 0.0000000000000000 0.0000000000000000 0.0000000000000000 0.0000000000000000
0.0000000000000000 0.0000000000000000 0.0000000000000000 0.0000000000000000 0.0000000000000000 0.0000000000000000
0.0000000000000000 0.0000000000000000 0.0000000000000000 0.0000000000000000 0.0000000000000000 0.0000000000000000
0.0000000000000000 0.0000000000000000 0.0000000000000000 0.0000000000000000 0.0000000000000000 0.0000000000000000
0.0000000000000000 0.0000000000000000 0.0000000000000000 0.0000000000000000 0.0000000000000000 0.0000000000000000
0.0000000000000000 0.0000000000000000 0.0000000000000000 0.0000000000000000 0.0000000000000000 0.0000000000000000
0.0000000000000000 0.0000000000000000 0.0000000000000000 0.0000000000000000 0.0000000000000000 0.0000000000000000
0.0000000000000000 0.0000000000000000 0.0000000000000000 0.0000000000000000 0.0000000000000000 0.0000000000000000
0.0000000000000000 0.0000000000000000 0.0000000000000000 0.0000000000000000 0.0000000000000000 0.0000000000000000
0.0000000000000000 0.0000000000000000 0.0000000000000000 0.0000000000000000 0.0000000000000000 0.0000000000000000
0.0000000000000000 0.0000000000000000 0.0000000000000000 0.0000000000000000 0.0000000000000000 0.0000000000000000
0.0000000000000000 0.0000000000000000 0.0000000000000000 0.0000000000000000 0.0000000000000000 0.0000000000000000
0.0000000000000000 0.0000000000000000 0.0000000000000000 0.0000000000000000 0.0000000000000000 0.0000000000000000
0.0000000000000000 0.0000000000000000 0.0000000000000000 0.0000000000000000 0.0000000000000000 0.0000000000000000
0.0000000000000000 0.0000000000000000 0.0000000000000000 0.0000000000000000 0.0000000000000000 0.0000000000000000
0.0000000000000000 0.0000000000000000 0.0000000000000000 0.0000000000000000 0.0000000000000000 0.0000000000000000
0.0000000000000000 0.0000000000000000 0.0000000000000000 0.0000000000000000 0.0000000000000000 0.0000000000000000
0.0000000000000000 0.0000000000000000 0.0000000000000000 0.0000000000000000 0.0000000000000000 0.0000000000000000
0.0000000000000000 0.0000000000000000 0.0000000000000000 0.0000000000000000 0.0000000000000000 0.0000000000000000
0.0000000000000000 0.0000000000000000 0.0000000000000000 0.0000000000000000 0.0000000000000000 0.0000000000000000
0.0000000000000000 0.0000000000000000 0.0000000000000000 0.0000000000000000 0.0000000000000000 0.0000000000000000
0.0000000000000000 0.0000000000000000 0.0000000000000000 0.0000000000000000 0.0000000000000000 0.0000000000000000
0.0000000000000000 0.0000000000000000 0.0000000000000000 0.0000000000000000 0.0000000000000000 0.0000000000000000
0.0000000000000000 0.0000000000000000 0.0000000000000000 0.0000000000000000 0.0000000000000000 0.0000000000000000
0.0000000000000000 0.0000000000000000 0.0000000000000000 0.0000000000000000 0.0000000000000000 0.0000000000000000
0.0000000000000000 0.0000000000000000 0.0000000000000000 0.0000000000000000 0.0000000000000000 0.0000000000000000
0.0000000000000000 0.0000000000000000 0.0000000000000000 0.0000000000000000 0.0000000000000000 0.0000000000000000
0.0000000000000000 0.0000000000000000 0.0000000000000000 0.0000000000000000 0.0000000000000000 0.0000000000000000
0.0000000000000000 0.0000000000000000 0.0000000000000000 0.0000000000000000 0.0000000000000000 0.0000000000000000
0.0000000000000000 0.0000000000000000 0.0000000000000000 0.0000000000000000 0.0000000000000000 0.0000000000000000
0.0000000000000000 0.0000000000000000 0.0000000000000000 0.0000000000000000 0.0000000000000000 0.0000000000000000
0.0000000000000000 0.0000000000000000 0.0000000000000000 0.0000000000000000 0.0000000000000000 0.0000000000000000
0.0000000000000000 0.0000000000000000 0.0000000000000000 0.0000000000000000 0.0000000000000000 0.0000000000000000
0.0000000000000000 0.0000000000000000 0.0000000000000000 0.0000000000000000 0.0000000000000000 0.0000000000000000
0.0000000000000000 0.0000000000000000 0.0000000000000000 0.0000000000000000 0.0000000000000000 0.0000000000000000
0.0000000000000000 0.0000000000000000 0.0000000000000000 0.0000000000000000 0.0000000000000000 0.0000000000000000
0.0000000000000000 0.0000000000000000 0.0000000000000000 0.0000000000000000 0.0000000000000000 0.0000000000000000
0.0000000000000000 0.0000000000000000 0.0000000000000000 0.0000000000000000 0.0000000000000000 0.0000000000000000
0.0000000000000000 0.0000000000000000 0.0000000000000000 0.0000000000000000 0.0000000000000000 0.0000000000000000
0.0000000000000000 0.0000000000000000 0.0000000000000000 0.0000000000000000 0.0000000000000000 0.0000000000000000
0.0000000000000000 0.0000000000000000 0.0000000000000000 0.0000000000000000 0.0000000000000000 0.0000000000000000
0.0000000000000000 0.0000000000000000 0.0000000000000000 0.0000000000000000 0.0000000000000000 0.0000000000000000
0.0000000000000000 0.0000000000000000 0.0000000000000000 0.0000000000000000 0.0000000000000000 0.0000000000000000
0.0000000000000000 0.0000000000000000 0.0000000000000000 0.0000000000000000 0.0000000000000000 0.0000000000000000
0.0000000000000000 0.0000000000000000 0.0000000000000000 0.0000000000000000 0.0000000000000000 0.0000000000000000
0.0000000000000000 0.0000000000000000 0.0000000000000000 0.0000000000000000 0.0000000000000000 0.0000000000000000
0.0000000000000000 0.0000000000000000 0.0000000000000000 0.0000000000000000 0.0000000000000000 0.0000000000000000
0.0000000000000000 0.0000000000000000 0.0000000000000000 0.0000000000000000 0.0000000000000000 0.0000000000000000
0.0000000000000000 0.0000000000000000 0.0000000000000000 0.0000000000000000 0.0000000000000000 0.0000000000000000
0.0000000000000000 0.0000000000000000 0.0000000000000000 0.0000000000000000 0.0000000000000000 0.0000000000000000
0.0000000000000000 0.0000000000000000 0.0000000000000000 0.0000000000000000 0.0000000000000000 0.0000000000000000
0.0000000000000000 0.0000000000000000 0.0000000000000000 0.0000000000000000 0.0000000000000000 0.0000000000000000
0.0000000000000000 0.0000000000000000 0.0000000000000000 0.0000000000000000 0.0000000000000000 0.0000000000000000
0.0000000000000000 0.0000000000000000 0.0000000000000000 0.0000000000000000 0.0000000000000000 0.0000000000000000
0.0000000000000000 0.0000000000000000 0.0000000000000000 0.0000000000000000 0.0000000000000000 0.0000000000000000
0.0000000000000000 0.0000000000000000 0.0000000000000000 0.0000000000000000 0.0000000000000000 0.0000000000000000
0.0000000000000000 0.0000000000000000 0.0000000000000000 0.0000000000000000 0.0000000000000000 0.0000000000000000
0.0000000000000000 0.0000000000000000 0.0000000000000000 0.0000000000000000 0.0000000000000000 0.0000000000000000
0.0000000000000000 0.0000000000000000 0.0000000000000000 0.0000000000000000 0.0000000000000000 0.0000000000000000
0.0000000000000000 0.0000000000000000 0.0000000000000000 0.0000000000000000 0.0000000000000000 0.0000000000000000
0.0000000000000000 0.0000000000000000 0.0000000000000000 0.0000000000000000 0.0000000000000000 0.0000000000000000
0.0000000000000000 0.0000000000000000 0.0000000000000000 0.0000000000000000 0.0000000000000000 0.0000000000000000
0.0000000000000000 0.0000000000000000 0.0000000000000000 0.0000000000000000 0.0000000000000000 0.0000000000000000
0.0000000000000000 0.0000000000000000 0.0000000000000000 0.0000000000000000 0.0000000000000000 0.0000000000000000
0.0000000000000000 0.0000000000000000 0.0000000000000000 0.0000000000000000 0.0000000000000000 0.0000000000000000
0.0000000000000000 0.0000000000000000 0.0000000000000000 0.0000000000000000 0.0000000000000000 0.0000000000000000
0.0000000000000000 0.0000000000000000 0.0000000000000000 0.0000000000000000 0.0000000000000000 0.0000000000000000
0.0000000000000000 0.0000000000000000 0.0000000000000000 0.0000000000000000 0.0000000000000000 0.0000000000000000
0.0000000000000000 0.0000000000000000 0.0000000000000000 0.0000000000000000 0.0000000000000000 0.0000000000000000
0.0000000000000000 0.0000000000000000 0.0000000000000000 0.0000000000000000 0.0000000000000000 0.0000000000000000
0.0000000000000000 0.0000000000000000 0.0000000000000000 0.0000000000000000 0.0000000000000000 0.0000000000000000
0.0000000000000000 0.0000000000000000 0.0000000000000000 0.0000000000000000 0.0000000000000000 0.0000000000000000
0.0000000000000000 0.0000000000000000 0.0000000000000000 0.0000000000000000 0.0000000000000000 0.0000000000000000
0.0000000000000000 0.0000000000000000 0.0000000000000000 0.0000000000000000 0.0000000000000000 0.0000000000000000
0.0000000000000000 0.0000000000000000 0.0000000000000000 0.0000000000000000 0.0000000000000000 0.0000000000000000
0.0000000000000000 0.0000000000000000 0.0000000000000000 0.0000000000000000 0.0000000000000000 0.0000000000000000
0.0000000000000000 0.0000000000000000 0.0000000000000000 0.0000000000000000 0.0000000000000000 0.0000000000000000
0.0000000000000000 0.0000000000000000 0.0000000000000000 0.0000000000000000 0.0000000000000000 0.0000000000000000
0.0000000000000000 0.0000000000000000 0.0000000000000000 0.0000000000000000 0.0000000000000000 0.0000000000000000
0.0000000000000000 0.0000000000000000 0.0000000000000000 0.0000000000000000 0.0000000000000000 0.0000000000000000
0.0000000000000000 0.0000000000000000 0.0000000000000000 0.0000000000000000 0.0000000000000000 0.0000000000000000
0.0000000000000000 0.0000000000000000 0.0000000000000000 0.0000000000000000 0.0000000000000000 0.0000000000000000
0.0000000000000000 0.0000000000000000 0.0000000000000000 0.0000000000000000 0.0000000000000000 0.0000000000000000
1.0000000000000000 1.0000000000000000 1.0000000000000000 1.0000000000000000 0
1.0000000000000000 1.0000000000000000 1.0000000000000000 1.0000000000000000 0
1.0000000000000000 1.0000000000000000 1.0000000000000000 1.0000000000000000 0
1.0000000000000000 1.0000000000000000 1.0000000000000000 1.0000000000000000 0
1.0000000000000000 1.0000000000000000 1.0000000000000000 1.0000000000000000 0
1.0000000000000000 1.0000000000000000 1.0000000000000000 1.0000000000000000 0
1.0000000000000000 1.0000000000000000 1.0000000000000000 1.0000000000000000 0
1.0000000000000000 1.0000000000000000 1.0000000000000000 1.0000000000000000 0
1.0000000000000000 1.0000000000000000 1.0000000000000000 1.0000000000000000 0
1.0000000000000000 1.0000000000000000 1.0000000000000000 1.0000000000000000 0
1.0000000000000000 1.0000000000000000 1.0000000000000000 1.0000000000000000 0
1.0000000000000000 1.0000000000000000 1.0000000000000000 1.0000000000000000 0
1.0000000000000000 1.0000000000000000 1.0000000000000000 1.0000000000000000 0
1.0000000000000000 1.0000000000000000 1.0000000000000000 1.0000000000000000 0
1.0000000000000000 1.0000000000000000 1.0000000000000000 1.0000000000000000 0
1.0000000000000000 1.0000000000000000 1.0000000000000000 1.0000000000000000 0
1.0000000000000000 1.0000000000000000 1.0000000000000000 1.0000000000000000 0
1.0000000000000000 1.0000000000000000 1.0000000000000000 1.0000000000000000 0
1.0000000000000000 1.0000000000000000 1.0000000000000000 1.0000000000000000 0
1.0000000000000000 1.0000000000000000 1.0000000000000000 1.0000000000000000 0
1.0000000000000000 1.0000000000000000 1.0000000000000000 1.0000000000000000 0
1.0000000000000000 1.0000000000000000 1.0000000000000000 1.0000000000000000 0
1.0000000000000000 1.0000000000000000 1.0000000000000000 1.0000000000000000 0
1.0000000000000000 1.0000000000000000 1.0000000000000000 1.0000000000000000 0
1.0000000000000000 1.0000000000000000 1.0000000000000000 1.0000000000000000 0
1.0000000000000000 1.0000000000000000 1.0000000000000000 1.0000000000000000 0
1.0000000000000000 1.0000000000000000 1.0000000000000000 1.0000000000000000 0
1.0000000000000000 1.0000000000000000 1.0000000000000000 1.0000000000000000 0
1.0000000000000000 1.0000000000000000 1.0000000000000000 1.0000000000000000 0
1.0000000000000000 1.0000000000000000 1.0000000000000000 1.0000000000000000 0
1.0000000000000000 1.0000000000000000 1.0000000000000000 1.0000000000000000 0
1.0000000000000000 1.0000000000000000 1.0000000000000000 1.0000000000000000 0
1.0000000000000000 1.0000000000000000 1.0000000000000000 1.0000000000000000 0
1.0000000000000000 1.0000000000000000 1.0000000000000000 1.0000000000000000 0
1.0000000000000000 1.0000000000000000 1.0000000000000000 1.0000000000000000 0
1.0000000000000000 1.0000000000000000 1.0000000000000000 1.0000000000000000 0
1.0000000000000000 1.0000000000000000 1.0000000000000000 1.0000000000000000 0
1.0000000000000000 1.0000000000000000 1.0000000000000000 1.0000000000000000 0
1.0000000000000000 1.0000000000000000 1.0000000000000000 1.0000000000000000 0
1.0000000000000000 1.0000000000000000 1.0000000000000000 1.0000000000000000 0
1.0000000000000000 1.0000000000000000 1.0000000000000000 1.0000000000000000 0
1.0000000000000000 1.0000000000000000 1.0000000000000000 1.0000000000000000 0
1.0000000000000000 1.0000000000000000 1.0000000000000000 1.0000000000000000 0
1.0000000000000000 1.0000000000000000 1.0000000000000000 1.0000000000000000 0
1.0000000000000000 1.0000000000000000 1.0000000000000000 1.0000000000000000 0
1.0000000000000000 1.0000000000000000 1.0000000000000000 1.0000000000000000 0
1.0000000000000000 1.0000000000000000 1.0000000000000000 1.0000000000000000 0
1.0000000000000000 1.0000000000000000 1.0000000000000000 1.0000000000000000 0
1.0000000000000000 1.0000000000000000 1.0000000000000000 1.0000000000000000 0
1.0000000000000000 1.0000000000000000 1.0000000000000000 1.0000000000000000 0
1.0000000000000000 1.0000000000000000 1.0000000000000000 1.0000000000000000 0
1.0000000000000000 1.0000000000000000 1.0000000000000000 1.0000000000000000 0
1.0000000000000000 1.0000000000000000 1.0000000000000000 1.0000000000000000 0
1.0000000000000000 1.0000000000000000 1.0000000000000000 1.0000000000000000 0
1.0000000000000000 1.0000000000000000 1.0000000000000000 1.0000000000000000 0
1.0000000000000000 1.0000000000000000 1.0000000000000000 1.0000000000000000 0
1.0000000000000000 1.0000000000000000 1.0000000000000000 1.0000000000000000 0
1.0000000000000000 1.0000000000000000 1.0000000000000000 1.0000000000000000 0
1.0000000000000000 1.0000000000000000 1.0000000000000000 1.0000000000000000 0
1.0000000000000000 1.0000000000000000 1.0000000000000000 1.0000000000000000 0
1.0000000000000000 1.0000000000000000 1.0000000000000000 1.0000000000000000 0
1.0000000000000000 1.0000000000000000 1.0000000000000000 1.0000000000000000 0
1.0000000000000000 1.0000000000000000 1.0000000000000000 1.0000000000000000 0
1.0000000000000000 1.0000000000000000 1.0000000000000000 1.0000000000000000 0
0.0000000000000000 0.0000000000000000 0.0000000000000000 0.0000000000000000 0.0000000000000000 0.0000000000000000
0.0000000000000000 0.0000000000000000 0.0000000000000000 0.0000000000000000 0.0000000000000000 0.0000000000000000
0.0000000000000000 0.0000000000000000 0.0000000000000000 0.0000000000000000 0.0000000000000000 0.0000000000000000
0.0000000000000000 0.0000000000000000 0.0000000000000000 0.0000000000000000 0.0000000000000000 0.0000000000000000
0.0000000000000000 0.0000000000000000 0.0000000000000000 0.0000000000000000 0.0000000000000000 0.0000000000000000
0.0000000000000000 0.0000000000000000 0.0000000000000000 0.0000000000000000 0.0000000000000000 0.0000000000000000
0.0000000000000000 0.0000000000000000 0.0000000000000000 0.0000000000000000 0.0000000000000000 0.0000000000000000
0.0000000000000000 0.0000000000000000 0.0000000000000000 0.0000000000000000 0.0000000000000000 0.0000000000000000
0.0000000000000000 0.0000000000000000 0.0000000000000000 0.0000000000000000 0.0000000000000000 0.0000000000000000
0.0000000000000000 0.0000000000000000 0.0000000000000000 0.0000000000000000 0.0000000000000000 0.0000000000000000
0.0000000000000000 0.0000000000000000 0.0000000000000000 0.0000000000000000 0.0000000000000000 0.0000000000000000
0.0000000000000000 0.0000000000000000 0.0000000000000000 0.0000000000000000 0.0000000000000000 0.0000000000000000
0.0000000000000000 0.0000000000000000 0.0000000000000000 0.0000000000000000 0.0000000000000000 0.0000000000000000
0.0000000000000000 0.0000000000000000 0.0000000000000000 0.0000000000000000 0.0000000000000000 0.0000000000000000
0.0000000000000000 0.0000000000000000 0.0000000000000000 0.0000000000000000 0.0000000000000000 0.0000000000000000
0.0000000000000000 0.0000000000000000 0.0000000000000000 0.0000000000000000 0.0000000000000000 0.0000000000000000
0.0000000000000000 0.0000000000000000 0.0000000000000000 0.0000000000000000 0.0000000000000000 0.0000000000000000
0.0000000000000000 0.0000000000000000 0.0000000000000000 0.0000000000000000 0.0000000000000000 0.0000000000000000
0.0000000000000000 0.0000000000000000 0.0000000000000000 0.0000000000000000 0.0000000000000000 0.0000000000000000
0.0000000000000000 0.0000000000000000 0.0000000000000000 0.0000000000000000 0.0000000000000000 0.0000000000000000
0.0000000000000000 0.0000000000000000 0.0000000000000000 0.0000000000000000 0.0000000000000000 0.0000000000000000
0.0000000000000000 0.0000000000000000 0.0000000000000000 0.0000000000000000 0.0000000000000000 0.0000000000000000
0.0000000000000000 0.0000000000000000 0.0000000000000000 0.0000000000000000 0.0000000000000000 0.0000000000000000
0.0000000000000000 0.0000000000000000 0.0000000000000000 0.0000000000000000 0.0000000000000000 0.0000000000000000
0.0000000000000000 0.0000000000000000 0.0000000000000000 0.0000000000000000 0.0000000000000000 0.0000000000000000
0.0000000000000000 0.0000000000000000 0.0000000000000000 0.0000000000000000 0.0000000000000000 0.0000000000000000
0.0000000000000000 0.0000000000000000 0.0000000000000000 0.0000000000000000 0.0000000000000000 0.0000000000000000
0.0000000000000000 0.0000000000000000 0.0000000000000000 0.0000000000000000 0.0000000000000000 0.0000000000000000
0.0000000000000000 0.0000000000000000 0.0000000000000000 0.0000000000000000 0.0000000000000000 0.0000000000000000
0.0000000000000000 0.0000000000000000 0.0000000000000000 0.0000000000000000 0.0000000000000000 0.0000000000000000
0.0000000000000000 0.0000000000000000 0.0000000000000000 0.0000000000000000 0.0000000000000000 0.0000000000000000
0.0000000000000000 0.0000000000000000 0.0000000000000000 0.0000000000000000 0.0000000000000000 0.0000000000000000
0.0000000000000000 0.0000000000000000 0.0000000000000000 0.0000000000000000 0.0000000000000000 0.0000000000000000
0.0000000000000000 0.0000000000000000 0.0000000000000000 0.0000000000000000 0.0000000000000000 0.0000000000000000
0.0000000000000000 0.0000000000000000 0.0000000000000000 0.0000000000000000 0.0000000000000000 0.0000000000000000
0.0000000000000000 0.0000000000000000 0.0000000000000000 0.0000000000000000 0.0000000000000000 0.0000000000000000
0.0000000000000000 0.0000000000000000 0.0000000000000000 0.0000000000000000 0.0000000000000000 0.0000000000000000
0.0000000000000000 0.0000000000000000 0.0000000000000000 0.0000000000000000 0.0000000000000000 0.0000000000000000
0.0000000000000000 0.0000000000000000 0.0000000000000000 0.0000000000000000 0.0000000000000000 0.0000000000000000
0.0000000000000000 0.0000000000000000 0.0000000000000000 0.0000000000000000 0.0000000000000000 0.0000000000000000
0.0000000000000000 0.0000000000000000 0.0000000000000000 0.0000000000000000 0.0000000000000000 0.0000000000000000
0.0000000000000000 0.0000000000000000 0.0000000000000000 0.0000000000000000 0.0000000000000000 0.0000000000000000
0.0000000000000000 0.0000000000000000 0.0000000000000000 0.0000000000000000 0.0000000000000000 0.0000000000000000
0.0000000000000000 0.0000000000000000 0.0000000000000000 0.0000000000000000 0.0000000000000000 0.0000000000000000
0.0000000000000000 0.0000000000000000 0.0000000000000000 0.0000000000000000 0.0000000000000000 0.0000000000000000
0.0000000000000000 0.0000000000000000 0.0000000000000000 0.0000000000000000 0.0000000000000000 0.0000000000000000
0.0000000000000000 0.0000000000000000 0.0000000000000000 0.0000000000000000 0.0000000000000000 0.0000000000000000
0.0000000000000000 0.0000000000000000 0.0000000000000000 0.0000000000000000 0.0000000000000000 0.0000000000000000
0.0000000000000000 0.0000000000000000 0.0000000000000000 0.0000000000000000 0.0000000000000000 0.0000000000000000
0.0000000000000000 0.0000000000000000 0.0000000000000000 0.0000000000000000 0.0000000000000000 0.0000000000000000
0.0000000000000000 0.0000000000000000 0.0000000000000000 0.0000000000000000 0.0000000000000000 0.0000000000000000
0.0000000000000000 0.0000000000000000 0.0000000000000000 0.0000000000000000 0.0000000000000000 0.0000000000000000
0.0000000000000000 0.0000000000000000 0.0000000000000000 0.0000000000000000 0.0000000000000000 0.0000000000000000
0.0000000000000000 0.0000000000000000 0.0000000000000000 0.0000000000000000 0.0000000000000000 0.0000000000000000
0.0000000000000000 0.0000000000000000 0.0000000000000000 0.0000000000000000 0.0000000000000000 0.0000000000000000
0.0000000000000000 0.0000000000000000 0.0000000000000000 0.0000000000000000 0.0000000000000000 0.0000000000000000
0.0000000000000000 0.0000000000000000 0.0000000000000000 0.0000000000000000 0.0000000000000000 0.0000000000000000
0.0000000000000000 0.0000000000000000 0.0000000000000000 0.0000000000000000 0.0000000000000000 0.0000000000000000
0.0000000000000000 0.0000000000000000 0.0000000000000000 0.0000000000000000 0.0000000000000000 0.0000000000000000
0.0000000000000000 0.0000000000000000 0.0000000000000000 0.0000000000000000 0.0000000000000000 0.0000000000000000
0.0000000000000000 0.0000000000000000 0.0000000000000000 0.0000000000000000 0.0000000000000000 0.0000000000000000
0.0000000000000000 0.0000000000000000 0.0000000000000000 0.0000000000000000 0.0000000000000000 0.0000000000000000
0.0000000000000000 0.0000000000000000 0.0000000000000000 0.0000000000000000 0.0000000000000000 0.0000000000000000
0.0000000000000000 0.0000000000000000 0.0000000000000000 0.0000000000000000 0.0000000000000000 0.0000000000000000
0.0000000000000000 0.0000000000000000 0.0000000000000000 0.0000000000000000 0.0000000000000000 0.0000000000000000
0.0000000000000000 0.0000000000000000 0.0000000000000000 0.0000000000000000 0.0000000000000000 0.0000000000000000
0.0000000000000000 0.0000000000000000 0.0000000000000000 0.0000000000000000 0.0000000000000000 0.0000000000000000
0.0000000000000000 0.0000000000000000 0.0000000000000000 0.0000000000000000 0.0000000000000000 0.0000000000000000
0.0000000000000000 0.0000000000000000 0.0000000000000000 0.0000000000000000 0.0000000000000000 0.0000000000000000
0.0000000000000000 0.0000000000000000 0.0000000000000000 0.0000000000000000 0.0000000000000000 0.0000000000000000
0.0000000000000000 0.0000000000000000 0.0000000000000000 0.0000000000000000 0.0000000000000000 0.0000000000000000
0.0000000000000000 0.0000000000000000 0.0000000000000000 0.0000000000000000 0.0000000000000000 0.0000000000000000
0.0000000000000000 0.0000000000000000 0.0000000000000000 0.0000000000000000 0.0000000000000000 0.0000000000000000
0.0000000000000000 0.0000000000000000 0.0000000000000000 0.0000000000000000 0.0000000000000000 0.0000000000000000
0.0000000000000000 0.0000000000000000 0.0000000000000000 0.0000000000000000 0.0000000000000000 0.0000000000000000
0.0000000000000000 0.0000000000000000 0.0000000000000000 0.0000000000000000 0.0000000000000000 0.0000000000000000
0.0000000000000000 0.0000000000000000 0.0000000000000000 0.0000000000000000 0.0000000000000000 0.0000000000000000
0.0000000000000000 0.0000000000000000 0.0000000000000000 0.0000000000000000 0.0000000000000000 0.0000000000000000
0.0000000000000000 0.0000000000000000 0.0000000000000000 0.0000000000000000 0.0000000000000000 0.0000000000000000
0.0000000000000000 0.0000000000000000 0.0000000000000000 0.0000000000000000 0.0000000000000000 0.0000000000000000
0.0000000000000000 0.0000000000000000 0.0000000000000000 0.0000000000000000 0.0000000000000000 0.0000000000000000
0.0000000000000000 0.0000000000000000 0.0000000000000000 0.0000000000000000 0.0000000000000000 0.0000000000000000
0.0000000000000000 0.0000000000000000 0.0000000000000000 0.0000000000000000 0.0000000000000000 0.0000000000000000
0.0000000000000000 0.0000000000000000 0.0000000000000000 0.0000000000000000 0.0000000000000000 0.0000000000000000
0.0000000000000000 0.0000000000000000 0.0000000000000000 0.0000000000000000 0.0000000000000000 0.0000000000000000
0.0000000000000000 0.0000000000000000 0.0000000000000000 0.0000000000000000 0.0000000000000000 0.0000000000000000
0.0000000000000000 0.0000000000000000 0.0000000000000000 0.0000000000000000 0.0000000000000000 0.0000000000000000
0.0000000000000000 0.0000000000000000 0.0000000000000000 0.0000000000000000 0.0000000000000000 0.0000000000000000
0.0000000000000000 0.0000000000000000 0.0000000000000000 0.0000000000000000 0.0000000000000000 0.0000000000000000
0.0000000000000000 0.0000000000000000 0.0000000000000000 0.0000000000000000 0.0000000000000000 0.0000000000000000
0.0000000000000000 0.0000000000000000 0.0000000000000000 0.0000000000000000 0.0000000000000000 0.0000000000000000
0.0000000000000000 0.0000000000000000 0.0000000000000000 0.0000000000000000 0.0000000000000000 0.0000000000000000
0.0000000000000000 0.0000000000000000 0.0000000000000000 0.0000000000000000 0.0000000000000000 0.0000000000000000
0.0000000000000000 0.0000000000000000 0.0000000000000000 0.0000000000000000 0.0000000000000000 0.0000000000000000
0.0000000000000000 0.0000000000000000 0.0000000000000000 0.0000000000000000 0.0000000000000000 0.0000000000000000
0.0000000000000000 0.0000000000000000 0.0000000000000000 0.0000000000000000 0.0000000000000000 0.0000000000000000
0.0000000000000000 0.0000000000000000 0.0000000000000000 0.0000000000000000 0.0000000000000000 0.0000000000000000
0.0000000000000000 0.0000000000000000 0.0000000000000000 0.0000000000000000 0.0000000000000000 0.0000000000000000
0.0000000000000000 0.0000000000000000 0.0000000000000000 0.0000000000000000 0.0000000000000000 0.0000000000000000
0.0000000000000000 0.0000000000000000 0.0000000000000000 0.0000000000000000 0.0000000000000000 0.0000000000000000
0.0000000000000000 0.0000000000000000 0.0000000000000000 0.0000000000000000 0.0000000000000000 0.0000000000000000
0.0000000000000000 0.0000000000000000 0.0000000000000000 0.0000000000000000 0.0000000000000000 0.0000000000000000
0.0000000000000000 0.0000000000000000 0.0000000000000000 0.0000000000000000 0.0000000000000000 0.0000000000000000
0.0000000000000000 0.0000000000000000 0.0000000000000000 0.0000000000000000 0.0000000000000000 0.0000000000000000
0.0000000000000000 0.0000000000000000 0.0000000000000000 0.0000000000000000 0.0000000000000000 0.0000000000000000
0.0000000000000000 0.0000000000000000 0.0000000000000000 0.0000000000000000 0.0000000000000000 0.0000000000000000
0.0000000000000000 0.0000000000000000 0.0000000000000000 0.0000000000000000 0.0000000000000000 0.0000000000000000
0.0000000000000000 0.0000000000000000 0.0000000000000000 0.0000000000000000 0.0000000000000000 0.0000000000000000
0.0000000000000000 0.0000000000000000 0.0000000000000000 0.0000000000000000 0.0000000000000000 0.0000000000000000
0.0000000000000000 0.0000000000000000 0.0000000000000000 0.0000000000000000 0.0000000000000000 0.0000000000000000
0.0000000000000000 0.0000000000000000 0.0000000000000000 0.0000000000000000 0.0000000000000000 0.0000000000000000
0.0000000000000000 0.0000000000000000 0.0000000000000000 0.0000000000000000 0.0000000000000000 0.0000000000000000
0.0000000000000000 0.0000000000000000 0.0000000000000000 0.0000000000000000 0.0000000000000000 0.0000000000000000
0.0000000000000000 0.0000000000000000 0.0000000000000000 0.0000000000000000 0.0000000000000000 0.0000000000000000
0.0000000000000000 0.0000000000000000 0.0000000000000000 0.0000000000000000 0.0000000000000000 0.0000000000000000
0.0000000000000000 0.0000000000000000 0.0000000000000000 0.0000000000000000 0.0000000000000000 0.0000000000000000
0.0000000000000000 0.0000000000000000 0.0000000000000000 0.0000000000000000 0.0000000000000000 0.0000000000000000
0.0000000000000000 0.0000000000000000 0.0000000000000000 0.0000000000000000 0.0000000000000000 0.0000000000000000
0.0000000000000000 0.0000000000000000 0.0000000000000000 0.0000000000000000 0.0000000000000000 0.0000000000000000
0.0000000000000000 0.0000000000000000 0.0000000000000000 0.0000000000000000 0.0000000000000000 0.0000000000000000
0.0000000000000000 0.0000000000000000 0.0000000000000000 0.0000000000000000 0.0000000000000000 0.0000000000000000
0.0000000000000000 0.0000000000000000 0.0000000000000000 0.0000000000000000 0.0000000000000000 0.0000000000000000
0.0000000000000000 0.0000000000000000 0.0000000000000000 0.0000000000000000 0.0000000000000000 0.0000000000000000
0.0000000000000000 0.0000000000000000 0.0000000000000000 0.0000000000000000 0.0000000000000000 0.0000000000000000
0.0000000000000000 0.0000000000000000 0.0000000000000000 0.0000000000000000 0.0000000000000000 0.0000000000000000
0.0000000000000000 0.0000000000000000 0.0000000000000000 0.0000000000000000 0.0000000000000000 0.0000000000000000
0.0000000000000000 0.0000000000000000 0.0000000000000000 0.0000000000000000 0.0000000000000000 0.0000000000000000
0.0000000000000000 0.0000000000000000 0.0000000000000000 0.0000000000000000 0.0000000000000000 0.0000000000000000
1.0000000000000000 1.0000000000000000 1.0000000000000000 1.0000000000000000 0
1.0000000000000000 1.0000000000000000 1.0000000000000000 1.0000000000000000 0
1.0000000000000000 1.0000000000000000 1.0000000000000000 1.0000000000000000 0
1.0000000000000000 1.0000000000000000 1.0000000000000000 1.0000000000000000 0
1.0000000000000000 1.0000000000000000 1.0000000000000000 1.0000000000000000 0
1.0000000000000000 1.0000000000000000 1.0000000000000000 1.0000000000000000 0
1.0000000000000000 1.0000000000000000 1.0000000000000000 1.0000000000000000 0
1.0000000000000000 1.0000000000000000 1.0000000000000000 1.0000000000000000 0
1.0000000000000000 1.0000000000000000 1.0000000000000000 1.0000000000000000 0
1.0000000000000000 1.0000000000000000 1.0000000000000000 1.0000000000000000 0
1.0000000000000000 1.0000000000000000 1.0000000000000000 1.0000000000000000 0
1.0000000000000000 1.0000000000000000 1.0000000000000000 1.0000000000000000 0
1.0000000000000000 1.0000000000000000 1.0000000000000000 1.0000000000000000 0
1.0000000000000000 1.0000000000000000 1.0000000000000000 1.0000000000000000 0
1.0000000000000000 1.0000000000000000 1.0000000000000000 1.0000000000000000 0
1.0000000000000000 1.0000000000000000 1.0000000000000000 1.0000000000000000 0
1.0000000000000000 1.0000000000000000 1.0000000000000000 1.0000000000000000 0
1.0000000000000000 1.0000000000000000 1.0000000000000000 1.0000000000000000 0
1.0000000000000000 1.0000000000000000 1.0000000000000000 1.0000000000000000 0
1.0000000000000000 1.0000000000000000 1.0000000000000000 1.0000000000000000 0
1.0000000000000000 1.0000000000000000 1.0000000000000000 1.0000000000000000 0
1.0000000000000000 1.0000000000000000 1.0000000000000000 1.0000000000000000 0
1.0000000000000000 1.0000000000000000 1.0000000000000000 1.0000000000000000 0
1.0000000000000000 1.0000000000000000 1.0000000000000000 1.0000000000000000 0
1.0000000000000000 1.0000000000000000 1.0000000000000000 1.0000000000000000 0
1.0000000000000000 1.0000000000000000 1.0000000000000000 1.0000000000000000 0
1.0000000000000000 1.0000000000000000 1.0000000000000000 1.0000000000000000 0
1.0000000000000000 1.0000000000000000 1.0000000000000000 1.0000000000000000 0
1.0000000000000000 1.0000000000000000 1.0000000000000000 1.0000000000000000 0
1.0000000000000000 1.0000000000000000 1.0000000000000000 1.0000000000000000 0
1.0000000000000000 1.0000000000000000 1.0000000000000000 1.0000000000000000 0
1.0000000000000000 1.0000000000000000 1.0000000000000000 1.0000000000000000 0
1.0000000000000000 1.0000000000000000 1.0000000000000000 1.0000000000000000 0
1.0000000000000000 1.0000000000000000 1.0000000000000000 1.0000000000000000 0
1.0000000000000000 1.0000000000000000 1.0000000000000000 1.0000000000000000 0
1.0000000000000000 1.0000000000000000 1.0000000000000000 1.0000000000000000 0
1.0000000000000000 1.0000000000000000 1.0000000000000000 1.0000000000000000 0
1.0000000000000000 1.0000000000000000 1.0000000000000000 1.0000000000000000 0
1.0000000000000000 1.0000000000000000 1.0000000000000000 1.0000000000000000 0
1.0000000000000000 1.0000000000000000 1.0000000000000000 1.0000000000000000 0
1.0000000000000000 1.0000000000000000 1.0000000000000000 1.0000000000000000 0
1.0000000000000000 1.0000000000000000 1.0000000000000000 1.0000000000000000 0
1.0000000000000000 1.0000000000000000 1.0000000000000000 1.0000000000000000 0
1.0000000000000000 1.0000000000000000 1.0000000000000000 1.0000000000000000 0
1.0000000000000000 1.0000000000000000 1.0000000000000000 1.0000000000000000 0
1.0000000000000000 1.0000000000000000 1.0000000000000000 1.0000000000000000 0
1.0000000000000000 1.0000000000000000 1.0000000000000000 1.0000000000000000 0
1.0000000000000000 1.0000000000000000 1.0000000000000000 1.0000000000000000 0
1.0000000000000000 1.0000000000000000 1.0000000000000000 1.0000000000000000 0
1.0000000000000000 1.0000000000000000 1.0000000000000000 1.0000000000000000 0
1.0000000000000000 1.0000000000000000 1.0000000000000000 1.0000000000000000 0
1.0000000000000000 1.0000000000000000 1.0000000000000000 1.0000000000000000 0
1.0000000000000000 1.0000000000000000 1.0000000000000000 1.0000000000000000 0
1.0000000000000000 1.0000000000000000 1.0000000000000000 1.0000000000000000 0
1.0000000000000000 1.0000000000000000 1.0000000000000000 1.0000000000000000 0
1.0000000000000000 1.0000000000000000 1.0000000000000000 1.0000000000000000 0
1.0000000000000000 1.0000000000000000 1.0000000000000000 1.0000000000000000 0
1.0000000000000000 1.0000000000000000 1.0000000000000000 1.0000000000000000 0
1.0000000000000000 1.0000000000000000 1.0000000000000000 1.0000000000000000 0
1.0000000000000000 1.0000000000000000 1.0000000000000000 1.0000000000000000 0
1.0000000000000000 1.0000000000000000 1.0000000000000000 1.0000000000000000 0
1.0000000000000000 1.0000000000000000 1.0000000000000000 1.0000000000000000 0
1.0000000000000000 1.0000000000000000 1.0000000000000000 1.0000000000000000 0
1.0000000000000000 1.0000000000000000 1.0000000000000000 1.0000000000000000 0
0.0000000000000000 0.0000000000000000 0.0000000000000000 0.0000000000000000 0.0000000000000000 0.0000000000000000
0.0000000000000000 0.0000000000000000 0.0000000000000000 0.0000000000000000 0.0000000000000000 0.0000000000000000
0.0000000000000000 0.0000000000000000 0.0000000000000000 0.0000000000000000 0.0000000000000000 0.0000000000000000
0.0000000000000000 0.0000000000000000 0.0000000000000000 0.0000000000000000 0.0000000000000000 0.0000000000000000
0.0000000000000000 0.0000000000000000 0.0000000000000000 0.0000000000000000 0.0000000000000000 0.0000000000000000
0.0000000000000000 0.0000000000000000 0.0000000000000000 0.0000000000000000 0.0000000000000000 0.0000000000000000
0.0000000000000000 0.0000000000000000 0.0000000000000000 0.0000000000000000 0.0000000000000000 0.0000000000000000
0.0000000000000000 0.0000000000000000 0.0000000000000000 0.0000000000000000 0.0000000000000000 0.0000000000000000
0.0000000000000000 0.0000000000000000 0.0000000000000000 0.0000000000000000 0.0000000000000000 0.0000000000000000
0.0000000000000000 0.0000000000000000 0.0000000000000000 0.0000000000000000 0.0000000000000000 0.0000000000000000
0.0000000000000000 0.0000000000000000 0.0000000000000000 0.0000000000000000 0.0000000000000000 0.0000000000000000
0.0000000000000000 0.0000000000000000 0.0000000000000000 0.0000000000000000 0.0000000000000000 0.0000000000000000
0.0000000000000000 0.0000000000000000 0.0000000000000000 0.0000000000000000 0.0000000000000000 0.0000000000000000
0.0000000000000000 0.0000000000000000 0.0000000000000000 0.0000000000000000 0.0000000000000000 0.0000000000000000
0.0000000000000000 0.0000000000000000 0.0000000000000000 0.0000000000000000 0.0000000000000000 0.0000000000000000
0.0000000000000000 0.0000000000000000 0.0000000000000000 0.0000000000000000 0.0000000000000000 0.0000000000000000
0.0000000000000000 0.0000000000000000 0.0000000000000000 0.0000000000000000 0.0000000000000000 0.0000000000000000
0.0000000000000000 0.0000000000000000 0.0000000000000000 0.0000000000000000 0.0000000000000000 0.0000000000000000
0.0000000000000000 0.0000000000000000 0.0000000000000000 0.0000000000000000 0.0000000000000000 0.0000000000000000
0.0000000000000000 0.0000000000000000 0.0000000000000000 0.0000000000000000 0.0000000000000000 0.0000000000000000
0.0000000000000000 0.0000000000000000 0.0000000000000000 0.0000000000000000 0.0000000000000000 0.0000000000000000
0.0000000000000000 0.0000000000000000 0.0000000000000000 0.0000000000000000 0.0000000000000000 0.0000000000000000
0.0000000000000000 0.0000000000000000 0.0000000000000000 0.0000000000000000 0.0000000000000000 0.0000000000000000
0.0000000000000000 0.0000000000000000 0.0000000000000000 0.0000000000000000 0.0000000000000000 0.0000000000000000
0.0000000000000000 0.0000000000000000 0.0000000000000000 0.0000000000000000 0.0000000000000000 0.0000000000000000
0.0000000000000000 0.0000000000000000 0.0000000000000000 0.0000000000000000 0.0000000000000000 0.0000000000000000
0.0000000000000000 0.0000000000000000 0.0000000000000000 0.0000000000000000 0.0000000000000000 0.0000000000000000
0.0000000000000000 0.0000000000000000 0.0000000000000000 0.0000000000000000 0.0000000000000000 0.0000000000000000
0.0000000000000000 0.0000000000000000 0.0000000000000000 0.0000000000000000 0.0000000000000000 0.0000000000000000
0.1000000089406967 0.1000000089406967 0.1000000089406967 0.1000000089406967 0.1000000089406967 0.1000000089406967
0.1000000089406967 0.1000000089406967 0.1000000089406967 0.1000000089406967 0.1000000089406967 0.1000000089406967
0.1000000089406967 0.1000000089406967 0.1000000089406967 0.1000000089406967 0.1000000089406967 0.1000000089406967
0.1000000089406967 0.1000000089406967 0.1000000089406967 0.1000000089406967 0.1000000089406967 0.1000000089406967
0.0000000000000000 0.0000000000000000 0.0000000000000000 0.0000000000000000 0.0000000000000000 0.0000000000000000
0.1000000089406967 0.1000000089406967 0.1000000089406967 0.1000000089406967 0.1000000089406967 0.1000000089406967
0.0000000000000000 0.0000000000000000 0.0000000000000000 0.0000000000000000 0.0000000000000000 0.0000000000000000
0.0000000000000000 0.0000000000000000 0.0000000000000000 0.0000000000000000 0.0000000000000000 0.0000000000000000
0.0000000000000000 0.0000000000000000 0.0000000000000000 0.0000000000000000 0.0000000000000000 0.0000000000000000
0.0000000000000000 0.0000000000000000 0.0000000000000000 0.0000000000000000 0.0000000000000000 0.0000000000000000
0.0000000000000000 0.0000000000000000 0.0000000000000000 0.0000000000000000 0.0000000000000000 0.0000000000000000
0.0000000000000000 0.0000000000000000 0.0000000000000000 0.0000000000000000 0.0000000000000000 0.0000000000000000
0.0000000000000000 0.0000000000000000 0.0000000000000000 0.0000000000000000 0.0000000000000000 0.0000000000000000
0.0000000000000000 0.0000000000000000 0.0000000000000000 0.0000000000000000 0.0000000000000000 0.0000000000000000
0.1000000089406967 0.1000000089406967 0.1000000089406967 0.1000000089406967 0.1000000089406967 0.1000000089406967
0.0000000000000000 0.0000000000000000 0.0000000000000000 0.0000000000000000 0.0000000000000000 0.0000000000000000
0.1000000089406967 0.1000000089406967 0.1000000089406967 0.1000000089406967 0.1000000089406967 0.1000000089406967
0.1000000089406967 0.1000000089406967 0.1000000089406967 0.1000000089406967 0.1000000089406967 0.1000000089406967
0.1000000089406967 0.1000000089406967 0.1000000089406967 0.1000000089406967 0.1000000089406967 0.1000000089406967
0.1000000089406967 0.1000000089406967 0.1000000089406967 0.1000000089406967 0.1000000089406967 0.1000000089406967
0.1000000089406967 0.1000000089406967 0.1000000089406967 0.1000000089406967 0.1000000089406967 0.1000000089406967
0.1000000089406967 0.1000000089406967 0.1000000089406967 0.1000000089406967 0.1000000089406967 0.1000000089406967
0.0000000000000000 0.0000000000000000 0.0000000000000000 0.0000000000000000 0.0000000000000000 0.0000000000000000
0.0000000000000000 0.0000000000000000 0.0000000000000000 0.0000000000000000 0.0000000000000000 0.0000000000000000
0.0000000000000000 0.0000000000000000 0.0000000000000000 0.0000000000000000 0.0000000000000000 0.0000000000000000
0.0000000000000000 0.0000000000000000 0.0000000000000000 0.0000000000000000 0.0000000000000000 0.0000000000000000
0.0000000000000000 0.0000000000000000 0.0000000000000000 0.0000000000000000 0.0000000000000000 0.0000000000000000
0.0000000000000000 0.0000000000000000 0.0000000000000000 0.0000000000000000 0.0000000000000000 0.0000000000000000
0.0000000000000000 0.0000000000000000 0.0000000000000000 0.0000000000000000 0.0000000000000000 0.0000000000000000
0.0000000000000000 0.0000000000000000 0.0000000000000000 0.0000000000000000 0.0000000000000000 0.0000000000000000
0.1000000089406967 0.1000000089406967 0.1000000089406967 0.1000000089406967 0.1000000089406967 0.1000000089406967
0.0000000000000000 0.0000000000000000 0.0000000000000000 0.0000000000000000 0.0000000000000000 0.0000000000000000
0.1000000089406967 0.1000000089406967 0.1000000089406967 0.1000000089406967 0.1000000089406967 0.1000000089406967
0.1000000089406967 0.1000000089406967 0.1000000089406967 0.1000000089406967 0.1000000089406967 0.1000000089406967
0.1000000089406967 0.1000000089406967 0.1000000089406967 0.1000000089406967 0.1000000089406967 0.1000000089406967
0.1000000089406967 0.1000000089406967 0.1000000089406967 0.1000000089406967 0.1000000089406967 0.1000000089406967
0.1000000089406967 0.1000000089406967 0.1000000089406967 0.1000000089406967 0.1000000089406967 0.1000000089406967
0.1000000089406967 0.1000000089406967 0.1000000089406967 0.1000000089406967 0.1000000089406967 0.1000000089406967
0.0000000000000000 0.0000000000000000 0.0000000000000000 0.0000000000000000 0.0000000000000000 0.0000000000000000
0.0000000000000000 0.0000000000000000 0.0000000000000000 0.0000000000000000 0.0000000000000000 0.0000000000000000
0.0000000000000000 0.0000000000000000 0.0000000000000000 0.0000000000000000 0.0000000000000000 0.0000000000000000
0.0000000000000000 0.0000000000000000 0.0000000000000000 0.0000000000000000 0.0000000000000000 0.0000000000000000
0.0000000000000000 0.0000000000000000 0.0000000000000000 0.0000000000000000 0.0000000000000000 0.0000000000000000
0.0000000000000000 0.0000000000000000 0.0000000000000000 0.0000000000000000 0.0000000000000000 0.0000000000000000
0.0000000000000000 0.0000000000000000 0.0000000000000000 0.0000000000000000 0.0000000000000000 0.0000000000000000
0.0000000000000000 0.0000000000000000 0.0000000000000000 0.0000000000000000 0.0000000000000000 0.0000000000000000
0.0000000000000000 0.0000000000000000 0.0000000000000000 0.0000000000000000 0.0000000000000000 0.0000000000000000
0.0000000000000000 0.0000000000000000 0.0000000000000000 0.0000000000000000 0.0000000000000000 0.0000000000000000
0.0000000000000000 0.0000000000000000 0.0000000000000000 0.0000000000000000 0.0000000000000000 0.0000000000000000
0.0000000000000000 0.0000000000000000 0.0000000000000000 0.0000000000000000 0.0000000000000000 0.0000000000000000
0.0000000000000000 0.0000000000000000 0.0000000000000000 0.0000000000000000 0.0000000000000000 0.0000000000000000
0.0000000000000000 0.0000000000000000 0.0000000000000000 0.0000000000000000 0.0000000000000000 0.0000000000000000
0.0000000000000000 0.0000000000000000 0.0000000000000000 0.0000000000000000 0.0000000000000000 0.0000000000000000
0.0000000000000000 0.0000000000000000 0.0000000000000000 0.0000000000000000 0.0000000000000000 0.0000000000000000
0.0000000000000000 0.0000000000000000 0.0000000000000000 0.0000000000000000 0.0000000000000000 0.0000000000000000
0.0000000000000000 0.0000000000000000 0.0000000000000000 0.0000000000000000 0.0000000000000000 0.0000000000000000
0.0000000000000000 0.0000000000000000 0.0000000000000000 0.0000000000000000 0.0000000000000000 0.0000000000000000
0.0000000000000000 0.0000000000000000 0.0000000000000000 0.0000000000000000 0.0000000000000000 0.0000000000000000
0.0000000000000000 0.0000000000000000 0.0000000000000000 0.0000000000000000 0.0000000000000000 0.0000000000000000
0.0000000000000000 0.0000000000000000 0.0000000000000000 0.0000000000000000 0.0000000000000000 0.0000000000000000
0.0000000000000000 0.0000000000000000 0.0000000000000000 0.0000000000000000 0.0000000000000000 0.0000000000000000
0.0000000000000000 0.0000000000000000 0.0000000000000000 0.0000000000000000 0.0000000000000000 0.0000000000000000
0.0000000000000000 0.0000000000000000 0.0000000000000000 0.0000000000000000 0.0000000000000000 0.0000000000000000
0.0000000000000000 0.0000000000000000 0.0000000000000000 0.0000000000000000 0.0000000000000000 0.0000000000000000
0.0000000000000000 0.0000000000000000 0.0000000000000000 0.0000000000000000 0.0000000000000000 0.0000000000000000
0.0000000000000000 0.0000000000000000 0.0000000000000000 0.0000000000000000 0.0000000000000000 0.0000000000000000
0.0000000000000000 0.0000000000000000 0.0000000000000000 0.0000000000000000 0.0000000000000000 0.0000000000000000
0.0000000000000000 0.0000000000000000 0.0000000000000000 0.0000000000000000 0.0000000000000000 0.0000000000000000
0.0000000000000000 0.0000000000000000 0.0000000000000000 0.0000000000000000 0.0000000000000000 0.0000000000000000
0.0000000000000000 0.0000000000000000 0.0000000000000000 0.0000000000000000 0.0000000000000000 0.0000000000000000
0.0000000000000000 0.0000000000000000 0.0000000000000000 0.0000000000000000 0.0000000000000000 0.0000000000000000
0.0000000000000000 0.0000000000000000 0.0000000000000000 0.0000000000000000 0.0000000000000000 0.0000000000000000
0.0000000000000000 0.0000000000000000 0.0000000000000000 0.0000000000000000 0.0000000000000000 0.0000000000000000
0.0000000000000000 0.0000000000000000 0.0000000000000000 0.0000000000000000 0.0000000000000000 0.0000000000000000
0.0000000000000000 0.0000000000000000 0.0000000000000000 0.0000000000000000 0.0000000000000000 0.0000000000000000
0.0000000000000000 0.0000000000000000 0.0000000000000000 0.0000000000000000 0.0000000000000000 0.0000000000000000
0.0000000000000000 0.0000000000000000 0.0000000000000000 0.0000000000000000 0.0000000000000000 0.0000000000000000
0.0000000000000000 0.0000000000000000 0.0000000000000000 0.0000000000000000 0.0000000000000000 0.0000000000000000
0.0000000000000000 0.0000000000000000 0.0000000000000000 0.0000000000000000 0.0000000000000000 0.0000000000000000
0.0000000000000000 0.0000000000000000 0.0000000000000000 0.0000000000000000 0.0000000000000000 0.0000000000000000
0.0000000000000000 0.0000000000000000 0.0000000000000000 0.0000000000000000 0.0000000000000000 0.0000000000000000
0.0000000000000000 0.0000000000000000 0.0000000000000000 0.0000000000000000 0.0000000000000000 0.0000000000000000
0.0000000000000000 0.0000000000000000 0.0000000000000000 0.0000000000000000 0.0000000000000000 0.0000000000000000
0.0000000000000000 0.0000000000000000 0.0000000000000000 0.0000000000000000 0.0000000000000000 0.0000000000000000
0.0000000000000000 0.0000000000000000 0.0000000000000000 0.0000000000000000 0.0000000000000000 0.0000000000000000
0.0000000000000000 0.0000000000000000 0.0000000000000000 0.0000000000000000 0.0000000000000000 0.0000000000000000
0.0000000000000000 0.0000000000000000 0.0000000000000000 0.0000000000000000 0.0000000000000000 0.0000000000000000
0.0000000000000000 0.0000000000000000 0.0000000000000000 0.0000000000000000 0.0000000000000000 0.0000000000000000
0.0000000000000000 0.0000000000000000 0.0000000000000000 0.0000000000000000 0.0000000000000000 0.0000000000000000
0.0000000000000000 0.0000000000000000 0.0000000000000000 0.0000000000000000 0.0000000000000000 0.0000000000000000
0.0000000000000000 0.0000000000000000 0.0000000000000000 0.0000000000000000 0.0000000000000000 0.0000000000000000
0.0000000000000000 0.0000000000000000 0.0000000000000000 0.0000000000000000 0.0000000000000000 0.0000000000000000
0.0000000000000000 0.0000000000000000 0.0000000000000000 0.0000000000000000 0.0000000000000000 0.0000000000000000
0.0000000000000000 0.0000000000000000 0.0000000000000000 0.0000000000000000 0.0000000000000000 0.0000000000000000
0.0000000000000000 0.0000000000000000 0.0000000000000000 0.0000000000000000 0.0000000000000000 0.0000000000000000
0.0000000000000000 0.0000000000000000 0.0000000000000000 0.0000000000000000 0.0000000000000000 0.0000000000000000
0.0000000000000000 0.0000000000000000 0.0000000000000000 0.0000000000000000 0.0000000000000000 0.0000000000000000
0.0000000000000000 0.0000000000000000 0.0000000000000000 0.0000000000000000 0.0000000000000000 0.0000000000000000
0.0000000000000000 0.0000000000000000 0.0000000000000000 0.0000000000000000 0.0000000000000000 0.0000000000000000
1.0000000000000000 1.0000000000000000 1.0000000000000000 1.0000000000000000 0
1.0000000000000000 1.0000000000000000 1.0000000000000000 1.0000000000000000 0
1.0000000000000000 1.0000000000000000 1.0000000000000000 1.0000000000000000 0
1.0000000000000000 1.0000000000000000 1.0000000000000000 1.0000000000000000 0
1.0000000000000000 1.0000000000000000 1.0000000000000000 1.0000000000000000 0
1.0000000000000000 1.0000000000000000 1.0000000000000000 1.0000000000000000 0
1.0000000000000000 1.0000000000000000 1.0000000000000000 1.0000000000000000 0
1.0000000000000000 1.0000000000000000 1.0000000000000000 1.0000000000000000 0
1.0000000000000000 1.0000000000000000 1.0000000000000000 1.0000000000000000 0
1.0000000000000000 1.0000000000000000 1.0000000000000000 1.0000000000000000 0
1.0000000000000000 1.0000000000000000 1.0000000000000000 1.0000000000000000 0
1.0000000000000000 1.0000000000000000 1.0000000000000000 1.0000000000000000 0
1.0000000000000000 1.0000000000000000 1.0000000000000000 1.0000000000000000 0
1.0000000000000000 1.0000000000000000 1.0000000000000000 1.0000000000000000 0
1.0000000000000000 1.0000000000000000 1.0000000000000000 1.0000000000000000 0
1.0000000000000000 1.0000000000000000 1.0000000000000000 1.0000000000000000 0
1.0000000000000000 1.0000000000000000 1.0000000000000000 1.0000000000000000 0
1.0000000000000000 1.0000000000000000 1.0000000000000000 1.0000000000000000 0
1.0000000000000000 1.0000000000000000 1.0000000000000000 1.0000000000000000 0
1.0000000000000000 1.0000000000000000 1.0000000000000000 1.0000000000000000 0
1.0000000000000000 1.0000000000000000 1.0000000000000000 1.0000000000000000 0
1.0000000000000000 1.0000000000000000 1.0000000000000000 1.0000000000000000 0
1.0000000000000000 1.0000000000000000 1.0000000000000000 1.0000000000000000 0
1.0000000000000000 1.0000000000000000 1.0000000000000000 1.0000000000000000 0
1.0000000000000000 1.0000000000000000 1.0000000000000000 1.0000000000000000 0
1.0000000000000000 1.0000000000000000 1.0000000000000000 1.0000000000000000 0
1.0000000000000000 1.0000000000000000 1.0000000000000000 1.0000000000000000 0
1.0000000000000000 1.0000000000000000 1.0000000000000000 1.0000000000000000 0
1.0000000000000000 1.0000000000000000 1.0000000000000000 1.0000000000000000 0
1.0000000000000000 1.0000000000000000 1.0000000000000000 1.0000000000000000 0
1.0000000000000000 1.0000000000000000 1.0000000000000000 1.0000000000000000 0
1.0000000000000000 1.0000000000000000 1.0000000000000000 1.0000000000000000 0
1.0000000000000000 1.0000000000000000 1.0000000000000000 1.0000000000000000 0
1.0000000000000000 1.0000000000000000 1.0000000000000000 1.0000000000000000 0
1.0000000000000000 1.0000000000000000 1.0000000000000000 1.0000000000000000 0
1.0000000000000000 1.0000000000000000 1.0000000000000000 1.0000000000000000 0
1.0000000000000000 1.0000000000000000 1.0000000000000000 1.0000000000000000 0
1.0000000000000000 1.0000000000000000 1.0000000000000000 1.0000000000000000 0
1.0000000000000000 1.0000000000000000 1.0000000000000000 1.0000000000000000 0
1.0000000000000000 1.0000000000000000 1.0000000000000000 1.0000000000000000 0
1.0000000000000000 1.0000000000000000 1.0000000000000000 1.0000000000000000 0
1.0000000000000000 1.0000000000000000 1.0000000000000000 1.0000000000000000 0
1.0000000000000000 1.0000000000000000 1.0000000000000000 1.0000000000000000 0
1.0000000000000000 1.0000000000000000 1.0000000000000000 1.0000000000000000 0
1.0000000000000000 1.0000000000000000 1.0000000000000000 1.0000000000000000 0
1.0000000000000000 1.0000000000000000 1.0000000000000000 1.0000000000000000 0
1.0000000000000000 1.0000000000000000 1.0000000000000000 1.0000000000000000 0
1.0000000000000000 1.0000000000000000 1.0000000000000000 1.0000000000000000 0
1.0000000000000000 1.0000000000000000 1.0000000000000000 1.0000000000000000 0
1.0000000000000000 1.0000000000000000 1.0000000000000000 1.0000000000000000 0
1.0000000000000000 1.0000000000000000 1.0000000000000000 1.0000000000000000 0
1.0000000000000000 1.0000000000000000 1.0000000000000000 1.0000000000000000 0
1.0000000000000000 1.0000000000000000 1.0000000000000000 1.0000000000000000 0
1.0000000000000000 1.0000000000000000 1.0000000000000000 1.0000000000000000 0
1.0000000000000000 1.0000000000000000 1.0000000000000000 1.0000000000000000 0
1.0000000000000000 1.0000000000000000 1.0000000000000000 1.0000000000000000 0
1.0000000000000000 1.0000000000000000 1.0000000000000000 1.0000000000000000 0
1.0000000000000000 1.0000000000000000 1.0000000000000000 1.0000000000000000 0
1.0000000000000000 1.0000000000000000 1.0000000000000000 1.0000000000000000 0
1.0000000000000000 1.0000000000000000 1.0000000000000000 1.0000000000000000 0
1.0000000000000000 1.0000000000000000 1.0000000000000000 1.0000000000000000 0
1.0000000000000000 1.0000000000000000 1.0000000000000000 1.0000000000000000 0
1.0000000000000000 1.0000000000000000 1.0000000000000000 1.0000000000000000 0
1.0000000000000000 1.0000000000000000 1.0000000000000000 1.0000000000000000 0
0.0000000000000000 0.0000000000000000 0.0000000000000000 0.0000000000000000 0.0000000000000000 0.0000000000000000
0.0000000000000000 0.0000000000000000 0.0000000000000000 0.0000000000000000 0.0000000000000000 0.0000000000000000
0.0000000000000000 0.0000000000000000 0.0000000000000000 0.0000000000000000 0.0000000000000000 0.0000000000000000
0.0000000000000000 0.0000000000000000 0.0000000000000000 0.0000000000000000 0.0000000000000000 0.0000000000000000
0.0000000000000000 0.0000000000000000 0.0000000000000000 0.0000000000000000 0.0000000000000000 0.0000000000000000
0.0000000000000000 0.0000000000000000 0.0000000000000000 0.0000000000000000 0.0000000000000000 0.0000000000000000
0.0000000000000000 0.0000000000000000 0.0000000000000000 0.0000000000000000 0.0000000000000000 0.0000000000000000
0.0000000000000000 0.0000000000000000 0.0000000000000000 0.0000000000000000 0.0000000000000000 0.0000000000000000
0.0000000000000000 0.0000000000000000 0.0000000000000000 0.0000000000000000 0.0000000000000000 0.0000000000000000
0.0000000000000000 0.0000000000000000 0.0000000000000000 0.0000000000000000 0.0000000000000000 0.0000000000000000
0.0000000000000000 0.0000000000000000 0.0000000000000000 0.0000000000000000 0.0000000000000000 0.0000000000000000
0.0000000000000000 0.0000000000000000 0.0000000000000000 0.0000000000000000 0.0000000000000000 0.0000000000000000
0.0000000000000000 0.0000000000000000 0.0000000000000000 0.0000000000000000 0.0000000000000000 0.0000000000000000
0.0000000000000000 0.0000000000000000 0.0000000000000000 0.0000000000000000 0.0000000000000000 0.0000000000000000
0.0000000000000000 0.0000000000000000 0.0000000000000000 0.0000000000000000 0.0000000000000000 0.0000000000000000
0.0000000000000000 0.0000000000000000 0.0000000000000000 0.0000000000000000 0.0000000000000000 0.0000000000000000
0.0000000000000000 0.0000000000000000 0.0000000000000000 0.0000000000000000 0.0000000000000000 0.0000000000000000
0.0000000000000000 0.0000000000000000 0.0000000000000000 0.0000000000000000 0.0000000000000000 0.0000000000000000
0.0000000000000000 0.0000000000000000 0.0000000000000000 0.0000000000000000 0.0000000000000000 0.0000000000000000
0.0000000000000000 0.0000000000000000 0.0000000000000000 0.0000000000000000 0.0000000000000000 0.0000000000000000
0.0000000000000000 0.0000000000000000 0.0000000000000000 0.0000000000000000 0.0000000000000000 0.0000000000000000
0.0000000000000000 0.0000000000000000 0.0000000000000000 0.0000000000000000 0.0000000000000000 0.0000000000000000
0.0000000000000000 0.0000000000000000 0.0000000000000000 0.0000000000000000 0.0000000000000000 0.0000000000000000
0.0000000000000000 0.0000000000000000 0.0000000000000000 0.0000000000000000 0.0000000000000000 0.0000000000000000
0.0000000000000000 0.0000000000000000 0.0000000000000000 0.0000000000000000 0.0000000000000000 0.0000000000000000
0.0000000000000000 0.0000000000000000 0.0000000000000000 0.0000000000000000 0.0000000000000000 0.0000000000000000
0.0000000000000000 0.0000000000000000 0.0000000000000000 0.0000000000000000 0.0000000000000000 0.0000000000000000
0.0000000000000000 0.0000000000000000 0.0000000000000000 0.0000000000000000 0.0000000000000000 0.0000000000000000
0.0000000000000000 0.0000000000000000 0.0000000000000000 0.0000000000000000 0.0000000000000000 0.0000000000000000
0.0000000000000000 0.0000000000000000 0.0000000000000000 0.0000000000000000 0.0000000000000000 0.0000000000000000
0.1000000089406967 0.1000000089406967 0.1000000089406967 0.1000000089406967 0.1000000089406967 0.1000000089406967
0.0000000000000000 0.0000000000000000 0.0000000000000000 0.0000000000000000 0.0000000000000000 0.0000000000000000
0.1000000089406967 0.1000000089406967 0.1000000089406967 0.1000000089406967 0.1000000089406967 0.1000000089406967
0.0000000000000000 0.0000000000000000 0.0000000000000000 0.0000000000000000 0.0000000000000000 0.0000000000000000
0.0000000000000000 0.0000000000000000 0.0000000000000000 0.0000000000000000 0.0000000000000000 0.0000000000000000
0.0000000000000000 0.0000000000000000 0.0000000000000000 0.0000000000000000 0.0000000000000000 0.0000000000000000
0.0000000000000000 0.0000000000000000 0.0000000000000000 0.0000000000000000 0.0000000000000000 0.0000000000000000
0.0000000000000000 0.0000000000000000 0.0000000000000000 0.0000000000000000 0.0000000000000000 0.0000000000000000
0.0000000000000000 0.0000000000000000 0.0000000000000000 0.0000000000000000 0.0000000000000000 0.0000000000000000
0.0000000000000000 0.0000000000000000 0.0000000000000000 0.0000000000000000 0.0000000000000000 0.0000000000000000
0.0000000000000000 0.0000000000000000 0.0000000000000000 0.0000000000000000 0.0000000000000000 0.0000000000000000
0.0000000000000000 0.0000000000000000 0.0000000000000000 0.0000000000000000 0.0000000000000000 0.0000000000000000
0.0000000000000000 0.0000000000000000 0.0000000000000000 0.0000000000000000 0.0000000000000000 0.0000000000000000
0.1000000089406967 0.1000000089406967 0.1000000089406967 0.1000000089406967 0.1000000089406967 0.1000000089406967
0.1000000089406967 0.1000000089406967 0.1000000089406967 0.1000000089406967 0.1000000089406967 0.1000000089406967
0.1000000089406967 0.1000000089406967 0.1000000089406967 0.1000000089406967 0.1000000089406967 0.1000000089406967
0.1000000089406967 0.1000000089406967 0.1000000089406967 0.1000000089406967 0.1000000089406967 0.1000000089406967
0.1000000089406967 0.1000000089406967 0.1000000089406967 0.1000000089406967 0.1000000089406967 0.1000000089406967
0.1000000089406967 0.1000000089406967 0.1000000089406967 0.1000000089406967 0.1000000089406967 0.1000000089406967
0.0000000000000000 0.0000000000000000 0.0000000000000000 0.0000000000000000 0.0000000000000000 0.0000000000000000
0.1000000089406967 0.1000000089406967 0.1000000089406967 0.1000000089406967 0.1000000089406967 0.1000000089406967
0.0000000000000000 0.0000000000000000 0.0000000000000000 0.0000000000000000 0.0000000000000000 0.0000000000000000
0.0000000000000000 0.0000000000000000 0.0000000000000000 0.0000000000000000 0.0000000000000000 0.0000000000000000
0.0000000000000000 0.0000000000000000 0.0000000000000000 0.0000000000000000 0.0000000000000000 0.0000000000000000
0.0000000000000000 0.0000000000000000 0.0000000000000000 0.0000000000000000 0.0000000000000000 0.0000000000000000
0.0000000000000000 0.0000000000000000 0.0000000000000000 0.0000000000000000 0.0000000000000000 0.0000000000000000
0.0000000000000000 0.0000000000000000 0.0000000000000000 0.0000000000000000 0.0000000000000000 0.0000000000000000
0.0000000000000000 0.0000000000000000 0.0000000000000000 0.0000000000000000 0.0000000000000000 0.0000000000000000
0.0000000000000000 0.0000000000000000 0.0000000000000000 0.0000000000000000 0.0000000000000000 0.0000000000000000
0.1000000089406967 0.1000000089406967 0.1000000089406967 0.1000000089406967 0.1000000089406967 0.1000000089406967
0.1000000089406967 0.1000000089406967 0.1000000089406967 0.1000000089406967 0.1000000089406967 0.1000000089406967
0.1000000089406967 0.1000000089406967 0.1000000089406967 0.1000000089406967 0.1000000089406967 0.1000000089406967
0.1000000089406967 0.1000000089406967 0.1000000089406967 0.1000000089406967 0.1000000089406967 0.1000000089406967
0.1000000089406967 0.1000000089406967 0.1000000089406967 0.1000000089406967 0.1000000089406967 0.1000000089406967
0.1000000089406967 0.1000000089406967 0.1000000089406967 0.1000000089406967 0.1000000089406967 0.1000000089406967
0.0000000000000000 0.0000000000000000 0.0000000000000000 0.0000000000000000 0.0000000000000000 0.0000000000000000
0.0000000000000000 0.0000000000000000 0.0000000000000000 0.0000000000000000 0.0000000000000000 0.0000000000000000
0.0000000000000000 0.0000000000000000 0.0000000000000000 0.0000000000000000 0.0000000000000000 0.0000000000000000
0.0000000000000000 0.0000000000000000 0.0000000000000000 0.0000000000000000 0.0000000000000000 0.0000000000000000
0.0000000000000000 0.0000000000000000 0.0000000000000000 0.0000000000000000 0.0000000000000000 0.0000000000000000
0.0000000000000000 0.0000000000000000 0.0000000000000000 0.0000000000000000 0.0000000000000000 0.0000000000000000
0.0000000000000000 0.0000000000000000 0.0000000000000000 0.0000000000000000 0.0000000000000000 0.0000000000000000
0.0000000000000000 0.0000000000000000 0.0000000000000000 0.0000000000000000 0.0000000000000000 0.0000000000000000
0.0000000000000000 0.0000000000000000 0.0000000000000000 0.0000000000000000 0.0000000000000000 0.0000000000000000
0.0000000000000000 0.0000000000000000 0.0000000000000000 0.0000000000000000 0.0000000000000000 0.0000000000000000
0.1000000089406967 0.1000000089406967 0.1000000089406967 0.1000000089406967 0.1000000089406967 0.1000000089406967
0.0000000000000000 0.0000000000000000 0.0000000000000000 0.0000000000000000 0.0000000000000000 0.0000000000000000
0.1000000089406967 0.1000000089406967 0.1000000089406967 0.1000000089406967 0.1000000089406967 0.1000000089406967
0.0000000000000000 0.0000000000000000 0.0000000000000000 0.0000000000000000 0.0000000000000000 0.0000000000000000
0.1000000089406967 0.1000000089406967 0.1000000089406967 0.1000000089406967 0.1000000089406967 0.1000000089406967
0.0000000000000000 0.0000000000000000 0.0000000000000000 0.0000000000000000 0.0000000000000000 0.0000000000000000
0.0000000000000000 0.0000000000000000 0.0000000000000000 0.0000000000000000 0.0000000000000000 0.0000000000000000
0.0000000000000000 0.0000000000000000 0.0000000000000000 0.0000000000000000 0.0000000000000000 0.0000000000000000
0.0000000000000000 0.0000000000000000 0.0000000000000000 0.0000000000000000 0.0000000000000000 0.0000000000000000
0.0000000000000000 0.0000000000000000 0.0000000000000000 0.0000000000000000 0.0000000000000000 0.0000000000000000
0.0000000000000000 0.0000000000000000 0.0000000000000000 0.0000000000000000 0.0000000000000000 0.0000000000000000
0.0000000000000000 0.0000000000000000 0.0000000000000000 0.0000000000000000 0.0000000000000000 0.0000000000000000
0.0000000000000000 0.0000000000000000 0.0000000000000000 0.0000000000000000 0.0000000000000000 0.0000000000000000
0.0000000000000000 0.0000000000000000 0.0000000000000000 0.0000000000000000 0.0000000000000000 0.0000000000000000
0.0000000000000000 0.0000000000000000 0.0000000000000000 0.0000000000000000 0.0000000000000000 0.0000000000000000
0.0000000000000000 0.0000000000000000 0.0000000000000000 0.0000000000000000 0.0000000000000000 0.0000000000000000
0.0000000000000000 0.0000000000000000 0.0000000000000000 0.0000000000000000 0.0000000000000000 0.0000000000000000
0.0000000000000000 0.0000000000000000 0.0000000000000000 0.0000000000000000 0.0000000000000000 0.0000000000000000
0.0000000000000000 0.0000000000000000 0.0000000000000000 0.0000000000000000 0.0000000000000000 0.0000000000000000
0.0000000000000000 0.0000000000000000 0.0000000000000000 0.0000000000000000 0.0000000000000000 0.0000000000000000
0.0000000000000000 0.0000000000000000 0.0000000000000000 0.0000000000000000 0.0000000000000000 0.0000000000000000
0.0000000000000000 0.0000000000000000 0.0000000000000000 0.0000000000000000 0.0000000000000000 0.0000000000000000
0.0000000000000000 0.0000000000000000 0.0000000000000000 0.0000000000000000 0.0000000000000000 0.0000000000000000
0.0000000000000000 0.0000000000000000 0.0000000000000000 0.0000000000000000 0.0000000000000000 0.0000000000000000
0.0000000000000000 0.0000000000000000 0.0000000000000000 0.0000000000000000 0.0000000000000000 0.0000000000000000
0.0000000000000000 0.0000000000000000 0.0000000000000000 0.0000000000000000 0.0000000000000000 0.0000000000000000
0.0000000000000000 0.0000000000000000 0.0000000000000000 0.0000000000000000 0.0000000000000000 0.0000000000000000
0.0000000000000000 0.0000000000000000 0.0000000000000000 0.0000000000000000 0.0000000000000000 0.0000000000000000
0.0000000000000000 0.0000000000000000 0.0000000000000000 0.0000000000000000 0.0000000000000000 0.0000000000000000
0.0000000000000000 0.0000000000000000 0.0000000000000000 0.0000000000000000 0.0000000000000000 0.0000000000000000
0.0000000000000000 0.0000000000000000 0.0000000000000000 0.0000000000000000 0.0000000000000000 0.0000000000000000
0.0000000000000000 0.0000000000000000 0.0000000000000000 0.0000000000000000 0.0000000000000000 0.0000000000000000
0.0000000000000000 0.0000000000000000 0.0000000000000000 0.0000000000000000 0.0000000000000000 0.0000000000000000
0.0000000000000000 0.0000000000000000 0.0000000000000000 0.0000000000000000 0.0000000000000000 0.0000000000000000
0.0000000000000000 0.0000000000000000 0.0000000000000000 0.0000000000000000 0.0000000000000000 0.0000000000000000
0.0000000000000000 0.0000000000000000 0.0000000000000000 0.0000000000000000 0.0000000000000000 0.0000000000000000
0.0000000000000000 0.0000000000000000 0.0000000000000000 0.0000000000000000 0.0000000000000000 0.0000000000000000
0.0000000000000000 0.0000000000000000 0.0000000000000000 0.0000000000000000 0.0000000000000000 0.0000000000000000
0.0000000000000000 0.0000000000000000 0.0000000000000000 0.0000000000000000 0.0000000000000000 0.0000000000000000
0.0000000000000000 0.0000000000000000 0.0000000000000000 0.0000000000000000 0.0000000000000000 0.0000000000000000
0.0000000000000000 0.0000000000000000 0.0000000000000000 0.0000000000000000 0.0000000000000000 0.0000000000000000
0.0000000000000000 0.0000000000000000 0.0000000000000000 0.0000000000000000 0.0000000000000000 0.0000000000000000
0.0000000000000000 0.0000000000000000 0.0000000000000000 0.0000000000000000 0.0000000000000000 0.0000000000000000
0.0000000000000000 0.0000000000000000 0.0000000000000000 0.0000000000000000 0.0000000000000000 0.0000000000000000
0.0000000000000000 0.0000000000000000 0.0000000000000000 0.0000000000000000 0.0000000000000000 0.0000000000000000
0.0000000000000000 0.0000000000000000 0.0000000000000000 0.0000000000000000 0.0000000000000000 0.0000000000000000
0.0000000000000000 0.0000000000000000 0.0000000000000000 0.0000000000000000 0.0000000000000000 0.0000000000000000
0.0000000000000000 0.0000000000000000 0.0000000000000000 0.0000000000000000 0.0000000000000000 0.0000000000000000
0.0000000000000000 0.0000000000000000 0.0000000000000000 0.0000000000000000 0.0000000000000000 0.0000000000000000
0.0000000000000000 0.0000000000000000 0.0000000000000000 0.0000000000000000 0.0000000000000000 0.0000000000000000
0.0000000000000000 0.0000000000000000 0.0000000000000000 0.0000000000000000 0.0000000000000000 0.0000000000000000
0.0000000000000000 0.0000000000000000 0.0000000000000000 0.0000000000000000 0.0000000000000000 0.0000000000000000
0.0000000000000000 0.0000000000000000 0.0000000000000000 0.0000000000000000 0.0000000000000000 0.0000000000000000
1.0000000000000000 1.0000000000000000 1.0000000000000000 1.0000000000000000 0
1.0000000000000000 1.0000000000000000 1.0000000000000000 1.0000000000000000 0
1.0000000000000000 1.0000000000000000 1.0000000000000000 1.0000000000000000 0
1.0000000000000000 1.0000000000000000 1.0000000000000000 1.0000000000000000 0
1.0000000000000000 1.0000000000000000 1.0000000000000000 1.0000000000000000 0
1.0000000000000000 1.0000000000000000 1.0000000000000000 1.0000000000000000 0
1.0000000000000000 1.0000000000000000 1.0000000000000000 1.0000000000000000 0
1.0000000000000000 1.0000000000000000 1.0000000000000000 1.0000000000000000 0
1.0000000000000000 1.0000000000000000 1.0000000000000000 1.0000000000000000 0
1.0000000000000000 1.0000000000000000 1.0000000000000000 1.0000000000000000 0
1.0000001192092896 1.0000001192092896 1.0000001192092896 1.0000001192092896 0
1.0000001192092896 1.0000001192092896 1.0000001192092896 1.0000001192092896 0
1.0000001192092896 1.0000001192092896 1.0000001192092896 1.0000001192092896 0
1.0000000000000000 1.0000000000000000 1.0000000000000000 1.0000000000000000 0
1.0000000000000000 1.0000000000000000 1.0000000000000000 1.0000000000000000 0
1.0000000000000000 1.0000000000000000 1.0000000000000000 1.0000000000000000 0
1.0000000000000000 1.0000000000000000 1.0000000000000000 1.0000000000000000 0
1.0000000000000000 1.0000000000000000 1.0000000000000000 1.0000000000000000 0
1.0000001192092896 1.0000001192092896 1.0000001192092896 1.0000001192092896 0
1.0000001192092896 1.0000001192092896 1.0000001192092896 1.0000001192092896 0
1.0000001192092896 1.0000001192092896 1.0000001192092896 1.0000001192092896 0
1.0000000000000000 1.0000000000000000 1.0000000000000000 1.0000000000000000 0
1.0000000000000000 1.0000000000000000 1.0000000000000000 1.0000000000000000 0
1.0000000000000000 1.0000000000000000 1.0000000000000000 1.0000000000000000 0
1.0000000000000000 1.0000000000000000 1.0000000000000000 1.0000000000000000 0
1.0000000000000000 1.0000000000000000 1.0000000000000000 1.0000000000000000 0
1.0000001192092896 1.0000001192092896 1.0000001192092896 1.0000001192092896 0
1.0000001192092896 1.0000001192092896 1.0000001192092896 1.0000001192092896 0
1.0000001192092896 1.0000001192092896 1.0000001192092896 1.0000001192092896 0
1.0000000000000000 1.0000000000000000 1.0000000000000000 1.0000000000000000 0
1.0000000000000000 1.0000000000000000 1.0000000000000000 1.0000000000000000 0
1.0000000000000000 1.0000000000000000 1.0000000000000000 1.0000000000000000 0
1.0000000000000000 1.0000000000000000 1.0000000000000000 1.0000000000000000 0
1.0000000000000000 1.0000000000000000 1.0000000000000000 1.0000000000000000 0
1.0000000000000000 1.0000000000000000 1.0000000000000000 1.0000000000000000 0
1.0000001192092896 1.0000001192092896 1.0000001192092896 1.0000001192092896 0
1.0000000000000000 1.0000000000000000 1.0000000000000000 1.0000000000000000 0
1.0000000000000000 1.0000000000000000 1.0000000000000000 1.0000000000000000 0
1.0000000000000000 1.0000000000000000 1.0000000000000000 1.0000000000000000 0
1.0000000000000000 1.0000000000000000 1.0000000000000000 1.0000000000000000 0
1.0000000000000000 1.0000000000000000 1.0000000000000000 1.0000000000000000 0
1.0000000000000000 1.0000000000000000 1.0000000000000000 1.0000000000000000 0
1.0000000000000000 1.0000000000000000 1.0000000000000000 1.0000000000000000 0
1.0000000000000000 1.0000000000000000 1.0000000000000000 1.0000000000000000 0
1.0000000000000000 1.0000000000000000 1.0000000000000000 1.0000000000000000 0
1.0000000000000000 1.0000000000000000 1.0000000000000000 1.0000000000000000 0
1.0000000000000000 1.0000000000000000 1.0000000000000000 1.0000000000000000 0
1.0000000000000000 1.0000000000000000 1.0000000000000000 1.0000000000000000 0
1.0000000000000000 1.0000000000000000 1.0000000000000000 1.0000000000000000 0
1.0000000000000000 1.0000000000000000 1.0000000000000000 1.0000000000000000 0
1.0000000000000000 1.0000000000000000 1.0000000000000000 1.0000000000000000 0
1.0000000000000000 1.0000000000000000 1.0000000000000000 1.0000000000000000 0
1.0000000000000000 1.0000000000000000 1.0000000000000000 1.0000000000000000 0
1.0000000000000000 1.0000000000000000 1.0000000000000000 1.0000000000000000 0
1.0000000000000000 1.0000000000000000 1.0000000000000000 1.0000000000000000 0
1.0000000000000000 1.0000000000000000 1.0000000000000000 1.0000000000000000 0
1.0000000000000000 1.0000000000000000 1.0000000000000000 1.0000000000000000 0
1.0000000000000000 1.0000000000000000 1.0000000000000000 1.0000000000000000 0
1.0000000000000000 1.0000000000000000 1.0000000000000000 1.0000000000000000 0
1.0000000000000000 1.0000000000000000 1.0000000000000000 1.0000000000000000 0
1.0000000000000000 1.0000000000000000 1.0000000000000000 1.0000000000000000 0
1.0000000000000000 1.0000000000000000 1.0000000000000000 1.0000000000000000 0
1.0000000000000000 1.0000000000000000 1.0000000000000000 1.0000000000000000 0
1.0000000000000000 1.0000000000000000 1.0000000000000000 1.0000000000000000 0
0.1000000089406967 0.1000000089406967 0.1000000089406967 0.1000000089406967 0.1000000089406967 0.1000000089406967
0.0000000000000000 0.0000000000000000 0.0000000000000000 0.0000000000000000 0.0000000000000000 0.0000000000000000
0.1000000089406967 0.1000000089406967 0.1000000089406967 0.1000000089406967 0.1000000089406967 0.1000000089406967
0.0000000000000000 0.0000000000000000 0.0000000000000000 0.0000000000000000 0.0000000000000000 0.0000000000000000
0.1000000089406967 0.1000000089406967 0.1000000089406967 0.1000000089406967 0.1000000089406967 0.1000000089406967
0.1000000089406967 0.1000000089406967 0.1000000089406967 0.1000000089406967 0.1000000089406967 0.1000000089406967
0.1000000089406967 0.1000000089406967 0.1000000089406967 0.1000000089406967 0.1000000089406967 0.1000000089406967
0.1000000089406967 0.1000000089406967 0.1000000089406967 0.1000000089406967 0.1000000089406967 0.1000000089406967
0.1000000163912773 0.1000000163912773 0.1000000163912773 0.1000000163912773 0.1000000163912773 0.1000000163912773
0.1000000089406967 0.1000000089406967 0.1000000089406967 0.1000000089406967 0.1000000089406967 0.1000000089406967
0.1000000089406967 0.1000000089406967 0.1000000089406967 0.1000000089406967 0.1000000089406967 0.1000000089406967
0.1000000163912773 0.1000000163912773 0.1000000163912773 0.1000000163912773 0.1000000163912773 0.1000000163912773
0.1000000089406967 0.1000000089406967 0.1000000089406967 0.1000000089406967 0.1000000089406967 0.1000000089406967
0.1000000089406967 0.1000000089406967 0.1000000089406967 0.1000000089406967 0.1000000089406967 0.1000000089406967
0.1000000163912773 0.1000000163912773 0.1000000163912773 0.1000000163912773 0.1000000163912773 0.1000000163912773
0.1000000089406967 0.1000000089406967 0.1000000089406967 0.1000000089406967 0.1000000089406967 0.1000000089406967
0.0000000000000000 0.0000000000000000 0.0000000000000000 0.0000000000000000 0.0000000000000000 0.0000000000000000
0.1000000089406967 0.1000000089406967 0.1000000089406967 0.1000000089406967 0.1000000089406967 0.1000000089406967
0.0000000000000000 0.0000000000000000 0.0000000000000000 0.0000000000000000 0.0000000000000000 0.0000000000000000
0.0000000000000000 0.0000000000000000 0.0000000000000000 0.0000000000000000 0.0000000000000000 0.0000000000000000
0.0000000000000000 0.0000000000000000 0.0000000000000000 0.0000000000000000 0.0000000000000000 0.0000000000000000
0.0000000000000000 0.0000000000000000 0.0000000000000000 0.0000000000000000 0.0000000000000000 0.0000000000000000
0.0000000000000000 0.0000000000000000 0.0000000000000000 0.0000000000000000 0.0000000000000000 0.0000000000000000
0.0000000000000000 0.0000000000000000 0.0000000000000000 0.0000000000000000 0.0000000000000000 0.0000000000000000
0.1000000089406967 0.1000000089406967 0.1000000089406967 0.1000000089406967 0.1000000089406967 0.1000000089406967
0.0000000000000000 0.0000000000000000 0.0000000000000000 0.0000000000000000 0.0000000000000000 0.0000000000000000
0.1000000089406967 0.1000000089406967 0.1000000089406967 0.1000000089406967 0.1000000089406967 0.1000000089406967
0.1000000163912773 0.1000000163912773 0.1000000163912773 0.1000000163912773 0.1000000163912773 0.1000000163912773
0.1000000163912773 0.1000000163912773 0.1000000163912773 0.1000000163912773 0.1000000163912773 0.1000000163912773
0.1000000238418579 0.1000000238418579 0.1000000238418579 0.1000000238418579 0.1000000238418579 0.1000000238418579
0.1000000238418579 0.1000000238418579 0.1000000238418579 0.1000000238418579 0.1000000238418579 0.1000000238418579
0.1000000312924385 0.1000000312924385 0.1000000312924385 0.1000000312924385 0.1000000312924385 0.1000000312924385
0.1000000461935997 0.1000000461935997 0.1000000461935997 0.1000000461935997 0.1000000461935997 0.1000000461935997
0.1000000163912773 0.1000000163912773 0.1000000163912773 0.1000000163912773 0.1000000163912773 0.1000000163912773
0.1000000387430191 0.1000000387430191 0.1000000387430191 0.1000000387430191 0.1000000387430191 0.1000000387430191
0.1000000089406967 0.1000000089406967 0.1000000089406967 0.1000000089406967 0.1000000089406967 0.1000000089406967
0.1000000089406967 0.1000000089406967 0.1000000089406967 0.1000000089406967 0.1000000089406967 0.1000000089406967
0.0000000000000000 0.0000000000000000 0.0000000000000000 0.0000000000000000 0.0000000000000000 0.0000000000000000
0.1000000089406967 0.1000000089406967 0.1000000089406967 0.1000000089406967 0.1000000089406967 0.1000000089406967
0.0000000000000000 0.0000000000000000 0.0000000000000000 0.0000000000000000 0.0000000000000000 0.0000000000000000
0.1000000089406967 0.1000000089406967 0.1000000089406967 0.1000000089406967 0.1000000089406967 0.1000000089406967
0.0000000000000000 0.0000000000000000 0.0000000000000000 0.0000000000000000 0.0000000000000000 0.0000000000000000
0.1000000089406967 0.1000000089406967 0.1000000089406967 0.1000000089406967 0.1000000089406967 0.1000000089406967
0.1000000312924385 0.1000000312924385 0.1000000312924385 0.1000000312924385 0.1000000312924385 0.1000000312924385
0.1000000238418579 0.1000000238418579 0.1000000238418579 0.1000000238418579 0.1000000238418579 0.1000000238418579
0.1000000610947609 0.1000000610947609 0.1000000610947609 0.1000000610947609 0.1000000610947609 0.1000000610947609
0.1000000536441803 0.1000000536441803 0.1000000536441803 0.1000000536441803 0.1000000536441803 0.1000000536441803
0.1000000685453415 0.1000000685453415 0.1000000685453415 0.1000000685453415 0.1000000685453415 0.1000000685453415
0.1000000759959221 0.1000000759959221 0.1000000759959221 0.1000000759959221 0.1000000759959221 0.1000000759959221
0.1000000312924385 0.1000000312924385 0.1000000312924385 0.1000000312924385 0.1000000312924385 0.1000000312924385
0.1000000685453415 0.1000000685453415 0.1000000685453415 0.1000000685453415 0.1000000685453415 0.1000000685453415
0.1000000089406967 0.1000000089406967 0.1000000089406967 0.1000000089406967 0.1000000089406967 0.1000000089406967
0.1000000238418579 0.1000000238418579 0.1000000238418579 0.1000000238418579 0.1000000238418579 0.1000000238418579
0.0000000000000000 0.0000000000000000 0.0000000000000000 0.0000000000000000 0.0000000000000000 0.0000000000000000
0.1000000089406967 0.1000000089406967 0.1000000089406967 0.1000000089406967 0.1000000089406967 0.1000000089406967
0.0000000000000000 0.0000000000000000 0.0000000000000000 0.0000000000000000 0.0000000000000000 0.0000000000000000
0.1000000089406967 0.1000000089406967 0.1000000089406967 0.1000000089406967 0.1000000089406967 0.1000000089406967
0.1000000089406967 0.1000000089406967 0.1000000089406967 0.1000000089406967 0.1000000089406967 0.1000000089406967
0.0000000000000000 0.0000000000000000 0.0000000000000000 0.0000000000000000 0.0000000000000000 0.0000000000000000
0.1000000387430191 0.1000000387430191 0.1000000387430191 0.1000000387430191 0.1000000387430191 0.1000000387430191
0.1000000163912773 0.1000000163912773 0.1000000163912773 0.1000000163912773 0.1000000163912773 0.1000000163912773
0.1000000610947609 0.1000000610947609 0.1000000610947609 0.1000000610947609 0.1000000610947609 0.1000000610947609
0.1000000387430191 0.1000000387430191 0.1000000387430191 0.1000000387430191 0.1000000387430191 0.1000000387430191
0.1000000685453415 0.1000000685453415 0.1000000685453415 0.1000000685453415 0.1000000685453415 0.1000000685453415
0.1000000685453415 0.1000000685453415 0.1000000685453415 0.1000000685453415 0.1000000685453415 0.1000000685453415
0.1000000461935997 0.1000000461935997 0.1000000461935997 0.1000000461935997 0.1000000461935997 0.1000000461935997
0.1000000536441803 0.1000000536441803 0.1000000536441803 0.1000000536441803 0.1000000536441803 0.1000000536441803
0.1000000089406967 0.1000000089406967 0.1000000089406967 0.1000000089406967 0.1000000089406967 0.1000000089406967
0.1000000163912773 0.1000000163912773 0.1000000163912773 0.1000000163912773 0.1000000163912773 0.1000000163912773
0.1000000089406967 0.1000000089406967 0.1000000089406967 0.1000000089406967 0.1000000089406967 0.1000000089406967
0.1000000089406967 0.1000000089406967 0.1000000089406967 0.1000000089406967 0.1000000089406967 0.1000000089406967
0.0000000000000000 0.0000000000000000 0.0000000000000000 0.0000000000000000 0.0000000000000000 0.0000000000000000
0.0000000000000000 0.0000000000000000 0.0000000000000000 0.0000000000000000 0.0000000000000000 0.0000000000000000
0.0000000000000000 0.0000000000000000 0.0000000000000000 0.0000000000000000 0.0000000000000000 0.0000000000000000
0.0000000000000000 0.0000000000000000 0.0000000000000000 0.0000000000000000 0.0000000000000000 0.0000000000000000
0.1000000238418579 0.1000000238418579 0.1000000238418579 0.1000000238418579 0.1000000238418579 0.1000000238418579
0.0000000000000000 0.0000000000000000 0.0000000000000000 0.0000000000000000 0.0000000000000000 0.0000000000000000
0.1000000387430191 0.1000000387430191 0.1000000387430191 0.1000000387430191 0.1000000387430191 0.1000000387430191
0.1000000238418579 0.1000000238418579 0.1000000238418579 0.1000000238418579 0.1000000238418579 0.1000000238418579
0.1000000387430191 0.1000000387430191 0.1000000387430191 0.1000000387430191 0.1000000387430191 0.1000000387430191
0.1000000312924385 0.1000000312924385 0.1000000312924385 0.1000000312924385 0.1000000312924385 0.1000000312924385
0.1000000312924385 0.1000000312924385 0.1000000312924385 0.1000000312924385 0.1000000312924385 0.1000000312924385
0.1000000312924385 0.1000000312924385 0.1000000312924385 0.1000000312924385 0.1000000312924385 0.1000000312924385
0.1000000089406967 0.1000000089406967 0.1000000089406967 0.1000000089406967 0.1000000089406967 0.1000000089406967
0.1000000089406967 0.1000000089406967 0.1000000089406967 0.1000000089406967 0.1000000089406967 0.1000000089406967
0.0000000000000000 0.0000000000000000 0.0000000000000000 0.0000000000000000 0.0000000000000000 0.0000000000000000
0.0000000000000000 0.0000000000000000 0.0000000000000000 0.0000000000000000 0.0000000000000000 0.0000000000000000
0.0000000000000000 0.0000000000000000 0.0000000000000000 0.0000000000000000 0.0000000000000000 0.0000000000000000
0.0000000000000000 0.0000000000000000 0.0000000000000000 0.0000000000000000 0.0000000000000000 0.0000000000000000
0.0000000000000000 0.0000000000000000 0.0000000000000000 0.0000000000000000 0.0000000000000000 0.0000000000000000
0.0000000000000000 0.0000000000000000 0.0000000000000000 0.0000000000000000 0.0000000000000000 0.0000000000000000
0.0000000000000000 0.0000000000000000 0.0000000000000000 0.0000000000000000 0.0000000000000000 0.0000000000000000
0.0000000000000000 0.0000000000000000 0.0000000000000000 0.0000000000000000 0.0000000000000000 0.0000000000000000
0.1000000238418579 0.1000000238418579 0.1000000238418579 0.1000000238418579 0.1000000238418579 0.1000000238418579
0.0000000000000000 0.0000000000000000 0.0000000000000000 0.0000000000000000 0.0000000000000000 0.0000000000000000
0.1000000238418579 0.1000000238418579 0.1000000238418579 0.1000000238418579 0.1000000238418579 0.1000000238418579
0.1000000089406967 0.1000000089406967 0.1000000089406967 0.1000000089406967 0.1000000089406967 0.1000000089406967
0.1000000089406967 0.1000000089406967 0.1000000089406967 0.1000000089406967 0.1000000089406967 0.1000000089406967
0.1000000089406967 0.1000000089406967 0.1000000089406967 0.1000000089406967 0.1000000089406967 0.1000000089406967
0.0000000000000000 0.0000000000000000 0.0000000000000000 0.0000000000000000 0.0000000000000000 0.0000000000000000
0.0000000000000000 0.0000000000000000 0.0000000000000000 0.0000000000000000 0.0000000000000000 0.0000000000000000
0.0000000000000000 0.0000000000000000 0.0000000000000000 0.0000000000000000 0.0000000000000000 0.0000000000000000
0.0000000000000000 0.0000000000000000 0.0000000000000000 0.0000000000000000 0.0000000000000000 0.0000000000000000
0.0000000000000000 0.0000000000000000 0.0000000000000000 0.0000000000000000 0.0000000000000000 0.0000000000000000
0.0000000000000000 0.0000000000000000 0.0000000000000000 0.0000000000000000 0.0000000000000000 0.0000000000000000
0.0000000000000000 0.0000000000000000 0.0000000000000000 0.0000000000000000 0.0000000000000000 0.0000000000000000
0.0000000000000000 0.0000000000000000 0.0000000000000000 0.0000000000000000 0.0000000000000000 0.0000000000000000
0.0000000000000000 0.0000000000000000 0.0000000000000000 0.0000000000000000 0.0000000000000000 0.0000000000000000
0.0000000000000000 0.0000000000000000 0.0000000000000000 0.0000000000000000 0.0000000000000000 0.0000000000000000
0.0000000000000000 0.0000000000000000 0.0000000000000000 0.0000000000000000 0.0000000000000000 0.0000000000000000
0.0000000000000000 0.0000000000000000 0.0000000000000000 0.0000000000000000 0.0000000000000000 0.0000000000000000
0.0000000000000000 0.0000000000000000 0.0000000000000000 0.0000000000000000 0.0000000000000000 0.0000000000000000
0.1000000089406967 0.1000000089406967 0.1000000089406967 0.1000000089406967 0.1000000089406967 0.1000000089406967
0.0000000000000000 0.0000000000000000 0.0000000000000000 0.0000000000000000 0.0000000000000000 0.0000000000000000
0.0000000000000000 0.0000000000000000 0.0000000000000000 0.0000000000000000 0.0000000000000000 0.0000000000000000
0.0000000000000000 0.0000000000000000 0.0000000000000000 0.0000000000000000 0.0000000000000000 0.0000000000000000
0.0000000000000000 0.0000000000000000 0.0000000000000000 0.0000000000000000 0.0000000000000000 0.0000000000000000
0.0000000000000000 0.0000000000000000 0.0000000000000000 0.0000000000000000 0.0000000000000000 0.0000000000000000
0.0000000000000000 0.0000000000000000 0.0000000000000000 0.0000000000000000 0.0000000000000000 0.0000000000000000
0.0000000000000000 0.0000000000000000 0.0000000000000000 0.0000000000000000 0.0000000000000000 0.0000000000000000
0.0000000000000000 0.0000000000000000 0.0000000000000000 0.0000000000000000 0.0000000000000000 0.0000000000000000
0.0000000000000000 0.0000000000000000 0.0000000000000000 0.0000000000000000 0.0000000000000000 0.0000000000000000
0.0000000000000000 0.0000000000000000 0.0000000000000000 0.0000000000000000 0.0000000000000000 0.0000000000000000
0.1000000089406967 0.1000000089406967 0.1000000089406967 0.1000000089406967 0.1000000089406967 0.1000000089406967
0.1000000089406967 0.1000000089406967 0.1000000089406967 0.1000000089406967 0.1000000089406967 0.1000000089406967
0.0000000000000000 0.0000000000000000 0.0000000000000000 0.0000000000000000 0.0000000000000000 0.0000000000000000
0.0000000000000000 0.0000000000000000 0.0000000000000000 0.0000000000000000 0.0000000000000000 0.0000000000000000
0.0000000000000000 0.0000000000000000 0.0000000000000000 0.0000000000000000 0.0000000000000000 0.0000000000000000
1.0000000000000000 1.0000000000000000 1.0000000000000000 1.0000000000000000 0
1.0000000000000000 1.0000000000000000 1.0000000000000000 1.0000000000000000 0
1.0000000000000000 1.0000000000000000 1.0000000000000000 1.0000000000000000 0
1.0000000000000000 1.0000000000000000 1.0000000000000000 1.0000000000000000 0
1.0000000000000000 1.0000000000000000 1.0000000000000000 1.0000000000000000 0
1.0000000000000000 1.0000000000000000 1.0000000000000000 1.0000000000000000 0
1.0000000000000000 1.0000000000000000 1.0000000000000000 1.0000000000000000 0
1.0000000000000000 1.0000000000000000 1.0000000000000000 1.0000000000000000 0
1.0000000000000000 1.0000000000000000 1.0000000000000000 1.0000000000000000 0
1.0000000000000000 1.0000000000000000 1.0000000000000000 1.0000000000000000 0
1.0000000000000000 1.0000000000000000 1.0000000000000000 1.0000000000000000 0
1.0000000000000000 1.0000000000000000 1.0000000000000000 1.0000000000000000 0
1.0000000000000000 1.0000000000000000 1.0000000000000000 1.0000000000000000 0
1.0000000000000000 1.0000000000000000 1.0000000000000000 1.0000000000000000 0
1.0000000000000000 1.0000000000000000 1.0000000000000000 1.0000000000000000 0
1.0000000000000000 1.0000000000000000 1.0000000000000000 1.0000000000000000 0
1.0000000000000000 1.0000000000000000 1.0000000000000000 1.0000000000000000 0
1.0000000000000000 1.0000000000000000 1.0000000000000000 1.0000000000000000 0
1.0000001192092896 1.0000001192092896 1.0000001192092896 1.0000001192092896 0
1.0000001192092896 1.0000001192092896 1.0000001192092896 1.0000001192092896 0
1.0000000000000000 1.0000000000000000 1.0000000000000000 1.0000000000000000 0
1.0000000000000000 1.0000000000000000 1.0000000000000000 1.0000000000000000 0
1.0000000000000000 1.0000000000000000 1.0000000000000000 1.0000000000000000 0
1.0000000000000000 1.0000000000000000 1.0000000000000000 1.0000000000000000 0
1.0000000000000000 1.0000000000000000 1.0000000000000000 1.0000000000000000 0
1.0000001192092896 1.0000001192092896 1.0000001192092896 1.0000001192092896 0
1.0000001192092896 1.0000001192092896 1.0000001192092896 1.0000001192092896 0
1.0000001192092896 1.0000001192092896 1.0000001192092896 1.0000001192092896 0
1.0000001192092896 1.0000001192092896 1.0000001192092896 1.0000001192092896 0
1.0000000000000000 1.0000000000000000 1.0000000000000000 1.0000000000000000 0
1.0000000000000000 1.0000000000000000 1.0000000000000000 1.0000000000000000 0
1.0000000000000000 1.0000000000000000 1.0000000000000000 1.0000000000000000 0
1.0000000000000000 1.0000000000000000 1.0000000000000000 1.0000000000000000 0
1.0000000000000000 1.0000000000000000 1.0000000000000000 1.0000000000000000 0
1.0000001192092896 1.0000001192092896 1.0000001192092896 1.0000001192092896 0
1.0000001192092896 1.0000001192092896 1.0000001192092896 1.0000001192092896 0
1.0000000000000000 1.0000000000000000 1.0000000000000000 1.0000000000000000 0
1.0000000000000000 1.0000000000000000 1.0000000000000000 1.0000000000000000 0
1.0000000000000000 1.0000000000000000 1.0000000000000000 1.0000000000000000 0
1.0000000000000000 1.0000000000000000 1.0000000000000000 1.0000000000000000 0
1.0000000000000000 1.0000000000000000 1.0000000000000000 1.0000000000000000 0
1.0000000000000000 1.0000000000000000 1.0000000000000000 1.0000000000000000 0
1.0000000000000000 1.0000000000000000 1.0000000000000000 1.0000000000000000 0
1.0000000000000000 1.0000000000000000 1.0000000000000000 1.0000000000000000 0
1.0000000000000000 1.0000000000000000 1.0000000000000000 1.0000000000000000 0
1.0000000000000000 1.0000000000000000 1.0000000000000000 1.0000000000000000 0
1.0000000000000000 1.0000000000000000 1.0000000000000000 1.0000000000000000 0
1.0000000000000000 1.0000000000000000 1.0000000000000000 1.0000000000000000 0
1.0000000000000000 1.0000000000000000 1.0000000000000000 1.0000000000000000 0
1.0000000000000000 1.0000000000000000 1.0000000000000000 1.0000000000000000 0
1.0000000000000000 1.0000000000000000 1.0000000000000000 1.0000000000000000 0
1.0000000000000000 1.0000000000000000 1.0000000000000000 1.0000000000000000 0
1.0000000000000000 1.0000000000000000 1.0000000000000000 1.0000000000000000 0
1.0000000000000000 1.0000000000000000 1.0000000000000000 1.0000000000000000 0
1.0000000000000000 1.0000000000000000 1.0000000000000000 1.0000000000000000 0
1.0000000000000000 1.0000000000000000 1.0000000000000000 1.0000000000000000 0
1.0000000000000000 1.0000000000000000 1.0000000000000000 1.0000000000000000 0
1.0000000000000000 1.0000000000000000 1.0000000000000000 1.0000000000000000 0
1.0000000000000000 1.0000000000000000 1.0000000000000000 1.0000000000000000 0
1.0000000000000000 1.0000000000000000 1.0000000000000000 1.0000000000000000 0
1.0000000000000000 1.0000000000000000 1.0000000000000000 1.0000000000000000 0
1.0000000000000000 1.0000000000000000 1.0000000000000000 1.0000000000000000 0
1.0000000000000000 1.0000000000000000 1.0000000000000000 1.0000000000000000 0
1.0000000000000000 1.0000000000000000 1.0000000000000000 1.0000000000000000 0
0.1000000089406967 0.1000000089406967 0.1000000089406967 0.1000000089406967 0.1000000089406967 0.1000000089406967
0.0000000000000000 0.0000000000000000 0.0000000000000000 0.0000000000000000 0.0000000000000000 0.0000000000000000
0.1000000089406967 0.1000000089406967 0.1000000089406967 0.1000000089406967 0.1000000089406967 0.1000000089406967
0.0000000000000000 0.0000000000000000 0.0000000000000000 0.0000000000000000 0.0000000000000000 0.0000000000000000
0.1000000089406967 0.1000000089406967 0.1000000089406967 0.1000000089406967 0.1000000089406967 0.1000000089406967
0.1000000089406967 0.1000000089406967 0.1000000089406967 0.1000000089406967 0.1000000089406967 0.1000000089406967
0.1000000089406967 0.1000000089406967 0.1000000089406967 0.1000000089406967 0.1000000089406967 0.1000000089406967
0.1000000089406967 0.1000000089406967 0.1000000089406967 0.1000000089406967 0.1000000089406967 0.1000000089406967
0.1000000089406967 0.1000000089406967 0.1000000089406967 0.1000000089406967 0.1000000089406967 0.1000000089406967
0.1000000089406967 0.1000000089406967 0.1000000089406967 0.1000000089406967 0.1000000089406967 0.1000000089406967
0.1000000089406967 0.1000000089406967 0.1000000089406967 0.1000000089406967 0.1000000089406967 0.1000000089406967
0.1000000089406967 0.1000000089406967 0.1000000089406967 0.1000000089406967 0.1000000089406967 0.1000000089406967
0.1000000089406967 0.1000000089406967 0.1000000089406967 0.1000000089406967 0.1000000089406967 0.1000000089406967
0.0000000000000000 0.0000000000000000 0.0000000000000000 0.0000000000000000 0.0000000000000000 0.0000000000000000
0.1000000089406967 0.1000000089406967 0.1000000089406967 0.1000000089406967 0.1000000089406967 0.1000000089406967
0.0000000000000000 0.0000000000000000 0.0000000000000000 0.0000000000000000 0.0000000000000000 0.0000000000000000
0.0000000000000000 0.0000000000000000 0.0000000000000000 0.0000000000000000 0.0000000000000000 0.0000000000000000
0.0000000000000000 0.0000000000000000 0.0000000000000000 0.0000000000000000 0.0000000000000000 0.0000000000000000
0.0000000000000000 0.0000000000000000 0.0000000000000000 0.0000000000000000 0.0000000000000000 0.0000000000000000
0.0000000000000000 0.0000000000000000 0.0000000000000000 0.0000000000000000 0.0000000000000000 0.0000000000000000
0.0000000000000000 0.0000000000000000 0.0000000000000000 0.0000000000000000 0.0000000000000000 0.0000000000000000
0.0000000000000000 0.0000000000000000 0.0000000000000000 0.0000000000000000 0.0000000000000000 0.0000000000000000
0.0000000000000000 0.0000000000000000 0.0000000000000000 0.0000000000000000 0.0000000000000000 0.0000000000000000
0.0000000000000000 0.0000000000000000 0.0000000000000000 0.0000000000000000 0.0000000000000000 0.0000000000000000
0.1000000089406967 0.1000000089406967 0.1000000089406967 0.1000000089406967 0.1000000089406967 0.1000000089406967
0.0000000000000000 0.0000000000000000 0.0000000000000000 0.0000000000000000 0.0000000000000000 0.0000000000000000
0.1000000089406967 0.1000000089406967 0.1000000089406967 0.1000000089406967 0.1000000089406967 0.1000000089406967
0.1000000163912773 0.1000000163912773 0.1000000163912773 0.1000000163912773 0.1000000163912773 0.1000000163912773
0.1000000163912773 0.1000000163912773 0.1000000163912773 0.1000000163912773 0.1000000163912773 0.1000000163912773
0.1000000163912773 0.1000000163912773 0.1000000163912773 0.1000000163912773 0.1000000163912773 0.1000000163912773
0.1000000238418579 0.1000000238418579 0.1000000238418579 0.1000000238418579 0.1000000238418579 0.1000000238418579
0.1000000089406967 0.1000000089406967 0.1000000089406967 0.1000000089406967 0.1000000089406967 0.1000000089406967
0.1000000312924385 0.1000000312924385 0.1000000312924385 0.1000000312924385 0.1000000312924385 0.1000000312924385
0.0000000000000000 0.0000000000000000 0.0000000000000000 0.0000000000000000 0.0000000000000000 0.0000000000000000
0.1000000089406967 0.1000000089406967 0.1000000089406967 0.1000000089406967 0.1000000089406967 0.1000000089406967
0.0000000000000000 0.0000000000000000 0.0000000000000000 0.0000000000000000 0.0000000000000000 0.0000000000000000
0.0000000000000000 0.0000000000000000 0.0000000000000000 0.0000000000000000 0.0000000000000000 0.0000000000000000
0.0000000000000000 0.0000000000000000 0.0000000000000000 0.0000000000000000 0.0000000000000000 0.0000000000000000
0.0000000000000000 0.0000000000000000 0.0000000000000000 0.0000000000000000 0.0000000000000000 0.0000000000000000
0.0000000000000000 0.0000000000000000 0.0000000000000000 0.0000000000000000 0.0000000000000000 0.0000000000000000
0.1000000089406967 0.1000000089406967 0.1000000089406967 0.1000000089406967 0.1000000089406967 0.1000000089406967
0.0000000000000000 0.0000000000000000 0.0000000000000000 0.0000000000000000 0.0000000000000000 0.0000000000000000
0.1000000089406967 0.1000000089406967 0.1000000089406967 0.1000000089406967 0.1000000089406967 0.1000000089406967
0.1000000238418579 0.1000000238418579 0.1000000238418579 0.1000000238418579 0.1000000238418579 0.1000000238418579
0.1000000238418579 0.1000000238418579 0.1000000238418579 0.1000000238418579 0.1000000238418579 0.1000000238418579
0.1000000387430191 0.1000000387430191 0.1000000387430191 0.1000000387430191 0.1000000387430191 0.1000000387430191
0.1000000610947609 0.1000000610947609 0.1000000610947609 0.1000000610947609 0.1000000610947609 0.1000000610947609
0.1000000387430191 0.1000000387430191 0.1000000387430191 0.1000000387430191 0.1000000387430191 0.1000000387430191
0.1000000610947609 0.1000000610947609 0.1000000610947609 0.1000000610947609 0.1000000610947609 0.1000000610947609
0.1000000089406967 0.1000000089406967 0.1000000089406967 0.1000000089406967 0.1000000089406967 0.1000000089406967
0.1000000387430191 0.1000000387430191 0.1000000387430191 0.1000000387430191 0.1000000387430191 0.1000000387430191
0.1000000089406967 0.1000000089406967 0.1000000089406967 0.1000000089406967 0.1000000089406967 0.1000000089406967
0.1000000089406967 0.1000000089406967 0.1000000089406967 0.1000000089406967 0.1000000089406967 0.1000000089406967
0.0000000000000000 0.0000000000000000 0.0000000000000000 0.0000000000000000 0.0000000000000000 0.0000000000000000
0.0000000000000000 0.0000000000000000 0.0000000000000000 0.0000000000000000 0.0000000000000000 0.0000000000000000
0.0000000000000000 0.0000000000000000 0.0000000000000000 0.0000000000000000 0.0000000000000000 0.0000000000000000
0.1000000238418579 0.1000000238418579 0.1000000238418579 0.1000000238418579 0.1000000238418579 0.1000000238418579
0.1000000089406967 0.1000000089406967 0.1000000089406967 0.1000000089406967 0.1000000089406967 0.1000000089406967
0.1000000089406967 0.1000000089406967 0.1000000089406967 0.1000000089406967 0.1000000089406967 0.1000000089406967
0.1000000536441803 0.1000000536441803 0.1000000536441803 0.1000000536441803 0.1000000536441803 0.1000000536441803
0.1000000387430191 0.1000000387430191 0.1000000387430191 0.1000000387430191 0.1000000387430191 0.1000000387430191
0.1000000759959221 0.1000000759959221 0.1000000759959221 0.1000000759959221 0.1000000759959221 0.1000000759959221
0.1000000685453415 0.1000000685453415 0.1000000685453415 0.1000000685453415 0.1000000685453415 0.1000000685453415
0.1000000610947609 0.1000000610947609 0.1000000610947609 0.1000000610947609 0.1000000610947609 0.1000000610947609
0.1000000685453415 0.1000000685453415 0.1000000685453415 0.1000000685453415 0.1000000685453415 0.1000000685453415
0.1000000312924385 0.1000000312924385 0.1000000312924385 0.1000000312924385 0.1000000312924385 0.1000000312924385
0.1000000461935997 0.1000000461935997 0.1000000461935997 0.1000000461935997 0.1000000461935997 0.1000000461935997
0.0000000000000000 0.0000000000000000 0.0000000000000000 0.0000000000000000 0.0000000000000000 0.0000000000000000
0.1000000089406967 0.1000000089406967 0.1000000089406967 0.1000000089406967 0.1000000089406967 0.1000000089406967
0.0000000000000000 0.0000000000000000 0.0000000000000000 0.0000000000000000 0.0000000000000000 0.0000000000000000
0.0000000000000000 0.0000000000000000 0.0000000000000000 0.0000000000000000 0.0000000000000000 0.0000000000000000
0.0000000000000000 0.0000000000000000 0.0000000000000000 0.0000000000000000 0.0000000000000000 0.0000000000000000
0.1000000163912773 0.1000000163912773 0.1000000163912773 0.1000000163912773 0.1000000163912773 0.1000000163912773
0.1000000089406967 0.1000000089406967 0.1000000089406967 0.1000000089406967 0.1000000089406967 0.1000000089406967
0.1000000089406967 0.1000000089406967 0.1000000089406967 0.1000000089406967 0.1000000089406967 0.1000000089406967
0.1000000387430191 0.1000000387430191 0.1000000387430191 0.1000000387430191 0.1000000387430191 0.1000000387430191
0.1000000238418579 0.1000000238418579 0.1000000238418579 0.1000000238418579 0.1000000238418579 0.1000000238418579
0.1000000685453415 0.1000000685453415 0.1000000685453415 0.1000000685453415 0.1000000685453415 0.1000000685453415
0.1000000387430191 0.1000000387430191 0.1000000387430191 0.1000000387430191 0.1000000387430191 0.1000000387430191
0.1000000610947609 0.1000000610947609 0.1000000610947609 0.1000000610947609 0.1000000610947609 0.1000000610947609
0.1000000461935997 0.1000000461935997 0.1000000461935997 0.1000000461935997 0.1000000461935997 0.1000000461935997
0.1000000238418579 0.1000000238418579 0.1000000238418579 0.1000000238418579 0.1000000238418579 0.1000000238418579
0.1000000312924385 0.1000000312924385 0.1000000312924385 0.1000000312924385 0.1000000312924385 0.1000000312924385
0.1000000089406967 0.1000000089406967 0.1000000089406967 0.1000000089406967 0.1000000089406967 0.1000000089406967
0.1000000089406967 0.1000000089406967 0.1000000089406967 0.1000000089406967 0.1000000089406967 0.1000000089406967
0.1000000089406967 0.1000000089406967 0.1000000089406967 0.1000000089406967 0.1000000089406967 0.1000000089406967
0.0000000000000000 0.0000000000000000 0.0000000000000000 0.0000000000000000 0.0000000000000000 0.0000000000000000
0.0000000000000000 0.0000000000000000 0.0000000000000000 0.0000000000000000 0.0000000000000000 0.0000000000000000
0.1000000089406967 0.1000000089406967 0.1000000089406967 0.1000000089406967 0.1000000089406967 0.1000000089406967
0.0000000000000000 0.0000000000000000 0.0000000000000000 0.0000000000000000 0.0000000000000000 0.0000000000000000
0.0000000000000000 0.0000000000000000 0.0000000000000000 0.0000000000000000 0.0000000000000000 0.0000000000000000
0.1000000238418579 0.1000000238418579 0.1000000238418579 0.1000000238418579 0.1000000238418579 0.1000000238418579
0.1000000089406967 0.1000000089406967 0.1000000089406967 0.1000000089406967 0.1000000089406967 0.1000000089406967
0.1000000312924385 0.1000000312924385 0.1000000312924385 0.1000000312924385 0.1000000312924385 0.1000000312924385
0.1000000163912773 0.1000000163912773 0.1000000163912773 0.1000000163912773 0.1000000163912773 0.1000000163912773
0.1000000312924385 0.1000000312924385 0.1000000312924385 0.1000000312924385 0.1000000312924385 0.1000000312924385
0.1000000238418579 0.1000000238418579 0.1000000238418579 0.1000000238418579 0.1000000238418579 0.1000000238418579
0.1000000089406967 0.1000000089406967 0.1000000089406967 0.1000000089406967 0.1000000089406967 0.1000000089406967
0.1000000089406967 0.1000000089406967 0.1000000089406967 0.1000000089406967 0.1000000089406967 0.1000000089406967
0.0000000000000000 0.0000000000000000 0.0000000000000000 0.0000000000000000 0.0000000000000000 0.0000000000000000
0.0000000000000000 0.0000000000000000 0.0000000000000000 0.0000000000000000 0.0000000000000000 0.0000000000000000
0.0000000000000000 0.0000000000000000 0.0000000000000000 0.0000000000000000 0.0000000000000000 0.0000000000000000
0.0000000000000000 0.0000000000000000 0.0000000000000000 0.0000000000000000 0.0000000000000000 0.0000000000000000
0.0000000000000000 0.0000000000000000 0.0000000000000000 0.0000000000000000 0.0000000000000000 0.0000000000000000
0.0000000000000000 0.0000000000000000 0.0000000000000000 0.0000000000000000 0.0000000000000000 0.0000000000000000
0.0000000000000000 0.0000000000000000 0.0000000000000000 0.0000000000000000 0.0000000000000000 0.0000000000000000
0.0000000000000000 0.0000000000000000 0.0000000000000000 0.0000000000000000 0.0000000000000000 0.0000000000000000
0.0000000000000000 0.0000000000000000 0.0000000000000000 0.0000000000000000 0.0000000000000000 0.0000000000000000
0.0000000000000000 0.0000000000000000 0.0000000000000000 0.0000000000000000 0.0000000000000000 0.0000000000000000
0.1000000089406967 0.1000000089406967 0.1000000089406967 0.1000000089406967 0.1000000089406967 0.1000000089406967
0.1000000089406967 0.1000000089406967 0.1000000089406967 0.1000000089406967 0.1000000089406967 0.1000000089406967
0.0000000000000000 0.0000000000000000 0.0000000000000000 0.0000000000000000 0.0000000000000000 0.0000000000000000
0.1000000089406967 0.1000000089406967 0.1000000089406967 0.1000000089406967 0.1000000089406967 0.1000000089406967
0.0000000000000000 0.0000000000000000 0.0000000000000000 0.0000000000000000 0.0000000000000000 0.0000000000000000
0.0000000000000000 0.0000000000000000 0.0000000000000000 0.0000000000000000 0.0000000000000000 0.0000000000000000
0.0000000000000000 0.0000000000000000 0.0000000000000000 0.0000000000000000 0.0000000000000000 0.0000000000000000
0.0000000000000000 0.0000000000000000 0.0000000000000000 0.0000000000000000 0.0000000000000000 0.0000000000000000
0.0000000000000000 0.0000000000000000 0.0000000000000000 0.0000000000000000 0.0000000000000000 0.0000000000000000
0.0000000000000000 0.0000000000000000 0.0000000000000000 0.0000000000000000 0.0000000000000000 0.0000000000000000
0.0000000000000000 0.0000000000000000 0.0000000000000000 0.0000000000000000 0.0000000000000000 0.0000000000000000
0.0000000000000000 0.0000000000000000 0.0000000000000000 0.0000000000000000 0.0000000000000000 0.0000000000000000
0.0000000000000000 0.0000000000000000 0.0000000000000000 0.0000000000000000 0.0000000000000000 0.0000000000000000
0.0000000000000000 0.0000000000000000 0.0000000000000000 0.0000000000000000 0.0000000000000000 0.0000000000000000
0.0000000000000000 0.0000000000000000 0.0000000000000000 0.0000000000000000 0.0000000000000000 0.0000000000000000
0.0000000000000000 0.0000000000000000 0.0000000000000000 0.0000000000000000 0.0000000000000000 0.0000000000000000
0.0000000000000000 0.0000000000000000 0.0000000000000000 0.0000000000000000 0.0000000000000000 0.0000000000000000
0.0000000000000000 0.0000000000000000 0.0000000000000000 0.0000000000000000 0.0000000000000000 0.0000000000000000
0.0000000000000000 0.0000000000000000 0.0000000000000000 0.0000000000000000 0.0000000000000000 0.0000000000000000
1.0000000000000000 1.0000000000000000 1.0000000000000000 1.0000000000000000 0
1.0000001192092896 1.0000001192092896 1.0000001192092896 1.0000001192092896 0
1.0000001192092896 1.0000001192092896 1.0000001192092896 1.0000001192092896 0
1.0000001192092896 1.0000001192092896 1.0000001192092896 1.0000001192092896 0
1.0000001192092896 1.0000001192092896 1.0000001192092896 1.0000001192092896 0
1.0000001192092896 1.0000001192092896 1.0000001192092896 1.0000001192092896 0
1.0000000000000000 1.0000000000000000 1.0000000000000000 1.0000000000000000 0
1.0000000000000000 1.0000000000000000 1.0000000000000000 1.0000000000000000 0
1.0000001192092896 1.0000001192092896 1.0000001192092896 1.0000001192092896 0
1.0000002384185791 1.0000002384185791 1.0000002384185791 1.0000002384185791 0
1.0000002384185791 1.0000002384185791 1.0000002384185791 1.0000002384185791 0
1.0000004768371582 1.0000004768371582 1.0000004768371582 1.0000004768371582 0
1.0000002384185791 1.0000002384185791 1.0000002384185791 1.0000002384185791 0
1.0000001192092896 1.0000001192092896 1.0000001192092896 1.0000001192092896 0
1.0000001192092896 1.0000001192092896 1.0000001192092896 1.0000001192092896 0
1.0000000000000000 1.0000000000000000 1.0000000000000000 1.0000000000000000 0
1.0000001192092896 1.0000001192092896 1.0000001192092896 1.0000001192092896 0
1.0000002384185791 1.0000002384185791 1.0000002384185791 1.0000002384185791 0
1.0000007152557373 1.0000007152557373 1.0000007152557373 1.0000007152557373 0
1.0000010728836060 1.0000010728836060 1.0000010728836060 1.0000010728836060 0
1.0000008344650269 1.0000008344650269 1.0000008344650269 1.0000008344650269 0
1.0000002384185791 1.0000002384185791 1.0000002384185791 1.0000002384185791 0
1.0000001192092896 1.0000001192092896 1.0000001192092896 1.0000001192092896 0
1.0000000000000000 1.0000000000000000 1.0000000000000000 1.0000000000000000 0
1.0000001192092896 1.0000001192092896 1.0000001192092896 1.0000001192092896 0
1.0000003576278687 1.0000003576278687 1.0000003576278687 1.0000003576278687 0
1.0000008344650269 1.0000008344650269 1.0000008344650269 1.0000008344650269 0
1.0000011920928955 1.0000011920928955 1.0000011920928955 1.0000011920928955 0
1.0000011920928955 1.0000011920928955 1.0000011920928955 1.0000011920928955 0
1.0000003576278687 1.0000003576278687 1.0000003576278687 1.0000003576278687 0
1.0000001192092896 1.0000001192092896 1.0000001192092896 1.0000001192092896 0
1.0000001192092896 1.0000001192092896 1.0000001192092896 1.0000001192092896 0
1.0000000000000000 1.0000000000000000 1.0000000000000000 1.0000000000000000 0
1.0000001192092896 1.0000001192092896 1.0000001192092896 1.0000001192092896 0
1.0000005960464478 1.0000005960464478 1.0000005960464478 1.0000005960464478 0
1.0000007152557373 1.0000007152557373 1.0000007152557373 1.0000007152557373 0
1.0000004768371582 1.0000004768371582 1.0000004768371582 1.0000004768371582 0
1.0000001192092896 1.0000001192092896 1.0000001192092896 1.0000001192092896 0
1.0000000000000000 1.0000000000000000 1.0000000000000000 1.0000000000000000 0
1.0000000000000000 1.0000000000000000 1.0000000000000000 1.0000000000000000 0
1.0000000000000000 1.0000000000000000 1.0000000000000000 1.0000000000000000 0
1.0000000000000000 1.0000000000000000 1.0000000000000000 1.0000000000000000 0
1.0000001192092896 1.0000001192092896 1.0000001192092896 1.0000001192092896 0
1.0000003576278687 1.0000003576278687 1.0000003576278687 1.0000003576278687 0
1.0000001192092896 1.0000001192092896 1.0000001192092896 1.0000001192092896 0
1.0000000000000000 1.0000000000000000 1.0000000000000000 1.0000000000000000 0
1.0000000000000000 1.0000000000000000 1.0000000000000000 1.0000000000000000 0
1.0000000000000000 1.0000000000000000 1.0000000000000000 1.0000000000000000 0
1.0000000000000000 1.0000000000000000 1.0000000000000000 1.0000000000000000 0
1.0000000000000000 1.0000000000000000 1.0000000000000000 1.0000000000000000 0
1.0000000000000000 1.0000000000000000 1.0000000000000000 1.0000000000000000 0
1.0000000000000000 1.0000000000000000 1.0000000000000000 1.0000000000000000 0
1.0000000000000000 1.0000000000000000 1.0000000000000000 1.0000000000000000 0
1.0000000000000000 1.0000000000000000 1.0000000000000000 1.0000000000000000 0
1.0000000000000000 1.0000000000000000 1.0000000000000000 1.0000000000000000 0
1.0000000000000000 1.0000000000000000 1.0000000000000000 1.0000000000000000 0
1.0000000000000000 1.0000000000000000 1.0000000000000000 1.0000000000000000 0
1.0000000000000000 1.0000000000000000 1.0000000000000000 1.0000000000000000 0
1.0000000000000000 1.0000000000000000 1.0000000000000000 1.0000000000000000 0
1.0000001192092896 1.0000001192092896 1.0000001192092896 1.0000001192092896 0
1.0000000000000000 1.0000000000000000 1.0000000000000000 1.0000000000000000 0
1.0000000000000000 1.0000000000000000 1.0000000000000000 1.0000000000000000 0
1.0000000000000000 1.0000000000000000 1.0000000000000000 1.0000000000000000 0
1.0000000000000000 1.0000000000000000 1.0000000000000000 1.0000000000000000 0
0.1000000387430191 0.1000000387430191 0.1000000387430191 0.1000000387430191 0.1000000387430191 0.1000000387430191
0.0000000000000000 0.0000000000000000 0.0000000000000000 0.0000000000000000 0.0000000000000000 0.0000000000000000
0.1000000312924385 0.1000000312924385 0.1000000312924385 0.1000000312924385 0.1000000312924385 0.1000000312924385
0.0000000000000000 0.0000000000000000 0.0000000000000000 0.0000000000000000 0.0000000000000000 0.0000000000000000
0.1000001505017281 0.1000001505017281 0.1000001505017281 0.1000001505017281 0.1000001505017281 0.1000001505017281
0.1000001430511475 0.1000001430511475 0.1000001430511475 0.1000001430511475 0.1000001430511475 0.1000001430511475
0.1000000387430191 0.1000000387430191 0.1000000387430191 0.1000000387430191 0.1000000387430191 0.1000000387430191
0.1000003516674042 0.1000003516674042 0.1000003516674042 0.1000003516674042 0.1000003516674042 0.1000003516674042
0.1000004187226295 0.1000004187226295 0.1000004187226295 0.1000004187226295 0.1000004187226295 0.1000004187226295
0.1000002101063728 0.1000002101063728 0.1000002101063728 0.1000002101063728 0.1000002101063728 0.1000002101063728
0.1000003889203072 0.1000003889203072 0.1000003889203072 0.1000003889203072 0.1000003889203072 0.1000003889203072
0.1000005528330803 0.1000005528330803 0.1000005528330803 0.1000005528330803 0.1000005528330803 0.1000005528330803
0.1000003218650818 0.1000003218650818 0.1000003218650818 0.1000003218650818 0.1000003218650818 0.1000003218650818
0.1000003144145012 0.1000003144145012 0.1000003144145012 0.1000003144145012 0.1000003144145012 0.1000003144145012
0.1000004857778549 0.1000004857778549 0.1000004857778549 0.1000004857778549 0.1000004857778549 0.1000004857778549
0.1000002771615982 0.1000002771615982 0.1000002771615982 0.1000002771615982 0.1000002771615982 0.1000002771615982
0.1000000536441803 0.1000000536441803 0.1000000536441803 0.1000000536441803 0.1000000536441803 0.1000000536441803
0.1000003367662430 0.1000003367662430 0.1000003367662430 0.1000003367662430 0.1000003367662430 0.1000003367662430
0.1000001132488251 0.1000001132488251 0.1000001132488251 0.1000001132488251 0.1000001132488251 0.1000001132488251
0.0000000000000000 0.0000000000000000 0.0000000000000000 0.0000000000000000 0.0000000000000000 0.0000000000000000
0.1000000685453415 0.1000000685453415 0.1000000685453415 0.1000000685453415 0.1000000685453415 0.1000000685453415
0.0000000000000000 0.0000000000000000 0.0000000000000000 0.0000000000000000 0.0000000000000000 0.0000000000000000
0.0000000000000000 0.0000000000000000 0.0000000000000000 0.0000000000000000 0.0000000000000000 0.0000000000000000
0.0000000000000000 0.0000000000000000 0.0000000000000000 0.0000000000000000 0.0000000000000000 0.0000000000000000
0.1000001654028893 0.1000001654028893 0.1000001654028893 0.1000001654028893 0.1000001654028893 0.1000001654028893
0.1000000759959221 0.1000000759959221 0.1000000759959221 0.1000000759959221 0.1000000759959221 0.1000000759959221
0.1000001579523087 0.1000001579523087 0.1000001579523087 0.1000001579523087 0.1000001579523087 0.1000001579523087
0.1000004485249519 0.1000004485249519 0.1000004485249519 0.1000004485249519 0.1000004485249519 0.1000004485249519
0.1000004187226295 0.1000004187226295 0.1000004187226295 0.1000004187226295 0.1000004187226295 0.1000004187226295
0.1000006124377251 0.1000006124377251 0.1000006124377251 0.1000006124377251 0.1000006124377251 0.1000006124377251
0.1000006571412086 0.1000006571412086 0.1000006571412086 0.1000006571412086 0.1000006571412086 0.1000006571412086
0.1000007018446922 0.1000007018446922 0.1000007018446922 0.1000007018446922 0.1000007018446922 0.1000007018446922
0.1000008359551430 0.1000008359551430 0.1000008359551430 0.1000008359551430 0.1000008359551430 0.1000008359551430
0.1000005528330803 0.1000005528330803 0.1000005528330803 0.1000005528330803 0.1000005528330803 0.1000005528330803
0.1000008434057236 0.1000008434057236 0.1000008434057236 0.1000008434057236 0.1000008434057236 0.1000008434057236
0.1000003367662430 0.1000003367662430 0.1000003367662430 0.1000003367662430 0.1000003367662430 0.1000003367662430
0.1000005900859833 0.1000005900859833 0.1000005900859833 0.1000005900859833 0.1000005900859833 0.1000005900859833
0.1000000983476639 0.1000000983476639 0.1000000983476639 0.1000000983476639 0.1000000983476639 0.1000000983476639
0.1000002846121788 0.1000002846121788 0.1000002846121788 0.1000002846121788 0.1000002846121788 0.1000002846121788
0.1000001057982445 0.1000001057982445 0.1000001057982445 0.1000001057982445 0.1000001057982445 0.1000001057982445
0.1000003591179848 0.1000003591179848 0.1000003591179848 0.1000003591179848 0.1000003591179848 0.1000003591179848
0.1000002399086952 0.1000002399086952 0.1000002399086952 0.1000002399086952 0.1000002399086952 0.1000002399086952
0.1000002473592758 0.1000002473592758 0.1000002473592758 0.1000002473592758 0.1000002473592758 0.1000002473592758
0.1000006347894669 0.1000006347894669 0.1000006347894669 0.1000006347894669 0.1000006347894669 0.1000006347894669
0.1000005379319191 0.1000005379319191 0.1000005379319191 0.1000005379319191 0.1000005379319191 0.1000005379319191
0.1000008955597878 0.1000008955597878 0.1000008955597878 0.1000008955597878 0.1000008955597878 0.1000008955597878
0.1000008657574654 0.1000008657574654 0.1000008657574654 0.1000008657574654 0.1000008657574654 0.1000008657574654
0.1000009402632713 0.1000009402632713 0.1000009402632713 0.1000009402632713 0.1000009402632713 0.1000009402632713
0.1000009998679161 0.1000009998679161 0.1000009998679161 0.1000009998679161 0.1000009998679161 0.1000009998679161
0.1000008508563042 0.1000008508563042 0.1000008508563042 0.1000008508563042 0.1000008508563042 0.1000008508563042
0.1000009551644325 0.1000009551644325 0.1000009551644325 0.1000009551644325 0.1000009551644325 0.1000009551644325
0.1000005230307579 0.1000005230307579 0.1000005230307579 0.1000005230307579 0.1000005230307579 0.1000005230307579
0.1000007539987564 0.1000007539987564 0.1000007539987564 0.1000007539987564 0.1000007539987564 0.1000007539987564
0.1000002697110176 0.1000002697110176 0.1000002697110176 0.1000002697110176 0.1000002697110176 0.1000002697110176
0.1000003516674042 0.1000003516674042 0.1000003516674042 0.1000003516674042 0.1000003516674042 0.1000003516674042
0.1000002250075340 0.1000002250075340 0.1000002250075340 0.1000002250075340 0.1000002250075340 0.1000002250075340
0.1000004112720490 0.1000004112720490 0.1000004112720490 0.1000004112720490 0.1000004112720490 0.1000004112720490
0.1000002846121788 0.1000002846121788 0.1000002846121788 0.1000002846121788 0.1000002846121788 0.1000002846121788
0.1000001952052116 0.1000001952052116 0.1000001952052116 0.1000001952052116 0.1000001952052116 0.1000001952052116
0.1000007092952728 0.1000007092952728 0.1000007092952728 0.1000007092952728 0.1000007092952728 0.1000007092952728
0.1000004857778549 0.1000004857778549 0.1000004857778549 0.1000004857778549 0.1000004857778549 0.1000004857778549
0.1000009849667549 0.1000009849667549 0.1000009849667549 0.1000009849667549 0.1000009849667549 0.1000009849667549
0.1000008061528206 0.1000008061528206 0.1000008061528206 0.1000008061528206 0.1000008061528206 0.1000008061528206
0.1000010222196579 0.1000010222196579 0.1000010222196579 0.1000010222196579 0.1000010222196579 0.1000010222196579
0.1000009700655937 0.1000009700655937 0.1000009700655937 0.1000009700655937 0.1000009700655937 0.1000009700655937
0.1000008434057236 0.1000008434057236 0.1000008434057236 0.1000008434057236 0.1000008434057236 0.1000008434057236
0.1000009030103683 0.1000009030103683 0.1000009030103683 0.1000009030103683 0.1000009030103683 0.1000009030103683
0.1000005900859833 0.1000005900859833 0.1000005900859833 0.1000005900859833 0.1000005900859833 0.1000005900859833
0.1000006645917892 0.1000006645917892 0.1000006645917892 0.1000006645917892 0.1000006645917892 0.1000006645917892
0.1000003144145012 0.1000003144145012 0.1000003144145012 0.1000003144145012 0.1000003144145012 0.1000003144145012
0.1000003442168236 0.1000003442168236 0.1000003442168236 0.1000003442168236 0.1000003442168236 0.1000003442168236
0.1000001952052116 0.1000001952052116 0.1000001952052116 0.1000001952052116 0.1000001952052116 0.1000001952052116
0.1000002548098564 0.1000002548098564 0.1000002548098564 0.1000002548098564 0.1000002548098564 0.1000002548098564
0.1000001654028893 0.1000001654028893 0.1000001654028893 0.1000001654028893 0.1000001654028893 0.1000001654028893
0.1000000908970833 0.1000000908970833 0.1000000908970833 0.1000000908970833 0.1000000908970833 0.1000000908970833
0.1000005304813385 0.1000005304813385 0.1000005304813385 0.1000005304813385 0.1000005304813385 0.1000005304813385
0.1000003218650818 0.1000003218650818 0.1000003218650818 0.1000003218650818 0.1000003218650818 0.1000003218650818
0.1000007763504982 0.1000007763504982 0.1000007763504982 0.1000007763504982 0.1000007763504982 0.1000007763504982
0.1000005379319191 0.1000005379319191 0.1000005379319191 0.1000005379319191 0.1000005379319191 0.1000005379319191
0.1000008508563042 0.1000008508563042 0.1000008508563042 0.1000008508563042 0.1000008508563042 0.1000008508563042
0.1000006496906281 0.1000006496906281 0.1000006496906281 0.1000006496906281 0.1000006496906281 0.1000006496906281
0.1000006943941116 0.1000006943941116 0.1000006943941116 0.1000006943941116 0.1000006943941116 0.1000006943941116
0.1000006496906281 0.1000006496906281 0.1000006496906281 0.1000006496906281 0.1000006496906281 0.1000006496906281
0.1000003889203072 0.1000003889203072 0.1000003889203072 0.1000003889203072 0.1000003889203072 0.1000003889203072
0.1000003963708878 0.1000003963708878 0.1000003963708878 0.1000003963708878 0.1000003963708878 0.1000003963708878
0.1000002250075340 0.1000002250075340 0.1000002250075340 0.1000002250075340 0.1000002250075340 0.1000002250075340
0.1000001952052116 0.1000001952052116 0.1000001952052116 0.1000001952052116 0.1000001952052116 0.1000001952052116
0.1000000536441803 0.1000000536441803 0.1000000536441803 0.1000000536441803 0.1000000536441803 0.1000000536441803
0.1000000908970833 0.1000000908970833 0.1000000908970833 0.1000000908970833 0.1000000908970833 0.1000000908970833
0.1000000163912773 0.1000000163912773 0.1000000163912773 0.1000000163912773 0.1000000163912773 0.1000000163912773
0.1000000089406967 0.1000000089406967 0.1000000089406967 0.1000000089406967 0.1000000089406967 0.1000000089406967
0.1000003144145012 0.1000003144145012 0.1000003144145012 0.1000003144145012 0.1000003144145012 0.1000003144145012
0.1000000983476639 0.1000000983476639 0.1000000983476639 0.1000000983476639 0.1000000983476639 0.1000000983476639
0.1000005006790161 0.1000005006790161 0.1000005006790161 0.1000005006790161 0.1000005006790161 0.1000005006790161
0.1000002995133400 0.1000002995133400 0.1000002995133400 0.1000002995133400 0.1000002995133400 0.1000002995133400
0.1000005453824997 0.1000005453824997 0.1000005453824997 0.1000005453824997 0.1000005453824997 0.1000005453824997
0.1000004261732101 0.1000004261732101 0.1000004261732101 0.1000004261732101 0.1000004261732101 0.1000004261732101
0.1000003814697266 0.1000003814697266 0.1000003814697266 0.1000003814697266 0.1000003814697266 0.1000003814697266
0.1000003740191460 0.1000003740191460 0.1000003740191460 0.1000003740191460 0.1000003740191460 0.1000003740191460
0.1000002026557922 0.1000002026557922 0.1000002026557922 0.1000002026557922 0.1000002026557922 0.1000002026557922
0.1000002175569534 0.1000002175569534 0.1000002175569534 0.1000002175569534 0.1000002175569534 0.1000002175569534
0.1000000312924385 0.1000000312924385 0.1000000312924385 0.1000000312924385 0.1000000312924385 0.1000000312924385
0.1000000163912773 0.1000000163912773 0.1000000163912773 0.1000000163912773 0.1000000163912773 0.1000000163912773
0.1000000089406967 0.1000000089406967 0.1000000089406967 0.1000000089406967 0.1000000089406967 0.1000000089406967
0.1000000089406967 0.1000000089406967 0.1000000089406967 0.1000000089406967 0.1000000089406967 0.1000000089406967
0.0000000000000000 0.0000000000000000 0.0000000000000000 0.0000000000000000 0.0000000000000000 0.0000000000000000
0.0000000000000000 0.0000000000000000 0.0000000000000000 0.0000000000000000 0.0000000000000000 0.0000000000000000
0.1000000908970833 0.1000000908970833 0.1000000908970833 0.1000000908970833 0.1000000908970833 0.1000000908970833
0.1000000163912773 0.1000000163912773 0.1000000163912773 0.1000000163912773 0.1000000163912773 0.1000000163912773
0.1000002548098564 0.1000002548098564 0.1000002548098564 0.1000002548098564 0.1000002548098564 0.1000002548098564
0.1000001654028893 0.1000001654028893 0.1000001654028893 0.1000001654028893 0.1000001654028893 0.1000001654028893
0.1000002771615982 0.1000002771615982 0.1000002771615982 0.1000002771615982 0.1000002771615982 0.1000002771615982
0.1000002771615982 0.1000002771615982 0.1000002771615982 0.1000002771615982 0.1000002771615982 0.1000002771615982
0.1000002026557922 0.1000002026557922 0.1000002026557922 0.1000002026557922 0.1000002026557922 0.1000002026557922
0.1000002250075340 0.1000002250075340 0.1000002250075340 0.1000002250075340 0.1000002250075340 0.1000002250075340
0.1000000312924385 0.1000000312924385 0.1000000312924385 0.1000000312924385 0.1000000312924385 0.1000000312924385
0.1000000834465027 0.1000000834465027 0.1000000834465027 0.1000000834465027 0.1000000834465027 0.1000000834465027
0.0000000000000000 0.0000000000000000 0.0000000000000000 0.0000000000000000 0.0000000000000000 0.0000000000000000
0.1000000089406967 0.1000000089406967 0.1000000089406967 0.1000000089406967 0.1000000089406967 0.1000000089406967
0.0000000000000000 0.0000000000000000 0.0000000000000000 0.0000000000000000 0.0000000000000000 0.0000000000000000
0.1000000089406967 0.1000000089406967 0.1000000089406967 0.1000000089406967 0.1000000089406967 0.1000000089406967
0.0000000000000000 0.0000000000000000 0.0000000000000000 0.0000000000000000 0.0000000000000000 0.0000000000000000
0.1000000610947609 0.1000000610947609 0.1000000610947609 0.1000000610947609 0.1000000610947609 0.1000000610947609
0.1000001877546310 0.1000001877546310 0.1000001877546310 0.1000001877546310 0.1000001877546310 0.1000001877546310
0.1000002101063728 0.1000002101063728 0.1000002101063728 0.1000002101063728 0.1000002101063728 0.1000002101063728
0.1000001356005669 0.1000001356005669 0.1000001356005669 0.1000001356005669 0.1000001356005669 0.1000001356005669
0.1000000163912773 0.1000000163912773 0.1000000163912773 0.1000000163912773 0.1000000163912773 0.1000000163912773
0.0000000000000000 0.0000000000000000 0.0000000000000000 0.0000000000000000 0.0000000000000000 0.0000000000000000
1.0000000000000000 1.0000000000000000 1.0000000000000000 1.0000000000000000 0
1.0000001192092896 1.0000001192092896 1.0000001192092896 1.0000001192092896 0
1.0000001192092896 1.0000001192092896 1.0000001192092896 1.0000001192092896 0
1.0000001192092896 1.0000001192092896 1.0000001192092896 1.0000001192092896 0
1.0000000000000000 1.0000000000000000 1.0000000000000000 1.0000000000000000 0
1.0000000000000000 1.0000000000000000 1.0000000000000000 1.0000000000000000 0
1.0000000000000000 1.0000000000000000 1.0000000000000000 1.0000000000000000 0
1.0000000000000000 1.0000000000000000 1.0000000000000000 1.0000000000000000 0
1.0000001192092896 1.0000001192092896 1.0000001192092896 1.0000001192092896 0
1.0000001192092896 1.0000001192092896 1.0000001192092896 1.0000001192092896 0
1.0000002384185791 1.0000002384185791 1.0000002384185791 1.0000002384185791 0
1.0000002384185791 1.0000002384185791 1.0000002384185791 1.0000002384185791 0
1.0000001192092896 1.0000001192092896 1.0000001192092896 1.0000001192092896 0
1.0000000000000000 1.0000000000000000 1.0000000000000000 1.0000000000000000 0
1.0000000000000000 1.0000000000000000 1.0000000000000000 1.0000000000000000 0
1.0000000000000000 1.0000000000000000 1.0000000000000000 1.0000000000000000 0
1.0000001192092896 1.0000001192092896 1.0000001192092896 1.0000001192092896 0
1.0000003576278687 1.0000003576278687 1.0000003576278687 1.0000003576278687 0
1.0000005960464478 1.0000005960464478 1.0000005960464478 1.0000005960464478 0
1.0000005960464478 1.0000005960464478 1.0000005960464478 1.0000005960464478 0
1.0000003576278687 1.0000003576278687 1.0000003576278687 1.0000003576278687 0
1.0000001192092896 1.0000001192092896 1.0000001192092896 1.0000001192092896 0
1.0000000000000000 1.0000000000000000 1.0000000000000000 1.0000000000000000 0
1.0000000000000000 1.0000000000000000 1.0000000000000000 1.0000000000000000 0
1.0000002384185791 1.0000002384185791 1.0000002384185791 1.0000002384185791 0
1.0000003576278687 1.0000003576278687 1.0000003576278687 1.0000003576278687 0
1.0000009536743164 1.0000009536743164 1.0000009536743164 1.0000009536743164 0
1.0000011920928955 1.0000011920928955 1.0000011920928955 1.0000011920928955 0
1.0000007152557373 1.0000007152557373 1.0000007152557373 1.0000007152557373 0
1.0000001192092896 1.0000001192092896 1.0000001192092896 1.0000001192092896 0
1.0000000000000000 1.0000000000000000 1.0000000000000000 1.0000000000000000 0
1.0000000000000000 1.0000000000000000 1.0000000000000000 1.0000000000000000 0
1.0000001192092896 1.0000001192092896 1.0000001192092896 1.0000001192092896 0
1.0000004768371582 1.0000004768371582 1.0000004768371582 1.0000004768371582 0
1.0000007152557373 1.0000007152557373 1.0000007152557373 1.0000007152557373 0
1.0000010728836060 1.0000010728836060 1.0000010728836060 1.0000010728836060 0
1.0000005960464478 1.0000005960464478 1.0000005960464478 1.0000005960464478 0
1.0000001192092896 1.0000001192092896 1.0000001192092896 1.0000001192092896 0
1.0000001192092896 1.0000001192092896 1.0000001192092896 1.0000001192092896 0
1.0000001192092896 1.0000001192092896 1.0000001192092896 1.0000001192092896 0
1.0000000000000000 1.0000000000000000 1.0000000000000000 1.0000000000000000 0
1.0000001192092896 1.0000001192092896 1.0000001192092896 1.0000001192092896 0
1.0000003576278687 1.0000003576278687 1.0000003576278687 1.0000003576278687 0
1.0000004768371582 1.0000004768371582 1.0000004768371582 1.0000004768371582 0
1.0000001192092896 1.0000001192092896 1.0000001192092896 1.0000001192092896 0
1.0000001192092896 1.0000001192092896 1.0000001192092896 1.0000001192092896 0
1.0000000000000000 1.0000000000000000 1.0000000000000000 1.0000000000000000 0
1.0000000000000000 1.0000000000000000 1.0000000000000000 1.0000000000000000 0
1.0000000000000000 1.0000000000000000 1.0000000000000000 1.0000000000000000 0
1.0000000000000000 1.0000000000000000 1.0000000000000000 1.0000000000000000 0
1.0000000000000000 1.0000000000000000 1.0000000000000000 1.0000000000000000 0
1.0000000000000000 1.0000000000000000 1.0000000000000000 1.0000000000000000 0
1.0000000000000000 1.0000000000000000 1.0000000000000000 1.0000000000000000 0
1.0000000000000000 1.0000000000000000 1.0000000000000000 1.0000000000000000 0
1.0000000000000000 1.0000000000000000 1.0000000000000000 1.0000000000000000 0
1.0000000000000000 1.0000000000000000 1.0000000000000000 1.0000000000000000 0
1.0000000000000000 1.0000000000000000 1.0000000000000000 1.0000000000000000 0
1.0000000000000000 1.0000000000000000 1.0000000000000000 1.0000000000000000 0
1.0000000000000000 1.0000000000000000 1.0000000000000000 1.0000000000000000 0
1.0000000000000000 1.0000000000000000 1.0000000000000000 1.0000000000000000 0
1.0000000000000000 1.0000000000000000 1.0000000000000000 1.0000000000000000 0
1.0000000000000000 1.0000000000000000 1.0000000000000000 1.0000000000000000 0
1.0000000000000000 1.0000000000000000 1.0000000000000000 1.0000000000000000 0
0.9999999403953552 0.9999999403953552 0.9999999403953552 0.9999999403953552 0
0.1000000461935997 0.1000000461935997 0.1000000461935997 0.1000000461935997 0.1000000461935997 0.1000000461935997
0.0000000000000000 0.0000000000000000 0.0000000000000000 0.0000000000000000 0.0000000000000000 0.0000000000000000
0.1000000387430191 0.1000000387430191 0.1000000387430191 0.1000000387430191 0.1000000387430191 0.1000000387430191
0.1000000089406967 0.1000000089406967 0.1000000089406967 0.1000000089406967 0.1000000089406967 0.1000000089406967
0.1000001579523087 0.1000001579523087 0.1000001579523087 0.1000001579523087 0.1000001579523087 0.1000001579523087
0.1000001579523087 0.1000001579523087 0.1000001579523087 0.1000001579523087 0.1000001579523087 0.1000001579523087
0.1000000685453415 0.1000000685453415 0.1000000685453415 0.1000000685453415 0.1000000685453415 0.1000000685453415
0.1000002250075340 0.1000002250075340 0.1000002250075340 0.1000002250075340 0.1000002250075340 0.1000002250075340
0.1000003367662430 0.1000003367662430 0.1000003367662430 0.1000003367662430 0.1000003367662430 0.1000003367662430
0.1000002101063728 0.1000002101063728 0.1000002101063728 0.1000002101063728 0.1000002101063728 0.1000002101063728
0.1000002250075340 0.1000002250075340 0.1000002250075340 0.1000002250075340 0.1000002250075340 0.1000002250075340
0.1000003889203072 0.1000003889203072 0.1000003889203072 0.1000003889203072 0.1000003889203072 0.1000003889203072
0.1000002324581146 0.1000002324581146 0.1000002324581146 0.1000002324581146 0.1000002324581146 0.1000002324581146
0.1000000759959221 0.1000000759959221 0.1000000759959221 0.1000000759959221 0.1000000759959221 0.1000000759959221
0.1000003069639206 0.1000003069639206 0.1000003069639206 0.1000003069639206 0.1000003069639206 0.1000003069639206
0.1000001728534698 0.1000001728534698 0.1000001728534698 0.1000001728534698 0.1000001728534698 0.1000001728534698
0.0000000000000000 0.0000000000000000 0.0000000000000000 0.0000000000000000 0.0000000000000000 0.0000000000000000
0.1000000685453415 0.1000000685453415 0.1000000685453415 0.1000000685453415 0.1000000685453415 0.1000000685453415
0.1000000238418579 0.1000000238418579 0.1000000238418579 0.1000000238418579 0.1000000238418579 0.1000000238418579
0.0000000000000000 0.0000000000000000 0.0000000000000000 0.0000000000000000 0.0000000000000000 0.0000000000000000
0.0000000000000000 0.0000000000000000 0.0000000000000000 0.0000000000000000 0.0000000000000000 0.0000000000000000
0.0000000000000000 0.0000000000000000 0.0000000000000000 0.0000000000000000 0.0000000000000000 0.0000000000000000
0.0000000000000000 0.0000000000000000 0.0000000000000000 0.0000000000000000 0.0000000000000000 0.0000000000000000
0.0000000000000000 0.0000000000000000 0.0000000000000000 0.0000000000000000 0.0000000000000000 0.0000000000000000
0.1000001579523087 0.1000001579523087 0.1000001579523087 0.1000001579523087 0.1000001579523087 0.1000001579523087
0.1000000238418579 0.1000000238418579 0.1000000238418579 0.1000000238418579 0.1000000238418579 0.1000000238418579
0.1000001505017281 0.1000001505017281 0.1000001505017281 0.1000001505017281 0.1000001505017281 0.1000001505017281
0.1000004187226295 0.1000004187226295 0.1000004187226295 0.1000004187226295 0.1000004187226295 0.1000004187226295
0.1000004485249519 0.1000004485249519 0.1000004485249519 0.1000004485249519 0.1000004485249519 0.1000004485249519
0.1000005006790161 0.1000005006790161 0.1000005006790161 0.1000005006790161 0.1000005006790161 0.1000005006790161
0.1000006124377251 0.1000006124377251 0.1000006124377251 0.1000006124377251 0.1000006124377251 0.1000006124377251
0.1000004559755325 0.1000004559755325 0.1000004559755325 0.1000004559755325 0.1000004559755325 0.1000004559755325
0.1000007092952728 0.1000007092952728 0.1000007092952728 0.1000007092952728 0.1000007092952728 0.1000007092952728
0.1000003218650818 0.1000003218650818 0.1000003218650818 0.1000003218650818 0.1000003218650818 0.1000003218650818
0.1000005751848221 0.1000005751848221 0.1000005751848221 0.1000005751848221 0.1000005751848221 0.1000005751848221
0.1000000759959221 0.1000000759959221 0.1000000759959221 0.1000000759959221 0.1000000759959221 0.1000000759959221
0.1000003218650818 0.1000003218650818 0.1000003218650818 0.1000003218650818 0.1000003218650818 0.1000003218650818
0.0000000000000000 0.0000000000000000 0.0000000000000000 0.0000000000000000 0.0000000000000000 0.0000000000000000
0.1000000759959221 0.1000000759959221 0.1000000759959221 0.1000000759959221 0.1000000759959221 0.1000000759959221
0.1000000610947609 0.1000000610947609 0.1000000610947609 0.1000000610947609 0.1000000610947609 0.1000000610947609
0.1000004261732101 0.1000004261732101 0.1000004261732101 0.1000004261732101 0.1000004261732101 0.1000004261732101
0.1000001952052116 0.1000001952052116 0.1000001952052116 0.1000001952052116 0.1000001952052116 0.1000001952052116
0.1000003516674042 0.1000003516674042 0.1000003516674042 0.1000003516674042 0.1000003516674042 0.1000003516674042
0.1000006422400475 0.1000006422400475 0.1000006422400475 0.1000006422400475 0.1000006422400475 0.1000006422400475
0.1000006198883057 0.1000006198883057 0.1000006198883057 0.1000006198883057 0.1000006198883057 0.1000006198883057
0.1000008434057236 0.1000008434057236 0.1000008434057236 0.1000008434057236 0.1000008434057236 0.1000008434057236
0.1000008955597878 0.1000008955597878 0.1000008955597878 0.1000008955597878 0.1000008955597878 0.1000008955597878
0.1000008210539818 0.1000008210539818 0.1000008210539818 0.1000008210539818 0.1000008210539818 0.1000008210539818
0.1000009030103683 0.1000009030103683 0.1000009030103683 0.1000009030103683 0.1000009030103683 0.1000009030103683
0.1000005751848221 0.1000005751848221 0.1000005751848221 0.1000005751848221 0.1000005751848221 0.1000005751848221
0.1000008508563042 0.1000008508563042 0.1000008508563042 0.1000008508563042 0.1000008508563042 0.1000008508563042
0.1000003442168236 0.1000003442168236 0.1000003442168236 0.1000003442168236 0.1000003442168236 0.1000003442168236
0.1000005006790161 0.1000005006790161 0.1000005006790161 0.1000005006790161 0.1000005006790161 0.1000005006790161
0.1000001728534698 0.1000001728534698 0.1000001728534698 0.1000001728534698 0.1000001728534698 0.1000001728534698
0.1000002920627594 0.1000002920627594 0.1000002920627594 0.1000002920627594 0.1000002920627594 0.1000002920627594
0.1000001803040504 0.1000001803040504 0.1000001803040504 0.1000001803040504 0.1000001803040504 0.1000001803040504
0.1000005528330803 0.1000005528330803 0.1000005528330803 0.1000005528330803 0.1000005528330803 0.1000005528330803
0.1000002846121788 0.1000002846121788 0.1000002846121788 0.1000002846121788 0.1000002846121788 0.1000002846121788
0.1000003963708878 0.1000003963708878 0.1000003963708878 0.1000003963708878 0.1000003963708878 0.1000003963708878
0.1000008732080460 0.1000008732080460 0.1000008732080460 0.1000008732080460 0.1000008732080460 0.1000008732080460
0.1000006645917892 0.1000006645917892 0.1000006645917892 0.1000006645917892 0.1000006645917892 0.1000006645917892
0.1000009998679161 0.1000009998679161 0.1000009998679161 0.1000009998679161 0.1000009998679161 0.1000009998679161
0.1000009626150131 0.1000009626150131 0.1000009626150131 0.1000009626150131 0.1000009626150131 0.1000009626150131
0.1000009551644325 0.1000009551644325 0.1000009551644325 0.1000009551644325 0.1000009551644325 0.1000009551644325
0.1000009998679161 0.1000009998679161 0.1000009998679161 0.1000009998679161 0.1000009998679161 0.1000009998679161
0.1000007316470146 0.1000007316470146 0.1000007316470146 0.1000007316470146 0.1000007316470146 0.1000007316470146
0.1000008806586266 0.1000008806586266 0.1000008806586266 0.1000008806586266 0.1000008806586266 0.1000008806586266
0.1000003963708878 0.1000003963708878 0.1000003963708878 0.1000003963708878 0.1000003963708878 0.1000003963708878
0.1000005304813385 0.1000005304813385 0.1000005304813385 0.1000005304813385 0.1000005304813385 0.1000005304813385
0.1000002399086952 0.1000002399086952 0.1000002399086952 0.1000002399086952 0.1000002399086952 0.1000002399086952
0.1000002771615982 0.1000002771615982 0.1000002771615982 0.1000002771615982 0.1000002771615982 0.1000002771615982
0.1000001877546310 0.1000001877546310 0.1000001877546310 0.1000001877546310 0.1000001877546310 0.1000001877546310
0.1000005304813385 0.1000005304813385 0.1000005304813385 0.1000005304813385 0.1000005304813385 0.1000005304813385
0.1000002324581146 0.1000002324581146 0.1000002324581146 0.1000002324581146 0.1000002324581146 0.1000002324581146
0.1000002846121788 0.1000002846121788 0.1000002846121788 0.1000002846121788 0.1000002846121788 0.1000002846121788
0.1000007912516594 0.1000007912516594 0.1000007912516594 0.1000007912516594 0.1000007912516594 0.1000007912516594
0.1000005379319191 0.1000005379319191 0.1000005379319191 0.1000005379319191 0.1000005379319191 0.1000005379319191
0.1000009700655937 0.1000009700655937 0.1000009700655937 0.1000009700655937 0.1000009700655937 0.1000009700655937
0.1000007763504982 0.1000007763504982 0.1000007763504982 0.1000007763504982 0.1000007763504982 0.1000007763504982
0.1000008955597878 0.1000008955597878 0.1000008955597878 0.1000008955597878 0.1000008955597878 0.1000008955597878
0.1000008285045624 0.1000008285045624 0.1000008285045624 0.1000008285045624 0.1000008285045624 0.1000008285045624
0.1000006794929504 0.1000006794929504 0.1000006794929504 0.1000006794929504 0.1000006794929504 0.1000006794929504
0.1000007167458534 0.1000007167458534 0.1000007167458534 0.1000007167458534 0.1000007167458534 0.1000007167458534
0.1000003442168236 0.1000003442168236 0.1000003442168236 0.1000003442168236 0.1000003442168236 0.1000003442168236
0.1000004038214684 0.1000004038214684 0.1000004038214684 0.1000004038214684 0.1000004038214684 0.1000004038214684
0.1000002250075340 0.1000002250075340 0.1000002250075340 0.1000002250075340 0.1000002250075340 0.1000002250075340
0.1000002101063728 0.1000002101063728 0.1000002101063728 0.1000002101063728 0.1000002101063728 0.1000002101063728
0.1000001356005669 0.1000001356005669 0.1000001356005669 0.1000001356005669 0.1000001356005669 0.1000001356005669
0.1000003442168236 0.1000003442168236 0.1000003442168236 0.1000003442168236 0.1000003442168236 0.1000003442168236
0.1000001132488251 0.1000001132488251 0.1000001132488251 0.1000001132488251 0.1000001132488251 0.1000001132488251
0.1000000461935997 0.1000000461935997 0.1000000461935997 0.1000000461935997 0.1000000461935997 0.1000000461935997
0.1000005155801773 0.1000005155801773 0.1000005155801773 0.1000005155801773 0.1000005155801773 0.1000005155801773
0.1000003293156624 0.1000003293156624 0.1000003293156624 0.1000003293156624 0.1000003293156624 0.1000003293156624
0.1000006273388863 0.1000006273388863 0.1000006273388863 0.1000006273388863 0.1000006273388863 0.1000006273388863
0.1000005155801773 0.1000005155801773 0.1000005155801773 0.1000005155801773 0.1000005155801773 0.1000005155801773
0.1000006273388863 0.1000006273388863 0.1000006273388863 0.1000006273388863 0.1000006273388863 0.1000006273388863
0.1000005602836609 0.1000005602836609 0.1000005602836609 0.1000005602836609 0.1000005602836609 0.1000005602836609
0.1000004410743713 0.1000004410743713 0.1000004410743713 0.1000004410743713 0.1000004410743713 0.1000004410743713
0.1000004187226295 0.1000004187226295 0.1000004187226295 0.1000004187226295 0.1000004187226295 0.1000004187226295
0.1000002324581146 0.1000002324581146 0.1000002324581146 0.1000002324581146 0.1000002324581146 0.1000002324581146
0.1000002026557922 0.1000002026557922 0.1000002026557922 0.1000002026557922 0.1000002026557922 0.1000002026557922
0.1000000834465027 0.1000000834465027 0.1000000834465027 0.1000000834465027 0.1000000834465027 0.1000000834465027
0.1000000238418579 0.1000000238418579 0.1000000238418579 0.1000000238418579 0.1000000238418579 0.1000000238418579
0.1000000163912773 0.1000000163912773 0.1000000163912773 0.1000000163912773 0.1000000163912773 0.1000000163912773
0.1000000834465027 0.1000000834465027 0.1000000834465027 0.1000000834465027 0.1000000834465027 0.1000000834465027
0.1000000089406967 0.1000000089406967 0.1000000089406967 0.1000000089406967 0.1000000089406967 0.1000000089406967
0.1000000089406967 0.1000000089406967 0.1000000089406967 0.1000000089406967 0.1000000089406967 0.1000000089406967
0.1000002846121788 0.1000002846121788 0.1000002846121788 0.1000002846121788 0.1000002846121788 0.1000002846121788
0.1000000908970833 0.1000000908970833 0.1000000908970833 0.1000000908970833 0.1000000908970833 0.1000000908970833
0.1000003665685654 0.1000003665685654 0.1000003665685654 0.1000003665685654 0.1000003665685654 0.1000003665685654
0.1000002473592758 0.1000002473592758 0.1000002473592758 0.1000002473592758 0.1000002473592758 0.1000002473592758
0.1000003665685654 0.1000003665685654 0.1000003665685654 0.1000003665685654 0.1000003665685654 0.1000003665685654
0.1000003144145012 0.1000003144145012 0.1000003144145012 0.1000003144145012 0.1000003144145012 0.1000003144145012
0.1000002101063728 0.1000002101063728 0.1000002101063728 0.1000002101063728 0.1000002101063728 0.1000002101063728
0.1000002175569534 0.1000002175569534 0.1000002175569534 0.1000002175569534 0.1000002175569534 0.1000002175569534
0.1000000238418579 0.1000000238418579 0.1000000238418579 0.1000000238418579 0.1000000238418579 0.1000000238418579
0.1000000312924385 0.1000000312924385 0.1000000312924385 0.1000000312924385 0.1000000312924385 0.1000000312924385
0.0000000000000000 0.0000000000000000 0.0000000000000000 0.0000000000000000 0.0000000000000000 0.0000000000000000
0.0000000000000000 0.0000000000000000 0.0000000000000000 0.0000000000000000 0.0000000000000000 0.0000000000000000
0.0000000000000000 0.0000000000000000 0.0000000000000000 0.0000000000000000 0.0000000000000000 0.0000000000000000
0.1000000089406967 0.1000000089406967 0.1000000089406967 0.1000000089406967 0.1000000089406967 0.1000000089406967
0.0000000000000000 0.0000000000000000 0.0000000000000000 0.0000000000000000 0.0000000000000000 0.0000000000000000
0.1000001132488251 0.1000001132488251 0.1000001132488251 0.1000001132488251 0.1000001132488251 0.1000001132488251
0.1000001952052116 0.1000001952052116 0.1000001952052116 0.1000001952052116 0.1000001952052116 0.1000001952052116
0.1000002101063728 0.1000002101063728 0.1000002101063728 0.1000002101063728 0.1000002101063728 0.1000002101063728
0.1000000387430191 0.1000000387430191 0.1000000387430191 0.1000000387430191 0.1000000387430191 0.1000000387430191
0.0000000000000000 0.0000000000000000 0.0000000000000000 0.0000000000000000 0.0000000000000000 0.0000000000000000
0.0000000000000000 0.0000000000000000 0.0000000000000000 0.0000000000000000 0.0000000000000000 0.0000000000000000
1.0000001192092896 1.0000001192092896 1.0000001192092896 1.0000001192092896 0
1.0000008344650269 1.0000008344650269 1.0000008344650269 1.0000008344650269 0
1.0000034570693970 1.0000034570693970 1.0000034570693970 1.0000034570693970 0
1.0000061988830566 1.0000061988830566 1.0000061988830566 1.0000061988830566 0
1.0000057220458984 1.0000057220458984 1.0000057220458984 1.0000057220458984 0
1.0000026226043701 1.0000026226043701 1.0000026226043701 1.0000026226043701 0
1.0000001192092896 1.0000001192092896 1.0000001192092896 1.0000001192092896 0
1.0000000000000000 1.0000000000000000 1.0000000000000000 1.0000000000000000 0
1.0000008344650269 1.0000008344650269 1.0000008344650269 1.0000008344650269 0
1.0000034570693970 1.0000034570693970 1.0000034570693970 1.0000034570693970 0
1.0000083446502686 1.0000083446502686 1.0000083446502686 1.0000083446502686 0
1.0000107288360596 1.0000107288360596 1.0000107288360596 1.0000107288360596 0
1.0000108480453491 1.0000108480453491 1.0000108480453491 1.0000108480453491 0
1.0000061988830566 1.0000061988830566 1.0000061988830566 1.0000061988830566 0
1.0000020265579224 1.0000020265579224 1.0000020265579224 1.0000020265579224 0
1.0000003576278687 1.0000003576278687 1.0000003576278687 1.0000003576278687 0
1.0000035762786865 1.0000035762786865 1.0000035762786865 1.0000035762786865 0
1.0000073909759521 1.0000073909759521 1.0000073909759521 1.0000073909759521 0
1.0000121593475342 1.0000121593475342 1.0000121593475342 1.0000121593475342 0
1.0000152587890625 1.0000152587890625 1.0000152587890625 1.0000152587890625 0
1.0000144243240356 1.0000144243240356 1.0000144243240356 1.0000144243240356 0
1.0000103712081909 1.0000103712081909 1.0000103712081909 1.0000103712081909 0
1.0000051259994507 1.0000051259994507 1.0000051259994507 1.0000051259994507 0
1.0000022649765015 1.0000022649765015 1.0000022649765015 1.0000022649765015 0
1.0000044107437134 1.0000044107437134 1.0000044107437134 1.0000044107437134 0
1.0000087022781372 1.0000087022781372 1.0000087022781372 1.0000087022781372 0
1.0000135898590088 1.0000135898590088 1.0000135898590088 1.0000135898590088 0
1.0000168085098267 1.0000168085098267 1.0000168085098267 1.0000168085098267 0
1.0000162124633789 1.0000162124633789 1.0000162124633789 1.0000162124633789 0
1.0000118017196655 1.0000118017196655 1.0000118017196655 1.0000118017196655 0
1.0000052452087402 1.0000052452087402 1.0000052452087402 1.0000052452087402 0
1.0000040531158447 1.0000040531158447 1.0000040531158447 1.0000040531158447 0
1.0000015497207642 1.0000015497207642 1.0000015497207642 1.0000015497207642 0
1.0000061988830566 1.0000061988830566 1.0000061988830566 1.0000061988830566 0
1.0000110864639282 1.0000110864639282 1.0000110864639282 1.0000110864639282 0
1.0000137090682983 1.0000137090682983 1.0000137090682983 1.0000137090682983 0
1.0000128746032715 1.0000128746032715 1.0000128746032715 1.0000128746032715 0
1.0000085830688477 1.0000085830688477 1.0000085830688477 1.0000085830688477 0
1.0000035762786865 1.0000035762786865 1.0000035762786865 1.0000035762786865 0
1.0000022649765015 1.0000022649765015 1.0000022649765015 1.0000022649765015 0
1.0000001192092896 1.0000001192092896 1.0000001192092896 1.0000001192092896 0
1.0000015497207642 1.0000015497207642 1.0000015497207642 1.0000015497207642 0
1.0000060796737671 1.0000060796737671 1.0000060796737671 1.0000060796737671 0
1.0000085830688477 1.0000085830688477 1.0000085830688477 1.0000085830688477 0
1.0000071525573730 1.0000071525573730 1.0000071525573730 1.0000071525573730 0
1.0000041723251343 1.0000041723251343 1.0000041723251343 1.0000041723251343 0
1.0000003576278687 1.0000003576278687 1.0000003576278687 1.0000003576278687 0
1.0000000000000000 1.0000000000000000 1.0000000000000000 1.0000000000000000 0
1.0000000000000000 1.0000000000000000 1.0000000000000000 1.0000000000000000 0
1.0000001192092896 1.0000001192092896 1.0000001192092896 1.0000001192092896 0
1.0000019073486328 1.0000019073486328 1.0000019073486328 1.0000019073486328 0
1.0000039339065552 1.0000039339065552 1.0000039339065552 1.0000039339065552 0
1.0000035762786865 1.0000035762786865 1.0000035762786865 1.0000035762786865 0
1.0000009536743164 1.0000009536743164 1.0000009536743164 1.0000009536743164 0
1.0000000000000000 1.0000000000000000 1.0000000000000000 1.0000000000000000 0
0.9999999403953552 0.9999999403953552 0.9999999403953552 0.9999999403953552 0
0.9999998211860657 0.9999998211860657 0.9999998211860657 0.9999998211860657 0
1.0000001192092896 1.0000001192092896 1.0000001192092896 1.0000001192092896 0
1.0000014305114746 1.0000014305114746 1.0000014305114746 1.0000014305114746 0
1.0000034570693970 1.0000034570693970 1.0000034570693970 1.0000034570693970 0
1.0000026226043701 1.0000026226043701 1.0000026226043701 1.0000026226043701 0
1.0000003576278687 1.0000003576278687 1.0000003576278687 1.0000003576278687 0
1.0000000000000000 1.0000000000000000 1.0000000000000000 1.0000000000000000 0
0.9999997019767761 0.9999997019767761 0.9999997019767761 0.9999997019767761 0
0.1000002622604370 0.1000002622604370 0.1000002622604370 0.1000002622604370 0.1000002622604370 0.1000002622604370
0.0000000000000000 0.0000000000000000 0.0000000000000000 0.0000000000000000 0.0000000000000000 0.0000000000000000
0.1000002846121788 0.1000002846121788 0.1000002846121788 0.1000002846121788 0.1000002846121788 0.1000002846121788
0.0000000000000000 0.0000000000000000 0.0000000000000000 0.0000000000000000 0.0000000000000000 0.0000000000000000
0.1000009402632713 0.1000009402632713 0.1000009402632713 0.1000009402632713 0.1000009402632713 0.1000009402632713
0.1000009328126907 0.1000009328126907 0.1000009328126907 0.1000009328126907 0.1000009328126907 0.1000009328126907
0.1000003367662430 0.1000003367662430 0.1000003367662430 0.1000003367662430 0.1000003367662430 0.1000003367662430
0.1000015065073967 0.1000015065073967 0.1000015065073967 0.1000015065073967 0.1000015065073967 0.1000015065073967
0.1000016406178474 0.1000016406178474 0.1000016406178474 0.1000016406178474 0.1000016406178474 0.1000016406178474
0.1000009551644325 0.1000009551644325 0.1000009551644325 0.1000009551644325 0.1000009551644325 0.1000009551644325
0.1000016108155251 0.1000016108155251 0.1000016108155251 0.1000016108155251 0.1000016108155251 0.1000016108155251
0.1000022068619728 0.1000022068619728 0.1000022068619728 0.1000022068619728 0.1000022068619728 0.1000022068619728
0.1000013872981071 0.1000013872981071 0.1000013872981071 0.1000013872981071 0.1000013872981071 0.1000013872981071
0.1000012829899788 0.1000012829899788 0.1000012829899788 0.1000012829899788 0.1000012829899788 0.1000012829899788
0.1000020131468773 0.1000020131468773 0.1000020131468773 0.1000020131468773 0.1000020131468773 0.1000020131468773
0.1000011414289474 0.1000011414289474 0.1000011414289474 0.1000011414289474 0.1000011414289474 0.1000011414289474
0.1000006645917892 0.1000006645917892 0.1000006645917892 0.1000006645917892 0.1000006645917892 0.1000006645917892
0.1000013053417206 0.1000013053417206 0.1000013053417206 0.1000013053417206 0.1000013053417206 0.1000013053417206
0.1000006422400475 0.1000006422400475 0.1000006422400475 0.1000006422400475 0.1000006422400475 0.1000006422400475
0.1000001057982445 0.1000001057982445 0.1000001057982445 0.1000001057982445 0.1000001057982445 0.1000001057982445
0.1000005900859833 0.1000005900859833 0.1000005900859833 0.1000005900859833 0.1000005900859833 0.1000005900859833
0.1000001057982445 0.1000001057982445 0.1000001057982445 0.1000001057982445 0.1000001057982445 0.1000001057982445
0.1000001877546310 0.1000001877546310 0.1000001877546310 0.1000001877546310 0.1000001877546310 0.1000001877546310
0.0000000000000000 0.0000000000000000 0.0000000000000000 0.0000000000000000 0.0000000000000000 0.0000000000000000
0.1000009551644325 0.1000009551644325 0.1000009551644325 0.1000009551644325 0.1000009551644325 0.1000009551644325
0.1000005155801773 0.1000005155801773 0.1000005155801773 0.1000005155801773 0.1000005155801773 0.1000005155801773
0.1000008881092072 0.1000008881092072 0.1000008881092072 0.1000008881092072 0.1000008881092072 0.1000008881092072
0.1000017747282982 0.1000017747282982 0.1000017747282982 0.1000017747282982 0.1000017747282982 0.1000017747282982
0.1000016629695892 0.1000016629695892 0.1000016629695892 0.1000016629695892 0.1000016629695892 0.1000016629695892
0.1000025272369385 0.1000025272369385 0.1000025272369385 0.1000025272369385 0.1000025272369385 0.1000025272369385
0.1000025570392609 0.1000025570392609 0.1000025570392609 0.1000025570392609 0.1000025570392609 0.1000025570392609
0.1000026911497116 0.1000026911497116 0.1000026911497116 0.1000026911497116 0.1000026911497116 0.1000026911497116
0.1000031754374504 0.1000031754374504 0.1000031754374504 0.1000031754374504 0.1000031754374504 0.1000031754374504
0.1000022515654564 0.1000022515654564 0.1000022515654564 0.1000022515654564 0.1000022515654564 0.1000022515654564
0.1000029817223549 0.1000029817223549 0.1000029817223549 0.1000029817223549 0.1000029817223549 0.1000029817223549
0.1000013425946236 0.1000013425946236 0.1000013425946236 0.1000013425946236 0.1000013425946236 0.1000013425946236
0.1000021696090698 0.1000021696090698 0.1000021696090698 0.1000021696090698 0.1000021696090698 0.1000021696090698
0.1000006645917892 0.1000006645917892 0.1000006645917892 0.1000006645917892 0.1000006645917892 0.1000006645917892
0.1000011563301086 0.1000011563301086 0.1000011563301086 0.1000011563301086 0.1000011563301086 0.1000011563301086
0.1000006943941116 0.1000006943941116 0.1000006943941116 0.1000006943941116 0.1000006943941116 0.1000006943941116
0.1000015512108803 0.1000015512108803 0.1000015512108803 0.1000015512108803 0.1000015512108803 0.1000015512108803
0.1000010520219803 0.1000010520219803 0.1000010520219803 0.1000010520219803 0.1000010520219803 0.1000010520219803
0.1000012457370758 0.1000012457370758 0.1000012457370758 0.1000012457370758 0.1000012457370758 0.1000012457370758
0.1000025942921638 0.1000025942921638 0.1000025942921638 0.1000025942921638 0.1000025942921638 0.1000025942921638
0.1000021323561668 0.1000021323561668 0.1000021323561668 0.1000021323561668 0.1000021323561668 0.1000021323561668
0.1000033542513847 0.1000033542513847 0.1000033542513847 0.1000033542513847 0.1000033542513847 0.1000033542513847
0.1000031381845474 0.1000031381845474 0.1000031381845474 0.1000031381845474 0.1000031381845474 0.1000031381845474
0.1000036150217056 0.1000036150217056 0.1000036150217056 0.1000036150217056 0.1000036150217056 0.1000036150217056
0.1000038757920265 0.1000038757920265 0.1000038757920265 0.1000038757920265 0.1000038757920265 0.1000038757920265
0.1000030562281609 0.1000030562281609 0.1000030562281609 0.1000030562281609 0.1000030562281609 0.1000030562281609
0.1000036746263504 0.1000036746263504 0.1000036746263504 0.1000036746263504 0.1000036746263504 0.1000036746263504
0.1000019907951355 0.1000019907951355 0.1000019907951355 0.1000019907951355 0.1000019907951355 0.1000019907951355
0.1000025868415833 0.1000025868415833 0.1000025868415833 0.1000025868415833 0.1000025868415833 0.1000025868415833
0.1000011488795280 0.1000011488795280 0.1000011488795280 0.1000011488795280 0.1000011488795280 0.1000011488795280
0.1000015586614609 0.1000015586614609 0.1000015586614609 0.1000015586614609 0.1000015586614609 0.1000015586614609
0.1000010371208191 0.1000010371208191 0.1000010371208191 0.1000010371208191 0.1000010371208191 0.1000010371208191
0.1000017225742340 0.1000017225742340 0.1000017225742340 0.1000017225742340 0.1000017225742340 0.1000017225742340
0.1000012308359146 0.1000012308359146 0.1000012308359146 0.1000012308359146 0.1000012308359146 0.1000012308359146
0.1000009924173355 0.1000009924173355 0.1000009924173355 0.1000009924173355 0.1000009924173355 0.1000009924173355
0.1000028327107430 0.1000028327107430 0.1000028327107430 0.1000028327107430 0.1000028327107430 0.1000028327107430
0.1000019758939743 0.1000019758939743 0.1000019758939743 0.1000019758939743 0.1000019758939743 0.1000019758939743
0.1000036522746086 0.1000036522746086 0.1000036522746086 0.1000036522746086 0.1000036522746086 0.1000036522746086
0.1000029444694519 0.1000029444694519 0.1000029444694519 0.1000029444694519 0.1000029444694519 0.1000029444694519
0.1000039130449295 0.1000039130449295 0.1000039130449295 0.1000039130449295 0.1000039130449295 0.1000039130449295
0.1000036075711250 0.1000036075711250 0.1000036075711250 0.1000036075711250 0.1000036075711250 0.1000036075711250
0.1000033691525459 0.1000033691525459 0.1000033691525459 0.1000033691525459 0.1000033691525459 0.1000033691525459
0.1000034436583519 0.1000034436583519 0.1000034436583519 0.1000034436583519 0.1000034436583519 0.1000034436583519
0.1000022068619728 0.1000022068619728 0.1000022068619728 0.1000022068619728 0.1000022068619728 0.1000022068619728
0.1000024452805519 0.1000024452805519 0.1000024452805519 0.1000024452805519 0.1000024452805519 0.1000024452805519
0.1000013798475266 0.1000013798475266 0.1000013798475266 0.1000013798475266 0.1000013798475266 0.1000013798475266
0.1000013798475266 0.1000013798475266 0.1000013798475266 0.1000013798475266 0.1000013798475266 0.1000013798475266
0.1000008806586266 0.1000008806586266 0.1000008806586266 0.1000008806586266 0.1000008806586266 0.1000008806586266
0.1000011414289474 0.1000011414289474 0.1000011414289474 0.1000011414289474 0.1000011414289474 0.1000011414289474
0.1000007688999176 0.1000007688999176 0.1000007688999176 0.1000007688999176 0.1000007688999176 0.1000007688999176
0.1000005677342415 0.1000005677342415 0.1000005677342415 0.1000005677342415 0.1000005677342415 0.1000005677342415
0.1000022217631340 0.1000022217631340 0.1000022217631340 0.1000022217631340 0.1000022217631340 0.1000022217631340
0.1000012084841728 0.1000012084841728 0.1000012084841728 0.1000012084841728 0.1000012084841728 0.1000012084841728
0.1000030264258385 0.1000030264258385 0.1000030264258385 0.1000030264258385 0.1000030264258385 0.1000030264258385
0.1000021398067474 0.1000021398067474 0.1000021398067474 0.1000021398067474 0.1000021398067474 0.1000021398067474
0.1000032499432564 0.1000032499432564 0.1000032499432564 0.1000032499432564 0.1000032499432564 0.1000032499432564
0.1000027880072594 0.1000027880072594 0.1000027880072594 0.1000027880072594 0.1000027880072594 0.1000027880072594
0.1000026836991310 0.1000026836991310 0.1000026836991310 0.1000026836991310 0.1000026836991310 0.1000026836991310
0.1000024974346161 0.1000024974346161 0.1000024974346161 0.1000024974346161 0.1000024974346161 0.1000024974346161
0.1000016778707504 0.1000016778707504 0.1000016778707504 0.1000016778707504 0.1000016778707504 0.1000016778707504
0.1000016629695892 0.1000016629695892 0.1000016629695892 0.1000016629695892 0.1000016629695892 0.1000016629695892
0.1000009104609489 0.1000009104609489 0.1000009104609489 0.1000009104609489 0.1000009104609489 0.1000009104609489
0.1000008583068848 0.1000008583068848 0.1000008583068848 0.1000008583068848 0.1000008583068848 0.1000008583068848
0.1000004708766937 0.1000004708766937 0.1000004708766937 0.1000004708766937 0.1000004708766937 0.1000004708766937
0.1000006049871445 0.1000006049871445 0.1000006049871445 0.1000006049871445 0.1000006049871445 0.1000006049871445
0.1000002771615982 0.1000002771615982 0.1000002771615982 0.1000002771615982 0.1000002771615982 0.1000002771615982
0.1000001132488251 0.1000001132488251 0.1000001132488251 0.1000001132488251 0.1000001132488251 0.1000001132488251
0.1000013127923012 0.1000013127923012 0.1000013127923012 0.1000013127923012 0.1000013127923012 0.1000013127923012
0.1000005751848221 0.1000005751848221 0.1000005751848221 0.1000005751848221 0.1000005751848221 0.1000005751848221
0.1000019013881683 0.1000019013881683 0.1000019013881683 0.1000019013881683 0.1000019013881683 0.1000019013881683
0.1000012382864952 0.1000012382864952 0.1000012382864952 0.1000012382864952 0.1000012382864952 0.1000012382864952
0.1000020727515221 0.1000020727515221 0.1000020727515221 0.1000020727515221 0.1000020727515221 0.1000020727515221
0.1000017300248146 0.1000017300248146 0.1000017300248146 0.1000017300248146 0.1000017300248146 0.1000017300248146
0.1000016778707504 0.1000016778707504 0.1000016778707504 0.1000016778707504 0.1000016778707504 0.1000016778707504
0.1000015512108803 0.1000015512108803 0.1000015512108803 0.1000015512108803 0.1000015512108803 0.1000015512108803
0.1000009775161743 0.1000009775161743 0.1000009775161743 0.1000009775161743 0.1000009775161743 0.1000009775161743
0.1000009402632713 0.1000009402632713 0.1000009402632713 0.1000009402632713 0.1000009402632713 0.1000009402632713
0.1000003814697266 0.1000003814697266 0.1000003814697266 0.1000003814697266 0.1000003814697266 0.1000003814697266
0.1000002622604370 0.1000002622604370 0.1000002622604370 0.1000002622604370 0.1000002622604370 0.1000002622604370
0.1000000387430191 0.1000000387430191 0.1000000387430191 0.1000000387430191 0.1000000387430191 0.1000000387430191
0.1000000163912773 0.1000000163912773 0.1000000163912773 0.1000000163912773 0.1000000163912773 0.1000000163912773
0.0000000000000000 0.0000000000000000 0.0000000000000000 0.0000000000000000 0.0000000000000000 0.0000000000000000
0.0000000000000000 0.0000000000000000 0.0000000000000000 0.0000000000000000 0.0000000000000000 0.0000000000000000
0.1000005900859833 0.1000005900859833 0.1000005900859833 0.1000005900859833 0.1000005900859833 0.1000005900859833
0.1000002175569534 0.1000002175569534 0.1000002175569534 0.1000002175569534 0.1000002175569534 0.1000002175569534
0.1000010743737221 0.1000010743737221 0.1000010743737221 0.1000010743737221 0.1000010743737221 0.1000010743737221
0.1000007614493370 0.1000007614493370 0.1000007614493370 0.1000007614493370 0.1000007614493370 0.1000007614493370
0.1000011861324310 0.1000011861324310 0.1000011861324310 0.1000011861324310 0.1000011861324310 0.1000011861324310
0.1000011861324310 0.1000011861324310 0.1000011861324310 0.1000011861324310 0.1000011861324310 0.1000011861324310
0.1000008732080460 0.1000008732080460 0.1000008732080460 0.1000008732080460 0.1000008732080460 0.1000008732080460
0.1000010073184967 0.1000010073184967 0.1000010073184967 0.1000010073184967 0.1000010073184967 0.1000010073184967
0.1000003442168236 0.1000003442168236 0.1000003442168236 0.1000003442168236 0.1000003442168236 0.1000003442168236
0.1000005006790161 0.1000005006790161 0.1000005006790161 0.1000005006790161 0.1000005006790161 0.1000005006790161
0.0000000000000000 0.0000000000000000 0.0000000000000000 0.0000000000000000 0.0000000000000000 0.0000000000000000
0.1000000461935997 0.1000000461935997 0.1000000461935997 0.1000000461935997 0.1000000461935997 0.1000000461935997
0.0000000000000000 0.0000000000000000 0.0000000000000000 0.0000000000000000 0.0000000000000000 0.0000000000000000
0.0000000000000000 0.0000000000000000 0.0000000000000000 0.0000000000000000 0.0000000000000000 0.0000000000000000
0.0000000000000000 0.0000000000000000 0.0000000000000000 0.0000000000000000 0.0000000000000000 0.0000000000000000
0.1000004485249519 0.1000004485249519 0.1000004485249519 0.1000004485249519 0.1000004485249519 0.1000004485249519
0.1000009104609489 0.1000009104609489 0.1000009104609489 0.1000009104609489 0.1000009104609489 0.1000009104609489
0.1000009253621101 0.1000009253621101 0.1000009253621101 0.1000009253621101 0.1000009253621101 0.1000009253621101
0.1000006869435310 0.1000006869435310 0.1000006869435310 0.1000006869435310 0.1000006869435310 0.1000006869435310
0.1000002846121788 0.1000002846121788 0.1000002846121788 0.1000002846121788 0.1000002846121788 0.1000002846121788
0.0000000000000000 0.0000000000000000 0.0000000000000000 0.0000000000000000 0.0000000000000000 0.0000000000000000
1.0000002384185791 1.0000002384185791 1.0000002384185791 1.0000002384185791 0
1.0000008344650269 1.0000008344650269 1.0000008344650269 1.0000008344650269 0
1.0000032186508179 1.0000032186508179 1.0000032186508179 1.0000032186508179 0
1.0000034570693970 1.0000034570693970 1.0000034570693970 1.0000034570693970 0
1.0000025033950806 1.0000025033950806 1.0000025033950806 1.0000025033950806 0
1.0000002384185791 1.0000002384185791 1.0000002384185791 1.0000002384185791 0
1.0000001192092896 1.0000001192092896 1.0000001192092896 1.0000001192092896 0
0.9999996423721313 0.9999996423721313 0.9999996423721313 0.9999996423721313 0
1.0000007152557373 1.0000007152557373 1.0000007152557373 1.0000007152557373 0
1.0000032186508179 1.0000032186508179 1.0000032186508179 1.0000032186508179 0
1.0000075101852417 1.0000075101852417 1.0000075101852417 1.0000075101852417 0
1.0000078678131104 1.0000078678131104 1.0000078678131104 1.0000078678131104 0
1.0000059604644775 1.0000059604644775 1.0000059604644775 1.0000059604644775 0
1.0000022649765015 1.0000022649765015 1.0000022649765015 1.0000022649765015 0
1.0000001192092896 1.0000001192092896 1.0000001192092896 1.0000001192092896 0
1.0000000000000000 1.0000000000000000 1.0000000000000000 1.0000000000000000 0
1.0000041723251343 1.0000041723251343 1.0000041723251343 1.0000041723251343 0
1.0000078678131104 1.0000078678131104 1.0000078678131104 1.0000078678131104 0
1.0000120401382446 1.0000120401382446 1.0000120401382446 1.0000120401382446 0
1.0000133514404297 1.0000133514404297 1.0000133514404297 1.0000133514404297 0
1.0000112056732178 1.0000112056732178 1.0000112056732178 1.0000112056732178 0
1.0000059604644775 1.0000059604644775 1.0000059604644775 1.0000059604644775 0
1.0000022649765015 1.0000022649765015 1.0000022649765015 1.0000022649765015 0
1.0000010728836060 1.0000010728836060 1.0000010728836060 1.0000010728836060 0
1.0000070333480835 1.0000070333480835 1.0000070333480835 1.0000070333480835 0
1.0000102519989014 1.0000102519989014 1.0000102519989014 1.0000102519989014 0
1.0000154972076416 1.0000154972076416 1.0000154972076416 1.0000154972076416 0
1.0000168085098267 1.0000168085098267 1.0000168085098267 1.0000168085098267 0
1.0000135898590088 1.0000135898590088 1.0000135898590088 1.0000135898590088 0
1.0000089406967163 1.0000089406967163 1.0000089406967163 1.0000089406967163 0
1.0000042915344238 1.0000042915344238 1.0000042915344238 1.0000042915344238 0
1.0000029802322388 1.0000029802322388 1.0000029802322388 1.0000029802322388 0
1.0000053644180298 1.0000053644180298 1.0000053644180298 1.0000053644180298 0
1.0000098943710327 1.0000098943710327 1.0000098943710327 1.0000098943710327 0
1.0000141859054565 1.0000141859054565 1.0000141859054565 1.0000141859054565 0
1.0000157356262207 1.0000157356262207 1.0000157356262207 1.0000157356262207 0
1.0000132322311401 1.0000132322311401 1.0000132322311401 1.0000132322311401 0
1.0000072717666626 1.0000072717666626 1.0000072717666626 1.0000072717666626 0
1.0000038146972656 1.0000038146972656 1.0000038146972656 1.0000038146972656 0
1.0000026226043701 1.0000026226043701 1.0000026226043701 1.0000026226043701 0
1.0000022649765015 1.0000022649765015 1.0000022649765015 1.0000022649765015 0
1.0000067949295044 1.0000067949295044 1.0000067949295044 1.0000067949295044 0
1.0000094175338745 1.0000094175338745 1.0000094175338745 1.0000094175338745 0
1.0000108480453491 1.0000108480453491 1.0000108480453491 1.0000108480453491 0
1.0000090599060059 1.0000090599060059 1.0000090599060059 1.0000090599060059 0
1.0000042915344238 1.0000042915344238 1.0000042915344238 1.0000042915344238 0
1.0000014305114746 1.0000014305114746 1.0000014305114746 1.0000014305114746 0
1.0000005960464478 1.0000005960464478 1.0000005960464478 1.0000005960464478 0
1.0000001192092896 1.0000001192092896 1.0000001192092896 1.0000001192092896 0
1.0000016689300537 1.0000016689300537 1.0000016689300537 1.0000016689300537 0
1.0000051259994507 1.0000051259994507 1.0000051259994507 1.0000051259994507 0
1.0000053644180298 1.0000053644180298 1.0000053644180298 1.0000053644180298 0
1.0000038146972656 1.0000038146972656 1.0000038146972656 1.0000038146972656 0
1.0000005960464478 1.0000005960464478 1.0000005960464478 1.0000005960464478 0
1.0000001192092896 1.0000001192092896 1.0000001192092896 1.0000001192092896 0
1.0000000000000000 1.0000000000000000 1.0000000000000000 1.0000000000000000 0
0.9999997019767761 0.9999997019767761 0.9999997019767761 0.9999997019767761 0
1.0000004768371582 1.0000004768371582 1.0000004768371582 1.0000004768371582 0
1.0000021457672119 1.0000021457672119 1.0000021457672119 1.0000021457672119 0
1.0000034570693970 1.0000034570693970 1.0000034570693970 1.0000034570693970 0
1.0000020265579224 1.0000020265579224 1.0000020265579224 1.0000020265579224 0
1.0000000000000000 1.0000000000000000 1.0000000000000000 1.0000000000000000 0
0.9999998211860657 0.9999998211860657 0.9999998211860657 0.9999998211860657 0
0.9999995827674866 0.9999995827674866 0.9999995827674866 0.9999995827674866 0
0.1000002622604370 0.1000002622604370 0.1000002622604370 0.1000002622604370 0.1000002622604370 0.1000002622604370
0.0000000000000000 0.0000000000000000 0.0000000000000000 0.0000000000000000 0.0000000000000000 0.0000000000000000
0.1000002771615982 0.1000002771615982 0.1000002771615982 0.1000002771615982 0.1000002771615982 0.1000002771615982
0.0000000000000000 0.0000000000000000 0.0000000000000000 0.0000000000000000 0.0000000000000000 0.0000000000000000
0.1000008285045624 0.1000008285045624 0.1000008285045624 0.1000008285045624 0.1000008285045624 0.1000008285045624
0.1000009328126907 0.1000009328126907 0.1000009328126907 0.1000009328126907 0.1000009328126907 0.1000009328126907
0.1000004336237907 0.1000004336237907 0.1000004336237907 0.1000004336237907 0.1000004336237907 0.1000004336237907
0.1000011116266251 0.1000011116266251 0.1000011116266251 0.1000011116266251 0.1000011116266251 0.1000011116266251
0.1000015065073967 0.1000015065073967 0.1000015065073967 0.1000015065073967 0.1000015065073967 0.1000015065073967
0.1000009477138519 0.1000009477138519 0.1000009477138519 0.1000009477138519 0.1000009477138519 0.1000009477138519
0.1000010147690773 0.1000010147690773 0.1000010147690773 0.1000010147690773 0.1000010147690773 0.1000010147690773
0.1000015959143639 0.1000015959143639 0.1000015959143639 0.1000015959143639 0.1000015959143639 0.1000015959143639
0.1000010967254639 0.1000010967254639 0.1000010967254639 0.1000010967254639 0.1000010967254639 0.1000010967254639
0.1000005975365639 0.1000005975365639 0.1000005975365639 0.1000005975365639 0.1000005975365639 0.1000005975365639
0.1000012010335922 0.1000012010335922 0.1000012010335922 0.1000012010335922 0.1000012010335922 0.1000012010335922
0.1000008136034012 0.1000008136034012 0.1000008136034012 0.1000008136034012 0.1000008136034012 0.1000008136034012
0.1000000983476639 0.1000000983476639 0.1000000983476639 0.1000000983476639 0.1000000983476639 0.1000000983476639
0.1000006422400475 0.1000006422400475 0.1000006422400475 0.1000006422400475 0.1000006422400475 0.1000006422400475
0.1000003665685654 0.1000003665685654 0.1000003665685654 0.1000003665685654 0.1000003665685654 0.1000003665685654
0.0000000000000000 0.0000000000000000 0.0000000000000000 0.0000000000000000 0.0000000000000000 0.0000000000000000
0.1000000908970833 0.1000000908970833 0.1000000908970833 0.1000000908970833 0.1000000908970833 0.1000000908970833
0.0000000000000000 0.0000000000000000 0.0000000000000000 0.0000000000000000 0.0000000000000000 0.0000000000000000
0.0000000000000000 0.0000000000000000 0.0000000000000000 0.0000000000000000 0.0000000000000000 0.0000000000000000
0.0000000000000000 0.0000000000000000 0.0000000000000000 0.0000000000000000 0.0000000000000000 0.0000000000000000
0.1000008955597878 0.1000008955597878 0.1000008955597878 0.1000008955597878 0.1000008955597878 0.1000008955597878
0.1000003144145012 0.1000003144145012 0.1000003144145012 0.1000003144145012 0.1000003144145012 0.1000003144145012
0.1000009477138519 0.1000009477138519 0.1000009477138519 0.1000009477138519 0.1000009477138519 0.1000009477138519
0.1000015884637833 0.1000015884637833 0.1000015884637833 0.1000015884637833 0.1000015884637833 0.1000015884637833
0.1000017970800400 0.1000017970800400 0.1000017970800400 0.1000017970800400 0.1000017970800400 0.1000017970800400
0.1000020354986191 0.1000020354986191 0.1000020354986191 0.1000020354986191 0.1000020354986191 0.1000020354986191
0.1000025272369385 0.1000025272369385 0.1000025272369385 0.1000025272369385 0.1000025272369385 0.1000025272369385
0.1000018939375877 0.1000018939375877 0.1000018939375877 0.1000018939375877 0.1000018939375877 0.1000018939375877
0.1000027284026146 0.1000027284026146 0.1000027284026146 0.1000027284026146 0.1000027284026146 0.1000027284026146
0.1000012606382370 0.1000012606382370 0.1000012606382370 0.1000012606382370 0.1000012606382370 0.1000012606382370
0.1000022143125534 0.1000022143125534 0.1000022143125534 0.1000022143125534 0.1000022143125534 0.1000022143125534
0.1000006049871445 0.1000006049871445 0.1000006049871445 0.1000006049871445 0.1000006049871445 0.1000006049871445
0.1000012978911400 0.1000012978911400 0.1000012978911400 0.1000012978911400 0.1000012978911400 0.1000012978911400
0.1000002697110176 0.1000002697110176 0.1000002697110176 0.1000002697110176 0.1000002697110176 0.1000002697110176
0.1000006794929504 0.1000006794929504 0.1000006794929504 0.1000006794929504 0.1000006794929504 0.1000006794929504
0.1000004857778549 0.1000004857778549 0.1000004857778549 0.1000004857778549 0.1000004857778549 0.1000004857778549
0.1000016629695892 0.1000016629695892 0.1000016629695892 0.1000016629695892 0.1000016629695892 0.1000016629695892
0.1000008881092072 0.1000008881092072 0.1000008881092072 0.1000008881092072 0.1000008881092072 0.1000008881092072
0.1000015065073967 0.1000015065073967 0.1000015065073967 0.1000015065073967 0.1000015065073967 0.1000015065073967
0.1000025048851967 0.1000025048851967 0.1000025048851967 0.1000025048851967 0.1000025048851967 0.1000025048851967
0.1000024899840355 0.1000024899840355 0.1000024899840355 0.1000024899840355 0.1000024899840355 0.1000024899840355
0.1000030115246773 0.1000030115246773 0.1000030115246773 0.1000030115246773 0.1000030115246773 0.1000030115246773
0.1000033169984818 0.1000033169984818 0.1000033169984818 0.1000033169984818 0.1000033169984818 0.1000033169984818
0.1000027731060982 0.1000027731060982 0.1000027731060982 0.1000027731060982 0.1000027731060982 0.1000027731060982
0.1000036448240280 0.1000036448240280 0.1000036448240280 0.1000036448240280 0.1000036448240280 0.1000036448240280
0.1000021100044250 0.1000021100044250 0.1000021100044250 0.1000021100044250 0.1000021100044250 0.1000021100044250
0.1000029444694519 0.1000029444694519 0.1000029444694519 0.1000029444694519 0.1000029444694519 0.1000029444694519
0.1000013127923012 0.1000013127923012 0.1000013127923012 0.1000013127923012 0.1000013127923012 0.1000013127923012
0.1000019982457161 0.1000019982457161 0.1000019982457161 0.1000019982457161 0.1000019982457161 0.1000019982457161
0.1000007838010788 0.1000007838010788 0.1000007838010788 0.1000007838010788 0.1000007838010788 0.1000007838010788
0.1000011563301086 0.1000011563301086 0.1000011563301086 0.1000011563301086 0.1000011563301086 0.1000011563301086
0.1000008955597878 0.1000008955597878 0.1000008955597878 0.1000008955597878 0.1000008955597878 0.1000008955597878
0.1000022515654564 0.1000022515654564 0.1000022515654564 0.1000022515654564 0.1000022515654564 0.1000022515654564
0.1000013649463654 0.1000013649463654 0.1000013649463654 0.1000013649463654 0.1000013649463654 0.1000013649463654
0.1000016331672668 0.1000016331672668 0.1000016331672668 0.1000016331672668 0.1000016331672668 0.1000016331672668
0.1000031679868698 0.1000031679868698 0.1000031679868698 0.1000031679868698 0.1000031679868698 0.1000031679868698
0.1000027209520340 0.1000027209520340 0.1000027209520340 0.1000027209520340 0.1000027209520340 0.1000027209520340
0.1000038087368011 0.1000038087368011 0.1000038087368011 0.1000038087368011 0.1000038087368011 0.1000038087368011
0.1000035628676414 0.1000035628676414 0.1000035628676414 0.1000035628676414 0.1000035628676414 0.1000035628676414
0.1000036075711250 0.1000036075711250 0.1000036075711250 0.1000036075711250 0.1000036075711250 0.1000036075711250
0.1000038385391235 0.1000038385391235 0.1000038385391235 0.1000038385391235 0.1000038385391235 0.1000038385391235
0.1000027507543564 0.1000027507543564 0.1000027507543564 0.1000027507543564 0.1000027507543564 0.1000027507543564
0.1000032499432564 0.1000032499432564 0.1000032499432564 0.1000032499432564 0.1000032499432564 0.1000032499432564
0.1000017970800400 0.1000017970800400 0.1000017970800400 0.1000017970800400 0.1000017970800400 0.1000017970800400
0.1000021547079086 0.1000021547079086 0.1000021547079086 0.1000021547079086 0.1000021547079086 0.1000021547079086
0.1000011339783669 0.1000011339783669 0.1000011339783669 0.1000011339783669 0.1000011339783669 0.1000011339783669
0.1000012978911400 0.1000012978911400 0.1000012978911400 0.1000012978911400 0.1000012978911400 0.1000012978911400
0.1000009775161743 0.1000009775161743 0.1000009775161743 0.1000009775161743 0.1000009775161743 0.1000009775161743
0.1000020056962967 0.1000020056962967 0.1000020056962967 0.1000020056962967 0.1000020056962967 0.1000020056962967
0.1000011861324310 0.1000011861324310 0.1000011861324310 0.1000011861324310 0.1000011861324310 0.1000011861324310
0.1000013276934624 0.1000013276934624 0.1000013276934624 0.1000013276934624 0.1000013276934624 0.1000013276934624
0.1000029891729355 0.1000029891729355 0.1000029891729355 0.1000029891729355 0.1000029891729355 0.1000029891729355
0.1000022143125534 0.1000022143125534 0.1000022143125534 0.1000022143125534 0.1000022143125534 0.1000022143125534
0.1000035926699638 0.1000035926699638 0.1000035926699638 0.1000035926699638 0.1000035926699638 0.1000035926699638
0.1000030785799026 0.1000030785799026 0.1000030785799026 0.1000030785799026 0.1000030785799026 0.1000030785799026
0.1000034660100937 0.1000034660100937 0.1000034660100937 0.1000034660100937 0.1000034660100937 0.1000034660100937
0.1000033318996429 0.1000033318996429 0.1000033318996429 0.1000033318996429 0.1000033318996429 0.1000033318996429
0.1000025570392609 0.1000025570392609 0.1000025570392609 0.1000025570392609 0.1000025570392609 0.1000025570392609
0.1000027284026146 0.1000027284026146 0.1000027284026146 0.1000027284026146 0.1000027284026146 0.1000027284026146
0.1000016406178474 0.1000016406178474 0.1000016406178474 0.1000016406178474 0.1000016406178474 0.1000016406178474
0.1000017300248146 0.1000017300248146 0.1000017300248146 0.1000017300248146 0.1000017300248146 0.1000017300248146
0.1000010073184967 0.1000010073184967 0.1000010073184967 0.1000010073184967 0.1000010073184967 0.1000010073184967
0.1000010296702385 0.1000010296702385 0.1000010296702385 0.1000010296702385 0.1000010296702385 0.1000010296702385
0.1000008136034012 0.1000008136034012 0.1000008136034012 0.1000008136034012 0.1000008136034012 0.1000008136034012
0.1000013723969460 0.1000013723969460 0.1000013723969460 0.1000013723969460 0.1000013723969460 0.1000013723969460
0.1000006943941116 0.1000006943941116 0.1000006943941116 0.1000006943941116 0.1000006943941116 0.1000006943941116
0.1000005751848221 0.1000005751848221 0.1000005751848221 0.1000005751848221 0.1000005751848221 0.1000005751848221
0.1000021100044250 0.1000021100044250 0.1000021100044250 0.1000021100044250 0.1000021100044250 0.1000021100044250
0.1000013574957848 0.1000013574957848 0.1000013574957848 0.1000013574957848 0.1000013574957848 0.1000013574957848
0.1000026389956474 0.1000026389956474 0.1000026389956474 0.1000026389956474 0.1000026389956474 0.1000026389956474
0.1000019162893295 0.1000019162893295 0.1000019162893295 0.1000019162893295 0.1000019162893295 0.1000019162893295
0.1000024452805519 0.1000024452805519 0.1000024452805519 0.1000024452805519 0.1000024452805519 0.1000024452805519
0.1000020876526833 0.1000020876526833 0.1000020876526833 0.1000020876526833 0.1000020876526833 0.1000020876526833
0.1000017523765564 0.1000017523765564 0.1000017523765564 0.1000017523765564 0.1000017523765564 0.1000017523765564
0.1000017449259758 0.1000017449259758 0.1000017449259758 0.1000017449259758 0.1000017449259758 0.1000017449259758
0.1000010222196579 0.1000010222196579 0.1000010222196579 0.1000010222196579 0.1000010222196579 0.1000010222196579
0.1000009551644325 0.1000009551644325 0.1000009551644325 0.1000009551644325 0.1000009551644325 0.1000009551644325
0.1000006124377251 0.1000006124377251 0.1000006124377251 0.1000006124377251 0.1000006124377251 0.1000006124377251
0.1000003889203072 0.1000003889203072 0.1000003889203072 0.1000003889203072 0.1000003889203072 0.1000003889203072
0.1000002324581146 0.1000002324581146 0.1000002324581146 0.1000002324581146 0.1000002324581146 0.1000002324581146
0.1000004485249519 0.1000004485249519 0.1000004485249519 0.1000004485249519 0.1000004485249519 0.1000004485249519
0.1000000834465027 0.1000000834465027 0.1000000834465027 0.1000000834465027 0.1000000834465027 0.1000000834465027
0.1000000610947609 0.1000000610947609 0.1000000610947609 0.1000000610947609 0.1000000610947609 0.1000000610947609
0.1000011190772057 0.1000011190772057 0.1000011190772057 0.1000011190772057 0.1000011190772057 0.1000011190772057
0.1000005900859833 0.1000005900859833 0.1000005900859833 0.1000005900859833 0.1000005900859833 0.1000005900859833
0.1000015437602997 0.1000015437602997 0.1000015437602997 0.1000015437602997 0.1000015437602997 0.1000015437602997
0.1000011265277863 0.1000011265277863 0.1000011265277863 0.1000011265277863 0.1000011265277863 0.1000011265277863
0.1000013723969460 0.1000013723969460 0.1000013723969460 0.1000013723969460 0.1000013723969460 0.1000013723969460
0.1000012308359146 0.1000012308359146 0.1000012308359146 0.1000012308359146 0.1000012308359146 0.1000012308359146
0.1000008657574654 0.1000008657574654 0.1000008657574654 0.1000008657574654 0.1000008657574654 0.1000008657574654
0.1000009104609489 0.1000009104609489 0.1000009104609489 0.1000009104609489 0.1000009104609489 0.1000009104609489
0.1000003218650818 0.1000003218650818 0.1000003218650818 0.1000003218650818 0.1000003218650818 0.1000003218650818
0.1000003665685654 0.1000003665685654 0.1000003665685654 0.1000003665685654 0.1000003665685654 0.1000003665685654
0.1000000238418579 0.1000000238418579 0.1000000238418579 0.1000000238418579 0.1000000238418579 0.1000000238418579
0.0000000000000000 0.0000000000000000 0.0000000000000000 0.0000000000000000 0.0000000000000000 0.0000000000000000
0.0000000000000000 0.0000000000000000 0.0000000000000000 0.0000000000000000 0.0000000000000000 0.0000000000000000
0.1000001505017281 0.1000001505017281 0.1000001505017281 0.1000001505017281 0.1000001505017281 0.1000001505017281
0.0000000000000000 0.0000000000000000 0.0000000000000000 0.0000000000000000 0.0000000000000000 0.0000000000000000
0.1000006496906281 0.1000006496906281 0.1000006496906281 0.1000006496906281 0.1000006496906281 0.1000006496906281
0.1000009328126907 0.1000009328126907 0.1000009328126907 0.1000009328126907 0.1000009328126907 0.1000009328126907
0.1000008210539818 0.1000008210539818 0.1000008210539818 0.1000008210539818 0.1000008210539818 0.1000008210539818
0.1000004038214684 0.1000004038214684 0.1000004038214684 0.1000004038214684 0.1000004038214684 0.1000004038214684
0.1000000387430191 0.1000000387430191 0.1000000387430191 0.1000000387430191 0.1000000387430191 0.1000000387430191
0.0000000000000000 0.0000000000000000 0.0000000000000000 0.0000000000000000 0.0000000000000000 0.0000000000000000
0.9999971985816956 0.9999971985816956 0.9999971985816956 0.9999971985816956 0
1.0000069141387939 1.0000069141387939 1.0000069141387939 1.0000069141387939 0
1.0000189542770386 1.0000189542770386 1.0000189542770386 1.0000189542770386 0
1.0000259876251221 1.0000259876251221 1.0000259876251221 1.0000259876251221 0
1.0000230073928833 1.0000230073928833 1.0000230073928833 1.0000230073928833 0
1.0000152587890625 1.0000152587890625 1.0000152587890625 1.0000152587890625 0
1.0000033378601074 1.0000033378601074 1.0000033378601074 1.0000033378601074 0
0.9999970197677612 0.9999970197677612 0.9999970197677612 0.9999970197677612 0
1.0000075101852417 1.0000075101852417 1.0000075101852417 1.0000075101852417 0
1.0000206232070923 1.0000206232070923 1.0000206232070923 1.0000206232070923 0
1.0000327825546265 1.0000327825546265 1.0000327825546265 1.0000327825546265 0
1.0000454187393188 1.0000454187393188 1.0000454187393188 1.0000454187393188 0
1.0000414848327637 1.0000414848327637 1.0000414848327637 1.0000414848327637 0
1.0000262260437012 1.0000262260437012 1.0000262260437012 1.0000262260437012 0
1.0000125169754028 1.0000125169754028 1.0000125169754028 1.0000125169754028 0
1.0000057220458984 1.0000057220458984 1.0000057220458984 1.0000057220458984 0
1.0000166893005371 1.0000166893005371 1.0000166893005371 1.0000166893005371 0
1.0000330209732056 1.0000330209732056 1.0000330209732056 1.0000330209732056 0
1.0000457763671875 1.0000457763671875 1.0000457763671875 1.0000457763671875 0
1.0000603199005127 1.0000603199005127 1.0000603199005127 1.0000603199005127 0
1.0000568628311157 1.0000568628311157 1.0000568628311157 1.0000568628311157 0
1.0000380277633667 1.0000380277633667 1.0000380277633667 1.0000380277633667 0
1.0000209808349609 1.0000209808349609 1.0000209808349609 1.0000209808349609 0
1.0000134706497192 1.0000134706497192 1.0000134706497192 1.0000134706497192 0
1.0000189542770386 1.0000189542770386 1.0000189542770386 1.0000189542770386 0
1.0000349283218384 1.0000349283218384 1.0000349283218384 1.0000349283218384 0
1.0000517368316650 1.0000517368316650 1.0000517368316650 1.0000517368316650 0
1.0000655651092529 1.0000655651092529 1.0000655651092529 1.0000655651092529 0
1.0000621080398560 1.0000621080398560 1.0000621080398560 1.0000621080398560 0
1.0000436305999756 1.0000436305999756 1.0000436305999756 1.0000436305999756 0
1.0000244379043579 1.0000244379043579 1.0000244379043579 1.0000244379043579 0
1.0000168085098267 1.0000168085098267 1.0000168085098267 1.0000168085098267 0
1.0000120401382446 1.0000120401382446 1.0000120401382446 1.0000120401382446 0
1.0000292062759399 1.0000292062759399 1.0000292062759399 1.0000292062759399 0
1.0000393390655518 1.0000393390655518 1.0000393390655518 1.0000393390655518 0
1.0000528097152710 1.0000528097152710 1.0000528097152710 1.0000528097152710 0
1.0000498294830322 1.0000498294830322 1.0000498294830322 1.0000498294830322 0
1.0000343322753906 1.0000343322753906 1.0000343322753906 1.0000343322753906 0
1.0000156164169312 1.0000156164169312 1.0000156164169312 1.0000156164169312 0
1.0000072717666626 1.0000072717666626 1.0000072717666626 1.0000072717666626 0
1.0000053644180298 1.0000053644180298 1.0000053644180298 1.0000053644180298 0
1.0000116825103760 1.0000116825103760 1.0000116825103760 1.0000116825103760 0
1.0000258684158325 1.0000258684158325 1.0000258684158325 1.0000258684158325 0
1.0000334978103638 1.0000334978103638 1.0000334978103638 1.0000334978103638 0
1.0000313520431519 1.0000313520431519 1.0000313520431519 1.0000313520431519 0
1.0000184774398804 1.0000184774398804 1.0000184774398804 1.0000184774398804 0
1.0000060796737671 1.0000060796737671 1.0000060796737671 1.0000060796737671 0
1.0000026226043701 1.0000026226043701 1.0000026226043701 1.0000026226043701 0
0.9999945759773254 0.9999945759773254 0.9999945759773254 0.9999945759773254 0
1.0000009536743164 1.0000009536743164 1.0000009536743164 1.0000009536743164 0
1.0000108480453491 1.0000108480453491 1.0000108480453491 1.0000108480453491 0
1.0000178813934326 1.0000178813934326 1.0000178813934326 1.0000178813934326 0
1.0000171661376953 1.0000171661376953 1.0000171661376953 1.0000171661376953 0
1.0000071525573730 1.0000071525573730 1.0000071525573730 1.0000071525573730 0
0.9999983310699463 0.9999983310699463 0.9999983310699463 0.9999983310699463 0
0.9999946355819702 0.9999946355819702 0.9999946355819702 0.9999946355819702 0
0.9999927282333374 0.9999927282333374 0.9999927282333374 0.9999927282333374 0
1.0000015497207642 1.0000015497207642 1.0000015497207642 1.0000015497207642 0
1.0000075101852417 1.0000075101852417 1.0000075101852417 1.0000075101852417 0
1.0000163316726685 1.0000163316726685 1.0000163316726685 1.0000163316726685 0
1.0000104904174805 1.0000104904174805 1.0000104904174805 1.0000104904174805 0
1.0000044107437134 1.0000044107437134 1.0000044107437134 1.0000044107437134 0
0.9999957084655762 0.9999957084655762 0.9999957084655762 0.9999957084655762 0
0.9999914765357971 0.9999914765357971 0.9999914765357971 0.9999914765357971 0
0.1000000536441803 0.1000000536441803 0.1000000536441803 0.1000000536441803 0.1000000536441803 0.1000000536441803
0.0000000000000000 0.0000000000000000 0.0000000000000000 0.0000000000000000 0.0000000000000000 0.0000000000000000
0.0000000000000000 0.0000000000000000 0.0000000000000000 0.0000000000000000 0.0000000000000000 0.0000000000000000
0.0000000000000000 0.0000000000000000 0.0000000000000000 0.0000000000000000 0.0000000000000000 0.0000000000000000
0.1000025346875191 0.1000025346875191 0.1000025346875191 0.1000025346875191 0.1000025346875191 0.1000025346875191
0.1000035330653191 0.1000035330653191 0.1000035330653191 0.1000035330653191 0.1000035330653191 0.1000035330653191
0.1000009104609489 0.1000009104609489 0.1000009104609489 0.1000009104609489 0.1000009104609489 0.1000009104609489
0.1000051125884056 0.1000051125884056 0.1000051125884056 0.1000051125884056 0.1000051125884056 0.1000051125884056
0.1000066772103310 0.1000066772103310 0.1000066772103310 0.1000066772103310 0.1000066772103310 0.1000066772103310
0.1000031232833862 0.1000031232833862 0.1000031232833862 0.1000031232833862 0.1000031232833862 0.1000031232833862
0.1000054106116295 0.1000054106116295 0.1000054106116295 0.1000054106116295 0.1000054106116295 0.1000054106116295
0.1000083535909653 0.1000083535909653 0.1000083535909653 0.1000083535909653 0.1000083535909653 0.1000083535909653
0.1000046059489250 0.1000046059489250 0.1000046059489250 0.1000046059489250 0.1000046059489250 0.1000046059489250
0.1000037640333176 0.1000037640333176 0.1000037640333176 0.1000037640333176 0.1000037640333176 0.1000037640333176
0.1000075191259384 0.1000075191259384 0.1000075191259384 0.1000075191259384 0.1000075191259384 0.1000075191259384
0.1000037491321564 0.1000037491321564 0.1000037491321564 0.1000037491321564 0.1000037491321564 0.1000037491321564
0.1000018343329430 0.1000018343329430 0.1000018343329430 0.1000018343329430 0.1000018343329430 0.1000018343329430
0.1000046730041504 0.1000046730041504 0.1000046730041504 0.1000046730041504 0.1000046730041504 0.1000046730041504
0.1000016704201698 0.1000016704201698 0.1000016704201698 0.1000016704201698 0.1000016704201698 0.1000016704201698
0.0000000000000000 0.0000000000000000 0.0000000000000000 0.0000000000000000 0.0000000000000000 0.0000000000000000
0.1000020131468773 0.1000020131468773 0.1000020131468773 0.1000020131468773 0.1000020131468773 0.1000020131468773
0.0000000000000000 0.0000000000000000 0.0000000000000000 0.0000000000000000 0.0000000000000000 0.0000000000000000
0.0000000000000000 0.0000000000000000 0.0000000000000000 0.0000000000000000 0.0000000000000000 0.0000000000000000
0.0000000000000000 0.0000000000000000 0.0000000000000000 0.0000000000000000 0.0000000000000000 0.0000000000000000
0.1000030264258385 0.1000030264258385 0.1000030264258385 0.1000030264258385 0.1000030264258385 0.1000030264258385
0.1000009849667549 0.1000009849667549 0.1000009849667549 0.1000009849667549 0.1000009849667549 0.1000009849667549
0.1000023260712624 0.1000023260712624 0.1000023260712624 0.1000023260712624 0.1000023260712624 0.1000023260712624
0.1000061333179474 0.1000061333179474 0.1000061333179474 0.1000061333179474 0.1000061333179474 0.1000061333179474
0.1000067740678787 0.1000067740678787 0.1000067740678787 0.1000067740678787 0.1000067740678787 0.1000067740678787
0.1000095903873444 0.1000095903873444 0.1000095903873444 0.1000095903873444 0.1000095903873444 0.1000095903873444
0.1000107526779175 0.1000107526779175 0.1000107526779175 0.1000107526779175 0.1000107526779175 0.1000107526779175
0.1000102683901787 0.1000102683901787 0.1000102683901787 0.1000102683901787 0.1000102683901787 0.1000102683901787
0.1000131294131279 0.1000131294131279 0.1000131294131279 0.1000131294131279 0.1000131294131279 0.1000131294131279
0.1000078693032265 0.1000078693032265 0.1000078693032265 0.1000078693032265 0.1000078693032265 0.1000078693032265
0.1000122353434563 0.1000122353434563 0.1000122353434563 0.1000122353434563 0.1000122353434563 0.1000122353434563
0.1000047624111176 0.1000047624111176 0.1000047624111176 0.1000047624111176 0.1000047624111176 0.1000047624111176
0.1000081822276115 0.1000081822276115 0.1000081822276115 0.1000081822276115 0.1000081822276115 0.1000081822276115
0.1000017300248146 0.1000017300248146 0.1000017300248146 0.1000017300248146 0.1000017300248146 0.1000017300248146
0.1000045090913773 0.1000045090913773 0.1000045090913773 0.1000045090913773 0.1000045090913773 0.1000045090913773
0.1000017821788788 0.1000017821788788 0.1000017821788788 0.1000017821788788 0.1000017821788788 0.1000017821788788
0.1000055074691772 0.1000055074691772 0.1000055074691772 0.1000055074691772 0.1000055074691772 0.1000055074691772
0.1000029668211937 0.1000029668211937 0.1000029668211937 0.1000029668211937 0.1000029668211937 0.1000029668211937
0.1000033468008041 0.1000033468008041 0.1000033468008041 0.1000033468008041 0.1000033468008041 0.1000033468008041
0.1000094562768936 0.1000094562768936 0.1000094562768936 0.1000094562768936 0.1000094562768936 0.1000094562768936
0.1000083833932877 0.1000083833932877 0.1000083833932877 0.1000083833932877 0.1000083833932877 0.1000083833932877
0.1000134274363518 0.1000134274363518 0.1000134274363518 0.1000134274363518 0.1000134274363518 0.1000134274363518
0.1000127345323563 0.1000127345323563 0.1000127345323563 0.1000127345323563 0.1000127345323563 0.1000127345323563
0.1000144109129906 0.1000144109129906 0.1000144109129906 0.1000144109129906 0.1000144109129906 0.1000144109129906
0.1000154614448547 0.1000154614448547 0.1000154614448547 0.1000154614448547 0.1000154614448547 0.1000154614448547
0.1000114530324936 0.1000114530324936 0.1000114530324936 0.1000114530324936 0.1000114530324936 0.1000114530324936
0.1000143885612488 0.1000143885612488 0.1000143885612488 0.1000143885612488 0.1000143885612488 0.1000143885612488
0.1000075265765190 0.1000075265765190 0.1000075265765190 0.1000075265765190 0.1000075265765190 0.1000075265765190
0.1000099703669548 0.1000099703669548 0.1000099703669548 0.1000099703669548 0.1000099703669548 0.1000099703669548
0.1000037938356400 0.1000037938356400 0.1000037938356400 0.1000037938356400 0.1000037938356400 0.1000037938356400
0.1000057086348534 0.1000057086348534 0.1000057086348534 0.1000057086348534 0.1000057086348534 0.1000057086348534
0.1000026091933250 0.1000026091933250 0.1000026091933250 0.1000026091933250 0.1000026091933250 0.1000026091933250
0.1000057458877563 0.1000057458877563 0.1000057458877563 0.1000057458877563 0.1000057458877563 0.1000057458877563
0.1000031903386116 0.1000031903386116 0.1000031903386116 0.1000031903386116 0.1000031903386116 0.1000031903386116
0.1000027731060982 0.1000027731060982 0.1000027731060982 0.1000027731060982 0.1000027731060982 0.1000027731060982
0.1000102385878563 0.1000102385878563 0.1000102385878563 0.1000102385878563 0.1000102385878563 0.1000102385878563
0.1000076979398727 0.1000076979398727 0.1000076979398727 0.1000076979398727 0.1000076979398727 0.1000076979398727
0.1000143513083458 0.1000143513083458 0.1000143513083458 0.1000143513083458 0.1000143513083458 0.1000143513083458
0.1000117659568787 0.1000117659568787 0.1000117659568787 0.1000117659568787 0.1000117659568787 0.1000117659568787
0.1000152304768562 0.1000152304768562 0.1000152304768562 0.1000152304768562 0.1000152304768562 0.1000152304768562
0.1000142768025398 0.1000142768025398 0.1000142768025398 0.1000142768025398 0.1000142768025398 0.1000142768025398
0.1000121757388115 0.1000121757388115 0.1000121757388115 0.1000121757388115 0.1000121757388115 0.1000121757388115
0.1000133380293846 0.1000133380293846 0.1000133380293846 0.1000133380293846 0.1000133380293846 0.1000133380293846
0.1000082194805145 0.1000082194805145 0.1000082194805145 0.1000082194805145 0.1000082194805145 0.1000082194805145
0.1000092923641205 0.1000092923641205 0.1000092923641205 0.1000092923641205 0.1000092923641205 0.1000092923641205
0.1000043079257011 0.1000043079257011 0.1000043079257011 0.1000043079257011 0.1000043079257011 0.1000043079257011
0.1000050082802773 0.1000050082802773 0.1000050082802773 0.1000050082802773 0.1000050082802773 0.1000050082802773
0.1000018939375877 0.1000018939375877 0.1000018939375877 0.1000018939375877 0.1000018939375877 0.1000018939375877
0.1000030636787415 0.1000030636787415 0.1000030636787415 0.1000030636787415 0.1000030636787415 0.1000030636787415
0.1000019460916519 0.1000019460916519 0.1000019460916519 0.1000019460916519 0.1000019460916519 0.1000019460916519
0.1000013202428818 0.1000013202428818 0.1000013202428818 0.1000013202428818 0.1000013202428818 0.1000013202428818
0.1000077128410339 0.1000077128410339 0.1000077128410339 0.1000077128410339 0.1000077128410339 0.1000077128410339
0.1000042259693146 0.1000042259693146 0.1000042259693146 0.1000042259693146 0.1000042259693146 0.1000042259693146
0.1000111773610115 0.1000111773610115 0.1000111773610115 0.1000111773610115 0.1000111773610115 0.1000111773610115
0.1000082120299339 0.1000082120299339 0.1000082120299339 0.1000082120299339 0.1000082120299339 0.1000082120299339
0.1000122278928757 0.1000122278928757 0.1000122278928757 0.1000122278928757 0.1000122278928757 0.1000122278928757
0.1000102981925011 0.1000102981925011 0.1000102981925011 0.1000102981925011 0.1000102981925011 0.1000102981925011
0.1000093966722488 0.1000093966722488 0.1000093966722488 0.1000093966722488 0.1000093966722488 0.1000093966722488
0.1000095754861832 0.1000095754861832 0.1000095754861832 0.1000095754861832 0.1000095754861832 0.1000095754861832
0.1000058725476265 0.1000058725476265 0.1000058725476265 0.1000058725476265 0.1000058725476265 0.1000058725476265
0.1000062003731728 0.1000062003731728 0.1000062003731728 0.1000062003731728 0.1000062003731728 0.1000062003731728
0.1000024452805519 0.1000024452805519 0.1000024452805519 0.1000024452805519 0.1000024452805519 0.1000024452805519
0.1000028774142265 0.1000028774142265 0.1000028774142265 0.1000028774142265 0.1000028774142265 0.1000028774142265
0.1000008359551430 0.1000008359551430 0.1000008359551430 0.1000008359551430 0.1000008359551430 0.1000008359551430
0.1000014916062355 0.1000014916062355 0.1000014916062355 0.1000014916062355 0.1000014916062355 0.1000014916062355
0.1000003442168236 0.1000003442168236 0.1000003442168236 0.1000003442168236 0.1000003442168236 0.1000003442168236
0.0000000000000000 0.0000000000000000 0.0000000000000000 0.0000000000000000 0.0000000000000000 0.0000000000000000
0.1000040695071220 0.1000040695071220 0.1000040695071220 0.1000040695071220 0.1000040695071220 0.1000040695071220
0.1000026687979698 0.1000026687979698 0.1000026687979698 0.1000026687979698 0.1000026687979698 0.1000026687979698
0.1000074297189713 0.1000074297189713 0.1000074297189713 0.1000074297189713 0.1000074297189713 0.1000074297189713
0.1000044122338295 0.1000044122338295 0.1000044122338295 0.1000044122338295 0.1000044122338295 0.1000044122338295
0.1000079438090324 0.1000079438090324 0.1000079438090324 0.1000079438090324 0.1000079438090324 0.1000079438090324
0.1000057235360146 0.1000057235360146 0.1000057235360146 0.1000057235360146 0.1000057235360146 0.1000057235360146
0.1000057905912399 0.1000057905912399 0.1000057905912399 0.1000057905912399 0.1000057905912399 0.1000057905912399
0.1000054404139519 0.1000054404139519 0.1000054404139519 0.1000054404139519 0.1000054404139519 0.1000054404139519
0.1000033691525459 0.1000033691525459 0.1000033691525459 0.1000033691525459 0.1000033691525459 0.1000033691525459
0.1000031307339668 0.1000031307339668 0.1000031307339668 0.1000031307339668 0.1000031307339668 0.1000031307339668
0.1000011414289474 0.1000011414289474 0.1000011414289474 0.1000011414289474 0.1000011414289474 0.1000011414289474
0.1000007912516594 0.1000007912516594 0.1000007912516594 0.1000007912516594 0.1000007912516594 0.1000007912516594
0.0000000000000000 0.0000000000000000 0.0000000000000000 0.0000000000000000 0.0000000000000000 0.0000000000000000
0.0000000000000000 0.0000000000000000 0.0000000000000000 0.0000000000000000 0.0000000000000000 0.0000000000000000
0.0000000000000000 0.0000000000000000 0.0000000000000000 0.0000000000000000 0.0000000000000000 0.0000000000000000
0.0000000000000000 0.0000000000000000 0.0000000000000000 0.0000000000000000 0.0000000000000000 0.0000000000000000
0.1000014021992683 0.1000014021992683 0.1000014021992683 0.1000014021992683 0.1000014021992683 0.1000014021992683
0.0000000000000000 0.0000000000000000 0.0000000000000000 0.0000000000000000 0.0000000000000000 0.0000000000000000
0.1000037565827370 0.1000037565827370 0.1000037565827370 0.1000037565827370 0.1000037565827370 0.1000037565827370
0.1000023186206818 0.1000023186206818 0.1000023186206818 0.1000023186206818 0.1000023186206818 0.1000023186206818
0.1000041589140892 0.1000041589140892 0.1000041589140892 0.1000041589140892 0.1000041589140892 0.1000041589140892
0.1000037938356400 0.1000037938356400 0.1000037938356400 0.1000037938356400 0.1000037938356400 0.1000037938356400
0.1000026836991310 0.1000026836991310 0.1000026836991310 0.1000026836991310 0.1000026836991310 0.1000026836991310
0.1000032052397728 0.1000032052397728 0.1000032052397728 0.1000032052397728 0.1000032052397728 0.1000032052397728
0.1000009849667549 0.1000009849667549 0.1000009849667549 0.1000009849667549 0.1000009849667549 0.1000009849667549
0.1000011935830116 0.1000011935830116 0.1000011935830116 0.1000011935830116 0.1000011935830116 0.1000011935830116
0.0000000000000000 0.0000000000000000 0.0000000000000000 0.0000000000000000 0.0000000000000000 0.0000000000000000
0.0000000000000000 0.0000000000000000 0.0000000000000000 0.0000000000000000 0.0000000000000000 0.0000000000000000
0.0000000000000000 0.0000000000000000 0.0000000000000000 0.0000000000000000 0.0000000000000000 0.0000000000000000
0.0000000000000000 0.0000000000000000 0.0000000000000000 0.0000000000000000 0.0000000000000000 0.0000000000000000
0.0000000000000000 0.0000000000000000 0.0000000000000000 0.0000000000000000 0.0000000000000000 0.0000000000000000
0.1000008136034012 0.1000008136034012 0.1000008136034012 0.1000008136034012 0.1000008136034012 0.1000008136034012
0.1000026613473892 0.1000026613473892 0.1000026613473892 0.1000026613473892 0.1000026613473892 0.1000026613473892
0.1000025123357773 0.1000025123357773 0.1000025123357773 0.1000025123357773 0.1000025123357773 0.1000025123357773
0.1000017002224922 0.1000017002224922 0.1000017002224922 0.1000017002224922 0.1000017002224922 0.1000017002224922
0.0000000000000000 0.0000000000000000 0.0000000000000000 0.0000000000000000 0.0000000000000000 0.0000000000000000
0.0000000000000000 0.0000000000000000 0.0000000000000000 0.0000000000000000 0.0000000000000000 0.0000000000000000
0.9999967813491821 0.9999967813491821 0.9999967813491821 0.9999967813491821 0
1.0000060796737671 1.0000060796737671 1.0000060796737671 1.0000060796737671 0
1.0000152587890625 1.0000152587890625 1.0000152587890625 1.0000152587890625 0
1.0000172853469849 1.0000172853469849 1.0000172853469849 1.0000172853469849 0
1.0000120401382446 1.0000120401382446 1.0000120401382446 1.0000120401382446 0
1.0000038146972656 1.0000038146972656 1.0000038146972656 1.0000038146972656 0
0.9999971389770508 0.9999971389770508 0.9999971389770508 0.9999971389770508 0
0.9999917745590210 0.9999917745590210 0.9999917745590210 0.9999917745590210 0
1.0000061988830566 1.0000061988830566 1.0000061988830566 1.0000061988830566 0
1.0000201463699341 1.0000201463699341 1.0000201463699341 1.0000201463699341 0
1.0000295639038086 1.0000295639038086 1.0000295639038086 1.0000295639038086 0
1.0000336170196533 1.0000336170196533 1.0000336170196533 1.0000336170196533 0
1.0000252723693848 1.0000252723693848 1.0000252723693848 1.0000252723693848 0
1.0000132322311401 1.0000132322311401 1.0000132322311401 1.0000132322311401 0
1.0000039339065552 1.0000039339065552 1.0000039339065552 1.0000039339065552 0
0.9999996423721313 0.9999996423721313 0.9999996423721313 0.9999996423721313 0
1.0000185966491699 1.0000185966491699 1.0000185966491699 1.0000185966491699 0
1.0000320672988892 1.0000320672988892 1.0000320672988892 1.0000320672988892 0
1.0000454187393188 1.0000454187393188 1.0000454187393188 1.0000454187393188 0
1.0000500679016113 1.0000500679016113 1.0000500679016113 1.0000500679016113 0
1.0000381469726562 1.0000381469726562 1.0000381469726562 1.0000381469726562 0
1.0000238418579102 1.0000238418579102 1.0000238418579102 1.0000238418579102 0
1.0000131130218506 1.0000131130218506 1.0000131130218506 1.0000131130218506 0
1.0000101327896118 1.0000101327896118 1.0000101327896118 1.0000101327896118 0
1.0000281333923340 1.0000281333923340 1.0000281333923340 1.0000281333923340 0
1.0000450611114502 1.0000450611114502 1.0000450611114502 1.0000450611114502 0
1.0000592470169067 1.0000592470169067 1.0000592470169067 1.0000592470169067 0
1.0000653266906738 1.0000653266906738 1.0000653266906738 1.0000653266906738 0
1.0000517368316650 1.0000517368316650 1.0000517368316650 1.0000517368316650 0
1.0000344514846802 1.0000344514846802 1.0000344514846802 1.0000344514846802 0
1.0000236034393311 1.0000236034393311 1.0000236034393311 1.0000236034393311 0
1.0000182390213013 1.0000182390213013 1.0000182390213013 1.0000182390213013 0
1.0000234842300415 1.0000234842300415 1.0000234842300415 1.0000234842300415 0
1.0000420808792114 1.0000420808792114 1.0000420808792114 1.0000420808792114 0
1.0000561475753784 1.0000561475753784 1.0000561475753784 1.0000561475753784 0
1.0000616312026978 1.0000616312026978 1.0000616312026978 1.0000616312026978 0
1.0000505447387695 1.0000505447387695 1.0000505447387695 1.0000505447387695 0
1.0000324249267578 1.0000324249267578 1.0000324249267578 1.0000324249267578 0
1.0000183582305908 1.0000183582305908 1.0000183582305908 1.0000183582305908 0
1.0000122785568237 1.0000122785568237 1.0000122785568237 1.0000122785568237 0
1.0000160932540894 1.0000160932540894 1.0000160932540894 1.0000160932540894 0
1.0000270605087280 1.0000270605087280 1.0000270605087280 1.0000270605087280 0
1.0000383853912354 1.0000383853912354 1.0000383853912354 1.0000383853912354 0
1.0000443458557129 1.0000443458557129 1.0000443458557129 1.0000443458557129 0
1.0000336170196533 1.0000336170196533 1.0000336170196533 1.0000336170196533 0
1.0000188350677490 1.0000188350677490 1.0000188350677490 1.0000188350677490 0
1.0000101327896118 1.0000101327896118 1.0000101327896118 1.0000101327896118 0
1.0000075101852417 1.0000075101852417 1.0000075101852417 1.0000075101852417 0
1.0000010728836060 1.0000010728836060 1.0000010728836060 1.0000010728836060 0
1.0000114440917969 1.0000114440917969 1.0000114440917969 1.0000114440917969 0
1.0000199079513550 1.0000199079513550 1.0000199079513550 1.0000199079513550 0
1.0000243186950684 1.0000243186950684 1.0000243186950684 1.0000243186950684 0
1.0000171661376953 1.0000171661376953 1.0000171661376953 1.0000171661376953 0
1.0000054836273193 1.0000054836273193 1.0000054836273193 1.0000054836273193 0
1.0000005960464478 1.0000005960464478 1.0000005960464478 1.0000005960464478 0
0.9999941587448120 0.9999941587448120 0.9999941587448120 0.9999941587448120 0
0.9999964237213135 0.9999964237213135 0.9999964237213135 0.9999964237213135 0
1.0000032186508179 1.0000032186508179 1.0000032186508179 1.0000032186508179 0
1.0000103712081909 1.0000103712081909 1.0000103712081909 1.0000103712081909 0
1.0000128746032715 1.0000128746032715 1.0000128746032715 1.0000128746032715 0
1.0000075101852417 1.0000075101852417 1.0000075101852417 1.0000075101852417 0
1.0000009536743164 1.0000009536743164 1.0000009536743164 1.0000009536743164 0
0.9999954700469971 0.9999954700469971 0.9999954700469971 0.9999954700469971 0
0.9999893307685852 0.9999893307685852 0.9999893307685852 0.9999893307685852 0
0.0000000000000000 0.0000000000000000 0.0000000000000000 0.0000000000000000 0.0000000000000000 0.0000000000000000
0.0000000000000000 0.0000000000000000 0.0000000000000000 0.0000000000000000 0.0000000000000000 0.0000000000000000
0.0000000000000000 0.0000000000000000 0.0000000000000000 0.0000000000000000 0.0000000000000000 0.0000000000000000
0.0000000000000000 0.0000000000000000 0.0000000000000000 0.0000000000000000 0.0000000000000000 0.0000000000000000
0.1000021398067474 0.1000021398067474 0.1000021398067474 0.1000021398067474 0.1000021398067474 0.1000021398067474
0.1000024527311325 0.1000024527311325 0.1000024527311325 0.1000024527311325 0.1000024527311325 0.1000024527311325
0.1000005602836609 0.1000005602836609 0.1000005602836609 0.1000005602836609 0.1000005602836609 0.1000005602836609
0.1000029072165489 0.1000029072165489 0.1000029072165489 0.1000029072165489 0.1000029072165489 0.1000029072165489
0.1000047624111176 0.1000047624111176 0.1000047624111176 0.1000047624111176 0.1000047624111176 0.1000047624111176
0.1000024303793907 0.1000024303793907 0.1000024303793907 0.1000024303793907 0.1000024303793907 0.1000024303793907
0.1000024229288101 0.1000024229288101 0.1000024229288101 0.1000024229288101 0.1000024229288101 0.1000024229288101
0.1000049188733101 0.1000049188733101 0.1000049188733101 0.1000049188733101 0.1000049188733101 0.1000049188733101
0.1000025048851967 0.1000025048851967 0.1000025048851967 0.1000025048851967 0.1000025048851967 0.1000025048851967
0.1000015065073967 0.1000015065073967 0.1000015065073967 0.1000015065073967 0.1000015065073967 0.1000015065073967
0.1000033169984818 0.1000033169984818 0.1000033169984818 0.1000033169984818 0.1000033169984818 0.1000033169984818
0.1000015661120415 0.1000015661120415 0.1000015661120415 0.1000015661120415 0.1000015661120415 0.1000015661120415
0.0000000000000000 0.0000000000000000 0.0000000000000000 0.0000000000000000 0.0000000000000000 0.0000000000000000
0.1000020653009415 0.1000020653009415 0.1000020653009415 0.1000020653009415 0.1000020653009415 0.1000020653009415
0.1000005081295967 0.1000005081295967 0.1000005081295967 0.1000005081295967 0.1000005081295967 0.1000005081295967
0.0000000000000000 0.0000000000000000 0.0000000000000000 0.0000000000000000 0.0000000000000000 0.0000000000000000
0.1000000908970833 0.1000000908970833 0.1000000908970833 0.1000000908970833 0.1000000908970833 0.1000000908970833
0.0000000000000000 0.0000000000000000 0.0000000000000000 0.0000000000000000 0.0000000000000000 0.0000000000000000
0.0000000000000000 0.0000000000000000 0.0000000000000000 0.0000000000000000 0.0000000000000000 0.0000000000000000
0.0000000000000000 0.0000000000000000 0.0000000000000000 0.0000000000000000 0.0000000000000000 0.0000000000000000
0.1000029891729355 0.1000029891729355 0.1000029891729355 0.1000029891729355 0.1000029891729355 0.1000029891729355
0.1000001206994057 0.1000001206994057 0.1000001206994057 0.1000001206994057 0.1000001206994057 0.1000001206994057
0.1000022888183594 0.1000022888183594 0.1000022888183594 0.1000022888183594 0.1000022888183594 0.1000022888183594
0.1000064462423325 0.1000064462423325 0.1000064462423325 0.1000064462423325 0.1000064462423325 0.1000064462423325
0.1000059768557549 0.1000059768557549 0.1000059768557549 0.1000059768557549 0.1000059768557549 0.1000059768557549
0.1000077873468399 0.1000077873468399 0.1000077873468399 0.1000077873468399 0.1000077873468399 0.1000077873468399
0.1000091508030891 0.1000091508030891 0.1000091508030891 0.1000091508030891 0.1000091508030891 0.1000091508030891
0.1000071018934250 0.1000071018934250 0.1000071018934250 0.1000071018934250 0.1000071018934250 0.1000071018934250
0.1000098064541817 0.1000098064541817 0.1000098064541817 0.1000098064541817 0.1000098064541817 0.1000098064541817
0.1000046804547310 0.1000046804547310 0.1000046804547310 0.1000046804547310 0.1000046804547310 0.1000046804547310
0.1000073552131653 0.1000073552131653 0.1000073552131653 0.1000073552131653 0.1000073552131653 0.1000073552131653
0.1000023633241653 0.1000023633241653 0.1000023633241653 0.1000023633241653 0.1000023633241653 0.1000023633241653
0.1000045984983444 0.1000045984983444 0.1000045984983444 0.1000045984983444 0.1000045984983444 0.1000045984983444
0.1000005230307579 0.1000005230307579 0.1000005230307579 0.1000005230307579 0.1000005230307579 0.1000005230307579
0.1000020056962967 0.1000020056962967 0.1000020056962967 0.1000020056962967 0.1000020056962967 0.1000020056962967
0.1000008136034012 0.1000008136034012 0.1000008136034012 0.1000008136034012 0.1000008136034012 0.1000008136034012
0.1000063270330429 0.1000063270330429 0.1000063270330429 0.1000063270330429 0.1000063270330429 0.1000063270330429
0.1000026017427444 0.1000026017427444 0.1000026017427444 0.1000026017427444 0.1000026017427444 0.1000026017427444
0.1000053286552429 0.1000053286552429 0.1000053286552429 0.1000053286552429 0.1000053286552429 0.1000053286552429
0.1000105068087578 0.1000105068087578 0.1000105068087578 0.1000105068087578 0.1000105068087578 0.1000105068087578
0.1000095754861832 0.1000095754861832 0.1000095754861832 0.1000095754861832 0.1000095754861832 0.1000095754861832
0.1000124365091324 0.1000124365091324 0.1000124365091324 0.1000124365091324 0.1000124365091324 0.1000124365091324
0.1000132933259010 0.1000132933259010 0.1000132933259010 0.1000132933259010 0.1000132933259010 0.1000132933259010
0.1000114381313324 0.1000114381313324 0.1000114381313324 0.1000114381313324 0.1000114381313324 0.1000114381313324
0.1000142246484756 0.1000142246484756 0.1000142246484756 0.1000142246484756 0.1000142246484756 0.1000142246484756
0.1000078991055489 0.1000078991055489 0.1000078991055489 0.1000078991055489 0.1000078991055489 0.1000078991055489
0.1000109985470772 0.1000109985470772 0.1000109985470772 0.1000109985470772 0.1000109985470772 0.1000109985470772
0.1000045537948608 0.1000045537948608 0.1000045537948608 0.1000045537948608 0.1000045537948608 0.1000045537948608
0.1000074371695518 0.1000074371695518 0.1000074371695518 0.1000074371695518 0.1000074371695518 0.1000074371695518
0.1000024303793907 0.1000024303793907 0.1000024303793907 0.1000024303793907 0.1000024303793907 0.1000024303793907
0.1000041887164116 0.1000041887164116 0.1000041887164116 0.1000041887164116 0.1000041887164116 0.1000041887164116
0.1000026538968086 0.1000026538968086 0.1000026538968086 0.1000026538968086 0.1000026538968086 0.1000026538968086
0.1000084653496742 0.1000084653496742 0.1000084653496742 0.1000084653496742 0.1000084653496742 0.1000084653496742
0.1000047251582146 0.1000047251582146 0.1000047251582146 0.1000047251582146 0.1000047251582146 0.1000047251582146
0.1000055447220802 0.1000055447220802 0.1000055447220802 0.1000055447220802 0.1000055447220802 0.1000055447220802
0.1000131219625473 0.1000131219625473 0.1000131219625473 0.1000131219625473 0.1000131219625473 0.1000131219625473
0.1000103205442429 0.1000103205442429 0.1000103205442429 0.1000103205442429 0.1000103205442429 0.1000103205442429
0.1000152155756950 0.1000152155756950 0.1000152155756950 0.1000152155756950 0.1000152155756950 0.1000152155756950
0.1000143066048622 0.1000143066048622 0.1000143066048622 0.1000143066048622 0.1000143066048622 0.1000143066048622
0.1000141724944115 0.1000141724944115 0.1000141724944115 0.1000141724944115 0.1000141724944115 0.1000141724944115
0.1000149324536324 0.1000149324536324 0.1000149324536324 0.1000149324536324 0.1000149324536324 0.1000149324536324
0.1000104844570160 0.1000104844570160 0.1000104844570160 0.1000104844570160 0.1000104844570160 0.1000104844570160
0.1000120788812637 0.1000120788812637 0.1000120788812637 0.1000120788812637 0.1000120788812637 0.1000120788812637
0.1000070348381996 0.1000070348381996 0.1000070348381996 0.1000070348381996 0.1000070348381996 0.1000070348381996
0.1000082641839981 0.1000082641839981 0.1000082641839981 0.1000082641839981 0.1000082641839981 0.1000082641839981
0.1000039726495743 0.1000039726495743 0.1000039726495743 0.1000039726495743 0.1000039726495743 0.1000039726495743
0.1000049412250519 0.1000049412250519 0.1000049412250519 0.1000049412250519 0.1000049412250519 0.1000049412250519
0.1000026986002922 0.1000026986002922 0.1000026986002922 0.1000026986002922 0.1000026986002922 0.1000026986002922
0.1000074073672295 0.1000074073672295 0.1000074073672295 0.1000074073672295 0.1000074073672295 0.1000074073672295
0.1000035926699638 0.1000035926699638 0.1000035926699638 0.1000035926699638 0.1000035926699638 0.1000035926699638
0.1000039651989937 0.1000039651989937 0.1000039651989937 0.1000039651989937 0.1000039651989937 0.1000039651989937
0.1000122800469398 0.1000122800469398 0.1000122800469398 0.1000122800469398 0.1000122800469398 0.1000122800469398
0.1000079438090324 0.1000079438090324 0.1000079438090324 0.1000079438090324 0.1000079438090324 0.1000079438090324
0.1000142022967339 0.1000142022967339 0.1000142022967339 0.1000142022967339 0.1000142022967339 0.1000142022967339
0.1000113338232040 0.1000113338232040 0.1000113338232040 0.1000113338232040 0.1000113338232040 0.1000113338232040
0.1000134050846100 0.1000134050846100 0.1000134050846100 0.1000134050846100 0.1000134050846100 0.1000134050846100
0.1000122576951981 0.1000122576951981 0.1000122576951981 0.1000122576951981 0.1000122576951981 0.1000122576951981
0.1000099778175354 0.1000099778175354 0.1000099778175354 0.1000099778175354 0.1000099778175354 0.1000099778175354
0.1000096201896667 0.1000096201896667 0.1000096201896667 0.1000096201896667 0.1000096201896667 0.1000096201896667
0.1000060737133026 0.1000060737133026 0.1000060737133026 0.1000060737133026 0.1000060737133026 0.1000060737133026
0.1000061109662056 0.1000061109662056 0.1000061109662056 0.1000061109662056 0.1000061109662056 0.1000061109662056
0.1000033095479012 0.1000033095479012 0.1000033095479012 0.1000033095479012 0.1000033095479012 0.1000033095479012
0.1000032871961594 0.1000032871961594 0.1000032871961594 0.1000032871961594 0.1000032871961594 0.1000032871961594
0.1000019833445549 0.1000019833445549 0.1000019833445549 0.1000019833445549 0.1000019833445549 0.1000019833445549
0.1000046208500862 0.1000046208500862 0.1000046208500862 0.1000046208500862 0.1000046208500862 0.1000046208500862
0.1000016853213310 0.1000016853213310 0.1000016853213310 0.1000016853213310 0.1000016853213310 0.1000016853213310
0.1000014767050743 0.1000014767050743 0.1000014767050743 0.1000014767050743 0.1000014767050743 0.1000014767050743
0.1000082716345787 0.1000082716345787 0.1000082716345787 0.1000082716345787 0.1000082716345787 0.1000082716345787
0.1000046655535698 0.1000046655535698 0.1000046655535698 0.1000046655535698 0.1000046655535698 0.1000046655535698
0.1000098884105682 0.1000098884105682 0.1000098884105682 0.1000098884105682 0.1000098884105682 0.1000098884105682
0.1000075191259384 0.1000075191259384 0.1000075191259384 0.1000075191259384 0.1000075191259384 0.1000075191259384
0.1000093892216682 0.1000093892216682 0.1000093892216682 0.1000093892216682 0.1000093892216682 0.1000093892216682
0.1000081524252892 0.1000081524252892 0.1000081524252892 0.1000081524252892 0.1000081524252892 0.1000081524252892
0.1000063866376877 0.1000063866376877 0.1000063866376877 0.1000063866376877 0.1000063866376877 0.1000063866376877
0.1000061333179474 0.1000061333179474 0.1000061333179474 0.1000061333179474 0.1000061333179474 0.1000061333179474
0.1000032275915146 0.1000032275915146 0.1000032275915146 0.1000032275915146 0.1000032275915146 0.1000032275915146
0.1000032871961594 0.1000032871961594 0.1000032871961594 0.1000032871961594 0.1000032871961594 0.1000032871961594
0.1000014171004295 0.1000014171004295 0.1000014171004295 0.1000014171004295 0.1000014171004295 0.1000014171004295
0.1000013053417206 0.1000013053417206 0.1000013053417206 0.1000013053417206 0.1000013053417206 0.1000013053417206
0.1000001057982445 0.1000001057982445 0.1000001057982445 0.1000001057982445 0.1000001057982445 0.1000001057982445
0.1000016331672668 0.1000016331672668 0.1000016331672668 0.1000016331672668 0.1000016331672668 0.1000016331672668
0.0000000000000000 0.0000000000000000 0.0000000000000000 0.0000000000000000 0.0000000000000000 0.0000000000000000
0.0000000000000000 0.0000000000000000 0.0000000000000000 0.0000000000000000 0.0000000000000000 0.0000000000000000
0.1000043600797653 0.1000043600797653 0.1000043600797653 0.1000043600797653 0.1000043600797653 0.1000043600797653
0.1000015735626221 0.1000015735626221 0.1000015735626221 0.1000015735626221 0.1000015735626221 0.1000015735626221
0.1000055223703384 0.1000055223703384 0.1000055223703384 0.1000055223703384 0.1000055223703384 0.1000055223703384
0.1000036001205444 0.1000036001205444 0.1000036001205444 0.1000036001205444 0.1000036001205444 0.1000036001205444
0.1000050827860832 0.1000050827860832 0.1000050827860832 0.1000050827860832 0.1000050827860832 0.1000050827860832
0.1000039353966713 0.1000039353966713 0.1000039353966713 0.1000039353966713 0.1000039353966713 0.1000039353966713
0.1000030264258385 0.1000030264258385 0.1000030264258385 0.1000030264258385 0.1000030264258385 0.1000030264258385
0.1000025048851967 0.1000025048851967 0.1000025048851967 0.1000025048851967 0.1000025048851967 0.1000025048851967
0.1000013127923012 0.1000013127923012 0.1000013127923012 0.1000013127923012 0.1000013127923012 0.1000013127923012
0.1000007465481758 0.1000007465481758 0.1000007465481758 0.1000007465481758 0.1000007465481758 0.1000007465481758
0.0000000000000000 0.0000000000000000 0.0000000000000000 0.0000000000000000 0.0000000000000000 0.0000000000000000
0.0000000000000000 0.0000000000000000 0.0000000000000000 0.0000000000000000 0.0000000000000000 0.0000000000000000
0.0000000000000000 0.0000000000000000 0.0000000000000000 0.0000000000000000 0.0000000000000000 0.0000000000000000
0.0000000000000000 0.0000000000000000 0.0000000000000000 0.0000000000000000 0.0000000000000000 0.0000000000000000
0.0000000000000000 0.0000000000000000 0.0000000000000000 0.0000000000000000 0.0000000000000000 0.0000000000000000
0.1000013425946236 0.1000013425946236 0.1000013425946236 0.1000013425946236 0.1000013425946236 0.1000013425946236
0.1000021621584892 0.1000021621584892 0.1000021621584892 0.1000021621584892 0.1000021621584892 0.1000021621584892
0.1000018343329430 0.1000018343329430 0.1000018343329430 0.1000018343329430 0.1000018343329430 0.1000018343329430
0.1000005379319191 0.1000005379319191 0.1000005379319191 0.1000005379319191 0.1000005379319191 0.1000005379319191
0.0000000000000000 0.0000000000000000 0.0000000000000000 0.0000000000000000 0.0000000000000000 0.0000000000000000
0.0000000000000000 0.0000000000000000 0.0000000000000000 0.0000000000000000 0.0000000000000000 0.0000000000000000
0.9999599456787109 0.9999599456787109 0.9999599456787109 0.9999599456787109 0
1.0000219345092773 1.0000219345092773 1.0000219345092773 1.0000219345092773 0
1.0000693798065186 1.0000693798065186 1.0000693798065186 1.0000693798065186 0
1.0000905990600586 1.0000905990600586 1.0000905990600586 1.0000905990600586 0
1.0000710487365723 1.0000710487365723 1.0000710487365723 1.0000710487365723 0
1.0000264644622803 1.0000264644622803 1.0000264644622803 1.0000264644622803 0
1.0000168085098267 1.0000168085098267 1.0000168085098267 1.0000168085098267 0
0.9999617338180542 0.9999617338180542 0.9999617338180542 0.9999617338180542 0
1.0000064373016357 1.0000064373016357 1.0000064373016357 1.0000064373016357 0
1.0000849962234497 1.0000849962234497 1.0000849962234497 1.0000849962234497 0
1.0001351833343506 1.0001351833343506 1.0001351833343506 1.0001351833343506 0
1.0001811981201172 1.0001811981201172 1.0001811981201172 1.0001811981201172 0
1.0001616477966309 1.0001616477966309 1.0001616477966309 1.0001616477966309 0
1.0001003742218018 1.0001003742218018 1.0001003742218018 1.0001003742218018 0
1.0000579357147217 1.0000579357147217 1.0000579357147217 1.0000579357147217 0
0.9999968409538269 0.9999968409538269 0.9999968409538269 0.9999968409538269 0
1.0000416040420532 1.0000416040420532 1.0000416040420532 1.0000416040420532 0
1.0001300573348999 1.0001300573348999 1.0001300573348999 1.0001300573348999 0
1.0002044439315796 1.0002044439315796 1.0002044439315796 1.0002044439315796 0
1.0002468824386597 1.0002468824386597 1.0002468824386597 1.0002468824386597 0
1.0002272129058838 1.0002272129058838 1.0002272129058838 1.0002272129058838 0
1.0001522302627563 1.0001522302627563 1.0001522302627563 1.0001522302627563 0
1.0000957250595093 1.0000957250595093 1.0000957250595093 1.0000957250595093 0
1.0000257492065430 1.0000257492065430 1.0000257492065430 1.0000257492065430 0
1.0000349283218384 1.0000349283218384 1.0000349283218384 1.0000349283218384 0
1.0001430511474609 1.0001430511474609 1.0001430511474609 1.0001430511474609 0
1.0002146959304810 1.0002146959304810 1.0002146959304810 1.0002146959304810 0
1.0002485513687134 1.0002485513687134 1.0002485513687134 1.0002485513687134 0
1.0002286434173584 1.0002286434173584 1.0002286434173584 1.0002286434173584 0
1.0001574754714966 1.0001574754714966 1.0001574754714966 1.0001574754714966 0
1.0001027584075928 1.0001027584075928 1.0001027584075928 1.0001027584075928 0
1.0000191926956177 1.0000191926956177 1.0000191926956177 1.0000191926956177 0
1.0000171661376953 1.0000171661376953 1.0000171661376953 1.0000171661376953 0
1.0000888109207153 1.0000888109207153 1.0000888109207153 1.0000888109207153 0
1.0001566410064697 1.0001566410064697 1.0001566410064697 1.0001566410064697 0
1.0001940727233887 1.0001940727233887 1.0001940727233887 1.0001940727233887 0
1.0001789331436157 1.0001789331436157 1.0001789331436157 1.0001789331436157 0
1.0001152753829956 1.0001152753829956 1.0001152753829956 1.0001152753829956 0
1.0000668764114380 1.0000668764114380 1.0000668764114380 1.0000668764114380 0
0.9999955296516418 0.9999955296516418 0.9999955296516418 0.9999955296516418 0
0.9999992847442627 0.9999992847442627 0.9999992847442627 0.9999992847442627 0
1.0000938177108765 1.0000938177108765 1.0000938177108765 1.0000938177108765 0
1.0000923871994019 1.0000923871994019 1.0000923871994019 1.0000923871994019 0
1.0001305341720581 1.0001305341720581 1.0001305341720581 1.0001305341720581 0
1.0001184940338135 1.0001184940338135 1.0001184940338135 1.0001184940338135 0
1.0000723600387573 1.0000723600387573 1.0000723600387573 1.0000723600387573 0
1.0000300407409668 1.0000300407409668 1.0000300407409668 1.0000300407409668 0
0.9999818801879883 0.9999818801879883 0.9999818801879883 0.9999818801879883 0
0.9999720454216003 0.9999720454216003 0.9999720454216003 0.9999720454216003 0
1.0000222921371460 1.0000222921371460 1.0000222921371460 1.0000222921371460 0
1.0000401735305786 1.0000401735305786 1.0000401735305786 1.0000401735305786 0
1.0000656843185425 1.0000656843185425 1.0000656843185425 1.0000656843185425 0
1.0000566244125366 1.0000566244125366 1.0000566244125366 1.0000566244125366 0
1.0000226497650146 1.0000226497650146 1.0000226497650146 1.0000226497650146 0
0.9999998807907104 0.9999998807907104 0.9999998807907104 0.9999998807907104 0
0.9999584555625916 0.9999584555625916 0.9999584555625916 0.9999584555625916 0
0.9999328255653381 0.9999328255653381 0.9999328255653381 0.9999328255653381 0
0.9999893903732300 0.9999893903732300 0.9999893903732300 0.9999893903732300 0
1.0000230073928833 1.0000230073928833 1.0000230073928833 1.0000230073928833 0
1.0000374317169189 1.0000374317169189 1.0000374317169189 1.0000374317169189 0
1.0000365972518921 1.0000365972518921 1.0000365972518921 1.0000365972518921 0
0.9999988675117493 0.9999988675117493 0.9999988675117493 0.9999988675117493 0
0.9999766945838928 0.9999766945838928 0.9999766945838928 0.9999766945838928 0
0.9999361038208008 0.9999361038208008 0.9999361038208008 0.9999361038208008 0
0.0000000000000000 0.0000000000000000 0.0000000000000000 0.0000000000000000 0.0000000000000000 0.0000000000000000
0.0000000000000000 0.0000000000000000 0.0000000000000000 0.0000000000000000 0.0000000000000000 0.0000000000000000
0.0000000000000000 0.0000000000000000 0.0000000000000000 0.0000000000000000 0.0000000000000000 0.0000000000000000
0.0000000000000000 0.0000000000000000 0.0000000000000000 0.0000000000000000 0.0000000000000000 0.0000000000000000
0.1000130623579025 0.1000130623579025 0.1000130623579025 0.1000130623579025 0.1000130623579025 0.1000130623579025
0.1000059694051743 0.1000059694051743 0.1000059694051743 0.1000059694051743 0.1000059694051743 0.1000059694051743
0.0000000000000000 0.0000000000000000 0.0000000000000000 0.0000000000000000 0.0000000000000000 0.0000000000000000
0.1000178754329681 0.1000178754329681 0.1000178754329681 0.1000178754329681 0.1000178754329681 0.1000178754329681
0.1000235304236412 0.1000235304236412 0.1000235304236412 0.1000235304236412 0.1000235304236412 0.1000235304236412
0.1000087633728981 0.1000087633728981 0.1000087633728981 0.1000087633728981 0.1000087633728981 0.1000087633728981
0.1000149995088577 0.1000149995088577 0.1000149995088577 0.1000149995088577 0.1000149995088577 0.1000149995088577
0.1000295951962471 0.1000295951962471 0.1000295951962471 0.1000295951962471 0.1000295951962471 0.1000295951962471
0.1000121906399727 0.1000121906399727 0.1000121906399727 0.1000121906399727 0.1000121906399727 0.1000121906399727
0.1000123769044876 0.1000123769044876 0.1000123769044876 0.1000123769044876 0.1000123769044876 0.1000123769044876
0.1000214889645576 0.1000214889645576 0.1000214889645576 0.1000214889645576 0.1000214889645576 0.1000214889645576
0.1000053733587265 0.1000053733587265 0.1000053733587265 0.1000053733587265 0.1000053733587265 0.1000053733587265
0.1000040844082832 0.1000040844082832 0.1000040844082832 0.1000040844082832 0.1000040844082832 0.1000040844082832
0.1000133827328682 0.1000133827328682 0.1000133827328682 0.1000133827328682 0.1000133827328682 0.1000133827328682
0.1000016853213310 0.1000016853213310 0.1000016853213310 0.1000016853213310 0.1000016853213310 0.1000016853213310
0.0000000000000000 0.0000000000000000 0.0000000000000000 0.0000000000000000 0.0000000000000000 0.0000000000000000
0.1000079140067101 0.1000079140067101 0.1000079140067101 0.1000079140067101 0.1000079140067101 0.1000079140067101
0.0000000000000000 0.0000000000000000 0.0000000000000000 0.0000000000000000 0.0000000000000000 0.0000000000000000
0.0000000000000000 0.0000000000000000 0.0000000000000000 0.0000000000000000 0.0000000000000000 0.0000000000000000
0.0000000000000000 0.0000000000000000 0.0000000000000000 0.0000000000000000 0.0000000000000000 0.0000000000000000
0.1000073775649071 0.1000073775649071 0.1000073775649071 0.1000073775649071 0.1000073775649071 0.1000073775649071
0.0000000000000000 0.0000000000000000 0.0000000000000000 0.0000000000000000 0.0000000000000000 0.0000000000000000
0.1000011563301086 0.1000011563301086 0.1000011563301086 0.1000011563301086 0.1000011563301086 0.1000011563301086
0.1000354811549187 0.1000354811549187 0.1000354811549187 0.1000354811549187 0.1000354811549187 0.1000354811549187
0.1000216975808144 0.1000216975808144 0.1000216975808144 0.1000216975808144 0.1000216975808144 0.1000216975808144
0.1000446155667305 0.1000446155667305 0.1000446155667305 0.1000446155667305 0.1000446155667305 0.1000446155667305
0.1000434532761574 0.1000434532761574 0.1000434532761574 0.1000434532761574 0.1000434532761574 0.1000434532761574
0.1000428274273872 0.1000428274273872 0.1000428274273872 0.1000428274273872 0.1000428274273872 0.1000428274273872
0.1000513955950737 0.1000513955950737 0.1000513955950737 0.1000513955950737 0.1000513955950737 0.1000513955950737
0.1000375971198082 0.1000375971198082 0.1000375971198082 0.1000375971198082 0.1000375971198082 0.1000375971198082
0.1000422909855843 0.1000422909855843 0.1000422909855843 0.1000422909855843 0.1000422909855843 0.1000422909855843
0.1000234112143517 0.1000234112143517 0.1000234112143517 0.1000234112143517 0.1000234112143517 0.1000234112143517
0.1000306829810143 0.1000306829810143 0.1000306829810143 0.1000306829810143 0.1000306829810143 0.1000306829810143
0.1000085249543190 0.1000085249543190 0.1000085249543190 0.1000085249543190 0.1000085249543190 0.1000085249543190
0.1000220254063606 0.1000220254063606 0.1000220254063606 0.1000220254063606 0.1000220254063606 0.1000220254063606
0.1000004485249519 0.1000004485249519 0.1000004485249519 0.1000004485249519 0.1000004485249519 0.1000004485249519
0.1000147685408592 0.1000147685408592 0.1000147685408592 0.1000147685408592 0.1000147685408592 0.1000147685408592
0.1000043973326683 0.1000043973326683 0.1000043973326683 0.1000043973326683 0.1000043973326683 0.1000043973326683
0.1000027880072594 0.1000027880072594 0.1000027880072594 0.1000027880072594 0.1000027880072594 0.1000027880072594
0.1000470519065857 0.1000470519065857 0.1000470519065857 0.1000470519065857 0.1000470519065857 0.1000470519065857
0.1000268161296844 0.1000268161296844 0.1000268161296844 0.1000268161296844 0.1000268161296844 0.1000268161296844
0.1000579670071602 0.1000579670071602 0.1000579670071602 0.1000579670071602 0.1000579670071602 0.1000579670071602
0.1000505909323692 0.1000505909323692 0.1000505909323692 0.1000505909323692 0.1000505909323692 0.1000505909323692
0.1000560224056244 0.1000560224056244 0.1000560224056244 0.1000560224056244 0.1000560224056244 0.1000560224056244
0.1000573709607124 0.1000573709607124 0.1000573709607124 0.1000573709607124 0.1000573709607124 0.1000573709607124
0.1000491008162498 0.1000491008162498 0.1000491008162498 0.1000491008162498 0.1000491008162498 0.1000491008162498
0.1000478863716125 0.1000478863716125 0.1000478863716125 0.1000478863716125 0.1000478863716125 0.1000478863716125
0.1000318974256516 0.1000318974256516 0.1000318974256516 0.1000318974256516 0.1000318974256516 0.1000318974256516
0.1000357866287231 0.1000357866287231 0.1000357866287231 0.1000357866287231 0.1000357866287231 0.1000357866287231
0.1000149548053741 0.1000149548053741 0.1000149548053741 0.1000149548053741 0.1000149548053741 0.1000149548053741
0.1000252664089203 0.1000252664089203 0.1000252664089203 0.1000252664089203 0.1000252664089203 0.1000252664089203
0.1000026613473892 0.1000026613473892 0.1000026613473892 0.1000026613473892 0.1000026613473892 0.1000026613473892
0.1000110134482384 0.1000110134482384 0.1000110134482384 0.1000110134482384 0.1000110134482384 0.1000110134482384
0.1000010073184967 0.1000010073184967 0.1000010073184967 0.1000010073184967 0.1000010073184967 0.1000010073184967
0.0000000000000000 0.0000000000000000 0.0000000000000000 0.0000000000000000 0.0000000000000000 0.0000000000000000
0.1000443398952484 0.1000443398952484 0.1000443398952484 0.1000443398952484 0.1000443398952484 0.1000443398952484
0.1000203415751457 0.1000203415751457 0.1000203415751457 0.1000203415751457 0.1000203415751457 0.1000203415751457
0.1000543385744095 0.1000543385744095 0.1000543385744095 0.1000543385744095 0.1000543385744095 0.1000543385744095
0.1000430956482887 0.1000430956482887 0.1000430956482887 0.1000430956482887 0.1000430956482887 0.1000430956482887
0.1000513657927513 0.1000513657927513 0.1000513657927513 0.1000513657927513 0.1000513657927513 0.1000513657927513
0.1000491380691528 0.1000491380691528 0.1000491380691528 0.1000491380691528 0.1000491380691528 0.1000491380691528
0.1000451073050499 0.1000451073050499 0.1000451073050499 0.1000451073050499 0.1000451073050499 0.1000451073050499
0.1000400856137276 0.1000400856137276 0.1000400856137276 0.1000400856137276 0.1000400856137276 0.1000400856137276
0.1000289171934128 0.1000289171934128 0.1000289171934128 0.1000289171934128 0.1000289171934128 0.1000289171934128
0.1000293865799904 0.1000293865799904 0.1000293865799904 0.1000293865799904 0.1000293865799904 0.1000293865799904
0.1000111848115921 0.1000111848115921 0.1000111848115921 0.1000111848115921 0.1000111848115921 0.1000111848115921
0.1000196933746338 0.1000196933746338 0.1000196933746338 0.1000196933746338 0.1000196933746338 0.1000196933746338
0.0000000000000000 0.0000000000000000 0.0000000000000000 0.0000000000000000 0.0000000000000000 0.0000000000000000
0.1000091880559921 0.1000091880559921 0.1000091880559921 0.1000091880559921 0.1000091880559921 0.1000091880559921
0.0000000000000000 0.0000000000000000 0.0000000000000000 0.0000000000000000 0.0000000000000000 0.0000000000000000
0.0000000000000000 0.0000000000000000 0.0000000000000000 0.0000000000000000 0.0000000000000000 0.0000000000000000
0.1000356823205948 0.1000356823205948 0.1000356823205948 0.1000356823205948 0.1000356823205948 0.1000356823205948
0.1000160202383995 0.1000160202383995 0.1000160202383995 0.1000160202383995 0.1000160202383995 0.1000160202383995
0.1000459343194962 0.1000459343194962 0.1000459343194962 0.1000459343194962 0.1000459343194962 0.1000459343194962
0.1000349894165993 0.1000349894165993 0.1000349894165993 0.1000349894165993 0.1000349894165993 0.1000349894165993
0.1000443920493126 0.1000443920493126 0.1000443920493126 0.1000443920493126 0.1000443920493126 0.1000443920493126
0.1000413522124290 0.1000413522124290 0.1000413522124290 0.1000413522124290 0.1000413522124290 0.1000413522124290
0.1000384539365768 0.1000384539365768 0.1000384539365768 0.1000384539365768 0.1000384539365768 0.1000384539365768
0.1000325605273247 0.1000325605273247 0.1000325605273247 0.1000325605273247 0.1000325605273247 0.1000325605273247
0.1000239104032516 0.1000239104032516 0.1000239104032516 0.1000239104032516 0.1000239104032516 0.1000239104032516
0.1000237092375755 0.1000237092375755 0.1000237092375755 0.1000237092375755 0.1000237092375755 0.1000237092375755
0.1000072658061981 0.1000072658061981 0.1000072658061981 0.1000072658061981 0.1000072658061981 0.1000072658061981
0.1000154167413712 0.1000154167413712 0.1000154167413712 0.1000154167413712 0.1000154167413712 0.1000154167413712
0.0000000000000000 0.0000000000000000 0.0000000000000000 0.0000000000000000 0.0000000000000000 0.0000000000000000
0.1000051498413086 0.1000051498413086 0.1000051498413086 0.1000051498413086 0.1000051498413086 0.1000051498413086
0.0000000000000000 0.0000000000000000 0.0000000000000000 0.0000000000000000 0.0000000000000000 0.0000000000000000
0.0000000000000000 0.0000000000000000 0.0000000000000000 0.0000000000000000 0.0000000000000000 0.0000000000000000
0.1000267639756203 0.1000267639756203 0.1000267639756203 0.1000267639756203 0.1000267639756203 0.1000267639756203
0.1000039204955101 0.1000039204955101 0.1000039204955101 0.1000039204955101 0.1000039204955101 0.1000039204955101
0.1000314652919769 0.1000314652919769 0.1000314652919769 0.1000314652919769 0.1000314652919769 0.1000314652919769
0.1000214964151382 0.1000214964151382 0.1000214964151382 0.1000214964151382 0.1000214964151382 0.1000214964151382
0.1000303477048874 0.1000303477048874 0.1000303477048874 0.1000303477048874 0.1000303477048874 0.1000303477048874
0.1000267937779427 0.1000267937779427 0.1000267937779427 0.1000267937779427 0.1000267937779427 0.1000267937779427
0.1000268906354904 0.1000268906354904 0.1000268906354904 0.1000268906354904 0.1000268906354904 0.1000268906354904
0.1000197082757950 0.1000197082757950 0.1000197082757950 0.1000197082757950 0.1000197082757950 0.1000197082757950
0.1000152751803398 0.1000152751803398 0.1000152751803398 0.1000152751803398 0.1000152751803398 0.1000152751803398
0.1000135764479637 0.1000135764479637 0.1000135764479637 0.1000135764479637 0.1000135764479637 0.1000135764479637
0.1000039726495743 0.1000039726495743 0.1000039726495743 0.1000039726495743 0.1000039726495743 0.1000039726495743
0.1000073328614235 0.1000073328614235 0.1000073328614235 0.1000073328614235 0.1000073328614235 0.1000073328614235
0.0000000000000000 0.0000000000000000 0.0000000000000000 0.0000000000000000 0.0000000000000000 0.0000000000000000
0.0000000000000000 0.0000000000000000 0.0000000000000000 0.0000000000000000 0.0000000000000000 0.0000000000000000
0.0000000000000000 0.0000000000000000 0.0000000000000000 0.0000000000000000 0.0000000000000000 0.0000000000000000
0.0000000000000000 0.0000000000000000 0.0000000000000000 0.0000000000000000 0.0000000000000000 0.0000000000000000
0.1000114008784294 0.1000114008784294 0.1000114008784294 0.1000114008784294 0.1000114008784294 0.1000114008784294
0.0000000000000000 0.0000000000000000 0.0000000000000000 0.0000000000000000 0.0000000000000000 0.0000000000000000
0.1000151634216309 0.1000151634216309 0.1000151634216309 0.1000151634216309 0.1000151634216309 0.1000151634216309
0.1000096872448921 0.1000096872448921 0.1000096872448921 0.1000096872448921 0.1000096872448921 0.1000096872448921
0.1000139936804771 0.1000139936804771 0.1000139936804771 0.1000139936804771 0.1000139936804771 0.1000139936804771
0.1000122651457787 0.1000122651457787 0.1000122651457787 0.1000122651457787 0.1000122651457787 0.1000122651457787
0.1000126227736473 0.1000126227736473 0.1000126227736473 0.1000126227736473 0.1000126227736473 0.1000126227736473
0.1000063419342041 0.1000063419342041 0.1000063419342041 0.1000063419342041 0.1000063419342041 0.1000063419342041
0.1000040471553802 0.1000040471553802 0.1000040471553802 0.1000040471553802 0.1000040471553802 0.1000040471553802
0.1000022590160370 0.1000022590160370 0.1000022590160370 0.1000022590160370 0.1000022590160370 0.1000022590160370
0.0000000000000000 0.0000000000000000 0.0000000000000000 0.0000000000000000 0.0000000000000000 0.0000000000000000
0.0000000000000000 0.0000000000000000 0.0000000000000000 0.0000000000000000 0.0000000000000000 0.0000000000000000
0.0000000000000000 0.0000000000000000 0.0000000000000000 0.0000000000000000 0.0000000000000000 0.0000000000000000
0.0000000000000000 0.0000000000000000 0.0000000000000000 0.0000000000000000 0.0000000000000000 0.0000000000000000
0.0000000000000000 0.0000000000000000 0.0000000000000000 0.0000000000000000 0.0000000000000000 0.0000000000000000
0.1000024825334549 0.1000024825334549 0.1000024825334549 0.1000024825334549 0.1000024825334549 0.1000024825334549
0.1000068038702011 0.1000068038702011 0.1000068038702011 0.1000068038702011 0.1000068038702011 0.1000068038702011
0.1000050380825996 0.1000050380825996 0.1000050380825996 0.1000050380825996 0.1000050380825996 0.1000050380825996
0.1000029072165489 0.1000029072165489 0.1000029072165489 0.1000029072165489 0.1000029072165489 0.1000029072165489
0.0000000000000000 0.0000000000000000 0.0000000000000000 0.0000000000000000 0.0000000000000000 0.0000000000000000
0.0000000000000000 0.0000000000000000 0.0000000000000000 0.0000000000000000 0.0000000000000000 0.0000000000000000
0.9999450445175171 0.9999450445175171 0.9999450445175171 0.9999450445175171 0
0.9999995231628418 0.9999995231628418 0.9999995231628418 0.9999995231628418 0
1.0000278949737549 1.0000278949737549 1.0000278949737549 1.0000278949737549 0
1.0000211000442505 1.0000211000442505 1.0000211000442505 1.0000211000442505 0
1.0000021457672119 1.0000021457672119 1.0000021457672119 1.0000021457672119 0
1.0000140666961670 1.0000140666961670 1.0000140666961670 1.0000140666961670 0
0.9999881982803345 0.9999881982803345 0.9999881982803345 0.9999881982803345 0
0.9999210238456726 0.9999210238456726 0.9999210238456726 0.9999210238456726 0
1.0000016689300537 1.0000016689300537 1.0000016689300537 1.0000016689300537 0
1.0000718832015991 1.0000718832015991 1.0000718832015991 1.0000718832015991 0
1.0001181364059448 1.0001181364059448 1.0001181364059448 1.0001181364059448 0
1.0001264810562134 1.0001264810562134 1.0001264810562134 1.0001264810562134 0
1.0000785589218140 1.0000785589218140 1.0000785589218140 1.0000785589218140 0
1.0000633001327515 1.0000633001327515 1.0000633001327515 1.0000633001327515 0
1.0000243186950684 1.0000243186950684 1.0000243186950684 1.0000243186950684 0
0.9999734759330750 0.9999734759330750 0.9999734759330750 0.9999734759330750 0
1.0000728368759155 1.0000728368759155 1.0000728368759155 1.0000728368759155 0
1.0001344680786133 1.0001344680786133 1.0001344680786133 1.0001344680786133 0
1.0002040863037109 1.0002040863037109 1.0002040863037109 1.0002040863037109 0
1.0002112388610840 1.0002112388610840 1.0002112388610840 1.0002112388610840 0
1.0001554489135742 1.0001554489135742 1.0001554489135742 1.0001554489135742 0
1.0000916719436646 1.0000916719436646 1.0000916719436646 1.0000916719436646 0
1.0000395774841309 1.0000395774841309 1.0000395774841309 1.0000395774841309 0
1.0000109672546387 1.0000109672546387 1.0000109672546387 1.0000109672546387 0
1.0000923871994019 1.0000923871994019 1.0000923871994019 1.0000923871994019 0
1.0001800060272217 1.0001800060272217 1.0001800060272217 1.0001800060272217 0
1.0002462863922119 1.0002462863922119 1.0002462863922119 1.0002462863922119 0
1.0002486705780029 1.0002486705780029 1.0002486705780029 1.0002486705780029 0
1.0001944303512573 1.0001944303512573 1.0001944303512573 1.0001944303512573 0
1.0001364946365356 1.0001364946365356 1.0001364946365356 1.0001364946365356 0
1.0001035928726196 1.0001035928726196 1.0001035928726196 1.0001035928726196 0
1.0000426769256592 1.0000426769256592 1.0000426769256592 1.0000426769256592 0
1.0000735521316528 1.0000735521316528 1.0000735521316528 1.0000735521316528 0
1.0001635551452637 1.0001635551452637 1.0001635551452637 1.0001635551452637 0
1.0002273321151733 1.0002273321151733 1.0002273321151733 1.0002273321151733 0
1.0002244710922241 1.0002244710922241 1.0002244710922241 1.0002244710922241 0
1.0001822710037231 1.0001822710037231 1.0001822710037231 1.0001822710037231 0
1.0001304149627686 1.0001304149627686 1.0001304149627686 1.0001304149627686 0
1.0000749826431274 1.0000749826431274 1.0000749826431274 1.0000749826431274 0
1.0000315904617310 1.0000315904617310 1.0000315904617310 1.0000315904617310 0
1.0000214576721191 1.0000214576721191 1.0000214576721191 1.0000214576721191 0
1.0000991821289062 1.0000991821289062 1.0000991821289062 1.0000991821289062 0
1.0001537799835205 1.0001537799835205 1.0001537799835205 1.0001537799835205 0
1.0001578330993652 1.0001578330993652 1.0001578330993652 1.0001578330993652 0
1.0001178979873657 1.0001178979873657 1.0001178979873657 1.0001178979873657 0
1.0000668764114380 1.0000668764114380 1.0000668764114380 1.0000668764114380 0
1.0000156164169312 1.0000156164169312 1.0000156164169312 1.0000156164169312 0
0.9999942779541016 0.9999942779541016 0.9999942779541016 0.9999942779541016 0
1.0000178813934326 1.0000178813934326 1.0000178813934326 1.0000178813934326 0
1.0000524520874023 1.0000524520874023 1.0000524520874023 1.0000524520874023 0
1.0000969171524048 1.0000969171524048 1.0000969171524048 1.0000969171524048 0
1.0001025199890137 1.0001025199890137 1.0001025199890137 1.0001025199890137 0
1.0000728368759155 1.0000728368759155 1.0000728368759155 1.0000728368759155 0
1.0000300407409668 1.0000300407409668 1.0000300407409668 1.0000300407409668 0
1.0000188350677490 1.0000188350677490 1.0000188350677490 1.0000188350677490 0
0.9999768733978271 0.9999768733978271 0.9999768733978271 0.9999768733978271 0
0.9999483227729797 0.9999483227729797 0.9999483227729797 0.9999483227729797 0
0.9999893903732300 0.9999893903732300 0.9999893903732300 0.9999893903732300 0
1.0000182390213013 1.0000182390213013 1.0000182390213013 1.0000182390213013 0
1.0000159740447998 1.0000159740447998 1.0000159740447998 1.0000159740447998 0
1.0000002384185791 1.0000002384185791 1.0000002384185791 1.0000002384185791 0
0.9999768137931824 0.9999768137931824 0.9999768137931824 0.9999768137931824 0
0.9999451637268066 0.9999451637268066 0.9999451637268066 0.9999451637268066 0
0.9999195933341980 0.9999195933341980 0.9999195933341980 0.9999195933341980 0
0.0000000000000000 0.0000000000000000 0.0000000000000000 0.0000000000000000 0.0000000000000000 0.0000000000000000
0.0000000000000000 0.0000000000000000 0.0000000000000000 0.0000000000000000 0.0000000000000000 0.0000000000000000
0.0000000000000000 0.0000000000000000 0.0000000000000000 0.0000000000000000 0.0000000000000000 0.0000000000000000
0.0000000000000000 0.0000000000000000 0.0000000000000000 0.0000000000000000 0.0000000000000000 0.0000000000000000
0.0000000000000000 0.0000000000000000 0.0000000000000000 0.0000000000000000 0.0000000000000000 0.0000000000000000
0.1000088527798653 0.1000088527798653 0.1000088527798653 0.1000088527798653 0.1000088527798653 0.1000088527798653
0.0000000000000000 0.0000000000000000 0.0000000000000000 0.0000000000000000 0.0000000000000000 0.0000000000000000
0.1000007465481758 0.1000007465481758 0.1000007465481758 0.1000007465481758 0.1000007465481758 0.1000007465481758
0.1000150293111801 0.1000150293111801 0.1000150293111801 0.1000150293111801 0.1000150293111801 0.1000150293111801
0.1000026687979698 0.1000026687979698 0.1000026687979698 0.1000026687979698 0.1000026687979698 0.1000026687979698
0.0000000000000000 0.0000000000000000 0.0000000000000000 0.0000000000000000 0.0000000000000000 0.0000000000000000
0.1000110656023026 0.1000110656023026 0.1000110656023026 0.1000110656023026 0.1000110656023026 0.1000110656023026
0.0000000000000000 0.0000000000000000 0.0000000000000000 0.0000000000000000 0.0000000000000000 0.0000000000000000
0.0000000000000000 0.0000000000000000 0.0000000000000000 0.0000000000000000 0.0000000000000000 0.0000000000000000
0.1000076457858086 0.1000076457858086 0.1000076457858086 0.1000076457858086 0.1000076457858086 0.1000076457858086
0.0000000000000000 0.0000000000000000 0.0000000000000000 0.0000000000000000 0.0000000000000000 0.0000000000000000
0.0000000000000000 0.0000000000000000 0.0000000000000000 0.0000000000000000 0.0000000000000000 0.0000000000000000
0.1000054776668549 0.1000054776668549 0.1000054776668549 0.1000054776668549 0.1000054776668549 0.1000054776668549
0.0000000000000000 0.0000000000000000 0.0000000000000000 0.0000000000000000 0.0000000000000000 0.0000000000000000
0.0000000000000000 0.0000000000000000 0.0000000000000000 0.0000000000000000 0.0000000000000000 0.0000000000000000
0.0000000000000000 0.0000000000000000 0.0000000000000000 0.0000000000000000 0.0000000000000000 0.0000000000000000
0.0000000000000000 0.0000000000000000 0.0000000000000000 0.0000000000000000 0.0000000000000000 0.0000000000000000
0.0000000000000000 0.0000000000000000 0.0000000000000000 0.0000000000000000 0.0000000000000000 0.0000000000000000
0.0000000000000000 0.0000000000000000 0.0000000000000000 0.0000000000000000 0.0000000000000000 0.0000000000000000
0.1000033468008041 0.1000033468008041 0.1000033468008041 0.1000033468008041 0.1000033468008041 0.1000033468008041
0.0000000000000000 0.0000000000000000 0.0000000000000000 0.0000000000000000 0.0000000000000000 0.0000000000000000
0.1000107750296593 0.1000107750296593 0.1000107750296593 0.1000107750296593 0.1000107750296593 0.1000107750296593
0.1000184118747711 0.1000184118747711 0.1000184118747711 0.1000184118747711 0.1000184118747711 0.1000184118747711
0.1000349000096321 0.1000349000096321 0.1000349000096321 0.1000349000096321 0.1000349000096321 0.1000349000096321
0.1000235006213188 0.1000235006213188 0.1000235006213188 0.1000235006213188 0.1000235006213188 0.1000235006213188
0.1000455990433693 0.1000455990433693 0.1000455990433693 0.1000455990433693 0.1000455990433693 0.1000455990433693
0.1000176146626472 0.1000176146626472 0.1000176146626472 0.1000176146626472 0.1000176146626472 0.1000176146626472
0.1000419706106186 0.1000419706106186 0.1000419706106186 0.1000419706106186 0.1000419706106186 0.1000419706106186
0.1000148206949234 0.1000148206949234 0.1000148206949234 0.1000148206949234 0.1000148206949234 0.1000148206949234
0.1000349074602127 0.1000349074602127 0.1000349074602127 0.1000349074602127 0.1000349074602127 0.1000349074602127
0.1000046133995056 0.1000046133995056 0.1000046133995056 0.1000046133995056 0.1000046133995056 0.1000046133995056
0.1000249385833740 0.1000249385833740 0.1000249385833740 0.1000249385833740 0.1000249385833740 0.1000249385833740
0.0000000000000000 0.0000000000000000 0.0000000000000000 0.0000000000000000 0.0000000000000000 0.0000000000000000
0.1000130102038383 0.1000130102038383 0.1000130102038383 0.1000130102038383 0.1000130102038383 0.1000130102038383
0.1000021174550056 0.1000021174550056 0.1000021174550056 0.1000021174550056 0.1000021174550056 0.1000021174550056
0.1000238656997681 0.1000238656997681 0.1000238656997681 0.1000238656997681 0.1000238656997681 0.1000238656997681
0.1000080108642578 0.1000080108642578 0.1000080108642578 0.1000080108642578 0.1000080108642578 0.1000080108642578
0.1000185981392860 0.1000185981392860 0.1000185981392860 0.1000185981392860 0.1000185981392860 0.1000185981392860
0.1000420898199081 0.1000420898199081 0.1000420898199081 0.1000420898199081 0.1000420898199081 0.1000420898199081
0.1000447198748589 0.1000447198748589 0.1000447198748589 0.1000447198748589 0.1000447198748589 0.1000447198748589
0.1000495404005051 0.1000495404005051 0.1000495404005051 0.1000495404005051 0.1000495404005051 0.1000495404005051
0.1000575348734856 0.1000575348734856 0.1000575348734856 0.1000575348734856 0.1000575348734856 0.1000575348734856
0.1000421345233917 0.1000421345233917 0.1000421345233917 0.1000421345233917 0.1000421345233917 0.1000421345233917
0.1000535339117050 0.1000535339117050 0.1000535339117050 0.1000535339117050 0.1000535339117050 0.1000535339117050
0.1000340729951859 0.1000340729951859 0.1000340729951859 0.1000340729951859 0.1000340729951859 0.1000340729951859
0.1000455543398857 0.1000455543398857 0.1000455543398857 0.1000455543398857 0.1000455543398857 0.1000455543398857
0.1000220328569412 0.1000220328569412 0.1000220328569412 0.1000220328569412 0.1000220328569412 0.1000220328569412
0.1000322923064232 0.1000322923064232 0.1000322923064232 0.1000322923064232 0.1000322923064232 0.1000322923064232
0.1000117585062981 0.1000117585062981 0.1000117585062981 0.1000117585062981 0.1000117585062981 0.1000117585062981
0.1000206992030144 0.1000206992030144 0.1000206992030144 0.1000206992030144 0.1000206992030144 0.1000206992030144
0.1000077575445175 0.1000077575445175 0.1000077575445175 0.1000077575445175 0.1000077575445175 0.1000077575445175
0.1000306755304337 0.1000306755304337 0.1000306755304337 0.1000306755304337 0.1000306755304337 0.1000306755304337
0.1000135391950607 0.1000135391950607 0.1000135391950607 0.1000135391950607 0.1000135391950607 0.1000135391950607
0.1000147163867950 0.1000147163867950 0.1000147163867950 0.1000147163867950 0.1000147163867950 0.1000147163867950
0.1000502780079842 0.1000502780079842 0.1000502780079842 0.1000502780079842 0.1000502780079842 0.1000502780079842
0.1000426560640335 0.1000426560640335 0.1000426560640335 0.1000426560640335 0.1000426560640335 0.1000426560640335
0.1000566631555557 0.1000566631555557 0.1000566631555557 0.1000566631555557 0.1000566631555557 0.1000566631555557
0.1000558584928513 0.1000558584928513 0.1000558584928513 0.1000558584928513 0.1000558584928513 0.1000558584928513
0.1000486314296722 0.1000486314296722 0.1000486314296722 0.1000486314296722 0.1000486314296722 0.1000486314296722
0.1000500619411469 0.1000500619411469 0.1000500619411469 0.1000500619411469 0.1000500619411469 0.1000500619411469
0.1000410690903664 0.1000410690903664 0.1000410690903664 0.1000410690903664 0.1000410690903664 0.1000410690903664
0.1000440046191216 0.1000440046191216 0.1000440046191216 0.1000440046191216 0.1000440046191216 0.1000440046191216
0.1000288650393486 0.1000288650393486 0.1000288650393486 0.1000288650393486 0.1000288650393486 0.1000288650393486
0.1000324785709381 0.1000324785709381 0.1000324785709381 0.1000324785709381 0.1000324785709381 0.1000324785709381
0.1000160574913025 0.1000160574913025 0.1000160574913025 0.1000160574913025 0.1000160574913025 0.1000160574913025
0.1000186577439308 0.1000186577439308 0.1000186577439308 0.1000186577439308 0.1000186577439308 0.1000186577439308
0.1000047177076340 0.1000047177076340 0.1000047177076340 0.1000047177076340 0.1000047177076340 0.1000047177076340
0.1000220030546188 0.1000220030546188 0.1000220030546188 0.1000220030546188 0.1000220030546188 0.1000220030546188
0.1000061929225922 0.1000061929225922 0.1000061929225922 0.1000061929225922 0.1000061929225922 0.1000061929225922
0.1000119224190712 0.1000119224190712 0.1000119224190712 0.1000119224190712 0.1000119224190712 0.1000119224190712
0.1000416353344917 0.1000416353344917 0.1000416353344917 0.1000416353344917 0.1000416353344917 0.1000416353344917
0.1000375449657440 0.1000375449657440 0.1000375449657440 0.1000375449657440 0.1000375449657440 0.1000375449657440
0.1000467538833618 0.1000467538833618 0.1000467538833618 0.1000467538833618 0.1000467538833618 0.1000467538833618
0.1000491380691528 0.1000491380691528 0.1000491380691528 0.1000491380691528 0.1000491380691528 0.1000491380691528
0.1000400036573410 0.1000400036573410 0.1000400036573410 0.1000400036573410 0.1000400036573410 0.1000400036573410
0.1000452861189842 0.1000452861189842 0.1000452861189842 0.1000452861189842 0.1000452861189842 0.1000452861189842
0.1000338643789291 0.1000338643789291 0.1000338643789291 0.1000338643789291 0.1000338643789291 0.1000338643789291
0.1000394523143768 0.1000394523143768 0.1000394523143768 0.1000394523143768 0.1000394523143768 0.1000394523143768
0.1000221818685532 0.1000221818685532 0.1000221818685532 0.1000221818685532 0.1000221818685532 0.1000221818685532
0.1000277027487755 0.1000277027487755 0.1000277027487755 0.1000277027487755 0.1000277027487755 0.1000277027487755
0.1000071913003922 0.1000071913003922 0.1000071913003922 0.1000071913003922 0.1000071913003922 0.1000071913003922
0.1000127866864204 0.1000127866864204 0.1000127866864204 0.1000127866864204 0.1000127866864204 0.1000127866864204
0.1000032797455788 0.1000032797455788 0.1000032797455788 0.1000032797455788 0.1000032797455788 0.1000032797455788
0.1000132858753204 0.1000132858753204 0.1000132858753204 0.1000132858753204 0.1000132858753204 0.1000132858753204
0.1000016331672668 0.1000016331672668 0.1000016331672668 0.1000016331672668 0.1000016331672668 0.1000016331672668
0.1000036150217056 0.1000036150217056 0.1000036150217056 0.1000036150217056 0.1000036150217056 0.1000036150217056
0.1000305265188217 0.1000305265188217 0.1000305265188217 0.1000305265188217 0.1000305265188217 0.1000305265188217
0.1000227481126785 0.1000227481126785 0.1000227481126785 0.1000227481126785 0.1000227481126785 0.1000227481126785
0.1000356674194336 0.1000356674194336 0.1000356674194336 0.1000356674194336 0.1000356674194336 0.1000356674194336
0.1000322401523590 0.1000322401523590 0.1000322401523590 0.1000322401523590 0.1000322401523590 0.1000322401523590
0.1000296920537949 0.1000296920537949 0.1000296920537949 0.1000296920537949 0.1000296920537949 0.1000296920537949
0.1000287085771561 0.1000287085771561 0.1000287085771561 0.1000287085771561 0.1000287085771561 0.1000287085771561
0.1000232473015785 0.1000232473015785 0.1000232473015785 0.1000232473015785 0.1000232473015785 0.1000232473015785
0.1000248491764069 0.1000248491764069 0.1000248491764069 0.1000248491764069 0.1000248491764069 0.1000248491764069
0.1000135838985443 0.1000135838985443 0.1000135838985443 0.1000135838985443 0.1000135838985443 0.1000135838985443
0.1000149250030518 0.1000149250030518 0.1000149250030518 0.1000149250030518 0.1000149250030518 0.1000149250030518
0.1000027358531952 0.1000027358531952 0.1000027358531952 0.1000027358531952 0.1000027358531952 0.1000027358531952
0.1000065654516220 0.1000065654516220 0.1000065654516220 0.1000065654516220 0.1000065654516220 0.1000065654516220
0.0000000000000000 0.0000000000000000 0.0000000000000000 0.0000000000000000 0.0000000000000000 0.0000000000000000
0.1000073626637459 0.1000073626637459 0.1000073626637459 0.1000073626637459 0.1000073626637459 0.1000073626637459
0.0000000000000000 0.0000000000000000 0.0000000000000000 0.0000000000000000 0.0000000000000000 0.0000000000000000
0.0000000000000000 0.0000000000000000 0.0000000000000000 0.0000000000000000 0.0000000000000000 0.0000000000000000
0.1000207960605621 0.1000207960605621 0.1000207960605621 0.1000207960605621 0.1000207960605621 0.1000207960605621
0.1000068858265877 0.1000068858265877 0.1000068858265877 0.1000068858265877 0.1000068858265877 0.1000068858265877
0.1000252664089203 0.1000252664089203 0.1000252664089203 0.1000252664089203 0.1000252664089203 0.1000252664089203
0.1000136509537697 0.1000136509537697 0.1000136509537697 0.1000136509537697 0.1000136509537697 0.1000136509537697
0.1000204309821129 0.1000204309821129 0.1000204309821129 0.1000204309821129 0.1000204309821129 0.1000204309821129
0.1000101268291473 0.1000101268291473 0.1000101268291473 0.1000101268291473 0.1000101268291473 0.1000101268291473
0.1000152602791786 0.1000152602791786 0.1000152602791786 0.1000152602791786 0.1000152602791786 0.1000152602791786
0.1000087261199951 0.1000087261199951 0.1000087261199951 0.1000087261199951 0.1000087261199951 0.1000087261199951
0.1000081971287727 0.1000081971287727 0.1000081971287727 0.1000081971287727 0.1000081971287727 0.1000081971287727
0.1000022962689400 0.1000022962689400 0.1000022962689400 0.1000022962689400 0.1000022962689400 0.1000022962689400
0.0000000000000000 0.0000000000000000 0.0000000000000000 0.0000000000000000 0.0000000000000000 0.0000000000000000
0.0000000000000000 0.0000000000000000 0.0000000000000000 0.0000000000000000 0.0000000000000000 0.0000000000000000
0.0000000000000000 0.0000000000000000 0.0000000000000000 0.0000000000000000 0.0000000000000000 0.0000000000000000
0.0000000000000000 0.0000000000000000 0.0000000000000000 0.0000000000000000 0.0000000000000000 0.0000000000000000
0.0000000000000000 0.0000000000000000 0.0000000000000000 0.0000000000000000 0.0000000000000000 0.0000000000000000
0.0000000000000000 0.0000000000000000 0.0000000000000000 0.0000000000000000 0.0000000000000000 0.0000000000000000
0.1000010296702385 0.1000010296702385 0.1000010296702385 0.1000010296702385 0.1000010296702385 0.1000010296702385
0.0000000000000000 0.0000000000000000 0.0000000000000000 0.0000000000000000 0.0000000000000000 0.0000000000000000
0.0000000000000000 0.0000000000000000 0.0000000000000000 0.0000000000000000 0.0000000000000000 0.0000000000000000
0.0000000000000000 0.0000000000000000 0.0000000000000000 0.0000000000000000 0.0000000000000000 0.0000000000000000
0.0000000000000000 0.0000000000000000 0.0000000000000000 0.0000000000000000 0.0000000000000000 0.0000000000000000
0.9996058940887451 0.9996058940887451 0.9996058940887451 0.9996058940887451 0
0.9998675584793091 0.9998675584793091 0.9998675584793091 0.9998675584793091 0
1.0001897811889648 1.0001897811889648 1.0001897811889648 1.0001897811889648 0
1.0001900196075439 1.0001900196075439 1.0001900196075439 1.0001900196075439 0
1.0000894069671631 1.0000894069671631 1.0000894069671631 1.0000894069671631 0
1.0000269412994385 1.0000269412994385 1.0000269412994385 1.0000269412994385 0
0.9999719858169556 0.9999719858169556 0.9999719858169556 0.9999719858169556 0
0.9996051192283630 0.9996051192283630 0.9996051192283630 0.9996051192283630 0
0.9998996853828430 0.9998996853828430 0.9998996853828430 0.9998996853828430 0
1.0002555847167969 1.0002555847167969 1.0002555847167969 1.0002555847167969 0
1.0008360147476196 1.0008360147476196 1.0008360147476196 1.0008360147476196 0
1.0007817745208740 1.0007817745208740 1.0007817745208740 1.0007817745208740 0
1.0006334781646729 1.0006334781646729 1.0006334781646729 1.0006334781646729 0
1.0004944801330566 1.0004944801330566 1.0004944801330566 1.0004944801330566 0
1.0004343986511230 1.0004343986511230 1.0004343986511230 1.0004343986511230 0
0.9999430775642395 0.9999430775642395 0.9999430775642395 0.9999430775642395 0
0.9999560713768005 0.9999560713768005 0.9999560713768005 0.9999560713768005 0
1.0004234313964844 1.0004234313964844 1.0004234313964844 1.0004234313964844 0
1.0010170936584473 1.0010170936584473 1.0010170936584473 1.0010170936584473 0
1.0009409189224243 1.0009409189224243 1.0009409189224243 1.0009409189224243 0
1.0007598400115967 1.0007598400115967 1.0007598400115967 1.0007598400115967 0
1.0006443262100220 1.0006443262100220 1.0006443262100220 1.0006443262100220 0
1.0005496740341187 1.0005496740341187 1.0005496740341187 1.0005496740341187 0
0.9999547004699707 0.9999547004699707 0.9999547004699707 0.9999547004699707 0
0.9998362064361572 0.9998362064361572 0.9998362064361572 0.9998362064361572 0
1.0002641677856445 1.0002641677856445 1.0002641677856445 1.0002641677856445 0
1.0007915496826172 1.0007915496826172 1.0007915496826172 1.0007915496826172 0
1.0007252693176270 1.0007252693176270 1.0007252693176270 1.0007252693176270 0
1.0005488395690918 1.0005488395690918 1.0005488395690918 1.0005488395690918 0
1.0004416704177856 1.0004416704177856 1.0004416704177856 1.0004416704177856 0
1.0003714561462402 1.0003714561462402 1.0003714561462402 1.0003714561462402 0
0.9998350739479065 0.9998350739479065 0.9998350739479065 0.9998350739479065 0
0.9998632073402405 0.9998632073402405 0.9998632073402405 0.9998632073402405 0
1.0003005266189575 1.0003005266189575 1.0003005266189575 1.0003005266189575 0
1.0008213520050049 1.0008213520050049 1.0008213520050049 1.0008213520050049 0
1.0007363557815552 1.0007363557815552 1.0007363557815552 1.0007363557815552 0
1.0005679130554199 1.0005679130554199 1.0005679130554199 1.0005679130554199 0
1.0004824399948120 1.0004824399948120 1.0004824399948120 1.0004824399948120 0
1.0003992319107056 1.0003992319107056 1.0003992319107056 1.0003992319107056 0
0.9998720288276672 0.9998720288276672 0.9998720288276672 0.9998720288276672 0
0.9998102784156799 0.9998102784156799 0.9998102784156799 0.9998102784156799 0
1.0001574754714966 1.0001574754714966 1.0001574754714966 1.0001574754714966 0
1.0006697177886963 1.0006697177886963 1.0006697177886963 1.0006697177886963 0
1.0006185770034790 1.0006185770034790 1.0006185770034790 1.0006185770034790 0
1.0004748106002808 1.0004748106002808 1.0004748106002808 1.0004748106002808 0
1.0003685951232910 1.0003685951232910 1.0003685951232910 1.0003685951232910 0
1.0003213882446289 1.0003213882446289 1.0003213882446289 1.0003213882446289 0
0.9998283386230469 0.9998283386230469 0.9998283386230469 0.9998283386230469 0
0.9997131824493408 0.9997131824493408 0.9997131824493408 0.9997131824493408 0
1.0000389814376831 1.0000389814376831 1.0000389814376831 1.0000389814376831 0
1.0003609657287598 1.0003609657287598 1.0003609657287598 1.0003609657287598 0
1.0003046989440918 1.0003046989440918 1.0003046989440918 1.0003046989440918 0
1.0002105236053467 1.0002105236053467 1.0002105236053467 1.0002105236053467 0
1.0001729726791382 1.0001729726791382 1.0001729726791382 1.0001729726791382 0
1.0001140832901001 1.0001140832901001 1.0001140832901001 1.0001140832901001 0
0.9997061491012573 0.9997061491012573 0.9997061491012573 0.9997061491012573 0
0.9995136857032776 0.9995136857032776 0.9995136857032776 0.9995136857032776 0
0.9997259378433228 0.9997259378433228 0.9997259378433228 0.9997259378433228 0
1.0001097917556763 1.0001097917556763 1.0001097917556763 1.0001097917556763 0
1.0000525712966919 1.0000525712966919 1.0000525712966919 1.0000525712966919 0
0.9999025464057922 0.9999025464057922 0.9999025464057922 0.9999025464057922 0
0.9998973011970520 0.9998973011970520 0.9998973011970520 0.9998973011970520 0
0.9999695420265198 0.9999695420265198 0.9999695420265198 0.9999695420265198 0
0.9996654987335205 0.9996654987335205 0.9996654987335205 0.9996654987335205 0
0.0000000000000000 0.0000000000000000 0.0000000000000000 0.0000000000000000 0.0000000000000000 0.0000000000000000
0.0000000000000000 0.0000000000000000 0.0000000000000000 0.0000000000000000 0.0000000000000000 0.0000000000000000
0.0000000000000000 0.0000000000000000 0.0000000000000000 0.0000000000000000 0.0000000000000000 0.0000000000000000
0.0000000000000000 0.0000000000000000 0.0000000000000000 0.0000000000000000 0.0000000000000000 0.0000000000000000
0.1000059321522713 0.1000059321522713 0.1000059321522713 0.1000059321522713 0.1000059321522713 0.1000059321522713
0.1000425145030022 0.1000425145030022 0.1000425145030022 0.1000425145030022 0.1000425145030022 0.1000425145030022
0.0000000000000000 0.0000000000000000 0.0000000000000000 0.0000000000000000 0.0000000000000000 0.0000000000000000
0.1000804156064987 0.1000804156064987 0.1000804156064987 0.1000804156064987 0.1000804156064987 0.1000804156064987
0.1002082228660583 0.1002082228660583 0.1002082228660583 0.1002082228660583 0.1002082228660583 0.1002082228660583
0.1001018956303596 0.1001018956303596 0.1001018956303596 0.1001018956303596 0.1001018956303596 0.1001018956303596
0.1000219359993935 0.1000219359993935 0.1000219359993935 0.1000219359993935 0.1000219359993935 0.1000219359993935
0.1001192182302475 0.1001192182302475 0.1001192182302475 0.1001192182302475 0.1001192182302475 0.1001192182302475
0.1000212952494621 0.1000212952494621 0.1000212952494621 0.1000212952494621 0.1000212952494621 0.1000212952494621
0.0000000000000000 0.0000000000000000 0.0000000000000000 0.0000000000000000 0.0000000000000000 0.0000000000000000
0.1000612825155258 0.1000612825155258 0.1000612825155258 0.1000612825155258 0.1000612825155258 0.1000612825155258
0.0000000000000000 0.0000000000000000 0.0000000000000000 0.0000000000000000 0.0000000000000000 0.0000000000000000
0.1000246554613113 0.1000246554613113 0.1000246554613113 0.1000246554613113 0.1000246554613113 0.1000246554613113
0.1001217961311340 0.1001217961311340 0.1001217961311340 0.1001217961311340 0.1001217961311340 0.1001217961311340
0.1000353917479515 0.1000353917479515 0.1000353917479515 0.1000353917479515 0.1000353917479515 0.1000353917479515
0.0000000000000000 0.0000000000000000 0.0000000000000000 0.0000000000000000 0.0000000000000000 0.0000000000000000
0.1000434309244156 0.1000434309244156 0.1000434309244156 0.1000434309244156 0.1000434309244156 0.1000434309244156
0.0000000000000000 0.0000000000000000 0.0000000000000000 0.0000000000000000 0.0000000000000000 0.0000000000000000
0.0000000000000000 0.0000000000000000 0.0000000000000000 0.0000000000000000 0.0000000000000000 0.0000000000000000
0.0000000000000000 0.0000000000000000 0.0000000000000000 0.0000000000000000 0.0000000000000000 0.0000000000000000
0.0000000000000000 0.0000000000000000 0.0000000000000000 0.0000000000000000 0.0000000000000000 0.0000000000000000
0.0000000000000000 0.0000000000000000 0.0000000000000000 0.0000000000000000 0.0000000000000000 0.0000000000000000
0.0000000000000000 0.0000000000000000 0.0000000000000000 0.0000000000000000 0.0000000000000000 0.0000000000000000
0.1001018509268761 0.1001018509268761 0.1001018509268761 0.1001018509268761 0.1001018509268761 0.1001018509268761
0.1001077294349670 0.1001077294349670 0.1001077294349670 0.1001077294349670 0.1001077294349670 0.1001077294349670
0.1002009510993958 0.1002009510993958 0.1002009510993958 0.1002009510993958 0.1002009510993958 0.1002009510993958
0.1003071442246437 0.1003071442246437 0.1003071442246437 0.1003071442246437 0.1003071442246437 0.1003071442246437
0.1001302674412727 0.1001302674412727 0.1001302674412727 0.1001302674412727 0.1001302674412727 0.1001302674412727
0.1002041324973106 0.1002041324973106 0.1002041324973106 0.1002041324973106 0.1002041324973106 0.1002041324973106
0.1000904515385628 0.1000904515385628 0.1000904515385628 0.1000904515385628 0.1000904515385628 0.1000904515385628
0.1001334264874458 0.1001334264874458 0.1001334264874458 0.1001334264874458 0.1001334264874458 0.1001334264874458
0.1001160591840744 0.1001160591840744 0.1001160591840744 0.1001160591840744 0.1001160591840744 0.1001160591840744
0.1001953184604645 0.1001953184604645 0.1001953184604645 0.1001953184604645 0.1001953184604645 0.1001953184604645
0.1000229045748711 0.1000229045748711 0.1000229045748711 0.1000229045748711 0.1000229045748711 0.1000229045748711
0.1001047268509865 0.1001047268509865 0.1001047268509865 0.1001047268509865 0.1001047268509865 0.1001047268509865
0.0000000000000000 0.0000000000000000 0.0000000000000000 0.0000000000000000 0.0000000000000000 0.0000000000000000
0.0000000000000000 0.0000000000000000 0.0000000000000000 0.0000000000000000 0.0000000000000000 0.0000000000000000
0.0000000000000000 0.0000000000000000 0.0000000000000000 0.0000000000000000 0.0000000000000000 0.0000000000000000
0.0000000000000000 0.0000000000000000 0.0000000000000000 0.0000000000000000 0.0000000000000000 0.0000000000000000
0.1001546457409859 0.1001546457409859 0.1001546457409859 0.1001546457409859 0.1001546457409859 0.1001546457409859
0.1001049503684044 0.1001049503684044 0.1001049503684044 0.1001049503684044 0.1001049503684044 0.1001049503684044
0.1002543643116951 0.1002543643116951 0.1002543643116951 0.1002543643116951 0.1002543643116951 0.1002543643116951
0.1002987772226334 0.1002987772226334 0.1002987772226334 0.1002987772226334 0.1002987772226334 0.1002987772226334
0.1001785919070244 0.1001785919070244 0.1001785919070244 0.1001785919070244 0.1001785919070244 0.1001785919070244
0.1001954972743988 0.1001954972743988 0.1001954972743988 0.1001954972743988 0.1001954972743988 0.1001954972743988
0.1001345962285995 0.1001345962285995 0.1001345962285995 0.1001345962285995 0.1001345962285995 0.1001345962285995
0.1001223474740982 0.1001223474740982 0.1001223474740982 0.1001223474740982 0.1001223474740982 0.1001223474740982
0.1001599729061127 0.1001599729061127 0.1001599729061127 0.1001599729061127 0.1001599729061127 0.1001599729061127
0.1001890525221825 0.1001890525221825 0.1001890525221825 0.1001890525221825 0.1001890525221825 0.1001890525221825
0.1000504419207573 0.1000504419207573 0.1000504419207573 0.1000504419207573 0.1000504419207573 0.1000504419207573
0.1000946462154388 0.1000946462154388 0.1000946462154388 0.1000946462154388 0.1000946462154388 0.1000946462154388
0.0000000000000000 0.0000000000000000 0.0000000000000000 0.0000000000000000 0.0000000000000000 0.0000000000000000
0.0000000000000000 0.0000000000000000 0.0000000000000000 0.0000000000000000 0.0000000000000000 0.0000000000000000
0.0000000000000000 0.0000000000000000 0.0000000000000000 0.0000000000000000 0.0000000000000000 0.0000000000000000
0.0000000000000000 0.0000000000000000 0.0000000000000000 0.0000000000000000 0.0000000000000000 0.0000000000000000
0.1001154482364655 0.1001154482364655 0.1001154482364655 0.1001154482364655 0.1001154482364655 0.1001154482364655
0.1000910922884941 0.1000910922884941 0.1000910922884941 0.1000910922884941 0.1000910922884941 0.1000910922884941
0.1002097353339195 0.1002097353339195 0.1002097353339195 0.1002097353339195 0.1002097353339195 0.1002097353339195
0.1002793014049530 0.1002793014049530 0.1002793014049530 0.1002793014049530 0.1002793014049530 0.1002793014049530
0.1001339107751846 0.1001339107751846 0.1001339107751846 0.1001339107751846 0.1001339107751846 0.1001339107751846
0.1001752465963364 0.1001752465963364 0.1001752465963364 0.1001752465963364 0.1001752465963364 0.1001752465963364
0.1000917777419090 0.1000917777419090 0.1000917777419090 0.1000917777419090 0.1000917777419090 0.1000917777419090
0.1001034155488014 0.1001034155488014 0.1001034155488014 0.1001034155488014 0.1001034155488014 0.1001034155488014
0.1001209095120430 0.1001209095120430 0.1001209095120430 0.1001209095120430 0.1001209095120430 0.1001209095120430
0.1001724675297737 0.1001724675297737 0.1001724675297737 0.1001724675297737 0.1001724675297737 0.1001724675297737
0.1000185608863831 0.1000185608863831 0.1000185608863831 0.1000185608863831 0.1000185608863831 0.1000185608863831
0.1000793352723122 0.1000793352723122 0.1000793352723122 0.1000793352723122 0.1000793352723122 0.1000793352723122
0.0000000000000000 0.0000000000000000 0.0000000000000000 0.0000000000000000 0.0000000000000000 0.0000000000000000
0.0000000000000000 0.0000000000000000 0.0000000000000000 0.0000000000000000 0.0000000000000000 0.0000000000000000
0.0000000000000000 0.0000000000000000 0.0000000000000000 0.0000000000000000 0.0000000000000000 0.0000000000000000
0.0000000000000000 0.0000000000000000 0.0000000000000000 0.0000000000000000 0.0000000000000000 0.0000000000000000
0.1001044511795044 0.1001044511795044 0.1001044511795044 0.1001044511795044 0.1001044511795044 0.1001044511795044
0.1000790596008301 0.1000790596008301 0.1000790596008301 0.1000790596008301 0.1000790596008301 0.1000790596008301
0.1001952514052391 0.1001952514052391 0.1001952514052391 0.1001952514052391 0.1001952514052391 0.1001952514052391
0.1002621576189995 0.1002621576189995 0.1002621576189995 0.1002621576189995 0.1002621576189995 0.1002621576189995
0.1001240089535713 0.1001240089535713 0.1001240089535713 0.1001240089535713 0.1001240089535713 0.1001240089535713
0.1001609340310097 0.1001609340310097 0.1001609340310097 0.1001609340310097 0.1001609340310097 0.1001609340310097
0.1000820472836494 0.1000820472836494 0.1000820472836494 0.1000820472836494 0.1000820472836494 0.1000820472836494
0.1000927612185478 0.1000927612185478 0.1000927612185478 0.1000927612185478 0.1000927612185478 0.1000927612185478
0.1001099944114685 0.1001099944114685 0.1001099944114685 0.1001099944114685 0.1001099944114685 0.1001099944114685
0.1001594811677933 0.1001594811677933 0.1001594811677933 0.1001594811677933 0.1001594811677933 0.1001594811677933
0.1000123471021652 0.1000123471021652 0.1000123471021652 0.1000123471021652 0.1000123471021652 0.1000123471021652
0.1000742614269257 0.1000742614269257 0.1000742614269257 0.1000742614269257 0.1000742614269257 0.1000742614269257
0.0000000000000000 0.0000000000000000 0.0000000000000000 0.0000000000000000 0.0000000000000000 0.0000000000000000
0.0000000000000000 0.0000000000000000 0.0000000000000000 0.0000000000000000 0.0000000000000000 0.0000000000000000
0.0000000000000000 0.0000000000000000 0.0000000000000000 0.0000000000000000 0.0000000000000000 0.0000000000000000
0.0000000000000000 0.0000000000000000 0.0000000000000000 0.0000000000000000 0.0000000000000000 0.0000000000000000
0.1000950112938881 0.1000950112938881 0.1000950112938881 0.1000950112938881 0.1000950112938881 0.1000950112938881
0.1000376343727112 0.1000376343727112 0.1000376343727112 0.1000376343727112 0.1000376343727112 0.1000376343727112
0.1001853719353676 0.1001853719353676 0.1001853719353676 0.1001853719353676 0.1001853719353676 0.1001853719353676
0.1001925691962242 0.1001925691962242 0.1001925691962242 0.1001925691962242 0.1001925691962242 0.1001925691962242
0.1001168638467789 0.1001168638467789 0.1001168638467789 0.1001168638467789 0.1001168638467789 0.1001168638467789
0.1001011878252029 0.1001011878252029 0.1001011878252029 0.1001011878252029 0.1001011878252029 0.1001011878252029
0.1000805199146271 0.1000805199146271 0.1000805199146271 0.1000805199146271 0.1000805199146271 0.1000805199146271
0.1000502854585648 0.1000502854585648 0.1000502854585648 0.1000502854585648 0.1000502854585648 0.1000502854585648
0.1001092270016670 0.1001092270016670 0.1001092270016670 0.1001092270016670 0.1001092270016670 0.1001092270016670
0.1001133397221565 0.1001133397221565 0.1001133397221565 0.1001133397221565 0.1001133397221565 0.1001133397221565
0.1000175327062607 0.1000175327062607 0.1000175327062607 0.1000175327062607 0.1000175327062607 0.1000175327062607
0.1000368967652321 0.1000368967652321 0.1000368967652321 0.1000368967652321 0.1000368967652321 0.1000368967652321
0.0000000000000000 0.0000000000000000 0.0000000000000000 0.0000000000000000 0.0000000000000000 0.0000000000000000
0.0000000000000000 0.0000000000000000 0.0000000000000000 0.0000000000000000 0.0000000000000000 0.0000000000000000
0.0000000000000000 0.0000000000000000 0.0000000000000000 0.0000000000000000 0.0000000000000000 0.0000000000000000
0.0000000000000000 0.0000000000000000 0.0000000000000000 0.0000000000000000 0.0000000000000000 0.0000000000000000
0.1000398993492126 0.1000398993492126 0.1000398993492126 0.1000398993492126 0.1000398993492126 0.1000398993492126
0.0000000000000000 0.0000000000000000 0.0000000000000000 0.0000000000000000 0.0000000000000000 0.0000000000000000
0.1001056134700775 0.1001056134700775 0.1001056134700775 0.1001056134700775 0.1001056134700775 0.1001056134700775
0.1001094803214073 0.1001094803214073 0.1001094803214073 0.1001094803214073 0.1001094803214073 0.1001094803214073
0.1000495925545692 0.1000495925545692 0.1000495925545692 0.1000495925545692 0.1000495925545692 0.1000495925545692
0.1000314801931381 0.1000314801931381 0.1000314801931381 0.1000314801931381 0.1000314801931381 0.1000314801931381
0.1000254303216934 0.1000254303216934 0.1000254303216934 0.1000254303216934 0.1000254303216934 0.1000254303216934
0.0000000000000000 0.0000000000000000 0.0000000000000000 0.0000000000000000 0.0000000000000000 0.0000000000000000
0.1000528782606125 0.1000528782606125 0.1000528782606125 0.1000528782606125 0.1000528782606125 0.1000528782606125
0.1000429689884186 0.1000429689884186 0.1000429689884186 0.1000429689884186 0.1000429689884186 0.1000429689884186
0.0000000000000000 0.0000000000000000 0.0000000000000000 0.0000000000000000 0.0000000000000000 0.0000000000000000
0.0000000000000000 0.0000000000000000 0.0000000000000000 0.0000000000000000 0.0000000000000000 0.0000000000000000
0.0000000000000000 0.0000000000000000 0.0000000000000000 0.0000000000000000 0.0000000000000000 0.0000000000000000
0.0000000000000000 0.0000000000000000 0.0000000000000000 0.0000000000000000 0.0000000000000000 0.0000000000000000
0.0000000000000000 0.0000000000000000 0.0000000000000000 0.0000000000000000 0.0000000000000000 0.0000000000000000
0.0000000000000000 0.0000000000000000 0.0000000000000000 0.0000000000000000 0.0000000000000000 0.0000000000000000
0.1000439003109932 0.1000439003109932 0.1000439003109932 0.1000439003109932 0.1000439003109932 0.1000439003109932
0.0000000000000000 0.0000000000000000 0.0000000000000000 0.0000000000000000 0.0000000000000000 0.0000000000000000
0.0000000000000000 0.0000000000000000 0.0000000000000000 0.0000000000000000 0.0000000000000000 0.0000000000000000
0.1000007987022400 0.1000007987022400 0.1000007987022400 0.1000007987022400 0.1000007987022400 0.1000007987022400
0.0000000000000000 0.0000000000000000 0.0000000000000000 0.0000000000000000 0.0000000000000000 0.0000000000000000
0.9996445775032043 0.9996445775032043 0.9996445775032043 0.9996445775032043 0
0.9999205470085144 0.9999205470085144 0.9999205470085144 0.9999205470085144 0
0.9999352097511292 0.9999352097511292 0.9999352097511292 0.9999352097511292 0
0.9998289346694946 0.9998289346694946 0.9998289346694946 0.9998289346694946 0
0.9998853802680969 0.9998853802680969 0.9998853802680969 0.9998853802680969 0
0.9998275041580200 0.9998275041580200 0.9998275041580200 0.9998275041580200 0
0.9997870326042175 0.9997870326042175 0.9997870326042175 0.9997870326042175 0
0.9995750188827515 0.9995750188827515 0.9995750188827515 0.9995750188827515 0
0.9998896718025208 0.9998896718025208 0.9998896718025208 0.9998896718025208 0
1.0002624988555908 1.0002624988555908 1.0002624988555908 1.0002624988555908 0
1.0004113912582397 1.0004113912582397 1.0004113912582397 1.0004113912582397 0
1.0002553462982178 1.0002553462982178 1.0002553462982178 1.0002553462982178 0
1.0002901554107666 1.0002901554107666 1.0002901554107666 1.0002901554107666 0
1.0001773834228516 1.0001773834228516 1.0001773834228516 1.0001773834228516 0
1.0000842809677124 1.0000842809677124 1.0000842809677124 1.0000842809677124 0
0.9998254776000977 0.9998254776000977 0.9998254776000977 0.9998254776000977 0
1.0001945495605469 1.0001945495605469 1.0001945495605469 1.0001945495605469 0
1.0008085966110229 1.0008085966110229 1.0008085966110229 1.0008085966110229 0
1.0009901523590088 1.0009901523590088 1.0009901523590088 1.0009901523590088 0
1.0007681846618652 1.0007681846618652 1.0007681846618652 1.0007681846618652 0
1.0007796287536621 1.0007796287536621 1.0007796287536621 1.0007796287536621 0
1.0006632804870605 1.0006632804870605 1.0006632804870605 1.0006632804870605 0
1.0003707408905029 1.0003707408905029 1.0003707408905029 1.0003707408905029 0
1.0001353025436401 1.0001353025436401 1.0001353025436401 1.0001353025436401 0
1.0002130270004272 1.0002130270004272 1.0002130270004272 1.0002130270004272 0
1.0007802248001099 1.0007802248001099 1.0007802248001099 1.0007802248001099 0
1.0009206533432007 1.0009206533432007 1.0009206533432007 1.0009206533432007 0
1.0007189512252808 1.0007189512252808 1.0007189512252808 1.0007189512252808 0
1.0007277727127075 1.0007277727127075 1.0007277727127075 1.0007277727127075 0
1.0006221532821655 1.0006221532821655 1.0006221532821655 1.0006221532821655 0
1.0003570318222046 1.0003570318222046 1.0003570318222046 1.0003570318222046 0
1.0000715255737305 1.0000715255737305 1.0000715255737305 1.0000715255737305 0
1.0001057386398315 1.0001057386398315 1.0001057386398315 1.0001057386398315 0
1.0006386041641235 1.0006386041641235 1.0006386041641235 1.0006386041641235 0
1.0007464885711670 1.0007464885711670 1.0007464885711670 1.0007464885711670 0
1.0005437135696411 1.0005437135696411 1.0005437135696411 1.0005437135696411 0
1.0005688667297363 1.0005688667297363 1.0005688667297363 1.0005688667297363 0
1.0004913806915283 1.0004913806915283 1.0004913806915283 1.0004913806915283 0
1.0002434253692627 1.0002434253692627 1.0002434253692627 1.0002434253692627 0
0.9999335408210754 0.9999335408210754 0.9999335408210754 0.9999335408210754 0
1.0000427961349487 1.0000427961349487 1.0000427961349487 1.0000427961349487 0
1.0005043745040894 1.0005043745040894 1.0005043745040894 1.0005043745040894 0
1.0006344318389893 1.0006344318389893 1.0006344318389893 1.0006344318389893 0
1.0004357099533081 1.0004357099533081 1.0004357099533081 1.0004357099533081 0
1.0004763603210449 1.0004763603210449 1.0004763603210449 1.0004763603210449 0
1.0003697872161865 1.0003697872161865 1.0003697872161865 1.0003697872161865 0
1.0001825094223022 1.0001825094223022 1.0001825094223022 1.0001825094223022 0
0.9999248981475830 0.9999248981475830 0.9999248981475830 0.9999248981475830 0
0.9999687075614929 0.9999687075614929 0.9999687075614929 0.9999687075614929 0
1.0004098415374756 1.0004098415374756 1.0004098415374756 1.0004098415374756 0
1.0005388259887695 1.0005388259887695 1.0005388259887695 1.0005388259887695 0
1.0003607273101807 1.0003607273101807 1.0003607273101807 1.0003607273101807 0
1.0004129409790039 1.0004129409790039 1.0004129409790039 1.0004129409790039 0
1.0003201961517334 1.0003201961517334 1.0003201961517334 1.0003201961517334 0
1.0001190900802612 1.0001190900802612 1.0001190900802612 1.0001190900802612 0
0.9999216198921204 0.9999216198921204 0.9999216198921204 0.9999216198921204 0
0.9996094703674316 0.9996094703674316 0.9996094703674316 0.9996094703674316 0
0.9999172091484070 0.9999172091484070 0.9999172091484070 0.9999172091484070 0
0.9999485611915588 0.9999485611915588 0.9999485611915588 0.9999485611915588 0
0.9998306632041931 0.9998306632041931 0.9998306632041931 0.9998306632041931 0
0.9998625516891479 0.9998625516891479 0.9998625516891479 0.9998625516891479 0
0.9998215436935425 0.9998215436935425 0.9998215436935425 0.9998215436935425 0
0.9997085332870483 0.9997085332870483 0.9997085332870483 0.9997085332870483 0
0.9996322989463806 0.9996322989463806 0.9996322989463806 0.9996322989463806 0
0.0000000000000000 0.0000000000000000 0.0000000000000000 0.0000000000000000 0.0000000000000000 0.0000000000000000
0.0000000000000000 0.0000000000000000 0.0000000000000000 0.0000000000000000 0.0000000000000000 0.0000000000000000
0.0000000000000000 0.0000000000000000 0.0000000000000000 0.0000000000000000 0.0000000000000000 0.0000000000000000
0.0000000000000000 0.0000000000000000 0.0000000000000000 0.0000000000000000 0.0000000000000000 0.0000000000000000
0.0000000000000000 0.0000000000000000 0.0000000000000000 0.0000000000000000 0.0000000000000000 0.0000000000000000
0.0000000000000000 0.0000000000000000 0.0000000000000000 0.0000000000000000 0.0000000000000000 0.0000000000000000
0.0000000000000000 0.0000000000000000 0.0000000000000000 0.0000000000000000 0.0000000000000000 0.0000000000000000
0.0000000000000000 0.0000000000000000 0.0000000000000000 0.0000000000000000 0.0000000000000000 0.0000000000000000
0.0000000000000000 0.0000000000000000 0.0000000000000000 0.0000000000000000 0.0000000000000000 0.0000000000000000
0.0000000000000000 0.0000000000000000 0.0000000000000000 0.0000000000000000 0.0000000000000000 0.0000000000000000
0.0000000000000000 0.0000000000000000 0.0000000000000000 0.0000000000000000 0.0000000000000000 0.0000000000000000
0.0000000000000000 0.0000000000000000 0.0000000000000000 0.0000000000000000 0.0000000000000000 0.0000000000000000
0.0000000000000000 0.0000000000000000 0.0000000000000000 0.0000000000000000 0.0000000000000000 0.0000000000000000
0.0000000000000000 0.0000000000000000 0.0000000000000000 0.0000000000000000 0.0000000000000000 0.0000000000000000
0.0000000000000000 0.0000000000000000 0.0000000000000000 0.0000000000000000 0.0000000000000000 0.0000000000000000
0.0000000000000000 0.0000000000000000 0.0000000000000000 0.0000000000000000 0.0000000000000000 0.0000000000000000
0.0000000000000000 0.0000000000000000 0.0000000000000000 0.0000000000000000 0.0000000000000000 0.0000000000000000
0.0000000000000000 0.0000000000000000 0.0000000000000000 0.0000000000000000 0.0000000000000000 0.0000000000000000
0.0000000000000000 0.0000000000000000 0.0000000000000000 0.0000000000000000 0.0000000000000000 0.0000000000000000
0.0000000000000000 0.0000000000000000 0.0000000000000000 0.0000000000000000 0.0000000000000000 0.0000000000000000
0.0000000000000000 0.0000000000000000 0.0000000000000000 0.0000000000000000 0.0000000000000000 0.0000000000000000
0.0000000000000000 0.0000000000000000 0.0000000000000000 0.0000000000000000 0.0000000000000000 0.0000000000000000
0.0000000000000000 0.0000000000000000 0.0000000000000000 0.0000000000000000 0.0000000000000000 0.0000000000000000
0.0000000000000000 0.0000000000000000 0.0000000000000000 0.0000000000000000 0.0000000000000000 0.0000000000000000
0.1000444293022156 0.1000444293022156 0.1000444293022156 0.1000444293022156 0.1000444293022156 0.1000444293022156
0.0000000000000000 0.0000000000000000 0.0000000000000000 0.0000000000000000 0.0000000000000000 0.0000000000000000
0.1000076159834862 0.1000076159834862 0.1000076159834862 0.1000076159834862 0.1000076159834862 0.1000076159834862
0.1001068055629730 0.1001068055629730 0.1001068055629730 0.1001068055629730 0.1001068055629730 0.1001068055629730
0.1001035273075104 0.1001035273075104 0.1001035273075104 0.1001035273075104 0.1001035273075104 0.1001035273075104
0.1000997945666313 0.1000997945666313 0.1000997945666313 0.1000997945666313 0.1000997945666313 0.1000997945666313
0.1001507639884949 0.1001507639884949 0.1001507639884949 0.1001507639884949 0.1001507639884949 0.1001507639884949
0.1000865027308464 0.1000865027308464 0.1000865027308464 0.1000865027308464 0.1000865027308464 0.1000865027308464
0.1001110896468163 0.1001110896468163 0.1001110896468163 0.1001110896468163 0.1001110896468163 0.1001110896468163
0.1000783964991570 0.1000783964991570 0.1000783964991570 0.1000783964991570 0.1000783964991570 0.1000783964991570
0.1001018062233925 0.1001018062233925 0.1001018062233925 0.1001018062233925 0.1001018062233925 0.1001018062233925
0.1000449433922768 0.1000449433922768 0.1000449433922768 0.1000449433922768 0.1000449433922768 0.1000449433922768
0.1000963672995567 0.1000963672995567 0.1000963672995567 0.1000963672995567 0.1000963672995567 0.1000963672995567
0.0000000000000000 0.0000000000000000 0.0000000000000000 0.0000000000000000 0.0000000000000000 0.0000000000000000
0.1000452190637589 0.1000452190637589 0.1000452190637589 0.1000452190637589 0.1000452190637589 0.1000452190637589
0.0000000000000000 0.0000000000000000 0.0000000000000000 0.0000000000000000 0.0000000000000000 0.0000000000000000
0.1002093628048897 0.1002093628048897 0.1002093628048897 0.1002093628048897 0.1002093628048897 0.1002093628048897
0.1001047864556313 0.1001047864556313 0.1001047864556313 0.1001047864556313 0.1001047864556313 0.1001047864556313
0.1000862866640091 0.1000862866640091 0.1000862866640091 0.1000862866640091 0.1000862866640091 0.1000862866640091
0.1002994477748871 0.1002994477748871 0.1002994477748871 0.1002994477748871 0.1002994477748871 0.1002994477748871
0.1002021655440331 0.1002021655440331 0.1002021655440331 0.1002021655440331 0.1002021655440331 0.1002021655440331
0.1002906411886215 0.1002906411886215 0.1002906411886215 0.1002906411886215 0.1002906411886215 0.1002906411886215
0.1002487242221832 0.1002487242221832 0.1002487242221832 0.1002487242221832 0.1002487242221832 0.1002487242221832
0.1002675071358681 0.1002675071358681 0.1002675071358681 0.1002675071358681 0.1002675071358681 0.1002675071358681
0.1002052277326584 0.1002052277326584 0.1002052277326584 0.1002052277326584 0.1002052277326584 0.1002052277326584
0.1002513542771339 0.1002513542771339 0.1002513542771339 0.1002513542771339 0.1002513542771339 0.1002513542771339
0.1001904085278511 0.1001904085278511 0.1001904085278511 0.1001904085278511 0.1001904085278511 0.1001904085278511
0.1001946777105331 0.1001946777105331 0.1001946777105331 0.1001946777105331 0.1001946777105331 0.1001946777105331
0.1001859977841377 0.1001859977841377 0.1001859977841377 0.1001859977841377 0.1001859977841377 0.1001859977841377
0.1001194491982460 0.1001194491982460 0.1001194491982460 0.1001194491982460 0.1001194491982460 0.1001194491982460
0.1001140773296356 0.1001140773296356 0.1001140773296356 0.1001140773296356 0.1001140773296356 0.1001140773296356
0.1000518649816513 0.1000518649816513 0.1000518649816513 0.1000518649816513 0.1000518649816513 0.1000518649816513
0.1001256555318832 0.1001256555318832 0.1001256555318832 0.1001256555318832 0.1001256555318832 0.1001256555318832
0.1000295579433441 0.1000295579433441 0.1000295579433441 0.1000295579433441 0.1000295579433441 0.1000295579433441
0.1000266820192337 0.1000266820192337 0.1000266820192337 0.1000266820192337 0.1000266820192337 0.1000266820192337
0.1002021878957748 0.1002021878957748 0.1002021878957748 0.1002021878957748 0.1002021878957748 0.1002021878957748
0.1001304388046265 0.1001304388046265 0.1001304388046265 0.1001304388046265 0.1001304388046265 0.1001304388046265
0.1001910567283630 0.1001910567283630 0.1001910567283630 0.1001910567283630 0.1001910567283630 0.1001910567283630
0.1001762524247169 0.1001762524247169 0.1001762524247169 0.1001762524247169 0.1001762524247169 0.1001762524247169
0.1001717224717140 0.1001717224717140 0.1001717224717140 0.1001717224717140 0.1001717224717140 0.1001717224717140
0.1001297533512115 0.1001297533512115 0.1001297533512115 0.1001297533512115 0.1001297533512115 0.1001297533512115
0.1001583784818649 0.1001583784818649 0.1001583784818649 0.1001583784818649 0.1001583784818649 0.1001583784818649
0.1001202240586281 0.1001202240586281 0.1001202240586281 0.1001202240586281 0.1001202240586281 0.1001202240586281
0.1001102253794670 0.1001102253794670 0.1001102253794670 0.1001102253794670 0.1001102253794670 0.1001102253794670
0.1001193374395370 0.1001193374395370 0.1001193374395370 0.1001193374395370 0.1001193374395370 0.1001193374395370
0.1000368520617485 0.1000368520617485 0.1000368520617485 0.1000368520617485 0.1000368520617485 0.1000368520617485
0.1000553146004677 0.1000553146004677 0.1000553146004677 0.1000553146004677 0.1000553146004677 0.1000553146004677
0.0000000000000000 0.0000000000000000 0.0000000000000000 0.0000000000000000 0.0000000000000000 0.0000000000000000
0.1000661402940750 0.1000661402940750 0.1000661402940750 0.1000661402940750 0.1000661402940750 0.1000661402940750
0.0000000000000000 0.0000000000000000 0.0000000000000000 0.0000000000000000 0.0000000000000000 0.0000000000000000
0.0000000000000000 0.0000000000000000 0.0000000000000000 0.0000000000000000 0.0000000000000000 0.0000000000000000
0.1001337468624115 0.1001337468624115 0.1001337468624115 0.1001337468624115 0.1001337468624115 0.1001337468624115
0.1000906676054001 0.1000906676054001 0.1000906676054001 0.1000906676054001 0.1000906676054001 0.1000906676054001
0.1001181900501251 0.1001181900501251 0.1001181900501251 0.1001181900501251 0.1001181900501251 0.1001181900501251
0.1001314371824265 0.1001314371824265 0.1001314371824265 0.1001314371824265 0.1001314371824265 0.1001314371824265
0.1001034229993820 0.1001034229993820 0.1001034229993820 0.1001034229993820 0.1001034229993820 0.1001034229993820
0.1000901535153389 0.1000901535153389 0.1000901535153389 0.1000901535153389 0.1000901535153389 0.1000901535153389
0.1000950038433075 0.1000950038433075 0.1000950038433075 0.1000950038433075 0.1000950038433075 0.1000950038433075
0.1000816226005554 0.1000816226005554 0.1000816226005554 0.1000816226005554 0.1000816226005554 0.1000816226005554
0.1000553295016289 0.1000553295016289 0.1000553295016289 0.1000553295016289 0.1000553295016289 0.1000553295016289
0.1000819653272629 0.1000819653272629 0.1000819653272629 0.1000819653272629 0.1000819653272629 0.1000819653272629
0.0000000000000000 0.0000000000000000 0.0000000000000000 0.0000000000000000 0.0000000000000000 0.0000000000000000
0.1000291705131531 0.1000291705131531 0.1000291705131531 0.1000291705131531 0.1000291705131531 0.1000291705131531
0.0000000000000000 0.0000000000000000 0.0000000000000000 0.0000000000000000 0.0000000000000000 0.0000000000000000
0.1001273021101952 0.1001273021101952 0.1001273021101952 0.1001273021101952 0.1001273021101952 0.1001273021101952
0.1000410616397858 0.1000410616397858 0.1000410616397858 0.1000410616397858 0.1000410616397858 0.1000410616397858
0.1000274643301964 0.1000274643301964 0.1000274643301964 0.1000274643301964 0.1000274643301964 0.1000274643301964
0.1001978963613510 0.1001978963613510 0.1001978963613510 0.1001978963613510 0.1001978963613510 0.1001978963613510
0.1001143828034401 0.1001143828034401 0.1001143828034401 0.1001143828034401 0.1001143828034401 0.1001143828034401
0.1001855880022049 0.1001855880022049 0.1001855880022049 0.1001855880022049 0.1001855880022049 0.1001855880022049
0.1001576706767082 0.1001576706767082 0.1001576706767082 0.1001576706767082 0.1001576706767082 0.1001576706767082
0.1001719683408737 0.1001719683408737 0.1001719683408737 0.1001719683408737 0.1001719683408737 0.1001719683408737
0.1001172587275505 0.1001172587275505 0.1001172587275505 0.1001172587275505 0.1001172587275505 0.1001172587275505
0.1001611724495888 0.1001611724495888 0.1001611724495888 0.1001611724495888 0.1001611724495888 0.1001611724495888
0.1001126021146774 0.1001126021146774 0.1001126021146774 0.1001126021146774 0.1001126021146774 0.1001126021146774
0.1001176089048386 0.1001176089048386 0.1001176089048386 0.1001176089048386 0.1001176089048386 0.1001176089048386
0.1001106426119804 0.1001106426119804 0.1001106426119804 0.1001106426119804 0.1001106426119804 0.1001106426119804
0.1000498086214066 0.1000498086214066 0.1000498086214066 0.1000498086214066 0.1000498086214066 0.1000498086214066
0.1000581979751587 0.1000581979751587 0.1000581979751587 0.1000581979751587 0.1000581979751587 0.1000581979751587
0.1000066399574280 0.1000066399574280 0.1000066399574280 0.1000066399574280 0.1000066399574280 0.1000066399574280
0.1000433340668678 0.1000433340668678 0.1000433340668678 0.1000433340668678 0.1000433340668678 0.1000433340668678
0.0000000000000000 0.0000000000000000 0.0000000000000000 0.0000000000000000 0.0000000000000000 0.0000000000000000
0.0000000000000000 0.0000000000000000 0.0000000000000000 0.0000000000000000 0.0000000000000000 0.0000000000000000
0.1001023501157761 0.1001023501157761 0.1001023501157761 0.1001023501157761 0.1001023501157761 0.1001023501157761
0.1000194698572159 0.1000194698572159 0.1000194698572159 0.1000194698572159 0.1000194698572159 0.1000194698572159
0.1000918149948120 0.1000918149948120 0.1000918149948120 0.1000918149948120 0.1000918149948120 0.1000918149948120
0.1000471934676170 0.1000471934676170 0.1000471934676170 0.1000471934676170 0.1000471934676170 0.1000471934676170
0.1000810787081718 0.1000810787081718 0.1000810787081718 0.1000810787081718 0.1000810787081718 0.1000810787081718
0.1000156402587891 0.1000156402587891 0.1000156402587891 0.1000156402587891 0.1000156402587891 0.1000156402587891
0.1000757887959480 0.1000757887959480 0.1000757887959480 0.1000757887959480 0.1000757887959480 0.1000757887959480
0.1000133082270622 0.1000133082270622 0.1000133082270622 0.1000133082270622 0.1000133082270622 0.1000133082270622
0.1000398397445679 0.1000398397445679 0.1000398397445679 0.1000398397445679 0.1000398397445679 0.1000398397445679
0.1000171899795532 0.1000171899795532 0.1000171899795532 0.1000171899795532 0.1000171899795532 0.1000171899795532
0.0000000000000000 0.0000000000000000 0.0000000000000000 0.0000000000000000 0.0000000000000000 0.0000000000000000
0.0000000000000000 0.0000000000000000 0.0000000000000000 0.0000000000000000 0.0000000000000000 0.0000000000000000
0.0000000000000000 0.0000000000000000 0.0000000000000000 0.0000000000000000 0.0000000000000000 0.0000000000000000
0.0000000000000000 0.0000000000000000 0.0000000000000000 0.0000000000000000 0.0000000000000000 0.0000000000000000
0.0000000000000000 0.0000000000000000 0.0000000000000000 0.0000000000000000 0.0000000000000000 0.0000000000000000
0.0000000000000000 0.0000000000000000 0.0000000000000000 0.0000000000000000 0.0000000000000000 0.0000000000000000
0.0000000000000000 0.0000000000000000 0.0000000000000000 0.0000000000000000 0.0000000000000000 0.0000000000000000
0.0000000000000000 0.0000000000000000 0.0000000000000000 0.0000000000000000 0.0000000000000000 0.0000000000000000
0.0000000000000000 0.0000000000000000 0.0000000000000000 0.0000000000000000 0.0000000000000000 0.0000000000000000
0.0000000000000000 0.0000000000000000 0.0000000000000000 0.0000000000000000 0.0000000000000000 0.0000000000000000
0.0000000000000000 0.0000000000000000 0.0000000000000000 0.0000000000000000 0.0000000000000000 0.0000000000000000
0.9969276785850525 0.9969276785850525 0.9969276785850525 0.9969276785850525 0
0.9989176988601685 0.9989176988601685 0.9989176988601685 0.9989176988601685 0
1.0031615495681763 1.0031615495681763 1.0031615495681763 1.0031615495681763 0
1.0007562637329102 1.0007562637329102 1.0007562637329102 1.0007562637329102 0
0.9988933801651001 0.9988933801651001 0.9988933801651001 0.9988933801651001 0
1.0018125772476196 1.0018125772476196 1.0018125772476196 1.0018125772476196 0
0.9997195005416870 0.9997195005416870 0.9997195005416870 0.9997195005416870 0
0.9991569519042969 0.9991569519042969 0.9991569519042969 0.9991569519042969 0
0.9969168305397034 0.9969168305397034 0.9969168305397034 0.9969168305397034 0
1.0007996559143066 1.0007996559143066 1.0007996559143066 1.0007996559143066 0
1.0040804147720337 1.0040804147720337 1.0040804147720337 1.0040804147720337 0
1.0024237632751465 1.0024237632751465 1.0024237632751465 1.0024237632751465 0
0.9999258518218994 0.9999258518218994 0.9999258518218994 0.9999258518218994 0
1.0033032894134521 1.0033032894134521 1.0033032894134521 1.0033032894134521 0
1.0010265111923218 1.0010265111923218 1.0010265111923218 1.0010265111923218 0
0.9997103214263916 0.9997103214263916 0.9997103214263916 0.9997103214263916 0
0.9972310066223145 0.9972310066223145 0.9972310066223145 0.9972310066223145 0
1.0016274452209473 1.0016274452209473 1.0016274452209473 1.0016274452209473 0
1.0042346715927124 1.0042346715927124 1.0042346715927124 1.0042346715927124 0
1.0030641555786133 1.0030641555786133 1.0030641555786133 1.0030641555786133 0
1.0006178617477417 1.0006178617477417 1.0006178617477417 1.0006178617477417 0
1.0036283731460571 1.0036283731460571 1.0036283731460571 1.0036283731460571 0
1.0016229152679443 1.0016229152679443 1.0016229152679443 1.0016229152679443 0
1.0001616477966309 1.0001616477966309 1.0001616477966309 1.0001616477966309 0
0.9971551895141602 0.9971551895141602 0.9971551895141602 0.9971551895141602 0
1.0007044076919556 1.0007044076919556 1.0007044076919556 1.0007044076919556 0
1.0039565563201904 1.0039565563201904 1.0039565563201904 1.0039565563201904 0
1.0023918151855469 1.0023918151855469 1.0023918151855469 1.0023918151855469 0
0.9998173713684082 0.9998173713684082 0.9998173713684082 0.9998173713684082 0
1.0032898187637329 1.0032898187637329 1.0032898187637329 1.0032898187637329 0
1.0009157657623291 1.0009157657623291 1.0009157657623291 1.0009157657623291 0
0.9995653629302979 0.9995653629302979 0.9995653629302979 0.9995653629302979 0
0.9973051548004150 0.9973051548004150 0.9973051548004150 0.9973051548004150 0
1.0004618167877197 1.0004618167877197 1.0004618167877197 1.0004618167877197 0
1.0038805007934570 1.0038805007934570 1.0038805007934570 1.0038805007934570 0
1.0021322965621948 1.0021322965621948 1.0021322965621948 1.0021322965621948 0
0.9995966553688049 0.9995966553688049 0.9995966553688049 0.9995966553688049 0
1.0032202005386353 1.0032202005386353 1.0032202005386353 1.0032202005386353 0
1.0007472038269043 1.0007472038269043 1.0007472038269043 1.0007472038269043 0
0.9995173215866089 0.9995173215866089 0.9995173215866089 0.9995173215866089 0
0.9970260858535767 0.9970260858535767 0.9970260858535767 0.9970260858535767 0
1.0007255077362061 1.0007255077362061 1.0007255077362061 1.0007255077362061 0
1.0039905309677124 1.0039905309677124 1.0039905309677124 1.0039905309677124 0
1.0023219585418701 1.0023219585418701 1.0023219585418701 1.0023219585418701 0
0.9999735951423645 0.9999735951423645 0.9999735951423645 0.9999735951423645 0
1.0032118558883667 1.0032118558883667 1.0032118558883667 1.0032118558883667 0
1.0011157989501953 1.0011157989501953 1.0011157989501953 1.0011157989501953 0
0.9998516440391541 0.9998516440391541 0.9998516440391541 0.9998516440391541 0
0.9969214200973511 0.9969214200973511 0.9969214200973511 0.9969214200973511 0
0.9992417693138123 0.9992417693138123 0.9992417693138123 0.9992417693138123 0
1.0030996799468994 1.0030996799468994 1.0030996799468994 1.0030996799468994 0
1.0010043382644653 1.0010043382644653 1.0010043382644653 1.0010043382644653 0
0.9992088675498962 0.9992088675498962 0.9992088675498962 0.9992088675498962 0
1.0020880699157715 1.0020880699157715 1.0020880699157715 1.0020880699157715 0
1.0000441074371338 1.0000441074371338 1.0000441074371338 1.0000441074371338 0
0.9993500709533691 0.9993500709533691 0.9993500709533691 0.9993500709533691 0
0.9974040985107422 0.9974040985107422 0.9974040985107422 0.9974040985107422 0
0.9991208314895630 0.9991208314895630 0.9991208314895630 0.9991208314895630 0
1.0021560192108154 1.0021560192108154 1.0021560192108154 1.0021560192108154 0
0.9995769262313843 0.9995769262313843 0.9995769262313843 0.9995769262313843 0
0.9986041784286499 0.9986041784286499 0.9986041784286499 0.9986041784286499 0
1.0012917518615723 1.0012917518615723 1.0012917518615723 1.0012917518615723 0
0.9989442825317383 0.9989442825317383 0.9989442825317383 0.9989442825317383 0
0.9990528821945190 0.9990528821945190 0.9990528821945190 0.9990528821945190 0
0.0000000000000000 0.0000000000000000 0.0000000000000000 0.0000000000000000 0.0000000000000000 0.0000000000000000
0.0000000000000000 0.0000000000000000 0.0000000000000000 0.0000000000000000 0.0000000000000000 0.0000000000000000
0.0000000000000000 0.0000000000000000 0.0000000000000000 0.0000000000000000 0.0000000000000000 0.0000000000000000
0.0000000000000000 0.0000000000000000 0.0000000000000000 0.0000000000000000 0.0000000000000000 0.0000000000000000
0.1003639996051788 0.1003639996051788 0.1003639996051788 0.1003639996051788 0.1003639996051788 0.1003639996051788
0.0000000000000000 0.0000000000000000 0.0000000000000000 0.0000000000000000 0.0000000000000000 0.0000000000000000
0.0000000000000000 0.0000000000000000 0.0000000000000000 0.0000000000000000 0.0000000000000000 0.0000000000000000
0.1002705916762352 0.1002705916762352 0.1002705916762352 0.1002705916762352 0.1002705916762352 0.1002705916762352
0.1003952845931053 0.1003952845931053 0.1003952845931053 0.1003952845931053 0.1003952845931053 0.1003952845931053
0.1003105789422989 0.1003105789422989 0.1003105789422989 0.1003105789422989 0.1003105789422989 0.1003105789422989
0.0000000000000000 0.0000000000000000 0.0000000000000000 0.0000000000000000 0.0000000000000000 0.0000000000000000
0.1001891568303108 0.1001891568303108 0.1001891568303108 0.1001891568303108 0.1001891568303108 0.1001891568303108
0.1001060307025909 0.1001060307025909 0.1001060307025909 0.1001060307025909 0.1001060307025909 0.1001060307025909
0.1002509146928787 0.1002509146928787 0.1002509146928787 0.1002509146928787 0.1002509146928787 0.1002509146928787
0.0000000000000000 0.0000000000000000 0.0000000000000000 0.0000000000000000 0.0000000000000000 0.0000000000000000
0.0000000000000000 0.0000000000000000 0.0000000000000000 0.0000000000000000 0.0000000000000000 0.0000000000000000
0.1000401526689529 0.1000401526689529 0.1000401526689529 0.1000401526689529 0.1000401526689529 0.1000401526689529
0.1001919358968735 0.1001919358968735 0.1001919358968735 0.1001919358968735 0.1001919358968735 0.1001919358968735
0.1001625210046768 0.1001625210046768 0.1001625210046768 0.1001625210046768 0.1001625210046768 0.1001625210046768
0.0000000000000000 0.0000000000000000 0.0000000000000000 0.0000000000000000 0.0000000000000000 0.0000000000000000
0.1000390946865082 0.1000390946865082 0.1000390946865082 0.1000390946865082 0.1000390946865082 0.1000390946865082
0.0000000000000000 0.0000000000000000 0.0000000000000000 0.0000000000000000 0.0000000000000000 0.0000000000000000
0.0000000000000000 0.0000000000000000 0.0000000000000000 0.0000000000000000 0.0000000000000000 0.0000000000000000
0.0000000000000000 0.0000000000000000 0.0000000000000000 0.0000000000000000 0.0000000000000000 0.0000000000000000
0.0000000000000000 0.0000000000000000 0.0000000000000000 0.0000000000000000 0.0000000000000000 0.0000000000000000
0.0000000000000000 0.0000000000000000 0.0000000000000000 0.0000000000000000 0.0000000000000000 0.0000000000000000
0.0000000000000000 0.0000000000000000 0.0000000000000000 0.0000000000000000 0.0000000000000000 0.0000000000000000
0.1007410734891891 0.1007410734891891 0.1007410734891891 0.1007410734891891 0.1007410734891891 0.1007410734891891
0.0000000000000000 0.0000000000000000 0.0000000000000000 0.0000000000000000 0.0000000000000000 0.0000000000000000
0.1006095036864281 0.1006095036864281 0.1006095036864281 0.1006095036864281 0.1006095036864281 0.1006095036864281
0.1005703285336494 0.1005703285336494 0.1005703285336494 0.1005703285336494 0.1005703285336494 0.1005703285336494
0.1002111956477165 0.1002111956477165 0.1002111956477165 0.1002111956477165 0.1002111956477165 0.1002111956477165
0.1003475561738014 0.1003475561738014 0.1003475561738014 0.1003475561738014 0.1003475561738014 0.1003475561738014
0.1005367636680603 0.1005367636680603 0.1005367636680603 0.1005367636680603 0.1005367636680603 0.1005367636680603
0.0000000000000000 0.0000000000000000 0.0000000000000000 0.0000000000000000 0.0000000000000000 0.0000000000000000
0.1003114506602287 0.1003114506602287 0.1003114506602287 0.1003114506602287 0.1003114506602287 0.1003114506602287
0.1003607437014580 0.1003607437014580 0.1003607437014580 0.1003607437014580 0.1003607437014580 0.1003607437014580
0.1000986844301224 0.1000986844301224 0.1000986844301224 0.1000986844301224 0.1000986844301224 0.1000986844301224
0.1001652106642723 0.1001652106642723 0.1001652106642723 0.1001652106642723 0.1001652106642723 0.1001652106642723
0.0000000000000000 0.0000000000000000 0.0000000000000000 0.0000000000000000 0.0000000000000000 0.0000000000000000
0.0000000000000000 0.0000000000000000 0.0000000000000000 0.0000000000000000 0.0000000000000000 0.0000000000000000
0.0000000000000000 0.0000000000000000 0.0000000000000000 0.0000000000000000 0.0000000000000000 0.0000000000000000
0.0000000000000000 0.0000000000000000 0.0000000000000000 0.0000000000000000 0.0000000000000000 0.0000000000000000
0.1008490622043610 0.1008490622043610 0.1008490622043610 0.1008490622043610 0.1008490622043610 0.1008490622043610
0.0000000000000000 0.0000000000000000 0.0000000000000000 0.0000000000000000 0.0000000000000000 0.0000000000000000
0.1007011830806732 0.1007011830806732 0.1007011830806732 0.1007011830806732 0.1007011830806732 0.1007011830806732
0.1006369292736053 0.1006369292736053 0.1006369292736053 0.1006369292736053 0.1006369292736053 0.1006369292736053
0.1002977862954140 0.1002977862954140 0.1002977862954140 0.1002977862954140 0.1002977862954140 0.1002977862954140
0.1004182174801826 0.1004182174801826 0.1004182174801826 0.1004182174801826 0.1004182174801826 0.1004182174801826
0.1006209552288055 0.1006209552288055 0.1006209552288055 0.1006209552288055 0.1006209552288055 0.1006209552288055
0.0000000000000000 0.0000000000000000 0.0000000000000000 0.0000000000000000 0.0000000000000000 0.0000000000000000
0.1003805547952652 0.1003805547952652 0.1003805547952652 0.1003805547952652 0.1003805547952652 0.1003805547952652
0.1004218682646751 0.1004218682646751 0.1004218682646751 0.1004218682646751 0.1004218682646751 0.1004218682646751
0.1001395955681801 0.1001395955681801 0.1001395955681801 0.1001395955681801 0.1001395955681801 0.1001395955681801
0.1002188548445702 0.1002188548445702 0.1002188548445702 0.1002188548445702 0.1002188548445702 0.1002188548445702
0.0000000000000000 0.0000000000000000 0.0000000000000000 0.0000000000000000 0.0000000000000000 0.0000000000000000
0.0000000000000000 0.0000000000000000 0.0000000000000000 0.0000000000000000 0.0000000000000000 0.0000000000000000
0.0000000000000000 0.0000000000000000 0.0000000000000000 0.0000000000000000 0.0000000000000000 0.0000000000000000
0.0000000000000000 0.0000000000000000 0.0000000000000000 0.0000000000000000 0.0000000000000000 0.0000000000000000
0.1007113978266716 0.1007113978266716 0.1007113978266716 0.1007113978266716 0.1007113978266716 0.1007113978266716
0.0000000000000000 0.0000000000000000 0.0000000000000000 0.0000000000000000 0.0000000000000000 0.0000000000000000
0.1005733385682106 0.1005733385682106 0.1005733385682106 0.1005733385682106 0.1005733385682106 0.1005733385682106
0.1005507260560989 0.1005507260560989 0.1005507260560989 0.1005507260560989 0.1005507260560989 0.1005507260560989
0.1001746952533722 0.1001746952533722 0.1001746952533722 0.1001746952533722 0.1001746952533722 0.1001746952533722
0.1003341227769852 0.1003341227769852 0.1003341227769852 0.1003341227769852 0.1003341227769852 0.1003341227769852
0.1004960983991623 0.1004960983991623 0.1004960983991623 0.1004960983991623 0.1004960983991623 0.1004960983991623
0.0000000000000000 0.0000000000000000 0.0000000000000000 0.0000000000000000 0.0000000000000000 0.0000000000000000
0.1002677530050278 0.1002677530050278 0.1002677530050278 0.1002677530050278 0.1002677530050278 0.1002677530050278
0.1003474891185760 0.1003474891185760 0.1003474891185760 0.1003474891185760 0.1003474891185760 0.1003474891185760
0.1000482514500618 0.1000482514500618 0.1000482514500618 0.1000482514500618 0.1000482514500618 0.1000482514500618
0.1001420170068741 0.1001420170068741 0.1001420170068741 0.1001420170068741 0.1001420170068741 0.1001420170068741
0.0000000000000000 0.0000000000000000 0.0000000000000000 0.0000000000000000 0.0000000000000000 0.0000000000000000
0.0000000000000000 0.0000000000000000 0.0000000000000000 0.0000000000000000 0.0000000000000000 0.0000000000000000
0.0000000000000000 0.0000000000000000 0.0000000000000000 0.0000000000000000 0.0000000000000000 0.0000000000000000
0.0000000000000000 0.0000000000000000 0.0000000000000000 0.0000000000000000 0.0000000000000000 0.0000000000000000
0.1006835326552391 0.1006835326552391 0.1006835326552391 0.1006835326552391 0.1006835326552391 0.1006835326552391
0.0000000000000000 0.0000000000000000 0.0000000000000000 0.0000000000000000 0.0000000000000000 0.0000000000000000
0.1005474850535393 0.1005474850535393 0.1005474850535393 0.1005474850535393 0.1005474850535393 0.1005474850535393
0.1005089730024338 0.1005089730024338 0.1005089730024338 0.1005089730024338 0.1005089730024338 0.1005089730024338
0.1001602932810783 0.1001602932810783 0.1001602932810783 0.1001602932810783 0.1001602932810783 0.1001602932810783
0.1002867296338081 0.1002867296338081 0.1002867296338081 0.1002867296338081 0.1002867296338081 0.1002867296338081
0.1004759669303894 0.1004759669303894 0.1004759669303894 0.1004759669303894 0.1004759669303894 0.1004759669303894
0.0000000000000000 0.0000000000000000 0.0000000000000000 0.0000000000000000 0.0000000000000000 0.0000000000000000
0.1002597585320473 0.1002597585320473 0.1002597585320473 0.1002597585320473 0.1002597585320473 0.1002597585320473
0.1003005132079124 0.1003005132079124 0.1003005132079124 0.1003005132079124 0.1003005132079124 0.1003005132079124
0.1000496298074722 0.1000496298074722 0.1000496298074722 0.1000496298074722 0.1000496298074722 0.1000496298074722
0.1001164615154266 0.1001164615154266 0.1001164615154266 0.1001164615154266 0.1001164615154266 0.1001164615154266
0.0000000000000000 0.0000000000000000 0.0000000000000000 0.0000000000000000 0.0000000000000000 0.0000000000000000
0.0000000000000000 0.0000000000000000 0.0000000000000000 0.0000000000000000 0.0000000000000000 0.0000000000000000
0.0000000000000000 0.0000000000000000 0.0000000000000000 0.0000000000000000 0.0000000000000000 0.0000000000000000
0.0000000000000000 0.0000000000000000 0.0000000000000000 0.0000000000000000 0.0000000000000000 0.0000000000000000
0.1006672605872154 0.1006672605872154 0.1006672605872154 0.1006672605872154 0.1006672605872154 0.1006672605872154
0.0000000000000000 0.0000000000000000 0.0000000000000000 0.0000000000000000 0.0000000000000000 0.0000000000000000
0.1005380824208260 0.1005380824208260 0.1005380824208260 0.1005380824208260 0.1005380824208260 0.1005380824208260
0.1004531159996986 0.1004531159996986 0.1004531159996986 0.1004531159996986 0.1004531159996986 0.1004531159996986
0.1001624166965485 0.1001624166965485 0.1001624166965485 0.1001624166965485 0.1001624166965485 0.1001624166965485
0.1002582982182503 0.1002582982182503 0.1002582982182503 0.1002582982182503 0.1002582982182503 0.1002582982182503
0.1004744693636894 0.1004744693636894 0.1004744693636894 0.1004744693636894 0.1004744693636894 0.1004744693636894
0.0000000000000000 0.0000000000000000 0.0000000000000000 0.0000000000000000 0.0000000000000000 0.0000000000000000
0.1002797260880470 0.1002797260880470 0.1002797260880470 0.1002797260880470 0.1002797260880470 0.1002797260880470
0.1002636179327965 0.1002636179327965 0.1002636179327965 0.1002636179327965 0.1002636179327965 0.1002636179327965
0.1000772491097450 0.1000772491097450 0.1000772491097450 0.1000772491097450 0.1000772491097450 0.1000772491097450
0.1001106128096581 0.1001106128096581 0.1001106128096581 0.1001106128096581 0.1001106128096581 0.1001106128096581
0.0000000000000000 0.0000000000000000 0.0000000000000000 0.0000000000000000 0.0000000000000000 0.0000000000000000
0.0000000000000000 0.0000000000000000 0.0000000000000000 0.0000000000000000 0.0000000000000000 0.0000000000000000
0.0000000000000000 0.0000000000000000 0.0000000000000000 0.0000000000000000 0.0000000000000000 0.0000000000000000
0.0000000000000000 0.0000000000000000 0.0000000000000000 0.0000000000000000 0.0000000000000000 0.0000000000000000
0.1003894507884979 0.1003894507884979 0.1003894507884979 0.1003894507884979 0.1003894507884979 0.1003894507884979
0.0000000000000000 0.0000000000000000 0.0000000000000000 0.0000000000000000 0.0000000000000000 0.0000000000000000
0.1002811640501022 0.1002811640501022 0.1002811640501022 0.1002811640501022 0.1002811640501022 0.1002811640501022
0.1002881303429604 0.1002881303429604 0.1002881303429604 0.1002881303429604 0.1002881303429604 0.1002881303429604
0.1000040620565414 0.1000040620565414 0.1000040620565414 0.1000040620565414 0.1000040620565414 0.1000040620565414
0.1000889092683792 0.1000889092683792 0.1000889092683792 0.1000889092683792 0.1000889092683792 0.1000889092683792
0.1002690121531487 0.1002690121531487 0.1002690121531487 0.1002690121531487 0.1002690121531487 0.1002690121531487
0.0000000000000000 0.0000000000000000 0.0000000000000000 0.0000000000000000 0.0000000000000000 0.0000000000000000
0.1000777930021286 0.1000777930021286 0.1000777930021286 0.1000777930021286 0.1000777930021286 0.1000777930021286
0.1001546084880829 0.1001546084880829 0.1001546084880829 0.1001546084880829 0.1001546084880829 0.1001546084880829
0.0000000000000000 0.0000000000000000 0.0000000000000000 0.0000000000000000 0.0000000000000000 0.0000000000000000
0.0000000000000000 0.0000000000000000 0.0000000000000000 0.0000000000000000 0.0000000000000000 0.0000000000000000
0.0000000000000000 0.0000000000000000 0.0000000000000000 0.0000000000000000 0.0000000000000000 0.0000000000000000
0.0000000000000000 0.0000000000000000 0.0000000000000000 0.0000000000000000 0.0000000000000000 0.0000000000000000
0.0000000000000000 0.0000000000000000 0.0000000000000000 0.0000000000000000 0.0000000000000000 0.0000000000000000
0.1002565473318100 0.1002565473318100 0.1002565473318100 0.1002565473318100 0.1002565473318100 0.1002565473318100
0.1000647321343422 0.1000647321343422 0.1000647321343422 0.1000647321343422 0.1000647321343422 0.1000647321343422
0.0000000000000000 0.0000000000000000 0.0000000000000000 0.0000000000000000 0.0000000000000000 0.0000000000000000
0.1000874266028404 0.1000874266028404 0.1000874266028404 0.1000874266028404 0.1000874266028404 0.1000874266028404
0.0000000000000000 0.0000000000000000 0.0000000000000000 0.0000000000000000 0.0000000000000000 0.0000000000000000
0.0000000000000000 0.0000000000000000 0.0000000000000000 0.0000000000000000 0.0000000000000000 0.0000000000000000
0.9969430565834045 0.9969430565834045 0.9969430565834045 0.9969430565834045 0
0.9968277812004089 0.9968277812004089 0.9968277812004089 0.9968277812004089 0
0.9972042441368103 0.9972042441368103 0.9972042441368103 0.9972042441368103 0
0.9969841837882996 0.9969841837882996 0.9969841837882996 0.9969841837882996 0
0.9972916841506958 0.9972916841506958 0.9972916841506958 0.9972916841506958 0
0.9971754550933838 0.9971754550933838 0.9971754550933838 0.9971754550933838 0
0.9972156286239624 0.9972156286239624 0.9972156286239624 0.9972156286239624 0
0.9973493218421936 0.9973493218421936 0.9973493218421936 0.9973493218421936 0
0.9989069104194641 0.9989069104194641 0.9989069104194641 0.9989069104194641 0
1.0007613897323608 1.0007613897323608 1.0007613897323608 1.0007613897323608 0
1.0014789104461670 1.0014789104461670 1.0014789104461670 1.0014789104461670 0
1.0005902051925659 1.0005902051925659 1.0005902051925659 1.0005902051925659 0
1.0004681348800659 1.0004681348800659 1.0004681348800659 1.0004681348800659 0
1.0007420778274536 1.0007420778274536 1.0007420778274536 1.0007420778274536 0
0.9994352459907532 0.9994352459907532 0.9994352459907532 0.9994352459907532 0
0.9992123246192932 0.9992123246192932 0.9992123246192932 0.9992123246192932 0
1.0032289028167725 1.0032289028167725 1.0032289028167725 1.0032289028167725 0
1.0039453506469727 1.0039453506469727 1.0039453506469727 1.0039453506469727 0
1.0042870044708252 1.0042870044708252 1.0042870044708252 1.0042870044708252 0
1.0039703845977783 1.0039703845977783 1.0039703845977783 1.0039703845977783 0
1.0037438869476318 1.0037438869476318 1.0037438869476318 1.0037438869476318 0
1.0039403438568115 1.0039403438568115 1.0039403438568115 1.0039403438568115 0
1.0032465457916260 1.0032465457916260 1.0032465457916260 1.0032465457916260 0
1.0021947622299194 1.0021947622299194 1.0021947622299194 1.0021947622299194 0
1.0009539127349854 1.0009539127349854 1.0009539127349854 1.0009539127349854 0
1.0024681091308594 1.0024681091308594 1.0024681091308594 1.0024681091308594 0
1.0029590129852295 1.0029590129852295 1.0029590129852295 1.0029590129852295 0
1.0023516416549683 1.0023516416549683 1.0023516416549683 1.0023516416549683 0
1.0020812749862671 1.0020812749862671 1.0020812749862671 1.0020812749862671 0
1.0023957490921021 1.0023957490921021 1.0023957490921021 1.0023957490921021 0
1.0010819435119629 1.0010819435119629 1.0010819435119629 1.0010819435119629 0
0.9999244213104248 0.9999244213104248 0.9999244213104248 0.9999244213104248 0
0.9989836812019348 0.9989836812019348 0.9989836812019348 0.9989836812019348 0
0.9999887943267822 0.9999887943267822 0.9999887943267822 0.9999887943267822 0
1.0006026029586792 1.0006026029586792 1.0006026029586792 1.0006026029586792 0
0.9997955560684204 0.9997955560684204 0.9997955560684204 0.9997955560684204 0
0.9995622634887695 0.9995622634887695 0.9995622634887695 0.9995622634887695 0
0.9999774098396301 0.9999774098396301 0.9999774098396301 0.9999774098396301 0
0.9992955327033997 0.9992955327033997 0.9992955327033997 0.9992955327033997 0
0.9987046122550964 0.9987046122550964 0.9987046122550964 0.9987046122550964 0
1.0020284652709961 1.0020284652709961 1.0020284652709961 1.0020284652709961 0
1.0032849311828613 1.0032849311828613 1.0032849311828613 1.0032849311828613 0
1.0036350488662720 1.0036350488662720 1.0036350488662720 1.0036350488662720 0
1.0031920671463013 1.0031920671463013 1.0031920671463013 1.0031920671463013 0
1.0031578540802002 1.0031578540802002 1.0031578540802002 1.0031578540802002 0
1.0034081935882568 1.0034081935882568 1.0034081935882568 1.0034081935882568 0
1.0022215843200684 1.0022215843200684 1.0022215843200684 1.0022215843200684 0
1.0012935400009155 1.0012935400009155 1.0012935400009155 1.0012935400009155 0
0.9996880292892456 0.9996880292892456 0.9996880292892456 0.9996880292892456 0
1.0010113716125488 1.0010113716125488 1.0010113716125488 1.0010113716125488 0
1.0016028881072998 1.0016028881072998 1.0016028881072998 1.0016028881072998 0
1.0008705854415894 1.0008705854415894 1.0008705854415894 1.0008705854415894 0
1.0006970167160034 1.0006970167160034 1.0006970167160034 1.0006970167160034 0
1.0011138916015625 1.0011138916015625 1.0011138916015625 1.0011138916015625 0
1.0001018047332764 1.0001018047332764 1.0001018047332764 1.0001018047332764 0
0.9988397359848022 0.9988397359848022 0.9988397359848022 0.9988397359848022 0
0.9992431998252869 0.9992431998252869 0.9992431998252869 0.9992431998252869 0
0.9997102618217468 0.9997102618217468 0.9997102618217468 0.9997102618217468 0
1.0001188516616821 1.0001188516616821 1.0001188516616821 1.0001188516616821 0
0.9996066093444824 0.9996066093444824 0.9996066093444824 0.9996066093444824 0
0.9995421171188354 0.9995421171188354 0.9995421171188354 0.9995421171188354 0
0.9998257756233215 0.9998257756233215 0.9998257756233215 0.9998257756233215 0
0.9993593692779541 0.9993593692779541 0.9993593692779541 0.9993593692779541 0
0.9988641142845154 0.9988641142845154 0.9988641142845154 0.9988641142845154 0
0.0000000000000000 0.0000000000000000 0.0000000000000000 0.0000000000000000 0.0000000000000000 0.0000000000000000
0.0000000000000000 0.0000000000000000 0.0000000000000000 0.0000000000000000 0.0000000000000000 0.0000000000000000
0.0000000000000000 0.0000000000000000 0.0000000000000000 0.0000000000000000 0.0000000000000000 0.0000000000000000
0.0000000000000000 0.0000000000000000 0.0000000000000000 0.0000000000000000 0.0000000000000000 0.0000000000000000
0.0000000000000000 0.0000000000000000 0.0000000000000000 0.0000000000000000 0.0000000000000000 0.0000000000000000
0.0000000000000000 0.0000000000000000 0.0000000000000000 0.0000000000000000 0.0000000000000000 0.0000000000000000
0.0000000000000000 0.0000000000000000 0.0000000000000000 0.0000000000000000 0.0000000000000000 0.0000000000000000
0.0000000000000000 0.0000000000000000 0.0000000000000000 0.0000000000000000 0.0000000000000000 0.0000000000000000
0.0000000000000000 0.0000000000000000 0.0000000000000000 0.0000000000000000 0.0000000000000000 0.0000000000000000
0.0000000000000000 0.0000000000000000 0.0000000000000000 0.0000000000000000 0.0000000000000000 0.0000000000000000
0.0000000000000000 0.0000000000000000 0.0000000000000000 0.0000000000000000 0.0000000000000000 0.0000000000000000
0.0000000000000000 0.0000000000000000 0.0000000000000000 0.0000000000000000 0.0000000000000000 0.0000000000000000
0.0000000000000000 0.0000000000000000 0.0000000000000000 0.0000000000000000 0.0000000000000000 0.0000000000000000
0.0000000000000000 0.0000000000000000 0.0000000000000000 0.0000000000000000 0.0000000000000000 0.0000000000000000
0.0000000000000000 0.0000000000000000 0.0000000000000000 0.0000000000000000 0.0000000000000000 0.0000000000000000
0.0000000000000000 0.0000000000000000 0.0000000000000000 0.0000000000000000 0.0000000000000000 0.0000000000000000
0.0000000000000000 0.0000000000000000 0.0000000000000000 0.0000000000000000 0.0000000000000000 0.0000000000000000
0.0000000000000000 0.0000000000000000 0.0000000000000000 0.0000000000000000 0.0000000000000000 0.0000000000000000
0.0000000000000000 0.0000000000000000 0.0000000000000000 0.0000000000000000 0.0000000000000000 0.0000000000000000
0.0000000000000000 0.0000000000000000 0.0000000000000000 0.0000000000000000 0.0000000000000000 0.0000000000000000
0.0000000000000000 0.0000000000000000 0.0000000000000000 0.0000000000000000 0.0000000000000000 0.0000000000000000
0.0000000000000000 0.0000000000000000 0.0000000000000000 0.0000000000000000 0.0000000000000000 0.0000000000000000
0.0000000000000000 0.0000000000000000 0.0000000000000000 0.0000000000000000 0.0000000000000000 0.0000000000000000
0.0000000000000000 0.0000000000000000 0.0000000000000000 0.0000000000000000 0.0000000000000000 0.0000000000000000
0.0000000000000000 0.0000000000000000 0.0000000000000000 0.0000000000000000 0.0000000000000000 0.0000000000000000
0.0000000000000000 0.0000000000000000 0.0000000000000000 0.0000000000000000 0.0000000000000000 0.0000000000000000
0.1003667414188385 0.1003667414188385 0.1003667414188385 0.1003667414188385 0.1003667414188385 0.1003667414188385
0.0000000000000000 0.0000000000000000 0.0000000000000000 0.0000000000000000 0.0000000000000000 0.0000000000000000
0.1007491797208786 0.1007491797208786 0.1007491797208786 0.1007491797208786 0.1007491797208786 0.1007491797208786
0.0000000000000000 0.0000000000000000 0.0000000000000000 0.0000000000000000 0.0000000000000000 0.0000000000000000
0.1008345037698746 0.1008345037698746 0.1008345037698746 0.1008345037698746 0.1008345037698746 0.1008345037698746
0.0000000000000000 0.0000000000000000 0.0000000000000000 0.0000000000000000 0.0000000000000000 0.0000000000000000
0.1006849408149719 0.1006849408149719 0.1006849408149719 0.1006849408149719 0.1006849408149719 0.1006849408149719
0.0000000000000000 0.0000000000000000 0.0000000000000000 0.0000000000000000 0.0000000000000000 0.0000000000000000
0.1006632372736931 0.1006632372736931 0.1006632372736931 0.1006632372736931 0.1006632372736931 0.1006632372736931
0.0000000000000000 0.0000000000000000 0.0000000000000000 0.0000000000000000 0.0000000000000000 0.0000000000000000
0.1006662026047707 0.1006662026047707 0.1006662026047707 0.1006662026047707 0.1006662026047707 0.1006662026047707
0.0000000000000000 0.0000000000000000 0.0000000000000000 0.0000000000000000 0.0000000000000000 0.0000000000000000
0.1004210785031319 0.1004210785031319 0.1004210785031319 0.1004210785031319 0.1004210785031319 0.1004210785031319
0.1002854630351067 0.1002854630351067 0.1002854630351067 0.1002854630351067 0.1002854630351067 0.1002854630351067
0.1003871858119965 0.1003871858119965 0.1003871858119965 0.1003871858119965 0.1003871858119965 0.1003871858119965
0.1002847328782082 0.1002847328782082 0.1002847328782082 0.1002847328782082 0.1002847328782082 0.1002847328782082
0.1002927124500275 0.1002927124500275 0.1002927124500275 0.1002927124500275 0.1002927124500275 0.1002927124500275
0.1005630716681480 0.1005630716681480 0.1005630716681480 0.1005630716681480 0.1005630716681480 0.1005630716681480
0.1006102785468102 0.1006102785468102 0.1006102785468102 0.1006102785468102 0.1006102785468102 0.1006102785468102
0.1006266474723816 0.1006266474723816 0.1006266474723816 0.1006266474723816 0.1006266474723816 0.1006266474723816
0.1006918549537659 0.1006918549537659 0.1006918549537659 0.1006918549537659 0.1006918549537659 0.1006918549537659
0.1005261018872261 0.1005261018872261 0.1005261018872261 0.1005261018872261 0.1005261018872261 0.1005261018872261
0.1005581766366959 0.1005581766366959 0.1005581766366959 0.1005581766366959 0.1005581766366959 0.1005581766366959
0.1004723459482193 0.1004723459482193 0.1004723459482193 0.1004723459482193 0.1004723459482193 0.1004723459482193
0.1005315780639648 0.1005315780639648 0.1005315780639648 0.1005315780639648 0.1005315780639648 0.1005315780639648
0.1004577055573463 0.1004577055573463 0.1004577055573463 0.1004577055573463 0.1004577055573463 0.1004577055573463
0.1005389243364334 0.1005389243364334 0.1005389243364334 0.1005389243364334 0.1005389243364334 0.1005389243364334
0.1002811715006828 0.1002811715006828 0.1002811715006828 0.1002811715006828 0.1002811715006828 0.1002811715006828
0.1003079935908318 0.1003079935908318 0.1003079935908318 0.1003079935908318 0.1003079935908318 0.1003079935908318
0.1000921130180359 0.1000921130180359 0.1000921130180359 0.1000921130180359 0.1000921130180359 0.1000921130180359
0.1002084016799927 0.1002084016799927 0.1002084016799927 0.1002084016799927 0.1002084016799927 0.1002084016799927
0.1001233533024788 0.1001233533024788 0.1001233533024788 0.1001233533024788 0.1001233533024788 0.1001233533024788
0.1000019162893295 0.1000019162893295 0.1000019162893295 0.1000019162893295 0.1000019162893295 0.1000019162893295
0.1003468483686447 0.1003468483686447 0.1003468483686447 0.1003468483686447 0.1003468483686447 0.1003468483686447
0.1002310886979103 0.1002310886979103 0.1002310886979103 0.1002310886979103 0.1002310886979103 0.1002310886979103
0.1004068776965141 0.1004068776965141 0.1004068776965141 0.1004068776965141 0.1004068776965141 0.1004068776965141
0.1002921536564827 0.1002921536564827 0.1002921536564827 0.1002921536564827 0.1002921536564827 0.1002921536564827
0.1003251299262047 0.1003251299262047 0.1003251299262047 0.1003251299262047 0.1003251299262047 0.1003251299262047
0.1001702621579170 0.1001702621579170 0.1001702621579170 0.1001702621579170 0.1001702621579170 0.1001702621579170
0.1002799198031425 0.1002799198031425 0.1002799198031425 0.1002799198031425 0.1002799198031425 0.1002799198031425
0.1001551300287247 0.1001551300287247 0.1001551300287247 0.1001551300287247 0.1001551300287247 0.1001551300287247
0.1002758219838142 0.1002758219838142 0.1002758219838142 0.1002758219838142 0.1002758219838142 0.1002758219838142
0.1001739054918289 0.1001739054918289 0.1001739054918289 0.1001739054918289 0.1001739054918289 0.1001739054918289
0.1001085415482521 0.1001085415482521 0.1001085415482521 0.1001085415482521 0.1001085415482521 0.1001085415482521
0.1000162512063980 0.1000162512063980 0.1000162512063980 0.1000162512063980 0.1000162512063980 0.1000162512063980
0.0000000000000000 0.0000000000000000 0.0000000000000000 0.0000000000000000 0.0000000000000000 0.0000000000000000
0.0000000000000000 0.0000000000000000 0.0000000000000000 0.0000000000000000 0.0000000000000000 0.0000000000000000
0.0000000000000000 0.0000000000000000 0.0000000000000000 0.0000000000000000 0.0000000000000000 0.0000000000000000
0.1002771705389023 0.1002771705389023 0.1002771705389023 0.1002771705389023 0.1002771705389023 0.1002771705389023
0.0000000000000000 0.0000000000000000 0.0000000000000000 0.0000000000000000 0.0000000000000000 0.0000000000000000
0.1005409955978394 0.1005409955978394 0.1005409955978394 0.1005409955978394 0.1005409955978394 0.1005409955978394
0.0000000000000000 0.0000000000000000 0.0000000000000000 0.0000000000000000 0.0000000000000000 0.0000000000000000
0.1006088852882385 0.1006088852882385 0.1006088852882385 0.1006088852882385 0.1006088852882385 0.1006088852882385
0.0000000000000000 0.0000000000000000 0.0000000000000000 0.0000000000000000 0.0000000000000000 0.0000000000000000
0.1004909127950668 0.1004909127950668 0.1004909127950668 0.1004909127950668 0.1004909127950668 0.1004909127950668
0.0000000000000000 0.0000000000000000 0.0000000000000000 0.0000000000000000 0.0000000000000000 0.0000000000000000
0.1004780977964401 0.1004780977964401 0.1004780977964401 0.1004780977964401 0.1004780977964401 0.1004780977964401
0.0000000000000000 0.0000000000000000 0.0000000000000000 0.0000000000000000 0.0000000000000000 0.0000000000000000
0.1004834026098251 0.1004834026098251 0.1004834026098251 0.1004834026098251 0.1004834026098251 0.1004834026098251
0.0000000000000000 0.0000000000000000 0.0000000000000000 0.0000000000000000 0.0000000000000000 0.0000000000000000
0.1002934277057648 0.1002934277057648 0.1002934277057648 0.1002934277057648 0.1002934277057648 0.1002934277057648
0.1001043096184731 0.1001043096184731 0.1001043096184731 0.1001043096184731 0.1001043096184731 0.1001043096184731
0.1002057269215584 0.1002057269215584 0.1002057269215584 0.1002057269215584 0.1002057269215584 0.1002057269215584
0.1001788228750229 0.1001788228750229 0.1001788228750229 0.1001788228750229 0.1001788228750229 0.1001788228750229
0.1000652313232422 0.1000652313232422 0.1000652313232422 0.1000652313232422 0.1000652313232422 0.1000652313232422
0.1003631353378296 0.1003631353378296 0.1003631353378296 0.1003631353378296 0.1003631353378296 0.1003631353378296
0.1003117412328720 0.1003117412328720 0.1003117412328720 0.1003117412328720 0.1003117412328720 0.1003117412328720
0.1004113107919693 0.1004113107919693 0.1004113107919693 0.1004113107919693 0.1004113107919693 0.1004113107919693
0.1003765463829041 0.1003765463829041 0.1003765463829041 0.1003765463829041 0.1003765463829041 0.1003765463829041
0.1003391146659851 0.1003391146659851 0.1003391146659851 0.1003391146659851 0.1003391146659851 0.1003391146659851
0.1002528294920921 0.1002528294920921 0.1002528294920921 0.1002528294920921 0.1002528294920921 0.1002528294920921
0.1003109589219093 0.1003109589219093 0.1003109589219093 0.1003109589219093 0.1003109589219093 0.1003109589219093
0.1002553701400757 0.1002553701400757 0.1002553701400757 0.1002553701400757 0.1002553701400757 0.1002553701400757
0.1002823784947395 0.1002823784947395 0.1002823784947395 0.1002823784947395 0.1002823784947395 0.1002823784947395
0.1002855822443962 0.1002855822443962 0.1002855822443962 0.1002855822443962 0.1002855822443962 0.1002855822443962
0.1001640856266022 0.1001640856266022 0.1001640856266022 0.1001640856266022 0.1001640856266022 0.1001640856266022
0.1000891625881195 0.1000891625881195 0.1000891625881195 0.1000891625881195 0.1000891625881195 0.1000891625881195
0.0000000000000000 0.0000000000000000 0.0000000000000000 0.0000000000000000 0.0000000000000000 0.0000000000000000
0.1000414863228798 0.1000414863228798 0.1000414863228798 0.1000414863228798 0.1000414863228798 0.1000414863228798
0.0000000000000000 0.0000000000000000 0.0000000000000000 0.0000000000000000 0.0000000000000000 0.0000000000000000
0.0000000000000000 0.0000000000000000 0.0000000000000000 0.0000000000000000 0.0000000000000000 0.0000000000000000
0.1001623570919037 0.1001623570919037 0.1001623570919037 0.1001623570919037 0.1001623570919037 0.1001623570919037
0.1000946387648582 0.1000946387648582 0.1000946387648582 0.1000946387648582 0.1000946387648582 0.1000946387648582
0.1002125218510628 0.1002125218510628 0.1002125218510628 0.1002125218510628 0.1002125218510628 0.1002125218510628
0.1001315489411354 0.1001315489411354 0.1001315489411354 0.1001315489411354 0.1001315489411354 0.1001315489411354
0.1001464128494263 0.1001464128494263 0.1001464128494263 0.1001464128494263 0.1001464128494263 0.1001464128494263
0.1000442355871201 0.1000442355871201 0.1000442355871201 0.1000442355871201 0.1000442355871201 0.1000442355871201
0.1001158878207207 0.1001158878207207 0.1001158878207207 0.1001158878207207 0.1001158878207207 0.1001158878207207
0.1000574529170990 0.1000574529170990 0.1000574529170990 0.1000574529170990 0.1000574529170990 0.1000574529170990
0.1001276820898056 0.1001276820898056 0.1001276820898056 0.1001276820898056 0.1001276820898056 0.1001276820898056
0.1000739112496376 0.1000739112496376 0.1000739112496376 0.1000739112496376 0.1000739112496376 0.1000739112496376
0.0000000000000000 0.0000000000000000 0.0000000000000000 0.0000000000000000 0.0000000000000000 0.0000000000000000
0.0000000000000000 0.0000000000000000 0.0000000000000000 0.0000000000000000 0.0000000000000000 0.0000000000000000
0.0000000000000000 0.0000000000000000 0.0000000000000000 0.0000000000000000 0.0000000000000000 0.0000000000000000
0.0000000000000000 0.0000000000000000 0.0000000000000000 0.0000000000000000 0.0000000000000000 0.0000000000000000
0.0000000000000000 0.0000000000000000 0.0000000000000000 0.0000000000000000 0.0000000000000000 0.0000000000000000
0.0000000000000000 0.0000000000000000 0.0000000000000000 0.0000000000000000 0.0000000000000000 0.0000000000000000
0.0000000000000000 0.0000000000000000 0.0000000000000000 0.0000000000000000 0.0000000000000000 0.0000000000000000
0.0000000000000000 0.0000000000000000 0.0000000000000000 0.0000000000000000 0.0000000000000000 0.0000000000000000
0.0000000000000000 0.0000000000000000 0.0000000000000000 0.0000000000000000 0.0000000000000000 0.0000000000000000
0.0000000000000000 0.0000000000000000 0.0000000000000000 0.0000000000000000 0.0000000000000000 0.0000000000000000
0.0000000000000000 0.0000000000000000 0.0000000000000000 0.0000000000000000 0.0000000000000000 0.0000000000000000
1.0000000000000000 1.0000000000000000 1.0000000000000000 1.0000000000000000 0
1.0000000000000000 1.0000000000000000 1.0000000000000000 1.0000000000000000 0
1.0000000000000000 1.0000000000000000 1.0000000000000000 1.0000000000000000 0
1.0000000000000000 1.0000000000000000 1.0000000000000000 1.0000000000000000 0
1.0000000000000000 1.0000000000000000 1.0000000000000000 1.0000000000000000 0
1.0000000000000000 1.0000000000000000 1.0000000000000000 1.0000000000000000 0
1.0000000000000000 1.0000000000000000 1.0000000000000000 1.0000000000000000 0
1.0000000000000000 1.0000000000000000 1.0000000000000000 1.0000000000000000 0
1.0000000000000000 1.0000000000000000 1.0000000000000000 1.0000000000000000 0
1.0000000000000000 1.0000000000000000 1.0000000000000000 1.0000000000000000 0
1.0000000000000000 1.0000000000000000 1.0000000000000000 1.0000000000000000 0
1.0000000000000000 1.0000000000000000 1.0000000000000000 1.0000000000000000 0
1.0000000000000000 1.0000000000000000 1.0000000000000000 1.0000000000000000 0
1.0000000000000000 1.0000000000000000 1.0000000000000000 1.0000000000000000 0
1.0000000000000000 1.0000000000000000 1.0000000000000000 1.0000000000000000 0
1.0000000000000000 1.0000000000000000 1.0000000000000000 1.0000000000000000 0
1.0000000000000000 1.0000000000000000 1.0000000000000000 1.0000000000000000 0
1.0000000000000000 1.0000000000000000 1.0000000000000000 1.0000000000000000 0
1.0000000000000000 1.0000000000000000 1.0000000000000000 1.0000000000000000 0
1.0000001192092896 1.0000001192092896 1.0000001192092896 1.0000001192092896 0
1.0000001192092896 1.0000001192092896 1.0000001192092896 1.0000001192092896 0
1.0000000000000000 1.0000000000000000 1.0000000000000000 1.0000000000000000 0
1.0000000000000000 1.0000000000000000 1.0000000000000000 1.0000000000000000 0
1.0000000000000000 1.0000000000000000 1.0000000000000000 1.0000000000000000 0
1.0000000000000000 1.0000000000000000 1.0000000000000000 1.0000000000000000 0
1.0000000000000000 1.0000000000000000 1.0000000000000000 1.0000000000000000 0
1.0000000000000000 1.0000000000000000 1.0000000000000000 1.0000000000000000 0
1.0000001192092896 1.0000001192092896 1.0000001192092896 1.0000001192092896 0
1.0000001192092896 1.0000001192092896 1.0000001192092896 1.0000001192092896 0
1.0000001192092896 1.0000001192092896 1.0000001192092896 1.0000001192092896 0
1.0000000000000000 1.0000000000000000 1.0000000000000000 1.0000000000000000 0
1.0000000000000000 1.0000000000000000 1.0000000000000000 1.0000000000000000 0
1.0000000000000000 1.0000000000000000 1.0000000000000000 1.0000000000000000 0
1.0000000000000000 1.0000000000000000 1.0000000000000000 1.0000000000000000 0
1.0000000000000000 1.0000000000000000 1.0000000000000000 1.0000000000000000 0
1.0000001192092896 1.0000001192092896 1.0000001192092896 1.0000001192092896 0
1.0000001192092896 1.0000001192092896 1.0000001192092896 1.0000001192092896 0
1.0000000000000000 1.0000000000000000 1.0000000000000000 1.0000000000000000 0
1.0000000000000000 1.0000000000000000 1.0000000000000000 1.0000000000000000 0
1.0000000000000000 1.0000000000000000 1.0000000000000000 1.0000000000000000 0
1.0000000000000000 1.0000000000000000 1.0000000000000000 1.0000000000000000 0
1.0000000000000000 1.0000000000000000 1.0000000000000000 1.0000000000000000 0
1.0000000000000000 1.0000000000000000 1.0000000000000000 1.0000000000000000 0
1.0000000000000000 1.0000000000000000 1.0000000000000000 1.0000000000000000 0
1.0000000000000000 1.0000000000000000 1.0000000000000000 1.0000000000000000 0
1.0000000000000000 1.0000000000000000 1.0000000000000000 1.0000000000000000 0
1.0000000000000000 1.0000000000000000 1.0000000000000000 1.0000000000000000 0
1.0000000000000000 1.0000000000000000 1.0000000000000000 1.0000000000000000 0
1.0000000000000000 1.0000000000000000 1.0000000000000000 1.0000000000000000 0
1.0000000000000000 1.0000000000000000 1.0000000000000000 1.0000000000000000 0
1.0000000000000000 1.0000000000000000 1.0000000000000000 1.0000000000000000 0
1.0000000000000000 1.0000000000000000 1.0000000000000000 1.0000000000000000 0
1.0000000000000000 1.0000000000000000 1.0000000000000000 1.0000000000000000 0
1.0000000000000000 1.0000000000000000 1.0000000000000000 1.0000000000000000 0
1.0000000000000000 1.0000000000000000 1.0000000000000000 1.0000000000000000 0
1.0000000000000000 1.0000000000000000 1.0000000000000000 1.0000000000000000 0
1.0000000000000000 1.0000000000000000 1.0000000000000000 1.0000000000000000 0
1.0000000000000000 1.0000000000000000 1.0000000000000000 1.0000000000000000 0
1.0000000000000000 1.0000000000000000 1.0000000000000000 1.0000000000000000 0
1.0000000000000000 1.0000000000000000 1.0000000000000000 1.0000000000000000 0
1.0000000000000000 1.0000000000000000 1.0000000000000000 1.0000000000000000 0
1.0000000000000000 1.0000000000000000 1.0000000000000000 1.0000000000000000 0
1.0000000000000000 1.0000000000000000 1.0000000000000000 1.0000000000000000 0
1.0000000000000000 1.0000000000000000 1.0000000000000000 1.0000000000000000 0
0.0000000000000000 0.0000000000000000 0.0000000000000000 0.0000000000000000 0.0000000000000000 0.0000000000000000
0.0000000000000000 0.0000000000000000 0.0000000000000000 0.0000000000000000 0.0000000000000000 0.0000000000000000
0.0000000000000000 0.0000000000000000 0.0000000000000000 0.0000000000000000 0.0000000000000000 0.0000000000000000
0.0000000000000000 0.0000000000000000 0.0000000000000000 0.0000000000000000 0.0000000000000000 0.0000000000000000
0.0000000000000000 0.0000000000000000 0.0000000000000000 0.0000000000000000 0.0000000000000000 0.0000000000000000
0.0000000000000000 0.0000000000000000 0.0000000000000000 0.0000000000000000 0.0000000000000000 0.0000000000000000
0.0000000000000000 0.0000000000000000 0.0000000000000000 0.0000000000000000 0.0000000000000000 0.0000000000000000
0.1000000089406967 0.1000000089406967 0.1000000089406967 0.1000000089406967 0.1000000089406967 0.1000000089406967
0.1000000089406967 0.1000000089406967 0.1000000089406967 0.1000000089406967 0.1000000089406967 0.1000000089406967
0.1000000089406967 0.1000000089406967 0.1000000089406967 0.1000000089406967 0.1000000089406967 0.1000000089406967
0.1000000089406967 0.1000000089406967 0.1000000089406967 0.1000000089406967 0.1000000089406967 0.1000000089406967
0.1000000089406967 0.1000000089406967 0.1000000089406967 0.1000000089406967 0.1000000089406967 0.1000000089406967
0.1000000089406967 0.1000000089406967 0.1000000089406967 0.1000000089406967 0.1000000089406967 0.1000000089406967
0.1000000089406967 0.1000000089406967 0.1000000089406967 0.1000000089406967 0.1000000089406967 0.1000000089406967
0.1000000089406967 0.1000000089406967 0.1000000089406967 0.1000000089406967 0.1000000089406967 0.1000000089406967
0.1000000089406967 0.1000000089406967 0.1000000089406967 0.1000000089406967 0.1000000089406967 0.1000000089406967
0.0000000000000000 0.0000000000000000 0.0000000000000000 0.0000000000000000 0.0000000000000000 0.0000000000000000
0.1000000089406967 0.1000000089406967 0.1000000089406967 0.1000000089406967 0.1000000089406967 0.1000000089406967
0.1000000089406967 0.1000000089406967 0.1000000089406967 0.1000000089406967 0.1000000089406967 0.1000000089406967
0.0000000000000000 0.0000000000000000 0.0000000000000000 0.0000000000000000 0.0000000000000000 0.0000000000000000
0.0000000000000000 0.0000000000000000 0.0000000000000000 0.0000000000000000 0.0000000000000000 0.0000000000000000
0.0000000000000000 0.0000000000000000 0.0000000000000000 0.0000000000000000 0.0000000000000000 0.0000000000000000
0.0000000000000000 0.0000000000000000 0.0000000000000000 0.0000000000000000 0.0000000000000000 0.0000000000000000
0.0000000000000000 0.0000000000000000 0.0000000000000000 0.0000000000000000 0.0000000000000000 0.0000000000000000
0.0000000000000000 0.0000000000000000 0.0000000000000000 0.0000000000000000 0.0000000000000000 0.0000000000000000
0.0000000000000000 0.0000000000000000 0.0000000000000000 0.0000000000000000 0.0000000000000000 0.0000000000000000
0.0000000000000000 0.0000000000000000 0.0000000000000000 0.0000000000000000 0.0000000000000000 0.0000000000000000
0.1000000089406967 0.1000000089406967 0.1000000089406967 0.1000000089406967 0.1000000089406967 0.1000000089406967
0.1000000089406967 0.1000000089406967 0.1000000089406967 0.1000000089406967 0.1000000089406967 0.1000000089406967
0.1000000089406967 0.1000000089406967 0.1000000089406967 0.1000000089406967 0.1000000089406967 0.1000000089406967
0.1000000089406967 0.1000000089406967 0.1000000089406967 0.1000000089406967 0.1000000089406967 0.1000000089406967
0.1000000163912773 0.1000000163912773 0.1000000163912773 0.1000000163912773 0.1000000163912773 0.1000000163912773
0.1000000163912773 0.1000000163912773 0.1000000163912773 0.1000000163912773 0.1000000163912773 0.1000000163912773
0.1000000089406967 0.1000000089406967 0.1000000089406967 0.1000000089406967 0.1000000089406967 0.1000000089406967
0.1000000163912773 0.1000000163912773 0.1000000163912773 0.1000000163912773 0.1000000163912773 0.1000000163912773
0.1000000089406967 0.1000000089406967 0.1000000089406967 0.1000000089406967 0.1000000089406967 0.1000000089406967
0.1000000089406967 0.1000000089406967 0.1000000089406967 0.1000000089406967 0.1000000089406967 0.1000000089406967
0.0000000000000000 0.0000000000000000 0.0000000000000000 0.0000000000000000 0.0000000000000000 0.0000000000000000
0.1000000089406967 0.1000000089406967 0.1000000089406967 0.1000000089406967 0.1000000089406967 0.1000000089406967
0.0000000000000000 0.0000000000000000 0.0000000000000000 0.0000000000000000 0.0000000000000000 0.0000000000000000
0.1000000089406967 0.1000000089406967 0.1000000089406967 0.1000000089406967 0.1000000089406967 0.1000000089406967
0.1000000089406967 0.1000000089406967 0.1000000089406967 0.1000000089406967 0.1000000089406967 0.1000000089406967
0.1000000089406967 0.1000000089406967 0.1000000089406967 0.1000000089406967 0.1000000089406967 0.1000000089406967
0.1000000089406967 0.1000000089406967 0.1000000089406967 0.1000000089406967 0.1000000089406967 0.1000000089406967
0.1000000089406967 0.1000000089406967 0.1000000089406967 0.1000000089406967 0.1000000089406967 0.1000000089406967
0.1000000163912773 0.1000000163912773 0.1000000163912773 0.1000000163912773 0.1000000163912773 0.1000000163912773
0.1000000163912773 0.1000000163912773 0.1000000163912773 0.1000000163912773 0.1000000163912773 0.1000000163912773
0.1000000163912773 0.1000000163912773 0.1000000163912773 0.1000000163912773 0.1000000163912773 0.1000000163912773
0.1000000163912773 0.1000000163912773 0.1000000163912773 0.1000000163912773 0.1000000163912773 0.1000000163912773
0.1000000163912773 0.1000000163912773 0.1000000163912773 0.1000000163912773 0.1000000163912773 0.1000000163912773
0.1000000163912773 0.1000000163912773 0.1000000163912773 0.1000000163912773 0.1000000163912773 0.1000000163912773
0.1000000089406967 0.1000000089406967 0.1000000089406967 0.1000000089406967 0.1000000089406967 0.1000000089406967
0.1000000163912773 0.1000000163912773 0.1000000163912773 0.1000000163912773 0.1000000163912773 0.1000000163912773
0.1000000089406967 0.1000000089406967 0.1000000089406967 0.1000000089406967 0.1000000089406967 0.1000000089406967
0.1000000089406967 0.1000000089406967 0.1000000089406967 0.1000000089406967 0.1000000089406967 0.1000000089406967
0.1000000089406967 0.1000000089406967 0.1000000089406967 0.1000000089406967 0.1000000089406967 0.1000000089406967
0.1000000089406967 0.1000000089406967 0.1000000089406967 0.1000000089406967 0.1000000089406967 0.1000000089406967
0.1000000089406967 0.1000000089406967 0.1000000089406967 0.1000000089406967 0.1000000089406967 0.1000000089406967
0.1000000089406967 0.1000000089406967 0.1000000089406967 0.1000000089406967 0.1000000089406967 0.1000000089406967
0.1000000089406967 0.1000000089406967 0.1000000089406967 0.1000000089406967 0.1000000089406967 0.1000000089406967
0.1000000089406967 0.1000000089406967 0.1000000089406967 0.1000000089406967 0.1000000089406967 0.1000000089406967
0.1000000163912773 0.1000000163912773 0.1000000163912773 0.1000000163912773 0.1000000163912773 0.1000000163912773
0.1000000089406967 0.1000000089406967 0.1000000089406967 0.1000000089406967 0.1000000089406967 0.1000000089406967
0.1000000238418579 0.1000000238418579 0.1000000238418579 0.1000000238418579 0.1000000238418579 0.1000000238418579
0.1000000163912773 0.1000000163912773 0.1000000163912773 0.1000000163912773 0.1000000163912773 0.1000000163912773
0.1000000163912773 0.1000000163912773 0.1000000163912773 0.1000000163912773 0.1000000163912773 0.1000000163912773
0.1000000238418579 0.1000000238418579 0.1000000238418579 0.1000000238418579 0.1000000238418579 0.1000000238418579
0.1000000163912773 0.1000000163912773 0.1000000163912773 0.1000000163912773 0.1000000163912773 0.1000000163912773
0.1000000163912773 0.1000000163912773 0.1000000163912773 0.1000000163912773 0.1000000163912773 0.1000000163912773
0.1000000089406967 0.1000000089406967 0.1000000089406967 0.1000000089406967 0.1000000089406967 0.1000000089406967
0.1000000089406967 0.1000000089406967 0.1000000089406967 0.1000000089406967 0.1000000089406967 0.1000000089406967
0.1000000089406967 0.1000000089406967 0.1000000089406967 0.1000000089406967 0.1000000089406967 0.1000000089406967
0.1000000089406967 0.1000000089406967 0.1000000089406967 0.1000000089406967 0.1000000089406967 0.1000000089406967
0.1000000089406967 0.1000000089406967 0.1000000089406967 0.1000000089406967 0.1000000089406967 0.1000000089406967
0.0000000000000000 0.0000000000000000 0.0000000000000000 0.0000000000000000 0.0000000000000000 0.0000000000000000
0.1000000089406967 0.1000000089406967 0.1000000089406967 0.1000000089406967 0.1000000089406967 0.1000000089406967
0.1000000089406967 0.1000000089406967 0.1000000089406967 0.1000000089406967 0.1000000089406967 0.1000000089406967
0.1000000163912773 0.1000000163912773 0.1000000163912773 0.1000000163912773 0.1000000163912773 0.1000000163912773
0.1000000089406967 0.1000000089406967 0.1000000089406967 0.1000000089406967 0.1000000089406967 0.1000000089406967
0.1000000163912773 0.1000000163912773 0.1000000163912773 0.1000000163912773 0.1000000163912773 0.1000000163912773
0.1000000163912773 0.1000000163912773 0.1000000163912773 0.1000000163912773 0.1000000163912773 0.1000000163912773
0.1000000163912773 0.1000000163912773 0.1000000163912773 0.1000000163912773 0.1000000163912773 0.1000000163912773
0.1000000163912773 0.1000000163912773 0.1000000163912773 0.1000000163912773 0.1000000163912773 0.1000000163912773
0.1000000089406967 0.1000000089406967 0.1000000089406967 0.1000000089406967 0.1000000089406967 0.1000000089406967
0.1000000089406967 0.1000000089406967 0.1000000089406967 0.1000000089406967 0.1000000089406967 0.1000000089406967
0.1000000089406967 0.1000000089406967 0.1000000089406967 0.1000000089406967 0.1000000089406967 0.1000000089406967
0.1000000089406967 0.1000000089406967 0.1000000089406967 0.1000000089406967 0.1000000089406967 0.1000000089406967
0.0000000000000000 0.0000000000000000 0.0000000000000000 0.0000000000000000 0.0000000000000000 0.0000000000000000
0.0000000000000000 0.0000000000000000 0.0000000000000000 0.0000000000000000 0.0000000000000000 0.0000000000000000
0.0000000000000000 0.0000000000000000 0.0000000000000000 0.0000000000000000 0.0000000000000000 0.0000000000000000
0.0000000000000000 0.0000000000000000 0.0000000000000000 0.0000000000000000 0.0000000000000000 0.0000000000000000
0.0000000000000000 0.0000000000000000 0.0000000000000000 0.0000000000000000 0.0000000000000000 0.0000000000000000
0.0000000000000000 0.0000000000000000 0.0000000000000000 0.0000000000000000 0.0000000000000000 0.0000000000000000
0.1000000089406967 0.1000000089406967 0.1000000089406967 0.1000000089406967 0.1000000089406967 0.1000000089406967
0.0000000000000000 0.0000000000000000 0.0000000000000000 0.0000000000000000 0.0000000000000000 0.0000000000000000
0.1000000089406967 0.1000000089406967 0.1000000089406967 0.1000000089406967 0.1000000089406967 0.1000000089406967
0.1000000089406967 0.1000000089406967 0.1000000089406967 0.1000000089406967 0.1000000089406967 0.1000000089406967
0.1000000089406967 0.1000000089406967 0.1000000089406967 0.1000000089406967 0.1000000089406967 0.1000000089406967
0.1000000089406967 0.1000000089406967 0.1000000089406967 0.1000000089406967 0.1000000089406967 0.1000000089406967
0.1000000089406967 0.1000000089406967 0.1000000089406967 0.1000000089406967 0.1000000089406967 0.1000000089406967
0.1000000089406967 0.1000000089406967 0.1000000089406967 0.1000000089406967 0.1000000089406967 0.1000000089406967
0.0000000000000000 0.0000000000000000 0.0000000000000000 0.0000000000000000 0.0000000000000000 0.0000000000000000
0.0000000000000000 0.0000000000000000 0.0000000000000000 0.0000000000000000 0.0000000000000000 0.0000000000000000
0.0000000000000000 0.0000000000000000 0.0000000000000000 0.0000000000000000 0.0000000000000000 0.0000000000000000
0.0000000000000000 0.0000000000000000 0.0000000000000000 0.0000000000000000 0.0000000000000000 0.0000000000000000
0.0000000000000000 0.0000000000000000 0.0000000000000000 0.0000000000000000 0.0000000000000000 0.0000000000000000
0.0000000000000000 0.0000000000000000 0.0000000000000000 0.0000000000000000 0.0000000000000000 0.0000000000000000
0.0000000000000000 0.0000000000000000 0.0000000000000000 0.0000000000000000 0.0000000000000000 0.0000000000000000
0.0000000000000000 0.0000000000000000 0.0000000000000000 0.0000000000000000 0.0000000000000000 0.0000000000000000
0.0000000000000000 0.0000000000000000 0.0000000000000000 0.0000000000000000 0.0000000000000000 0.0000000000000000
0.0000000000000000 0.0000000000000000 0.0000000000000000 0.0000000000000000 0.0000000000000000 0.0000000000000000
0.1000000089406967 0.1000000089406967 0.1000000089406967 0.1000000089406967 0.1000000089406967 0.1000000089406967
0.1000000089406967 0.1000000089406967 0.1000000089406967 0.1000000089406967 0.1000000089406967 0.1000000089406967
0.1000000089406967 0.1000000089406967 0.1000000089406967 0.1000000089406967 0.1000000089406967 0.1000000089406967
0.1000000089406967 0.1000000089406967 0.1000000089406967 0.1000000089406967 0.1000000089406967 0.1000000089406967
0.0000000000000000 0.0000000000000000 0.0000000000000000 0.0000000000000000 0.0000000000000000 0.0000000000000000
0.1000000089406967 0.1000000089406967 0.1000000089406967 0.1000000089406967 0.1000000089406967 0.1000000089406967
0.0000000000000000 0.0000000000000000 0.0000000000000000 0.0000000000000000 0.0000000000000000 0.0000000000000000
0.0000000000000000 0.0000000000000000 0.0000000000000000 0.0000000000000000 0.0000000000000000 0.0000000000000000
0.0000000000000000 0.0000000000000000 0.0000000000000000 0.0000000000000000 0.0000000000000000 0.0000000000000000
0.0000000000000000 0.0000000000000000 0.0000000000000000 0.0000000000000000 0.0000000000000000 0.0000000000000000
0.0000000000000000 0.0000000000000000 0.0000000000000000 0.0000000000000000 0.0000000000000000 0.0000000000000000
0.0000000000000000 0.0000000000000000 0.0000000000000000 0.0000000000000000 0.0000000000000000 0.0000000000000000
0.0000000000000000 0.0000000000000000 0.0000000000000000 0.0000000000000000 0.0000000000000000 0.0000000000000000
0.1000000089406967 0.1000000089406967 0.1000000089406967 0.1000000089406967 0.1000000089406967 0.1000000089406967
0.0000000000000000 0.0000000000000000 0.0000000000000000 0.0000000000000000 0.0000000000000000 0.0000000000000000
0.0000000000000000 0.0000000000000000 0.0000000000000000 0.0000000000000000 0.0000000000000000 0.0000000000000000
0.0000000000000000 0.0000000000000000 0.0000000000000000 0.0000000000000000 0.0000000000000000 0.0000000000000000
1.0000000000000000 1.0000000000000000 1.0000000000000000 1.0000000000000000 0
1.0000000000000000 1.0000000000000000 1.0000000000000000 1.0000000000000000 0
1.0000000000000000 1.0000000000000000 1.0000000000000000 1.0000000000000000 0
1.0000000000000000 1.0000000000000000 1.0000000000000000 1.0000000000000000 0
1.0000000000000000 1.0000000000000000 1.0000000000000000 1.0000000000000000 0
1.0000000000000000 1.0000000000000000 1.0000000000000000 1.0000000000000000 0
1.0000000000000000 1.0000000000000000 1.0000000000000000 1.0000000000000000 0
1.0000000000000000 1.0000000000000000 1.0000000000000000 1.0000000000000000 0
1.0000000000000000 1.0000000000000000 1.0000000000000000 1.0000000000000000 0
1.0000000000000000 1.0000000000000000 1.0000000000000000 1.0000000000000000 0
1.0000000000000000 1.0000000000000000 1.0000000000000000 1.0000000000000000 0
1.0000000000000000 1.0000000000000000 1.0000000000000000 1.0000000000000000 0
1.0000000000000000 1.0000000000000000 1.0000000000000000 1.0000000000000000 0
1.0000000000000000 1.0000000000000000 1.0000000000000000 1.0000000000000000 0
1.0000000000000000 1.0000000000000000 1.0000000000000000 1.0000000000000000 0
1.0000000000000000 1.0000000000000000 1.0000000000000000 1.0000000000000000 0
1.0000000000000000 1.0000000000000000 1.0000000000000000 1.0000000000000000 0
1.0000000000000000 1.0000000000000000 1.0000000000000000 1.0000000000000000 0
1.0000000000000000 1.0000000000000000 1.0000000000000000 1.0000000000000000 0
1.0000000000000000 1.0000000000000000 1.0000000000000000 1.0000000000000000 0
1.0000000000000000 1.0000000000000000 1.0000000000000000 1.0000000000000000 0
1.0000000000000000 1.0000000000000000 1.0000000000000000 1.0000000000000000 0
1.0000000000000000 1.0000000000000000 1.0000000000000000 1.0000000000000000 0
1.0000000000000000 1.0000000000000000 1.0000000000000000 1.0000000000000000 0
1.0000000000000000 1.0000000000000000 1.0000000000000000 1.0000000000000000 0
1.0000000000000000 1.0000000000000000 1.0000000000000000 1.0000000000000000 0
1.0000000000000000 1.0000000000000000 1.0000000000000000 1.0000000000000000 0
1.0000001192092896 1.0000001192092896 1.0000001192092896 1.0000001192092896 0
1.0000001192092896 1.0000001192092896 1.0000001192092896 1.0000001192092896 0
1.0000000000000000 1.0000000000000000 1.0000000000000000 1.0000000000000000 0
1.0000000000000000 1.0000000000000000 1.0000000000000000 1.0000000000000000 0
1.0000000000000000 1.0000000000000000 1.0000000000000000 1.0000000000000000 0
1.0000000000000000 1.0000000000000000 1.0000000000000000 1.0000000000000000 0
1.0000000000000000 1.0000000000000000 1.0000000000000000 1.0000000000000000 0
1.0000000000000000 1.0000000000000000 1.0000000000000000 1.0000000000000000 0
1.0000001192092896 1.0000001192092896 1.0000001192092896 1.0000001192092896 0
1.0000001192092896 1.0000001192092896 1.0000001192092896 1.0000001192092896 0
1.0000000000000000 1.0000000000000000 1.0000000000000000 1.0000000000000000 0
1.0000000000000000 1.0000000000000000 1.0000000000000000 1.0000000000000000 0
1.0000000000000000 1.0000000000000000 1.0000000000000000 1.0000000000000000 0
1.0000000000000000 1.0000000000000000 1.0000000000000000 1.0000000000000000 0
1.0000000000000000 1.0000000000000000 1.0000000000000000 1.0000000000000000 0
1.0000000000000000 1.0000000000000000 1.0000000000000000 1.0000000000000000 0
1.0000000000000000 1.0000000000000000 1.0000000000000000 1.0000000000000000 0
1.0000000000000000 1.0000000000000000 1.0000000000000000 1.0000000000000000 0
1.0000000000000000 1.0000000000000000 1.0000000000000000 1.0000000000000000 0
1.0000000000000000 1.0000000000000000 1.0000000000000000 1.0000000000000000 0
1.0000000000000000 1.0000000000000000 1.0000000000000000 1.0000000000000000 0
1.0000000000000000 1.0000000000000000 1.0000000000000000 1.0000000000000000 0
1.0000000000000000 1.0000000000000000 1.0000000000000000 1.0000000000000000 0
1.0000000000000000 1.0000000000000000 1.0000000000000000 1.0000000000000000 0
1.0000000000000000 1.0000000000000000 1.0000000000000000 1.0000000000000000 0
1.0000000000000000 1.0000000000000000 1.0000000000000000 1.0000000000000000 0
1.0000000000000000 1.0000000000000000 1.0000000000000000 1.0000000000000000 0
1.0000000000000000 1.0000000000000000 1.0000000000000000 1.0000000000000000 0
1.0000000000000000 1.0000000000000000 1.0000000000000000 1.0000000000000000 0
1.0000000000000000 1.0000000000000000 1.0000000000000000 1.0000000000000000 0
1.0000000000000000 1.0000000000000000 1.0000000000000000 1.0000000000000000 0
1.0000000000000000 1.0000000000000000 1.0000000000000000 1.0000000000000000 0
1.0000000000000000 1.0000000000000000 1.0000000000000000 1.0000000000000000 0
1.0000000000000000 1.0000000000000000 1.0000000000000000 1.0000000000000000 0
1.0000000000000000 1.0000000000000000 1.0000000000000000 1.0000000000000000 0
1.0000000000000000 1.0000000000000000 1.0000000000000000 1.0000000000000000 0
1.0000000000000000 1.0000000000000000 1.0000000000000000 1.0000000000000000 0
0.0000000000000000 0.0000000000000000 0.0000000000000000 0.0000000000000000 0.0000000000000000 0.0000000000000000
0.0000000000000000 0.0000000000000000 0.0000000000000000 0.0000000000000000 0.0000000000000000 0.0000000000000000
0.0000000000000000 0.0000000000000000 0.0000000000000000 0.0000000000000000 0.0000000000000000 0.0000000000000000
0.0000000000000000 0.0000000000000000 0.0000000000000000 0.0000000000000000 0.0000000000000000 0.0000000000000000
0.0000000000000000 0.0000000000000000 0.0000000000000000 0.0000000000000000 0.0000000000000000 0.0000000000000000
0.0000000000000000 0.0000000000000000 0.0000000000000000 0.0000000000000000 0.0000000000000000 0.0000000000000000
0.0000000000000000 0.0000000000000000 0.0000000000000000 0.0000000000000000 0.0000000000000000 0.0000000000000000
0.0000000000000000 0.0000000000000000 0.0000000000000000 0.0000000000000000 0.0000000000000000 0.0000000000000000
0.1000000089406967 0.1000000089406967 0.1000000089406967 0.1000000089406967 0.1000000089406967 0.1000000089406967
0.0000000000000000 0.0000000000000000 0.0000000000000000 0.0000000000000000 0.0000000000000000 0.0000000000000000
0.0000000000000000 0.0000000000000000 0.0000000000000000 0.0000000000000000 0.0000000000000000 0.0000000000000000
0.0000000000000000 0.0000000000000000 0.0000000000000000 0.0000000000000000 0.0000000000000000 0.0000000000000000
0.0000000000000000 0.0000000000000000 0.0000000000000000 0.0000000000000000 0.0000000000000000 0.0000000000000000
0.0000000000000000 0.0000000000000000 0.0000000000000000 0.0000000000000000 0.0000000000000000 0.0000000000000000
0.0000000000000000 0.0000000000000000 0.0000000000000000 0.0000000000000000 0.0000000000000000 0.0000000000000000
0.0000000000000000 0.0000000000000000 0.0000000000000000 0.0000000000000000 0.0000000000000000 0.0000000000000000
0.0000000000000000 0.0000000000000000 0.0000000000000000 0.0000000000000000 0.0000000000000000 0.0000000000000000
0.0000000000000000 0.0000000000000000 0.0000000000000000 0.0000000000000000 0.0000000000000000 0.0000000000000000
0.0000000000000000 0.0000000000000000 0.0000000000000000 0.0000000000000000 0.0000000000000000 0.0000000000000000
0.0000000000000000 0.0000000000000000 0.0000000000000000 0.0000000000000000 0.0000000000000000 0.0000000000000000
0.0000000000000000 0.0000000000000000 0.0000000000000000 0.0000000000000000 0.0000000000000000 0.0000000000000000
0.0000000000000000 0.0000000000000000 0.0000000000000000 0.0000000000000000 0.0000000000000000 0.0000000000000000
0.0000000000000000 0.0000000000000000 0.0000000000000000 0.0000000000000000 0.0000000000000000 0.0000000000000000
0.0000000000000000 0.0000000000000000 0.0000000000000000 0.0000000000000000 0.0000000000000000 0.0000000000000000
0.0000000000000000 0.0000000000000000 0.0000000000000000 0.0000000000000000 0.0000000000000000 0.0000000000000000
0.0000000000000000 0.0000000000000000 0.0000000000000000 0.0000000000000000 0.0000000000000000 0.0000000000000000
0.0000000000000000 0.0000000000000000 0.0000000000000000 0.0000000000000000 0.0000000000000000 0.0000000000000000
0.1000000089406967 0.1000000089406967 0.1000000089406967 0.1000000089406967 0.1000000089406967 0.1000000089406967
0.1000000089406967 0.1000000089406967 0.1000000089406967 0.1000000089406967 0.1000000089406967 0.1000000089406967
0.1000000089406967 0.1000000089406967 0.1000000089406967 0.1000000089406967 0.1000000089406967 0.1000000089406967
0.1000000089406967 0.1000000089406967 0.1000000089406967 0.1000000089406967 0.1000000089406967 0.1000000089406967
0.1000000089406967 0.1000000089406967 0.1000000089406967 0.1000000089406967 0.1000000089406967 0.1000000089406967
0.1000000089406967 0.1000000089406967 0.1000000089406967 0.1000000089406967 0.1000000089406967 0.1000000089406967
0.1000000089406967 0.1000000089406967 0.1000000089406967 0.1000000089406967 0.1000000089406967 0.1000000089406967
0.1000000089406967 0.1000000089406967 0.1000000089406967 0.1000000089406967 0.1000000089406967 0.1000000089406967
0.0000000000000000 0.0000000000000000 0.0000000000000000 0.0000000000000000 0.0000000000000000 0.0000000000000000
0.1000000089406967 0.1000000089406967 0.1000000089406967 0.1000000089406967 0.1000000089406967 0.1000000089406967
0.0000000000000000 0.0000000000000000 0.0000000000000000 0.0000000000000000 0.0000000000000000 0.0000000000000000
0.0000000000000000 0.0000000000000000 0.0000000000000000 0.0000000000000000 0.0000000000000000 0.0000000000000000
0.0000000000000000 0.0000000000000000 0.0000000000000000 0.0000000000000000 0.0000000000000000 0.0000000000000000
0.1000000089406967 0.1000000089406967 0.1000000089406967 0.1000000089406967 0.1000000089406967 0.1000000089406967
0.0000000000000000 0.0000000000000000 0.0000000000000000 0.0000000000000000 0.0000000000000000 0.0000000000000000
0.1000000089406967 0.1000000089406967 0.1000000089406967 0.1000000089406967 0.1000000089406967 0.1000000089406967
0.1000000089406967 0.1000000089406967 0.1000000089406967 0.1000000089406967 0.1000000089406967 0.1000000089406967
0.1000000089406967 0.1000000089406967 0.1000000089406967 0.1000000089406967 0.1000000089406967 0.1000000089406967
0.1000000163912773 0.1000000163912773 0.1000000163912773 0.1000000163912773 0.1000000163912773 0.1000000163912773
0.1000000163912773 0.1000000163912773 0.1000000163912773 0.1000000163912773 0.1000000163912773 0.1000000163912773
0.1000000163912773 0.1000000163912773 0.1000000163912773 0.1000000163912773 0.1000000163912773 0.1000000163912773
0.1000000163912773 0.1000000163912773 0.1000000163912773 0.1000000163912773 0.1000000163912773 0.1000000163912773
0.1000000089406967 0.1000000089406967 0.1000000089406967 0.1000000089406967 0.1000000089406967 0.1000000089406967
0.1000000163912773 0.1000000163912773 0.1000000163912773 0.1000000163912773 0.1000000163912773 0.1000000163912773
0.1000000089406967 0.1000000089406967 0.1000000089406967 0.1000000089406967 0.1000000089406967 0.1000000089406967
0.1000000089406967 0.1000000089406967 0.1000000089406967 0.1000000089406967 0.1000000089406967 0.1000000089406967
0.0000000000000000 0.0000000000000000 0.0000000000000000 0.0000000000000000 0.0000000000000000 0.0000000000000000
0.1000000089406967 0.1000000089406967 0.1000000089406967 0.1000000089406967 0.1000000089406967 0.1000000089406967
0.1000000089406967 0.1000000089406967 0.1000000089406967 0.1000000089406967 0.1000000089406967 0.1000000089406967
0.1000000089406967 0.1000000089406967 0.1000000089406967 0.1000000089406967 0.1000000089406967 0.1000000089406967
0.1000000089406967 0.1000000089406967 0.1000000089406967 0.1000000089406967 0.1000000089406967 0.1000000089406967
0.1000000089406967 0.1000000089406967 0.1000000089406967 0.1000000089406967 0.1000000089406967 0.1000000089406967
0.1000000163912773 0.1000000163912773 0.1000000163912773 0.1000000163912773 0.1000000163912773 0.1000000163912773
0.1000000089406967 0.1000000089406967 0.1000000089406967 0.1000000089406967 0.1000000089406967 0.1000000089406967
0.1000000163912773 0.1000000163912773 0.1000000163912773 0.1000000163912773 0.1000000163912773 0.1000000163912773
0.1000000163912773 0.1000000163912773 0.1000000163912773 0.1000000163912773 0.1000000163912773 0.1000000163912773
0.1000000163912773 0.1000000163912773 0.1000000163912773 0.1000000163912773 0.1000000163912773 0.1000000163912773
0.1000000163912773 0.1000000163912773 0.1000000163912773 0.1000000163912773 0.1000000163912773 0.1000000163912773
0.1000000163912773 0.1000000163912773 0.1000000163912773 0.1000000163912773 0.1000000163912773 0.1000000163912773
0.1000000163912773 0.1000000163912773 0.1000000163912773 0.1000000163912773 0.1000000163912773 0.1000000163912773
0.1000000089406967 0.1000000089406967 0.1000000089406967 0.1000000089406967 0.1000000089406967 0.1000000089406967
0.1000000163912773 0.1000000163912773 0.1000000163912773 0.1000000163912773 0.1000000163912773 0.1000000163912773
0.1000000089406967 0.1000000089406967 0.1000000089406967 0.1000000089406967 0.1000000089406967 0.1000000089406967
0.1000000089406967 0.1000000089406967 0.1000000089406967 0.1000000089406967 0.1000000089406967 0.1000000089406967
0.1000000089406967 0.1000000089406967 0.1000000089406967 0.1000000089406967 0.1000000089406967 0.1000000089406967
0.1000000089406967 0.1000000089406967 0.1000000089406967 0.1000000089406967 0.1000000089406967 0.1000000089406967
0.1000000089406967 0.1000000089406967 0.1000000089406967 0.1000000089406967 0.1000000089406967 0.1000000089406967
0.1000000089406967 0.1000000089406967 0.1000000089406967 0.1000000089406967 0.1000000089406967 0.1000000089406967
0.1000000163912773 0.1000000163912773 0.1000000163912773 0.1000000163912773 0.1000000163912773 0.1000000163912773
0.1000000089406967 0.1000000089406967 0.1000000089406967 0.1000000089406967 0.1000000089406967 0.1000000089406967
0.1000000163912773 0.1000000163912773 0.1000000163912773 0.1000000163912773 0.1000000163912773 0.1000000163912773
0.1000000089406967 0.1000000089406967 0.1000000089406967 0.1000000089406967 0.1000000089406967 0.1000000089406967
0.1000000163912773 0.1000000163912773 0.1000000163912773 0.1000000163912773 0.1000000163912773 0.1000000163912773
0.1000000163912773 0.1000000163912773 0.1000000163912773 0.1000000163912773 0.1000000163912773 0.1000000163912773
0.1000000163912773 0.1000000163912773 0.1000000163912773 0.1000000163912773 0.1000000163912773 0.1000000163912773
0.1000000163912773 0.1000000163912773 0.1000000163912773 0.1000000163912773 0.1000000163912773 0.1000000163912773
0.1000000089406967 0.1000000089406967 0.1000000089406967 0.1000000089406967 0.1000000089406967 0.1000000089406967
0.1000000089406967 0.1000000089406967 0.1000000089406967 0.1000000089406967 0.1000000089406967 0.1000000089406967
0.1000000089406967 0.1000000089406967 0.1000000089406967 0.1000000089406967 0.1000000089406967 0.1000000089406967
0.1000000089406967 0.1000000089406967 0.1000000089406967 0.1000000089406967 0.1000000089406967 0.1000000089406967
0.1000000089406967 0.1000000089406967 0.1000000089406967 0.1000000089406967 0.1000000089406967 0.1000000089406967
0.0000000000000000 0.0000000000000000 0.0000000000000000 0.0000000000000000 0.0000000000000000 0.0000000000000000
0.0000000000000000 0.0000000000000000 0.0000000000000000 0.0000000000000000 0.0000000000000000 0.0000000000000000
0.0000000000000000 0.0000000000000000 0.0000000000000000 0.0000000000000000 0.0000000000000000 0.0000000000000000
0.1000000089406967 0.1000000089406967 0.1000000089406967 0.1000000089406967 0.1000000089406967 0.1000000089406967
0.0000000000000000 0.0000000000000000 0.0000000000000000 0.0000000000000000 0.0000000000000000 0.0000000000000000
0.1000000089406967 0.1000000089406967 0.1000000089406967 0.1000000089406967 0.1000000089406967 0.1000000089406967
0.0000000000000000 0.0000000000000000 0.0000000000000000 0.0000000000000000 0.0000000000000000 0.0000000000000000
0.1000000163912773 0.1000000163912773 0.1000000163912773 0.1000000163912773 0.1000000163912773 0.1000000163912773
0.1000000089406967 0.1000000089406967 0.1000000089406967 0.1000000089406967 0.1000000089406967 0.1000000089406967
0.1000000089406967 0.1000000089406967 0.1000000089406967 0.1000000089406967 0.1000000089406967 0.1000000089406967
0.1000000089406967 0.1000000089406967 0.1000000089406967 0.1000000089406967 0.1000000089406967 0.1000000089406967
0.1000000089406967 0.1000000089406967 0.1000000089406967 0.1000000089406967 0.1000000089406967 0.1000000089406967
0.1000000089406967 0.1000000089406967 0.1000000089406967 0.1000000089406967 0.1000000089406967 0.1000000089406967
0.0000000000000000 0.0000000000000000 0.0000000000000000 0.0000000000000000 0.0000000000000000 0.0000000000000000
0.0000000000000000 0.0000000000000000 0.0000000000000000 0.0000000000000000 0.0000000000000000 0.0000000000000000
0.0000000000000000 0.0000000000000000 0.0000000000000000 0.0000000000000000 0.0000000000000000 0.0000000000000000
0.0000000000000000 0.0000000000000000 0.0000000000000000 0.0000000000000000 0.0000000000000000 0.0000000000000000
0.0000000000000000 0.0000000000000000 0.0000000000000000 0.0000000000000000 0.0000000000000000 0.0000000000000000
0.0000000000000000 0.0000000000000000 0.0000000000000000 0.0000000000000000 0.0000000000000000 0.0000000000000000
0.0000000000000000 0.0000000000000000 0.0000000000000000 0.0000000000000000 0.0000000000000000 0.0000000000000000
0.0000000000000000 0.0000000000000000 0.0000000000000000 0.0000000000000000 0.0000000000000000 0.0000000000000000
0.0000000000000000 0.0000000000000000 0.0000000000000000 0.0000000000000000 0.0000000000000000 0.0000000000000000
0.0000000000000000 0.0000000000000000 0.0000000000000000 0.0000000000000000 0.0000000000000000 0.0000000000000000
0.1000000089406967 0.1000000089406967 0.1000000089406967 0.1000000089406967 0.1000000089406967 0.1000000089406967
0.0000000000000000 0.0000000000000000 0.0000000000000000 0.0000000000000000 0.0000000000000000 0.0000000000000000
0.1000000089406967 0.1000000089406967 0.1000000089406967 0.1000000089406967 0.1000000089406967 0.1000000089406967
0.1000000089406967 0.1000000089406967 0.1000000089406967 0.1000000089406967 0.1000000089406967 0.1000000089406967
0.0000000000000000 0.0000000000000000 0.0000000000000000 0.0000000000000000 0.0000000000000000 0.0000000000000000
0.0000000000000000 0.0000000000000000 0.0000000000000000 0.0000000000000000 0.0000000000000000 0.0000000000000000
0.0000000000000000 0.0000000000000000 0.0000000000000000 0.0000000000000000 0.0000000000000000 0.0000000000000000
0.0000000000000000 0.0000000000000000 0.0000000000000000 0.0000000000000000 0.0000000000000000 0.0000000000000000
0.0000000000000000 0.0000000000000000 0.0000000000000000 0.0000000000000000 0.0000000000000000 0.0000000000000000
0.0000000000000000 0.0000000000000000 0.0000000000000000 0.0000000000000000 0.0000000000000000 0.0000000000000000
0.0000000000000000 0.0000000000000000 0.0000000000000000 0.0000000000000000 0.0000000000000000 0.0000000000000000
0.0000000000000000 0.0000000000000000 0.0000000000000000 0.0000000000000000 0.0000000000000000 0.0000000000000000
0.0000000000000000 0.0000000000000000 0.0000000000000000 0.0000000000000000 0.0000000000000000 0.0000000000000000
0.0000000000000000 0.0000000000000000 0.0000000000000000 0.0000000000000000 0.0000000000000000 0.0000000000000000
0.0000000000000000 0.0000000000000000 0.0000000000000000 0.0000000000000000 0.0000000000000000 0.0000000000000000
0.0000000000000000 0.0000000000000000 0.0000000000000000 0.0000000000000000 0.0000000000000000 0.0000000000000000
0.0000000000000000 0.0000000000000000 0.0000000000000000 0.0000000000000000 0.0000000000000000 0.0000000000000000
1.0000000000000000 1.0000000000000000 1.0000000000000000 1.0000000000000000 0
1.0000000000000000 1.0000000000000000 1.0000000000000000 1.0000000000000000 0
1.0000001192092896 1.0000001192092896 1.0000001192092896 1.0000001192092896 0
1.0000001192092896 1.0000001192092896 1.0000001192092896 1.0000001192092896 0
1.0000001192092896 1.0000001192092896 1.0000001192092896 1.0000001192092896 0
1.0000001192092896 1.0000001192092896 1.0000001192092896 1.0000001192092896 0
1.0000000000000000 1.0000000000000000 1.0000000000000000 1.0000000000000000 0
1.0000000000000000 1.0000000000000000 1.0000000000000000 1.0000000000000000 0
1.0000000000000000 1.0000000000000000 1.0000000000000000 1.0000000000000000 0
1.0000001192092896 1.0000001192092896 1.0000001192092896 1.0000001192092896 0
1.0000001192092896 1.0000001192092896 1.0000001192092896 1.0000001192092896 0
1.0000001192092896 1.0000001192092896 1.0000001192092896 1.0000001192092896 0
1.0000002384185791 1.0000002384185791 1.0000002384185791 1.0000002384185791 0
1.0000001192092896 1.0000001192092896 1.0000001192092896 1.0000001192092896 0
1.0000001192092896 1.0000001192092896 1.0000001192092896 1.0000001192092896 0
1.0000000000000000 1.0000000000000000 1.0000000000000000 1.0000000000000000 0
1.0000001192092896 1.0000001192092896 1.0000001192092896 1.0000001192092896 0
1.0000001192092896 1.0000001192092896 1.0000001192092896 1.0000001192092896 0
1.0000001192092896 1.0000001192092896 1.0000001192092896 1.0000001192092896 0
1.0000002384185791 1.0000002384185791 1.0000002384185791 1.0000002384185791 0
1.0000002384185791 1.0000002384185791 1.0000002384185791 1.0000002384185791 0
1.0000002384185791 1.0000002384185791 1.0000002384185791 1.0000002384185791 0
1.0000001192092896 1.0000001192092896 1.0000001192092896 1.0000001192092896 0
1.0000001192092896 1.0000001192092896 1.0000001192092896 1.0000001192092896 0
1.0000001192092896 1.0000001192092896 1.0000001192092896 1.0000001192092896 0
1.0000001192092896 1.0000001192092896 1.0000001192092896 1.0000001192092896 0
1.0000002384185791 1.0000002384185791 1.0000002384185791 1.0000002384185791 0
1.0000003576278687 1.0000003576278687 1.0000003576278687 1.0000003576278687 0
1.0000003576278687 1.0000003576278687 1.0000003576278687 1.0000003576278687 0
1.0000002384185791 1.0000002384185791 1.0000002384185791 1.0000002384185791 0
1.0000001192092896 1.0000001192092896 1.0000001192092896 1.0000001192092896 0
1.0000001192092896 1.0000001192092896 1.0000001192092896 1.0000001192092896 0
1.0000000000000000 1.0000000000000000 1.0000000000000000 1.0000000000000000 0
1.0000001192092896 1.0000001192092896 1.0000001192092896 1.0000001192092896 0
1.0000001192092896 1.0000001192092896 1.0000001192092896 1.0000001192092896 0
1.0000002384185791 1.0000002384185791 1.0000002384185791 1.0000002384185791 0
1.0000002384185791 1.0000002384185791 1.0000002384185791 1.0000002384185791 0
1.0000002384185791 1.0000002384185791 1.0000002384185791 1.0000002384185791 0
1.0000001192092896 1.0000001192092896 1.0000001192092896 1.0000001192092896 0
1.0000000000000000 1.0000000000000000 1.0000000000000000 1.0000000000000000 0
1.0000000000000000 1.0000000000000000 1.0000000000000000 1.0000000000000000 0
1.0000000000000000 1.0000000000000000 1.0000000000000000 1.0000000000000000 0
1.0000000000000000 1.0000000000000000 1.0000000000000000 1.0000000000000000 0
1.0000001192092896 1.0000001192092896 1.0000001192092896 1.0000001192092896 0
1.0000002384185791 1.0000002384185791 1.0000002384185791 1.0000002384185791 0
1.0000001192092896 1.0000001192092896 1.0000001192092896 1.0000001192092896 0
1.0000000000000000 1.0000000000000000 1.0000000000000000 1.0000000000000000 0
1.0000000000000000 1.0000000000000000 1.0000000000000000 1.0000000000000000 0
1.0000000000000000 1.0000000000000000 1.0000000000000000 1.0000000000000000 0
1.0000000000000000 1.0000000000000000 1.0000000000000000 1.0000000000000000 0
1.0000000000000000 1.0000000000000000 1.0000000000000000 1.0000000000000000 0
1.0000001192092896 1.0000001192092896 1.0000001192092896 1.0000001192092896 0
1.0000001192092896 1.0000001192092896 1.0000001192092896 1.0000001192092896 0
1.0000001192092896 1.0000001192092896 1.0000001192092896 1.0000001192092896 0
1.0000000000000000 1.0000000000000000 1.0000000000000000 1.0000000000000000 0
1.0000000000000000 1.0000000000000000 1.0000000000000000 1.0000000000000000 0
1.0000000000000000 1.0000000000000000 1.0000000000000000 1.0000000000000000 0
1.0000000000000000 1.0000000000000000 1.0000000000000000 1.0000000000000000 0
1.0000000000000000 1.0000000000000000 1.0000000000000000 1.0000000000000000 0
1.0000001192092896 1.0000001192092896 1.0000001192092896 1.0000001192092896 0
1.0000001192092896 1.0000001192092896 1.0000001192092896 1.0000001192092896 0
1.0000000000000000 1.0000000000000000 1.0000000000000000 1.0000000000000000 0
1.0000000000000000 1.0000000000000000 1.0000000000000000 1.0000000000000000 0
1.0000000000000000 1.0000000000000000 1.0000000000000000 1.0000000000000000 0
0.0000000000000000 0.0000000000000000 0.0000000000000000 0.0000000000000000 0.0000000000000000 0.0000000000000000
0.0000000000000000 0.0000000000000000 0.0000000000000000 0.0000000000000000 0.0000000000000000 0.0000000000000000
0.0000000000000000 0.0000000000000000 0.0000000000000000 0.0000000000000000 0.0000000000000000 0.0000000000000000
0.0000000000000000 0.0000000000000000 0.0000000000000000 0.0000000000000000 0.0000000000000000 0.0000000000000000
0.1000000089406967 0.1000000089406967 0.1000000089406967 0.1000000089406967 0.1000000089406967 0.1000000089406967
0.1000000163912773 0.1000000163912773 0.1000000163912773 0.1000000163912773 0.1000000163912773 0.1000000163912773
0.1000000089406967 0.1000000089406967 0.1000000089406967 0.1000000089406967 0.1000000089406967 0.1000000089406967
0.1000000163912773 0.1000000163912773 0.1000000163912773 0.1000000163912773 0.1000000163912773 0.1000000163912773
0.1000000238418579 0.1000000238418579 0.1000000238418579 0.1000000238418579 0.1000000238418579 0.1000000238418579
0.1000000089406967 0.1000000089406967 0.1000000089406967 0.1000000089406967 0.1000000089406967 0.1000000089406967
0.1000000238418579 0.1000000238418579 0.1000000238418579 0.1000000238418579 0.1000000238418579 0.1000000238418579
0.1000000312924385 0.1000000312924385 0.1000000312924385 0.1000000312924385 0.1000000312924385 0.1000000312924385
0.1000000163912773 0.1000000163912773 0.1000000163912773 0.1000000163912773 0.1000000163912773 0.1000000163912773
0.1000000163912773 0.1000000163912773 0.1000000163912773 0.1000000163912773 0.1000000163912773 0.1000000163912773
0.1000000387430191 0.1000000387430191 0.1000000387430191 0.1000000387430191 0.1000000387430191 0.1000000387430191
0.1000000238418579 0.1000000238418579 0.1000000238418579 0.1000000238418579 0.1000000238418579 0.1000000238418579
0.1000000089406967 0.1000000089406967 0.1000000089406967 0.1000000089406967 0.1000000089406967 0.1000000089406967
0.1000000238418579 0.1000000238418579 0.1000000238418579 0.1000000238418579 0.1000000238418579 0.1000000238418579
0.1000000089406967 0.1000000089406967 0.1000000089406967 0.1000000089406967 0.1000000089406967 0.1000000089406967
0.0000000000000000 0.0000000000000000 0.0000000000000000 0.0000000000000000 0.0000000000000000 0.0000000000000000
0.1000000089406967 0.1000000089406967 0.1000000089406967 0.1000000089406967 0.1000000089406967 0.1000000089406967
0.0000000000000000 0.0000000000000000 0.0000000000000000 0.0000000000000000 0.0000000000000000 0.0000000000000000
0.0000000000000000 0.0000000000000000 0.0000000000000000 0.0000000000000000 0.0000000000000000 0.0000000000000000
0.0000000000000000 0.0000000000000000 0.0000000000000000 0.0000000000000000 0.0000000000000000 0.0000000000000000
0.1000000089406967 0.1000000089406967 0.1000000089406967 0.1000000089406967 0.1000000089406967 0.1000000089406967
0.1000000089406967 0.1000000089406967 0.1000000089406967 0.1000000089406967 0.1000000089406967 0.1000000089406967
0.1000000089406967 0.1000000089406967 0.1000000089406967 0.1000000089406967 0.1000000089406967 0.1000000089406967
0.1000000238418579 0.1000000238418579 0.1000000238418579 0.1000000238418579 0.1000000238418579 0.1000000238418579
0.1000000238418579 0.1000000238418579 0.1000000238418579 0.1000000238418579 0.1000000238418579 0.1000000238418579
0.1000000312924385 0.1000000312924385 0.1000000312924385 0.1000000312924385 0.1000000312924385 0.1000000312924385
0.1000000312924385 0.1000000312924385 0.1000000312924385 0.1000000312924385 0.1000000312924385 0.1000000312924385
0.1000000461935997 0.1000000461935997 0.1000000461935997 0.1000000461935997 0.1000000461935997 0.1000000461935997
0.1000000536441803 0.1000000536441803 0.1000000536441803 0.1000000536441803 0.1000000536441803 0.1000000536441803
0.1000000387430191 0.1000000387430191 0.1000000387430191 0.1000000387430191 0.1000000387430191 0.1000000387430191
0.1000000610947609 0.1000000610947609 0.1000000610947609 0.1000000610947609 0.1000000610947609 0.1000000610947609
0.1000000238418579 0.1000000238418579 0.1000000238418579 0.1000000238418579 0.1000000238418579 0.1000000238418579
0.1000000387430191 0.1000000387430191 0.1000000387430191 0.1000000387430191 0.1000000387430191 0.1000000387430191
0.1000000089406967 0.1000000089406967 0.1000000089406967 0.1000000089406967 0.1000000089406967 0.1000000089406967
0.1000000238418579 0.1000000238418579 0.1000000238418579 0.1000000238418579 0.1000000238418579 0.1000000238418579
0.1000000089406967 0.1000000089406967 0.1000000089406967 0.1000000089406967 0.1000000089406967 0.1000000089406967
0.1000000163912773 0.1000000163912773 0.1000000163912773 0.1000000163912773 0.1000000163912773 0.1000000163912773
0.1000000163912773 0.1000000163912773 0.1000000163912773 0.1000000163912773 0.1000000163912773 0.1000000163912773
0.1000000163912773 0.1000000163912773 0.1000000163912773 0.1000000163912773 0.1000000163912773 0.1000000163912773
0.1000000312924385 0.1000000312924385 0.1000000312924385 0.1000000312924385 0.1000000312924385 0.1000000312924385
0.1000000312924385 0.1000000312924385 0.1000000312924385 0.1000000312924385 0.1000000312924385 0.1000000312924385
0.1000000536441803 0.1000000536441803 0.1000000536441803 0.1000000536441803 0.1000000536441803 0.1000000536441803
0.1000000461935997 0.1000000461935997 0.1000000461935997 0.1000000461935997 0.1000000461935997 0.1000000461935997
0.1000000685453415 0.1000000685453415 0.1000000685453415 0.1000000685453415 0.1000000685453415 0.1000000685453415
0.1000000685453415 0.1000000685453415 0.1000000685453415 0.1000000685453415 0.1000000685453415 0.1000000685453415
0.1000000536441803 0.1000000536441803 0.1000000536441803 0.1000000536441803 0.1000000536441803 0.1000000536441803
0.1000000759959221 0.1000000759959221 0.1000000759959221 0.1000000759959221 0.1000000759959221 0.1000000759959221
0.1000000387430191 0.1000000387430191 0.1000000387430191 0.1000000387430191 0.1000000387430191 0.1000000387430191
0.1000000536441803 0.1000000536441803 0.1000000536441803 0.1000000536441803 0.1000000536441803 0.1000000536441803
0.1000000163912773 0.1000000163912773 0.1000000163912773 0.1000000163912773 0.1000000163912773 0.1000000163912773
0.1000000312924385 0.1000000312924385 0.1000000312924385 0.1000000312924385 0.1000000312924385 0.1000000312924385
0.1000000163912773 0.1000000163912773 0.1000000163912773 0.1000000163912773 0.1000000163912773 0.1000000163912773
0.1000000238418579 0.1000000238418579 0.1000000238418579 0.1000000238418579 0.1000000238418579 0.1000000238418579
0.1000000163912773 0.1000000163912773 0.1000000163912773 0.1000000163912773 0.1000000163912773 0.1000000163912773
0.1000000163912773 0.1000000163912773 0.1000000163912773 0.1000000163912773 0.1000000163912773 0.1000000163912773
0.1000000387430191 0.1000000387430191 0.1000000387430191 0.1000000387430191 0.1000000387430191 0.1000000387430191
0.1000000312924385 0.1000000312924385 0.1000000312924385 0.1000000312924385 0.1000000312924385 0.1000000312924385
0.1000000685453415 0.1000000685453415 0.1000000685453415 0.1000000685453415 0.1000000685453415 0.1000000685453415
0.1000000461935997 0.1000000461935997 0.1000000461935997 0.1000000461935997 0.1000000461935997 0.1000000461935997
0.1000000834465027 0.1000000834465027 0.1000000834465027 0.1000000834465027 0.1000000834465027 0.1000000834465027
0.1000000685453415 0.1000000685453415 0.1000000685453415 0.1000000685453415 0.1000000685453415 0.1000000685453415
0.1000000685453415 0.1000000685453415 0.1000000685453415 0.1000000685453415 0.1000000685453415 0.1000000685453415
0.1000000759959221 0.1000000759959221 0.1000000759959221 0.1000000759959221 0.1000000759959221 0.1000000759959221
0.1000000461935997 0.1000000461935997 0.1000000461935997 0.1000000461935997 0.1000000461935997 0.1000000461935997
0.1000000536441803 0.1000000536441803 0.1000000536441803 0.1000000536441803 0.1000000536441803 0.1000000536441803
0.1000000238418579 0.1000000238418579 0.1000000238418579 0.1000000238418579 0.1000000238418579 0.1000000238418579
0.1000000312924385 0.1000000312924385 0.1000000312924385 0.1000000312924385 0.1000000312924385 0.1000000312924385
0.1000000089406967 0.1000000089406967 0.1000000089406967 0.1000000089406967 0.1000000089406967 0.1000000089406967
0.1000000163912773 0.1000000163912773 0.1000000163912773 0.1000000163912773 0.1000000163912773 0.1000000163912773
0.1000000089406967 0.1000000089406967 0.1000000089406967 0.1000000089406967 0.1000000089406967 0.1000000089406967
0.1000000089406967 0.1000000089406967 0.1000000089406967 0.1000000089406967 0.1000000089406967 0.1000000089406967
0.1000000312924385 0.1000000312924385 0.1000000312924385 0.1000000312924385 0.1000000312924385 0.1000000312924385
0.1000000163912773 0.1000000163912773 0.1000000163912773 0.1000000163912773 0.1000000163912773 0.1000000163912773
0.1000000536441803 0.1000000536441803 0.1000000536441803 0.1000000536441803 0.1000000536441803 0.1000000536441803
0.1000000312924385 0.1000000312924385 0.1000000312924385 0.1000000312924385 0.1000000312924385 0.1000000312924385
0.1000000685453415 0.1000000685453415 0.1000000685453415 0.1000000685453415 0.1000000685453415 0.1000000685453415
0.1000000536441803 0.1000000536441803 0.1000000536441803 0.1000000536441803 0.1000000536441803 0.1000000536441803
0.1000000610947609 0.1000000610947609 0.1000000610947609 0.1000000610947609 0.1000000610947609 0.1000000610947609
0.1000000610947609 0.1000000610947609 0.1000000610947609 0.1000000610947609 0.1000000610947609 0.1000000610947609
0.1000000387430191 0.1000000387430191 0.1000000387430191 0.1000000387430191 0.1000000387430191 0.1000000387430191
0.1000000461935997 0.1000000461935997 0.1000000461935997 0.1000000461935997 0.1000000461935997 0.1000000461935997
0.1000000163912773 0.1000000163912773 0.1000000163912773 0.1000000163912773 0.1000000163912773 0.1000000163912773
0.1000000238418579 0.1000000238418579 0.1000000238418579 0.1000000238418579 0.1000000238418579 0.1000000238418579
0.0000000000000000 0.0000000000000000 0.0000000000000000 0.0000000000000000 0.0000000000000000 0.0000000000000000
0.0000000000000000 0.0000000000000000 0.0000000000000000 0.0000000000000000 0.0000000000000000 0.0000000000000000
0.0000000000000000 0.0000000000000000 0.0000000000000000 0.0000000000000000 0.0000000000000000 0.0000000000000000
0.0000000000000000 0.0000000000000000 0.0000000000000000 0.0000000000000000 0.0000000000000000 0.0000000000000000
0.1000000089406967 0.1000000089406967 0.1000000089406967 0.1000000089406967 0.1000000089406967 0.1000000089406967
0.1000000089406967 0.1000000089406967 0.1000000089406967 0.1000000089406967 0.1000000089406967 0.1000000089406967
0.1000000312924385 0.1000000312924385 0.1000000312924385 0.1000000312924385 0.1000000312924385 0.1000000312924385
0.1000000089406967 0.1000000089406967 0.1000000089406967 0.1000000089406967 0.1000000089406967 0.1000000089406967
0.1000000461935997 0.1000000461935997 0.1000000461935997 0.1000000461935997 0.1000000461935997 0.1000000461935997
0.1000000312924385 0.1000000312924385 0.1000000312924385 0.1000000312924385 0.1000000312924385 0.1000000312924385
0.1000000387430191 0.1000000387430191 0.1000000387430191 0.1000000387430191 0.1000000387430191 0.1000000387430191
0.1000000387430191 0.1000000387430191 0.1000000387430191 0.1000000387430191 0.1000000387430191 0.1000000387430191
0.1000000238418579 0.1000000238418579 0.1000000238418579 0.1000000238418579 0.1000000238418579 0.1000000238418579
0.1000000238418579 0.1000000238418579 0.1000000238418579 0.1000000238418579 0.1000000238418579 0.1000000238418579
0.1000000089406967 0.1000000089406967 0.1000000089406967 0.1000000089406967 0.1000000089406967 0.1000000089406967
0.1000000089406967 0.1000000089406967 0.1000000089406967 0.1000000089406967 0.1000000089406967 0.1000000089406967
0.0000000000000000 0.0000000000000000 0.0000000000000000 0.0000000000000000 0.0000000000000000 0.0000000000000000
0.0000000000000000 0.0000000000000000 0.0000000000000000 0.0000000000000000 0.0000000000000000 0.0000000000000000
0.0000000000000000 0.0000000000000000 0.0000000000000000 0.0000000000000000 0.0000000000000000 0.0000000000000000
0.0000000000000000 0.0000000000000000 0.0000000000000000 0.0000000000000000 0.0000000000000000 0.0000000000000000
0.0000000000000000 0.0000000000000000 0.0000000000000000 0.0000000000000000 0.0000000000000000 0.0000000000000000
0.0000000000000000 0.0000000000000000 0.0000000000000000 0.0000000000000000 0.0000000000000000 0.0000000000000000
0.1000000163912773 0.1000000163912773 0.1000000163912773 0.1000000163912773 0.1000000163912773 0.1000000163912773
0.1000000089406967 0.1000000089406967 0.1000000089406967 0.1000000089406967 0.1000000089406967 0.1000000089406967
0.1000000238418579 0.1000000238418579 0.1000000238418579 0.1000000238418579 0.1000000238418579 0.1000000238418579
0.1000000163912773 0.1000000163912773 0.1000000163912773 0.1000000163912773 0.1000000163912773 0.1000000163912773
0.1000000238418579 0.1000000238418579 0.1000000238418579 0.1000000238418579 0.1000000238418579 0.1000000238418579
0.1000000238418579 0.1000000238418579 0.1000000238418579 0.1000000238418579 0.1000000238418579 0.1000000238418579
0.1000000089406967 0.1000000089406967 0.1000000089406967 0.1000000089406967 0.1000000089406967 0.1000000089406967
0.1000000089406967 0.1000000089406967 0.1000000089406967 0.1000000089406967 0.1000000089406967 0.1000000089406967
0.0000000000000000 0.0000000000000000 0.0000000000000000 0.0000000000000000 0.0000000000000000 0.0000000000000000
0.0000000000000000 0.0000000000000000 0.0000000000000000 0.0000000000000000 0.0000000000000000 0.0000000000000000
0.0000000000000000 0.0000000000000000 0.0000000000000000 0.0000000000000000 0.0000000000000000 0.0000000000000000
0.0000000000000000 0.0000000000000000 0.0000000000000000 0.0000000000000000 0.0000000000000000 0.0000000000000000
0.0000000000000000 0.0000000000000000 0.0000000000000000 0.0000000000000000 0.0000000000000000 0.0000000000000000
0.0000000000000000 0.0000000000000000 0.0000000000000000 0.0000000000000000 0.0000000000000000 0.0000000000000000
0.1000000089406967 0.1000000089406967 0.1000000089406967 0.1000000089406967 0.1000000089406967 0.1000000089406967
0.1000000163912773 0.1000000163912773 0.1000000163912773 0.1000000163912773 0.1000000163912773 0.1000000163912773
0.1000000089406967 0.1000000089406967 0.1000000089406967 0.1000000089406967 0.1000000089406967 0.1000000089406967
0.0000000000000000 0.0000000000000000 0.0000000000000000 0.0000000000000000 0.0000000000000000 0.0000000000000000
0.0000000000000000 0.0000000000000000 0.0000000000000000 0.0000000000000000 0.0000000000000000 0.0000000000000000
1.0000000000000000 1.0000000000000000 1.0000000000000000 1.0000000000000000 0
1.0000000000000000 1.0000000000000000 1.0000000000000000 1.0000000000000000 0
1.0000000000000000 1.0000000000000000 1.0000000000000000 1.0000000000000000 0
0.9999999403953552 0.9999999403953552 0.9999999403953552 0.9999999403953552 0
0.9999999403953552 0.9999999403953552 0.9999999403953552 0.9999999403953552 0
1.0000000000000000 1.0000000000000000 1.0000000000000000 1.0000000000000000 0
1.0000000000000000 1.0000000000000000 1.0000000000000000 1.0000000000000000 0
1.0000000000000000 1.0000000000000000 1.0000000000000000 1.0000000000000000 0
1.0000000000000000 1.0000000000000000 1.0000000000000000 1.0000000000000000 0
1.0000001192092896 1.0000001192092896 1.0000001192092896 1.0000001192092896 0
1.0000001192092896 1.0000001192092896 1.0000001192092896 1.0000001192092896 0
1.0000001192092896 1.0000001192092896 1.0000001192092896 1.0000001192092896 0
1.0000001192092896 1.0000001192092896 1.0000001192092896 1.0000001192092896 0
1.0000000000000000 1.0000000000000000 1.0000000000000000 1.0000000000000000 0
1.0000000000000000 1.0000000000000000 1.0000000000000000 1.0000000000000000 0
1.0000000000000000 1.0000000000000000 1.0000000000000000 1.0000000000000000 0
1.0000001192092896 1.0000001192092896 1.0000001192092896 1.0000001192092896 0
1.0000001192092896 1.0000001192092896 1.0000001192092896 1.0000001192092896 0
1.0000001192092896 1.0000001192092896 1.0000001192092896 1.0000001192092896 0
1.0000002384185791 1.0000002384185791 1.0000002384185791 1.0000002384185791 0
1.0000001192092896 1.0000001192092896 1.0000001192092896 1.0000001192092896 0
1.0000001192092896 1.0000001192092896 1.0000001192092896 1.0000001192092896 0
1.0000000000000000 1.0000000000000000 1.0000000000000000 1.0000000000000000 0
1.0000000000000000 1.0000000000000000 1.0000000000000000 1.0000000000000000 0
1.0000001192092896 1.0000001192092896 1.0000001192092896 1.0000001192092896 0
1.0000001192092896 1.0000001192092896 1.0000001192092896 1.0000001192092896 0
1.0000002384185791 1.0000002384185791 1.0000002384185791 1.0000002384185791 0
1.0000003576278687 1.0000003576278687 1.0000003576278687 1.0000003576278687 0
1.0000002384185791 1.0000002384185791 1.0000002384185791 1.0000002384185791 0
1.0000001192092896 1.0000001192092896 1.0000001192092896 1.0000001192092896 0
1.0000001192092896 1.0000001192092896 1.0000001192092896 1.0000001192092896 0
1.0000001192092896 1.0000001192092896 1.0000001192092896 1.0000001192092896 0
1.0000001192092896 1.0000001192092896 1.0000001192092896 1.0000001192092896 0
1.0000001192092896 1.0000001192092896 1.0000001192092896 1.0000001192092896 0
1.0000002384185791 1.0000002384185791 1.0000002384185791 1.0000002384185791 0
1.0000003576278687 1.0000003576278687 1.0000003576278687 1.0000003576278687 0
1.0000002384185791 1.0000002384185791 1.0000002384185791 1.0000002384185791 0
1.0000002384185791 1.0000002384185791 1.0000002384185791 1.0000002384185791 0
1.0000001192092896 1.0000001192092896 1.0000001192092896 1.0000001192092896 0
1.0000001192092896 1.0000001192092896 1.0000001192092896 1.0000001192092896 0
1.0000000000000000 1.0000000000000000 1.0000000000000000 1.0000000000000000 0
1.0000000000000000 1.0000000000000000 1.0000000000000000 1.0000000000000000 0
1.0000001192092896 1.0000001192092896 1.0000001192092896 1.0000001192092896 0
1.0000002384185791 1.0000002384185791 1.0000002384185791 1.0000002384185791 0
1.0000002384185791 1.0000002384185791 1.0000002384185791 1.0000002384185791 0
1.0000001192092896 1.0000001192092896 1.0000001192092896 1.0000001192092896 0
1.0000000000000000 1.0000000000000000 1.0000000000000000 1.0000000000000000 0
1.0000000000000000 1.0000000000000000 1.0000000000000000 1.0000000000000000 0
1.0000000000000000 1.0000000000000000 1.0000000000000000 1.0000000000000000 0
1.0000000000000000 1.0000000000000000 1.0000000000000000 1.0000000000000000 0
0.9999999403953552 0.9999999403953552 0.9999999403953552 0.9999999403953552 0
1.0000001192092896 1.0000001192092896 1.0000001192092896 1.0000001192092896 0
1.0000001192092896 1.0000001192092896 1.0000001192092896 1.0000001192092896 0
1.0000000000000000 1.0000000000000000 1.0000000000000000 1.0000000000000000 0
1.0000000000000000 1.0000000000000000 1.0000000000000000 1.0000000000000000 0
1.0000000000000000 1.0000000000000000 1.0000000000000000 1.0000000000000000 0
1.0000000000000000 1.0000000000000000 1.0000000000000000 1.0000000000000000 0
1.0000000000000000 1.0000000000000000 1.0000000000000000 1.0000000000000000 0
1.0000000000000000 1.0000000000000000 1.0000000000000000 1.0000000000000000 0
1.0000000000000000 1.0000000000000000 1.0000000000000000 1.0000000000000000 0
1.0000000000000000 1.0000000000000000 1.0000000000000000 1.0000000000000000 0
1.0000000000000000 1.0000000000000000 1.0000000000000000 1.0000000000000000 0
1.0000000000000000 1.0000000000000000 1.0000000000000000 1.0000000000000000 0
1.0000000000000000 1.0000000000000000 1.0000000000000000 1.0000000000000000 0
0.0000000000000000 0.0000000000000000 0.0000000000000000 0.0000000000000000 0.0000000000000000 0.0000000000000000
0.0000000000000000 0.0000000000000000 0.0000000000000000 0.0000000000000000 0.0000000000000000 0.0000000000000000
0.0000000000000000 0.0000000000000000 0.0000000000000000 0.0000000000000000 0.0000000000000000 0.0000000000000000
0.0000000000000000 0.0000000000000000 0.0000000000000000 0.0000000000000000 0.0000000000000000 0.0000000000000000
0.1000000089406967 0.1000000089406967 0.1000000089406967 0.1000000089406967 0.1000000089406967 0.1000000089406967
0.1000000163912773 0.1000000163912773 0.1000000163912773 0.1000000163912773 0.1000000163912773 0.1000000163912773
0.1000000089406967 0.1000000089406967 0.1000000089406967 0.1000000089406967 0.1000000089406967 0.1000000089406967
0.0000000000000000 0.0000000000000000 0.0000000000000000 0.0000000000000000 0.0000000000000000 0.0000000000000000
0.1000000163912773 0.1000000163912773 0.1000000163912773 0.1000000163912773 0.1000000163912773 0.1000000163912773
0.0000000000000000 0.0000000000000000 0.0000000000000000 0.0000000000000000 0.0000000000000000 0.0000000000000000
0.1000000089406967 0.1000000089406967 0.1000000089406967 0.1000000089406967 0.1000000089406967 0.1000000089406967
0.0000000000000000 0.0000000000000000 0.0000000000000000 0.0000000000000000 0.0000000000000000 0.0000000000000000
0.0000000000000000 0.0000000000000000 0.0000000000000000 0.0000000000000000 0.0000000000000000 0.0000000000000000
0.0000000000000000 0.0000000000000000 0.0000000000000000 0.0000000000000000 0.0000000000000000 0.0000000000000000
0.0000000000000000 0.0000000000000000 0.0000000000000000 0.0000000000000000 0.0000000000000000 0.0000000000000000
0.0000000000000000 0.0000000000000000 0.0000000000000000 0.0000000000000000 0.0000000000000000 0.0000000000000000
0.0000000000000000 0.0000000000000000 0.0000000000000000 0.0000000000000000 0.0000000000000000 0.0000000000000000
0.1000000089406967 0.1000000089406967 0.1000000089406967 0.1000000089406967 0.1000000089406967 0.1000000089406967
0.0000000000000000 0.0000000000000000 0.0000000000000000 0.0000000000000000 0.0000000000000000 0.0000000000000000
0.0000000000000000 0.0000000000000000 0.0000000000000000 0.0000000000000000 0.0000000000000000 0.0000000000000000
0.1000000089406967 0.1000000089406967 0.1000000089406967 0.1000000089406967 0.1000000089406967 0.1000000089406967
0.0000000000000000 0.0000000000000000 0.0000000000000000 0.0000000000000000 0.0000000000000000 0.0000000000000000
0.0000000000000000 0.0000000000000000 0.0000000000000000 0.0000000000000000 0.0000000000000000 0.0000000000000000
0.0000000000000000 0.0000000000000000 0.0000000000000000 0.0000000000000000 0.0000000000000000 0.0000000000000000
0.1000000163912773 0.1000000163912773 0.1000000163912773 0.1000000163912773 0.1000000163912773 0.1000000163912773
0.0000000000000000 0.0000000000000000 0.0000000000000000 0.0000000000000000 0.0000000000000000 0.0000000000000000
0.1000000089406967 0.1000000089406967 0.1000000089406967 0.1000000089406967 0.1000000089406967 0.1000000089406967
0.1000000238418579 0.1000000238418579 0.1000000238418579 0.1000000238418579 0.1000000238418579 0.1000000238418579
0.1000000163912773 0.1000000163912773 0.1000000163912773 0.1000000163912773 0.1000000163912773 0.1000000163912773
0.1000000238418579 0.1000000238418579 0.1000000238418579 0.1000000238418579 0.1000000238418579 0.1000000238418579
0.1000000312924385 0.1000000312924385 0.1000000312924385 0.1000000312924385 0.1000000312924385 0.1000000312924385
0.1000000238418579 0.1000000238418579 0.1000000238418579 0.1000000238418579 0.1000000238418579 0.1000000238418579
0.1000000387430191 0.1000000387430191 0.1000000387430191 0.1000000387430191 0.1000000387430191 0.1000000387430191
0.1000000238418579 0.1000000238418579 0.1000000238418579 0.1000000238418579 0.1000000238418579 0.1000000238418579
0.1000000312924385 0.1000000312924385 0.1000000312924385 0.1000000312924385 0.1000000312924385 0.1000000312924385
0.1000000089406967 0.1000000089406967 0.1000000089406967 0.1000000089406967 0.1000000089406967 0.1000000089406967
0.1000000163912773 0.1000000163912773 0.1000000163912773 0.1000000163912773 0.1000000163912773 0.1000000163912773
0.0000000000000000 0.0000000000000000 0.0000000000000000 0.0000000000000000 0.0000000000000000 0.0000000000000000
0.1000000089406967 0.1000000089406967 0.1000000089406967 0.1000000089406967 0.1000000089406967 0.1000000089406967
0.0000000000000000 0.0000000000000000 0.0000000000000000 0.0000000000000000 0.0000000000000000 0.0000000000000000
0.1000000163912773 0.1000000163912773 0.1000000163912773 0.1000000163912773 0.1000000163912773 0.1000000163912773
0.1000000089406967 0.1000000089406967 0.1000000089406967 0.1000000089406967 0.1000000089406967 0.1000000089406967
0.1000000163912773 0.1000000163912773 0.1000000163912773 0.1000000163912773 0.1000000163912773 0.1000000163912773
0.1000000312924385 0.1000000312924385 0.1000000312924385 0.1000000312924385 0.1000000312924385 0.1000000312924385
0.1000000312924385 0.1000000312924385 0.1000000312924385 0.1000000312924385 0.1000000312924385 0.1000000312924385
0.1000000387430191 0.1000000387430191 0.1000000387430191 0.1000000387430191 0.1000000387430191 0.1000000387430191
0.1000000461935997 0.1000000461935997 0.1000000461935997 0.1000000461935997 0.1000000461935997 0.1000000461935997
0.1000000461935997 0.1000000461935997 0.1000000461935997 0.1000000461935997 0.1000000461935997 0.1000000461935997
0.1000000610947609 0.1000000610947609 0.1000000610947609 0.1000000610947609 0.1000000610947609 0.1000000610947609
0.1000000387430191 0.1000000387430191 0.1000000387430191 0.1000000387430191 0.1000000387430191 0.1000000387430191
0.1000000536441803 0.1000000536441803 0.1000000536441803 0.1000000536441803 0.1000000536441803 0.1000000536441803
0.1000000238418579 0.1000000238418579 0.1000000238418579 0.1000000238418579 0.1000000238418579 0.1000000238418579
0.1000000387430191 0.1000000387430191 0.1000000387430191 0.1000000387430191 0.1000000387430191 0.1000000387430191
0.1000000089406967 0.1000000089406967 0.1000000089406967 0.1000000089406967 0.1000000089406967 0.1000000089406967
0.1000000163912773 0.1000000163912773 0.1000000163912773 0.1000000163912773 0.1000000163912773 0.1000000163912773
0.1000000089406967 0.1000000089406967 0.1000000089406967 0.1000000089406967 0.1000000089406967 0.1000000089406967
0.1000000312924385 0.1000000312924385 0.1000000312924385 0.1000000312924385 0.1000000312924385 0.1000000312924385
0.1000000163912773 0.1000000163912773 0.1000000163912773 0.1000000163912773 0.1000000163912773 0.1000000163912773
0.1000000238418579 0.1000000238418579 0.1000000238418579 0.1000000238418579 0.1000000238418579 0.1000000238418579
0.1000000461935997 0.1000000461935997 0.1000000461935997 0.1000000461935997 0.1000000461935997 0.1000000461935997
0.1000000387430191 0.1000000387430191 0.1000000387430191 0.1000000387430191 0.1000000387430191 0.1000000387430191
0.1000000685453415 0.1000000685453415 0.1000000685453415 0.1000000685453415 0.1000000685453415 0.1000000685453415
0.1000000610947609 0.1000000610947609 0.1000000610947609 0.1000000610947609 0.1000000610947609 0.1000000610947609
0.1000000685453415 0.1000000685453415 0.1000000685453415 0.1000000685453415 0.1000000685453415 0.1000000685453415
0.1000000759959221 0.1000000759959221 0.1000000759959221 0.1000000759959221 0.1000000759959221 0.1000000759959221
0.1000000536441803 0.1000000536441803 0.1000000536441803 0.1000000536441803 0.1000000536441803 0.1000000536441803
0.1000000685453415 0.1000000685453415 0.1000000685453415 0.1000000685453415 0.1000000685453415 0.1000000685453415
0.1000000312924385 0.1000000312924385 0.1000000312924385 0.1000000312924385 0.1000000312924385 0.1000000312924385
0.1000000461935997 0.1000000461935997 0.1000000461935997 0.1000000461935997 0.1000000461935997 0.1000000461935997
0.1000000163912773 0.1000000163912773 0.1000000163912773 0.1000000163912773 0.1000000163912773 0.1000000163912773
0.1000000238418579 0.1000000238418579 0.1000000238418579 0.1000000238418579 0.1000000238418579 0.1000000238418579
0.1000000163912773 0.1000000163912773 0.1000000163912773 0.1000000163912773 0.1000000163912773 0.1000000163912773
0.1000000312924385 0.1000000312924385 0.1000000312924385 0.1000000312924385 0.1000000312924385 0.1000000312924385
0.1000000163912773 0.1000000163912773 0.1000000163912773 0.1000000163912773 0.1000000163912773 0.1000000163912773
0.1000000089406967 0.1000000089406967 0.1000000089406967 0.1000000089406967 0.1000000089406967 0.1000000089406967
0.1000000536441803 0.1000000536441803 0.1000000536441803 0.1000000536441803 0.1000000536441803 0.1000000536441803
0.1000000238418579 0.1000000238418579 0.1000000238418579 0.1000000238418579 0.1000000238418579 0.1000000238418579
0.1000000685453415 0.1000000685453415 0.1000000685453415 0.1000000685453415 0.1000000685453415 0.1000000685453415
0.1000000387430191 0.1000000387430191 0.1000000387430191 0.1000000387430191 0.1000000387430191 0.1000000387430191
0.1000000759959221 0.1000000759959221 0.1000000759959221 0.1000000759959221 0.1000000759959221 0.1000000759959221
0.1000000610947609 0.1000000610947609 0.1000000610947609 0.1000000610947609 0.1000000610947609 0.1000000610947609
0.1000000610947609 0.1000000610947609 0.1000000610947609 0.1000000610947609 0.1000000610947609 0.1000000610947609
0.1000000536441803 0.1000000536441803 0.1000000536441803 0.1000000536441803 0.1000000536441803 0.1000000536441803
0.1000000387430191 0.1000000387430191 0.1000000387430191 0.1000000387430191 0.1000000387430191 0.1000000387430191
0.1000000387430191 0.1000000387430191 0.1000000387430191 0.1000000387430191 0.1000000387430191 0.1000000387430191
0.1000000238418579 0.1000000238418579 0.1000000238418579 0.1000000238418579 0.1000000238418579 0.1000000238418579
0.1000000163912773 0.1000000163912773 0.1000000163912773 0.1000000163912773 0.1000000163912773 0.1000000163912773
0.1000000089406967 0.1000000089406967 0.1000000089406967 0.1000000089406967 0.1000000089406967 0.1000000089406967
0.1000000089406967 0.1000000089406967 0.1000000089406967 0.1000000089406967 0.1000000089406967 0.1000000089406967
0.0000000000000000 0.0000000000000000 0.0000000000000000 0.0000000000000000 0.0000000000000000 0.0000000000000000
0.0000000000000000 0.0000000000000000 0.0000000000000000 0.0000000000000000 0.0000000000000000 0.0000000000000000
0.1000000238418579 0.1000000238418579 0.1000000238418579 0.1000000238418579 0.1000000238418579 0.1000000238418579
0.0000000000000000 0.0000000000000000 0.0000000000000000 0.0000000000000000 0.0000000000000000 0.0000000000000000
0.1000000312924385 0.1000000312924385 0.1000000312924385 0.1000000312924385 0.1000000312924385 0.1000000312924385
0.0000000000000000 0.0000000000000000 0.0000000000000000 0.0000000000000000 0.0000000000000000 0.0000000000000000
0.1000000461935997 0.1000000461935997 0.1000000461935997 0.1000000461935997 0.1000000461935997 0.1000000461935997
0.1000000312924385 0.1000000312924385 0.1000000312924385 0.1000000312924385 0.1000000312924385 0.1000000312924385
0.1000000387430191 0.1000000387430191 0.1000000387430191 0.1000000387430191 0.1000000387430191 0.1000000387430191
0.1000000387430191 0.1000000387430191 0.1000000387430191 0.1000000387430191 0.1000000387430191 0.1000000387430191
0.1000000238418579 0.1000000238418579 0.1000000238418579 0.1000000238418579 0.1000000238418579 0.1000000238418579
0.1000000238418579 0.1000000238418579 0.1000000238418579 0.1000000238418579 0.1000000238418579 0.1000000238418579
0.0000000000000000 0.0000000000000000 0.0000000000000000 0.0000000000000000 0.0000000000000000 0.0000000000000000
0.0000000000000000 0.0000000000000000 0.0000000000000000 0.0000000000000000 0.0000000000000000 0.0000000000000000
0.0000000000000000 0.0000000000000000 0.0000000000000000 0.0000000000000000 0.0000000000000000 0.0000000000000000
0.0000000000000000 0.0000000000000000 0.0000000000000000 0.0000000000000000 0.0000000000000000 0.0000000000000000
0.0000000000000000 0.0000000000000000 0.0000000000000000 0.0000000000000000 0.0000000000000000 0.0000000000000000
0.0000000000000000 0.0000000000000000 0.0000000000000000 0.0000000000000000 0.0000000000000000 0.0000000000000000
0.0000000000000000 0.0000000000000000 0.0000000000000000 0.0000000000000000 0.0000000000000000 0.0000000000000000
0.0000000000000000 0.0000000000000000 0.0000000000000000 0.0000000000000000 0.0000000000000000 0.0000000000000000
0.0000000000000000 0.0000000000000000 0.0000000000000000 0.0000000000000000 0.0000000000000000 0.0000000000000000
0.0000000000000000 0.0000000000000000 0.0000000000000000 0.0000000000000000 0.0000000000000000 0.0000000000000000
0.1000000238418579 0.1000000238418579 0.1000000238418579 0.1000000238418579 0.1000000238418579 0.1000000238418579
0.1000000163912773 0.1000000163912773 0.1000000163912773 0.1000000163912773 0.1000000163912773 0.1000000163912773
0.1000000238418579 0.1000000238418579 0.1000000238418579 0.1000000238418579 0.1000000238418579 0.1000000238418579
0.1000000163912773 0.1000000163912773 0.1000000163912773 0.1000000163912773 0.1000000163912773 0.1000000163912773
0.1000000089406967 0.1000000089406967 0.1000000089406967 0.1000000089406967 0.1000000089406967 0.1000000089406967
0.1000000089406967 0.1000000089406967 0.1000000089406967 0.1000000089406967 0.1000000089406967 0.1000000089406967
0.0000000000000000 0.0000000000000000 0.0000000000000000 0.0000000000000000 0.0000000000000000 0.0000000000000000
0.0000000000000000 0.0000000000000000 0.0000000000000000 0.0000000000000000 0.0000000000000000 0.0000000000000000
0.0000000000000000 0.0000000000000000 0.0000000000000000 0.0000000000000000 0.0000000000000000 0.0000000000000000
0.0000000000000000 0.0000000000000000 0.0000000000000000 0.0000000000000000 0.0000000000000000 0.0000000000000000
0.0000000000000000 0.0000000000000000 0.0000000000000000 0.0000000000000000 0.0000000000000000 0.0000000000000000
0.0000000000000000 0.0000000000000000 0.0000000000000000 0.0000000000000000 0.0000000000000000 0.0000000000000000
0.0000000000000000 0.0000000000000000 0.0000000000000000 0.0000000000000000 0.0000000000000000 0.0000000000000000
0.1000000089406967 0.1000000089406967 0.1000000089406967 0.1000000089406967 0.1000000089406967 0.1000000089406967
0.1000000089406967 0.1000000089406967 0.1000000089406967 0.1000000089406967 0.1000000089406967 0.1000000089406967
0.0000000000000000 0.0000000000000000 0.0000000000000000 0.0000000000000000 0.0000000000000000 0.0000000000000000
0.0000000000000000 0.0000000000000000 0.0000000000000000 0.0000000000000000 0.0000000000000000 0.0000000000000000
0.9999999403953552 0.9999999403953552 0.9999999403953552 0.9999999403953552 0
1.0000002384185791 1.0000002384185791 1.0000002384185791 1.0000002384185791 0
1.0000002384185791 1.0000002384185791 1.0000002384185791 1.0000002384185791 0
1.0000002384185791 1.0000002384185791 1.0000002384185791 1.0000002384185791 0
1.0000003576278687 1.0000003576278687 1.0000003576278687 1.0000003576278687 0
1.0000001192092896 1.0000001192092896 1.0000001192092896 1.0000001192092896 0
1.0000001192092896 1.0000001192092896 1.0000001192092896 1.0000001192092896 0
0.9999999403953552 0.9999999403953552 0.9999999403953552 0.9999999403953552 0
1.0000001192092896 1.0000001192092896 1.0000001192092896 1.0000001192092896 0
1.0000003576278687 1.0000003576278687 1.0000003576278687 1.0000003576278687 0
1.0000001192092896 1.0000001192092896 1.0000001192092896 1.0000001192092896 0
1.0000007152557373 1.0000007152557373 1.0000007152557373 1.0000007152557373 0
1.0000008344650269 1.0000008344650269 1.0000008344650269 1.0000008344650269 0
1.0000003576278687 1.0000003576278687 1.0000003576278687 1.0000003576278687 0
1.0000002384185791 1.0000002384185791 1.0000002384185791 1.0000002384185791 0
1.0000000000000000 1.0000000000000000 1.0000000000000000 1.0000000000000000 0
1.0000001192092896 1.0000001192092896 1.0000001192092896 1.0000001192092896 0
1.0000002384185791 1.0000002384185791 1.0000002384185791 1.0000002384185791 0
1.0000007152557373 1.0000007152557373 1.0000007152557373 1.0000007152557373 0
1.0000010728836060 1.0000010728836060 1.0000010728836060 1.0000010728836060 0
1.0000010728836060 1.0000010728836060 1.0000010728836060 1.0000010728836060 0
1.0000007152557373 1.0000007152557373 1.0000007152557373 1.0000007152557373 0
1.0000004768371582 1.0000004768371582 1.0000004768371582 1.0000004768371582 0
1.0000000000000000 1.0000000000000000 1.0000000000000000 1.0000000000000000 0
1.0000001192092896 1.0000001192092896 1.0000001192092896 1.0000001192092896 0
1.0000004768371582 1.0000004768371582 1.0000004768371582 1.0000004768371582 0
1.0000008344650269 1.0000008344650269 1.0000008344650269 1.0000008344650269 0
1.0000011920928955 1.0000011920928955 1.0000011920928955 1.0000011920928955 0
1.0000013113021851 1.0000013113021851 1.0000013113021851 1.0000013113021851 0
1.0000008344650269 1.0000008344650269 1.0000008344650269 1.0000008344650269 0
1.0000005960464478 1.0000005960464478 1.0000005960464478 1.0000005960464478 0
1.0000000000000000 1.0000000000000000 1.0000000000000000 1.0000000000000000 0
1.0000000000000000 1.0000000000000000 1.0000000000000000 1.0000000000000000 0
1.0000002384185791 1.0000002384185791 1.0000002384185791 1.0000002384185791 0
1.0000007152557373 1.0000007152557373 1.0000007152557373 1.0000007152557373 0
1.0000009536743164 1.0000009536743164 1.0000009536743164 1.0000009536743164 0
1.0000010728836060 1.0000010728836060 1.0000010728836060 1.0000010728836060 0
1.0000007152557373 1.0000007152557373 1.0000007152557373 1.0000007152557373 0
1.0000004768371582 1.0000004768371582 1.0000004768371582 1.0000004768371582 0
0.9999998807907104 0.9999998807907104 0.9999998807907104 0.9999998807907104 0
0.9999998807907104 0.9999998807907104 0.9999998807907104 0.9999998807907104 0
1.0000001192092896 1.0000001192092896 1.0000001192092896 1.0000001192092896 0
1.0000002384185791 1.0000002384185791 1.0000002384185791 1.0000002384185791 0
1.0000005960464478 1.0000005960464478 1.0000005960464478 1.0000005960464478 0
1.0000008344650269 1.0000008344650269 1.0000008344650269 1.0000008344650269 0
1.0000004768371582 1.0000004768371582 1.0000004768371582 1.0000004768371582 0
1.0000003576278687 1.0000003576278687 1.0000003576278687 1.0000003576278687 0
0.9999998211860657 0.9999998211860657 0.9999998211860657 0.9999998211860657 0
0.9999999403953552 0.9999999403953552 0.9999999403953552 0.9999999403953552 0
0.9999999403953552 0.9999999403953552 0.9999999403953552 0.9999999403953552 0
1.0000000000000000 1.0000000000000000 1.0000000000000000 1.0000000000000000 0
1.0000003576278687 1.0000003576278687 1.0000003576278687 1.0000003576278687 0
1.0000005960464478 1.0000005960464478 1.0000005960464478 1.0000005960464478 0
1.0000002384185791 1.0000002384185791 1.0000002384185791 1.0000002384185791 0
0.9999999403953552 0.9999999403953552 0.9999999403953552 0.9999999403953552 0
0.9999997019767761 0.9999997019767761 0.9999997019767761 0.9999997019767761 0
0.9999998807907104 0.9999998807907104 0.9999998807907104 0.9999998807907104 0
1.0000001192092896 1.0000001192092896 1.0000001192092896 1.0000001192092896 0
0.9999999403953552 0.9999999403953552 0.9999999403953552 0.9999999403953552 0
1.0000002384185791 1.0000002384185791 1.0000002384185791 1.0000002384185791 0
1.0000002384185791 1.0000002384185791 1.0000002384185791 1.0000002384185791 0
0.9999999403953552 0.9999999403953552 0.9999999403953552 0.9999999403953552 0
0.9999999403953552 0.9999999403953552 0.9999999403953552 0.9999999403953552 0
0.9999997019767761 0.9999997019767761 0.9999997019767761 0.9999997019767761 0
0.0000000000000000 0.0000000000000000 0.0000000000000000 0.0000000000000000 0.0000000000000000 0.0000000000000000
0.0000000000000000 0.0000000000000000 0.0000000000000000 0.0000000000000000 0.0000000000000000 0.0000000000000000
0.0000000000000000 0.0000000000000000 0.0000000000000000 0.0000000000000000 0.0000000000000000 0.0000000000000000
0.0000000000000000 0.0000000000000000 0.0000000000000000 0.0000000000000000 0.0000000000000000 0.0000000000000000
0.1000000387430191 0.1000000387430191 0.1000000387430191 0.1000000387430191 0.1000000387430191 0.1000000387430191
0.1000000238418579 0.1000000238418579 0.1000000238418579 0.1000000238418579 0.1000000238418579 0.1000000238418579
0.0000000000000000 0.0000000000000000 0.0000000000000000 0.0000000000000000 0.0000000000000000 0.0000000000000000
0.1000000461935997 0.1000000461935997 0.1000000461935997 0.1000000461935997 0.1000000461935997 0.1000000461935997
0.1000000536441803 0.1000000536441803 0.1000000536441803 0.1000000536441803 0.1000000536441803 0.1000000536441803
0.0000000000000000 0.0000000000000000 0.0000000000000000 0.0000000000000000 0.0000000000000000 0.0000000000000000
0.1000000685453415 0.1000000685453415 0.1000000685453415 0.1000000685453415 0.1000000685453415 0.1000000685453415
0.1000000983476639 0.1000000983476639 0.1000000983476639 0.1000000983476639 0.1000000983476639 0.1000000983476639
0.1000000536441803 0.1000000536441803 0.1000000536441803 0.1000000536441803 0.1000000536441803 0.1000000536441803
0.1000000610947609 0.1000000610947609 0.1000000610947609 0.1000000610947609 0.1000000610947609 0.1000000610947609
0.1000001057982445 0.1000001057982445 0.1000001057982445 0.1000001057982445 0.1000001057982445 0.1000001057982445
0.1000000685453415 0.1000000685453415 0.1000000685453415 0.1000000685453415 0.1000000685453415 0.1000000685453415
0.1000000163912773 0.1000000163912773 0.1000000163912773 0.1000000163912773 0.1000000163912773 0.1000000163912773
0.1000000461935997 0.1000000461935997 0.1000000461935997 0.1000000461935997 0.1000000461935997 0.1000000461935997
0.1000000089406967 0.1000000089406967 0.1000000089406967 0.1000000089406967 0.1000000089406967 0.1000000089406967
0.0000000000000000 0.0000000000000000 0.0000000000000000 0.0000000000000000 0.0000000000000000 0.0000000000000000
0.1000000312924385 0.1000000312924385 0.1000000312924385 0.1000000312924385 0.1000000312924385 0.1000000312924385
0.0000000000000000 0.0000000000000000 0.0000000000000000 0.0000000000000000 0.0000000000000000 0.0000000000000000
0.0000000000000000 0.0000000000000000 0.0000000000000000 0.0000000000000000 0.0000000000000000 0.0000000000000000
0.1000000238418579 0.1000000238418579 0.1000000238418579 0.1000000238418579 0.1000000238418579 0.1000000238418579
0.1000000387430191 0.1000000387430191 0.1000000387430191 0.1000000387430191 0.1000000387430191 0.1000000387430191
0.0000000000000000 0.0000000000000000 0.0000000000000000 0.0000000000000000 0.0000000000000000 0.0000000000000000
0.0000000000000000 0.0000000000000000 0.0000000000000000 0.0000000000000000 0.0000000000000000 0.0000000000000000
0.1000001132488251 0.1000001132488251 0.1000001132488251 0.1000001132488251 0.1000001132488251 0.1000001132488251
0.1000000610947609 0.1000000610947609 0.1000000610947609 0.1000000610947609 0.1000000610947609 0.1000000610947609
0.1000001505017281 0.1000001505017281 0.1000001505017281 0.1000001505017281 0.1000001505017281 0.1000001505017281
0.1000001505017281 0.1000001505017281 0.1000001505017281 0.1000001505017281 0.1000001505017281 0.1000001505017281
0.1000001877546310 0.1000001877546310 0.1000001877546310 0.1000001877546310 0.1000001877546310 0.1000001877546310
0.1000002250075340 0.1000002250075340 0.1000002250075340 0.1000002250075340 0.1000002250075340 0.1000002250075340
0.1000001728534698 0.1000001728534698 0.1000001728534698 0.1000001728534698 0.1000001728534698 0.1000001728534698
0.1000002175569534 0.1000002175569534 0.1000002175569534 0.1000002175569534 0.1000002175569534 0.1000002175569534
0.1000001132488251 0.1000001132488251 0.1000001132488251 0.1000001132488251 0.1000001132488251 0.1000001132488251
0.1000001505017281 0.1000001505017281 0.1000001505017281 0.1000001505017281 0.1000001505017281 0.1000001505017281
0.1000000387430191 0.1000000387430191 0.1000000387430191 0.1000000387430191 0.1000000387430191 0.1000000387430191
0.1000001057982445 0.1000001057982445 0.1000001057982445 0.1000001057982445 0.1000001057982445 0.1000001057982445
0.0000000000000000 0.0000000000000000 0.0000000000000000 0.0000000000000000 0.0000000000000000 0.0000000000000000
0.1000000461935997 0.1000000461935997 0.1000000461935997 0.1000000461935997 0.1000000461935997 0.1000000461935997
0.0000000000000000 0.0000000000000000 0.0000000000000000 0.0000000000000000 0.0000000000000000 0.0000000000000000
0.0000000000000000 0.0000000000000000 0.0000000000000000 0.0000000000000000 0.0000000000000000 0.0000000000000000
0.1000001728534698 0.1000001728534698 0.1000001728534698 0.1000001728534698 0.1000001728534698 0.1000001728534698
0.1000000685453415 0.1000000685453415 0.1000000685453415 0.1000000685453415 0.1000000685453415 0.1000000685453415
0.1000002548098564 0.1000002548098564 0.1000002548098564 0.1000002548098564 0.1000002548098564 0.1000002548098564
0.1000002250075340 0.1000002250075340 0.1000002250075340 0.1000002250075340 0.1000002250075340 0.1000002250075340
0.1000002697110176 0.1000002697110176 0.1000002697110176 0.1000002697110176 0.1000002697110176 0.1000002697110176
0.1000002771615982 0.1000002771615982 0.1000002771615982 0.1000002771615982 0.1000002771615982 0.1000002771615982
0.1000002473592758 0.1000002473592758 0.1000002473592758 0.1000002473592758 0.1000002473592758 0.1000002473592758
0.1000002622604370 0.1000002622604370 0.1000002622604370 0.1000002622604370 0.1000002622604370 0.1000002622604370
0.1000001728534698 0.1000001728534698 0.1000001728534698 0.1000001728534698 0.1000001728534698 0.1000001728534698
0.1000002026557922 0.1000002026557922 0.1000002026557922 0.1000002026557922 0.1000002026557922 0.1000002026557922
0.1000000685453415 0.1000000685453415 0.1000000685453415 0.1000000685453415 0.1000000685453415 0.1000000685453415
0.1000001430511475 0.1000001430511475 0.1000001430511475 0.1000001430511475 0.1000001430511475 0.1000001430511475
0.0000000000000000 0.0000000000000000 0.0000000000000000 0.0000000000000000 0.0000000000000000 0.0000000000000000
0.1000000387430191 0.1000000387430191 0.1000000387430191 0.1000000387430191 0.1000000387430191 0.1000000387430191
0.0000000000000000 0.0000000000000000 0.0000000000000000 0.0000000000000000 0.0000000000000000 0.0000000000000000
0.0000000000000000 0.0000000000000000 0.0000000000000000 0.0000000000000000 0.0000000000000000 0.0000000000000000
0.1000001803040504 0.1000001803040504 0.1000001803040504 0.1000001803040504 0.1000001803040504 0.1000001803040504
0.1000000610947609 0.1000000610947609 0.1000000610947609 0.1000000610947609 0.1000000610947609 0.1000000610947609
0.1000002622604370 0.1000002622604370 0.1000002622604370 0.1000002622604370 0.1000002622604370 0.1000002622604370
0.1000002026557922 0.1000002026557922 0.1000002026557922 0.1000002026557922 0.1000002026557922 0.1000002026557922
0.1000002771615982 0.1000002771615982 0.1000002771615982 0.1000002771615982 0.1000002771615982 0.1000002771615982
0.1000002622604370 0.1000002622604370 0.1000002622604370 0.1000002622604370 0.1000002622604370 0.1000002622604370
0.1000002548098564 0.1000002548098564 0.1000002548098564 0.1000002548098564 0.1000002548098564 0.1000002548098564
0.1000002473592758 0.1000002473592758 0.1000002473592758 0.1000002473592758 0.1000002473592758 0.1000002473592758
0.1000001803040504 0.1000001803040504 0.1000001803040504 0.1000001803040504 0.1000001803040504 0.1000001803040504
0.1000001877546310 0.1000001877546310 0.1000001877546310 0.1000001877546310 0.1000001877546310 0.1000001877546310
0.1000000610947609 0.1000000610947609 0.1000000610947609 0.1000000610947609 0.1000000610947609 0.1000000610947609
0.1000001356005669 0.1000001356005669 0.1000001356005669 0.1000001356005669 0.1000001356005669 0.1000001356005669
0.0000000000000000 0.0000000000000000 0.0000000000000000 0.0000000000000000 0.0000000000000000 0.0000000000000000
0.1000000312924385 0.1000000312924385 0.1000000312924385 0.1000000312924385 0.1000000312924385 0.1000000312924385
0.0000000000000000 0.0000000000000000 0.0000000000000000 0.0000000000000000 0.0000000000000000 0.0000000000000000
0.0000000000000000 0.0000000000000000 0.0000000000000000 0.0000000000000000 0.0000000000000000 0.0000000000000000
0.1000001654028893 0.1000001654028893 0.1000001654028893 0.1000001654028893 0.1000001654028893 0.1000001654028893
0.1000000387430191 0.1000000387430191 0.1000000387430191 0.1000000387430191 0.1000000387430191 0.1000000387430191
0.1000002324581146 0.1000002324581146 0.1000002324581146 0.1000002324581146 0.1000002324581146 0.1000002324581146
0.1000001505017281 0.1000001505017281 0.1000001505017281 0.1000001505017281 0.1000001505017281 0.1000001505017281
0.1000002548098564 0.1000002548098564 0.1000002548098564 0.1000002548098564 0.1000002548098564 0.1000002548098564
0.1000002026557922 0.1000002026557922 0.1000002026557922 0.1000002026557922 0.1000002026557922 0.1000002026557922
0.1000002399086952 0.1000002399086952 0.1000002399086952 0.1000002399086952 0.1000002399086952 0.1000002399086952
0.1000002101063728 0.1000002101063728 0.1000002101063728 0.1000002101063728 0.1000002101063728 0.1000002101063728
0.1000001728534698 0.1000001728534698 0.1000001728534698 0.1000001728534698 0.1000001728534698 0.1000001728534698
0.1000001654028893 0.1000001654028893 0.1000001654028893 0.1000001654028893 0.1000001654028893 0.1000001654028893
0.1000000610947609 0.1000000610947609 0.1000000610947609 0.1000000610947609 0.1000000610947609 0.1000000610947609
0.1000001206994057 0.1000001206994057 0.1000001206994057 0.1000001206994057 0.1000001206994057 0.1000001206994057
0.0000000000000000 0.0000000000000000 0.0000000000000000 0.0000000000000000 0.0000000000000000 0.0000000000000000
0.0000000000000000 0.0000000000000000 0.0000000000000000 0.0000000000000000 0.0000000000000000 0.0000000000000000
0.0000000000000000 0.0000000000000000 0.0000000000000000 0.0000000000000000 0.0000000000000000 0.0000000000000000
0.0000000000000000 0.0000000000000000 0.0000000000000000 0.0000000000000000 0.0000000000000000 0.0000000000000000
0.1000000983476639 0.1000000983476639 0.1000000983476639 0.1000000983476639 0.1000000983476639 0.1000000983476639
0.0000000000000000 0.0000000000000000 0.0000000000000000 0.0000000000000000 0.0000000000000000 0.0000000000000000
0.1000001505017281 0.1000001505017281 0.1000001505017281 0.1000001505017281 0.1000001505017281 0.1000001505017281
0.1000000685453415 0.1000000685453415 0.1000000685453415 0.1000000685453415 0.1000000685453415 0.1000000685453415
0.1000001728534698 0.1000001728534698 0.1000001728534698 0.1000001728534698 0.1000001728534698 0.1000001728534698
0.1000001206994057 0.1000001206994057 0.1000001206994057 0.1000001206994057 0.1000001206994057 0.1000001206994057
0.1000001803040504 0.1000001803040504 0.1000001803040504 0.1000001803040504 0.1000001803040504 0.1000001803040504
0.1000001430511475 0.1000001430511475 0.1000001430511475 0.1000001430511475 0.1000001430511475 0.1000001430511475
0.1000001281499863 0.1000001281499863 0.1000001281499863 0.1000001281499863 0.1000001281499863 0.1000001281499863
0.1000000983476639 0.1000000983476639 0.1000000983476639 0.1000000983476639 0.1000000983476639 0.1000000983476639
0.1000000312924385 0.1000000312924385 0.1000000312924385 0.1000000312924385 0.1000000312924385 0.1000000312924385
0.1000000610947609 0.1000000610947609 0.1000000610947609 0.1000000610947609 0.1000000610947609 0.1000000610947609
0.0000000000000000 0.0000000000000000 0.0000000000000000 0.0000000000000000 0.0000000000000000 0.0000000000000000
0.0000000000000000 0.0000000000000000 0.0000000000000000 0.0000000000000000 0.0000000000000000 0.0000000000000000
0.0000000000000000 0.0000000000000000 0.0000000000000000 0.0000000000000000 0.0000000000000000 0.0000000000000000
0.0000000000000000 0.0000000000000000 0.0000000000000000 0.0000000000000000 0.0000000000000000 0.0000000000000000
0.1000000238418579 0.1000000238418579 0.1000000238418579 0.1000000238418579 0.1000000238418579 0.1000000238418579
0.0000000000000000 0.0000000000000000 0.0000000000000000 0.0000000000000000 0.0000000000000000 0.0000000000000000
0.1000000536441803 0.1000000536441803 0.1000000536441803 0.1000000536441803 0.1000000536441803 0.1000000536441803
0.1000000089406967 0.1000000089406967 0.1000000089406967 0.1000000089406967 0.1000000089406967 0.1000000089406967
0.1000000908970833 0.1000000908970833 0.1000000908970833 0.1000000908970833 0.1000000908970833 0.1000000908970833
0.1000000536441803 0.1000000536441803 0.1000000536441803 0.1000000536441803 0.1000000536441803 0.1000000536441803
0.1000000983476639 0.1000000983476639 0.1000000983476639 0.1000000983476639 0.1000000983476639 0.1000000983476639
0.1000000685453415 0.1000000685453415 0.1000000685453415 0.1000000685453415 0.1000000685453415 0.1000000685453415
0.1000000387430191 0.1000000387430191 0.1000000387430191 0.1000000387430191 0.1000000387430191 0.1000000387430191
0.1000000238418579 0.1000000238418579 0.1000000238418579 0.1000000238418579 0.1000000238418579 0.1000000238418579
0.0000000000000000 0.0000000000000000 0.0000000000000000 0.0000000000000000 0.0000000000000000 0.0000000000000000
0.1000000089406967 0.1000000089406967 0.1000000089406967 0.1000000089406967 0.1000000089406967 0.1000000089406967
0.0000000000000000 0.0000000000000000 0.0000000000000000 0.0000000000000000 0.0000000000000000 0.0000000000000000
0.0000000000000000 0.0000000000000000 0.0000000000000000 0.0000000000000000 0.0000000000000000 0.0000000000000000
0.0000000000000000 0.0000000000000000 0.0000000000000000 0.0000000000000000 0.0000000000000000 0.0000000000000000
0.0000000000000000 0.0000000000000000 0.0000000000000000 0.0000000000000000 0.0000000000000000 0.0000000000000000
0.0000000000000000 0.0000000000000000 0.0000000000000000 0.0000000000000000 0.0000000000000000 0.0000000000000000
0.1000000387430191 0.1000000387430191 0.1000000387430191 0.1000000387430191 0.1000000387430191 0.1000000387430191
0.1000000312924385 0.1000000312924385 0.1000000312924385 0.1000000312924385 0.1000000312924385 0.1000000312924385
0.0000000000000000 0.0000000000000000 0.0000000000000000 0.0000000000000000 0.0000000000000000 0.0000000000000000
0.0000000000000000 0.0000000000000000 0.0000000000000000 0.0000000000000000 0.0000000000000000 0.0000000000000000
1.0000001192092896 1.0000001192092896 1.0000001192092896 1.0000001192092896 0
1.0000001192092896 1.0000001192092896 1.0000001192092896 1.0000001192092896 0
1.0000000000000000 1.0000000000000000 1.0000000000000000 1.0000000000000000 0
0.9999999403953552 0.9999999403953552 0.9999999403953552 0.9999999403953552 0
0.9999998807907104 0.9999998807907104 0.9999998807907104 0.9999998807907104 0
0.9999998211860657 0.9999998211860657 0.9999998211860657 0.9999998211860657 0
1.0000002384185791 1.0000002384185791 1.0000002384185791 1.0000002384185791 0
1.0000000000000000 1.0000000000000000 1.0000000000000000 1.0000000000000000 0
1.0000002384185791 1.0000002384185791 1.0000002384185791 1.0000002384185791 0
1.0000003576278687 1.0000003576278687 1.0000003576278687 1.0000003576278687 0
1.0000003576278687 1.0000003576278687 1.0000003576278687 1.0000003576278687 0
1.0000004768371582 1.0000004768371582 1.0000004768371582 1.0000004768371582 0
1.0000003576278687 1.0000003576278687 1.0000003576278687 1.0000003576278687 0
1.0000003576278687 1.0000003576278687 1.0000003576278687 1.0000003576278687 0
1.0000001192092896 1.0000001192092896 1.0000001192092896 1.0000001192092896 0
0.9999999403953552 0.9999999403953552 0.9999999403953552 0.9999999403953552 0
1.0000002384185791 1.0000002384185791 1.0000002384185791 1.0000002384185791 0
1.0000000000000000 1.0000000000000000 1.0000000000000000 1.0000000000000000 0
1.0000004768371582 1.0000004768371582 1.0000004768371582 1.0000004768371582 0
1.0000007152557373 1.0000007152557373 1.0000007152557373 1.0000007152557373 0
1.0000005960464478 1.0000005960464478 1.0000005960464478 1.0000005960464478 0
1.0000002384185791 1.0000002384185791 1.0000002384185791 1.0000002384185791 0
1.0000002384185791 1.0000002384185791 1.0000002384185791 1.0000002384185791 0
1.0000001192092896 1.0000001192092896 1.0000001192092896 1.0000001192092896 0
1.0000001192092896 1.0000001192092896 1.0000001192092896 1.0000001192092896 0
1.0000005960464478 1.0000005960464478 1.0000005960464478 1.0000005960464478 0
1.0000010728836060 1.0000010728836060 1.0000010728836060 1.0000010728836060 0
1.0000010728836060 1.0000010728836060 1.0000010728836060 1.0000010728836060 0
1.0000009536743164 1.0000009536743164 1.0000009536743164 1.0000009536743164 0
1.0000007152557373 1.0000007152557373 1.0000007152557373 1.0000007152557373 0
1.0000002384185791 1.0000002384185791 1.0000002384185791 1.0000002384185791 0
1.0000001192092896 1.0000001192092896 1.0000001192092896 1.0000001192092896 0
1.0000002384185791 1.0000002384185791 1.0000002384185791 1.0000002384185791 0
1.0000007152557373 1.0000007152557373 1.0000007152557373 1.0000007152557373 0
1.0000010728836060 1.0000010728836060 1.0000010728836060 1.0000010728836060 0
1.0000011920928955 1.0000011920928955 1.0000011920928955 1.0000011920928955 0
1.0000010728836060 1.0000010728836060 1.0000010728836060 1.0000010728836060 0
1.0000008344650269 1.0000008344650269 1.0000008344650269 1.0000008344650269 0
1.0000003576278687 1.0000003576278687 1.0000003576278687 1.0000003576278687 0
1.0000001192092896 1.0000001192092896 1.0000001192092896 1.0000001192092896 0
0.9999998807907104 0.9999998807907104 0.9999998807907104 0.9999998807907104 0
1.0000002384185791 1.0000002384185791 1.0000002384185791 1.0000002384185791 0
1.0000003576278687 1.0000003576278687 1.0000003576278687 1.0000003576278687 0
1.0000005960464478 1.0000005960464478 1.0000005960464478 1.0000005960464478 0
1.0000005960464478 1.0000005960464478 1.0000005960464478 1.0000005960464478 0
1.0000004768371582 1.0000004768371582 1.0000004768371582 1.0000004768371582 0
1.0000001192092896 1.0000001192092896 1.0000001192092896 1.0000001192092896 0
0.9999997615814209 0.9999997615814209 0.9999997615814209 0.9999997615814209 0
1.0000000000000000 1.0000000000000000 1.0000000000000000 1.0000000000000000 0
0.9999998807907104 0.9999998807907104 0.9999998807907104 0.9999998807907104 0
0.9999994635581970 0.9999994635581970 0.9999994635581970 0.9999994635581970 0
1.0000002384185791 1.0000002384185791 1.0000002384185791 1.0000002384185791 0
1.0000004768371582 1.0000004768371582 1.0000004768371582 1.0000004768371582 0
1.0000002384185791 1.0000002384185791 1.0000002384185791 1.0000002384185791 0
0.9999999403953552 0.9999999403953552 0.9999999403953552 0.9999999403953552 0
0.9999998807907104 0.9999998807907104 0.9999998807907104 0.9999998807907104 0
1.0000000000000000 1.0000000000000000 1.0000000000000000 1.0000000000000000 0
1.0000001192092896 1.0000001192092896 1.0000001192092896 1.0000001192092896 0
1.0000002384185791 1.0000002384185791 1.0000002384185791 1.0000002384185791 0
1.0000002384185791 1.0000002384185791 1.0000002384185791 1.0000002384185791 0
1.0000000000000000 1.0000000000000000 1.0000000000000000 1.0000000000000000 0
1.0000000000000000 1.0000000000000000 1.0000000000000000 1.0000000000000000 0
0.9999997615814209 0.9999997615814209 0.9999997615814209 0.9999997615814209 0
0.9999998807907104 0.9999998807907104 0.9999998807907104 0.9999998807907104 0
0.0000000000000000 0.0000000000000000 0.0000000000000000 0.0000000000000000 0.0000000000000000 0.0000000000000000
0.0000000000000000 0.0000000000000000 0.0000000000000000 0.0000000000000000 0.0000000000000000 0.0000000000000000
0.0000000000000000 0.0000000000000000 0.0000000000000000 0.0000000000000000 0.0000000000000000 0.0000000000000000
0.0000000000000000 0.0000000000000000 0.0000000000000000 0.0000000000000000 0.0000000000000000 0.0000000000000000
0.0000000000000000 0.0000000000000000 0.0000000000000000 0.0000000000000000 0.0000000000000000 0.0000000000000000
0.1000000312924385 0.1000000312924385 0.1000000312924385 0.1000000312924385 0.1000000312924385 0.1000000312924385
0.0000000000000000 0.0000000000000000 0.0000000000000000 0.0000000000000000 0.0000000000000000 0.0000000000000000
0.0000000000000000 0.0000000000000000 0.0000000000000000 0.0000000000000000 0.0000000000000000 0.0000000000000000
0.1000000238418579 0.1000000238418579 0.1000000238418579 0.1000000238418579 0.1000000238418579 0.1000000238418579
0.0000000000000000 0.0000000000000000 0.0000000000000000 0.0000000000000000 0.0000000000000000 0.0000000000000000
0.0000000000000000 0.0000000000000000 0.0000000000000000 0.0000000000000000 0.0000000000000000 0.0000000000000000
0.0000000000000000 0.0000000000000000 0.0000000000000000 0.0000000000000000 0.0000000000000000 0.0000000000000000
0.0000000000000000 0.0000000000000000 0.0000000000000000 0.0000000000000000 0.0000000000000000 0.0000000000000000
0.0000000000000000 0.0000000000000000 0.0000000000000000 0.0000000000000000 0.0000000000000000 0.0000000000000000
0.0000000000000000 0.0000000000000000 0.0000000000000000 0.0000000000000000 0.0000000000000000 0.0000000000000000
0.0000000000000000 0.0000000000000000 0.0000000000000000 0.0000000000000000 0.0000000000000000 0.0000000000000000
0.0000000000000000 0.0000000000000000 0.0000000000000000 0.0000000000000000 0.0000000000000000 0.0000000000000000
0.1000000163912773 0.1000000163912773 0.1000000163912773 0.1000000163912773 0.1000000163912773 0.1000000163912773
0.0000000000000000 0.0000000000000000 0.0000000000000000 0.0000000000000000 0.0000000000000000 0.0000000000000000
0.1000000163912773 0.1000000163912773 0.1000000163912773 0.1000000163912773 0.1000000163912773 0.1000000163912773
0.1000000163912773 0.1000000163912773 0.1000000163912773 0.1000000163912773 0.1000000163912773 0.1000000163912773
0.0000000000000000 0.0000000000000000 0.0000000000000000 0.0000000000000000 0.0000000000000000 0.0000000000000000
0.0000000000000000 0.0000000000000000 0.0000000000000000 0.0000000000000000 0.0000000000000000 0.0000000000000000
0.0000000000000000 0.0000000000000000 0.0000000000000000 0.0000000000000000 0.0000000000000000 0.0000000000000000
0.1000000163912773 0.1000000163912773 0.1000000163912773 0.1000000163912773 0.1000000163912773 0.1000000163912773
0.0000000000000000 0.0000000000000000 0.0000000000000000 0.0000000000000000 0.0000000000000000 0.0000000000000000
0.1000000312924385 0.1000000312924385 0.1000000312924385 0.1000000312924385 0.1000000312924385 0.1000000312924385
0.1000000387430191 0.1000000387430191 0.1000000387430191 0.1000000387430191 0.1000000387430191 0.1000000387430191
0.1000000834465027 0.1000000834465027 0.1000000834465027 0.1000000834465027 0.1000000834465027 0.1000000834465027
0.1000000536441803 0.1000000536441803 0.1000000536441803 0.1000000536441803 0.1000000536441803 0.1000000536441803
0.1000001206994057 0.1000001206994057 0.1000001206994057 0.1000001206994057 0.1000001206994057 0.1000001206994057
0.1000000536441803 0.1000000536441803 0.1000000536441803 0.1000000536441803 0.1000000536441803 0.1000000536441803
0.1000001281499863 0.1000001281499863 0.1000001281499863 0.1000001281499863 0.1000001281499863 0.1000001281499863
0.1000000461935997 0.1000000461935997 0.1000000461935997 0.1000000461935997 0.1000000461935997 0.1000000461935997
0.1000001206994057 0.1000001206994057 0.1000001206994057 0.1000001206994057 0.1000001206994057 0.1000001206994057
0.1000000163912773 0.1000000163912773 0.1000000163912773 0.1000000163912773 0.1000000163912773 0.1000000163912773
0.1000000983476639 0.1000000983476639 0.1000000983476639 0.1000000983476639 0.1000000983476639 0.1000000983476639
0.0000000000000000 0.0000000000000000 0.0000000000000000 0.0000000000000000 0.0000000000000000 0.0000000000000000
0.1000000387430191 0.1000000387430191 0.1000000387430191 0.1000000387430191 0.1000000387430191 0.1000000387430191
0.0000000000000000 0.0000000000000000 0.0000000000000000 0.0000000000000000 0.0000000000000000 0.0000000000000000
0.1000000387430191 0.1000000387430191 0.1000000387430191 0.1000000387430191 0.1000000387430191 0.1000000387430191
0.1000000163912773 0.1000000163912773 0.1000000163912773 0.1000000163912773 0.1000000163912773 0.1000000163912773
0.1000000312924385 0.1000000312924385 0.1000000312924385 0.1000000312924385 0.1000000312924385 0.1000000312924385
0.1000001132488251 0.1000001132488251 0.1000001132488251 0.1000001132488251 0.1000001132488251 0.1000001132488251
0.1000001356005669 0.1000001356005669 0.1000001356005669 0.1000001356005669 0.1000001356005669 0.1000001356005669
0.1000001654028893 0.1000001654028893 0.1000001654028893 0.1000001654028893 0.1000001654028893 0.1000001654028893
0.1000002101063728 0.1000002101063728 0.1000002101063728 0.1000002101063728 0.1000002101063728 0.1000002101063728
0.1000001579523087 0.1000001579523087 0.1000001579523087 0.1000001579523087 0.1000001579523087 0.1000001579523087
0.1000002101063728 0.1000002101063728 0.1000002101063728 0.1000002101063728 0.1000002101063728 0.1000002101063728
0.1000001356005669 0.1000001356005669 0.1000001356005669 0.1000001356005669 0.1000001356005669 0.1000001356005669
0.1000002101063728 0.1000002101063728 0.1000002101063728 0.1000002101063728 0.1000002101063728 0.1000002101063728
0.1000000759959221 0.1000000759959221 0.1000000759959221 0.1000000759959221 0.1000000759959221 0.1000000759959221
0.1000001579523087 0.1000001579523087 0.1000001579523087 0.1000001579523087 0.1000001579523087 0.1000001579523087
0.1000000387430191 0.1000000387430191 0.1000000387430191 0.1000000387430191 0.1000000387430191 0.1000000387430191
0.1000000685453415 0.1000000685453415 0.1000000685453415 0.1000000685453415 0.1000000685453415 0.1000000685453415
0.1000000089406967 0.1000000089406967 0.1000000089406967 0.1000000089406967 0.1000000089406967 0.1000000089406967
0.1000000908970833 0.1000000908970833 0.1000000908970833 0.1000000908970833 0.1000000908970833 0.1000000908970833
0.1000000163912773 0.1000000163912773 0.1000000163912773 0.1000000163912773 0.1000000163912773 0.1000000163912773
0.1000000238418579 0.1000000238418579 0.1000000238418579 0.1000000238418579 0.1000000238418579 0.1000000238418579
0.1000002101063728 0.1000002101063728 0.1000002101063728 0.1000002101063728 0.1000002101063728 0.1000002101063728
0.1000001803040504 0.1000001803040504 0.1000001803040504 0.1000001803040504 0.1000001803040504 0.1000001803040504
0.1000002548098564 0.1000002548098564 0.1000002548098564 0.1000002548098564 0.1000002548098564 0.1000002548098564
0.1000002473592758 0.1000002473592758 0.1000002473592758 0.1000002473592758 0.1000002473592758 0.1000002473592758
0.1000002399086952 0.1000002399086952 0.1000002399086952 0.1000002399086952 0.1000002399086952 0.1000002399086952
0.1000002399086952 0.1000002399086952 0.1000002399086952 0.1000002399086952 0.1000002399086952 0.1000002399086952
0.1000002175569534 0.1000002175569534 0.1000002175569534 0.1000002175569534 0.1000002175569534 0.1000002175569534
0.1000002473592758 0.1000002473592758 0.1000002473592758 0.1000002473592758 0.1000002473592758 0.1000002473592758
0.1000001356005669 0.1000001356005669 0.1000001356005669 0.1000001356005669 0.1000001356005669 0.1000001356005669
0.1000002026557922 0.1000002026557922 0.1000002026557922 0.1000002026557922 0.1000002026557922 0.1000002026557922
0.1000000536441803 0.1000000536441803 0.1000000536441803 0.1000000536441803 0.1000000536441803 0.1000000536441803
0.1000000834465027 0.1000000834465027 0.1000000834465027 0.1000000834465027 0.1000000834465027 0.1000000834465027
0.0000000000000000 0.0000000000000000 0.0000000000000000 0.0000000000000000 0.0000000000000000 0.0000000000000000
0.1000000834465027 0.1000000834465027 0.1000000834465027 0.1000000834465027 0.1000000834465027 0.1000000834465027
0.0000000000000000 0.0000000000000000 0.0000000000000000 0.0000000000000000 0.0000000000000000 0.0000000000000000
0.1000000163912773 0.1000000163912773 0.1000000163912773 0.1000000163912773 0.1000000163912773 0.1000000163912773
0.1000001952052116 0.1000001952052116 0.1000001952052116 0.1000001952052116 0.1000001952052116 0.1000001952052116
0.1000001505017281 0.1000001505017281 0.1000001505017281 0.1000001505017281 0.1000001505017281 0.1000001505017281
0.1000002324581146 0.1000002324581146 0.1000002324581146 0.1000002324581146 0.1000002324581146 0.1000002324581146
0.1000001728534698 0.1000001728534698 0.1000001728534698 0.1000001728534698 0.1000001728534698 0.1000001728534698
0.1000002250075340 0.1000002250075340 0.1000002250075340 0.1000002250075340 0.1000002250075340 0.1000002250075340
0.1000001952052116 0.1000001952052116 0.1000001952052116 0.1000001952052116 0.1000001952052116 0.1000001952052116
0.1000002101063728 0.1000002101063728 0.1000002101063728 0.1000002101063728 0.1000002101063728 0.1000002101063728
0.1000002175569534 0.1000002175569534 0.1000002175569534 0.1000002175569534 0.1000002175569534 0.1000002175569534
0.1000001356005669 0.1000001356005669 0.1000001356005669 0.1000001356005669 0.1000001356005669 0.1000001356005669
0.1000001877546310 0.1000001877546310 0.1000001877546310 0.1000001877546310 0.1000001877546310 0.1000001877546310
0.1000000387430191 0.1000000387430191 0.1000000387430191 0.1000000387430191 0.1000000387430191 0.1000000387430191
0.1000000759959221 0.1000000759959221 0.1000000759959221 0.1000000759959221 0.1000000759959221 0.1000000759959221
0.0000000000000000 0.0000000000000000 0.0000000000000000 0.0000000000000000 0.0000000000000000 0.0000000000000000
0.1000000163912773 0.1000000163912773 0.1000000163912773 0.1000000163912773 0.1000000163912773 0.1000000163912773
0.0000000000000000 0.0000000000000000 0.0000000000000000 0.0000000000000000 0.0000000000000000 0.0000000000000000
0.0000000000000000 0.0000000000000000 0.0000000000000000 0.0000000000000000 0.0000000000000000 0.0000000000000000
0.1000000908970833 0.1000000908970833 0.1000000908970833 0.1000000908970833 0.1000000908970833 0.1000000908970833
0.1000000461935997 0.1000000461935997 0.1000000461935997 0.1000000461935997 0.1000000461935997 0.1000000461935997
0.1000001206994057 0.1000001206994057 0.1000001206994057 0.1000001206994057 0.1000001206994057 0.1000001206994057
0.0000000000000000 0.0000000000000000 0.0000000000000000 0.0000000000000000 0.0000000000000000 0.0000000000000000
0.1000001356005669 0.1000001356005669 0.1000001356005669 0.1000001356005669 0.1000001356005669 0.1000001356005669
0.1000000834465027 0.1000000834465027 0.1000000834465027 0.1000000834465027 0.1000000834465027 0.1000000834465027
0.1000001430511475 0.1000001430511475 0.1000001430511475 0.1000001430511475 0.1000001430511475 0.1000001430511475
0.1000001430511475 0.1000001430511475 0.1000001430511475 0.1000001430511475 0.1000001430511475 0.1000001430511475
0.1000000834465027 0.1000000834465027 0.1000000834465027 0.1000000834465027 0.1000000834465027 0.1000000834465027
0.1000001132488251 0.1000001132488251 0.1000001132488251 0.1000001132488251 0.1000001132488251 0.1000001132488251
0.0000000000000000 0.0000000000000000 0.0000000000000000 0.0000000000000000 0.0000000000000000 0.0000000000000000
0.1000000238418579 0.1000000238418579 0.1000000238418579 0.1000000238418579 0.1000000238418579 0.1000000238418579
0.0000000000000000 0.0000000000000000 0.0000000000000000 0.0000000000000000 0.0000000000000000 0.0000000000000000
0.0000000000000000 0.0000000000000000 0.0000000000000000 0.0000000000000000 0.0000000000000000 0.0000000000000000
0.0000000000000000 0.0000000000000000 0.0000000000000000 0.0000000000000000 0.0000000000000000 0.0000000000000000
0.0000000000000000 0.0000000000000000 0.0000000000000000 0.0000000000000000 0.0000000000000000 0.0000000000000000
0.0000000000000000 0.0000000000000000 0.0000000000000000 0.0000000000000000 0.0000000000000000 0.0000000000000000
0.1000000089406967 0.1000000089406967 0.1000000089406967 0.1000000089406967 0.1000000089406967 0.1000000089406967
0.0000000000000000 0.0000000000000000 0.0000000000000000 0.0000000000000000 0.0000000000000000 0.0000000000000000
0.1000000163912773 0.1000000163912773 0.1000000163912773 0.1000000163912773 0.1000000163912773 0.1000000163912773
0.1000000759959221 0.1000000759959221 0.1000000759959221 0.1000000759959221 0.1000000759959221 0.1000000759959221
0.1000000387430191 0.1000000387430191 0.1000000387430191 0.1000000387430191 0.1000000387430191 0.1000000387430191
0.1000001057982445 0.1000001057982445 0.1000001057982445 0.1000001057982445 0.1000001057982445 0.1000001057982445
0.1000000610947609 0.1000000610947609 0.1000000610947609 0.1000000610947609 0.1000000610947609 0.1000000610947609
0.1000000461935997 0.1000000461935997 0.1000000461935997 0.1000000461935997 0.1000000461935997 0.1000000461935997
0.1000000387430191 0.1000000387430191 0.1000000387430191 0.1000000387430191 0.1000000387430191 0.1000000387430191
0.0000000000000000 0.0000000000000000 0.0000000000000000 0.0000000000000000 0.0000000000000000 0.0000000000000000
0.0000000000000000 0.0000000000000000 0.0000000000000000 0.0000000000000000 0.0000000000000000 0.0000000000000000
0.0000000000000000 0.0000000000000000 0.0000000000000000 0.0000000000000000 0.0000000000000000 0.0000000000000000
0.0000000000000000 0.0000000000000000 0.0000000000000000 0.0000000000000000 0.0000000000000000 0.0000000000000000
0.0000000000000000 0.0000000000000000 0.0000000000000000 0.0000000000000000 0.0000000000000000 0.0000000000000000
0.0000000000000000 0.0000000000000000 0.0000000000000000 0.0000000000000000 0.0000000000000000 0.0000000000000000
0.0000000000000000 0.0000000000000000 0.0000000000000000 0.0000000000000000 0.0000000000000000 0.0000000000000000
0.1000000163912773 0.1000000163912773 0.1000000163912773 0.1000000163912773 0.1000000163912773 0.1000000163912773
0.0000000000000000 0.0000000000000000 0.0000000000000000 0.0000000000000000 0.0000000000000000 0.0000000000000000
0.0000000000000000 0.0000000000000000 0.0000000000000000 0.0000000000000000 0.0000000000000000 0.0000000000000000
0.0000000000000000 0.0000000000000000 0.0000000000000000 0.0000000000000000 0.0000000000000000 0.0000000000000000
1.0000013113021851 1.0000013113021851 1.0000013113021851 1.0000013113021851 0
1.0000004768371582 1.0000004768371582 1.0000004768371582 1.0000004768371582 0
0.9999995231628418 0.9999995231628418 0.9999995231628418 0.9999995231628418 0
1.0000004768371582 1.0000004768371582 1.0000004768371582 1.0000004768371582 0
1.0000008344650269 1.0000008344650269 1.0000008344650269 1.0000008344650269 0
1.0000001192092896 1.0000001192092896 1.0000001192092896 1.0000001192092896 0
0.9999994039535522 0.9999994039535522 0.9999994039535522 0.9999994039535522 0
0.9999989867210388 0.9999989867210388 0.9999989867210388 0.9999989867210388 0
1.0000007152557373 1.0000007152557373 1.0000007152557373 1.0000007152557373 0
0.9999997019767761 0.9999997019767761 0.9999997019767761 0.9999997019767761 0
1.0000032186508179 1.0000032186508179 1.0000032186508179 1.0000032186508179 0
1.0000028610229492 1.0000028610229492 1.0000028610229492 1.0000028610229492 0
1.0000026226043701 1.0000026226043701 1.0000026226043701 1.0000026226043701 0
1.0000022649765015 1.0000022649765015 1.0000022649765015 1.0000022649765015 0
1.0000019073486328 1.0000019073486328 1.0000019073486328 1.0000019073486328 0
0.9999994635581970 0.9999994635581970 0.9999994635581970 0.9999994635581970 0
0.9999987483024597 0.9999987483024597 0.9999987483024597 0.9999987483024597 0
1.0000015497207642 1.0000015497207642 1.0000015497207642 1.0000015497207642 0
1.0000051259994507 1.0000051259994507 1.0000051259994507 1.0000051259994507 0
1.0000047683715820 1.0000047683715820 1.0000047683715820 1.0000047683715820 0
1.0000040531158447 1.0000040531158447 1.0000040531158447 1.0000040531158447 0
1.0000038146972656 1.0000038146972656 1.0000038146972656 1.0000038146972656 0
1.0000033378601074 1.0000033378601074 1.0000033378601074 1.0000033378601074 0
0.9999991059303284 0.9999991059303284 0.9999991059303284 0.9999991059303284 0
0.9999979734420776 0.9999979734420776 0.9999979734420776 0.9999979734420776 0
1.0000007152557373 1.0000007152557373 1.0000007152557373 1.0000007152557373 0
1.0000041723251343 1.0000041723251343 1.0000041723251343 1.0000041723251343 0
1.0000038146972656 1.0000038146972656 1.0000038146972656 1.0000038146972656 0
1.0000030994415283 1.0000030994415283 1.0000030994415283 1.0000030994415283 0
1.0000028610229492 1.0000028610229492 1.0000028610229492 1.0000028610229492 0
1.0000023841857910 1.0000023841857910 1.0000023841857910 1.0000023841857910 0
0.9999982714653015 0.9999982714653015 0.9999982714653015 0.9999982714653015 0
0.9999985694885254 0.9999985694885254 0.9999985694885254 0.9999985694885254 0
1.0000011920928955 1.0000011920928955 1.0000011920928955 1.0000011920928955 0
1.0000044107437134 1.0000044107437134 1.0000044107437134 1.0000044107437134 0
1.0000039339065552 1.0000039339065552 1.0000039339065552 1.0000039339065552 0
1.0000033378601074 1.0000033378601074 1.0000033378601074 1.0000033378601074 0
1.0000030994415283 1.0000030994415283 1.0000030994415283 1.0000030994415283 0
1.0000028610229492 1.0000028610229492 1.0000028610229492 1.0000028610229492 0
0.9999988675117493 0.9999988675117493 0.9999988675117493 0.9999988675117493 0
0.9999983906745911 0.9999983906745911 0.9999983906745911 0.9999983906745911 0
1.0000004768371582 1.0000004768371582 1.0000004768371582 1.0000004768371582 0
1.0000033378601074 1.0000033378601074 1.0000033378601074 1.0000033378601074 0
1.0000029802322388 1.0000029802322388 1.0000029802322388 1.0000029802322388 0
1.0000027418136597 1.0000027418136597 1.0000027418136597 1.0000027418136597 0
1.0000026226043701 1.0000026226043701 1.0000026226043701 1.0000026226043701 0
1.0000026226043701 1.0000026226043701 1.0000026226043701 1.0000026226043701 0
0.9999988675117493 0.9999988675117493 0.9999988675117493 0.9999988675117493 0
0.9999979734420776 0.9999979734420776 0.9999979734420776 0.9999979734420776 0
0.9999996423721313 0.9999996423721313 0.9999996423721313 0.9999996423721313 0
1.0000013113021851 1.0000013113021851 1.0000013113021851 1.0000013113021851 0
1.0000010728836060 1.0000010728836060 1.0000010728836060 1.0000010728836060 0
1.0000013113021851 1.0000013113021851 1.0000013113021851 1.0000013113021851 0
1.0000010728836060 1.0000010728836060 1.0000010728836060 1.0000010728836060 0
1.0000013113021851 1.0000013113021851 1.0000013113021851 1.0000013113021851 0
0.9999978542327881 0.9999978542327881 0.9999978542327881 0.9999978542327881 0
0.9999994635581970 0.9999994635581970 0.9999994635581970 0.9999994635581970 0
0.9999982118606567 0.9999982118606567 0.9999982118606567 0.9999982118606567 0
0.9999995231628418 0.9999995231628418 0.9999995231628418 0.9999995231628418 0
1.0000000000000000 1.0000000000000000 1.0000000000000000 1.0000000000000000 0
1.0000008344650269 1.0000008344650269 1.0000008344650269 1.0000008344650269 0
0.9999997615814209 0.9999997615814209 0.9999997615814209 0.9999997615814209 0
0.9999991059303284 0.9999991059303284 0.9999991059303284 0.9999991059303284 0
0.9999980330467224 0.9999980330467224 0.9999980330467224 0.9999980330467224 0
0.1000000089406967 0.1000000089406967 0.1000000089406967 0.1000000089406967 0.1000000089406967 0.1000000089406967
0.0000000000000000 0.0000000000000000 0.0000000000000000 0.0000000000000000 0.0000000000000000 0.0000000000000000
0.0000000000000000 0.0000000000000000 0.0000000000000000 0.0000000000000000 0.0000000000000000 0.0000000000000000
0.1000000983476639 0.1000000983476639 0.1000000983476639 0.1000000983476639 0.1000000983476639 0.1000000983476639
0.0000000000000000 0.0000000000000000 0.0000000000000000 0.0000000000000000 0.0000000000000000 0.0000000000000000
0.1000001430511475 0.1000001430511475 0.1000001430511475 0.1000001430511475 0.1000001430511475 0.1000001430511475
0.0000000000000000 0.0000000000000000 0.0000000000000000 0.0000000000000000 0.0000000000000000 0.0000000000000000
0.1000001281499863 0.1000001281499863 0.1000001281499863 0.1000001281499863 0.1000001281499863 0.1000001281499863
0.1000008955597878 0.1000008955597878 0.1000008955597878 0.1000008955597878 0.1000008955597878 0.1000008955597878
0.1000002771615982 0.1000002771615982 0.1000002771615982 0.1000002771615982 0.1000002771615982 0.1000002771615982
0.0000000000000000 0.0000000000000000 0.0000000000000000 0.0000000000000000 0.0000000000000000 0.0000000000000000
0.1000004857778549 0.1000004857778549 0.1000004857778549 0.1000004857778549 0.1000004857778549 0.1000004857778549
0.0000000000000000 0.0000000000000000 0.0000000000000000 0.0000000000000000 0.0000000000000000 0.0000000000000000
0.0000000000000000 0.0000000000000000 0.0000000000000000 0.0000000000000000 0.0000000000000000 0.0000000000000000
0.1000003218650818 0.1000003218650818 0.1000003218650818 0.1000003218650818 0.1000003218650818 0.1000003218650818
0.0000000000000000 0.0000000000000000 0.0000000000000000 0.0000000000000000 0.0000000000000000 0.0000000000000000
0.1000000238418579 0.1000000238418579 0.1000000238418579 0.1000000238418579 0.1000000238418579 0.1000000238418579
0.1000006869435310 0.1000006869435310 0.1000006869435310 0.1000006869435310 0.1000006869435310 0.1000006869435310
0.1000002250075340 0.1000002250075340 0.1000002250075340 0.1000002250075340 0.1000002250075340 0.1000002250075340
0.0000000000000000 0.0000000000000000 0.0000000000000000 0.0000000000000000 0.0000000000000000 0.0000000000000000
0.1000001877546310 0.1000001877546310 0.1000001877546310 0.1000001877546310 0.1000001877546310 0.1000001877546310
0.0000000000000000 0.0000000000000000 0.0000000000000000 0.0000000000000000 0.0000000000000000 0.0000000000000000
0.0000000000000000 0.0000000000000000 0.0000000000000000 0.0000000000000000 0.0000000000000000 0.0000000000000000
0.1000000312924385 0.1000000312924385 0.1000000312924385 0.1000000312924385 0.1000000312924385 0.1000000312924385
0.0000000000000000 0.0000000000000000 0.0000000000000000 0.0000000000000000 0.0000000000000000 0.0000000000000000
0.0000000000000000 0.0000000000000000 0.0000000000000000 0.0000000000000000 0.0000000000000000 0.0000000000000000
0.0000000000000000 0.0000000000000000 0.0000000000000000 0.0000000000000000 0.0000000000000000 0.0000000000000000
0.1000002846121788 0.1000002846121788 0.1000002846121788 0.1000002846121788 0.1000002846121788 0.1000002846121788
0.1000003889203072 0.1000003889203072 0.1000003889203072 0.1000003889203072 0.1000003889203072 0.1000003889203072
0.1000008881092072 0.1000008881092072 0.1000008881092072 0.1000008881092072 0.1000008881092072 0.1000008881092072
0.1000015288591385 0.1000015288591385 0.1000015288591385 0.1000015288591385 0.1000015288591385 0.1000015288591385
0.1000005602836609 0.1000005602836609 0.1000005602836609 0.1000005602836609 0.1000005602836609 0.1000005602836609
0.1000009775161743 0.1000009775161743 0.1000009775161743 0.1000009775161743 0.1000009775161743 0.1000009775161743
0.1000004038214684 0.1000004038214684 0.1000004038214684 0.1000004038214684 0.1000004038214684 0.1000004038214684
0.1000006720423698 0.1000006720423698 0.1000006720423698 0.1000006720423698 0.1000006720423698 0.1000006720423698
0.1000005751848221 0.1000005751848221 0.1000005751848221 0.1000005751848221 0.1000005751848221 0.1000005751848221
0.1000011190772057 0.1000011190772057 0.1000011190772057 0.1000011190772057 0.1000011190772057 0.1000011190772057
0.1000000759959221 0.1000000759959221 0.1000000759959221 0.1000000759959221 0.1000000759959221 0.1000000759959221
0.1000006124377251 0.1000006124377251 0.1000006124377251 0.1000006124377251 0.1000006124377251 0.1000006124377251
0.0000000000000000 0.0000000000000000 0.0000000000000000 0.0000000000000000 0.0000000000000000 0.0000000000000000
0.0000000000000000 0.0000000000000000 0.0000000000000000 0.0000000000000000 0.0000000000000000 0.0000000000000000
0.0000000000000000 0.0000000000000000 0.0000000000000000 0.0000000000000000 0.0000000000000000 0.0000000000000000
0.0000000000000000 0.0000000000000000 0.0000000000000000 0.0000000000000000 0.0000000000000000 0.0000000000000000
0.1000007539987564 0.1000007539987564 0.1000007539987564 0.1000007539987564 0.1000007539987564 0.1000007539987564
0.1000005006790161 0.1000005006790161 0.1000005006790161 0.1000005006790161 0.1000005006790161 0.1000005006790161
0.1000013425946236 0.1000013425946236 0.1000013425946236 0.1000013425946236 0.1000013425946236 0.1000013425946236
0.1000016108155251 0.1000016108155251 0.1000016108155251 0.1000016108155251 0.1000016108155251 0.1000016108155251
0.1000009700655937 0.1000009700655937 0.1000009700655937 0.1000009700655937 0.1000009700655937 0.1000009700655937
0.1000010520219803 0.1000010520219803 0.1000010520219803 0.1000010520219803 0.1000010520219803 0.1000010520219803
0.1000007763504982 0.1000007763504982 0.1000007763504982 0.1000007763504982 0.1000007763504982 0.1000007763504982
0.1000007092952728 0.1000007092952728 0.1000007092952728 0.1000007092952728 0.1000007092952728 0.1000007092952728
0.1000009626150131 0.1000009626150131 0.1000009626150131 0.1000009626150131 0.1000009626150131 0.1000009626150131
0.1000011637806892 0.1000011637806892 0.1000011637806892 0.1000011637806892 0.1000011637806892 0.1000011637806892
0.1000002771615982 0.1000002771615982 0.1000002771615982 0.1000002771615982 0.1000002771615982 0.1000002771615982
0.1000006496906281 0.1000006496906281 0.1000006496906281 0.1000006496906281 0.1000006496906281 0.1000006496906281
0.0000000000000000 0.0000000000000000 0.0000000000000000 0.0000000000000000 0.0000000000000000 0.0000000000000000
0.0000000000000000 0.0000000000000000 0.0000000000000000 0.0000000000000000 0.0000000000000000 0.0000000000000000
0.0000000000000000 0.0000000000000000 0.0000000000000000 0.0000000000000000 0.0000000000000000 0.0000000000000000
0.0000000000000000 0.0000000000000000 0.0000000000000000 0.0000000000000000 0.0000000000000000 0.0000000000000000
0.1000005751848221 0.1000005751848221 0.1000005751848221 0.1000005751848221 0.1000005751848221 0.1000005751848221
0.1000004783272743 0.1000004783272743 0.1000004783272743 0.1000004783272743 0.1000004783272743 0.1000004783272743
0.1000011414289474 0.1000011414289474 0.1000011414289474 0.1000011414289474 0.1000011414289474 0.1000011414289474
0.1000015437602997 0.1000015437602997 0.1000015437602997 0.1000015437602997 0.1000015437602997 0.1000015437602997
0.1000007688999176 0.1000007688999176 0.1000007688999176 0.1000007688999176 0.1000007688999176 0.1000007688999176
0.1000009924173355 0.1000009924173355 0.1000009924173355 0.1000009924173355 0.1000009924173355 0.1000009924173355
0.1000005677342415 0.1000005677342415 0.1000005677342415 0.1000005677342415 0.1000005677342415 0.1000005677342415
0.1000006645917892 0.1000006645917892 0.1000006645917892 0.1000006645917892 0.1000006645917892 0.1000006645917892
0.1000007614493370 0.1000007614493370 0.1000007614493370 0.1000007614493370 0.1000007614493370 0.1000007614493370
0.1000011190772057 0.1000011190772057 0.1000011190772057 0.1000011190772057 0.1000011190772057 0.1000011190772057
0.1000000983476639 0.1000000983476639 0.1000000983476639 0.1000000983476639 0.1000000983476639 0.1000000983476639
0.1000006198883057 0.1000006198883057 0.1000006198883057 0.1000006198883057 0.1000006198883057 0.1000006198883057
0.0000000000000000 0.0000000000000000 0.0000000000000000 0.0000000000000000 0.0000000000000000 0.0000000000000000
0.0000000000000000 0.0000000000000000 0.0000000000000000 0.0000000000000000 0.0000000000000000 0.0000000000000000
0.0000000000000000 0.0000000000000000 0.0000000000000000 0.0000000000000000 0.0000000000000000 0.0000000000000000
0.0000000000000000 0.0000000000000000 0.0000000000000000 0.0000000000000000 0.0000000000000000 0.0000000000000000
0.1000005528330803 0.1000005528330803 0.1000005528330803 0.1000005528330803 0.1000005528330803 0.1000005528330803
0.1000004261732101 0.1000004261732101 0.1000004261732101 0.1000004261732101 0.1000004261732101 0.1000004261732101
0.1000010967254639 0.1000010967254639 0.1000010967254639 0.1000010967254639 0.1000010967254639 0.1000010967254639
0.1000013947486877 0.1000013947486877 0.1000013947486877 0.1000013947486877 0.1000013947486877 0.1000013947486877
0.1000007316470146 0.1000007316470146 0.1000007316470146 0.1000007316470146 0.1000007316470146 0.1000007316470146
0.1000008806586266 0.1000008806586266 0.1000008806586266 0.1000008806586266 0.1000008806586266 0.1000008806586266
0.1000005528330803 0.1000005528330803 0.1000005528330803 0.1000005528330803 0.1000005528330803 0.1000005528330803
0.1000006198883057 0.1000006198883057 0.1000006198883057 0.1000006198883057 0.1000006198883057 0.1000006198883057
0.1000007614493370 0.1000007614493370 0.1000007614493370 0.1000007614493370 0.1000007614493370 0.1000007614493370
0.1000010892748833 0.1000010892748833 0.1000010892748833 0.1000010892748833 0.1000010892748833 0.1000010892748833
0.1000001206994057 0.1000001206994057 0.1000001206994057 0.1000001206994057 0.1000001206994057 0.1000001206994057
0.1000006347894669 0.1000006347894669 0.1000006347894669 0.1000006347894669 0.1000006347894669 0.1000006347894669
0.0000000000000000 0.0000000000000000 0.0000000000000000 0.0000000000000000 0.0000000000000000 0.0000000000000000
0.0000000000000000 0.0000000000000000 0.0000000000000000 0.0000000000000000 0.0000000000000000 0.0000000000000000
0.0000000000000000 0.0000000000000000 0.0000000000000000 0.0000000000000000 0.0000000000000000 0.0000000000000000
0.0000000000000000 0.0000000000000000 0.0000000000000000 0.0000000000000000 0.0000000000000000 0.0000000000000000
0.1000004857778549 0.1000004857778549 0.1000004857778549 0.1000004857778549 0.1000004857778549 0.1000004857778549
0.1000001803040504 0.1000001803040504 0.1000001803040504 0.1000001803040504 0.1000001803040504 0.1000001803040504
0.1000009700655937 0.1000009700655937 0.1000009700655937 0.1000009700655937 0.1000009700655937 0.1000009700655937
0.1000009998679161 0.1000009998679161 0.1000009998679161 0.1000009998679161 0.1000009998679161 0.1000009998679161
0.1000006645917892 0.1000006645917892 0.1000006645917892 0.1000006645917892 0.1000006645917892 0.1000006645917892
0.1000005453824997 0.1000005453824997 0.1000005453824997 0.1000005453824997 0.1000005453824997 0.1000005453824997
0.1000005453824997 0.1000005453824997 0.1000005453824997 0.1000005453824997 0.1000005453824997 0.1000005453824997
0.1000003516674042 0.1000003516674042 0.1000003516674042 0.1000003516674042 0.1000003516674042 0.1000003516674042
0.1000007912516594 0.1000007912516594 0.1000007912516594 0.1000007912516594 0.1000007912516594 0.1000007912516594
0.1000008285045624 0.1000008285045624 0.1000008285045624 0.1000008285045624 0.1000008285045624 0.1000008285045624
0.1000001877546310 0.1000001877546310 0.1000001877546310 0.1000001877546310 0.1000001877546310 0.1000001877546310
0.1000004336237907 0.1000004336237907 0.1000004336237907 0.1000004336237907 0.1000004336237907 0.1000004336237907
0.0000000000000000 0.0000000000000000 0.0000000000000000 0.0000000000000000 0.0000000000000000 0.0000000000000000
0.0000000000000000 0.0000000000000000 0.0000000000000000 0.0000000000000000 0.0000000000000000 0.0000000000000000
0.0000000000000000 0.0000000000000000 0.0000000000000000 0.0000000000000000 0.0000000000000000 0.0000000000000000
0.0000000000000000 0.0000000000000000 0.0000000000000000 0.0000000000000000 0.0000000000000000 0.0000000000000000
0.1000001132488251 0.1000001132488251 0.1000001132488251 0.1000001132488251 0.1000001132488251 0.1000001132488251
0.0000000000000000 0.0000000000000000 0.0000000000000000 0.0000000000000000 0.0000000000000000 0.0000000000000000
0.1000005006790161 0.1000005006790161 0.1000005006790161 0.1000005006790161 0.1000005006790161 0.1000005006790161
0.1000004410743713 0.1000004410743713 0.1000004410743713 0.1000004410743713 0.1000004410743713 0.1000004410743713
0.1000002473592758 0.1000002473592758 0.1000002473592758 0.1000002473592758 0.1000002473592758 0.1000002473592758
0.1000000908970833 0.1000000908970833 0.1000000908970833 0.1000000908970833 0.1000000908970833 0.1000000908970833
0.1000001728534698 0.1000001728534698 0.1000001728534698 0.1000001728534698 0.1000001728534698 0.1000001728534698
0.1000000461935997 0.1000000461935997 0.1000000461935997 0.1000000461935997 0.1000000461935997 0.1000000461935997
0.1000004485249519 0.1000004485249519 0.1000004485249519 0.1000004485249519 0.1000004485249519 0.1000004485249519
0.1000004112720490 0.1000004112720490 0.1000004112720490 0.1000004112720490 0.1000004112720490 0.1000004112720490
0.0000000000000000 0.0000000000000000 0.0000000000000000 0.0000000000000000 0.0000000000000000 0.0000000000000000
0.1000000163912773 0.1000000163912773 0.1000000163912773 0.1000000163912773 0.1000000163912773 0.1000000163912773
0.0000000000000000 0.0000000000000000 0.0000000000000000 0.0000000000000000 0.0000000000000000 0.0000000000000000
0.0000000000000000 0.0000000000000000 0.0000000000000000 0.0000000000000000 0.0000000000000000 0.0000000000000000
0.0000000000000000 0.0000000000000000 0.0000000000000000 0.0000000000000000 0.0000000000000000 0.0000000000000000
0.0000000000000000 0.0000000000000000 0.0000000000000000 0.0000000000000000 0.0000000000000000 0.0000000000000000
0.1000001505017281 0.1000001505017281 0.1000001505017281 0.1000001505017281 0.1000001505017281 0.1000001505017281
0.0000000000000000 0.0000000000000000 0.0000000000000000 0.0000000000000000 0.0000000000000000 0.0000000000000000
0.0000000000000000 0.0000000000000000 0.0000000000000000 0.0000000000000000 0.0000000000000000 0.0000000000000000
0.1000000387430191 0.1000000387430191 0.1000000387430191 0.1000000387430191 0.1000000387430191 0.1000000387430191
0.0000000000000000 0.0000000000000000 0.0000000000000000 0.0000000000000000 0.0000000000000000 0.0000000000000000
1.0000030994415283 1.0000030994415283 1.0000030994415283 1.0000030994415283 0
1.0000003576278687 1.0000003576278687 1.0000003576278687 1.0000003576278687 0
0.9999994635581970 0.9999994635581970 0.9999994635581970 0.9999994635581970 0
0.9999995231628418 0.9999995231628418 0.9999995231628418 0.9999995231628418 0
0.9999988079071045 0.9999988079071045 0.9999988079071045 0.9999988079071045 0
1.0000000000000000 1.0000000000000000 1.0000000000000000 1.0000000000000000 0
0.9999988675117493 0.9999988675117493 0.9999988675117493 0.9999988675117493 0
1.0000013113021851 1.0000013113021851 1.0000013113021851 1.0000013113021851 0
1.0000004768371582 1.0000004768371582 1.0000004768371582 1.0000004768371582 0
0.9999989271163940 0.9999989271163940 0.9999989271163940 0.9999989271163940 0
1.0000001192092896 1.0000001192092896 1.0000001192092896 1.0000001192092896 0
1.0000002384185791 1.0000002384185791 1.0000002384185791 1.0000002384185791 0
1.0000009536743164 1.0000009536743164 1.0000009536743164 1.0000009536743164 0
0.9999994635581970 0.9999994635581970 0.9999994635581970 0.9999994635581970 0
1.0000004768371582 1.0000004768371582 1.0000004768371582 1.0000004768371582 0
1.0000011920928955 1.0000011920928955 1.0000011920928955 1.0000011920928955 0
0.9999990463256836 0.9999990463256836 0.9999990463256836 0.9999990463256836 0
1.0000029802322388 1.0000029802322388 1.0000029802322388 1.0000029802322388 0
1.0000036954879761 1.0000036954879761 1.0000036954879761 1.0000036954879761 0
1.0000025033950806 1.0000025033950806 1.0000025033950806 1.0000025033950806 0
1.0000032186508179 1.0000032186508179 1.0000032186508179 1.0000032186508179 0
1.0000032186508179 1.0000032186508179 1.0000032186508179 1.0000032186508179 0
1.0000008344650269 1.0000008344650269 1.0000008344650269 1.0000008344650269 0
1.0000003576278687 1.0000003576278687 1.0000003576278687 1.0000003576278687 0
0.9999998211860657 0.9999998211860657 0.9999998211860657 0.9999998211860657 0
1.0000034570693970 1.0000034570693970 1.0000034570693970 1.0000034570693970 0
1.0000042915344238 1.0000042915344238 1.0000042915344238 1.0000042915344238 0
1.0000030994415283 1.0000030994415283 1.0000030994415283 1.0000030994415283 0
1.0000039339065552 1.0000039339065552 1.0000039339065552 1.0000039339065552 0
1.0000035762786865 1.0000035762786865 1.0000035762786865 1.0000035762786865 0
1.0000014305114746 1.0000014305114746 1.0000014305114746 1.0000014305114746 0
0.9999990463256836 0.9999990463256836 0.9999990463256836 0.9999990463256836 0
0.9999994039535522 0.9999994039535522 0.9999994039535522 0.9999994039535522 0
1.0000027418136597 1.0000027418136597 1.0000027418136597 1.0000027418136597 0
1.0000033378601074 1.0000033378601074 1.0000033378601074 1.0000033378601074 0
1.0000022649765015 1.0000022649765015 1.0000022649765015 1.0000022649765015 0
1.0000030994415283 1.0000030994415283 1.0000030994415283 1.0000030994415283 0
1.0000029802322388 1.0000029802322388 1.0000029802322388 1.0000029802322388 0
1.0000010728836060 1.0000010728836060 1.0000010728836060 1.0000010728836060 0
0.9999986886978149 0.9999986886978149 0.9999986886978149 0.9999986886978149 0
0.9999993443489075 0.9999993443489075 0.9999993443489075 0.9999993443489075 0
1.0000022649765015 1.0000022649765015 1.0000022649765015 1.0000022649765015 0
1.0000025033950806 1.0000025033950806 1.0000025033950806 1.0000025033950806 0
1.0000017881393433 1.0000017881393433 1.0000017881393433 1.0000017881393433 0
1.0000026226043701 1.0000026226043701 1.0000026226043701 1.0000026226043701 0
1.0000026226043701 1.0000026226043701 1.0000026226043701 1.0000026226043701 0
1.0000009536743164 1.0000009536743164 1.0000009536743164 1.0000009536743164 0
0.9999986886978149 0.9999986886978149 0.9999986886978149 0.9999986886978149 0
0.9999992847442627 0.9999992847442627 0.9999992847442627 0.9999992847442627 0
1.0000010728836060 1.0000010728836060 1.0000010728836060 1.0000010728836060 0
0.9999976158142090 0.9999976158142090 0.9999976158142090 0.9999976158142090 0
1.0000003576278687 1.0000003576278687 1.0000003576278687 1.0000003576278687 0
1.0000021457672119 1.0000021457672119 1.0000021457672119 1.0000021457672119 0
1.0000023841857910 1.0000023841857910 1.0000023841857910 1.0000023841857910 0
1.0000010728836060 1.0000010728836060 1.0000010728836060 1.0000010728836060 0
0.9999991655349731 0.9999991655349731 0.9999991655349731 0.9999991655349731 0
0.9999994039535522 0.9999994039535522 0.9999994039535522 0.9999994039535522 0
0.9999986886978149 0.9999986886978149 0.9999986886978149 0.9999986886978149 0
1.0000019073486328 1.0000019073486328 1.0000019073486328 1.0000019073486328 0
1.0000000000000000 1.0000000000000000 1.0000000000000000 1.0000000000000000 0
1.0000008344650269 1.0000008344650269 1.0000008344650269 1.0000008344650269 0
0.9999985098838806 0.9999985098838806 0.9999985098838806 0.9999985098838806 0
0.9999973773956299 0.9999973773956299 0.9999973773956299 0.9999973773956299 0
0.9999983906745911 0.9999983906745911 0.9999983906745911 0.9999983906745911 0
0.1000001505017281 0.1000001505017281 0.1000001505017281 0.1000001505017281 0.1000001505017281 0.1000001505017281
0.1000000461935997 0.1000000461935997 0.1000000461935997 0.1000000461935997 0.1000000461935997 0.1000000461935997
0.1000001430511475 0.1000001430511475 0.1000001430511475 0.1000001430511475 0.1000001430511475 0.1000001430511475
0.1000001505017281 0.1000001505017281 0.1000001505017281 0.1000001505017281 0.1000001505017281 0.1000001505017281
0.0000000000000000 0.0000000000000000 0.0000000000000000 0.0000000000000000 0.0000000000000000 0.0000000000000000
0.0000000000000000 0.0000000000000000 0.0000000000000000 0.0000000000000000 0.0000000000000000 0.0000000000000000
0.0000000000000000 0.0000000000000000 0.0000000000000000 0.0000000000000000 0.0000000000000000 0.0000000000000000
0.0000000000000000 0.0000000000000000 0.0000000000000000 0.0000000000000000 0.0000000000000000 0.0000000000000000
0.0000000000000000 0.0000000000000000 0.0000000000000000 0.0000000000000000 0.0000000000000000 0.0000000000000000
0.1000002399086952 0.1000002399086952 0.1000002399086952 0.1000002399086952 0.1000002399086952 0.1000002399086952
0.1000000238418579 0.1000000238418579 0.1000000238418579 0.1000000238418579 0.1000000238418579 0.1000000238418579
0.0000000000000000 0.0000000000000000 0.0000000000000000 0.0000000000000000 0.0000000000000000 0.0000000000000000
0.0000000000000000 0.0000000000000000 0.0000000000000000 0.0000000000000000 0.0000000000000000 0.0000000000000000
0.0000000000000000 0.0000000000000000 0.0000000000000000 0.0000000000000000 0.0000000000000000 0.0000000000000000
0.0000000000000000 0.0000000000000000 0.0000000000000000 0.0000000000000000 0.0000000000000000 0.0000000000000000
0.0000000000000000 0.0000000000000000 0.0000000000000000 0.0000000000000000 0.0000000000000000 0.0000000000000000
0.0000000000000000 0.0000000000000000 0.0000000000000000 0.0000000000000000 0.0000000000000000 0.0000000000000000
0.0000000000000000 0.0000000000000000 0.0000000000000000 0.0000000000000000 0.0000000000000000 0.0000000000000000
0.0000000000000000 0.0000000000000000 0.0000000000000000 0.0000000000000000 0.0000000000000000 0.0000000000000000
0.0000000000000000 0.0000000000000000 0.0000000000000000 0.0000000000000000 0.0000000000000000 0.0000000000000000
0.0000000000000000 0.0000000000000000 0.0000000000000000 0.0000000000000000 0.0000000000000000 0.0000000000000000
0.0000000000000000 0.0000000000000000 0.0000000000000000 0.0000000000000000 0.0000000000000000 0.0000000000000000
0.1000000089406967 0.1000000089406967 0.1000000089406967 0.1000000089406967 0.1000000089406967 0.1000000089406967
0.0000000000000000 0.0000000000000000 0.0000000000000000 0.0000000000000000 0.0000000000000000 0.0000000000000000
0.0000000000000000 0.0000000000000000 0.0000000000000000 0.0000000000000000 0.0000000000000000 0.0000000000000000
0.1000000387430191 0.1000000387430191 0.1000000387430191 0.1000000387430191 0.1000000387430191 0.1000000387430191
0.0000000000000000 0.0000000000000000 0.0000000000000000 0.0000000000000000 0.0000000000000000 0.0000000000000000
0.0000000000000000 0.0000000000000000 0.0000000000000000 0.0000000000000000 0.0000000000000000 0.0000000000000000
0.1000000983476639 0.1000000983476639 0.1000000983476639 0.1000000983476639 0.1000000983476639 0.1000000983476639
0.1000000238418579 0.1000000238418579 0.1000000238418579 0.1000000238418579 0.1000000238418579 0.1000000238418579
0.1000003442168236 0.1000003442168236 0.1000003442168236 0.1000003442168236 0.1000003442168236 0.1000003442168236
0.1000001057982445 0.1000001057982445 0.1000001057982445 0.1000001057982445 0.1000001057982445 0.1000001057982445
0.1000002026557922 0.1000002026557922 0.1000002026557922 0.1000002026557922 0.1000002026557922 0.1000002026557922
0.1000001430511475 0.1000001430511475 0.1000001430511475 0.1000001430511475 0.1000001430511475 0.1000001430511475
0.1000002846121788 0.1000002846121788 0.1000002846121788 0.1000002846121788 0.1000002846121788 0.1000002846121788
0.1000000387430191 0.1000000387430191 0.1000000387430191 0.1000000387430191 0.1000000387430191 0.1000000387430191
0.1000003069639206 0.1000003069639206 0.1000003069639206 0.1000003069639206 0.1000003069639206 0.1000003069639206
0.1000000238418579 0.1000000238418579 0.1000000238418579 0.1000000238418579 0.1000000238418579 0.1000000238418579
0.1000000461935997 0.1000000461935997 0.1000000461935997 0.1000000461935997 0.1000000461935997 0.1000000461935997
0.0000000000000000 0.0000000000000000 0.0000000000000000 0.0000000000000000 0.0000000000000000 0.0000000000000000
0.1000007763504982 0.1000007763504982 0.1000007763504982 0.1000007763504982 0.1000007763504982 0.1000007763504982
0.1000001654028893 0.1000001654028893 0.1000001654028893 0.1000001654028893 0.1000001654028893 0.1000001654028893
0.1000000610947609 0.1000000610947609 0.1000000610947609 0.1000000610947609 0.1000000610947609 0.1000000610947609
0.1000012457370758 0.1000012457370758 0.1000012457370758 0.1000012457370758 0.1000012457370758 0.1000012457370758
0.1000008434057236 0.1000008434057236 0.1000008434057236 0.1000008434057236 0.1000008434057236 0.1000008434057236
0.1000011488795280 0.1000011488795280 0.1000011488795280 0.1000011488795280 0.1000011488795280 0.1000011488795280
0.1000010743737221 0.1000010743737221 0.1000010743737221 0.1000010743737221 0.1000010743737221 0.1000010743737221
0.1000011339783669 0.1000011339783669 0.1000011339783669 0.1000011339783669 0.1000011339783669 0.1000011339783669
0.1000008285045624 0.1000008285045624 0.1000008285045624 0.1000008285045624 0.1000008285045624 0.1000008285045624
0.1000012978911400 0.1000012978911400 0.1000012978911400 0.1000012978911400 0.1000012978911400 0.1000012978911400
0.1000009179115295 0.1000009179115295 0.1000009179115295 0.1000009179115295 0.1000009179115295 0.1000009179115295
0.1000009998679161 0.1000009998679161 0.1000009998679161 0.1000009998679161 0.1000009998679161 0.1000009998679161
0.1000010296702385 0.1000010296702385 0.1000010296702385 0.1000010296702385 0.1000010296702385 0.1000010296702385
0.1000003814697266 0.1000003814697266 0.1000003814697266 0.1000003814697266 0.1000003814697266 0.1000003814697266
0.1000004857778549 0.1000004857778549 0.1000004857778549 0.1000004857778549 0.1000004857778549 0.1000004857778549
0.1000000610947609 0.1000000610947609 0.1000000610947609 0.1000000610947609 0.1000000610947609 0.1000000610947609
0.1000004708766937 0.1000004708766937 0.1000004708766937 0.1000004708766937 0.1000004708766937 0.1000004708766937
0.0000000000000000 0.0000000000000000 0.0000000000000000 0.0000000000000000 0.0000000000000000 0.0000000000000000
0.0000000000000000 0.0000000000000000 0.0000000000000000 0.0000000000000000 0.0000000000000000 0.0000000000000000
0.1000008806586266 0.1000008806586266 0.1000008806586266 0.1000008806586266 0.1000008806586266 0.1000008806586266
0.1000005602836609 0.1000005602836609 0.1000005602836609 0.1000005602836609 0.1000005602836609 0.1000005602836609
0.1000007912516594 0.1000007912516594 0.1000007912516594 0.1000007912516594 0.1000007912516594 0.1000007912516594
0.1000007539987564 0.1000007539987564 0.1000007539987564 0.1000007539987564 0.1000007539987564 0.1000007539987564
0.1000007912516594 0.1000007912516594 0.1000007912516594 0.1000007912516594 0.1000007912516594 0.1000007912516594
0.1000005379319191 0.1000005379319191 0.1000005379319191 0.1000005379319191 0.1000005379319191 0.1000005379319191
0.1000009328126907 0.1000009328126907 0.1000009328126907 0.1000009328126907 0.1000009328126907 0.1000009328126907
0.1000006347894669 0.1000006347894669 0.1000006347894669 0.1000006347894669 0.1000006347894669 0.1000006347894669
0.1000006496906281 0.1000006496906281 0.1000006496906281 0.1000006496906281 0.1000006496906281 0.1000006496906281
0.1000007390975952 0.1000007390975952 0.1000007390975952 0.1000007390975952 0.1000007390975952 0.1000007390975952
0.0000000000000000 0.0000000000000000 0.0000000000000000 0.0000000000000000 0.0000000000000000 0.0000000000000000
0.1000002473592758 0.1000002473592758 0.1000002473592758 0.1000002473592758 0.1000002473592758 0.1000002473592758
0.0000000000000000 0.0000000000000000 0.0000000000000000 0.0000000000000000 0.0000000000000000 0.0000000000000000
0.1000001877546310 0.1000001877546310 0.1000001877546310 0.1000001877546310 0.1000001877546310 0.1000001877546310
0.0000000000000000 0.0000000000000000 0.0000000000000000 0.0000000000000000 0.0000000000000000 0.0000000000000000
0.0000000000000000 0.0000000000000000 0.0000000000000000 0.0000000000000000 0.0000000000000000 0.0000000000000000
0.1000005155801773 0.1000005155801773 0.1000005155801773 0.1000005155801773 0.1000005155801773 0.1000005155801773
0.1000003591179848 0.1000003591179848 0.1000003591179848 0.1000003591179848 0.1000003591179848 0.1000003591179848
0.1000004187226295 0.1000004187226295 0.1000004187226295 0.1000004187226295 0.1000004187226295 0.1000004187226295
0.1000004783272743 0.1000004783272743 0.1000004783272743 0.1000004783272743 0.1000004783272743 0.1000004783272743
0.1000004410743713 0.1000004410743713 0.1000004410743713 0.1000004410743713 0.1000004410743713 0.1000004410743713
0.1000003069639206 0.1000003069639206 0.1000003069639206 0.1000003069639206 0.1000003069639206 0.1000003069639206
0.1000005975365639 0.1000005975365639 0.1000005975365639 0.1000005975365639 0.1000005975365639 0.1000005975365639
0.1000004187226295 0.1000004187226295 0.1000004187226295 0.1000004187226295 0.1000004187226295 0.1000004187226295
0.1000003665685654 0.1000003665685654 0.1000003665685654 0.1000003665685654 0.1000003665685654 0.1000003665685654
0.1000005528330803 0.1000005528330803 0.1000005528330803 0.1000005528330803 0.1000005528330803 0.1000005528330803
0.0000000000000000 0.0000000000000000 0.0000000000000000 0.0000000000000000 0.0000000000000000 0.0000000000000000
0.1000001281499863 0.1000001281499863 0.1000001281499863 0.1000001281499863 0.1000001281499863 0.1000001281499863
0.0000000000000000 0.0000000000000000 0.0000000000000000 0.0000000000000000 0.0000000000000000 0.0000000000000000
0.1000006198883057 0.1000006198883057 0.1000006198883057 0.1000006198883057 0.1000006198883057 0.1000006198883057
0.1000000610947609 0.1000000610947609 0.1000000610947609 0.1000000610947609 0.1000000610947609 0.1000000610947609
0.0000000000000000 0.0000000000000000 0.0000000000000000 0.0000000000000000 0.0000000000000000 0.0000000000000000
0.1000007838010788 0.1000007838010788 0.1000007838010788 0.1000007838010788 0.1000007838010788 0.1000007838010788
0.1000004112720490 0.1000004112720490 0.1000004112720490 0.1000004112720490 0.1000004112720490 0.1000004112720490
0.1000006943941116 0.1000006943941116 0.1000006943941116 0.1000006943941116 0.1000006943941116 0.1000006943941116
0.0000000000000000 0.0000000000000000 0.0000000000000000 0.0000000000000000 0.0000000000000000 0.0000000000000000
0.1000008136034012 0.1000008136034012 0.1000008136034012 0.1000008136034012 0.1000008136034012 0.1000008136034012
0.1000003293156624 0.1000003293156624 0.1000003293156624 0.1000003293156624 0.1000003293156624 0.1000003293156624
0.1000009998679161 0.1000009998679161 0.1000009998679161 0.1000009998679161 0.1000009998679161 0.1000009998679161
0.1000005900859833 0.1000005900859833 0.1000005900859833 0.1000005900859833 0.1000005900859833 0.1000005900859833
0.1000008136034012 0.1000008136034012 0.1000008136034012 0.1000008136034012 0.1000008136034012 0.1000008136034012
0.1000007614493370 0.1000007614493370 0.1000007614493370 0.1000007614493370 0.1000007614493370 0.1000007614493370
0.1000002846121788 0.1000002846121788 0.1000002846121788 0.1000002846121788 0.1000002846121788 0.1000002846121788
0.1000004187226295 0.1000004187226295 0.1000004187226295 0.1000004187226295 0.1000004187226295 0.1000004187226295
0.0000000000000000 0.0000000000000000 0.0000000000000000 0.0000000000000000 0.0000000000000000 0.0000000000000000
0.1000000983476639 0.1000000983476639 0.1000000983476639 0.1000000983476639 0.1000000983476639 0.1000000983476639
0.0000000000000000 0.0000000000000000 0.0000000000000000 0.0000000000000000 0.0000000000000000 0.0000000000000000
0.0000000000000000 0.0000000000000000 0.0000000000000000 0.0000000000000000 0.0000000000000000 0.0000000000000000
0.0000000000000000 0.0000000000000000 0.0000000000000000 0.0000000000000000 0.0000000000000000 0.0000000000000000
0.0000000000000000 0.0000000000000000 0.0000000000000000 0.0000000000000000 0.0000000000000000 0.0000000000000000
0.0000000000000000 0.0000000000000000 0.0000000000000000 0.0000000000000000 0.0000000000000000 0.0000000000000000
0.0000000000000000 0.0000000000000000 0.0000000000000000 0.0000000000000000 0.0000000000000000 0.0000000000000000
0.1000002026557922 0.1000002026557922 0.1000002026557922 0.1000002026557922 0.1000002026557922 0.1000002026557922
0.0000000000000000 0.0000000000000000 0.0000000000000000 0.0000000000000000 0.0000000000000000 0.0000000000000000
0.1000004932284355 0.1000004932284355 0.1000004932284355 0.1000004932284355 0.1000004932284355 0.1000004932284355
0.1000001654028893 0.1000001654028893 0.1000001654028893 0.1000001654028893 0.1000001654028893 0.1000001654028893
0.1000003814697266 0.1000003814697266 0.1000003814697266 0.1000003814697266 0.1000003814697266 0.1000003814697266
0.1000001281499863 0.1000001281499863 0.1000001281499863 0.1000001281499863 0.1000001281499863 0.1000001281499863
0.0000000000000000 0.0000000000000000 0.0000000000000000 0.0000000000000000 0.0000000000000000 0.0000000000000000
0.0000000000000000 0.0000000000000000 0.0000000000000000 0.0000000000000000 0.0000000000000000 0.0000000000000000
0.0000000000000000 0.0000000000000000 0.0000000000000000 0.0000000000000000 0.0000000000000000 0.0000000000000000
0.0000000000000000 0.0000000000000000 0.0000000000000000 0.0000000000000000 0.0000000000000000 0.0000000000000000
0.0000000000000000 0.0000000000000000 0.0000000000000000 0.0000000000000000 0.0000000000000000 0.0000000000000000
0.1000002548098564 0.1000002548098564 0.1000002548098564 0.1000002548098564 0.1000002548098564 0.1000002548098564
0.1000001505017281 0.1000001505017281 0.1000001505017281 0.1000001505017281 0.1000001505017281 0.1000001505017281
0.0000000000000000 0.0000000000000000 0.0000000000000000 0.0000000000000000 0.0000000000000000 0.0000000000000000
0.0000000000000000 0.0000000000000000 0.0000000000000000 0.0000000000000000 0.0000000000000000 0.0000000000000000
0.0000000000000000 0.0000000000000000 0.0000000000000000 0.0000000000000000 0.0000000000000000 0.0000000000000000
0.0000000000000000 0.0000000000000000 0.0000000000000000 0.0000000000000000 0.0000000000000000 0.0000000000000000
1.0000189542770386 1.0000189542770386 1.0000189542770386 1.0000189542770386 0
0.9999835491180420 0.9999835491180420 0.9999835491180420 0.9999835491180420 0
1.0000139474868774 1.0000139474868774 1.0000139474868774 1.0000139474868774 0
0.9999974966049194 0.9999974966049194 0.9999974966049194 0.9999974966049194 0
0.9999903440475464 0.9999903440475464 0.9999903440475464 0.9999903440475464 0
1.0000088214874268 1.0000088214874268 1.0000088214874268 1.0000088214874268 0
0.9999960660934448 0.9999960660934448 0.9999960660934448 0.9999960660934448 0
0.9999982714653015 0.9999982714653015 0.9999982714653015 0.9999982714653015 0
0.9999753832817078 0.9999753832817078 0.9999753832817078 0.9999753832817078 0
1.0000027418136597 1.0000027418136597 1.0000027418136597 1.0000027418136597 0
1.0000299215316772 1.0000299215316772 1.0000299215316772 1.0000299215316772 0
1.0000131130218506 1.0000131130218506 1.0000131130218506 1.0000131130218506 0
0.9999996423721313 0.9999996423721313 0.9999996423721313 0.9999996423721313 0
1.0000219345092773 1.0000219345092773 1.0000219345092773 1.0000219345092773 0
1.0000069141387939 1.0000069141387939 1.0000069141387939 1.0000069141387939 0
0.9999971985816956 0.9999971985816956 0.9999971985816956 0.9999971985816956 0
0.9999783039093018 0.9999783039093018 0.9999783039093018 0.9999783039093018 0
1.0000084638595581 1.0000084638595581 1.0000084638595581 1.0000084638595581 0
1.0000349283218384 1.0000349283218384 1.0000349283218384 1.0000349283218384 0
1.0000180006027222 1.0000180006027222 1.0000180006027222 1.0000180006027222 0
1.0000040531158447 1.0000040531158447 1.0000040531158447 1.0000040531158447 0
1.0000262260437012 1.0000262260437012 1.0000262260437012 1.0000262260437012 0
1.0000110864639282 1.0000110864639282 1.0000110864639282 1.0000110864639282 0
1.0000007152557373 1.0000007152557373 1.0000007152557373 1.0000007152557373 0
0.9999747276306152 0.9999747276306152 0.9999747276306152 0.9999747276306152 0
1.0000048875808716 1.0000048875808716 1.0000048875808716 1.0000048875808716 0
1.0000311136245728 1.0000311136245728 1.0000311136245728 1.0000311136245728 0
1.0000143051147461 1.0000143051147461 1.0000143051147461 1.0000143051147461 0
1.0000003576278687 1.0000003576278687 1.0000003576278687 1.0000003576278687 0
1.0000225305557251 1.0000225305557251 1.0000225305557251 1.0000225305557251 0
1.0000072717666626 1.0000072717666626 1.0000072717666626 1.0000072717666626 0
0.9999970793724060 0.9999970793724060 0.9999970793724060 0.9999970793724060 0
0.9999748468399048 0.9999748468399048 0.9999748468399048 0.9999748468399048 0
1.0000038146972656 1.0000038146972656 1.0000038146972656 1.0000038146972656 0
1.0000299215316772 1.0000299215316772 1.0000299215316772 1.0000299215316772 0
1.0000131130218506 1.0000131130218506 1.0000131130218506 1.0000131130218506 0
0.9999994039535522 0.9999994039535522 0.9999994039535522 0.9999994039535522 0
1.0000215768814087 1.0000215768814087 1.0000215768814087 1.0000215768814087 0
1.0000064373016357 1.0000064373016357 1.0000064373016357 1.0000064373016357 0
0.9999971985816956 0.9999971985816956 0.9999971985816956 0.9999971985816956 0
0.9999782443046570 0.9999782443046570 0.9999782443046570 0.9999782443046570 0
1.0000058412551880 1.0000058412551880 1.0000058412551880 1.0000058412551880 0
1.0000311136245728 1.0000311136245728 1.0000311136245728 1.0000311136245728 0
1.0000149011611938 1.0000149011611938 1.0000149011611938 1.0000149011611938 0
1.0000019073486328 1.0000019073486328 1.0000019073486328 1.0000019073486328 0
1.0000243186950684 1.0000243186950684 1.0000243186950684 1.0000243186950684 0
1.0000092983245850 1.0000092983245850 1.0000092983245850 1.0000092983245850 0
1.0000007152557373 1.0000007152557373 1.0000007152557373 1.0000007152557373 0
0.9999738335609436 0.9999738335609436 0.9999738335609436 0.9999738335609436 0
0.9999943971633911 0.9999943971633911 0.9999943971633911 0.9999943971633911 0
1.0000214576721191 1.0000214576721191 1.0000214576721191 1.0000214576721191 0
1.0000064373016357 1.0000064373016357 1.0000064373016357 1.0000064373016357 0
0.9999942779541016 0.9999942779541016 0.9999942779541016 0.9999942779541016 0
1.0000172853469849 1.0000172853469849 1.0000172853469849 1.0000172853469849 0
1.0000034570693970 1.0000034570693970 1.0000034570693970 1.0000034570693970 0
0.9999974370002747 0.9999974370002747 0.9999974370002747 0.9999974370002747 0
0.9999827146530151 0.9999827146530151 0.9999827146530151 0.9999827146530151 0
0.9999920129776001 0.9999920129776001 0.9999920129776001 0.9999920129776001 0
1.0000113248825073 1.0000113248825073 1.0000113248825073 1.0000113248825073 0
0.9999957084655762 0.9999957084655762 0.9999957084655762 0.9999957084655762 0
0.9999891519546509 0.9999891519546509 0.9999891519546509 0.9999891519546509 0
1.0000083446502686 1.0000083446502686 1.0000083446502686 1.0000083446502686 0
0.9999959468841553 0.9999959468841553 0.9999959468841553 0.9999959468841553 0
0.9999928474426270 0.9999928474426270 0.9999928474426270 0.9999928474426270 0
0.1000007018446922 0.1000007018446922 0.1000007018446922 0.1000007018446922 0.1000007018446922 0.1000007018446922
0.0000000000000000 0.0000000000000000 0.0000000000000000 0.0000000000000000 0.0000000000000000 0.0000000000000000
0.1000017747282982 0.1000017747282982 0.1000017747282982 0.1000017747282982 0.1000017747282982 0.1000017747282982
0.1000016108155251 0.1000016108155251 0.1000016108155251 0.1000016108155251 0.1000016108155251 0.1000016108155251
0.1000005528330803 0.1000005528330803 0.1000005528330803 0.1000005528330803 0.1000005528330803 0.1000005528330803
0.0000000000000000 0.0000000000000000 0.0000000000000000 0.0000000000000000 0.0000000000000000 0.0000000000000000
0.0000000000000000 0.0000000000000000 0.0000000000000000 0.0000000000000000 0.0000000000000000 0.0000000000000000
0.1000006496906281 0.1000006496906281 0.1000006496906281 0.1000006496906281 0.1000006496906281 0.1000006496906281
0.1000016629695892 0.1000016629695892 0.1000016629695892 0.1000016629695892 0.1000016629695892 0.1000016629695892
0.1000013947486877 0.1000013947486877 0.1000013947486877 0.1000013947486877 0.1000013947486877 0.1000013947486877
0.0000000000000000 0.0000000000000000 0.0000000000000000 0.0000000000000000 0.0000000000000000 0.0000000000000000
0.1000004783272743 0.1000004783272743 0.1000004783272743 0.1000004783272743 0.1000004783272743 0.1000004783272743
0.1000002250075340 0.1000002250075340 0.1000002250075340 0.1000002250075340 0.1000002250075340 0.1000002250075340
0.1000011935830116 0.1000011935830116 0.1000011935830116 0.1000011935830116 0.1000011935830116 0.1000011935830116
0.0000000000000000 0.0000000000000000 0.0000000000000000 0.0000000000000000 0.0000000000000000 0.0000000000000000
0.0000000000000000 0.0000000000000000 0.0000000000000000 0.0000000000000000 0.0000000000000000 0.0000000000000000
0.1000000685453415 0.1000000685453415 0.1000000685453415 0.1000000685453415 0.1000000685453415 0.1000000685453415
0.1000009775161743 0.1000009775161743 0.1000009775161743 0.1000009775161743 0.1000009775161743 0.1000009775161743
0.1000007539987564 0.1000007539987564 0.1000007539987564 0.1000007539987564 0.1000007539987564 0.1000007539987564
0.0000000000000000 0.0000000000000000 0.0000000000000000 0.0000000000000000 0.0000000000000000 0.0000000000000000
0.1000000759959221 0.1000000759959221 0.1000000759959221 0.1000000759959221 0.1000000759959221 0.1000000759959221
0.0000000000000000 0.0000000000000000 0.0000000000000000 0.0000000000000000 0.0000000000000000 0.0000000000000000
0.1000000610947609 0.1000000610947609 0.1000000610947609 0.1000000610947609 0.1000000610947609 0.1000000610947609
0.1000001877546310 0.1000001877546310 0.1000001877546310 0.1000001877546310 0.1000001877546310 0.1000001877546310
0.0000000000000000 0.0000000000000000 0.0000000000000000 0.0000000000000000 0.0000000000000000 0.0000000000000000
0.0000000000000000 0.0000000000000000 0.0000000000000000 0.0000000000000000 0.0000000000000000 0.0000000000000000
0.0000000000000000 0.0000000000000000 0.0000000000000000 0.0000000000000000 0.0000000000000000 0.0000000000000000
0.1000038161873817 0.1000038161873817 0.1000038161873817 0.1000038161873817 0.1000038161873817 0.1000038161873817
0.0000000000000000 0.0000000000000000 0.0000000000000000 0.0000000000000000 0.0000000000000000 0.0000000000000000
0.1000032350420952 0.1000032350420952 0.1000032350420952 0.1000032350420952 0.1000032350420952 0.1000032350420952
0.1000030860304832 0.1000030860304832 0.1000030860304832 0.1000030860304832 0.1000030860304832 0.1000030860304832
0.1000011488795280 0.1000011488795280 0.1000011488795280 0.1000011488795280 0.1000011488795280 0.1000011488795280
0.1000019088387489 0.1000019088387489 0.1000019088387489 0.1000019088387489 0.1000019088387489 0.1000019088387489
0.1000030115246773 0.1000030115246773 0.1000030115246773 0.1000030115246773 0.1000030115246773 0.1000030115246773
0.0000000000000000 0.0000000000000000 0.0000000000000000 0.0000000000000000 0.0000000000000000 0.0000000000000000
0.1000019460916519 0.1000019460916519 0.1000019460916519 0.1000019460916519 0.1000019460916519 0.1000019460916519
0.1000021770596504 0.1000021770596504 0.1000021770596504 0.1000021770596504 0.1000021770596504 0.1000021770596504
0.1000004336237907 0.1000004336237907 0.1000004336237907 0.1000004336237907 0.1000004336237907 0.1000004336237907
0.1000011116266251 0.1000011116266251 0.1000011116266251 0.1000011116266251 0.1000011116266251 0.1000011116266251
0.0000000000000000 0.0000000000000000 0.0000000000000000 0.0000000000000000 0.0000000000000000 0.0000000000000000
0.0000000000000000 0.0000000000000000 0.0000000000000000 0.0000000000000000 0.0000000000000000 0.0000000000000000
0.0000000000000000 0.0000000000000000 0.0000000000000000 0.0000000000000000 0.0000000000000000 0.0000000000000000
0.0000000000000000 0.0000000000000000 0.0000000000000000 0.0000000000000000 0.0000000000000000 0.0000000000000000
0.1000046208500862 0.1000046208500862 0.1000046208500862 0.1000046208500862 0.1000046208500862 0.1000046208500862
0.0000000000000000 0.0000000000000000 0.0000000000000000 0.0000000000000000 0.0000000000000000 0.0000000000000000
0.1000038757920265 0.1000038757920265 0.1000038757920265 0.1000038757920265 0.1000038757920265 0.1000038757920265
0.1000035330653191 0.1000035330653191 0.1000035330653191 0.1000035330653191 0.1000035330653191 0.1000035330653191
0.1000017225742340 0.1000017225742340 0.1000017225742340 0.1000017225742340 0.1000017225742340 0.1000017225742340
0.1000023484230042 0.1000023484230042 0.1000023484230042 0.1000023484230042 0.1000023484230042 0.1000023484230042
0.1000035628676414 0.1000035628676414 0.1000035628676414 0.1000035628676414 0.1000035628676414 0.1000035628676414
0.1000000834465027 0.1000000834465027 0.1000000834465027 0.1000000834465027 0.1000000834465027 0.1000000834465027
0.1000024601817131 0.1000024601817131 0.1000024601817131 0.1000024601817131 0.1000024601817131 0.1000024601817131
0.1000025793910027 0.1000025793910027 0.1000025793910027 0.1000025793910027 0.1000025793910027 0.1000025793910027
0.1000009626150131 0.1000009626150131 0.1000009626150131 0.1000009626150131 0.1000009626150131 0.1000009626150131
0.1000015139579773 0.1000015139579773 0.1000015139579773 0.1000015139579773 0.1000015139579773 0.1000015139579773
0.0000000000000000 0.0000000000000000 0.0000000000000000 0.0000000000000000 0.0000000000000000 0.0000000000000000
0.0000000000000000 0.0000000000000000 0.0000000000000000 0.0000000000000000 0.0000000000000000 0.0000000000000000
0.0000000000000000 0.0000000000000000 0.0000000000000000 0.0000000000000000 0.0000000000000000 0.0000000000000000
0.0000000000000000 0.0000000000000000 0.0000000000000000 0.0000000000000000 0.0000000000000000 0.0000000000000000
0.1000040918588638 0.1000040918588638 0.1000040918588638 0.1000040918588638 0.1000040918588638 0.1000040918588638
0.0000000000000000 0.0000000000000000 0.0000000000000000 0.0000000000000000 0.0000000000000000 0.0000000000000000
0.1000033169984818 0.1000033169984818 0.1000033169984818 0.1000033169984818 0.1000033169984818 0.1000033169984818
0.1000031307339668 0.1000031307339668 0.1000031307339668 0.1000031307339668 0.1000031307339668 0.1000031307339668
0.1000011637806892 0.1000011637806892 0.1000011637806892 0.1000011637806892 0.1000011637806892 0.1000011637806892
0.1000019535422325 0.1000019535422325 0.1000019535422325 0.1000019535422325 0.1000019535422325 0.1000019535422325
0.1000030040740967 0.1000030040740967 0.1000030040740967 0.1000030040740967 0.1000030040740967 0.1000030040740967
0.0000000000000000 0.0000000000000000 0.0000000000000000 0.0000000000000000 0.0000000000000000 0.0000000000000000
0.1000018939375877 0.1000018939375877 0.1000018939375877 0.1000018939375877 0.1000018939375877 0.1000018939375877
0.1000021994113922 0.1000021994113922 0.1000021994113922 0.1000021994113922 0.1000021994113922 0.1000021994113922
0.1000004261732101 0.1000004261732101 0.1000004261732101 0.1000004261732101 0.1000004261732101 0.1000004261732101
0.1000011339783669 0.1000011339783669 0.1000011339783669 0.1000011339783669 0.1000011339783669 0.1000011339783669
0.0000000000000000 0.0000000000000000 0.0000000000000000 0.0000000000000000 0.0000000000000000 0.0000000000000000
0.0000000000000000 0.0000000000000000 0.0000000000000000 0.0000000000000000 0.0000000000000000 0.0000000000000000
0.0000000000000000 0.0000000000000000 0.0000000000000000 0.0000000000000000 0.0000000000000000 0.0000000000000000
0.0000000000000000 0.0000000000000000 0.0000000000000000 0.0000000000000000 0.0000000000000000 0.0000000000000000
0.1000040546059608 0.1000040546059608 0.1000040546059608 0.1000040546059608 0.1000040546059608 0.1000040546059608
0.0000000000000000 0.0000000000000000 0.0000000000000000 0.0000000000000000 0.0000000000000000 0.0000000000000000
0.1000032722949982 0.1000032722949982 0.1000032722949982 0.1000032722949982 0.1000032722949982 0.1000032722949982
0.1000028699636459 0.1000028699636459 0.1000028699636459 0.1000028699636459 0.1000028699636459 0.1000028699636459
0.1000011637806892 0.1000011637806892 0.1000011637806892 0.1000011637806892 0.1000011637806892 0.1000011637806892
0.1000017300248146 0.1000017300248146 0.1000017300248146 0.1000017300248146 0.1000017300248146 0.1000017300248146
0.1000030115246773 0.1000030115246773 0.1000030115246773 0.1000030115246773 0.1000030115246773 0.1000030115246773
0.0000000000000000 0.0000000000000000 0.0000000000000000 0.0000000000000000 0.0000000000000000 0.0000000000000000
0.1000019237399101 0.1000019237399101 0.1000019237399101 0.1000019237399101 0.1000019237399101 0.1000019237399101
0.1000020802021027 0.1000020802021027 0.1000020802021027 0.1000020802021027 0.1000020802021027 0.1000020802021027
0.1000005453824997 0.1000005453824997 0.1000005453824997 0.1000005453824997 0.1000005453824997 0.1000005453824997
0.1000010222196579 0.1000010222196579 0.1000010222196579 0.1000010222196579 0.1000010222196579 0.1000010222196579
0.0000000000000000 0.0000000000000000 0.0000000000000000 0.0000000000000000 0.0000000000000000 0.0000000000000000
0.0000000000000000 0.0000000000000000 0.0000000000000000 0.0000000000000000 0.0000000000000000 0.0000000000000000
0.0000000000000000 0.0000000000000000 0.0000000000000000 0.0000000000000000 0.0000000000000000 0.0000000000000000
0.0000000000000000 0.0000000000000000 0.0000000000000000 0.0000000000000000 0.0000000000000000 0.0000000000000000
0.1000039651989937 0.1000039651989937 0.1000039651989937 0.1000039651989937 0.1000039651989937 0.1000039651989937
0.0000000000000000 0.0000000000000000 0.0000000000000000 0.0000000000000000 0.0000000000000000 0.0000000000000000
0.1000032052397728 0.1000032052397728 0.1000032052397728 0.1000032052397728 0.1000032052397728 0.1000032052397728
0.1000025346875191 0.1000025346875191 0.1000025346875191 0.1000025346875191 0.1000025346875191 0.1000025346875191
0.1000012606382370 0.1000012606382370 0.1000012606382370 0.1000012606382370 0.1000012606382370 0.1000012606382370
0.1000015065073967 0.1000015065073967 0.1000015065073967 0.1000015065073967 0.1000015065073967 0.1000015065073967
0.1000031679868698 0.1000031679868698 0.1000031679868698 0.1000031679868698 0.1000031679868698 0.1000031679868698
0.0000000000000000 0.0000000000000000 0.0000000000000000 0.0000000000000000 0.0000000000000000 0.0000000000000000
0.1000021323561668 0.1000021323561668 0.1000021323561668 0.1000021323561668 0.1000021323561668 0.1000021323561668
0.1000020727515221 0.1000020727515221 0.1000020727515221 0.1000020727515221 0.1000020727515221 0.1000020727515221
0.1000008434057236 0.1000008434057236 0.1000008434057236 0.1000008434057236 0.1000008434057236 0.1000008434057236
0.1000011339783669 0.1000011339783669 0.1000011339783669 0.1000011339783669 0.1000011339783669 0.1000011339783669
0.0000000000000000 0.0000000000000000 0.0000000000000000 0.0000000000000000 0.0000000000000000 0.0000000000000000
0.0000000000000000 0.0000000000000000 0.0000000000000000 0.0000000000000000 0.0000000000000000 0.0000000000000000
0.0000000000000000 0.0000000000000000 0.0000000000000000 0.0000000000000000 0.0000000000000000 0.0000000000000000
0.0000000000000000 0.0000000000000000 0.0000000000000000 0.0000000000000000 0.0000000000000000 0.0000000000000000
0.1000021621584892 0.1000021621584892 0.1000021621584892 0.1000021621584892 0.1000021621584892 0.1000021621584892
0.0000000000000000 0.0000000000000000 0.0000000000000000 0.0000000000000000 0.0000000000000000 0.0000000000000000
0.1000015959143639 0.1000015959143639 0.1000015959143639 0.1000015959143639 0.1000015959143639 0.1000015959143639
0.1000016704201698 0.1000016704201698 0.1000016704201698 0.1000016704201698 0.1000016704201698 0.1000016704201698
0.0000000000000000 0.0000000000000000 0.0000000000000000 0.0000000000000000 0.0000000000000000 0.0000000000000000
0.1000005453824997 0.1000005453824997 0.1000005453824997 0.1000005453824997 0.1000005453824997 0.1000005453824997
0.1000019162893295 0.1000019162893295 0.1000019162893295 0.1000019162893295 0.1000019162893295 0.1000019162893295
0.0000000000000000 0.0000000000000000 0.0000000000000000 0.0000000000000000 0.0000000000000000 0.0000000000000000
0.1000010892748833 0.1000010892748833 0.1000010892748833 0.1000010892748833 0.1000010892748833 0.1000010892748833
0.1000010520219803 0.1000010520219803 0.1000010520219803 0.1000010520219803 0.1000010520219803 0.1000010520219803
0.1000001728534698 0.1000001728534698 0.1000001728534698 0.1000001728534698 0.1000001728534698 0.1000001728534698
0.1000001579523087 0.1000001579523087 0.1000001579523087 0.1000001579523087 0.1000001579523087 0.1000001579523087
0.0000000000000000 0.0000000000000000 0.0000000000000000 0.0000000000000000 0.0000000000000000 0.0000000000000000
0.0000000000000000 0.0000000000000000 0.0000000000000000 0.0000000000000000 0.0000000000000000 0.0000000000000000
0.0000000000000000 0.0000000000000000 0.0000000000000000 0.0000000000000000 0.0000000000000000 0.0000000000000000
0.1000011563301086 0.1000011563301086 0.1000011563301086 0.1000011563301086 0.1000011563301086 0.1000011563301086
0.0000000000000000 0.0000000000000000 0.0000000000000000 0.0000000000000000 0.0000000000000000 0.0000000000000000
0.0000000000000000 0.0000000000000000 0.0000000000000000 0.0000000000000000 0.0000000000000000 0.0000000000000000
0.1000007838010788 0.1000007838010788 0.1000007838010788 0.1000007838010788 0.1000007838010788 0.1000007838010788
0.0000000000000000 0.0000000000000000 0.0000000000000000 0.0000000000000000 0.0000000000000000 0.0000000000000000
0.0000000000000000 0.0000000000000000 0.0000000000000000 0.0000000000000000 0.0000000000000000 0.0000000000000000
1.0000203847885132 1.0000203847885132 1.0000203847885132 1.0000203847885132 0
0.9999715089797974 0.9999715089797974 0.9999715089797974 0.9999715089797974 0
0.9999744296073914 0.9999744296073914 0.9999744296073914 0.9999744296073914 0
1.0000147819519043 1.0000147819519043 1.0000147819519043 1.0000147819519043 0
1.0000145435333252 1.0000145435333252 1.0000145435333252 1.0000145435333252 0
0.9999744296073914 0.9999744296073914 0.9999744296073914 0.9999744296073914 0
0.9999691247940063 0.9999691247940063 0.9999691247940063 0.9999691247940063 0
1.0000005960464478 1.0000005960464478 1.0000005960464478 1.0000005960464478 0
0.9999783635139465 0.9999783635139465 0.9999783635139465 0.9999783635139465 0
0.9999943971633911 0.9999943971633911 0.9999943971633911 0.9999943971633911 0
0.9999930858612061 0.9999930858612061 0.9999930858612061 0.9999930858612061 0
0.9999881982803345 0.9999881982803345 0.9999881982803345 0.9999881982803345 0
0.9999901056289673 0.9999901056289673 0.9999901056289673 0.9999901056289673 0
0.9999992847442627 0.9999992847442627 0.9999992847442627 0.9999992847442627 0
0.9999871253967285 0.9999871253967285 0.9999871253967285 0.9999871253967285 0
1.0000118017196655 1.0000118017196655 1.0000118017196655 1.0000118017196655 0
1.0000133514404297 1.0000133514404297 1.0000133514404297 1.0000133514404297 0
1.0000282526016235 1.0000282526016235 1.0000282526016235 1.0000282526016235 0
1.0000290870666504 1.0000290870666504 1.0000290870666504 1.0000290870666504 0
1.0000243186950684 1.0000243186950684 1.0000243186950684 1.0000243186950684 0
1.0000263452529907 1.0000263452529907 1.0000263452529907 1.0000263452529907 0
1.0000325441360474 1.0000325441360474 1.0000325441360474 1.0000325441360474 0
1.0000203847885132 1.0000203847885132 1.0000203847885132 1.0000203847885132 0
1.0000040531158447 1.0000040531158447 1.0000040531158447 1.0000040531158447 0
0.9999986886978149 0.9999986886978149 0.9999986886978149 0.9999986886978149 0
1.0000119209289551 1.0000119209289551 1.0000119209289551 1.0000119209289551 0
1.0000127553939819 1.0000127553939819 1.0000127553939819 1.0000127553939819 0
1.0000082254409790 1.0000082254409790 1.0000082254409790 1.0000082254409790 0
1.0000102519989014 1.0000102519989014 1.0000102519989014 1.0000102519989014 0
1.0000163316726685 1.0000163316726685 1.0000163316726685 1.0000163316726685 0
1.0000053644180298 1.0000053644180298 1.0000053644180298 1.0000053644180298 0
0.9999905228614807 0.9999905228614807 0.9999905228614807 0.9999905228614807 0
0.9999876022338867 0.9999876022338867 0.9999876022338867 0.9999876022338867 0
0.9999983906745911 0.9999983906745911 0.9999983906745911 0.9999983906745911 0
0.9999989271163940 0.9999989271163940 0.9999989271163940 0.9999989271163940 0
0.9999946951866150 0.9999946951866150 0.9999946951866150 0.9999946951866150 0
0.9999967217445374 0.9999967217445374 0.9999967217445374 0.9999967217445374 0
1.0000027418136597 1.0000027418136597 1.0000027418136597 1.0000027418136597 0
0.9999940395355225 0.9999940395355225 0.9999940395355225 0.9999940395355225 0
0.9999815225601196 0.9999815225601196 0.9999815225601196 0.9999815225601196 0
1.0000102519989014 1.0000102519989014 1.0000102519989014 1.0000102519989014 0
1.0000195503234863 1.0000195503234863 1.0000195503234863 1.0000195503234863 0
1.0000183582305908 1.0000183582305908 1.0000183582305908 1.0000183582305908 0
1.0000159740447998 1.0000159740447998 1.0000159740447998 1.0000159740447998 0
1.0000181198120117 1.0000181198120117 1.0000181198120117 1.0000181198120117 0
1.0000241994857788 1.0000241994857788 1.0000241994857788 1.0000241994857788 0
1.0000165700912476 1.0000165700912476 1.0000165700912476 1.0000165700912476 0
1.0000058412551880 1.0000058412551880 1.0000058412551880 1.0000058412551880 0
0.9999965429306030 0.9999965429306030 0.9999965429306030 0.9999965429306030 0
1.0000039339065552 1.0000039339065552 1.0000039339065552 1.0000039339065552 0
0.9999927282333374 0.9999927282333374 0.9999927282333374 0.9999927282333374 0
1.0000003576278687 1.0000003576278687 1.0000003576278687 1.0000003576278687 0
1.0000028610229492 1.0000028610229492 1.0000028610229492 1.0000028610229492 0
1.0000090599060059 1.0000090599060059 1.0000090599060059 1.0000090599060059 0
1.0000028610229492 1.0000028610229492 1.0000028610229492 1.0000028610229492 0
0.9999924898147583 0.9999924898147583 0.9999924898147583 0.9999924898147583 0
0.9999916553497314 0.9999916553497314 0.9999916553497314 0.9999916553497314 0
0.9999981522560120 0.9999981522560120 0.9999981522560120 0.9999981522560120 0
0.9999967813491821 0.9999967813491821 0.9999967813491821 0.9999967813491821 0
0.9999942779541016 0.9999942779541016 0.9999942779541016 0.9999942779541016 0
0.9999936223030090 0.9999936223030090 0.9999936223030090 0.9999936223030090 0
1.0000008344650269 1.0000008344650269 1.0000008344650269 1.0000008344650269 0
0.9999974370002747 0.9999974370002747 0.9999974370002747 0.9999974370002747 0
0.9999892711639404 0.9999892711639404 0.9999892711639404 0.9999892711639404 0
0.1000023111701012 0.1000023111701012 0.1000023111701012 0.1000023111701012 0.1000023111701012 0.1000023111701012
0.1000023484230042 0.1000023484230042 0.1000023484230042 0.1000023484230042 0.1000023484230042 0.1000023484230042
0.1000005453824997 0.1000005453824997 0.1000005453824997 0.1000005453824997 0.1000005453824997 0.1000005453824997
0.1000013798475266 0.1000013798475266 0.1000013798475266 0.1000013798475266 0.1000013798475266 0.1000013798475266
0.0000000000000000 0.0000000000000000 0.0000000000000000 0.0000000000000000 0.0000000000000000 0.0000000000000000
0.0000000000000000 0.0000000000000000 0.0000000000000000 0.0000000000000000 0.0000000000000000 0.0000000000000000
0.0000000000000000 0.0000000000000000 0.0000000000000000 0.0000000000000000 0.0000000000000000 0.0000000000000000
0.1000015735626221 0.1000015735626221 0.1000015735626221 0.1000015735626221 0.1000015735626221 0.1000015735626221
0.0000000000000000 0.0000000000000000 0.0000000000000000 0.0000000000000000 0.0000000000000000 0.0000000000000000
0.1000010818243027 0.1000010818243027 0.1000010818243027 0.1000010818243027 0.1000010818243027 0.1000010818243027
0.0000000000000000 0.0000000000000000 0.0000000000000000 0.0000000000000000 0.0000000000000000 0.0000000000000000
0.0000000000000000 0.0000000000000000 0.0000000000000000 0.0000000000000000 0.0000000000000000 0.0000000000000000
0.1000007167458534 0.1000007167458534 0.1000007167458534 0.1000007167458534 0.1000007167458534 0.1000007167458534
0.1000018268823624 0.1000018268823624 0.1000018268823624 0.1000018268823624 0.1000018268823624 0.1000018268823624
0.0000000000000000 0.0000000000000000 0.0000000000000000 0.0000000000000000 0.0000000000000000 0.0000000000000000
0.1000006720423698 0.1000006720423698 0.1000006720423698 0.1000006720423698 0.1000006720423698 0.1000006720423698
0.0000000000000000 0.0000000000000000 0.0000000000000000 0.0000000000000000 0.0000000000000000 0.0000000000000000
0.0000000000000000 0.0000000000000000 0.0000000000000000 0.0000000000000000 0.0000000000000000 0.0000000000000000
0.0000000000000000 0.0000000000000000 0.0000000000000000 0.0000000000000000 0.0000000000000000 0.0000000000000000
0.0000000000000000 0.0000000000000000 0.0000000000000000 0.0000000000000000 0.0000000000000000 0.0000000000000000
0.0000000000000000 0.0000000000000000 0.0000000000000000 0.0000000000000000 0.0000000000000000 0.0000000000000000
0.0000000000000000 0.0000000000000000 0.0000000000000000 0.0000000000000000 0.0000000000000000 0.0000000000000000
0.1000010296702385 0.1000010296702385 0.1000010296702385 0.1000010296702385 0.1000010296702385 0.1000010296702385
0.1000001505017281 0.1000001505017281 0.1000001505017281 0.1000001505017281 0.1000001505017281 0.1000001505017281
0.0000000000000000 0.0000000000000000 0.0000000000000000 0.0000000000000000 0.0000000000000000 0.0000000000000000
0.1000013574957848 0.1000013574957848 0.1000013574957848 0.1000013574957848 0.1000013574957848 0.1000013574957848
0.0000000000000000 0.0000000000000000 0.0000000000000000 0.0000000000000000 0.0000000000000000 0.0000000000000000
0.0000000000000000 0.0000000000000000 0.0000000000000000 0.0000000000000000 0.0000000000000000 0.0000000000000000
0.1000028327107430 0.1000028327107430 0.1000028327107430 0.1000028327107430 0.1000028327107430 0.1000028327107430
0.0000000000000000 0.0000000000000000 0.0000000000000000 0.0000000000000000 0.0000000000000000 0.0000000000000000
0.1000025048851967 0.1000025048851967 0.1000025048851967 0.1000025048851967 0.1000025048851967 0.1000025048851967
0.0000000000000000 0.0000000000000000 0.0000000000000000 0.0000000000000000 0.0000000000000000 0.0000000000000000
0.1000014767050743 0.1000014767050743 0.1000014767050743 0.1000014767050743 0.1000014767050743 0.1000014767050743
0.0000000000000000 0.0000000000000000 0.0000000000000000 0.0000000000000000 0.0000000000000000 0.0000000000000000
0.1000019982457161 0.1000019982457161 0.1000019982457161 0.1000019982457161 0.1000019982457161 0.1000019982457161
0.0000000000000000 0.0000000000000000 0.0000000000000000 0.0000000000000000 0.0000000000000000 0.0000000000000000
0.1000034213066101 0.1000034213066101 0.1000034213066101 0.1000034213066101 0.1000034213066101 0.1000034213066101
0.1000013574957848 0.1000013574957848 0.1000013574957848 0.1000013574957848 0.1000013574957848 0.1000013574957848
0.1000009775161743 0.1000009775161743 0.1000009775161743 0.1000009775161743 0.1000009775161743 0.1000009775161743
0.0000000000000000 0.0000000000000000 0.0000000000000000 0.0000000000000000 0.0000000000000000 0.0000000000000000
0.1000013276934624 0.1000013276934624 0.1000013276934624 0.1000013276934624 0.1000013276934624 0.1000013276934624
0.1000012233853340 0.1000012233853340 0.1000012233853340 0.1000012233853340 0.1000012233853340 0.1000012233853340
0.1000004783272743 0.1000004783272743 0.1000004783272743 0.1000004783272743 0.1000004783272743 0.1000004783272743
0.1000028252601624 0.1000028252601624 0.1000028252601624 0.1000028252601624 0.1000028252601624 0.1000028252601624
0.1000029742717743 0.1000029742717743 0.1000029742717743 0.1000029742717743 0.1000029742717743 0.1000029742717743
0.1000029444694519 0.1000029444694519 0.1000029444694519 0.1000029444694519 0.1000029444694519 0.1000029444694519
0.1000028103590012 0.1000028103590012 0.1000028103590012 0.1000028103590012 0.1000028103590012 0.1000028103590012
0.1000027209520340 0.1000027209520340 0.1000027209520340 0.1000027209520340 0.1000027209520340 0.1000027209520340
0.1000020951032639 0.1000020951032639 0.1000020951032639 0.1000020951032639 0.1000020951032639 0.1000020951032639
0.1000026911497116 0.1000026911497116 0.1000026911497116 0.1000026911497116 0.1000026911497116 0.1000026911497116
0.1000026762485504 0.1000026762485504 0.1000026762485504 0.1000026762485504 0.1000026762485504 0.1000026762485504
0.1000024676322937 0.1000024676322937 0.1000024676322937 0.1000024676322937 0.1000024676322937 0.1000024676322937
0.1000035107135773 0.1000035107135773 0.1000035107135773 0.1000035107135773 0.1000035107135773 0.1000035107135773
0.1000011339783669 0.1000011339783669 0.1000011339783669 0.1000011339783669 0.1000011339783669 0.1000011339783669
0.1000014916062355 0.1000014916062355 0.1000014916062355 0.1000014916062355 0.1000014916062355 0.1000014916062355
0.0000000000000000 0.0000000000000000 0.0000000000000000 0.0000000000000000 0.0000000000000000 0.0000000000000000
0.1000003516674042 0.1000003516674042 0.1000003516674042 0.1000003516674042 0.1000003516674042 0.1000003516674042
0.1000004410743713 0.1000004410743713 0.1000004410743713 0.1000004410743713 0.1000004410743713 0.1000004410743713
0.0000000000000000 0.0000000000000000 0.0000000000000000 0.0000000000000000 0.0000000000000000 0.0000000000000000
0.1000017151236534 0.1000017151236534 0.1000017151236534 0.1000017151236534 0.1000017151236534 0.1000017151236534
0.1000009253621101 0.1000009253621101 0.1000009253621101 0.1000009253621101 0.1000009253621101 0.1000009253621101
0.1000018492341042 0.1000018492341042 0.1000018492341042 0.1000018492341042 0.1000018492341042 0.1000018492341042
0.1000007167458534 0.1000007167458534 0.1000007167458534 0.1000007167458534 0.1000007167458534 0.1000007167458534
0.1000016406178474 0.1000016406178474 0.1000016406178474 0.1000016406178474 0.1000016406178474 0.1000016406178474
0.1000000610947609 0.1000000610947609 0.1000000610947609 0.1000000610947609 0.1000000610947609 0.1000000610947609
0.1000015959143639 0.1000015959143639 0.1000015959143639 0.1000015959143639 0.1000015959143639 0.1000015959143639
0.1000006571412086 0.1000006571412086 0.1000006571412086 0.1000006571412086 0.1000006571412086 0.1000006571412086
0.1000014916062355 0.1000014916062355 0.1000014916062355 0.1000014916062355 0.1000014916062355 0.1000014916062355
0.1000014543533325 0.1000014543533325 0.1000014543533325 0.1000014543533325 0.1000014543533325 0.1000014543533325
0.1000003144145012 0.1000003144145012 0.1000003144145012 0.1000003144145012 0.1000003144145012 0.1000003144145012
0.0000000000000000 0.0000000000000000 0.0000000000000000 0.0000000000000000 0.0000000000000000 0.0000000000000000
0.0000000000000000 0.0000000000000000 0.0000000000000000 0.0000000000000000 0.0000000000000000 0.0000000000000000
0.0000000000000000 0.0000000000000000 0.0000000000000000 0.0000000000000000 0.0000000000000000 0.0000000000000000
0.0000000000000000 0.0000000000000000 0.0000000000000000 0.0000000000000000 0.0000000000000000 0.0000000000000000
0.1000009626150131 0.1000009626150131 0.1000009626150131 0.1000009626150131 0.1000009626150131 0.1000009626150131
0.0000000000000000 0.0000000000000000 0.0000000000000000 0.0000000000000000 0.0000000000000000 0.0000000000000000
0.1000026762485504 0.1000026762485504 0.1000026762485504 0.1000026762485504 0.1000026762485504 0.1000026762485504
0.0000000000000000 0.0000000000000000 0.0000000000000000 0.0000000000000000 0.0000000000000000 0.0000000000000000
0.1000022366642952 0.1000022366642952 0.1000022366642952 0.1000022366642952 0.1000022366642952 0.1000022366642952
0.0000000000000000 0.0000000000000000 0.0000000000000000 0.0000000000000000 0.0000000000000000 0.0000000000000000
0.1000018343329430 0.1000018343329430 0.1000018343329430 0.1000018343329430 0.1000018343329430 0.1000018343329430
0.0000000000000000 0.0000000000000000 0.0000000000000000 0.0000000000000000 0.0000000000000000 0.0000000000000000
0.1000024527311325 0.1000024527311325 0.1000024527311325 0.1000024527311325 0.1000024527311325 0.1000024527311325
0.0000000000000000 0.0000000000000000 0.0000000000000000 0.0000000000000000 0.0000000000000000 0.0000000000000000
0.1000032573938370 0.1000032573938370 0.1000032573938370 0.1000032573938370 0.1000032573938370 0.1000032573938370
0.0000000000000000 0.0000000000000000 0.0000000000000000 0.0000000000000000 0.0000000000000000 0.0000000000000000
0.1000018939375877 0.1000018939375877 0.1000018939375877 0.1000018939375877 0.1000018939375877 0.1000018939375877
0.0000000000000000 0.0000000000000000 0.0000000000000000 0.0000000000000000 0.0000000000000000 0.0000000000000000
0.1000008434057236 0.1000008434057236 0.1000008434057236 0.1000008434057236 0.1000008434057236 0.1000008434057236
0.1000010445713997 0.1000010445713997 0.1000010445713997 0.1000010445713997 0.1000010445713997 0.1000010445713997
0.1000000536441803 0.1000000536441803 0.1000000536441803 0.1000000536441803 0.1000000536441803 0.1000000536441803
0.1000017151236534 0.1000017151236534 0.1000017151236534 0.1000017151236534 0.1000017151236534 0.1000017151236534
0.1000013127923012 0.1000013127923012 0.1000013127923012 0.1000013127923012 0.1000013127923012 0.1000013127923012
0.1000017970800400 0.1000017970800400 0.1000017970800400 0.1000017970800400 0.1000017970800400 0.1000017970800400
0.0000000000000000 0.0000000000000000 0.0000000000000000 0.0000000000000000 0.0000000000000000 0.0000000000000000
0.1000017821788788 0.1000017821788788 0.1000017821788788 0.1000017821788788 0.1000017821788788 0.1000017821788788
0.1000005453824997 0.1000005453824997 0.1000005453824997 0.1000005453824997 0.1000005453824997 0.1000005453824997
0.1000017970800400 0.1000017970800400 0.1000017970800400 0.1000017970800400 0.1000017970800400 0.1000017970800400
0.1000012531876564 0.1000012531876564 0.1000012531876564 0.1000012531876564 0.1000012531876564 0.1000012531876564
0.1000019907951355 0.1000019907951355 0.1000019907951355 0.1000019907951355 0.1000019907951355 0.1000019907951355
0.1000020876526833 0.1000020876526833 0.1000020876526833 0.1000020876526833 0.1000020876526833 0.1000020876526833
0.1000009253621101 0.1000009253621101 0.1000009253621101 0.1000009253621101 0.1000009253621101 0.1000009253621101
0.1000009700655937 0.1000009700655937 0.1000009700655937 0.1000009700655937 0.1000009700655937 0.1000009700655937
0.0000000000000000 0.0000000000000000 0.0000000000000000 0.0000000000000000 0.0000000000000000 0.0000000000000000
0.0000000000000000 0.0000000000000000 0.0000000000000000 0.0000000000000000 0.0000000000000000 0.0000000000000000
0.0000000000000000 0.0000000000000000 0.0000000000000000 0.0000000000000000 0.0000000000000000 0.0000000000000000
0.0000000000000000 0.0000000000000000 0.0000000000000000 0.0000000000000000 0.0000000000000000 0.0000000000000000
0.0000000000000000 0.0000000000000000 0.0000000000000000 0.0000000000000000 0.0000000000000000 0.0000000000000000
0.1000003218650818 0.1000003218650818 0.1000003218650818 0.1000003218650818 0.1000003218650818 0.1000003218650818
0.0000000000000000 0.0000000000000000 0.0000000000000000 0.0000000000000000 0.0000000000000000 0.0000000000000000
0.1000001952052116 0.1000001952052116 0.1000001952052116 0.1000001952052116 0.1000001952052116 0.1000001952052116
0.1000005826354027 0.1000005826354027 0.1000005826354027 0.1000005826354027 0.1000005826354027 0.1000005826354027
0.0000000000000000 0.0000000000000000 0.0000000000000000 0.0000000000000000 0.0000000000000000 0.0000000000000000
0.1000007167458534 0.1000007167458534 0.1000007167458534 0.1000007167458534 0.1000007167458534 0.1000007167458534
0.0000000000000000 0.0000000000000000 0.0000000000000000 0.0000000000000000 0.0000000000000000 0.0000000000000000
0.1000010520219803 0.1000010520219803 0.1000010520219803 0.1000010520219803 0.1000010520219803 0.1000010520219803
0.1000008061528206 0.1000008061528206 0.1000008061528206 0.1000008061528206 0.1000008061528206 0.1000008061528206
0.0000000000000000 0.0000000000000000 0.0000000000000000 0.0000000000000000 0.0000000000000000 0.0000000000000000
0.1000001206994057 0.1000001206994057 0.1000001206994057 0.1000001206994057 0.1000001206994057 0.1000001206994057
0.0000000000000000 0.0000000000000000 0.0000000000000000 0.0000000000000000 0.0000000000000000 0.0000000000000000
0.0000000000000000 0.0000000000000000 0.0000000000000000 0.0000000000000000 0.0000000000000000 0.0000000000000000
0.0000000000000000 0.0000000000000000 0.0000000000000000 0.0000000000000000 0.0000000000000000 0.0000000000000000
0.1000001579523087 0.1000001579523087 0.1000001579523087 0.1000001579523087 0.1000001579523087 0.1000001579523087
0.1000001728534698 0.1000001728534698 0.1000001728534698 0.1000001728534698 0.1000001728534698 0.1000001728534698
0.0000000000000000 0.0000000000000000 0.0000000000000000 0.0000000000000000 0.0000000000000000 0.0000000000000000
0.0000000000000000 0.0000000000000000 0.0000000000000000 0.0000000000000000 0.0000000000000000 0.0000000000000000
0.0000000000000000 0.0000000000000000 0.0000000000000000 0.0000000000000000 0.0000000000000000 0.0000000000000000
0.0000000000000000 0.0000000000000000 0.0000000000000000 0.0000000000000000 0.0000000000000000 0.0000000000000000
1.0000000000000000 1.0000000000000000 1.0000000000000000 1.0000000000000000 0
1.0000000000000000 1.0000000000000000 1.0000000000000000 1.0000000000000000 0
1.0000000000000000 1.0000000000000000 1.0000000000000000 1.0000000000000000 0
1.0000000000000000 1.0000000000000000 1.0000000000000000 1.0000000000000000 0
1.0000000000000000 1.0000000000000000 1.0000000000000000 1.0000000000000000 0
1.0000000000000000 1.0000000000000000 1.0000000000000000 1.0000000000000000 0
1.0000000000000000 1.0000000000000000 1.0000000000000000 1.0000000000000000 0
1.0000000000000000 1.0000000000000000 1.0000000000000000 1.0000000000000000 0
1.0000000000000000 1.0000000000000000 1.0000000000000000 1.0000000000000000 0
1.0000000000000000 1.0000000000000000 1.0000000000000000 1.0000000000000000 0
1.0000000000000000 1.0000000000000000 1.0000000000000000 1.0000000000000000 0
1.0000000000000000 1.0000000000000000 1.0000000000000000 1.0000000000000000 0
1.0000000000000000 1.0000000000000000 1.0000000000000000 1.0000000000000000 0
1.0000000000000000 1.0000000000000000 1.0000000000000000 1.0000000000000000 0
1.0000000000000000 1.0000000000000000 1.0000000000000000 1.0000000000000000 0
1.0000000000000000 1.0000000000000000 1.0000000000000000 1.0000000000000000 0
1.0000000000000000 1.0000000000000000 1.0000000000000000 1.0000000000000000 0
1.0000000000000000 1.0000000000000000 1.0000000000000000 1.0000000000000000 0
1.0000000000000000 1.0000000000000000 1.0000000000000000 1.0000000000000000 0
1.0000000000000000 1.0000000000000000 1.0000000000000000 1.0000000000000000 0
1.0000000000000000 1.0000000000000000 1.0000000000000000 1.0000000000000000 0
1.0000000000000000 1.0000000000000000 1.0000000000000000 1.0000000000000000 0
1.0000000000000000 1.0000000000000000 1.0000000000000000 1.0000000000000000 0
1.0000000000000000 1.0000000000000000 1.0000000000000000 1.0000000000000000 0
1.0000000000000000 1.0000000000000000 1.0000000000000000 1.0000000000000000 0
1.0000000000000000 1.0000000000000000 1.0000000000000000 1.0000000000000000 0
1.0000000000000000 1.0000000000000000 1.0000000000000000 1.0000000000000000 0
1.0000000000000000 1.0000000000000000 1.0000000000000000 1.0000000000000000 0
1.0000000000000000 1.0000000000000000 1.0000000000000000 1.0000000000000000 0
1.0000000000000000 1.0000000000000000 1.0000000000000000 1.0000000000000000 0
1.0000000000000000 1.0000000000000000 1.0000000000000000 1.0000000000000000 0
1.0000000000000000 1.0000000000000000 1.0000000000000000 1.0000000000000000 0
1.0000000000000000 1.0000000000000000 1.0000000000000000 1.0000000000000000 0
1.0000000000000000 1.0000000000000000 1.0000000000000000 1.0000000000000000 0
1.0000000000000000 1.0000000000000000 1.0000000000000000 1.0000000000000000 0
1.0000000000000000 1.0000000000000000 1.0000000000000000 1.0000000000000000 0
1.0000000000000000 1.0000000000000000 1.0000000000000000 1.0000000000000000 0
1.0000000000000000 1.0000000000000000 1.0000000000000000 1.0000000000000000 0
1.0000000000000000 1.0000000000000000 1.0000000000000000 1.0000000000000000 0
1.0000000000000000 1.0000000000000000 1.0000000000000000 1.0000000000000000 0
1.0000000000000000 1.0000000000000000 1.0000000000000000 1.0000000000000000 0
1.0000000000000000 1.0000000000000000 1.0000000000000000 1.0000000000000000 0
1.0000000000000000 1.0000000000000000 1.0000000000000000 1.0000000000000000 0
1.0000000000000000 1.0000000000000000 1.0000000000000000 1.0000000000000000 0
1.0000000000000000 1.0000000000000000 1.0000000000000000 1.0000000000000000 0
1.0000000000000000 1.0000000000000000 1.0000000000000000 1.0000000000000000 0
1.0000000000000000 1.0000000000000000 1.0000000000000000 1.0000000000000000 0
1.0000000000000000 1.0000000000000000 1.0000000000000000 1.0000000000000000 0
1.0000000000000000 1.0000000000000000 1.0000000000000000 1.0000000000000000 0
1.0000000000000000 1.0000000000000000 1.0000000000000000 1.0000000000000000 0
1.0000000000000000 1.0000000000000000 1.0000000000000000 1.0000000000000000 0
1.0000000000000000 1.0000000000000000 1.0000000000000000 1.0000000000000000 0
1.0000000000000000 1.0000000000000000 1.0000000000000000 1.0000000000000000 0
1.0000000000000000 1.0000000000000000 1.0000000000000000 1.0000000000000000 0
1.0000000000000000 1.0000000000000000 1.0000000000000000 1.0000000000000000 0
1.0000000000000000 1.0000000000000000 1.0000000000000000 1.0000000000000000 0
1.0000000000000000 1.0000000000000000 1.0000000000000000 1.0000000000000000 0
1.0000000000000000 1.0000000000000000 1.0000000000000000 1.0000000000000000 0
1.0000000000000000 1.0000000000000000 1.0000000000000000 1.0000000000000000 0
1.0000000000000000 1.0000000000000000 1.0000000000000000 1.0000000000000000 0
1.0000000000000000 1.0000000000000000 1.0000000000000000 1.0000000000000000 0
1.0000000000000000 1.0000000000000000 1.0000000000000000 1.0000000000000000 0
1.0000000000000000 1.0000000000000000 1.0000000000000000 1.0000000000000000 0
1.0000000000000000 1.0000000000000000 1.0000000000000000 1.0000000000000000 0
0.0000000000000000 0.0000000000000000 0.0000000000000000 0.0000000000000000 0.0000000000000000 0.0000000000000000
0.0000000000000000 0.0000000000000000 0.0000000000000000 0.0000000000000000 0.0000000000000000 0.0000000000000000
0.0000000000000000 0.0000000000000000 0.0000000000000000 0.0000000000000000 0.0000000000000000 0.0000000000000000
0.0000000000000000 0.0000000000000000 0.0000000000000000 0.0000000000000000 0.0000000000000000 0.0000000000000000
0.0000000000000000 0.0000000000000000 0.0000000000000000 0.0000000000000000 0.0000000000000000 0.0000000000000000
0.0000000000000000 0.0000000000000000 0.0000000000000000 0.0000000000000000 0.0000000000000000 0.0000000000000000
0.0000000000000000 0.0000000000000000 0.0000000000000000 0.0000000000000000 0.0000000000000000 0.0000000000000000
0.0000000000000000 0.0000000000000000 0.0000000000000000 0.0000000000000000 0.0000000000000000 0.0000000000000000
0.0000000000000000 0.0000000000000000 0.0000000000000000 0.0000000000000000 0.0000000000000000 0.0000000000000000
0.0000000000000000 0.0000000000000000 0.0000000000000000 0.0000000000000000 0.0000000000000000 0.0000000000000000
0.0000000000000000 0.0000000000000000 0.0000000000000000 0.0000000000000000 0.0000000000000000 0.0000000000000000
0.0000000000000000 0.0000000000000000 0.0000000000000000 0.0000000000000000 0.0000000000000000 0.0000000000000000
0.0000000000000000 0.0000000000000000 0.0000000000000000 0.0000000000000000 0.0000000000000000 0.0000000000000000
0.0000000000000000 0.0000000000000000 0.0000000000000000 0.0000000000000000 0.0000000000000000 0.0000000000000000
0.0000000000000000 0.0000000000000000 0.0000000000000000 0.0000000000000000 0.0000000000000000 0.0000000000000000
0.0000000000000000 0.0000000000000000 0.0000000000000000 0.0000000000000000 0.0000000000000000 0.0000000000000000
0.0000000000000000 0.0000000000000000 0.0000000000000000 0.0000000000000000 0.0000000000000000 0.0000000000000000
0.0000000000000000 0.0000000000000000 0.0000000000000000 0.0000000000000000 0.0000000000000000 0.0000000000000000
0.0000000000000000 0.0000000000000000 0.0000000000000000 0.0000000000000000 0.0000000000000000 0.0000000000000000
0.0000000000000000 0.0000000000000000 0.0000000000000000 0.0000000000000000 0.0000000000000000 0.0000000000000000
0.0000000000000000 0.0000000000000000 0.0000000000000000 0.0000000000000000 0.0000000000000000 0.0000000000000000
0.0000000000000000 0.0000000000000000 0.0000000000000000 0.0000000000000000 0.0000000000000000 0.0000000000000000
0.0000000000000000 0.0000000000000000 0.0000000000000000 0.0000000000000000 0.0000000000000000 0.0000000000000000
0.0000000000000000 0.0000000000000000 0.0000000000000000 0.0000000000000000 0.0000000000000000 0.0000000000000000
0.0000000000000000 0.0000000000000000 0.0000000000000000 0.0000000000000000 0.0000000000000000 0.0000000000000000
0.0000000000000000 0.0000000000000000 0.0000000000000000 0.0000000000000000 0.0000000000000000 0.0000000000000000
0.0000000000000000 0.0000000000000000 0.0000000000000000 0.0000000000000000 0.0000000000000000 0.0000000000000000
0.0000000000000000 0.0000000000000000 0.0000000000000000 0.0000000000000000 0.0000000000000000 0.0000000000000000
0.0000000000000000 0.0000000000000000 0.0000000000000000 0.0000000000000000 0.0000000000000000 0.0000000000000000
0.0000000000000000 0.0000000000000000 0.0000000000000000 0.0000000000000000 0.0000000000000000 0.0000000000000000
0.0000000000000000 0.0000000000000000 0.0000000000000000 0.0000000000000000 0.0000000000000000 0.0000000000000000
0.0000000000000000 0.0000000000000000 0.0000000000000000 0.0000000000000000 0.0000000000000000 0.0000000000000000
0.0000000000000000 0.0000000000000000 0.0000000000000000 0.0000000000000000 0.0000000000000000 0.0000000000000000
0.0000000000000000 0.0000000000000000 0.0000000000000000 0.0000000000000000 0.0000000000000000 0.0000000000000000
0.0000000000000000 0.0000000000000000 0.0000000000000000 0.0000000000000000 0.0000000000000000 0.0000000000000000
0.0000000000000000 0.0000000000000000 0.0000000000000000 0.0000000000000000 0.0000000000000000 0.0000000000000000
0.0000000000000000 0.0000000000000000 0.0000000000000000 0.0000000000000000 0.0000000000000000 0.0000000000000000
0.0000000000000000 0.0000000000000000 0.0000000000000000 0.0000000000000000 0.0000000000000000 0.0000000000000000
0.0000000000000000 0.0000000000000000 0.0000000000000000 0.0000000000000000 0.0000000000000000 0.0000000000000000
0.0000000000000000 0.0000000000000000 0.0000000000000000 0.0000000000000000 0.0000000000000000 0.0000000000000000
0.0000000000000000 0.0000000000000000 0.0000000000000000 0.0000000000000000 0.0000000000000000 0.0000000000000000
0.0000000000000000 0.0000000000000000 0.0000000000000000 0.0000000000000000 0.0000000000000000 0.0000000000000000
0.0000000000000000 0.0000000000000000 0.0000000000000000 0.0000000000000000 0.0000000000000000 0.0000000000000000
0.0000000000000000 0.0000000000000000 0.0000000000000000 0.0000000000000000 0.0000000000000000 0.0000000000000000
0.0000000000000000 0.0000000000000000 0.0000000000000000 0.0000000000000000 0.0000000000000000 0.0000000000000000
0.0000000000000000 0.0000000000000000 0.0000000000000000 0.0000000000000000 0.0000000000000000 0.0000000000000000
0.0000000000000000 0.0000000000000000 0.0000000000000000 0.0000000000000000 0.0000000000000000 0.0000000000000000
0.0000000000000000 0.0000000000000000 0.0000000000000000 0.0000000000000000 0.0000000000000000 0.0000000000000000
0.0000000000000000 0.0000000000000000 0.0000000000000000 0.0000000000000000 0.0000000000000000 0.0000000000000000
0.0000000000000000 0.0000000000000000 0.0000000000000000 0.0000000000000000 0.0000000000000000 0.0000000000000000
0.0000000000000000 0.0000000000000000 0.0000000000000000 0.0000000000000000 0.0000000000000000 0.0000000000000000
0.0000000000000000 0.0000000000000000 0.0000000000000000 0.0000000000000000 0.0000000000000000 0.0000000000000000
0.0000000000000000 0.0000000000000000 0.0000000000000000 0.0000000000000000 0.0000000000000000 0.0000000000000000
0.0000000000000000 0.0000000000000000 0.0000000000000000 0.0000000000000000 0.0000000000000000 0.0000000000000000
0.0000000000000000 0.0000000000000000 0.0000000000000000 0.0000000000000000 0.0000000000000000 0.0000000000000000
0.0000000000000000 0.0000000000000000 0.0000000000000000 0.0000000000000000 0.0000000000000000 0.0000000000000000
0.0000000000000000 0.0000000000000000 0.0000000000000000 0.0000000000000000 0.0000000000000000 0.0000000000000000
0.0000000000000000 0.0000000000000000 0.0000000000000000 0.0000000000000000 0.0000000000000000 0.0000000000000000
0.0000000000000000 0.0000000000000000 0.0000000000000000 0.0000000000000000 0.0000000000000000 0.0000000000000000
0.0000000000000000 0.0000000000000000 0.0000000000000000 0.0000000000000000 0.0000000000000000 0.0000000000000000
0.0000000000000000 0.0000000000000000 0.0000000000000000 0.0000000000000000 0.0000000000000000 0.0000000000000000
0.0000000000000000 0.0000000000000000 0.0000000000000000 0.0000000000000000 0.0000000000000000 0.0000000000000000
0.0000000000000000 0.0000000000000000 0.0000000000000000 0.0000000000000000 0.0000000000000000 0.0000000000000000
0.0000000000000000 0.0000000000000000 0.0000000000000000 0.0000000000000000 0.0000000000000000 0.0000000000000000
0.0000000000000000 0.0000000000000000 0.0000000000000000 0.0000000000000000 0.0000000000000000 0.0000000000000000
0.0000000000000000 0.0000000000000000 0.0000000000000000 0.0000000000000000 0.0000000000000000 0.0000000000000000
0.0000000000000000 0.0000000000000000 0.0000000000000000 0.0000000000000000 0.0000000000000000 0.0000000000000000
0.0000000000000000 0.0000000000000000 0.0000000000000000 0.0000000000000000 0.0000000000000000 0.0000000000000000
0.0000000000000000 0.0000000000000000 0.0000000000000000 0.0000000000000000 0.0000000000000000 0.0000000000000000
0.0000000000000000 0.0000000000000000 0.0000000000000000 0.0000000000000000 0.0000000000000000 0.0000000000000000
0.0000000000000000 0.0000000000000000 0.0000000000000000 0.0000000000000000 0.0000000000000000 0.0000000000000000
0.0000000000000000 0.0000000000000000 0.0000000000000000 0.0000000000000000 0.0000000000000000 0.0000000000000000
0.0000000000000000 0.0000000000000000 0.0000000000000000 0.0000000000000000 0.0000000000000000 0.0000000000000000
0.0000000000000000 0.0000000000000000 0.0000000000000000 0.0000000000000000 0.0000000000000000 0.0000000000000000
0.0000000000000000 0.0000000000000000 0.0000000000000000 0.0000000000000000 0.0000000000000000 0.0000000000000000
0.0000000000000000 0.0000000000000000 0.0000000000000000 0.0000000000000000 0.0000000000000000 0.0000000000000000
0.0000000000000000 0.0000000000000000 0.0000000000000000 0.0000000000000000 0.0000000000000000 0.0000000000000000
0.0000000000000000 0.0000000000000000 0.0000000000000000 0.0000000000000000 0.0000000000000000 0.0000000000000000
0.0000000000000000 0.0000000000000000 0.0000000000000000 0.0000000000000000 0.0000000000000000 0.0000000000000000
0.0000000000000000 0.0000000000000000 0.0000000000000000 0.0000000000000000 0.0000000000000000 0.0000000000000000
0.0000000000000000 0.0000000000000000 0.0000000000000000 0.0000000000000000 0.0000000000000000 0.0000000000000000
0.0000000000000000 0.0000000000000000 0.0000000000000000 0.0000000000000000 0.0000000000000000 0.0000000000000000
0.0000000000000000 0.0000000000000000 0.0000000000000000 0.0000000000000000 0.0000000000000000 0.0000000000000000
0.0000000000000000 0.0000000000000000 0.0000000000000000 0.0000000000000000 0.0000000000000000 0.0000000000000000
0.0000000000000000 0.0000000000000000 0.0000000000000000 0.0000000000000000 0.0000000000000000 0.0000000000000000
0.0000000000000000 0.0000000000000000 0.0000000000000000 0.0000000000000000 0.0000000000000000 0.0000000000000000
0.0000000000000000 0.0000000000000000 0.0000000000000000 0.0000000000000000 0.0000000000000000 0.0000000000000000
0.0000000000000000 0.0000000000000000 0.0000000000000000 0.0000000000000000 0.0000000000000000 0.0000000000000000
0.0000000000000000 0.0000000000000000 0.0000000000000000 0.0000000000000000 0.0000000000000000 0.0000000000000000
0.0000000000000000 0.0000000000000000 0.0000000000000000 0.0000000000000000 0.0000000000000000 0.0000000000000000
0.0000000000000000 0.0000000000000000 0.0000000000000000 0.0000000000000000 0.0000000000000000 0.0000000000000000
0.0000000000000000 0.0000000000000000 0.0000000000000000 0.0000000000000000 0.0000000000000000 0.0000000000000000
0.0000000000000000 0.0000000000000000 0.0000000000000000 0.0000000000000000 0.0000000000000000 0.0000000000000000
0.0000000000000000 0.0000000000000000 0.0000000000000000 0.0000000000000000 0.0000000000000000 0.0000000000000000
0.0000000000000000 0.0000000000000000 0.0000000000000000 0.0000000000000000 0.0000000000000000 0.0000000000000000
0.0000000000000000 0.0000000000000000 0.0000000000000000 0.0000000000000000 0.0000000000000000 0.0000000000000000
0.0000000000000000 0.0000000000000000 0.0000000000000000 0.0000000000000000 0.0000000000000000 0.0000000000000000
0.0000000000000000 0.0000000000000000 0.0000000000000000 0.0000000000000000 0.0000000000000000 0.0000000000000000
0.0000000000000000 0.0000000000000000 0.0000000000000000 0.0000000000000000 0.0000000000000000 0.0000000000000000
0.0000000000000000 0.0000000000000000 0.0000000000000000 0.0000000000000000 0.0000000000000000 0.0000000000000000
0.0000000000000000 0.0000000000000000 0.0000000000000000 0.0000000000000000 0.0000000000000000 0.0000000000000000
0.0000000000000000 0.0000000000000000 0.0000000000000000 0.0000000000000000 0.0000000000000000 0.0000000000000000
0.0000000000000000 0.0000000000000000 0.0000000000000000 0.0000000000000000 0.0000000000000000 0.0000000000000000
0.0000000000000000 0.0000000000000000 0.0000000000000000 0.0000000000000000 0.0000000000000000 0.0000000000000000
0.0000000000000000 0.0000000000000000 0.0000000000000000 0.0000000000000000 0.0000000000000000 0.0000000000000000
0.0000000000000000 0.0000000000000000 0.0000000000000000 0.0000000000000000 0.0000000000000000 0.0000000000000000
0.0000000000000000 0.0000000000000000 0.0000000000000000 0.0000000000000000 0.0000000000000000 0.0000000000000000
0.0000000000000000 0.0000000000000000 0.0000000000000000 0.0000000000000000 0.0000000000000000 0.0000000000000000
0.0000000000000000 0.0000000000000000 0.0000000000000000 0.0000000000000000 0.0000000000000000 0.0000000000000000
0.0000000000000000 0.0000000000000000 0.0000000000000000 0.0000000000000000 0.0000000000000000 0.0000000000000000
0.0000000000000000 0.0000000000000000 0.0000000000000000 0.0000000000000000 0.0000000000000000 0.0000000000000000
0.0000000000000000 0.0000000000000000 0.0000000000000000 0.0000000000000000 0.0000000000000000 0.0000000000000000
0.0000000000000000 0.0000000000000000 0.0000000000000000 0.0000000000000000 0.0000000000000000 0.0000000000000000
0.0000000000000000 0.0000000000000000 0.0000000000000000 0.0000000000000000 0.0000000000000000 0.0000000000000000
0.0000000000000000 0.0000000000000000 0.0000000000000000 0.0000000000000000 0.0000000000000000 0.0000000000000000
0.0000000000000000 0.0000000000000000 0.0000000000000000 0.0000000000000000 0.0000000000000000 0.0000000000000000
0.0000000000000000 0.0000000000000000 0.0000000000000000 0.0000000000000000 0.0000000000000000 0.0000000000000000
0.0000000000000000 0.0000000000000000 0.0000000000000000 0.0000000000000000 0.0000000000000000 0.0000000000000000
0.0000000000000000 0.0000000000000000 0.0000000000000000 0.0000000000000000 0.0000000000000000 0.0000000000000000
0.0000000000000000 0.0000000000000000 0.0000000000000000 0.0000000000000000 0.0000000000000000 0.0000000000000000
0.0000000000000000 0.0000000000000000 0.0000000000000000 0.0000000000000000 0.0000000000000000 0.0000000000000000
0.0000000000000000 0.0000000000000000 0.0000000000000000 0.0000000000000000 0.0000000000000000 0.0000000000000000
0.0000000000000000 0.0000000000000000 0.0000000000000000 0.0000000000000000 0.0000000000000000 0.0000000000000000
0.0000000000000000 0.0000000000000000 0.0000000000000000 0.0000000000000000 0.0000000000000000 0.0000000000000000
0.0000000000000000 0.0000000000000000 0.0000000000000000 0.0000000000000000 0.0000000000000000 0.0000000000000000
0.0000000000000000 0.0000000000000000 0.0000000000000000 0.0000000000000000 0.0000000000000000 0.0000000000000000
0.0000000000000000 0.0000000000000000 0.0000000000000000 0.0000000000000000 0.0000000000000000 0.0000000000000000
0.0000000000000000 0.0000000000000000 0.0000000000000000 0.0000000000000000 0.0000000000000000 0.0000000000000000
1.0000000000000000 1.0000000000000000 1.0000000000000000 1.0000000000000000 0
1.0000000000000000 1.0000000000000000 1.0000000000000000 1.0000000000000000 0
1.0000000000000000 1.0000000000000000 1.0000000000000000 1.0000000000000000 0
1.0000000000000000 1.0000000000000000 1.0000000000000000 1.0000000000000000 0
1.0000000000000000 1.0000000000000000 1.0000000000000000 1.0000000000000000 0
1.0000000000000000 1.0000000000000000 1.0000000000000000 1.0000000000000000 0
1.0000000000000000 1.0000000000000000 1.0000000000000000 1.0000000000000000 0
1.0000000000000000 1.0000000000000000 1.0000000000000000 1.0000000000000000 0
1.0000000000000000 1.0000000000000000 1.0000000000000000 1.0000000000000000 0
1.0000000000000000 1.0000000000000000 1.0000000000000000 1.0000000000000000 0
1.0000000000000000 1.0000000000000000 1.0000000000000000 1.0000000000000000 0
1.0000000000000000 1.0000000000000000 1.0000000000000000 1.0000000000000000 0
1.0000000000000000 1.0000000000000000 1.0000000000000000 1.0000000000000000 0
1.0000000000000000 1.0000000000000000 1.0000000000000000 1.0000000000000000 0
1.0000000000000000 1.0000000000000000 1.0000000000000000 1.0000000000000000 0
1.0000000000000000 1.0000000000000000 1.0000000000000000 1.0000000000000000 0
1.0000000000000000 1.0000000000000000 1.0000000000000000 1.0000000000000000 0
1.0000000000000000 1.0000000000000000 1.0000000000000000 1.0000000000000000 0
1.0000000000000000 1.0000000000000000 1.0000000000000000 1.0000000000000000 0
1.0000000000000000 1.0000000000000000 1.0000000000000000 1.0000000000000000 0
1.0000000000000000 1.0000000000000000 1.0000000000000000 1.0000000000000000 0
1.0000000000000000 1.0000000000000000 1.0000000000000000 1.0000000000000000 0
1.0000000000000000 1.0000000000000000 1.0000000000000000 1.0000000000000000 0
1.0000000000000000 1.0000000000000000 1.0000000000000000 1.0000000000000000 0
1.0000000000000000 1.0000000000000000 1.0000000000000000 1.0000000000000000 0
1.0000000000000000 1.0000000000000000 1.0000000000000000 1.0000000000000000 0
1.0000000000000000 1.0000000000000000 1.0000000000000000 1.0000000000000000 0
1.0000000000000000 1.0000000000000000 1.0000000000000000 1.0000000000000000 0
1.0000000000000000 1.0000000000000000 1.0000000000000000 1.0000000000000000 0
1.0000000000000000 1.0000000000000000 1.0000000000000000 1.0000000000000000 0
1.0000000000000000 1.0000000000000000 1.0000000000000000 1.0000000000000000 0
1.0000000000000000 1.0000000000000000 1.0000000000000000 1.0000000000000000 0
1.0000000000000000 1.0000000000000000 1.0000000000000000 1.0000000000000000 0
1.0000000000000000 1.0000000000000000 1.0000000000000000 1.0000000000000000 0
1.0000000000000000 1.0000000000000000 1.0000000000000000 1.0000000000000000 0
1.0000000000000000 1.0000000000000000 1.0000000000000000 1.0000000000000000 0
1.0000000000000000 1.0000000000000000 1.0000000000000000 1.0000000000000000 0
1.0000000000000000 1.0000000000000000 1.0000000000000000 1.0000000000000000 0
1.0000000000000000 1.0000000000000000 1.0000000000000000 1.0000000000000000 0
1.0000000000000000 1.0000000000000000 1.0000000000000000 1.0000000000000000 0
1.0000000000000000 1.0000000000000000 1.0000000000000000 1.0000000000000000 0
1.0000000000000000 1.0000000000000000 1.0000000000000000 1.0000000000000000 0
1.0000000000000000 1.0000000000000000 1.0000000000000000 1.0000000000000000 0
1.0000000000000000 1.0000000000000000 1.0000000000000000 1.0000000000000000 0
1.0000000000000000 1.0000000000000000 1.0000000000000000 1.0000000000000000 0
1.0000000000000000 1.0000000000000000 1.0000000000000000 1.0000000000000000 0
1.0000000000000000 1.0000000000000000 1.0000000000000000 1.0000000000000000 0
1.0000000000000000 1.0000000000000000 1.0000000000000000 1.0000000000000000 0
1.0000000000000000 1.0000000000000000 1.0000000000000000 1.0000000000000000 0
1.0000000000000000 1.0000000000000000 1.0000000000000000 1.0000000000000000 0
1.0000000000000000 1.0000000000000000 1.0000000000000000 1.0000000000000000 0
1.0000000000000000 1.0000000000000000 1.0000000000000000 1.0000000000000000 0
1.0000000000000000 1.0000000000000000 1.0000000000000000 1.0000000000000000 0
1.0000000000000000 1.0000000000000000 1.0000000000000000 1.0000000000000000 0
1.0000000000000000 1.0000000000000000 1.0000000000000000 1.0000000000000000 0
1.0000000000000000 1.0000000000000000 1.0000000000000000 1.0000000000000000 0
1.0000000000000000 1.0000000000000000 1.0000000000000000 1.0000000000000000 0
1.0000000000000000 1.0000000000000000 1.0000000000000000 1.0000000000000000 0
1.0000000000000000 1.0000000000000000 1.0000000000000000 1.0000000000000000 0
1.0000000000000000 1.0000000000000000 1.0000000000000000 1.0000000000000000 0
1.0000000000000000 1.0000000000000000 1.0000000000000000 1.0000000000000000 0
1.0000000000000000 1.0000000000000000 1.0000000000000000 1.0000000000000000 0
1.0000000000000000 1.0000000000000000 1.0000000000000000 1.0000000000000000 0
1.0000000000000000 1.0000000000000000 1.0000000000000000 1.0000000000000000 0
0.0000000000000000 0.0000000000000000 0.0000000000000000 0.0000000000000000 0.0000000000000000 0.0000000000000000
0.0000000000000000 0.0000000000000000 0.0000000000000000 0.0000000000000000 0.0000000000000000 0.0000000000000000
0.0000000000000000 0.0000000000000000 0.0000000000000000 0.0000000000000000 0.0000000000000000 0.0000000000000000
0.0000000000000000 0.0000000000000000 0.0000000000000000 0.0000000000000000 0.0000000000000000 0.0000000000000000
0.0000000000000000 0.0000000000000000 0.0000000000000000 0.0000000000000000 0.0000000000000000 0.0000000000000000
0.0000000000000000 0.0000000000000000 0.0000000000000000 0.0000000000000000 0.0000000000000000 0.0000000000000000
0.0000000000000000 0.0000000000000000 0.0000000000000000 0.0000000000000000 0.0000000000000000 0.0000000000000000
0.0000000000000000 0.0000000000000000 0.0000000000000000 0.0000000000000000 0.0000000000000000 0.0000000000000000
0.0000000000000000 0.0000000000000000 0.0000000000000000 0.0000000000000000 0.0000000000000000 0.0000000000000000
0.0000000000000000 0.0000000000000000 0.0000000000000000 0.0000000000000000 0.0000000000000000 0.0000000000000000
0.0000000000000000 0.0000000000000000 0.0000000000000000 0.0000000000000000 0.0000000000000000 0.0000000000000000
0.0000000000000000 0.0000000000000000 0.0000000000000000 0.0000000000000000 0.0000000000000000 0.0000000000000000
0.0000000000000000 0.0000000000000000 0.0000000000000000 0.0000000000000000 0.0000000000000000 0.0000000000000000
0.0000000000000000 0.0000000000000000 0.0000000000000000 0.0000000000000000 0.0000000000000000 0.0000000000000000
0.0000000000000000 0.0000000000000000 0.0000000000000000 0.0000000000000000 0.0000000000000000 0.0000000000000000
0.0000000000000000 0.0000000000000000 0.0000000000000000 0.0000000000000000 0.0000000000000000 0.0000000000000000
0.0000000000000000 0.0000000000000000 0.0000000000000000 0.0000000000000000 0.0000000000000000 0.0000000000000000
0.0000000000000000 0.0000000000000000 0.0000000000000000 0.0000000000000000 0.0000000000000000 0.0000000000000000
0.0000000000000000 0.0000000000000000 0.0000000000000000 0.0000000000000000 0.0000000000000000 0.0000000000000000
0.0000000000000000 0.0000000000000000 0.0000000000000000 0.0000000000000000 0.0000000000000000 0.0000000000000000
0.0000000000000000 0.0000000000000000 0.0000000000000000 0.0000000000000000 0.0000000000000000 0.0000000000000000
0.0000000000000000 0.0000000000000000 0.0000000000000000 0.0000000000000000 0.0000000000000000 0.0000000000000000
0.0000000000000000 0.0000000000000000 0.0000000000000000 0.0000000000000000 0.0000000000000000 0.0000000000000000
0.0000000000000000 0.0000000000000000 0.0000000000000000 0.0000000000000000 0.0000000000000000 0.0000000000000000
0.0000000000000000 0.0000000000000000 0.0000000000000000 0.0000000000000000 0.0000000000000000 0.0000000000000000
0.0000000000000000 0.0000000000000000 0.0000000000000000 0.0000000000000000 0.0000000000000000 0.0000000000000000
0.0000000000000000 0.0000000000000000 0.0000000000000000 0.0000000000000000 0.0000000000000000 0.0000000000000000
0.0000000000000000 0.0000000000000000 0.0000000000000000 0.0000000000000000 0.0000000000000000 0.0000000000000000
0.0000000000000000 0.0000000000000000 0.0000000000000000 0.0000000000000000 0.0000000000000000 0.0000000000000000
0.0000000000000000 0.0000000000000000 0.0000000000000000 0.0000000000000000 0.0000000000000000 0.0000000000000000
0.0000000000000000 0.0000000000000000 0.0000000000000000 0.0000000000000000 0.0000000000000000 0.0000000000000000
0.0000000000000000 0.0000000000000000 0.0000000000000000 0.0000000000000000 0.0000000000000000 0.0000000000000000
0.0000000000000000 0.0000000000000000 0.0000000000000000 0.0000000000000000 0.0000000000000000 0.0000000000000000
0.0000000000000000 0.0000000000000000 0.0000000000000000 0.0000000000000000 0.0000000000000000 0.0000000000000000
0.0000000000000000 0.0000000000000000 0.0000000000000000 0.0000000000000000 0.0000000000000000 0.0000000000000000
0.0000000000000000 0.0000000000000000 0.0000000000000000 0.0000000000000000 0.0000000000000000 0.0000000000000000
0.0000000000000000 0.0000000000000000 0.0000000000000000 0.0000000000000000 0.0000000000000000 0.0000000000000000
0.0000000000000000 0.0000000000000000 0.0000000000000000 0.0000000000000000 0.0000000000000000 0.0000000000000000
0.0000000000000000 0.0000000000000000 0.0000000000000000 0.0000000000000000 0.0000000000000000 0.0000000000000000
0.0000000000000000 0.0000000000000000 0.0000000000000000 0.0000000000000000 0.0000000000000000 0.0000000000000000
0.0000000000000000 0.0000000000000000 0.0000000000000000 0.0000000000000000 0.0000000000000000 0.0000000000000000
0.0000000000000000 0.0000000000000000 0.0000000000000000 0.0000000000000000 0.0000000000000000 0.0000000000000000
0.0000000000000000 0.0000000000000000 0.0000000000000000 0.0000000000000000 0.0000000000000000 0.0000000000000000
0.0000000000000000 0.0000000000000000 0.0000000000000000 0.0000000000000000 0.0000000000000000 0.0000000000000000
0.0000000000000000 0.0000000000000000 0.0000000000000000 0.0000000000000000 0.0000000000000000 0.0000000000000000
0.0000000000000000 0.0000000000000000 0.0000000000000000 0.0000000000000000 0.0000000000000000 0.0000000000000000
0.0000000000000000 0.0000000000000000 0.0000000000000000 0.0000000000000000 0.0000000000000000 0.0000000000000000
0.0000000000000000 0.0000000000000000 0.0000000000000000 0.0000000000000000 0.0000000000000000 0.0000000000000000
0.0000000000000000 0.0000000000000000 0.0000000000000000 0.0000000000000000 0.0000000000000000 0.0000000000000000
0.0000000000000000 0.0000000000000000 0.0000000000000000 0.0000000000000000 0.0000000000000000 0.0000000000000000
0.0000000000000000 0.0000000000000000 0.0000000000000000 0.0000000000000000 0.0000000000000000 0.0000000000000000
0.0000000000000000 0.0000000000000000 0.0000000000000000 0.0000000000000000 0.0000000000000000 0.0000000000000000
0.0000000000000000 0.0000000000000000 0.0000000000000000 0.0000000000000000 0.0000000000000000 0.0000000000000000
0.0000000000000000 0.0000000000000000 0.0000000000000000 0.0000000000000000 0.0000000000000000 0.0000000000000000
0.0000000000000000 0.0000000000000000 0.0000000000000000 0.0000000000000000 0.0000000000000000 0.0000000000000000
0.0000000000000000 0.0000000000000000 0.0000000000000000 0.0000000000000000 0.0000000000000000 0.0000000000000000
0.0000000000000000 0.0000000000000000 0.0000000000000000 0.0000000000000000 0.0000000000000000 0.0000000000000000
0.0000000000000000 0.0000000000000000 0.0000000000000000 0.0000000000000000 0.0000000000000000 0.0000000000000000
0.0000000000000000 0.0000000000000000 0.0000000000000000 0.0000000000000000 0.0000000000000000 0.0000000000000000
0.0000000000000000 0.0000000000000000 0.0000000000000000 0.0000000000000000 0.0000000000000000 0.0000000000000000
0.0000000000000000 0.0000000000000000 0.0000000000000000 0.0000000000000000 0.0000000000000000 0.0000000000000000
0.0000000000000000 0.0000000000000000 0.0000000000000000 0.0000000000000000 0.0000000000000000 0.0000000000000000
0.0000000000000000 0.0000000000000000 0.0000000000000000 0.0000000000000000 0.0000000000000000 0.0000000000000000
0.0000000000000000 0.0000000000000000 0.0000000000000000 0.0000000000000000 0.0000000000000000 0.0000000000000000
0.0000000000000000 0.0000000000000000 0.0000000000000000 0.0000000000000000 0.0000000000000000 0.0000000000000000
0.0000000000000000 0.0000000000000000 0.0000000000000000 0.0000000000000000 0.0000000000000000 0.0000000000000000
0.0000000000000000 0.0000000000000000 0.0000000000000000 0.0000000000000000 0.0000000000000000 0.0000000000000000
0.0000000000000000 0.0000000000000000 0.0000000000000000 0.0000000000000000 0.0000000000000000 0.0000000000000000
0.0000000000000000 0.0000000000000000 0.0000000000000000 0.0000000000000000 0.0000000000000000 0.0000000000000000
0.0000000000000000 0.0000000000000000 0.0000000000000000 0.0000000000000000 0.0000000000000000 0.0000000000000000
0.0000000000000000 0.0000000000000000 0.0000000000000000 0.0000000000000000 0.0000000000000000 0.0000000000000000
0.0000000000000000 0.0000000000000000 0.0000000000000000 0.0000000000000000 0.0000000000000000 0.0000000000000000
0.0000000000000000 0.0000000000000000 0.0000000000000000 0.0000000000000000 0.0000000000000000 0.0000000000000000
0.0000000000000000 0.0000000000000000 0.0000000000000000 0.0000000000000000 0.0000000000000000 0.0000000000000000
0.0000000000000000 0.0000000000000000 0.0000000000000000 0.0000000000000000 0.0000000000000000 0.0000000000000000
0.0000000000000000 0.0000000000000000 0.0000000000000000 0.0000000000000000 0.0000000000000000 0.0000000000000000
0.0000000000000000 0.0000000000000000 0.0000000000000000 0.0000000000000000 0.0000000000000000 0.0000000000000000
0.0000000000000000 0.0000000000000000 0.0000000000000000 0.0000000000000000 0.0000000000000000 0.0000000000000000
0.0000000000000000 0.0000000000000000 0.0000000000000000 0.0000000000000000 0.0000000000000000 0.0000000000000000
0.0000000000000000 0.0000000000000000 0.0000000000000000 0.0000000000000000 0.0000000000000000 0.0000000000000000
0.0000000000000000 0.0000000000000000 0.0000000000000000 0.0000000000000000 0.0000000000000000 0.0000000000000000
0.0000000000000000 0.0000000000000000 0.0000000000000000 0.0000000000000000 0.0000000000000000 0.0000000000000000
0.0000000000000000 0.0000000000000000 0.0000000000000000 0.0000000000000000 0.0000000000000000 0.0000000000000000
0.0000000000000000 0.0000000000000000 0.0000000000000000 0.0000000000000000 0.0000000000000000 0.0000000000000000
0.0000000000000000 0.0000000000000000 0.0000000000000000 0.0000000000000000 0.0000000000000000 0.0000000000000000
0.0000000000000000 0.0000000000000000 0.0000000000000000 0.0000000000000000 0.0000000000000000 0.0000000000000000
0.0000000000000000 0.0000000000000000 0.0000000000000000 0.0000000000000000 0.0000000000000000 0.0000000000000000
0.0000000000000000 0.0000000000000000 0.0000000000000000 0.0000000000000000 0.0000000000000000 0.0000000000000000
0.0000000000000000 0.0000000000000000 0.0000000000000000 0.0000000000000000 0.0000000000000000 0.0000000000000000
0.0000000000000000 0.0000000000000000 0.0000000000000000 0.0000000000000000 0.0000000000000000 0.0000000000000000
0.0000000000000000 0.0000000000000000 0.0000000000000000 0.0000000000000000 0.0000000000000000 0.0000000000000000
0.0000000000000000 0.0000000000000000 0.0000000000000000 0.0000000000000000 0.0000000000000000 0.0000000000000000
0.0000000000000000 0.0000000000000000 0.0000000000000000 0.0000000000000000 0.0000000000000000 0.0000000000000000
0.0000000000000000 0.0000000000000000 0.0000000000000000 0.0000000000000000 0.0000000000000000 0.0000000000000000
0.0000000000000000 0.0000000000000000 0.0000000000000000 0.0000000000000000 0.0000000000000000 0.0000000000000000
0.0000000000000000 0.0000000000000000 0.0000000000000000 0.0000000000000000 0.0000000000000000 0.0000000000000000
0.0000000000000000 0.0000000000000000 0.0000000000000000 0.0000000000000000 0.0000000000000000 0.0000000000000000
0.0000000000000000 0.0000000000000000 0.0000000000000000 0.0000000000000000 0.0000000000000000 0.0000000000000000
0.0000000000000000 0.0000000000000000 0.0000000000000000 0.0000000000000000 0.0000000000000000 0.0000000000000000
0.0000000000000000 0.0000000000000000 0.0000000000000000 0.0000000000000000 0.0000000000000000 0.0000000000000000
0.0000000000000000 0.0000000000000000 0.0000000000000000 0.0000000000000000 0.0000000000000000 0.0000000000000000
0.0000000000000000 0.0000000000000000 0.0000000000000000 0.0000000000000000 0.0000000000000000 0.0000000000000000
0.0000000000000000 0.0000000000000000 0.0000000000000000 0.0000000000000000 0.0000000000000000 0.0000000000000000
0.0000000000000000 0.0000000000000000 0.0000000000000000 0.0000000000000000 0.0000000000000000 0.0000000000000000
0.0000000000000000 0.0000000000000000 0.0000000000000000 0.0000000000000000 0.0000000000000000 0.0000000000000000
0.0000000000000000 0.0000000000000000 0.0000000000000000 0.0000000000000000 0.0000000000000000 0.0000000000000000
0.0000000000000000 0.0000000000000000 0.0000000000000000 0.0000000000000000 0.0000000000000000 0.0000000000000000
0.0000000000000000 0.0000000000000000 0.0000000000000000 0.0000000000000000 0.0000000000000000 0.0000000000000000
0.0000000000000000 0.0000000000000000 0.0000000000000000 0.0000000000000000 0.0000000000000000 0.0000000000000000
0.0000000000000000 0.0000000000000000 0.0000000000000000 0.0000000000000000 0.0000000000000000 0.0000000000000000
0.0000000000000000 0.0000000000000000 0.0000000000000000 0.0000000000000000 0.0000000000000000 0.0000000000000000
0.0000000000000000 0.0000000000000000 0.0000000000000000 0.0000000000000000 0.0000000000000000 0.0000000000000000
0.0000000000000000 0.0000000000000000 0.0000000000000000 0.0000000000000000 0.0000000000000000 0.0000000000000000
0.0000000000000000 0.0000000000000000 0.0000000000000000 0.0000000000000000 0.0000000000000000 0.0000000000000000
0.0000000000000000 0.0000000000000000 0.0000000000000000 0.0000000000000000 0.0000000000000000 0.0000000000000000
0.0000000000000000 0.0000000000000000 0.0000000000000000 0.0000000000000000 0.0000000000000000 0.0000000000000000
0.0000000000000000 0.0000000000000000 0.0000000000000000 0.0000000000000000 0.0000000000000000 0.0000000000000000
0.0000000000000000 0.0000000000000000 0.0000000000000000 0.0000000000000000 0.0000000000000000 0.0000000000000000
0.0000000000000000 0.0000000000000000 0.0000000000000000 0.0000000000000000 0.0000000000000000 0.0000000000000000
0.0000000000000000 0.0000000000000000 0.0000000000000000 0.0000000000000000 0.0000000000000000 0.0000000000000000
0.0000000000000000 0.0000000000000000 0.0000000000000000 0.0000000000000000 0.0000000000000000 0.0000000000000000
0.0000000000000000 0.0000000000000000 0.0000000000000000 0.0000000000000000 0.0000000000000000 0.0000000000000000
0.0000000000000000 0.0000000000000000 0.0000000000000000 0.0000000000000000 0.0000000000000000 0.0000000000000000
0.0000000000000000 0.0000000000000000 0.0000000000000000 0.0000000000000000 0.0000000000000000 0.0000000000000000
0.0000000000000000 0.0000000000000000 0.0000000000000000 0.0000000000000000 0.0000000000000000 0.0000000000000000
0.0000000000000000 0.0000000000000000 0.0000000000000000 0.0000000000000000 0.0000000000000000 0.0000000000000000
0.0000000000000000 0.0000000000000000 0.0000000000000000 0.0000000000000000 0.0000000000000000 0.0000000000000000
0.0000000000000000 0.0000000000000000 0.0000000000000000 0.0000000000000000 0.0000000000000000 0.0000000000000000
1.0000000000000000 1.0000000000000000 1.0000000000000000 1.0000000000000000 0
1.0000000000000000 1.0000000000000000 1.0000000000000000 1.0000000000000000 0
1.0000000000000000 1.0000000000000000 1.0000000000000000 1.0000000000000000 0
1.0000000000000000 1.0000000000000000 1.0000000000000000 1.0000000000000000 0
1.0000000000000000 1.0000000000000000 1.0000000000000000 1.0000000000000000 0
1.0000000000000000 1.0000000000000000 1.0000000000000000 1.0000000000000000 0
1.0000000000000000 1.0000000000000000 1.0000000000000000 1.0000000000000000 0
1.0000000000000000 1.0000000000000000 1.0000000000000000 1.0000000000000000 0
1.0000000000000000 1.0000000000000000 1.0000000000000000 1.0000000000000000 0
1.0000000000000000 1.0000000000000000 1.0000000000000000 1.0000000000000000 0
1.0000000000000000 1.0000000000000000 1.0000000000000000 1.0000000000000000 0
1.0000000000000000 1.0000000000000000 1.0000000000000000 1.0000000000000000 0
1.0000000000000000 1.0000000000000000 1.0000000000000000 1.0000000000000000 0
1.0000000000000000 1.0000000000000000 1.0000000000000000 1.0000000000000000 0
1.0000000000000000 1.0000000000000000 1.0000000000000000 1.0000000000000000 0
1.0000000000000000 1.0000000000000000 1.0000000000000000 1.0000000000000000 0
1.0000000000000000 1.0000000000000000 1.0000000000000000 1.0000000000000000 0
1.0000000000000000 1.0000000000000000 1.0000000000000000 1.0000000000000000 0
1.0000000000000000 1.0000000000000000 1.0000000000000000 1.0000000000000000 0
1.0000000000000000 1.0000000000000000 1.0000000000000000 1.0000000000000000 0
1.0000000000000000 1.0000000000000000 1.0000000000000000 1.0000000000000000 0
1.0000000000000000 1.0000000000000000 1.0000000000000000 1.0000000000000000 0
1.0000000000000000 1.0000000000000000 1.0000000000000000 1.0000000000000000 0
1.0000000000000000 1.0000000000000000 1.0000000000000000 1.0000000000000000 0
1.0000000000000000 1.0000000000000000 1.0000000000000000 1.0000000000000000 0
1.0000000000000000 1.0000000000000000 1.0000000000000000 1.0000000000000000 0
1.0000000000000000 1.0000000000000000 1.0000000000000000 1.0000000000000000 0
1.0000000000000000 1.0000000000000000 1.0000000000000000 1.0000000000000000 0
1.0000000000000000 1.0000000000000000 1.0000000000000000 1.0000000000000000 0
1.0000000000000000 1.0000000000000000 1.0000000000000000 1.0000000000000000 0
1.0000000000000000 1.0000000000000000 1.0000000000000000 1.0000000000000000 0
1.0000000000000000 1.0000000000000000 1.0000000000000000 1.0000000000000000 0
1.0000000000000000 1.0000000000000000 1.0000000000000000 1.0000000000000000 0
1.0000000000000000 1.0000000000000000 1.0000000000000000 1.0000000000000000 0
1.0000000000000000 1.0000000000000000 1.0000000000000000 1.0000000000000000 0
1.0000000000000000 1.0000000000000000 1.0000000000000000 1.0000000000000000 0
1.0000000000000000 1.0000000000000000 1.0000000000000000 1.0000000000000000 0
1.0000000000000000 1.0000000000000000 1.0000000000000000 1.0000000000000000 0
1.0000000000000000 1.0000000000000000 1.0000000000000000 1.0000000000000000 0
1.0000000000000000 1.0000000000000000 1.0000000000000000 1.0000000000000000 0
1.0000000000000000 1.0000000000000000 1.0000000000000000 1.0000000000000000 0
1.0000000000000000 1.0000000000000000 1.0000000000000000 1.0000000000000000 0
1.0000000000000000 1.0000000000000000 1.0000000000000000 1.0000000000000000 0
1.0000000000000000 1.0000000000000000 1.0000000000000000 1.0000000000000000 0
1.0000000000000000 1.0000000000000000 1.0000000000000000 1.0000000000000000 0
1.0000000000000000 1.0000000000000000 1.0000000000000000 1.0000000000000000 0
1.0000000000000000 1.0000000000000000 1.0000000000000000 1.0000000000000000 0
1.0000000000000000 1.0000000000000000 1.0000000000000000 1.0000000000000000 0
1.0000000000000000 1.0000000000000000 1.0000000000000000 1.0000000000000000 0
1.0000000000000000 1.0000000000000000 1.0000000000000000 1.0000000000000000 0
1.0000000000000000 1.0000000000000000 1.0000000000000000 1.0000000000000000 0
1.0000000000000000 1.0000000000000000 1.0000000000000000 1.0000000000000000 0
1.0000000000000000 1.0000000000000000 1.0000000000000000 1.0000000000000000 0
1.0000000000000000 1.0000000000000000 1.0000000000000000 1.0000000000000000 0
1.0000000000000000 1.0000000000000000 1.0000000000000000 1.0000000000000000 0
1.0000000000000000 1.0000000000000000 1.0000000000000000 1.0000000000000000 0
1.0000000000000000 1.0000000000000000 1.0000000000000000 1.0000000000000000 0
1.0000000000000000 1.0000000000000000 1.0000000000000000 1.0000000000000000 0
1.0000000000000000 1.0000000000000000 1.0000000000000000 1.0000000000000000 0
1.0000000000000000 1.0000000000000000 1.0000000000000000 1.0000000000000000 0
1.0000000000000000 1.0000000000000000 1.0000000000000000 1.0000000000000000 0
1.0000000000000000 1.0000000000000000 1.0000000000000000 1.0000000000000000 0
1.0000000000000000 1.0000000000000000 1.0000000000000000 1.0000000000000000 0
1.0000000000000000 1.0000000000000000 1.0000000000000000 1.0000000000000000 0
0.0000000000000000 0.0000000000000000 0.0000000000000000 0.0000000000000000 0.0000000000000000 0.0000000000000000
0.0000000000000000 0.0000000000000000 0.0000000000000000 0.0000000000000000 0.0000000000000000 0.0000000000000000
0.0000000000000000 0.0000000000000000 0.0000000000000000 0.0000000000000000 0.0000000000000000 0.0000000000000000
0.0000000000000000 0.0000000000000000 0.0000000000000000 0.0000000000000000 0.0000000000000000 0.0000000000000000
0.0000000000000000 0.0000000000000000 0.0000000000000000 0.0000000000000000 0.0000000000000000 0.0000000000000000
0.0000000000000000 0.0000000000000000 0.0000000000000000 0.0000000000000000 0.0000000000000000 0.0000000000000000
0.0000000000000000 0.0000000000000000 0.0000000000000000 0.0000000000000000 0.0000000000000000 0.0000000000000000
0.0000000000000000 0.0000000000000000 0.0000000000000000 0.0000000000000000 0.0000000000000000 0.0000000000000000
0.0000000000000000 0.0000000000000000 0.0000000000000000 0.0000000000000000 0.0000000000000000 0.0000000000000000
0.0000000000000000 0.0000000000000000 0.0000000000000000 0.0000000000000000 0.0000000000000000 0.0000000000000000
0.0000000000000000 0.0000000000000000 0.0000000000000000 0.0000000000000000 0.0000000000000000 0.0000000000000000
0.0000000000000000 0.0000000000000000 0.0000000000000000 0.0000000000000000 0.0000000000000000 0.0000000000000000
0.0000000000000000 0.0000000000000000 0.0000000000000000 0.0000000000000000 0.0000000000000000 0.0000000000000000
0.0000000000000000 0.0000000000000000 0.0000000000000000 0.0000000000000000 0.0000000000000000 0.0000000000000000
0.0000000000000000 0.0000000000000000 0.0000000000000000 0.0000000000000000 0.0000000000000000 0.0000000000000000
0.0000000000000000 0.0000000000000000 0.0000000000000000 0.0000000000000000 0.0000000000000000 0.0000000000000000
0.0000000000000000 0.0000000000000000 0.0000000000000000 0.0000000000000000 0.0000000000000000 0.0000000000000000
0.0000000000000000 0.0000000000000000 0.0000000000000000 0.0000000000000000 0.0000000000000000 0.0000000000000000
0.0000000000000000 0.0000000000000000 0.0000000000000000 0.0000000000000000 0.0000000000000000 0.0000000000000000
0.0000000000000000 0.0000000000000000 0.0000000000000000 0.0000000000000000 0.0000000000000000 0.0000000000000000
0.0000000000000000 0.0000000000000000 0.0000000000000000 0.0000000000000000 0.0000000000000000 0.0000000000000000
0.0000000000000000 0.0000000000000000 0.0000000000000000 0.0000000000000000 0.0000000000000000 0.0000000000000000
0.0000000000000000 0.0000000000000000 0.0000000000000000 0.0000000000000000 0.0000000000000000 0.0000000000000000
0.0000000000000000 0.0000000000000000 0.0000000000000000 0.0000000000000000 0.0000000000000000 0.0000000000000000
0.0000000000000000 0.0000000000000000 0.0000000000000000 0.0000000000000000 0.0000000000000000 0.0000000000000000
0.0000000000000000 0.0000000000000000 0.0000000000000000 0.0000000000000000 0.0000000000000000 0.0000000000000000
0.0000000000000000 0.0000000000000000 0.0000000000000000 0.0000000000000000 0.0000000000000000 0.0000000000000000
0.0000000000000000 0.0000000000000000 0.0000000000000000 0.0000000000000000 0.0000000000000000 0.0000000000000000
0.0000000000000000 0.0000000000000000 0.0000000000000000 0.0000000000000000 0.0000000000000000 0.0000000000000000
0.0000000000000000 0.0000000000000000 0.0000000000000000 0.0000000000000000 0.0000000000000000 0.0000000000000000
0.0000000000000000 0.0000000000000000 0.0000000000000000 0.0000000000000000 0.0000000000000000 0.0000000000000000
0.0000000000000000 0.0000000000000000 0.0000000000000000 0.0000000000000000 0.0000000000000000 0.0000000000000000
0.0000000000000000 0.0000000000000000 0.0000000000000000 0.0000000000000000 0.0000000000000000 0.0000000000000000
0.0000000000000000 0.0000000000000000 0.0000000000000000 0.0000000000000000 0.0000000000000000 0.0000000000000000
0.0000000000000000 0.0000000000000000 0.0000000000000000 0.0000000000000000 0.0000000000000000 0.0000000000000000
0.0000000000000000 0.0000000000000000 0.0000000000000000 0.0000000000000000 0.0000000000000000 0.0000000000000000
0.0000000000000000 0.0000000000000000 0.0000000000000000 0.0000000000000000 0.0000000000000000 0.0000000000000000
0.0000000000000000 0.0000000000000000 0.0000000000000000 0.0000000000000000 0.0000000000000000 0.0000000000000000
0.0000000000000000 0.0000000000000000 0.0000000000000000 0.0000000000000000 0.0000000000000000 0.0000000000000000
0.0000000000000000 0.0000000000000000 0.0000000000000000 0.0000000000000000 0.0000000000000000 0.0000000000000000
0.0000000000000000 0.0000000000000000 0.0000000000000000 0.0000000000000000 0.0000000000000000 0.0000000000000000
0.0000000000000000 0.0000000000000000 0.0000000000000000 0.0000000000000000 0.0000000000000000 0.0000000000000000
0.0000000000000000 0.0000000000000000 0.0000000000000000 0.0000000000000000 0.0000000000000000 0.0000000000000000
0.0000000000000000 0.0000000000000000 0.0000000000000000 0.0000000000000000 0.0000000000000000 0.0000000000000000
0.0000000000000000 0.0000000000000000 0.0000000000000000 0.0000000000000000 0.0000000000000000 0.0000000000000000
0.0000000000000000 0.0000000000000000 0.0000000000000000 0.0000000000000000 0.0000000000000000 0.0000000000000000
0.0000000000000000 0.0000000000000000 0.0000000000000000 0.0000000000000000 0.0000000000000000 0.0000000000000000
0.0000000000000000 0.0000000000000000 0.0000000000000000 0.0000000000000000 0.0000000000000000 0.0000000000000000
0.0000000000000000 0.0000000000000000 0.0000000000000000 0.0000000000000000 0.0000000000000000 0.0000000000000000
0.0000000000000000 0.0000000000000000 0.0000000000000000 0.0000000000000000 0.0000000000000000 0.0000000000000000
0.0000000000000000 0.0000000000000000 0.0000000000000000 0.0000000000000000 0.0000000000000000 0.0000000000000000
0.0000000000000000 0.0000000000000000 0.0000000000000000 0.0000000000000000 0.0000000000000000 0.0000000000000000
0.0000000000000000 0.0000000000000000 0.0000000000000000 0.0000000000000000 0.0000000000000000 0.0000000000000000
0.0000000000000000 0.0000000000000000 0.0000000000000000 0.0000000000000000 0.0000000000000000 0.0000000000000000
0.0000000000000000 0.0000000000000000 0.0000000000000000 0.0000000000000000 0.0000000000000000 0.0000000000000000
0.0000000000000000 0.0000000000000000 0.0000000000000000 0.0000000000000000 0.0000000000000000 0.0000000000000000
0.0000000000000000 0.0000000000000000 0.0000000000000000 0.0000000000000000 0.0000000000000000 0.0000000000000000
0.0000000000000000 0.0000000000000000 0.0000000000000000 0.0000000000000000 0.0000000000000000 0.0000000000000000
0.0000000000000000 0.0000000000000000 0.0000000000000000 0.0000000000000000 0.0000000000000000 0.0000000000000000
0.0000000000000000 0.0000000000000000 0.0000000000000000 0.0000000000000000 0.0000000000000000 0.0000000000000000
0.0000000000000000 0.0000000000000000 0.0000000000000000 0.0000000000000000 0.0000000000000000 0.0000000000000000
0.0000000000000000 0.0000000000000000 0.0000000000000000 0.0000000000000000 0.0000000000000000 0.0000000000000000
0.0000000000000000 0.0000000000000000 0.0000000000000000 0.0000000000000000 0.0000000000000000 0.0000000000000000
0.0000000000000000 0.0000000000000000 0.0000000000000000 0.0000000000000000 0.0000000000000000 0.0000000000000000
0.0000000000000000 0.0000000000000000 0.0000000000000000 0.0000000000000000 0.0000000000000000 0.0000000000000000
0.0000000000000000 0.0000000000000000 0.0000000000000000 0.0000000000000000 0.0000000000000000 0.0000000000000000
0.0000000000000000 0.0000000000000000 0.0000000000000000 0.0000000000000000 0.0000000000000000 0.0000000000000000
0.0000000000000000 0.0000000000000000 0.0000000000000000 0.0000000000000000 0.0000000000000000 0.0000000000000000
0.0000000000000000 0.0000000000000000 0.0000000000000000 0.0000000000000000 0.0000000000000000 0.0000000000000000
0.0000000000000000 0.0000000000000000 0.0000000000000000 0.0000000000000000 0.0000000000000000 0.0000000000000000
0.0000000000000000 0.0000000000000000 0.0000000000000000 0.0000000000000000 0.0000000000000000 0.0000000000000000
0.0000000000000000 0.0000000000000000 0.0000000000000000 0.0000000000000000 0.0000000000000000 0.0000000000000000
0.0000000000000000 0.0000000000000000 0.0000000000000000 0.0000000000000000 0.0000000000000000 0.0000000000000000
0.0000000000000000 0.0000000000000000 0.0000000000000000 0.0000000000000000 0.0000000000000000 0.0000000000000000
0.0000000000000000 0.0000000000000000 0.0000000000000000 0.0000000000000000 0.0000000000000000 0.0000000000000000
0.0000000000000000 0.0000000000000000 0.0000000000000000 0.0000000000000000 0.0000000000000000 0.0000000000000000
0.0000000000000000 0.0000000000000000 0.0000000000000000 0.0000000000000000 0.0000000000000000 0.0000000000000000
0.0000000000000000 0.0000000000000000 0.0000000000000000 0.0000000000000000 0.0000000000000000 0.0000000000000000
0.0000000000000000 0.0000000000000000 0.0000000000000000 0.0000000000000000 0.0000000000000000 0.0000000000000000
0.0000000000000000 0.0000000000000000 0.0000000000000000 0.0000000000000000 0.0000000000000000 0.0000000000000000
0.0000000000000000 0.0000000000000000 0.0000000000000000 0.0000000000000000 0.0000000000000000 0.0000000000000000
0.0000000000000000 0.0000000000000000 0.0000000000000000 0.0000000000000000 0.0000000000000000 0.0000000000000000
0.0000000000000000 0.0000000000000000 0.0000000000000000 0.0000000000000000 0.0000000000000000 0.0000000000000000
0.0000000000000000 0.0000000000000000 0.0000000000000000 0.0000000000000000 0.0000000000000000 0.0000000000000000
0.0000000000000000 0.0000000000000000 0.0000000000000000 0.0000000000000000 0.0000000000000000 0.0000000000000000
0.0000000000000000 0.0000000000000000 0.0000000000000000 0.0000000000000000 0.0000000000000000 0.0000000000000000
0.0000000000000000 0.0000000000000000 0.0000000000000000 0.0000000000000000 0.0000000000000000 0.0000000000000000
0.0000000000000000 0.0000000000000000 0.0000000000000000 0.0000000000000000 0.0000000000000000 0.0000000000000000
0.0000000000000000 0.0000000000000000 0.0000000000000000 0.0000000000000000 0.0000000000000000 0.0000000000000000
0.0000000000000000 0.0000000000000000 0.0000000000000000 0.0000000000000000 0.0000000000000000 0.0000000000000000
0.0000000000000000 0.0000000000000000 0.0000000000000000 0.0000000000000000 0.0000000000000000 0.0000000000000000
0.0000000000000000 0.0000000000000000 0.0000000000000000 0.0000000000000000 0.0000000000000000 0.0000000000000000
0.0000000000000000 0.0000000000000000 0.0000000000000000 0.0000000000000000 0.0000000000000000 0.0000000000000000
0.0000000000000000 0.0000000000000000 0.0000000000000000 0.0000000000000000 0.0000000000000000 0.0000000000000000
0.0000000000000000 0.0000000000000000 0.0000000000000000 0.0000000000000000 0.0000000000000000 0.0000000000000000
0.0000000000000000 0.0000000000000000 0.0000000000000000 0.0000000000000000 0.0000000000000000 0.0000000000000000
0.0000000000000000 0.0000000000000000 0.0000000000000000 0.0000000000000000 0.0000000000000000 0.0000000000000000
0.0000000000000000 0.0000000000000000 0.0000000000000000 0.0000000000000000 0.0000000000000000 0.0000000000000000
0.0000000000000000 0.0000000000000000 0.0000000000000000 0.0000000000000000 0.0000000000000000 0.0000000000000000
0.0000000000000000 0.0000000000000000 0.0000000000000000 0.0000000000000000 0.0000000000000000 0.0000000000000000
0.0000000000000000 0.0000000000000000 0.0000000000000000 0.0000000000000000 0.0000000000000000 0.0000000000000000
0.0000000000000000 0.0000000000000000 0.0000000000000000 0.0000000000000000 0.0000000000000000 0.0000000000000000
0.0000000000000000 0.0000000000000000 0.0000000000000000 0.0000000000000000 0.0000000000000000 0.0000000000000000
0.0000000000000000 0.0000000000000000 0.0000000000000000 0.0000000000000000 0.0000000000000000 0.0000000000000000
0.0000000000000000 0.0000000000000000 0.0000000000000000 0.0000000000000000 0.0000000000000000 0.0000000000000000
0.0000000000000000 0.0000000000000000 0.0000000000000000 0.0000000000000000 0.0000000000000000 0.0000000000000000
0.0000000000000000 0.0000000000000000 0.0000000000000000 0.0000000000000000 0.0000000000000000 0.0000000000000000
0.0000000000000000 0.0000000000000000 0.0000000000000000 0.0000000000000000 0.0000000000000000 0.0000000000000000
0.0000000000000000 0.0000000000000000 0.0000000000000000 0.0000000000000000 0.0000000000000000 0.0000000000000000
0.0000000000000000 0.0000000000000000 0.0000000000000000 0.0000000000000000 0.0000000000000000 0.0000000000000000
0.0000000000000000 0.0000000000000000 0.0000000000000000 0.0000000000000000 0.0000000000000000 0.0000000000000000
0.0000000000000000 0.0000000000000000 0.0000000000000000 0.0000000000000000 0.0000000000000000 0.0000000000000000
0.0000000000000000 0.0000000000000000 0.0000000000000000 0.0000000000000000 0.0000000000000000 0.0000000000000000
0.0000000000000000 0.0000000000000000 0.0000000000000000 0.0000000000000000 0.0000000000000000 0.0000000000000000
0.0000000000000000 0.0000000000000000 0.0000000000000000 0.0000000000000000 0.0000000000000000 0.0000000000000000
0.0000000000000000 0.0000000000000000 0.0000000000000000 0.0000000000000000 0.0000000000000000 0.0000000000000000
0.0000000000000000 0.0000000000000000 0.0000000000000000 0.0000000000000000 0.0000000000000000 0.0000000000000000
0.0000000000000000 0.0000000000000000 0.0000000000000000 0.0000000000000000 0.0000000000000000 0.0000000000000000
0.0000000000000000 0.0000000000000000 0.0000000000000000 0.0000000000000000 0.0000000000000000 0.0000000000000000
0.0000000000000000 0.0000000000000000 0.0000000000000000 0.0000000000000000 0.0000000000000000 0.0000000000000000
0.0000000000000000 0.0000000000000000 0.0000000000000000 0.0000000000000000 0.0000000000000000 0.0000000000000000
0.0000000000000000 0.0000000000000000 0.0000000000000000 0.0000000000000000 0.0000000000000000 0.0000000000000000
0.0000000000000000 0.0000000000000000 0.0000000000000000 0.0000000000000000 0.0000000000000000 0.0000000000000000
0.0000000000000000 0.0000000000000000 0.0000000000000000 0.0000000000000000 0.0000000000000000 0.0000000000000000
0.0000000000000000 0.0000000000000000 0.0000000000000000 0.0000000000000000 0.0000000000000000 0.0000000000000000
0.0000000000000000 0.0000000000000000 0.0000000000000000 0.0000000000000000 0.0000000000000000 0.0000000000000000
0.0000000000000000 0.0000000000000000 0.0000000000000000 0.0000000000000000 0.0000000000000000 0.0000000000000000
0.0000000000000000 0.0000000000000000 0.0000000000000000 0.0000000000000000 0.0000000000000000 0.0000000000000000
1.0000000000000000 1.0000000000000000 1.0000000000000000 1.0000000000000000 0
1.0000000000000000 1.0000000000000000 1.0000000000000000 1.0000000000000000 0
1.0000000000000000 1.0000000000000000 1.0000000000000000 1.0000000000000000 0
1.0000000000000000 1.0000000000000000 1.0000000000000000 1.0000000000000000 0
1.0000000000000000 1.0000000000000000 1.0000000000000000 1.0000000000000000 0
1.0000000000000000 1.0000000000000000 1.0000000000000000 1.0000000000000000 0
1.0000000000000000 1.0000000000000000 1.0000000000000000 1.0000000000000000 0
1.0000000000000000 1.0000000000000000 1.0000000000000000 1.0000000000000000 0
1.0000000000000000 1.0000000000000000 1.0000000000000000 1.0000000000000000 0
1.0000000000000000 1.0000000000000000 1.0000000000000000 1.0000000000000000 0
1.0000000000000000 1.0000000000000000 1.0000000000000000 1.0000000000000000 0
1.0000000000000000 1.0000000000000000 1.0000000000000000 1.0000000000000000 0
1.0000000000000000 1.0000000000000000 1.0000000000000000 1.0000000000000000 0
1.0000000000000000 1.0000000000000000 1.0000000000000000 1.0000000000000000 0
1.0000000000000000 1.0000000000000000 1.0000000000000000 1.0000000000000000 0
1.0000000000000000 1.0000000000000000 1.0000000000000000 1.0000000000000000 0
1.0000000000000000 1.0000000000000000 1.0000000000000000 1.0000000000000000 0
1.0000000000000000 1.0000000000000000 1.0000000000000000 1.0000000000000000 0
1.0000000000000000 1.0000000000000000 1.0000000000000000 1.0000000000000000 0
1.0000000000000000 1.0000000000000000 1.0000000000000000 1.0000000000000000 0
1.0000000000000000 1.0000000000000000 1.0000000000000000 1.0000000000000000 0
1.0000000000000000 1.0000000000000000 1.0000000000000000 1.0000000000000000 0
1.0000000000000000 1.0000000000000000 1.0000000000000000 1.0000000000000000 0
1.0000000000000000 1.0000000000000000 1.0000000000000000 1.0000000000000000 0
1.0000000000000000 1.0000000000000000 1.0000000000000000 1.0000000000000000 0
1.0000000000000000 1.0000000000000000 1.0000000000000000 1.0000000000000000 0
1.0000000000000000 1.0000000000000000 1.0000000000000000 1.0000000000000000 0
1.0000000000000000 1.0000000000000000 1.0000000000000000 1.0000000000000000 0
1.0000000000000000 1.0000000000000000 1.0000000000000000 1.0000000000000000 0
1.0000000000000000 1.0000000000000000 1.0000000000000000 1.0000000000000000 0
1.0000000000000000 1.0000000000000000 1.0000000000000000 1.0000000000000000 0
1.0000000000000000 1.0000000000000000 1.0000000000000000 1.0000000000000000 0
1.0000000000000000 1.0000000000000000 1.0000000000000000 1.0000000000000000 0
1.0000000000000000 1.0000000000000000 1.0000000000000000 1.0000000000000000 0
1.0000000000000000 1.0000000000000000 1.0000000000000000 1.0000000000000000 0
1.0000000000000000 1.0000000000000000 1.0000000000000000 1.0000000000000000 0
1.0000000000000000 1.0000000000000000 1.0000000000000000 1.0000000000000000 0
1.0000000000000000 1.0000000000000000 1.0000000000000000 1.0000000000000000 0
1.0000000000000000 1.0000000000000000 1.0000000000000000 1.0000000000000000 0
1.0000000000000000 1.0000000000000000 1.0000000000000000 1.0000000000000000 0
1.0000000000000000 1.0000000000000000 1.0000000000000000 1.0000000000000000 0
1.0000000000000000 1.0000000000000000 1.0000000000000000 1.0000000000000000 0
1.0000000000000000 1.0000000000000000 1.0000000000000000 1.0000000000000000 0
1.0000000000000000 1.0000000000000000 1.0000000000000000 1.0000000000000000 0
1.0000000000000000 1.0000000000000000 1.0000000000000000 1.0000000000000000 0
1.0000000000000000 1.0000000000000000 1.0000000000000000 1.0000000000000000 0
1.0000000000000000 1.0000000000000000 1.0000000000000000 1.0000000000000000 0
1.0000000000000000 1.0000000000000000 1.0000000000000000 1.0000000000000000 0
1.0000000000000000 1.0000000000000000 1.0000000000000000 1.0000000000000000 0
1.0000000000000000 1.0000000000000000 1.0000000000000000 1.0000000000000000 0
1.0000000000000000 1.0000000000000000 1.0000000000000000 1.0000000000000000 0
1.0000000000000000 1.0000000000000000 1.0000000000000000 1.0000000000000000 0
1.0000000000000000 1.0000000000000000 1.0000000000000000 1.0000000000000000 0
1.0000000000000000 1.0000000000000000 1.0000000000000000 1.0000000000000000 0
1.0000000000000000 1.0000000000000000 1.0000000000000000 1.0000000000000000 0
1.0000000000000000 1.0000000000000000 1.0000000000000000 1.0000000000000000 0
1.0000000000000000 1.0000000000000000 1.0000000000000000 1.0000000000000000 0
1.0000000000000000 1.0000000000000000 1.0000000000000000 1.0000000000000000 0
1.0000000000000000 1.0000000000000000 1.0000000000000000 1.0000000000000000 0
1.0000000000000000 1.0000000000000000 1.0000000000000000 1.0000000000000000 0
1.0000000000000000 1.0000000000000000 1.0000000000000000 1.0000000000000000 0
1.0000000000000000 1.0000000000000000 1.0000000000000000 1.0000000000000000 0
1.0000000000000000 1.0000000000000000 1.0000000000000000 1.0000000000000000 0
1.0000000000000000 1.0000000000000000 1.0000000000000000 1.0000000000000000 0
0.0000000000000000 0.0000000000000000 0.0000000000000000 0.0000000000000000 0.0000000000000000 0.0000000000000000
0.0000000000000000 0.0000000000000000 0.0000000000000000 0.0000000000000000 0.0000000000000000 0.0000000000000000
0.0000000000000000 0.0000000000000000 0.0000000000000000 0.0000000000000000 0.0000000000000000 0.0000000000000000
0.0000000000000000 0.0000000000000000 0.0000000000000000 0.0000000000000000 0.0000000000000000 0.0000000000000000
0.0000000000000000 0.0000000000000000 0.0000000000000000 0.0000000000000000 0.0000000000000000 0.0000000000000000
0.0000000000000000 0.0000000000000000 0.0000000000000000 0.0000000000000000 0.0000000000000000 0.0000000000000000
0.0000000000000000 0.0000000000000000 0.0000000000000000 0.0000000000000000 0.0000000000000000 0.0000000000000000
0.0000000000000000 0.0000000000000000 0.0000000000000000 0.0000000000000000 0.0000000000000000 0.0000000000000000
0.0000000000000000 0.0000000000000000 0.0000000000000000 0.0000000000000000 0.0000000000000000 0.0000000000000000
0.0000000000000000 0.0000000000000000 0.0000000000000000 0.0000000000000000 0.0000000000000000 0.0000000000000000
0.0000000000000000 0.0000000000000000 0.0000000000000000 0.0000000000000000 0.0000000000000000 0.0000000000000000
0.0000000000000000 0.0000000000000000 0.0000000000000000 0.0000000000000000 0.0000000000000000 0.0000000000000000
0.0000000000000000 0.0000000000000000 0.0000000000000000 0.0000000000000000 0.0000000000000000 0.0000000000000000
0.0000000000000000 0.0000000000000000 0.0000000000000000 0.0000000000000000 0.0000000000000000 0.0000000000000000
0.0000000000000000 0.0000000000000000 0.0000000000000000 0.0000000000000000 0.0000000000000000 0.0000000000000000
0.0000000000000000 0.0000000000000000 0.0000000000000000 0.0000000000000000 0.0000000000000000 0.0000000000000000
0.0000000000000000 0.0000000000000000 0.0000000000000000 0.0000000000000000 0.0000000000000000 0.0000000000000000
0.0000000000000000 0.0000000000000000 0.0000000000000000 0.0000000000000000 0.0000000000000000 0.0000000000000000
0.0000000000000000 0.0000000000000000 0.0000000000000000 0.0000000000000000 0.0000000000000000 0.0000000000000000
0.0000000000000000 0.0000000000000000 0.0000000000000000 0.0000000000000000 0.0000000000000000 0.0000000000000000
0.0000000000000000 0.0000000000000000 0.0000000000000000 0.0000000000000000 0.0000000000000000 0.0000000000000000
0.0000000000000000 0.0000000000000000 0.0000000000000000 0.0000000000000000 0.0000000000000000 0.0000000000000000
0.0000000000000000 0.0000000000000000 0.0000000000000000 0.0000000000000000 0.0000000000000000 0.0000000000000000
0.1000000014901161 0.1000000014901161 0.1000000014901161 0.1000000014901161 0.1000000014901161 0.1000000014901161
0.1000000014901161 0.1000000014901161 0.1000000014901161 0.1000000014901161 0.1000000014901161 0.1000000014901161
0.1000000014901161 0.1000000014901161 0.1000000014901161 0.1000000014901161 0.1000000014901161 0.1000000014901161
0.1000000014901161 0.1000000014901161 0.1000000014901161 0.1000000014901161 0.1000000014901161 0.1000000014901161
0.1000000014901161 0.1000000014901161 0.1000000014901161 0.1000000014901161 0.1000000014901161 0.1000000014901161
0.1000000014901161 0.1000000014901161 0.1000000014901161 0.1000000014901161 0.1000000014901161 0.1000000014901161
0.1000000014901161 0.1000000014901161 0.1000000014901161 0.1000000014901161 0.1000000014901161 0.1000000014901161
0.1000000014901161 0.1000000014901161 0.1000000014901161 0.1000000014901161 0.1000000014901161 0.1000000014901161
0.1000000014901161 0.1000000014901161 0.1000000014901161 0.1000000014901161 0.1000000014901161 0.1000000014901161
0.1000000014901161 0.1000000014901161 0.1000000014901161 0.1000000014901161 0.1000000014901161 0.1000000014901161
0.1000000014901161 0.1000000014901161 0.1000000014901161 0.1000000014901161 0.1000000014901161 0.1000000014901161
0.1000000014901161 0.1000000014901161 0.1000000014901161 0.1000000014901161 0.1000000014901161 0.1000000014901161
0.1000000014901161 0.1000000014901161 0.1000000014901161 0.1000000014901161 0.1000000014901161 0.1000000014901161
0.1000000014901161 0.1000000014901161 0.1000000014901161 0.1000000014901161 0.1000000014901161 0.1000000014901161
0.1000000014901161 0.1000000014901161 0.1000000014901161 0.1000000014901161 0.1000000014901161 0.1000000014901161
0.1000000014901161 0.1000000014901161 0.1000000014901161 0.1000000014901161 0.1000000014901161 0.1000000014901161
0.1000000014901161 0.1000000014901161 0.1000000014901161 0.1000000014901161 0.1000000014901161 0.1000000014901161
0.1000000014901161 0.1000000014901161 0.1000000014901161 0.1000000014901161 0.1000000014901161 0.1000000014901161
0.1000000014901161 0.1000000014901161 0.1000000014901161 0.1000000014901161 0.1000000014901161 0.1000000014901161
0.1000000014901161 0.1000000014901161 0.1000000014901161 0.1000000014901161 0.1000000014901161 0.1000000014901161
0.1000000014901161 0.1000000014901161 0.1000000014901161 0.1000000014901161 0.1000000014901161 0.1000000014901161
0.1000000014901161 0.1000000014901161 0.1000000014901161 0.1000000014901161 0.1000000014901161 0.1000000014901161
0.1000000014901161 0.1000000014901161 0.1000000014901161 0.1000000014901161 0.1000000014901161 0.1000000014901161
0.1000000014901161 0.1000000014901161 0.1000000014901161 0.1000000014901161 0.1000000014901161 0.1000000014901161
0.1000000014901161 0.1000000014901161 0.1000000014901161 0.1000000014901161 0.1000000014901161 0.1000000014901161
0.1000000014901161 0.1000000014901161 0.1000000014901161 0.1000000014901161 0.1000000014901161 0.1000000014901161
0.1000000014901161 0.1000000014901161 0.1000000014901161 0.1000000014901161 0.1000000014901161 0.1000000014901161
0.1000000014901161 0.1000000014901161 0.1000000014901161 0.1000000014901161 0.1000000014901161 0.1000000014901161
0.1000000014901161 0.1000000014901161 0.1000000014901161 0.1000000014901161 0.1000000014901161 0.1000000014901161
0.1000000014901161 0.1000000014901161 0.1000000014901161 0.1000000014901161 0.1000000014901161 0.1000000014901161
0.1000000014901161 0.1000000014901161 0.1000000014901161 0.1000000014901161 0.1000000014901161 0.1000000014901161
0.1000000014901161 0.1000000014901161 0.1000000014901161 0.1000000014901161 0.1000000014901161 0.1000000014901161
0.1000000014901161 0.1000000014901161 0.1000000014901161 0.1000000014901161 0.1000000014901161 0.1000000014901161
0.1000000014901161 0.1000000014901161 0.1000000014901161 0.1000000014901161 0.1000000014901161 0.1000000014901161
0.1000000014901161 0.1000000014901161 0.1000000014901161 0.1000000014901161 0.1000000014901161 0.1000000014901161
0.1000000014901161 0.1000000014901161 0.1000000014901161 0.1000000014901161 0.1000000014901161 0.1000000014901161
0.1000000014901161 0.1000000014901161 0.1000000014901161 0.1000000014901161 0.1000000014901161 0.1000000014901161
0.1000000014901161 0.1000000014901161 0.1000000014901161 0.1000000014901161 0.1000000014901161 0.1000000014901161
0.1000000014901161 0.1000000014901161 0.1000000014901161 0.1000000014901161 0.1000000014901161 0.1000000014901161
0.1000000014901161 0.1000000014901161 0.1000000014901161 0.1000000014901161 0.1000000014901161 0.1000000014901161
0.1000000014901161 0.1000000014901161 0.1000000014901161 0.1000000014901161 0.1000000014901161 0.1000000014901161
0.1000000014901161 0.1000000014901161 0.1000000014901161 0.1000000014901161 0.1000000014901161 0.1000000014901161
0.1000000014901161 0.1000000014901161 0.1000000014901161 0.1000000014901161 0.1000000014901161 0.1000000014901161
0.1000000014901161 0.1000000014901161 0.1000000014901161 0.1000000014901161 0.1000000014901161 0.1000000014901161
0.1000000014901161 0.1000000014901161 0.1000000014901161 0.1000000014901161 0.1000000014901161 0.1000000014901161
0.1000000014901161 0.1000000014901161 0.1000000014901161 0.1000000014901161 0.1000000014901161 0.1000000014901161
0.1000000014901161 0.1000000014901161 0.1000000014901161 0.1000000014901161 0.1000000014901161 0.1000000014901161
0.1000000014901161 0.1000000014901161 0.1000000014901161 0.1000000014901161 0.1000000014901161 0.1000000014901161
0.1000000014901161 0.1000000014901161 0.1000000014901161 0.1000000014901161 0.1000000014901161 0.1000000014901161
0.1000000014901161 0.1000000014901161 0.1000000014901161 0.1000000014901161 0.1000000014901161 0.1000000014901161
0.1000000014901161 0.1000000014901161 0.1000000014901161 0.1000000014901161 0.1000000014901161 0.1000000014901161
0.1000000014901161 0.1000000014901161 0.1000000014901161 0.1000000014901161 0.1000000014901161 0.1000000014901161
0.1000000014901161 0.1000000014901161 0.1000000014901161 0.1000000014901161 0.1000000014901161 0.1000000014901161
0.1000000014901161 0.1000000014901161 0.1000000014901161 0.1000000014901161 0.1000000014901161 0.1000000014901161
0.1000000014901161 0.1000000014901161 0.1000000014901161 0.1000000014901161 0.1000000014901161 0.1000000014901161
0.1000000014901161 0.1000000014901161 0.1000000014901161 0.1000000014901161 0.1000000014901161 0.1000000014901161
0.1000000014901161 0.1000000014901161 0.1000000014901161 0.1000000014901161 0.1000000014901161 0.1000000014901161
0.1000000014901161 0.1000000014901161 0.1000000014901161 0.1000000014901161 0.1000000014901161 0.1000000014901161
0.1000000014901161 0.1000000014901161 0.1000000014901161 0.1000000014901161 0.1000000014901161 0.1000000014901161
0.1000000014901161 0.1000000014901161 0.1000000014901161 0.1000000014901161 0.1000000014901161 0.1000000014901161
0.1000000014901161 0.1000000014901161 0.1000000014901161 0.1000000014901161 0.1000000014901161 0.1000000014901161
0.1000000014901161 0.1000000014901161 0.1000000014901161 0.1000000014901161 0.1000000014901161 0.1000000014901161
0.1000000014901161 0.1000000014901161 0.1000000014901161 0.1000000014901161 0.1000000014901161 0.1000000014901161
0.1000000014901161 0.1000000014901161 0.1000000014901161 0.1000000014901161 0.1000000014901161 0.1000000014901161
0.1000000014901161 0.1000000014901161 0.1000000014901161 0.1000000014901161 0.1000000014901161 0.1000000014901161
0.1000000014901161 0.1000000014901161 0.1000000014901161 0.1000000014901161 0.1000000014901161 0.1000000014901161
0.1000000014901161 0.1000000014901161 0.1000000014901161 0.1000000014901161 0.1000000014901161 0.1000000014901161
0.1000000014901161 0.1000000014901161 0.1000000014901161 0.1000000014901161 0.1000000014901161 0.1000000014901161
0.1000000014901161 0.1000000014901161 0.1000000014901161 0.1000000014901161 0.1000000014901161 0.1000000014901161
0.1000000014901161 0.1000000014901161 0.1000000014901161 0.1000000014901161 0.1000000014901161 0.1000000014901161
0.1000000014901161 0.1000000014901161 0.1000000014901161 0.1000000014901161 0.1000000014901161 0.1000000014901161
0.1000000014901161 0.1000000014901161 0.1000000014901161 0.1000000014901161 0.1000000014901161 0.1000000014901161
0.1000000014901161 0.1000000014901161 0.1000000014901161 0.1000000014901161 0.1000000014901161 0.1000000014901161
0.1000000014901161 0.1000000014901161 0.1000000014901161 0.1000000014901161 0.1000000014901161 0.1000000014901161
0.1000000014901161 0.1000000014901161 0.1000000014901161 0.1000000014901161 0.1000000014901161 0.1000000014901161
0.1000000014901161 0.1000000014901161 0.1000000014901161 0.1000000014901161 0.1000000014901161 0.1000000014901161
0.1000000014901161 0.1000000014901161 0.1000000014901161 0.1000000014901161 0.1000000014901161 0.1000000014901161
0.1000000014901161 0.1000000014901161 0.1000000014901161 0.1000000014901161 0.1000000014901161 0.1000000014901161
0.1000000014901161 0.1000000014901161 0.1000000014901161 0.1000000014901161 0.1000000014901161 0.1000000014901161
0.1000000014901161 0.1000000014901161 0.1000000014901161 0.1000000014901161 0.1000000014901161 0.1000000014901161
0.1000000014901161 0.1000000014901161 0.1000000014901161 0.1000000014901161 0.1000000014901161 0.1000000014901161
0.1000000014901161 0.1000000014901161 0.1000000014901161 0.1000000014901161 0.1000000014901161 0.1000000014901161
0.1000000014901161 0.1000000014901161 0.1000000014901161 0.1000000014901161 0.1000000014901161 0.1000000014901161
0.1000000014901161 0.1000000014901161 0.1000000014901161 0.1000000014901161 0.1000000014901161 0.1000000014901161
0.1000000014901161 0.1000000014901161 0.1000000014901161 0.1000000014901161 0.1000000014901161 0.1000000014901161
0.1000000014901161 0.1000000014901161 0.1000000014901161 0.1000000014901161 0.1000000014901161 0.1000000014901161
0.1000000014901161 0.1000000014901161 0.1000000014901161 0.1000000014901161 0.1000000014901161 0.1000000014901161
0.1000000014901161 0.1000000014901161 0.1000000014901161 0.1000000014901161 0.1000000014901161 0.1000000014901161
0.1000000014901161 0.1000000014901161 0.1000000014901161 0.1000000014901161 0.1000000014901161 0.1000000014901161
0.1000000014901161 0.1000000014901161 0.1000000014901161 0.1000000014901161 0.1000000014901161 0.1000000014901161
0.1000000014901161 0.1000000014901161 0.1000000014901161 0.1000000014901161 0.1000000014901161 0.1000000014901161
0.1000000014901161 0.1000000014901161 0.1000000014901161 0.1000000014901161 0.1000000014901161 0.1000000014901161
0.1000000014901161 0.1000000014901161 0.1000000014901161 0.1000000014901161 0.1000000014901161 0.1000000014901161
0.1000000014901161 0.1000000014901161 0.1000000014901161 0.1000000014901161 0.1000000014901161 0.1000000014901161
0.1000000014901161 0.1000000014901161 0.1000000014901161 0.1000000014901161 0.1000000014901161 0.1000000014901161
0.1000000014901161 0.1000000014901161 0.1000000014901161 0.1000000014901161 0.1000000014901161 0.1000000014901161
0.1000000014901161 0.1000000014901161 0.1000000014901161 0.1000000014901161 0.1000000014901161 0.1000000014901161
0.1000000014901161 0.1000000014901161 0.1000000014901161 0.1000000014901161 0.1000000014901161 0.1000000014901161
0.1000000014901161 0.1000000014901161 0.1000000014901161 0.1000000014901161 0.1000000014901161 0.1000000014901161
0.1000000014901161 0.1000000014901161 0.1000000014901161 0.1000000014901161 0.1000000014901161 0.1000000014901161
0.1000000014901161 0.1000000014901161 0.1000000014901161 0.1000000014901161 0.1000000014901161 0.1000000014901161
0.1000000014901161 0.1000000014901161 0.1000000014901161 0.1000000014901161 0.1000000014901161 0.1000000014901161
0.1000000014901161 0.1000000014901161 0.1000000014901161 0.1000000014901161 0.1000000014901161 0.1000000014901161
0.1000000014901161 0.1000000014901161 0.1000000014901161 0.1000000014901161 0.1000000014901161 0.1000000014901161
0.1000000014901161 0.1000000014901161 0.1000000014901161 0.1000000014901161 0.1000000014901161 0.1000000014901161
