18
128 384
0.9936254620552063 0.9936254620552063 0.9936254620552063 0.9936254620552063 0
0.9936254620552063 0.9936254620552063 0.9936254620552063 0.9936254620552063 0
0.9942045807838440 0.9942045807838440 0.9942045807838440 0.9942045807838440 0
0.9936254620552063 0.9936254620552063 0.9936254620552063 0.9936254620552063 0
0.9936254620552063 0.9936254620552063 0.9936254620552063 0.9936254620552063 0
0.9936254620552063 0.9936254620552063 0.9936254620552063 0.9936254620552063 0
0.9936254620552063 0.9936254620552063 0.9936254620552063 0.9936254620552063 0
0.9936254620552063 0.9936254620552063 0.9936254620552063 0.9936254620552063 0
0.9936254620552063 0.9936254620552063 0.9936254620552063 0.9936254620552063 0
0.9936254620552063 0.9936254620552063 0.9936254620552063 0.9936254620552063 0
1.0063744783401489 1.0063744783401489 1.0063744783401489 1.0063744783401489 0
0.9936254620552063 0.9936254620552063 0.9936254620552063 0.9936254620552063 0
0.9936254620552063 0.9936254620552063 0.9936254620552063 0.9936254620552063 0
1.0059202909469604 1.0059202909469604 1.0059202909469604 1.0059202909469604 0
0.9936254620552063 0.9936254620552063 0.9936254620552063 0.9936254620552063 0
0.9936254620552063 0.9936254620552063 0.9936254620552063 0.9936254620552063 0
0.9936254620552063 0.9936254620552063 0.9936254620552063 0.9936254620552063 0
0.9936254620552063 0.9936254620552063 0.9936254620552063 0.9936254620552063 0
1.0063744783401489 1.0063744783401489 1.0063744783401489 1.0063744783401489 0
0.9936254620552063 0.9936254620552063 0.9936254620552063 0.9936254620552063 0
0.9936254620552063 0.9936254620552063 0.9936254620552063 0.9936254620552063 0
1.0063744783401489 1.0063744783401489 1.0063744783401489 1.0063744783401489 0
0.9936254620552063 0.9936254620552063 0.9936254620552063 0.9936254620552063 0
0.9936254620552063 0.9936254620552063 0.9936254620552063 0.9936254620552063 0
0.9936254620552063 0.9936254620552063 0.9936254620552063 0.9936254620552063 0
0.9936254620552063 0.9936254620552063 0.9936254620552063 0.9936254620552063 0
1.0062346458435059 1.0062346458435059 1.0062346458435059 1.0062346458435059 0
0.9936254620552063 0.9936254620552063 0.9936254620552063 0.9936254620552063 0
0.9936254620552063 0.9936254620552063 0.9936254620552063 0.9936254620552063 0
1.0047712326049805 1.0047712326049805 1.0047712326049805 1.0047712326049805 0
0.9936254620552063 0.9936254620552063 0.9936254620552063 0.9936254620552063 0
0.9936254620552063 0.9936254620552063 0.9936254620552063 0.9936254620552063 0
0.9936254620552063 0.9936254620552063 0.9936254620552063 0.9936254620552063 0
0.9936254620552063 0.9936254620552063 0.9936254620552063 0.9936254620552063 0
1.0063744783401489 1.0063744783401489 1.0063744783401489 1.0063744783401489 0
0.9936254620552063 0.9936254620552063 0.9936254620552063 0.9936254620552063 0
0.9936254620552063 0.9936254620552063 0.9936254620552063 0.9936254620552063 0
1.0047185420989990 1.0047185420989990 1.0047185420989990 1.0047185420989990 0
0.9936254620552063 0.9936254620552063 0.9936254620552063 0.9936254620552063 0
0.9936254620552063 0.9936254620552063 0.9936254620552063 0.9936254620552063 0
0.9936254620552063 0.9936254620552063 0.9936254620552063 0.9936254620552063 0
0.9936254620552063 0.9936254620552063 0.9936254620552063 0.9936254620552063 0
1.0063744783401489 1.0063744783401489 1.0063744783401489 1.0063744783401489 0
0.9936254620552063 0.9936254620552063 0.9936254620552063 0.9936254620552063 0
0.9936254620552063 0.9936254620552063 0.9936254620552063 0.9936254620552063 0
1.0063744783401489 1.0063744783401489 1.0063744783401489 1.0063744783401489 0
0.9936254620552063 0.9936254620552063 0.9936254620552063 0.9936254620552063 0
0.9936254620552063 0.9936254620552063 0.9936254620552063 0.9936254620552063 0
0.9936254620552063 0.9936254620552063 0.9936254620552063 0.9936254620552063 0
0.9936254620552063 0.9936254620552063 0.9936254620552063 0.9936254620552063 0
1.0060899257659912 1.0060899257659912 1.0060899257659912 1.0060899257659912 0
0.9936254620552063 0.9936254620552063 0.9936254620552063 0.9936254620552063 0
0.9936254620552063 0.9936254620552063 0.9936254620552063 0.9936254620552063 0
0.9981531500816345 0.9981531500816345 0.9981531500816345 0.9981531500816345 0
0.9936254620552063 0.9936254620552063 0.9936254620552063 0.9936254620552063 0
0.9936254620552063 0.9936254620552063 0.9936254620552063 0.9936254620552063 0
0.9936254620552063 0.9936254620552063 0.9936254620552063 0.9936254620552063 0
0.9936254620552063 0.9936254620552063 0.9936254620552063 0.9936254620552063 0
0.9939777851104736 0.9939777851104736 0.9939777851104736 0.9939777851104736 0
0.9936254620552063 0.9936254620552063 0.9936254620552063 0.9936254620552063 0
0.9936254620552063 0.9936254620552063 0.9936254620552063 0.9936254620552063 0
0.9936622381210327 0.9936622381210327 0.9936622381210327 0.9936622381210327 0
0.9936254620552063 0.9936254620552063 0.9936254620552063 0.9936254620552063 0
0.9936254620552063 0.9936254620552063 0.9936254620552063 0.9936254620552063 0
0.0000000000000000 0.0000000000000000 0.0000000000000000 0.0000000000000000 0.0000000000000000 0.0000000000000000
0.0000000000000000 0.0000000000000000 0.0000000000000000 0.0000000000000000 0.0000000000000000 0.0000000000000000
0.0000000000000000 0.0000000000000000 0.0000000000000000 0.0000000000000000 0.0000000000000000 0.0000000000000000
0.0000000000000000 0.0000000000000000 0.0000000000000000 0.0000000000000000 0.0000000000000000 0.0000000000000000
0.0000000000000000 0.0000000000000000 0.0000000000000000 0.0000000000000000 0.0000000000000000 0.0000000000000000
0.0000000000000000 0.0000000000000000 0.0000000000000000 0.0000000000000000 0.0000000000000000 0.0000000000000000
0.0000000000000000 0.0000000000000000 0.0000000000000000 0.0000000000000000 0.0000000000000000 0.0000000000000000
0.0000000000000000 0.0000000000000000 0.0000000000000000 0.0000000000000000 0.0000000000000000 0.0000000000000000
0.0000000000000000 0.0000000000000000 0.0000000000000000 0.0000000000000000 0.0000000000000000 0.0000000000000000
0.0000000000000000 0.0000000000000000 0.0000000000000000 0.0000000000000000 0.0000000000000000 0.0000000000000000
0.0000000000000000 0.0000000000000000 0.0000000000000000 0.0000000000000000 0.0000000000000000 0.0000000000000000
0.0000000000000000 0.0000000000000000 0.0000000000000000 0.0000000000000000 0.0000000000000000 0.0000000000000000
0.0000000000000000 0.0000000000000000 0.0000000000000000 0.0000000000000000 0.0000000000000000 0.0000000000000000
0.0000000000000000 0.0000000000000000 0.0000000000000000 0.0000000000000000 0.0000000000000000 0.0000000000000000
0.0000000000000000 0.0000000000000000 0.0000000000000000 0.0000000000000000 0.0000000000000000 0.0000000000000000
0.0000000000000000 0.0000000000000000 0.0000000000000000 0.0000000000000000 0.0000000000000000 0.0000000000000000
0.0000000000000000 0.0000000000000000 0.0000000000000000 0.0000000000000000 0.0000000000000000 0.0000000000000000
0.0000000000000000 0.0000000000000000 0.0000000000000000 0.0000000000000000 0.0000000000000000 0.0000000000000000
0.0000000000000000 0.0000000000000000 0.0000000000000000 0.0000000000000000 0.0000000000000000 0.0000000000000000
0.0000000000000000 0.0000000000000000 0.0000000000000000 0.0000000000000000 0.0000000000000000 0.0000000000000000
0.0000000000000000 0.0000000000000000 0.0000000000000000 0.0000000000000000 0.0000000000000000 0.0000000000000000
0.0000000000000000 0.0000000000000000 0.0000000000000000 0.0000000000000000 0.0000000000000000 0.0000000000000000
0.0000000000000000 0.0000000000000000 0.0000000000000000 0.0000000000000000 0.0000000000000000 0.0000000000000000
0.0000000000000000 0.0000000000000000 0.0000000000000000 0.0000000000000000 0.0000000000000000 0.0000000000000000
0.0000000000000000 0.0000000000000000 0.0000000000000000 0.0000000000000000 0.0000000000000000 0.0000000000000000
0.0000000000000000 0.0000000000000000 0.0000000000000000 0.0000000000000000 0.0000000000000000 0.0000000000000000
0.0000000000000000 0.0000000000000000 0.0000000000000000 0.0000000000000000 0.0000000000000000 0.0000000000000000
0.0000000000000000 0.0000000000000000 0.0000000000000000 0.0000000000000000 0.0000000000000000 0.0000000000000000
0.0000000000000000 0.0000000000000000 0.0000000000000000 0.0000000000000000 0.0000000000000000 0.0000000000000000
0.0000000000000000 0.0000000000000000 0.0000000000000000 0.0000000000000000 0.0000000000000000 0.0000000000000000
0.1025260016322136 0.1025260016322136 0.1025260016322136 0.1025260016322136 0.1025260016322136 0.1025260016322136
0.0000000000000000 0.0000000000000000 0.0000000000000000 0.0000000000000000 0.0000000000000000 0.0000000000000000
0.0000000000000000 0.0000000000000000 0.0000000000000000 0.0000000000000000 0.0000000000000000 0.0000000000000000
0.0000000000000000 0.0000000000000000 0.0000000000000000 0.0000000000000000 0.0000000000000000 0.0000000000000000
0.0000000000000000 0.0000000000000000 0.0000000000000000 0.0000000000000000 0.0000000000000000 0.0000000000000000
0.0000000000000000 0.0000000000000000 0.0000000000000000 0.0000000000000000 0.0000000000000000 0.0000000000000000
0.1004296690225601 0.1004296690225601 0.1004296690225601 0.1004296690225601 0.1004296690225601 0.1004296690225601
0.0000000000000000 0.0000000000000000 0.0000000000000000 0.0000000000000000 0.0000000000000000 0.0000000000000000
0.0000000000000000 0.0000000000000000 0.0000000000000000 0.0000000000000000 0.0000000000000000 0.0000000000000000
0.0000000000000000 0.0000000000000000 0.0000000000000000 0.0000000000000000 0.0000000000000000 0.0000000000000000
0.0000000000000000 0.0000000000000000 0.0000000000000000 0.0000000000000000 0.0000000000000000 0.0000000000000000
0.0000000000000000 0.0000000000000000 0.0000000000000000 0.0000000000000000 0.0000000000000000 0.0000000000000000
0.0000000000000000 0.0000000000000000 0.0000000000000000 0.0000000000000000 0.0000000000000000 0.0000000000000000
0.0000000000000000 0.0000000000000000 0.0000000000000000 0.0000000000000000 0.0000000000000000 0.0000000000000000
0.0000000000000000 0.0000000000000000 0.0000000000000000 0.0000000000000000 0.0000000000000000 0.0000000000000000
0.0000000000000000 0.0000000000000000 0.0000000000000000 0.0000000000000000 0.0000000000000000 0.0000000000000000
0.1035330072045326 0.1035330072045326 0.1035330072045326 0.1035330072045326 0.1035330072045326 0.1035330072045326
0.0000000000000000 0.0000000000000000 0.0000000000000000 0.0000000000000000 0.0000000000000000 0.0000000000000000
0.0000000000000000 0.0000000000000000 0.0000000000000000 0.0000000000000000 0.0000000000000000 0.0000000000000000
0.1002949848771095 0.1002949848771095 0.1002949848771095 0.1002949848771095 0.1002949848771095 0.1002949848771095
0.0000000000000000 0.0000000000000000 0.0000000000000000 0.0000000000000000 0.0000000000000000 0.0000000000000000
0.0000000000000000 0.0000000000000000 0.0000000000000000 0.0000000000000000 0.0000000000000000 0.0000000000000000
0.1014585196971893 0.1014585196971893 0.1014585196971893 0.1014585196971893 0.1014585196971893 0.1014585196971893
0.0000000000000000 0.0000000000000000 0.0000000000000000 0.0000000000000000 0.0000000000000000 0.0000000000000000
0.0000000000000000 0.0000000000000000 0.0000000000000000 0.0000000000000000 0.0000000000000000 0.0000000000000000
0.0000000000000000 0.0000000000000000 0.0000000000000000 0.0000000000000000 0.0000000000000000 0.0000000000000000
0.0000000000000000 0.0000000000000000 0.0000000000000000 0.0000000000000000 0.0000000000000000 0.0000000000000000
0.0000000000000000 0.0000000000000000 0.0000000000000000 0.0000000000000000 0.0000000000000000 0.0000000000000000
0.0000000000000000 0.0000000000000000 0.0000000000000000 0.0000000000000000 0.0000000000000000 0.0000000000000000
0.0000000000000000 0.0000000000000000 0.0000000000000000 0.0000000000000000 0.0000000000000000 0.0000000000000000
0.0000000000000000 0.0000000000000000 0.0000000000000000 0.0000000000000000 0.0000000000000000 0.0000000000000000
0.0000000000000000 0.0000000000000000 0.0000000000000000 0.0000000000000000 0.0000000000000000 0.0000000000000000
0.1021545305848122 0.1021545305848122 0.1021545305848122 0.1021545305848122 0.1021545305848122 0.1021545305848122
0.0000000000000000 0.0000000000000000 0.0000000000000000 0.0000000000000000 0.0000000000000000 0.0000000000000000
0.0000000000000000 0.0000000000000000 0.0000000000000000 0.0000000000000000 0.0000000000000000 0.0000000000000000
0.0000000000000000 0.0000000000000000 0.0000000000000000 0.0000000000000000 0.0000000000000000 0.0000000000000000
0.0000000000000000 0.0000000000000000 0.0000000000000000 0.0000000000000000 0.0000000000000000 0.0000000000000000
0.0000000000000000 0.0000000000000000 0.0000000000000000 0.0000000000000000 0.0000000000000000 0.0000000000000000
0.1000774502754211 0.1000774502754211 0.1000774502754211 0.1000774502754211 0.1000774502754211 0.1000774502754211
0.0000000000000000 0.0000000000000000 0.0000000000000000 0.0000000000000000 0.0000000000000000 0.0000000000000000
0.0000000000000000 0.0000000000000000 0.0000000000000000 0.0000000000000000 0.0000000000000000 0.0000000000000000
0.0000000000000000 0.0000000000000000 0.0000000000000000 0.0000000000000000 0.0000000000000000 0.0000000000000000
0.0000000000000000 0.0000000000000000 0.0000000000000000 0.0000000000000000 0.0000000000000000 0.0000000000000000
0.0000000000000000 0.0000000000000000 0.0000000000000000 0.0000000000000000 0.0000000000000000 0.0000000000000000
0.0000000000000000 0.0000000000000000 0.0000000000000000 0.0000000000000000 0.0000000000000000 0.0000000000000000
0.0000000000000000 0.0000000000000000 0.0000000000000000 0.0000000000000000 0.0000000000000000 0.0000000000000000
0.0000000000000000 0.0000000000000000 0.0000000000000000 0.0000000000000000 0.0000000000000000 0.0000000000000000
0.0000000000000000 0.0000000000000000 0.0000000000000000 0.0000000000000000 0.0000000000000000 0.0000000000000000
0.1021221727132797 0.1021221727132797 0.1021221727132797 0.1021221727132797 0.1021221727132797 0.1021221727132797
0.0000000000000000 0.0000000000000000 0.0000000000000000 0.0000000000000000 0.0000000000000000 0.0000000000000000
0.0000000000000000 0.0000000000000000 0.0000000000000000 0.0000000000000000 0.0000000000000000 0.0000000000000000
0.0000000000000000 0.0000000000000000 0.0000000000000000 0.0000000000000000 0.0000000000000000 0.0000000000000000
0.0000000000000000 0.0000000000000000 0.0000000000000000 0.0000000000000000 0.0000000000000000 0.0000000000000000
0.0000000000000000 0.0000000000000000 0.0000000000000000 0.0000000000000000 0.0000000000000000 0.0000000000000000
0.1002124994993210 0.1002124994993210 0.1002124994993210 0.1002124994993210 0.1002124994993210 0.1002124994993210
0.0000000000000000 0.0000000000000000 0.0000000000000000 0.0000000000000000 0.0000000000000000 0.0000000000000000
0.0000000000000000 0.0000000000000000 0.0000000000000000 0.0000000000000000 0.0000000000000000 0.0000000000000000
0.0000000000000000 0.0000000000000000 0.0000000000000000 0.0000000000000000 0.0000000000000000 0.0000000000000000
0.0000000000000000 0.0000000000000000 0.0000000000000000 0.0000000000000000 0.0000000000000000 0.0000000000000000
0.0000000000000000 0.0000000000000000 0.0000000000000000 0.0000000000000000 0.0000000000000000 0.0000000000000000
0.0000000000000000 0.0000000000000000 0.0000000000000000 0.0000000000000000 0.0000000000000000 0.0000000000000000
0.0000000000000000 0.0000000000000000 0.0000000000000000 0.0000000000000000 0.0000000000000000 0.0000000000000000
0.0000000000000000 0.0000000000000000 0.0000000000000000 0.0000000000000000 0.0000000000000000 0.0000000000000000
0.0000000000000000 0.0000000000000000 0.0000000000000000 0.0000000000000000 0.0000000000000000 0.0000000000000000
0.1024326905608177 0.1024326905608177 0.1024326905608177 0.1024326905608177 0.1024326905608177 0.1024326905608177
0.0000000000000000 0.0000000000000000 0.0000000000000000 0.0000000000000000 0.0000000000000000 0.0000000000000000
0.0000000000000000 0.0000000000000000 0.0000000000000000 0.0000000000000000 0.0000000000000000 0.0000000000000000
0.1001837253570557 0.1001837253570557 0.1001837253570557 0.1001837253570557 0.1001837253570557 0.1001837253570557
0.0000000000000000 0.0000000000000000 0.0000000000000000 0.0000000000000000 0.0000000000000000 0.0000000000000000
0.0000000000000000 0.0000000000000000 0.0000000000000000 0.0000000000000000 0.0000000000000000 0.0000000000000000
0.1002394184470177 0.1002394184470177 0.1002394184470177 0.1002394184470177 0.1002394184470177 0.1002394184470177
0.0000000000000000 0.0000000000000000 0.0000000000000000 0.0000000000000000 0.0000000000000000 0.0000000000000000
0.0000000000000000 0.0000000000000000 0.0000000000000000 0.0000000000000000 0.0000000000000000 0.0000000000000000
0.0000000000000000 0.0000000000000000 0.0000000000000000 0.0000000000000000 0.0000000000000000 0.0000000000000000
0.0000000000000000 0.0000000000000000 0.0000000000000000 0.0000000000000000 0.0000000000000000 0.0000000000000000
0.0000000000000000 0.0000000000000000 0.0000000000000000 0.0000000000000000 0.0000000000000000 0.0000000000000000
0.0000000000000000 0.0000000000000000 0.0000000000000000 0.0000000000000000 0.0000000000000000 0.0000000000000000
0.0000000000000000 0.0000000000000000 0.0000000000000000 0.0000000000000000 0.0000000000000000 0.0000000000000000
0.0000000000000000 0.0000000000000000 0.0000000000000000 0.0000000000000000 0.0000000000000000 0.0000000000000000
0.0000000000000000 0.0000000000000000 0.0000000000000000 0.0000000000000000 0.0000000000000000 0.0000000000000000
0.0000000000000000 0.0000000000000000 0.0000000000000000 0.0000000000000000 0.0000000000000000 0.0000000000000000
0.0000000000000000 0.0000000000000000 0.0000000000000000 0.0000000000000000 0.0000000000000000 0.0000000000000000
0.0000000000000000 0.0000000000000000 0.0000000000000000 0.0000000000000000 0.0000000000000000 0.0000000000000000
0.0000000000000000 0.0000000000000000 0.0000000000000000 0.0000000000000000 0.0000000000000000 0.0000000000000000
0.0000000000000000 0.0000000000000000 0.0000000000000000 0.0000000000000000 0.0000000000000000 0.0000000000000000
0.0000000000000000 0.0000000000000000 0.0000000000000000 0.0000000000000000 0.0000000000000000 0.0000000000000000
0.0000000000000000 0.0000000000000000 0.0000000000000000 0.0000000000000000 0.0000000000000000 0.0000000000000000
0.0000000000000000 0.0000000000000000 0.0000000000000000 0.0000000000000000 0.0000000000000000 0.0000000000000000
0.0000000000000000 0.0000000000000000 0.0000000000000000 0.0000000000000000 0.0000000000000000 0.0000000000000000
0.0000000000000000 0.0000000000000000 0.0000000000000000 0.0000000000000000 0.0000000000000000 0.0000000000000000
0.0000000000000000 0.0000000000000000 0.0000000000000000 0.0000000000000000 0.0000000000000000 0.0000000000000000
0.0000000000000000 0.0000000000000000 0.0000000000000000 0.0000000000000000 0.0000000000000000 0.0000000000000000
0.0000000000000000 0.0000000000000000 0.0000000000000000 0.0000000000000000 0.0000000000000000 0.0000000000000000
0.0000000000000000 0.0000000000000000 0.0000000000000000 0.0000000000000000 0.0000000000000000 0.0000000000000000
0.0000000000000000 0.0000000000000000 0.0000000000000000 0.0000000000000000 0.0000000000000000 0.0000000000000000
0.0000000000000000 0.0000000000000000 0.0000000000000000 0.0000000000000000 0.0000000000000000 0.0000000000000000
0.0000000000000000 0.0000000000000000 0.0000000000000000 0.0000000000000000 0.0000000000000000 0.0000000000000000
0.0000000000000000 0.0000000000000000 0.0000000000000000 0.0000000000000000 0.0000000000000000 0.0000000000000000
0.9936254620552063 0.9936254620552063 0.9936254620552063 0.9936254620552063 0
0.9936254620552063 0.9936254620552063 0.9936254620552063 0.9936254620552063 0
0.9936254620552063 0.9936254620552063 0.9936254620552063 0.9936254620552063 0
0.9936254620552063 0.9936254620552063 0.9936254620552063 0.9936254620552063 0
0.9936254620552063 0.9936254620552063 0.9936254620552063 0.9936254620552063 0
0.9936254620552063 0.9936254620552063 0.9936254620552063 0.9936254620552063 0
0.9936254620552063 0.9936254620552063 0.9936254620552063 0.9936254620552063 0
0.9936254620552063 0.9936254620552063 0.9936254620552063 0.9936254620552063 0
0.9936254620552063 0.9936254620552063 0.9936254620552063 0.9936254620552063 0
0.9936254620552063 0.9936254620552063 0.9936254620552063 0.9936254620552063 0
0.9936254620552063 0.9936254620552063 0.9936254620552063 0.9936254620552063 0
0.9936254620552063 0.9936254620552063 0.9936254620552063 0.9936254620552063 0
0.9936254620552063 0.9936254620552063 0.9936254620552063 0.9936254620552063 0
0.9936254620552063 0.9936254620552063 0.9936254620552063 0.9936254620552063 0
0.9936254620552063 0.9936254620552063 0.9936254620552063 0.9936254620552063 0
0.9936254620552063 0.9936254620552063 0.9936254620552063 0.9936254620552063 0
0.9940897226333618 0.9940897226333618 0.9940897226333618 0.9940897226333618 0
1.0063661336898804 1.0063661336898804 1.0063661336898804 1.0063661336898804 0
1.0063744783401489 1.0063744783401489 1.0063744783401489 1.0063744783401489 0
1.0063744783401489 1.0063744783401489 1.0063744783401489 1.0063744783401489 0
1.0063287019729614 1.0063287019729614 1.0063287019729614 1.0063287019729614 0
1.0063744783401489 1.0063744783401489 1.0063744783401489 1.0063744783401489 0
1.0060939788818359 1.0060939788818359 1.0060939788818359 1.0060939788818359 0
0.9942099452018738 0.9942099452018738 0.9942099452018738 0.9942099452018738 0
0.9936254620552063 0.9936254620552063 0.9936254620552063 0.9936254620552063 0
0.9936254620552063 0.9936254620552063 0.9936254620552063 0.9936254620552063 0
0.9936254620552063 0.9936254620552063 0.9936254620552063 0.9936254620552063 0
0.9936254620552063 0.9936254620552063 0.9936254620552063 0.9936254620552063 0
0.9936254620552063 0.9936254620552063 0.9936254620552063 0.9936254620552063 0
0.9936254620552063 0.9936254620552063 0.9936254620552063 0.9936254620552063 0
0.9936254620552063 0.9936254620552063 0.9936254620552063 0.9936254620552063 0
0.9936254620552063 0.9936254620552063 0.9936254620552063 0.9936254620552063 0
0.9936254620552063 0.9936254620552063 0.9936254620552063 0.9936254620552063 0
0.9936254620552063 0.9936254620552063 0.9936254620552063 0.9936254620552063 0
0.9936254620552063 0.9936254620552063 0.9936254620552063 0.9936254620552063 0
0.9936254620552063 0.9936254620552063 0.9936254620552063 0.9936254620552063 0
0.9936254620552063 0.9936254620552063 0.9936254620552063 0.9936254620552063 0
0.9936254620552063 0.9936254620552063 0.9936254620552063 0.9936254620552063 0
0.9936254620552063 0.9936254620552063 0.9936254620552063 0.9936254620552063 0
0.9936254620552063 0.9936254620552063 0.9936254620552063 0.9936254620552063 0
0.9936254620552063 0.9936254620552063 0.9936254620552063 0.9936254620552063 0
1.0058741569519043 1.0058741569519043 1.0058741569519043 1.0058741569519043 0
1.0063744783401489 1.0063744783401489 1.0063744783401489 1.0063744783401489 0
1.0050518512725830 1.0050518512725830 1.0050518512725830 1.0050518512725830 0
1.0052070617675781 1.0052070617675781 1.0052070617675781 1.0052070617675781 0
1.0063744783401489 1.0063744783401489 1.0063744783401489 1.0063744783401489 0
0.9967787861824036 0.9967787861824036 0.9967787861824036 0.9967787861824036 0
0.9936991333961487 0.9936991333961487 0.9936991333961487 0.9936991333961487 0
0.9936254620552063 0.9936254620552063 0.9936254620552063 0.9936254620552063 0
0.9936254620552063 0.9936254620552063 0.9936254620552063 0.9936254620552063 0
0.9936254620552063 0.9936254620552063 0.9936254620552063 0.9936254620552063 0
0.9936254620552063 0.9936254620552063 0.9936254620552063 0.9936254620552063 0
0.9936254620552063 0.9936254620552063 0.9936254620552063 0.9936254620552063 0
0.9936254620552063 0.9936254620552063 0.9936254620552063 0.9936254620552063 0
0.9936254620552063 0.9936254620552063 0.9936254620552063 0.9936254620552063 0
0.9936254620552063 0.9936254620552063 0.9936254620552063 0.9936254620552063 0
0.9936254620552063 0.9936254620552063 0.9936254620552063 0.9936254620552063 0
0.9936254620552063 0.9936254620552063 0.9936254620552063 0.9936254620552063 0
0.9936254620552063 0.9936254620552063 0.9936254620552063 0.9936254620552063 0
0.9936254620552063 0.9936254620552063 0.9936254620552063 0.9936254620552063 0
0.9936254620552063 0.9936254620552063 0.9936254620552063 0.9936254620552063 0
0.9936254620552063 0.9936254620552063 0.9936254620552063 0.9936254620552063 0
0.9936254620552063 0.9936254620552063 0.9936254620552063 0.9936254620552063 0
0.9936254620552063 0.9936254620552063 0.9936254620552063 0.9936254620552063 0
0.0000000000000000 0.0000000000000000 0.0000000000000000 0.0000000000000000 0.0000000000000000 0.0000000000000000
0.0000000000000000 0.0000000000000000 0.0000000000000000 0.0000000000000000 0.0000000000000000 0.0000000000000000
0.0000000000000000 0.0000000000000000 0.0000000000000000 0.0000000000000000 0.0000000000000000 0.0000000000000000
0.0000000000000000 0.0000000000000000 0.0000000000000000 0.0000000000000000 0.0000000000000000 0.0000000000000000
0.0000000000000000 0.0000000000000000 0.0000000000000000 0.0000000000000000 0.0000000000000000 0.0000000000000000
0.0000000000000000 0.0000000000000000 0.0000000000000000 0.0000000000000000 0.0000000000000000 0.0000000000000000
0.0000000000000000 0.0000000000000000 0.0000000000000000 0.0000000000000000 0.0000000000000000 0.0000000000000000
0.0000000000000000 0.0000000000000000 0.0000000000000000 0.0000000000000000 0.0000000000000000 0.0000000000000000
0.0000000000000000 0.0000000000000000 0.0000000000000000 0.0000000000000000 0.0000000000000000 0.0000000000000000
0.0000000000000000 0.0000000000000000 0.0000000000000000 0.0000000000000000 0.0000000000000000 0.0000000000000000
0.0000000000000000 0.0000000000000000 0.0000000000000000 0.0000000000000000 0.0000000000000000 0.0000000000000000
0.0000000000000000 0.0000000000000000 0.0000000000000000 0.0000000000000000 0.0000000000000000 0.0000000000000000
0.0000000000000000 0.0000000000000000 0.0000000000000000 0.0000000000000000 0.0000000000000000 0.0000000000000000
0.0000000000000000 0.0000000000000000 0.0000000000000000 0.0000000000000000 0.0000000000000000 0.0000000000000000
0.0000000000000000 0.0000000000000000 0.0000000000000000 0.0000000000000000 0.0000000000000000 0.0000000000000000
0.0000000000000000 0.0000000000000000 0.0000000000000000 0.0000000000000000 0.0000000000000000 0.0000000000000000
0.0000000000000000 0.0000000000000000 0.0000000000000000 0.0000000000000000 0.0000000000000000 0.0000000000000000
0.0000000000000000 0.0000000000000000 0.0000000000000000 0.0000000000000000 0.0000000000000000 0.0000000000000000
0.0000000000000000 0.0000000000000000 0.0000000000000000 0.0000000000000000 0.0000000000000000 0.0000000000000000
0.0000000000000000 0.0000000000000000 0.0000000000000000 0.0000000000000000 0.0000000000000000 0.0000000000000000
0.0000000000000000 0.0000000000000000 0.0000000000000000 0.0000000000000000 0.0000000000000000 0.0000000000000000
0.0000000000000000 0.0000000000000000 0.0000000000000000 0.0000000000000000 0.0000000000000000 0.0000000000000000
0.0000000000000000 0.0000000000000000 0.0000000000000000 0.0000000000000000 0.0000000000000000 0.0000000000000000
0.0000000000000000 0.0000000000000000 0.0000000000000000 0.0000000000000000 0.0000000000000000 0.0000000000000000
0.0000000000000000 0.0000000000000000 0.0000000000000000 0.0000000000000000 0.0000000000000000 0.0000000000000000
0.0000000000000000 0.0000000000000000 0.0000000000000000 0.0000000000000000 0.0000000000000000 0.0000000000000000
0.0000000000000000 0.0000000000000000 0.0000000000000000 0.0000000000000000 0.0000000000000000 0.0000000000000000
0.0000000000000000 0.0000000000000000 0.0000000000000000 0.0000000000000000 0.0000000000000000 0.0000000000000000
0.0000000000000000 0.0000000000000000 0.0000000000000000 0.0000000000000000 0.0000000000000000 0.0000000000000000
0.0000000000000000 0.0000000000000000 0.0000000000000000 0.0000000000000000 0.0000000000000000 0.0000000000000000
0.0000000000000000 0.0000000000000000 0.0000000000000000 0.0000000000000000 0.0000000000000000 0.0000000000000000
0.0000000000000000 0.0000000000000000 0.0000000000000000 0.0000000000000000 0.0000000000000000 0.0000000000000000
0.0000000000000000 0.0000000000000000 0.0000000000000000 0.0000000000000000 0.0000000000000000 0.0000000000000000
0.0000000000000000 0.0000000000000000 0.0000000000000000 0.0000000000000000 0.0000000000000000 0.0000000000000000
0.0000000000000000 0.0000000000000000 0.0000000000000000 0.0000000000000000 0.0000000000000000 0.0000000000000000
0.0000000000000000 0.0000000000000000 0.0000000000000000 0.0000000000000000 0.0000000000000000 0.0000000000000000
0.0000000000000000 0.0000000000000000 0.0000000000000000 0.0000000000000000 0.0000000000000000 0.0000000000000000
0.0000000000000000 0.0000000000000000 0.0000000000000000 0.0000000000000000 0.0000000000000000 0.0000000000000000
0.0000000000000000 0.0000000000000000 0.0000000000000000 0.0000000000000000 0.0000000000000000 0.0000000000000000
0.0000000000000000 0.0000000000000000 0.0000000000000000 0.0000000000000000 0.0000000000000000 0.0000000000000000
0.0000000000000000 0.0000000000000000 0.0000000000000000 0.0000000000000000 0.0000000000000000 0.0000000000000000
0.0000000000000000 0.0000000000000000 0.0000000000000000 0.0000000000000000 0.0000000000000000 0.0000000000000000
0.0000000000000000 0.0000000000000000 0.0000000000000000 0.0000000000000000 0.0000000000000000 0.0000000000000000
0.1024713963270187 0.1024713963270187 0.1024713963270187 0.1024713963270187 0.1024713963270187 0.1024713963270187
0.0000000000000000 0.0000000000000000 0.0000000000000000 0.0000000000000000 0.0000000000000000 0.0000000000000000
0.1035557463765144 0.1035557463765144 0.1035557463765144 0.1035557463765144 0.1035557463765144 0.1035557463765144
0.0000000000000000 0.0000000000000000 0.0000000000000000 0.0000000000000000 0.0000000000000000 0.0000000000000000
0.1021990254521370 0.1021990254521370 0.1021990254521370 0.1021990254521370 0.1021990254521370 0.1021990254521370
0.0000000000000000 0.0000000000000000 0.0000000000000000 0.0000000000000000 0.0000000000000000 0.0000000000000000
0.1021185666322708 0.1021185666322708 0.1021185666322708 0.1021185666322708 0.1021185666322708 0.1021185666322708
0.0000000000000000 0.0000000000000000 0.0000000000000000 0.0000000000000000 0.0000000000000000 0.0000000000000000
0.1024157479405403 0.1024157479405403 0.1024157479405403 0.1024157479405403 0.1024157479405403 0.1024157479405403
0.0000000000000000 0.0000000000000000 0.0000000000000000 0.0000000000000000 0.0000000000000000 0.0000000000000000
0.0000000000000000 0.0000000000000000 0.0000000000000000 0.0000000000000000 0.0000000000000000 0.0000000000000000
0.0000000000000000 0.0000000000000000 0.0000000000000000 0.0000000000000000 0.0000000000000000 0.0000000000000000
0.0000000000000000 0.0000000000000000 0.0000000000000000 0.0000000000000000 0.0000000000000000 0.0000000000000000
0.0000000000000000 0.0000000000000000 0.0000000000000000 0.0000000000000000 0.0000000000000000 0.0000000000000000
0.0000000000000000 0.0000000000000000 0.0000000000000000 0.0000000000000000 0.0000000000000000 0.0000000000000000
0.0000000000000000 0.0000000000000000 0.0000000000000000 0.0000000000000000 0.0000000000000000 0.0000000000000000
0.0000000000000000 0.0000000000000000 0.0000000000000000 0.0000000000000000 0.0000000000000000 0.0000000000000000
0.0000000000000000 0.0000000000000000 0.0000000000000000 0.0000000000000000 0.0000000000000000 0.0000000000000000
0.0000000000000000 0.0000000000000000 0.0000000000000000 0.0000000000000000 0.0000000000000000 0.0000000000000000
0.0000000000000000 0.0000000000000000 0.0000000000000000 0.0000000000000000 0.0000000000000000 0.0000000000000000
0.0000000000000000 0.0000000000000000 0.0000000000000000 0.0000000000000000 0.0000000000000000 0.0000000000000000
0.0000000000000000 0.0000000000000000 0.0000000000000000 0.0000000000000000 0.0000000000000000 0.0000000000000000
0.0000000000000000 0.0000000000000000 0.0000000000000000 0.0000000000000000 0.0000000000000000 0.0000000000000000
0.0000000000000000 0.0000000000000000 0.0000000000000000 0.0000000000000000 0.0000000000000000 0.0000000000000000
0.0000000000000000 0.0000000000000000 0.0000000000000000 0.0000000000000000 0.0000000000000000 0.0000000000000000
0.0000000000000000 0.0000000000000000 0.0000000000000000 0.0000000000000000 0.0000000000000000 0.0000000000000000
0.0000000000000000 0.0000000000000000 0.0000000000000000 0.0000000000000000 0.0000000000000000 0.0000000000000000
0.0000000000000000 0.0000000000000000 0.0000000000000000 0.0000000000000000 0.0000000000000000 0.0000000000000000
0.0000000000000000 0.0000000000000000 0.0000000000000000 0.0000000000000000 0.0000000000000000 0.0000000000000000
0.0000000000000000 0.0000000000000000 0.0000000000000000 0.0000000000000000 0.0000000000000000 0.0000000000000000
0.0000000000000000 0.0000000000000000 0.0000000000000000 0.0000000000000000 0.0000000000000000 0.0000000000000000
0.0000000000000000 0.0000000000000000 0.0000000000000000 0.0000000000000000 0.0000000000000000 0.0000000000000000
0.0000000000000000 0.0000000000000000 0.0000000000000000 0.0000000000000000 0.0000000000000000 0.0000000000000000
0.0000000000000000 0.0000000000000000 0.0000000000000000 0.0000000000000000 0.0000000000000000 0.0000000000000000
0.0000000000000000 0.0000000000000000 0.0000000000000000 0.0000000000000000 0.0000000000000000 0.0000000000000000
0.1002559140324593 0.1002559140324593 0.1002559140324593 0.1002559140324593 0.1002559140324593 0.1002559140324593
0.0000000000000000 0.0000000000000000 0.0000000000000000 0.0000000000000000 0.0000000000000000 0.0000000000000000
0.0000000000000000 0.0000000000000000 0.0000000000000000 0.0000000000000000 0.0000000000000000 0.0000000000000000
0.0000000000000000 0.0000000000000000 0.0000000000000000 0.0000000000000000 0.0000000000000000 0.0000000000000000
0.0000000000000000 0.0000000000000000 0.0000000000000000 0.0000000000000000 0.0000000000000000 0.0000000000000000
0.0000000000000000 0.0000000000000000 0.0000000000000000 0.0000000000000000 0.0000000000000000 0.0000000000000000
0.1001203730702400 0.1001203730702400 0.1001203730702400 0.1001203730702400 0.1001203730702400 0.1001203730702400
0.0000000000000000 0.0000000000000000 0.0000000000000000 0.0000000000000000 0.0000000000000000 0.0000000000000000
0.0000000000000000 0.0000000000000000 0.0000000000000000 0.0000000000000000 0.0000000000000000 0.0000000000000000
0.0000000000000000 0.0000000000000000 0.0000000000000000 0.0000000000000000 0.0000000000000000 0.0000000000000000
0.0000000000000000 0.0000000000000000 0.0000000000000000 0.0000000000000000 0.0000000000000000 0.0000000000000000
0.0000000000000000 0.0000000000000000 0.0000000000000000 0.0000000000000000 0.0000000000000000 0.0000000000000000
0.0000000000000000 0.0000000000000000 0.0000000000000000 0.0000000000000000 0.0000000000000000 0.0000000000000000
0.1005146652460098 0.1005146652460098 0.1005146652460098 0.1005146652460098 0.1005146652460098 0.1005146652460098
0.0000000000000000 0.0000000000000000 0.0000000000000000 0.0000000000000000 0.0000000000000000 0.0000000000000000
0.1015425100922585 0.1015425100922585 0.1015425100922585 0.1015425100922585 0.1015425100922585 0.1015425100922585
0.0000000000000000 0.0000000000000000 0.0000000000000000 0.0000000000000000 0.0000000000000000 0.0000000000000000
0.1001428067684174 0.1001428067684174 0.1001428067684174 0.1001428067684174 0.1001428067684174 0.1001428067684174
0.0000000000000000 0.0000000000000000 0.0000000000000000 0.0000000000000000 0.0000000000000000 0.0000000000000000
0.1001717522740364 0.1001717522740364 0.1001717522740364 0.1001717522740364 0.1001717522740364 0.1001717522740364
0.0000000000000000 0.0000000000000000 0.0000000000000000 0.0000000000000000 0.0000000000000000 0.0000000000000000
0.1001845970749855 0.1001845970749855 0.1001845970749855 0.1001845970749855 0.1001845970749855 0.1001845970749855
0.0000000000000000 0.0000000000000000 0.0000000000000000 0.0000000000000000 0.0000000000000000 0.0000000000000000
0.0000000000000000 0.0000000000000000 0.0000000000000000 0.0000000000000000 0.0000000000000000 0.0000000000000000
0.0000000000000000 0.0000000000000000 0.0000000000000000 0.0000000000000000 0.0000000000000000 0.0000000000000000
0.0000000000000000 0.0000000000000000 0.0000000000000000 0.0000000000000000 0.0000000000000000 0.0000000000000000
0.0000000000000000 0.0000000000000000 0.0000000000000000 0.0000000000000000 0.0000000000000000 0.0000000000000000
0.0000000000000000 0.0000000000000000 0.0000000000000000 0.0000000000000000 0.0000000000000000 0.0000000000000000
0.0000000000000000 0.0000000000000000 0.0000000000000000 0.0000000000000000 0.0000000000000000 0.0000000000000000
0.0000000000000000 0.0000000000000000 0.0000000000000000 0.0000000000000000 0.0000000000000000 0.0000000000000000
0.0000000000000000 0.0000000000000000 0.0000000000000000 0.0000000000000000 0.0000000000000000 0.0000000000000000
0.0000000000000000 0.0000000000000000 0.0000000000000000 0.0000000000000000 0.0000000000000000 0.0000000000000000
0.0000000000000000 0.0000000000000000 0.0000000000000000 0.0000000000000000 0.0000000000000000 0.0000000000000000
0.0000000000000000 0.0000000000000000 0.0000000000000000 0.0000000000000000 0.0000000000000000 0.0000000000000000
0.0000000000000000 0.0000000000000000 0.0000000000000000 0.0000000000000000 0.0000000000000000 0.0000000000000000
0.0000000000000000 0.0000000000000000 0.0000000000000000 0.0000000000000000 0.0000000000000000 0.0000000000000000
0.0000000000000000 0.0000000000000000 0.0000000000000000 0.0000000000000000 0.0000000000000000 0.0000000000000000
0.0000000000000000 0.0000000000000000 0.0000000000000000 0.0000000000000000 0.0000000000000000 0.0000000000000000
0.0000000000000000 0.0000000000000000 0.0000000000000000 0.0000000000000000 0.0000000000000000 0.0000000000000000
0.0000000000000000 0.0000000000000000 0.0000000000000000 0.0000000000000000 0.0000000000000000 0.0000000000000000
0.0000000000000000 0.0000000000000000 0.0000000000000000 0.0000000000000000 0.0000000000000000 0.0000000000000000
0.0000000000000000 0.0000000000000000 0.0000000000000000 0.0000000000000000 0.0000000000000000 0.0000000000000000
0.0000000000000000 0.0000000000000000 0.0000000000000000 0.0000000000000000 0.0000000000000000 0.0000000000000000
0.0000000000000000 0.0000000000000000 0.0000000000000000 0.0000000000000000 0.0000000000000000 0.0000000000000000
0.0000000000000000 0.0000000000000000 0.0000000000000000 0.0000000000000000 0.0000000000000000 0.0000000000000000
0.0000000000000000 0.0000000000000000 0.0000000000000000 0.0000000000000000 0.0000000000000000 0.0000000000000000
0.0000000000000000 0.0000000000000000 0.0000000000000000 0.0000000000000000 0.0000000000000000 0.0000000000000000
0.0000000000000000 0.0000000000000000 0.0000000000000000 0.0000000000000000 0.0000000000000000 0.0000000000000000
0.0000000000000000 0.0000000000000000 0.0000000000000000 0.0000000000000000 0.0000000000000000 0.0000000000000000
0.0000000000000000 0.0000000000000000 0.0000000000000000 0.0000000000000000 0.0000000000000000 0.0000000000000000
1.0000000000000000 1.0000000000000000 1.0000000000000000 1.0000000000000000 0
1.0000000000000000 1.0000000000000000 1.0000000000000000 1.0000000000000000 0
1.0000000000000000 1.0000000000000000 1.0000000000000000 1.0000000000000000 0
1.0000000000000000 1.0000000000000000 1.0000000000000000 1.0000000000000000 0
1.0000000000000000 1.0000000000000000 1.0000000000000000 1.0000000000000000 0
1.0000000000000000 1.0000000000000000 1.0000000000000000 1.0000000000000000 0
1.0000000000000000 1.0000000000000000 1.0000000000000000 1.0000000000000000 0
1.0000000000000000 1.0000000000000000 1.0000000000000000 1.0000000000000000 0
1.0000000000000000 1.0000000000000000 1.0000000000000000 1.0000000000000000 0
1.0000000000000000 1.0000000000000000 1.0000000000000000 1.0000000000000000 0
1.0000000000000000 1.0000000000000000 1.0000000000000000 1.0000000000000000 0
1.0000000000000000 1.0000000000000000 1.0000000000000000 1.0000000000000000 0
1.0000000000000000 1.0000000000000000 1.0000000000000000 1.0000000000000000 0
1.0000000000000000 1.0000000000000000 1.0000000000000000 1.0000000000000000 0
1.0000000000000000 1.0000000000000000 1.0000000000000000 1.0000000000000000 0
1.0000000000000000 1.0000000000000000 1.0000000000000000 1.0000000000000000 0
1.0000000000000000 1.0000000000000000 1.0000000000000000 1.0000000000000000 0
1.0000000000000000 1.0000000000000000 1.0000000000000000 1.0000000000000000 0
1.0000000000000000 1.0000000000000000 1.0000000000000000 1.0000000000000000 0
1.0000000000000000 1.0000000000000000 1.0000000000000000 1.0000000000000000 0
1.0000000000000000 1.0000000000000000 1.0000000000000000 1.0000000000000000 0
1.0000000000000000 1.0000000000000000 1.0000000000000000 1.0000000000000000 0
1.0000000000000000 1.0000000000000000 1.0000000000000000 1.0000000000000000 0
1.0000000000000000 1.0000000000000000 1.0000000000000000 1.0000000000000000 0
1.0000000000000000 1.0000000000000000 1.0000000000000000 1.0000000000000000 0
1.0000000000000000 1.0000000000000000 1.0000000000000000 1.0000000000000000 0
1.0000000000000000 1.0000000000000000 1.0000000000000000 1.0000000000000000 0
1.0000000000000000 1.0000000000000000 1.0000000000000000 1.0000000000000000 0
1.0000000000000000 1.0000000000000000 1.0000000000000000 1.0000000000000000 0
1.0000000000000000 1.0000000000000000 1.0000000000000000 1.0000000000000000 0
1.0000000000000000 1.0000000000000000 1.0000000000000000 1.0000000000000000 0
1.0000000000000000 1.0000000000000000 1.0000000000000000 1.0000000000000000 0
1.0000000000000000 1.0000000000000000 1.0000000000000000 1.0000000000000000 0
1.0000000000000000 1.0000000000000000 1.0000000000000000 1.0000000000000000 0
1.0000000000000000 1.0000000000000000 1.0000000000000000 1.0000000000000000 0
1.0000000000000000 1.0000000000000000 1.0000000000000000 1.0000000000000000 0
1.0000000000000000 1.0000000000000000 1.0000000000000000 1.0000000000000000 0
1.0000000000000000 1.0000000000000000 1.0000000000000000 1.0000000000000000 0
1.0000000000000000 1.0000000000000000 1.0000000000000000 1.0000000000000000 0
1.0000000000000000 1.0000000000000000 1.0000000000000000 1.0000000000000000 0
1.0000000000000000 1.0000000000000000 1.0000000000000000 1.0000000000000000 0
1.0000000000000000 1.0000000000000000 1.0000000000000000 1.0000000000000000 0
1.0000000000000000 1.0000000000000000 1.0000000000000000 1.0000000000000000 0
1.0000000000000000 1.0000000000000000 1.0000000000000000 1.0000000000000000 0
1.0000000000000000 1.0000000000000000 1.0000000000000000 1.0000000000000000 0
1.0000000000000000 1.0000000000000000 1.0000000000000000 1.0000000000000000 0
1.0000000000000000 1.0000000000000000 1.0000000000000000 1.0000000000000000 0
1.0000000000000000 1.0000000000000000 1.0000000000000000 1.0000000000000000 0
1.0000000000000000 1.0000000000000000 1.0000000000000000 1.0000000000000000 0
1.0000000000000000 1.0000000000000000 1.0000000000000000 1.0000000000000000 0
1.0000000000000000 1.0000000000000000 1.0000000000000000 1.0000000000000000 0
1.0000000000000000 1.0000000000000000 1.0000000000000000 1.0000000000000000 0
1.0000000000000000 1.0000000000000000 1.0000000000000000 1.0000000000000000 0
1.0000000000000000 1.0000000000000000 1.0000000000000000 1.0000000000000000 0
1.0000000000000000 1.0000000000000000 1.0000000000000000 1.0000000000000000 0
1.0000000000000000 1.0000000000000000 1.0000000000000000 1.0000000000000000 0
1.0000000000000000 1.0000000000000000 1.0000000000000000 1.0000000000000000 0
1.0000000000000000 1.0000000000000000 1.0000000000000000 1.0000000000000000 0
1.0000000000000000 1.0000000000000000 1.0000000000000000 1.0000000000000000 0
1.0000000000000000 1.0000000000000000 1.0000000000000000 1.0000000000000000 0
1.0000000000000000 1.0000000000000000 1.0000000000000000 1.0000000000000000 0
1.0000000000000000 1.0000000000000000 1.0000000000000000 1.0000000000000000 0
1.0000000000000000 1.0000000000000000 1.0000000000000000 1.0000000000000000 0
1.0000000000000000 1.0000000000000000 1.0000000000000000 1.0000000000000000 0
0.0000000000000000 0.0000000000000000 0.0000000000000000 0.0000000000000000 0.0000000000000000 0.0000000000000000
0.0000000000000000 0.0000000000000000 0.0000000000000000 0.0000000000000000 0.0000000000000000 0.0000000000000000
0.0000000000000000 0.0000000000000000 0.0000000000000000 0.0000000000000000 0.0000000000000000 0.0000000000000000
0.0000000000000000 0.0000000000000000 0.0000000000000000 0.0000000000000000 0.0000000000000000 0.0000000000000000
0.0000000000000000 0.0000000000000000 0.0000000000000000 0.0000000000000000 0.0000000000000000 0.0000000000000000
0.0000000000000000 0.0000000000000000 0.0000000000000000 0.0000000000000000 0.0000000000000000 0.0000000000000000
0.0000000000000000 0.0000000000000000 0.0000000000000000 0.0000000000000000 0.0000000000000000 0.0000000000000000
0.0000000000000000 0.0000000000000000 0.0000000000000000 0.0000000000000000 0.0000000000000000 0.0000000000000000
0.0000000000000000 0.0000000000000000 0.0000000000000000 0.0000000000000000 0.0000000000000000 0.0000000000000000
0.0000000000000000 0.0000000000000000 0.0000000000000000 0.0000000000000000 0.0000000000000000 0.0000000000000000
0.0000000000000000 0.0000000000000000 0.0000000000000000 0.0000000000000000 0.0000000000000000 0.0000000000000000
0.0000000000000000 0.0000000000000000 0.0000000000000000 0.0000000000000000 0.0000000000000000 0.0000000000000000
0.0000000000000000 0.0000000000000000 0.0000000000000000 0.0000000000000000 0.0000000000000000 0.0000000000000000
0.0000000000000000 0.0000000000000000 0.0000000000000000 0.0000000000000000 0.0000000000000000 0.0000000000000000
0.0000000000000000 0.0000000000000000 0.0000000000000000 0.0000000000000000 0.0000000000000000 0.0000000000000000
0.0000000000000000 0.0000000000000000 0.0000000000000000 0.0000000000000000 0.0000000000000000 0.0000000000000000
0.0000000000000000 0.0000000000000000 0.0000000000000000 0.0000000000000000 0.0000000000000000 0.0000000000000000
0.0000000000000000 0.0000000000000000 0.0000000000000000 0.0000000000000000 0.0000000000000000 0.0000000000000000
0.0000000000000000 0.0000000000000000 0.0000000000000000 0.0000000000000000 0.0000000000000000 0.0000000000000000
0.0000000000000000 0.0000000000000000 0.0000000000000000 0.0000000000000000 0.0000000000000000 0.0000000000000000
0.0000000000000000 0.0000000000000000 0.0000000000000000 0.0000000000000000 0.0000000000000000 0.0000000000000000
0.0000000000000000 0.0000000000000000 0.0000000000000000 0.0000000000000000 0.0000000000000000 0.0000000000000000
0.0000000000000000 0.0000000000000000 0.0000000000000000 0.0000000000000000 0.0000000000000000 0.0000000000000000
0.0000000000000000 0.0000000000000000 0.0000000000000000 0.0000000000000000 0.0000000000000000 0.0000000000000000
0.0000000000000000 0.0000000000000000 0.0000000000000000 0.0000000000000000 0.0000000000000000 0.0000000000000000
0.0000000000000000 0.0000000000000000 0.0000000000000000 0.0000000000000000 0.0000000000000000 0.0000000000000000
0.0000000000000000 0.0000000000000000 0.0000000000000000 0.0000000000000000 0.0000000000000000 0.0000000000000000
0.0000000000000000 0.0000000000000000 0.0000000000000000 0.0000000000000000 0.0000000000000000 0.0000000000000000
0.0000000000000000 0.0000000000000000 0.0000000000000000 0.0000000000000000 0.0000000000000000 0.0000000000000000
0.0000000000000000 0.0000000000000000 0.0000000000000000 0.0000000000000000 0.0000000000000000 0.0000000000000000
0.0000000000000000 0.0000000000000000 0.0000000000000000 0.0000000000000000 0.0000000000000000 0.0000000000000000
0.0000000000000000 0.0000000000000000 0.0000000000000000 0.0000000000000000 0.0000000000000000 0.0000000000000000
0.0000000000000000 0.0000000000000000 0.0000000000000000 0.0000000000000000 0.0000000000000000 0.0000000000000000
0.0000000000000000 0.0000000000000000 0.0000000000000000 0.0000000000000000 0.0000000000000000 0.0000000000000000
0.0000000000000000 0.0000000000000000 0.0000000000000000 0.0000000000000000 0.0000000000000000 0.0000000000000000
0.0000000000000000 0.0000000000000000 0.0000000000000000 0.0000000000000000 0.0000000000000000 0.0000000000000000
0.0000000000000000 0.0000000000000000 0.0000000000000000 0.0000000000000000 0.0000000000000000 0.0000000000000000
0.0000000000000000 0.0000000000000000 0.0000000000000000 0.0000000000000000 0.0000000000000000 0.0000000000000000
0.0000000000000000 0.0000000000000000 0.0000000000000000 0.0000000000000000 0.0000000000000000 0.0000000000000000
0.0000000000000000 0.0000000000000000 0.0000000000000000 0.0000000000000000 0.0000000000000000 0.0000000000000000
0.0000000000000000 0.0000000000000000 0.0000000000000000 0.0000000000000000 0.0000000000000000 0.0000000000000000
0.0000000000000000 0.0000000000000000 0.0000000000000000 0.0000000000000000 0.0000000000000000 0.0000000000000000
0.0000000000000000 0.0000000000000000 0.0000000000000000 0.0000000000000000 0.0000000000000000 0.0000000000000000
0.0000000000000000 0.0000000000000000 0.0000000000000000 0.0000000000000000 0.0000000000000000 0.0000000000000000
0.0000000000000000 0.0000000000000000 0.0000000000000000 0.0000000000000000 0.0000000000000000 0.0000000000000000
0.0000000000000000 0.0000000000000000 0.0000000000000000 0.0000000000000000 0.0000000000000000 0.0000000000000000
0.0000000000000000 0.0000000000000000 0.0000000000000000 0.0000000000000000 0.0000000000000000 0.0000000000000000
0.0000000000000000 0.0000000000000000 0.0000000000000000 0.0000000000000000 0.0000000000000000 0.0000000000000000
0.0000000000000000 0.0000000000000000 0.0000000000000000 0.0000000000000000 0.0000000000000000 0.0000000000000000
0.0000000000000000 0.0000000000000000 0.0000000000000000 0.0000000000000000 0.0000000000000000 0.0000000000000000
0.0000000000000000 0.0000000000000000 0.0000000000000000 0.0000000000000000 0.0000000000000000 0.0000000000000000
0.0000000000000000 0.0000000000000000 0.0000000000000000 0.0000000000000000 0.0000000000000000 0.0000000000000000
0.0000000000000000 0.0000000000000000 0.0000000000000000 0.0000000000000000 0.0000000000000000 0.0000000000000000
0.0000000000000000 0.0000000000000000 0.0000000000000000 0.0000000000000000 0.0000000000000000 0.0000000000000000
0.0000000000000000 0.0000000000000000 0.0000000000000000 0.0000000000000000 0.0000000000000000 0.0000000000000000
0.0000000000000000 0.0000000000000000 0.0000000000000000 0.0000000000000000 0.0000000000000000 0.0000000000000000
0.0000000000000000 0.0000000000000000 0.0000000000000000 0.0000000000000000 0.0000000000000000 0.0000000000000000
0.0000000000000000 0.0000000000000000 0.0000000000000000 0.0000000000000000 0.0000000000000000 0.0000000000000000
0.0000000000000000 0.0000000000000000 0.0000000000000000 0.0000000000000000 0.0000000000000000 0.0000000000000000
0.0000000000000000 0.0000000000000000 0.0000000000000000 0.0000000000000000 0.0000000000000000 0.0000000000000000
0.0000000000000000 0.0000000000000000 0.0000000000000000 0.0000000000000000 0.0000000000000000 0.0000000000000000
0.0000000000000000 0.0000000000000000 0.0000000000000000 0.0000000000000000 0.0000000000000000 0.0000000000000000
0.0000000000000000 0.0000000000000000 0.0000000000000000 0.0000000000000000 0.0000000000000000 0.0000000000000000
0.0000000000000000 0.0000000000000000 0.0000000000000000 0.0000000000000000 0.0000000000000000 0.0000000000000000
0.0000000000000000 0.0000000000000000 0.0000000000000000 0.0000000000000000 0.0000000000000000 0.0000000000000000
0.0000000000000000 0.0000000000000000 0.0000000000000000 0.0000000000000000 0.0000000000000000 0.0000000000000000
0.0000000000000000 0.0000000000000000 0.0000000000000000 0.0000000000000000 0.0000000000000000 0.0000000000000000
0.0000000000000000 0.0000000000000000 0.0000000000000000 0.0000000000000000 0.0000000000000000 0.0000000000000000
0.0000000000000000 0.0000000000000000 0.0000000000000000 0.0000000000000000 0.0000000000000000 0.0000000000000000
0.0000000000000000 0.0000000000000000 0.0000000000000000 0.0000000000000000 0.0000000000000000 0.0000000000000000
0.0000000000000000 0.0000000000000000 0.0000000000000000 0.0000000000000000 0.0000000000000000 0.0000000000000000
0.0000000000000000 0.0000000000000000 0.0000000000000000 0.0000000000000000 0.0000000000000000 0.0000000000000000
0.0000000000000000 0.0000000000000000 0.0000000000000000 0.0000000000000000 0.0000000000000000 0.0000000000000000
0.0000000000000000 0.0000000000000000 0.0000000000000000 0.0000000000000000 0.0000000000000000 0.0000000000000000
0.0000000000000000 0.0000000000000000 0.0000000000000000 0.0000000000000000 0.0000000000000000 0.0000000000000000
0.0000000000000000 0.0000000000000000 0.0000000000000000 0.0000000000000000 0.0000000000000000 0.0000000000000000
0.0000000000000000 0.0000000000000000 0.0000000000000000 0.0000000000000000 0.0000000000000000 0.0000000000000000
0.0000000000000000 0.0000000000000000 0.0000000000000000 0.0000000000000000 0.0000000000000000 0.0000000000000000
0.0000000000000000 0.0000000000000000 0.0000000000000000 0.0000000000000000 0.0000000000000000 0.0000000000000000
0.0000000000000000 0.0000000000000000 0.0000000000000000 0.0000000000000000 0.0000000000000000 0.0000000000000000
0.0000000000000000 0.0000000000000000 0.0000000000000000 0.0000000000000000 0.0000000000000000 0.0000000000000000
0.0000000000000000 0.0000000000000000 0.0000000000000000 0.0000000000000000 0.0000000000000000 0.0000000000000000
0.0000000000000000 0.0000000000000000 0.0000000000000000 0.0000000000000000 0.0000000000000000 0.0000000000000000
0.0000000000000000 0.0000000000000000 0.0000000000000000 0.0000000000000000 0.0000000000000000 0.0000000000000000
0.0000000000000000 0.0000000000000000 0.0000000000000000 0.0000000000000000 0.0000000000000000 0.0000000000000000
0.0000000000000000 0.0000000000000000 0.0000000000000000 0.0000000000000000 0.0000000000000000 0.0000000000000000
0.0000000000000000 0.0000000000000000 0.0000000000000000 0.0000000000000000 0.0000000000000000 0.0000000000000000
0.0000000000000000 0.0000000000000000 0.0000000000000000 0.0000000000000000 0.0000000000000000 0.0000000000000000
0.0000000000000000 0.0000000000000000 0.0000000000000000 0.0000000000000000 0.0000000000000000 0.0000000000000000
0.0000000000000000 0.0000000000000000 0.0000000000000000 0.0000000000000000 0.0000000000000000 0.0000000000000000
0.0000000000000000 0.0000000000000000 0.0000000000000000 0.0000000000000000 0.0000000000000000 0.0000000000000000
0.0000000000000000 0.0000000000000000 0.0000000000000000 0.0000000000000000 0.0000000000000000 0.0000000000000000
0.0000000000000000 0.0000000000000000 0.0000000000000000 0.0000000000000000 0.0000000000000000 0.0000000000000000
0.0000000000000000 0.0000000000000000 0.0000000000000000 0.0000000000000000 0.0000000000000000 0.0000000000000000
0.0000000000000000 0.0000000000000000 0.0000000000000000 0.0000000000000000 0.0000000000000000 0.0000000000000000
0.0000000000000000 0.0000000000000000 0.0000000000000000 0.0000000000000000 0.0000000000000000 0.0000000000000000
0.0000000000000000 0.0000000000000000 0.0000000000000000 0.0000000000000000 0.0000000000000000 0.0000000000000000
0.0000000000000000 0.0000000000000000 0.0000000000000000 0.0000000000000000 0.0000000000000000 0.0000000000000000
0.0000000000000000 0.0000000000000000 0.0000000000000000 0.0000000000000000 0.0000000000000000 0.0000000000000000
0.0000000000000000 0.0000000000000000 0.0000000000000000 0.0000000000000000 0.0000000000000000 0.0000000000000000
0.0000000000000000 0.0000000000000000 0.0000000000000000 0.0000000000000000 0.0000000000000000 0.0000000000000000
0.0000000000000000 0.0000000000000000 0.0000000000000000 0.0000000000000000 0.0000000000000000 0.0000000000000000
0.0000000000000000 0.0000000000000000 0.0000000000000000 0.0000000000000000 0.0000000000000000 0.0000000000000000
0.0000000000000000 0.0000000000000000 0.0000000000000000 0.0000000000000000 0.0000000000000000 0.0000000000000000
0.0000000000000000 0.0000000000000000 0.0000000000000000 0.0000000000000000 0.0000000000000000 0.0000000000000000
0.0000000000000000 0.0000000000000000 0.0000000000000000 0.0000000000000000 0.0000000000000000 0.0000000000000000
0.0000000000000000 0.0000000000000000 0.0000000000000000 0.0000000000000000 0.0000000000000000 0.0000000000000000
0.0000000000000000 0.0000000000000000 0.0000000000000000 0.0000000000000000 0.0000000000000000 0.0000000000000000
0.0000000000000000 0.0000000000000000 0.0000000000000000 0.0000000000000000 0.0000000000000000 0.0000000000000000
0.0000000000000000 0.0000000000000000 0.0000000000000000 0.0000000000000000 0.0000000000000000 0.0000000000000000
0.0000000000000000 0.0000000000000000 0.0000000000000000 0.0000000000000000 0.0000000000000000 0.0000000000000000
0.0000000000000000 0.0000000000000000 0.0000000000000000 0.0000000000000000 0.0000000000000000 0.0000000000000000
0.0000000000000000 0.0000000000000000 0.0000000000000000 0.0000000000000000 0.0000000000000000 0.0000000000000000
0.0000000000000000 0.0000000000000000 0.0000000000000000 0.0000000000000000 0.0000000000000000 0.0000000000000000
0.0000000000000000 0.0000000000000000 0.0000000000000000 0.0000000000000000 0.0000000000000000 0.0000000000000000
0.0000000000000000 0.0000000000000000 0.0000000000000000 0.0000000000000000 0.0000000000000000 0.0000000000000000
0.0000000000000000 0.0000000000000000 0.0000000000000000 0.0000000000000000 0.0000000000000000 0.0000000000000000
0.0000000000000000 0.0000000000000000 0.0000000000000000 0.0000000000000000 0.0000000000000000 0.0000000000000000
0.0000000000000000 0.0000000000000000 0.0000000000000000 0.0000000000000000 0.0000000000000000 0.0000000000000000
0.0000000000000000 0.0000000000000000 0.0000000000000000 0.0000000000000000 0.0000000000000000 0.0000000000000000
0.0000000000000000 0.0000000000000000 0.0000000000000000 0.0000000000000000 0.0000000000000000 0.0000000000000000
0.0000000000000000 0.0000000000000000 0.0000000000000000 0.0000000000000000 0.0000000000000000 0.0000000000000000
0.0000000000000000 0.0000000000000000 0.0000000000000000 0.0000000000000000 0.0000000000000000 0.0000000000000000
0.0000000000000000 0.0000000000000000 0.0000000000000000 0.0000000000000000 0.0000000000000000 0.0000000000000000
0.0000000000000000 0.0000000000000000 0.0000000000000000 0.0000000000000000 0.0000000000000000 0.0000000000000000
0.0000000000000000 0.0000000000000000 0.0000000000000000 0.0000000000000000 0.0000000000000000 0.0000000000000000
0.0000000000000000 0.0000000000000000 0.0000000000000000 0.0000000000000000 0.0000000000000000 0.0000000000000000
0.0000000000000000 0.0000000000000000 0.0000000000000000 0.0000000000000000 0.0000000000000000 0.0000000000000000
1.0000000000000000 1.0000000000000000 1.0000000000000000 1.0000000000000000 0
1.0000000000000000 1.0000000000000000 1.0000000000000000 1.0000000000000000 0
1.0000000000000000 1.0000000000000000 1.0000000000000000 1.0000000000000000 0
1.0000000000000000 1.0000000000000000 1.0000000000000000 1.0000000000000000 0
1.0000000000000000 1.0000000000000000 1.0000000000000000 1.0000000000000000 0
1.0000000000000000 1.0000000000000000 1.0000000000000000 1.0000000000000000 0
1.0000000000000000 1.0000000000000000 1.0000000000000000 1.0000000000000000 0
1.0000000000000000 1.0000000000000000 1.0000000000000000 1.0000000000000000 0
1.0000000000000000 1.0000000000000000 1.0000000000000000 1.0000000000000000 0
1.0000000000000000 1.0000000000000000 1.0000000000000000 1.0000000000000000 0
1.0000000000000000 1.0000000000000000 1.0000000000000000 1.0000000000000000 0
1.0000000000000000 1.0000000000000000 1.0000000000000000 1.0000000000000000 0
1.0000000000000000 1.0000000000000000 1.0000000000000000 1.0000000000000000 0
1.0000000000000000 1.0000000000000000 1.0000000000000000 1.0000000000000000 0
1.0000000000000000 1.0000000000000000 1.0000000000000000 1.0000000000000000 0
1.0000000000000000 1.0000000000000000 1.0000000000000000 1.0000000000000000 0
1.0000000000000000 1.0000000000000000 1.0000000000000000 1.0000000000000000 0
1.0000000000000000 1.0000000000000000 1.0000000000000000 1.0000000000000000 0
1.0000000000000000 1.0000000000000000 1.0000000000000000 1.0000000000000000 0
1.0000000000000000 1.0000000000000000 1.0000000000000000 1.0000000000000000 0
1.0000000000000000 1.0000000000000000 1.0000000000000000 1.0000000000000000 0
1.0000000000000000 1.0000000000000000 1.0000000000000000 1.0000000000000000 0
1.0000000000000000 1.0000000000000000 1.0000000000000000 1.0000000000000000 0
1.0000000000000000 1.0000000000000000 1.0000000000000000 1.0000000000000000 0
1.0000000000000000 1.0000000000000000 1.0000000000000000 1.0000000000000000 0
1.0000000000000000 1.0000000000000000 1.0000000000000000 1.0000000000000000 0
1.0000000000000000 1.0000000000000000 1.0000000000000000 1.0000000000000000 0
1.0000000000000000 1.0000000000000000 1.0000000000000000 1.0000000000000000 0
1.0000000000000000 1.0000000000000000 1.0000000000000000 1.0000000000000000 0
1.0000000000000000 1.0000000000000000 1.0000000000000000 1.0000000000000000 0
1.0000000000000000 1.0000000000000000 1.0000000000000000 1.0000000000000000 0
1.0000000000000000 1.0000000000000000 1.0000000000000000 1.0000000000000000 0
1.0000000000000000 1.0000000000000000 1.0000000000000000 1.0000000000000000 0
1.0000000000000000 1.0000000000000000 1.0000000000000000 1.0000000000000000 0
1.0000000000000000 1.0000000000000000 1.0000000000000000 1.0000000000000000 0
1.0000000000000000 1.0000000000000000 1.0000000000000000 1.0000000000000000 0
1.0000000000000000 1.0000000000000000 1.0000000000000000 1.0000000000000000 0
1.0000000000000000 1.0000000000000000 1.0000000000000000 1.0000000000000000 0
1.0000000000000000 1.0000000000000000 1.0000000000000000 1.0000000000000000 0
1.0000000000000000 1.0000000000000000 1.0000000000000000 1.0000000000000000 0
1.0000000000000000 1.0000000000000000 1.0000000000000000 1.0000000000000000 0
1.0000000000000000 1.0000000000000000 1.0000000000000000 1.0000000000000000 0
1.0000000000000000 1.0000000000000000 1.0000000000000000 1.0000000000000000 0
1.0000000000000000 1.0000000000000000 1.0000000000000000 1.0000000000000000 0
1.0000000000000000 1.0000000000000000 1.0000000000000000 1.0000000000000000 0
1.0000000000000000 1.0000000000000000 1.0000000000000000 1.0000000000000000 0
1.0000000000000000 1.0000000000000000 1.0000000000000000 1.0000000000000000 0
1.0000000000000000 1.0000000000000000 1.0000000000000000 1.0000000000000000 0
1.0000000000000000 1.0000000000000000 1.0000000000000000 1.0000000000000000 0
1.0000000000000000 1.0000000000000000 1.0000000000000000 1.0000000000000000 0
1.0000000000000000 1.0000000000000000 1.0000000000000000 1.0000000000000000 0
1.0000000000000000 1.0000000000000000 1.0000000000000000 1.0000000000000000 0
1.0000000000000000 1.0000000000000000 1.0000000000000000 1.0000000000000000 0
1.0000000000000000 1.0000000000000000 1.0000000000000000 1.0000000000000000 0
1.0000000000000000 1.0000000000000000 1.0000000000000000 1.0000000000000000 0
1.0000000000000000 1.0000000000000000 1.0000000000000000 1.0000000000000000 0
1.0000000000000000 1.0000000000000000 1.0000000000000000 1.0000000000000000 0
1.0000000000000000 1.0000000000000000 1.0000000000000000 1.0000000000000000 0
1.0000000000000000 1.0000000000000000 1.0000000000000000 1.0000000000000000 0
1.0000000000000000 1.0000000000000000 1.0000000000000000 1.0000000000000000 0
1.0000000000000000 1.0000000000000000 1.0000000000000000 1.0000000000000000 0
1.0000000000000000 1.0000000000000000 1.0000000000000000 1.0000000000000000 0
1.0000000000000000 1.0000000000000000 1.0000000000000000 1.0000000000000000 0
1.0000000000000000 1.0000000000000000 1.0000000000000000 1.0000000000000000 0
0.0000000000000000 0.0000000000000000 0.0000000000000000 0.0000000000000000 0.0000000000000000 0.0000000000000000
0.0000000000000000 0.0000000000000000 0.0000000000000000 0.0000000000000000 0.0000000000000000 0.0000000000000000
0.0000000000000000 0.0000000000000000 0.0000000000000000 0.0000000000000000 0.0000000000000000 0.0000000000000000
0.0000000000000000 0.0000000000000000 0.0000000000000000 0.0000000000000000 0.0000000000000000 0.0000000000000000
0.0000000000000000 0.0000000000000000 0.0000000000000000 0.0000000000000000 0.0000000000000000 0.0000000000000000
0.0000000000000000 0.0000000000000000 0.0000000000000000 0.0000000000000000 0.0000000000000000 0.0000000000000000
0.0000000000000000 0.0000000000000000 0.0000000000000000 0.0000000000000000 0.0000000000000000 0.0000000000000000
0.0000000000000000 0.0000000000000000 0.0000000000000000 0.0000000000000000 0.0000000000000000 0.0000000000000000
0.0000000000000000 0.0000000000000000 0.0000000000000000 0.0000000000000000 0.0000000000000000 0.0000000000000000
0.0000000000000000 0.0000000000000000 0.0000000000000000 0.0000000000000000 0.0000000000000000 0.0000000000000000
0.0000000000000000 0.0000000000000000 0.0000000000000000 0.0000000000000000 0.0000000000000000 0.0000000000000000
0.0000000000000000 0.0000000000000000 0.0000000000000000 0.0000000000000000 0.0000000000000000 0.0000000000000000
0.0000000000000000 0.0000000000000000 0.0000000000000000 0.0000000000000000 0.0000000000000000 0.0000000000000000
0.0000000000000000 0.0000000000000000 0.0000000000000000 0.0000000000000000 0.0000000000000000 0.0000000000000000
0.0000000000000000 0.0000000000000000 0.0000000000000000 0.0000000000000000 0.0000000000000000 0.0000000000000000
0.0000000000000000 0.0000000000000000 0.0000000000000000 0.0000000000000000 0.0000000000000000 0.0000000000000000
0.0000000000000000 0.0000000000000000 0.0000000000000000 0.0000000000000000 0.0000000000000000 0.0000000000000000
0.0000000000000000 0.0000000000000000 0.0000000000000000 0.0000000000000000 0.0000000000000000 0.0000000000000000
0.0000000000000000 0.0000000000000000 0.0000000000000000 0.0000000000000000 0.0000000000000000 0.0000000000000000
0.0000000000000000 0.0000000000000000 0.0000000000000000 0.0000000000000000 0.0000000000000000 0.0000000000000000
0.0000000000000000 0.0000000000000000 0.0000000000000000 0.0000000000000000 0.0000000000000000 0.0000000000000000
0.0000000000000000 0.0000000000000000 0.0000000000000000 0.0000000000000000 0.0000000000000000 0.0000000000000000
0.0000000000000000 0.0000000000000000 0.0000000000000000 0.0000000000000000 0.0000000000000000 0.0000000000000000
0.0000000000000000 0.0000000000000000 0.0000000000000000 0.0000000000000000 0.0000000000000000 0.0000000000000000
0.0000000000000000 0.0000000000000000 0.0000000000000000 0.0000000000000000 0.0000000000000000 0.0000000000000000
0.0000000000000000 0.0000000000000000 0.0000000000000000 0.0000000000000000 0.0000000000000000 0.0000000000000000
0.0000000000000000 0.0000000000000000 0.0000000000000000 0.0000000000000000 0.0000000000000000 0.0000000000000000
0.0000000000000000 0.0000000000000000 0.0000000000000000 0.0000000000000000 0.0000000000000000 0.0000000000000000
0.0000000000000000 0.0000000000000000 0.0000000000000000 0.0000000000000000 0.0000000000000000 0.0000000000000000
0.0000000000000000 0.0000000000000000 0.0000000000000000 0.0000000000000000 0.0000000000000000 0.0000000000000000
0.0000000000000000 0.0000000000000000 0.0000000000000000 0.0000000000000000 0.0000000000000000 0.0000000000000000
0.0000000000000000 0.0000000000000000 0.0000000000000000 0.0000000000000000 0.0000000000000000 0.0000000000000000
0.0000000000000000 0.0000000000000000 0.0000000000000000 0.0000000000000000 0.0000000000000000 0.0000000000000000
0.0000000000000000 0.0000000000000000 0.0000000000000000 0.0000000000000000 0.0000000000000000 0.0000000000000000
0.0000000000000000 0.0000000000000000 0.0000000000000000 0.0000000000000000 0.0000000000000000 0.0000000000000000
0.0000000000000000 0.0000000000000000 0.0000000000000000 0.0000000000000000 0.0000000000000000 0.0000000000000000
0.0000000000000000 0.0000000000000000 0.0000000000000000 0.0000000000000000 0.0000000000000000 0.0000000000000000
0.0000000000000000 0.0000000000000000 0.0000000000000000 0.0000000000000000 0.0000000000000000 0.0000000000000000
0.0000000000000000 0.0000000000000000 0.0000000000000000 0.0000000000000000 0.0000000000000000 0.0000000000000000
0.0000000000000000 0.0000000000000000 0.0000000000000000 0.0000000000000000 0.0000000000000000 0.0000000000000000
0.0000000000000000 0.0000000000000000 0.0000000000000000 0.0000000000000000 0.0000000000000000 0.0000000000000000
0.0000000000000000 0.0000000000000000 0.0000000000000000 0.0000000000000000 0.0000000000000000 0.0000000000000000
0.0000000000000000 0.0000000000000000 0.0000000000000000 0.0000000000000000 0.0000000000000000 0.0000000000000000
0.0000000000000000 0.0000000000000000 0.0000000000000000 0.0000000000000000 0.0000000000000000 0.0000000000000000
0.0000000000000000 0.0000000000000000 0.0000000000000000 0.0000000000000000 0.0000000000000000 0.0000000000000000
0.0000000000000000 0.0000000000000000 0.0000000000000000 0.0000000000000000 0.0000000000000000 0.0000000000000000
0.0000000000000000 0.0000000000000000 0.0000000000000000 0.0000000000000000 0.0000000000000000 0.0000000000000000
0.0000000000000000 0.0000000000000000 0.0000000000000000 0.0000000000000000 0.0000000000000000 0.0000000000000000
0.0000000000000000 0.0000000000000000 0.0000000000000000 0.0000000000000000 0.0000000000000000 0.0000000000000000
0.0000000000000000 0.0000000000000000 0.0000000000000000 0.0000000000000000 0.0000000000000000 0.0000000000000000
0.0000000000000000 0.0000000000000000 0.0000000000000000 0.0000000000000000 0.0000000000000000 0.0000000000000000
0.0000000000000000 0.0000000000000000 0.0000000000000000 0.0000000000000000 0.0000000000000000 0.0000000000000000
0.0000000000000000 0.0000000000000000 0.0000000000000000 0.0000000000000000 0.0000000000000000 0.0000000000000000
0.0000000000000000 0.0000000000000000 0.0000000000000000 0.0000000000000000 0.0000000000000000 0.0000000000000000
0.0000000000000000 0.0000000000000000 0.0000000000000000 0.0000000000000000 0.0000000000000000 0.0000000000000000
0.0000000000000000 0.0000000000000000 0.0000000000000000 0.0000000000000000 0.0000000000000000 0.0000000000000000
0.0000000000000000 0.0000000000000000 0.0000000000000000 0.0000000000000000 0.0000000000000000 0.0000000000000000
0.0000000000000000 0.0000000000000000 0.0000000000000000 0.0000000000000000 0.0000000000000000 0.0000000000000000
0.0000000000000000 0.0000000000000000 0.0000000000000000 0.0000000000000000 0.0000000000000000 0.0000000000000000
0.0000000000000000 0.0000000000000000 0.0000000000000000 0.0000000000000000 0.0000000000000000 0.0000000000000000
0.0000000000000000 0.0000000000000000 0.0000000000000000 0.0000000000000000 0.0000000000000000 0.0000000000000000
0.0000000000000000 0.0000000000000000 0.0000000000000000 0.0000000000000000 0.0000000000000000 0.0000000000000000
0.0000000000000000 0.0000000000000000 0.0000000000000000 0.0000000000000000 0.0000000000000000 0.0000000000000000
0.0000000000000000 0.0000000000000000 0.0000000000000000 0.0000000000000000 0.0000000000000000 0.0000000000000000
0.0000000000000000 0.0000000000000000 0.0000000000000000 0.0000000000000000 0.0000000000000000 0.0000000000000000
0.0000000000000000 0.0000000000000000 0.0000000000000000 0.0000000000000000 0.0000000000000000 0.0000000000000000
0.0000000000000000 0.0000000000000000 0.0000000000000000 0.0000000000000000 0.0000000000000000 0.0000000000000000
0.0000000000000000 0.0000000000000000 0.0000000000000000 0.0000000000000000 0.0000000000000000 0.0000000000000000
0.0000000000000000 0.0000000000000000 0.0000000000000000 0.0000000000000000 0.0000000000000000 0.0000000000000000
0.0000000000000000 0.0000000000000000 0.0000000000000000 0.0000000000000000 0.0000000000000000 0.0000000000000000
0.0000000000000000 0.0000000000000000 0.0000000000000000 0.0000000000000000 0.0000000000000000 0.0000000000000000
0.0000000000000000 0.0000000000000000 0.0000000000000000 0.0000000000000000 0.0000000000000000 0.0000000000000000
0.0000000000000000 0.0000000000000000 0.0000000000000000 0.0000000000000000 0.0000000000000000 0.0000000000000000
0.0000000000000000 0.0000000000000000 0.0000000000000000 0.0000000000000000 0.0000000000000000 0.0000000000000000
0.0000000000000000 0.0000000000000000 0.0000000000000000 0.0000000000000000 0.0000000000000000 0.0000000000000000
0.0000000000000000 0.0000000000000000 0.0000000000000000 0.0000000000000000 0.0000000000000000 0.0000000000000000
0.0000000000000000 0.0000000000000000 0.0000000000000000 0.0000000000000000 0.0000000000000000 0.0000000000000000
0.0000000000000000 0.0000000000000000 0.0000000000000000 0.0000000000000000 0.0000000000000000 0.0000000000000000
0.0000000000000000 0.0000000000000000 0.0000000000000000 0.0000000000000000 0.0000000000000000 0.0000000000000000
0.0000000000000000 0.0000000000000000 0.0000000000000000 0.0000000000000000 0.0000000000000000 0.0000000000000000
0.0000000000000000 0.0000000000000000 0.0000000000000000 0.0000000000000000 0.0000000000000000 0.0000000000000000
0.0000000000000000 0.0000000000000000 0.0000000000000000 0.0000000000000000 0.0000000000000000 0.0000000000000000
0.0000000000000000 0.0000000000000000 0.0000000000000000 0.0000000000000000 0.0000000000000000 0.0000000000000000
0.0000000000000000 0.0000000000000000 0.0000000000000000 0.0000000000000000 0.0000000000000000 0.0000000000000000
0.0000000000000000 0.0000000000000000 0.0000000000000000 0.0000000000000000 0.0000000000000000 0.0000000000000000
0.0000000000000000 0.0000000000000000 0.0000000000000000 0.0000000000000000 0.0000000000000000 0.0000000000000000
0.0000000000000000 0.0000000000000000 0.0000000000000000 0.0000000000000000 0.0000000000000000 0.0000000000000000
0.0000000000000000 0.0000000000000000 0.0000000000000000 0.0000000000000000 0.0000000000000000 0.0000000000000000
0.0000000000000000 0.0000000000000000 0.0000000000000000 0.0000000000000000 0.0000000000000000 0.0000000000000000
0.0000000000000000 0.0000000000000000 0.0000000000000000 0.0000000000000000 0.0000000000000000 0.0000000000000000
0.0000000000000000 0.0000000000000000 0.0000000000000000 0.0000000000000000 0.0000000000000000 0.0000000000000000
0.0000000000000000 0.0000000000000000 0.0000000000000000 0.0000000000000000 0.0000000000000000 0.0000000000000000
0.0000000000000000 0.0000000000000000 0.0000000000000000 0.0000000000000000 0.0000000000000000 0.0000000000000000
0.0000000000000000 0.0000000000000000 0.0000000000000000 0.0000000000000000 0.0000000000000000 0.0000000000000000
0.0000000000000000 0.0000000000000000 0.0000000000000000 0.0000000000000000 0.0000000000000000 0.0000000000000000
0.0000000000000000 0.0000000000000000 0.0000000000000000 0.0000000000000000 0.0000000000000000 0.0000000000000000
0.0000000000000000 0.0000000000000000 0.0000000000000000 0.0000000000000000 0.0000000000000000 0.0000000000000000
0.0000000000000000 0.0000000000000000 0.0000000000000000 0.0000000000000000 0.0000000000000000 0.0000000000000000
0.0000000000000000 0.0000000000000000 0.0000000000000000 0.0000000000000000 0.0000000000000000 0.0000000000000000
0.0000000000000000 0.0000000000000000 0.0000000000000000 0.0000000000000000 0.0000000000000000 0.0000000000000000
0.0000000000000000 0.0000000000000000 0.0000000000000000 0.0000000000000000 0.0000000000000000 0.0000000000000000
0.0000000000000000 0.0000000000000000 0.0000000000000000 0.0000000000000000 0.0000000000000000 0.0000000000000000
0.0000000000000000 0.0000000000000000 0.0000000000000000 0.0000000000000000 0.0000000000000000 0.0000000000000000
0.0000000000000000 0.0000000000000000 0.0000000000000000 0.0000000000000000 0.0000000000000000 0.0000000000000000
0.0000000000000000 0.0000000000000000 0.0000000000000000 0.0000000000000000 0.0000000000000000 0.0000000000000000
0.0000000000000000 0.0000000000000000 0.0000000000000000 0.0000000000000000 0.0000000000000000 0.0000000000000000
0.0000000000000000 0.0000000000000000 0.0000000000000000 0.0000000000000000 0.0000000000000000 0.0000000000000000
0.0000000000000000 0.0000000000000000 0.0000000000000000 0.0000000000000000 0.0000000000000000 0.0000000000000000
0.0000000000000000 0.0000000000000000 0.0000000000000000 0.0000000000000000 0.0000000000000000 0.0000000000000000
0.0000000000000000 0.0000000000000000 0.0000000000000000 0.0000000000000000 0.0000000000000000 0.0000000000000000
0.0000000000000000 0.0000000000000000 0.0000000000000000 0.0000000000000000 0.0000000000000000 0.0000000000000000
0.0000000000000000 0.0000000000000000 0.0000000000000000 0.0000000000000000 0.0000000000000000 0.0000000000000000
0.0000000000000000 0.0000000000000000 0.0000000000000000 0.0000000000000000 0.0000000000000000 0.0000000000000000
0.0000000000000000 0.0000000000000000 0.0000000000000000 0.0000000000000000 0.0000000000000000 0.0000000000000000
0.0000000000000000 0.0000000000000000 0.0000000000000000 0.0000000000000000 0.0000000000000000 0.0000000000000000
0.0000000000000000 0.0000000000000000 0.0000000000000000 0.0000000000000000 0.0000000000000000 0.0000000000000000
0.0000000000000000 0.0000000000000000 0.0000000000000000 0.0000000000000000 0.0000000000000000 0.0000000000000000
0.0000000000000000 0.0000000000000000 0.0000000000000000 0.0000000000000000 0.0000000000000000 0.0000000000000000
0.0000000000000000 0.0000000000000000 0.0000000000000000 0.0000000000000000 0.0000000000000000 0.0000000000000000
0.0000000000000000 0.0000000000000000 0.0000000000000000 0.0000000000000000 0.0000000000000000 0.0000000000000000
0.0000000000000000 0.0000000000000000 0.0000000000000000 0.0000000000000000 0.0000000000000000 0.0000000000000000
0.0000000000000000 0.0000000000000000 0.0000000000000000 0.0000000000000000 0.0000000000000000 0.0000000000000000
0.0000000000000000 0.0000000000000000 0.0000000000000000 0.0000000000000000 0.0000000000000000 0.0000000000000000
0.0000000000000000 0.0000000000000000 0.0000000000000000 0.0000000000000000 0.0000000000000000 0.0000000000000000
0.0000000000000000 0.0000000000000000 0.0000000000000000 0.0000000000000000 0.0000000000000000 0.0000000000000000
0.0000000000000000 0.0000000000000000 0.0000000000000000 0.0000000000000000 0.0000000000000000 0.0000000000000000
0.0000000000000000 0.0000000000000000 0.0000000000000000 0.0000000000000000 0.0000000000000000 0.0000000000000000
0.0000000000000000 0.0000000000000000 0.0000000000000000 0.0000000000000000 0.0000000000000000 0.0000000000000000
1.0000000000000000 1.0000000000000000 1.0000000000000000 1.0000000000000000 0
1.0000000000000000 1.0000000000000000 1.0000000000000000 1.0000000000000000 0
1.0000000000000000 1.0000000000000000 1.0000000000000000 1.0000000000000000 0
1.0000000000000000 1.0000000000000000 1.0000000000000000 1.0000000000000000 0
1.0000000000000000 1.0000000000000000 1.0000000000000000 1.0000000000000000 0
1.0000000000000000 1.0000000000000000 1.0000000000000000 1.0000000000000000 0
1.0000000000000000 1.0000000000000000 1.0000000000000000 1.0000000000000000 0
1.0000000000000000 1.0000000000000000 1.0000000000000000 1.0000000000000000 0
1.0000000000000000 1.0000000000000000 1.0000000000000000 1.0000000000000000 0
1.0000000000000000 1.0000000000000000 1.0000000000000000 1.0000000000000000 0
1.0000000000000000 1.0000000000000000 1.0000000000000000 1.0000000000000000 0
1.0000000000000000 1.0000000000000000 1.0000000000000000 1.0000000000000000 0
1.0000000000000000 1.0000000000000000 1.0000000000000000 1.0000000000000000 0
1.0000000000000000 1.0000000000000000 1.0000000000000000 1.0000000000000000 0
1.0000000000000000 1.0000000000000000 1.0000000000000000 1.0000000000000000 0
1.0000000000000000 1.0000000000000000 1.0000000000000000 1.0000000000000000 0
1.0000000000000000 1.0000000000000000 1.0000000000000000 1.0000000000000000 0
1.0000000000000000 1.0000000000000000 1.0000000000000000 1.0000000000000000 0
1.0000000000000000 1.0000000000000000 1.0000000000000000 1.0000000000000000 0
1.0000000000000000 1.0000000000000000 1.0000000000000000 1.0000000000000000 0
1.0000000000000000 1.0000000000000000 1.0000000000000000 1.0000000000000000 0
1.0000000000000000 1.0000000000000000 1.0000000000000000 1.0000000000000000 0
1.0000000000000000 1.0000000000000000 1.0000000000000000 1.0000000000000000 0
1.0000000000000000 1.0000000000000000 1.0000000000000000 1.0000000000000000 0
1.0000000000000000 1.0000000000000000 1.0000000000000000 1.0000000000000000 0
1.0000000000000000 1.0000000000000000 1.0000000000000000 1.0000000000000000 0
1.0000000000000000 1.0000000000000000 1.0000000000000000 1.0000000000000000 0
1.0000000000000000 1.0000000000000000 1.0000000000000000 1.0000000000000000 0
1.0000000000000000 1.0000000000000000 1.0000000000000000 1.0000000000000000 0
1.0000000000000000 1.0000000000000000 1.0000000000000000 1.0000000000000000 0
1.0000000000000000 1.0000000000000000 1.0000000000000000 1.0000000000000000 0
1.0000000000000000 1.0000000000000000 1.0000000000000000 1.0000000000000000 0
1.0000000000000000 1.0000000000000000 1.0000000000000000 1.0000000000000000 0
1.0000000000000000 1.0000000000000000 1.0000000000000000 1.0000000000000000 0
1.0000000000000000 1.0000000000000000 1.0000000000000000 1.0000000000000000 0
1.0000000000000000 1.0000000000000000 1.0000000000000000 1.0000000000000000 0
1.0000000000000000 1.0000000000000000 1.0000000000000000 1.0000000000000000 0
1.0000000000000000 1.0000000000000000 1.0000000000000000 1.0000000000000000 0
1.0000000000000000 1.0000000000000000 1.0000000000000000 1.0000000000000000 0
1.0000000000000000 1.0000000000000000 1.0000000000000000 1.0000000000000000 0
1.0000000000000000 1.0000000000000000 1.0000000000000000 1.0000000000000000 0
1.0000000000000000 1.0000000000000000 1.0000000000000000 1.0000000000000000 0
1.0000000000000000 1.0000000000000000 1.0000000000000000 1.0000000000000000 0
1.0000000000000000 1.0000000000000000 1.0000000000000000 1.0000000000000000 0
1.0000000000000000 1.0000000000000000 1.0000000000000000 1.0000000000000000 0
1.0000000000000000 1.0000000000000000 1.0000000000000000 1.0000000000000000 0
1.0000000000000000 1.0000000000000000 1.0000000000000000 1.0000000000000000 0
1.0000000000000000 1.0000000000000000 1.0000000000000000 1.0000000000000000 0
1.0000000000000000 1.0000000000000000 1.0000000000000000 1.0000000000000000 0
1.0000000000000000 1.0000000000000000 1.0000000000000000 1.0000000000000000 0
1.0000000000000000 1.0000000000000000 1.0000000000000000 1.0000000000000000 0
1.0000000000000000 1.0000000000000000 1.0000000000000000 1.0000000000000000 0
1.0000000000000000 1.0000000000000000 1.0000000000000000 1.0000000000000000 0
1.0000000000000000 1.0000000000000000 1.0000000000000000 1.0000000000000000 0
1.0000000000000000 1.0000000000000000 1.0000000000000000 1.0000000000000000 0
1.0000000000000000 1.0000000000000000 1.0000000000000000 1.0000000000000000 0
1.0000000000000000 1.0000000000000000 1.0000000000000000 1.0000000000000000 0
1.0000000000000000 1.0000000000000000 1.0000000000000000 1.0000000000000000 0
1.0000000000000000 1.0000000000000000 1.0000000000000000 1.0000000000000000 0
1.0000000000000000 1.0000000000000000 1.0000000000000000 1.0000000000000000 0
1.0000000000000000 1.0000000000000000 1.0000000000000000 1.0000000000000000 0
1.0000000000000000 1.0000000000000000 1.0000000000000000 1.0000000000000000 0
1.0000000000000000 1.0000000000000000 1.0000000000000000 1.0000000000000000 0
1.0000000000000000 1.0000000000000000 1.0000000000000000 1.0000000000000000 0
0.0000000000000000 0.0000000000000000 0.0000000000000000 0.0000000000000000 0.0000000000000000 0.0000000000000000
0.0000000000000000 0.0000000000000000 0.0000000000000000 0.0000000000000000 0.0000000000000000 0.0000000000000000
0.0000000000000000 0.0000000000000000 0.0000000000000000 0.0000000000000000 0.0000000000000000 0.0000000000000000
0.0000000000000000 0.0000000000000000 0.0000000000000000 0.0000000000000000 0.0000000000000000 0.0000000000000000
0.0000000000000000 0.0000000000000000 0.0000000000000000 0.0000000000000000 0.0000000000000000 0.0000000000000000
0.0000000000000000 0.0000000000000000 0.0000000000000000 0.0000000000000000 0.0000000000000000 0.0000000000000000
0.0000000000000000 0.0000000000000000 0.0000000000000000 0.0000000000000000 0.0000000000000000 0.0000000000000000
0.0000000000000000 0.0000000000000000 0.0000000000000000 0.0000000000000000 0.0000000000000000 0.0000000000000000
0.1000000089406967 0.1000000089406967 0.1000000089406967 0.1000000089406967 0.1000000089406967 0.1000000089406967
0.0000000000000000 0.0000000000000000 0.0000000000000000 0.0000000000000000 0.0000000000000000 0.0000000000000000
0.0000000000000000 0.0000000000000000 0.0000000000000000 0.0000000000000000 0.0000000000000000 0.0000000000000000
0.1000000163912773 0.1000000163912773 0.1000000163912773 0.1000000163912773 0.1000000163912773 0.1000000163912773
0.0000000000000000 0.0000000000000000 0.0000000000000000 0.0000000000000000 0.0000000000000000 0.0000000000000000
0.0000000000000000 0.0000000000000000 0.0000000000000000 0.0000000000000000 0.0000000000000000 0.0000000000000000
0.1000000089406967 0.1000000089406967 0.1000000089406967 0.1000000089406967 0.1000000089406967 0.1000000089406967
0.0000000000000000 0.0000000000000000 0.0000000000000000 0.0000000000000000 0.0000000000000000 0.0000000000000000
0.0000000000000000 0.0000000000000000 0.0000000000000000 0.0000000000000000 0.0000000000000000 0.0000000000000000
0.0000000000000000 0.0000000000000000 0.0000000000000000 0.0000000000000000 0.0000000000000000 0.0000000000000000
0.0000000000000000 0.0000000000000000 0.0000000000000000 0.0000000000000000 0.0000000000000000 0.0000000000000000
0.0000000000000000 0.0000000000000000 0.0000000000000000 0.0000000000000000 0.0000000000000000 0.0000000000000000
0.0000000000000000 0.0000000000000000 0.0000000000000000 0.0000000000000000 0.0000000000000000 0.0000000000000000
0.0000000000000000 0.0000000000000000 0.0000000000000000 0.0000000000000000 0.0000000000000000 0.0000000000000000
0.0000000000000000 0.0000000000000000 0.0000000000000000 0.0000000000000000 0.0000000000000000 0.0000000000000000
0.0000000000000000 0.0000000000000000 0.0000000000000000 0.0000000000000000 0.0000000000000000 0.0000000000000000
0.0000000000000000 0.0000000000000000 0.0000000000000000 0.0000000000000000 0.0000000000000000 0.0000000000000000
0.0000000000000000 0.0000000000000000 0.0000000000000000 0.0000000000000000 0.0000000000000000 0.0000000000000000
0.0000000000000000 0.0000000000000000 0.0000000000000000 0.0000000000000000 0.0000000000000000 0.0000000000000000
0.1000000089406967 0.1000000089406967 0.1000000089406967 0.1000000089406967 0.1000000089406967 0.1000000089406967
0.1000000089406967 0.1000000089406967 0.1000000089406967 0.1000000089406967 0.1000000089406967 0.1000000089406967
0.1000000163912773 0.1000000163912773 0.1000000163912773 0.1000000163912773 0.1000000163912773 0.1000000163912773
0.1000000163912773 0.1000000163912773 0.1000000163912773 0.1000000163912773 0.1000000163912773 0.1000000163912773
0.1000000163912773 0.1000000163912773 0.1000000163912773 0.1000000163912773 0.1000000163912773 0.1000000163912773
0.1000000163912773 0.1000000163912773 0.1000000163912773 0.1000000163912773 0.1000000163912773 0.1000000163912773
0.1000000089406967 0.1000000089406967 0.1000000089406967 0.1000000089406967 0.1000000089406967 0.1000000089406967
0.1000000163912773 0.1000000163912773 0.1000000163912773 0.1000000163912773 0.1000000163912773 0.1000000163912773
0.0000000000000000 0.0000000000000000 0.0000000000000000 0.0000000000000000 0.0000000000000000 0.0000000000000000
0.1000000089406967 0.1000000089406967 0.1000000089406967 0.1000000089406967 0.1000000089406967 0.1000000089406967
0.0000000000000000 0.0000000000000000 0.0000000000000000 0.0000000000000000 0.0000000000000000 0.0000000000000000
0.0000000000000000 0.0000000000000000 0.0000000000000000 0.0000000000000000 0.0000000000000000 0.0000000000000000
0.0000000000000000 0.0000000000000000 0.0000000000000000 0.0000000000000000 0.0000000000000000 0.0000000000000000
0.0000000000000000 0.0000000000000000 0.0000000000000000 0.0000000000000000 0.0000000000000000 0.0000000000000000
0.0000000000000000 0.0000000000000000 0.0000000000000000 0.0000000000000000 0.0000000000000000 0.0000000000000000
0.0000000000000000 0.0000000000000000 0.0000000000000000 0.0000000000000000 0.0000000000000000 0.0000000000000000
0.1000000163912773 0.1000000163912773 0.1000000163912773 0.1000000163912773 0.1000000163912773 0.1000000163912773
0.1000000089406967 0.1000000089406967 0.1000000089406967 0.1000000089406967 0.1000000089406967 0.1000000089406967
0.1000000163912773 0.1000000163912773 0.1000000163912773 0.1000000163912773 0.1000000163912773 0.1000000163912773
0.1000000163912773 0.1000000163912773 0.1000000163912773 0.1000000163912773 0.1000000163912773 0.1000000163912773
0.1000000238418579 0.1000000238418579 0.1000000238418579 0.1000000238418579 0.1000000238418579 0.1000000238418579
0.1000000238418579 0.1000000238418579 0.1000000238418579 0.1000000238418579 0.1000000238418579 0.1000000238418579
0.1000000163912773 0.1000000163912773 0.1000000163912773 0.1000000163912773 0.1000000163912773 0.1000000163912773
0.1000000238418579 0.1000000238418579 0.1000000238418579 0.1000000238418579 0.1000000238418579 0.1000000238418579
0.1000000089406967 0.1000000089406967 0.1000000089406967 0.1000000089406967 0.1000000089406967 0.1000000089406967
0.1000000089406967 0.1000000089406967 0.1000000089406967 0.1000000089406967 0.1000000089406967 0.1000000089406967
0.0000000000000000 0.0000000000000000 0.0000000000000000 0.0000000000000000 0.0000000000000000 0.0000000000000000
0.0000000000000000 0.0000000000000000 0.0000000000000000 0.0000000000000000 0.0000000000000000 0.0000000000000000
0.0000000000000000 0.0000000000000000 0.0000000000000000 0.0000000000000000 0.0000000000000000 0.0000000000000000
0.0000000000000000 0.0000000000000000 0.0000000000000000 0.0000000000000000 0.0000000000000000 0.0000000000000000
0.0000000000000000 0.0000000000000000 0.0000000000000000 0.0000000000000000 0.0000000000000000 0.0000000000000000
0.0000000000000000 0.0000000000000000 0.0000000000000000 0.0000000000000000 0.0000000000000000 0.0000000000000000
0.1000000163912773 0.1000000163912773 0.1000000163912773 0.1000000163912773 0.1000000163912773 0.1000000163912773
0.1000000089406967 0.1000000089406967 0.1000000089406967 0.1000000089406967 0.1000000089406967 0.1000000089406967
0.1000000238418579 0.1000000238418579 0.1000000238418579 0.1000000238418579 0.1000000238418579 0.1000000238418579
0.1000000163912773 0.1000000163912773 0.1000000163912773 0.1000000163912773 0.1000000163912773 0.1000000163912773
0.1000000238418579 0.1000000238418579 0.1000000238418579 0.1000000238418579 0.1000000238418579 0.1000000238418579
0.1000000238418579 0.1000000238418579 0.1000000238418579 0.1000000238418579 0.1000000238418579 0.1000000238418579
0.1000000163912773 0.1000000163912773 0.1000000163912773 0.1000000163912773 0.1000000163912773 0.1000000163912773
0.1000000238418579 0.1000000238418579 0.1000000238418579 0.1000000238418579 0.1000000238418579 0.1000000238418579
0.1000000089406967 0.1000000089406967 0.1000000089406967 0.1000000089406967 0.1000000089406967 0.1000000089406967
0.1000000089406967 0.1000000089406967 0.1000000089406967 0.1000000089406967 0.1000000089406967 0.1000000089406967
0.0000000000000000 0.0000000000000000 0.0000000000000000 0.0000000000000000 0.0000000000000000 0.0000000000000000
0.0000000000000000 0.0000000000000000 0.0000000000000000 0.0000000000000000 0.0000000000000000 0.0000000000000000
0.0000000000000000 0.0000000000000000 0.0000000000000000 0.0000000000000000 0.0000000000000000 0.0000000000000000
0.0000000000000000 0.0000000000000000 0.0000000000000000 0.0000000000000000 0.0000000000000000 0.0000000000000000
0.0000000000000000 0.0000000000000000 0.0000000000000000 0.0000000000000000 0.0000000000000000 0.0000000000000000
0.0000000000000000 0.0000000000000000 0.0000000000000000 0.0000000000000000 0.0000000000000000 0.0000000000000000
0.1000000089406967 0.1000000089406967 0.1000000089406967 0.1000000089406967 0.1000000089406967 0.1000000089406967
0.0000000000000000 0.0000000000000000 0.0000000000000000 0.0000000000000000 0.0000000000000000 0.0000000000000000
0.1000000163912773 0.1000000163912773 0.1000000163912773 0.1000000163912773 0.1000000163912773 0.1000000163912773
0.1000000089406967 0.1000000089406967 0.1000000089406967 0.1000000089406967 0.1000000089406967 0.1000000089406967
0.1000000163912773 0.1000000163912773 0.1000000163912773 0.1000000163912773 0.1000000163912773 0.1000000163912773
0.1000000089406967 0.1000000089406967 0.1000000089406967 0.1000000089406967 0.1000000089406967 0.1000000089406967
0.1000000089406967 0.1000000089406967 0.1000000089406967 0.1000000089406967 0.1000000089406967 0.1000000089406967
0.1000000089406967 0.1000000089406967 0.1000000089406967 0.1000000089406967 0.1000000089406967 0.1000000089406967
0.0000000000000000 0.0000000000000000 0.0000000000000000 0.0000000000000000 0.0000000000000000 0.0000000000000000
0.0000000000000000 0.0000000000000000 0.0000000000000000 0.0000000000000000 0.0000000000000000 0.0000000000000000
0.0000000000000000 0.0000000000000000 0.0000000000000000 0.0000000000000000 0.0000000000000000 0.0000000000000000
0.0000000000000000 0.0000000000000000 0.0000000000000000 0.0000000000000000 0.0000000000000000 0.0000000000000000
0.0000000000000000 0.0000000000000000 0.0000000000000000 0.0000000000000000 0.0000000000000000 0.0000000000000000
0.0000000000000000 0.0000000000000000 0.0000000000000000 0.0000000000000000 0.0000000000000000 0.0000000000000000
0.0000000000000000 0.0000000000000000 0.0000000000000000 0.0000000000000000 0.0000000000000000 0.0000000000000000
0.0000000000000000 0.0000000000000000 0.0000000000000000 0.0000000000000000 0.0000000000000000 0.0000000000000000
0.0000000000000000 0.0000000000000000 0.0000000000000000 0.0000000000000000 0.0000000000000000 0.0000000000000000
0.0000000000000000 0.0000000000000000 0.0000000000000000 0.0000000000000000 0.0000000000000000 0.0000000000000000
0.0000000000000000 0.0000000000000000 0.0000000000000000 0.0000000000000000 0.0000000000000000 0.0000000000000000
0.0000000000000000 0.0000000000000000 0.0000000000000000 0.0000000000000000 0.0000000000000000 0.0000000000000000
0.0000000000000000 0.0000000000000000 0.0000000000000000 0.0000000000000000 0.0000000000000000 0.0000000000000000
0.0000000000000000 0.0000000000000000 0.0000000000000000 0.0000000000000000 0.0000000000000000 0.0000000000000000
0.0000000000000000 0.0000000000000000 0.0000000000000000 0.0000000000000000 0.0000000000000000 0.0000000000000000
0.0000000000000000 0.0000000000000000 0.0000000000000000 0.0000000000000000 0.0000000000000000 0.0000000000000000
0.0000000000000000 0.0000000000000000 0.0000000000000000 0.0000000000000000 0.0000000000000000 0.0000000000000000
0.0000000000000000 0.0000000000000000 0.0000000000000000 0.0000000000000000 0.0000000000000000 0.0000000000000000
0.0000000000000000 0.0000000000000000 0.0000000000000000 0.0000000000000000 0.0000000000000000 0.0000000000000000
0.0000000000000000 0.0000000000000000 0.0000000000000000 0.0000000000000000 0.0000000000000000 0.0000000000000000
0.0000000000000000 0.0000000000000000 0.0000000000000000 0.0000000000000000 0.0000000000000000 0.0000000000000000
0.0000000000000000 0.0000000000000000 0.0000000000000000 0.0000000000000000 0.0000000000000000 0.0000000000000000
0.0000000000000000 0.0000000000000000 0.0000000000000000 0.0000000000000000 0.0000000000000000 0.0000000000000000
0.0000000000000000 0.0000000000000000 0.0000000000000000 0.0000000000000000 0.0000000000000000 0.0000000000000000
0.0000000000000000 0.0000000000000000 0.0000000000000000 0.0000000000000000 0.0000000000000000 0.0000000000000000
0.0000000000000000 0.0000000000000000 0.0000000000000000 0.0000000000000000 0.0000000000000000 0.0000000000000000
0.0000000000000000 0.0000000000000000 0.0000000000000000 0.0000000000000000 0.0000000000000000 0.0000000000000000
0.0000000000000000 0.0000000000000000 0.0000000000000000 0.0000000000000000 0.0000000000000000 0.0000000000000000
0.0000000000000000 0.0000000000000000 0.0000000000000000 0.0000000000000000 0.0000000000000000 0.0000000000000000
0.0000000000000000 0.0000000000000000 0.0000000000000000 0.0000000000000000 0.0000000000000000 0.0000000000000000
0.0000000000000000 0.0000000000000000 0.0000000000000000 0.0000000000000000 0.0000000000000000 0.0000000000000000
0.0000000000000000 0.0000000000000000 0.0000000000000000 0.0000000000000000 0.0000000000000000 0.0000000000000000
0.0000000000000000 0.0000000000000000 0.0000000000000000 0.0000000000000000 0.0000000000000000 0.0000000000000000
0.0000000000000000 0.0000000000000000 0.0000000000000000 0.0000000000000000 0.0000000000000000 0.0000000000000000
0.0000000000000000 0.0000000000000000 0.0000000000000000 0.0000000000000000 0.0000000000000000 0.0000000000000000
0.0000000000000000 0.0000000000000000 0.0000000000000000 0.0000000000000000 0.0000000000000000 0.0000000000000000
0.0000000000000000 0.0000000000000000 0.0000000000000000 0.0000000000000000 0.0000000000000000 0.0000000000000000
0.0000000000000000 0.0000000000000000 0.0000000000000000 0.0000000000000000 0.0000000000000000 0.0000000000000000
0.0000000000000000 0.0000000000000000 0.0000000000000000 0.0000000000000000 0.0000000000000000 0.0000000000000000
0.0000000000000000 0.0000000000000000 0.0000000000000000 0.0000000000000000 0.0000000000000000 0.0000000000000000
0.0000000000000000 0.0000000000000000 0.0000000000000000 0.0000000000000000 0.0000000000000000 0.0000000000000000
0.0000000000000000 0.0000000000000000 0.0000000000000000 0.0000000000000000 0.0000000000000000 0.0000000000000000
0.0000000000000000 0.0000000000000000 0.0000000000000000 0.0000000000000000 0.0000000000000000 0.0000000000000000
0.0000000000000000 0.0000000000000000 0.0000000000000000 0.0000000000000000 0.0000000000000000 0.0000000000000000
0.0000000000000000 0.0000000000000000 0.0000000000000000 0.0000000000000000 0.0000000000000000 0.0000000000000000
1.0000000000000000 1.0000000000000000 1.0000000000000000 1.0000000000000000 0
1.0000000000000000 1.0000000000000000 1.0000000000000000 1.0000000000000000 0
1.0000000000000000 1.0000000000000000 1.0000000000000000 1.0000000000000000 0
1.0000000000000000 1.0000000000000000 1.0000000000000000 1.0000000000000000 0
1.0000000000000000 1.0000000000000000 1.0000000000000000 1.0000000000000000 0
1.0000000000000000 1.0000000000000000 1.0000000000000000 1.0000000000000000 0
1.0000000000000000 1.0000000000000000 1.0000000000000000 1.0000000000000000 0
1.0000000000000000 1.0000000000000000 1.0000000000000000 1.0000000000000000 0
1.0000000000000000 1.0000000000000000 1.0000000000000000 1.0000000000000000 0
1.0000000000000000 1.0000000000000000 1.0000000000000000 1.0000000000000000 0
1.0000000000000000 1.0000000000000000 1.0000000000000000 1.0000000000000000 0
1.0000000000000000 1.0000000000000000 1.0000000000000000 1.0000000000000000 0
1.0000000000000000 1.0000000000000000 1.0000000000000000 1.0000000000000000 0
1.0000000000000000 1.0000000000000000 1.0000000000000000 1.0000000000000000 0
1.0000000000000000 1.0000000000000000 1.0000000000000000 1.0000000000000000 0
1.0000000000000000 1.0000000000000000 1.0000000000000000 1.0000000000000000 0
1.0000000000000000 1.0000000000000000 1.0000000000000000 1.0000000000000000 0
1.0000000000000000 1.0000000000000000 1.0000000000000000 1.0000000000000000 0
1.0000000000000000 1.0000000000000000 1.0000000000000000 1.0000000000000000 0
1.0000000000000000 1.0000000000000000 1.0000000000000000 1.0000000000000000 0
1.0000000000000000 1.0000000000000000 1.0000000000000000 1.0000000000000000 0
1.0000000000000000 1.0000000000000000 1.0000000000000000 1.0000000000000000 0
1.0000000000000000 1.0000000000000000 1.0000000000000000 1.0000000000000000 0
1.0000000000000000 1.0000000000000000 1.0000000000000000 1.0000000000000000 0
1.0000000000000000 1.0000000000000000 1.0000000000000000 1.0000000000000000 0
1.0000000000000000 1.0000000000000000 1.0000000000000000 1.0000000000000000 0
1.0000000000000000 1.0000000000000000 1.0000000000000000 1.0000000000000000 0
1.0000000000000000 1.0000000000000000 1.0000000000000000 1.0000000000000000 0
1.0000000000000000 1.0000000000000000 1.0000000000000000 1.0000000000000000 0
1.0000000000000000 1.0000000000000000 1.0000000000000000 1.0000000000000000 0
1.0000000000000000 1.0000000000000000 1.0000000000000000 1.0000000000000000 0
1.0000000000000000 1.0000000000000000 1.0000000000000000 1.0000000000000000 0
1.0000000000000000 1.0000000000000000 1.0000000000000000 1.0000000000000000 0
1.0000000000000000 1.0000000000000000 1.0000000000000000 1.0000000000000000 0
1.0000000000000000 1.0000000000000000 1.0000000000000000 1.0000000000000000 0
1.0000000000000000 1.0000000000000000 1.0000000000000000 1.0000000000000000 0
1.0000000000000000 1.0000000000000000 1.0000000000000000 1.0000000000000000 0
1.0000000000000000 1.0000000000000000 1.0000000000000000 1.0000000000000000 0
1.0000000000000000 1.0000000000000000 1.0000000000000000 1.0000000000000000 0
1.0000000000000000 1.0000000000000000 1.0000000000000000 1.0000000000000000 0
1.0000000000000000 1.0000000000000000 1.0000000000000000 1.0000000000000000 0
1.0000000000000000 1.0000000000000000 1.0000000000000000 1.0000000000000000 0
1.0000000000000000 1.0000000000000000 1.0000000000000000 1.0000000000000000 0
1.0000000000000000 1.0000000000000000 1.0000000000000000 1.0000000000000000 0
1.0000000000000000 1.0000000000000000 1.0000000000000000 1.0000000000000000 0
1.0000000000000000 1.0000000000000000 1.0000000000000000 1.0000000000000000 0
1.0000000000000000 1.0000000000000000 1.0000000000000000 1.0000000000000000 0
1.0000000000000000 1.0000000000000000 1.0000000000000000 1.0000000000000000 0
1.0000000000000000 1.0000000000000000 1.0000000000000000 1.0000000000000000 0
1.0000000000000000 1.0000000000000000 1.0000000000000000 1.0000000000000000 0
1.0000000000000000 1.0000000000000000 1.0000000000000000 1.0000000000000000 0
1.0000000000000000 1.0000000000000000 1.0000000000000000 1.0000000000000000 0
1.0000000000000000 1.0000000000000000 1.0000000000000000 1.0000000000000000 0
1.0000000000000000 1.0000000000000000 1.0000000000000000 1.0000000000000000 0
1.0000000000000000 1.0000000000000000 1.0000000000000000 1.0000000000000000 0
1.0000000000000000 1.0000000000000000 1.0000000000000000 1.0000000000000000 0
1.0000000000000000 1.0000000000000000 1.0000000000000000 1.0000000000000000 0
1.0000000000000000 1.0000000000000000 1.0000000000000000 1.0000000000000000 0
1.0000000000000000 1.0000000000000000 1.0000000000000000 1.0000000000000000 0
1.0000000000000000 1.0000000000000000 1.0000000000000000 1.0000000000000000 0
1.0000000000000000 1.0000000000000000 1.0000000000000000 1.0000000000000000 0
1.0000000000000000 1.0000000000000000 1.0000000000000000 1.0000000000000000 0
1.0000000000000000 1.0000000000000000 1.0000000000000000 1.0000000000000000 0
1.0000000000000000 1.0000000000000000 1.0000000000000000 1.0000000000000000 0
0.0000000000000000 0.0000000000000000 0.0000000000000000 0.0000000000000000 0.0000000000000000 0.0000000000000000
0.0000000000000000 0.0000000000000000 0.0000000000000000 0.0000000000000000 0.0000000000000000 0.0000000000000000
0.0000000000000000 0.0000000000000000 0.0000000000000000 0.0000000000000000 0.0000000000000000 0.0000000000000000
0.0000000000000000 0.0000000000000000 0.0000000000000000 0.0000000000000000 0.0000000000000000 0.0000000000000000
0.0000000000000000 0.0000000000000000 0.0000000000000000 0.0000000000000000 0.0000000000000000 0.0000000000000000
0.0000000000000000 0.0000000000000000 0.0000000000000000 0.0000000000000000 0.0000000000000000 0.0000000000000000
0.0000000000000000 0.0000000000000000 0.0000000000000000 0.0000000000000000 0.0000000000000000 0.0000000000000000
0.0000000000000000 0.0000000000000000 0.0000000000000000 0.0000000000000000 0.0000000000000000 0.0000000000000000
0.0000000000000000 0.0000000000000000 0.0000000000000000 0.0000000000000000 0.0000000000000000 0.0000000000000000
0.0000000000000000 0.0000000000000000 0.0000000000000000 0.0000000000000000 0.0000000000000000 0.0000000000000000
0.0000000000000000 0.0000000000000000 0.0000000000000000 0.0000000000000000 0.0000000000000000 0.0000000000000000
0.0000000000000000 0.0000000000000000 0.0000000000000000 0.0000000000000000 0.0000000000000000 0.0000000000000000
0.0000000000000000 0.0000000000000000 0.0000000000000000 0.0000000000000000 0.0000000000000000 0.0000000000000000
0.0000000000000000 0.0000000000000000 0.0000000000000000 0.0000000000000000 0.0000000000000000 0.0000000000000000
0.0000000000000000 0.0000000000000000 0.0000000000000000 0.0000000000000000 0.0000000000000000 0.0000000000000000
0.0000000000000000 0.0000000000000000 0.0000000000000000 0.0000000000000000 0.0000000000000000 0.0000000000000000
0.0000000000000000 0.0000000000000000 0.0000000000000000 0.0000000000000000 0.0000000000000000 0.0000000000000000
0.0000000000000000 0.0000000000000000 0.0000000000000000 0.0000000000000000 0.0000000000000000 0.0000000000000000
0.0000000000000000 0.0000000000000000 0.0000000000000000 0.0000000000000000 0.0000000000000000 0.0000000000000000
0.0000000000000000 0.0000000000000000 0.0000000000000000 0.0000000000000000 0.0000000000000000 0.0000000000000000
0.0000000000000000 0.0000000000000000 0.0000000000000000 0.0000000000000000 0.0000000000000000 0.0000000000000000
0.0000000000000000 0.0000000000000000 0.0000000000000000 0.0000000000000000 0.0000000000000000 0.0000000000000000
0.0000000000000000 0.0000000000000000 0.0000000000000000 0.0000000000000000 0.0000000000000000 0.0000000000000000
0.0000000000000000 0.0000000000000000 0.0000000000000000 0.0000000000000000 0.0000000000000000 0.0000000000000000
0.0000000000000000 0.0000000000000000 0.0000000000000000 0.0000000000000000 0.0000000000000000 0.0000000000000000
0.0000000000000000 0.0000000000000000 0.0000000000000000 0.0000000000000000 0.0000000000000000 0.0000000000000000
0.0000000000000000 0.0000000000000000 0.0000000000000000 0.0000000000000000 0.0000000000000000 0.0000000000000000
0.1000000089406967 0.1000000089406967 0.1000000089406967 0.1000000089406967 0.1000000089406967 0.1000000089406967
0.1000000089406967 0.1000000089406967 0.1000000089406967 0.1000000089406967 0.1000000089406967 0.1000000089406967
0.1000000163912773 0.1000000163912773 0.1000000163912773 0.1000000163912773 0.1000000163912773 0.1000000163912773
0.1000000163912773 0.1000000163912773 0.1000000163912773 0.1000000163912773 0.1000000163912773 0.1000000163912773
0.1000000089406967 0.1000000089406967 0.1000000089406967 0.1000000089406967 0.1000000089406967 0.1000000089406967
0.1000000163912773 0.1000000163912773 0.1000000163912773 0.1000000163912773 0.1000000163912773 0.1000000163912773
0.0000000000000000 0.0000000000000000 0.0000000000000000 0.0000000000000000 0.0000000000000000 0.0000000000000000
0.1000000089406967 0.1000000089406967 0.1000000089406967 0.1000000089406967 0.1000000089406967 0.1000000089406967
0.0000000000000000 0.0000000000000000 0.0000000000000000 0.0000000000000000 0.0000000000000000 0.0000000000000000
0.0000000000000000 0.0000000000000000 0.0000000000000000 0.0000000000000000 0.0000000000000000 0.0000000000000000
0.0000000000000000 0.0000000000000000 0.0000000000000000 0.0000000000000000 0.0000000000000000 0.0000000000000000
0.0000000000000000 0.0000000000000000 0.0000000000000000 0.0000000000000000 0.0000000000000000 0.0000000000000000
0.0000000000000000 0.0000000000000000 0.0000000000000000 0.0000000000000000 0.0000000000000000 0.0000000000000000
0.1000000089406967 0.1000000089406967 0.1000000089406967 0.1000000089406967 0.1000000089406967 0.1000000089406967
0.0000000000000000 0.0000000000000000 0.0000000000000000 0.0000000000000000 0.0000000000000000 0.0000000000000000
0.0000000000000000 0.0000000000000000 0.0000000000000000 0.0000000000000000 0.0000000000000000 0.0000000000000000
0.1000000163912773 0.1000000163912773 0.1000000163912773 0.1000000163912773 0.1000000163912773 0.1000000163912773
0.1000000163912773 0.1000000163912773 0.1000000163912773 0.1000000163912773 0.1000000163912773 0.1000000163912773
0.1000000163912773 0.1000000163912773 0.1000000163912773 0.1000000163912773 0.1000000163912773 0.1000000163912773
0.1000000163912773 0.1000000163912773 0.1000000163912773 0.1000000163912773 0.1000000163912773 0.1000000163912773
0.1000000163912773 0.1000000163912773 0.1000000163912773 0.1000000163912773 0.1000000163912773 0.1000000163912773
0.1000000238418579 0.1000000238418579 0.1000000238418579 0.1000000238418579 0.1000000238418579 0.1000000238418579
0.1000000089406967 0.1000000089406967 0.1000000089406967 0.1000000089406967 0.1000000089406967 0.1000000089406967
0.1000000089406967 0.1000000089406967 0.1000000089406967 0.1000000089406967 0.1000000089406967 0.1000000089406967
0.0000000000000000 0.0000000000000000 0.0000000000000000 0.0000000000000000 0.0000000000000000 0.0000000000000000
0.1000000089406967 0.1000000089406967 0.1000000089406967 0.1000000089406967 0.1000000089406967 0.1000000089406967
0.0000000000000000 0.0000000000000000 0.0000000000000000 0.0000000000000000 0.0000000000000000 0.0000000000000000
0.0000000000000000 0.0000000000000000 0.0000000000000000 0.0000000000000000 0.0000000000000000 0.0000000000000000
0.0000000000000000 0.0000000000000000 0.0000000000000000 0.0000000000000000 0.0000000000000000 0.0000000000000000
0.1000000163912773 0.1000000163912773 0.1000000163912773 0.1000000163912773 0.1000000163912773 0.1000000163912773
0.0000000000000000 0.0000000000000000 0.0000000000000000 0.0000000000000000 0.0000000000000000 0.0000000000000000
0.0000000000000000 0.0000000000000000 0.0000000000000000 0.0000000000000000 0.0000000000000000 0.0000000000000000
0.1000000163912773 0.1000000163912773 0.1000000163912773 0.1000000163912773 0.1000000163912773 0.1000000163912773
0.1000000163912773 0.1000000163912773 0.1000000163912773 0.1000000163912773 0.1000000163912773 0.1000000163912773
0.1000000238418579 0.1000000238418579 0.1000000238418579 0.1000000238418579 0.1000000238418579 0.1000000238418579
0.1000000238418579 0.1000000238418579 0.1000000238418579 0.1000000238418579 0.1000000238418579 0.1000000238418579
0.1000000238418579 0.1000000238418579 0.1000000238418579 0.1000000238418579 0.1000000238418579 0.1000000238418579
0.1000000312924385 0.1000000312924385 0.1000000312924385 0.1000000312924385 0.1000000312924385 0.1000000312924385
0.1000000089406967 0.1000000089406967 0.1000000089406967 0.1000000089406967 0.1000000089406967 0.1000000089406967
0.1000000089406967 0.1000000089406967 0.1000000089406967 0.1000000089406967 0.1000000089406967 0.1000000089406967
0.0000000000000000 0.0000000000000000 0.0000000000000000 0.0000000000000000 0.0000000000000000 0.0000000000000000
0.1000000089406967 0.1000000089406967 0.1000000089406967 0.1000000089406967 0.1000000089406967 0.1000000089406967
0.0000000000000000 0.0000000000000000 0.0000000000000000 0.0000000000000000 0.0000000000000000 0.0000000000000000
0.0000000000000000 0.0000000000000000 0.0000000000000000 0.0000000000000000 0.0000000000000000 0.0000000000000000
0.0000000000000000 0.0000000000000000 0.0000000000000000 0.0000000000000000 0.0000000000000000 0.0000000000000000
0.1000000089406967 0.1000000089406967 0.1000000089406967 0.1000000089406967 0.1000000089406967 0.1000000089406967
0.0000000000000000 0.0000000000000000 0.0000000000000000 0.0000000000000000 0.0000000000000000 0.0000000000000000
0.0000000000000000 0.0000000000000000 0.0000000000000000 0.0000000000000000 0.0000000000000000 0.0000000000000000
0.1000000163912773 0.1000000163912773 0.1000000163912773 0.1000000163912773 0.1000000163912773 0.1000000163912773
0.1000000089406967 0.1000000089406967 0.1000000089406967 0.1000000089406967 0.1000000089406967 0.1000000089406967
0.1000000238418579 0.1000000238418579 0.1000000238418579 0.1000000238418579 0.1000000238418579 0.1000000238418579
0.1000000163912773 0.1000000163912773 0.1000000163912773 0.1000000163912773 0.1000000163912773 0.1000000163912773
0.1000000163912773 0.1000000163912773 0.1000000163912773 0.1000000163912773 0.1000000163912773 0.1000000163912773
0.1000000163912773 0.1000000163912773 0.1000000163912773 0.1000000163912773 0.1000000163912773 0.1000000163912773
0.1000000089406967 0.1000000089406967 0.1000000089406967 0.1000000089406967 0.1000000089406967 0.1000000089406967
0.1000000089406967 0.1000000089406967 0.1000000089406967 0.1000000089406967 0.1000000089406967 0.1000000089406967
0.0000000000000000 0.0000000000000000 0.0000000000000000 0.0000000000000000 0.0000000000000000 0.0000000000000000
0.0000000000000000 0.0000000000000000 0.0000000000000000 0.0000000000000000 0.0000000000000000 0.0000000000000000
0.0000000000000000 0.0000000000000000 0.0000000000000000 0.0000000000000000 0.0000000000000000 0.0000000000000000
0.0000000000000000 0.0000000000000000 0.0000000000000000 0.0000000000000000 0.0000000000000000 0.0000000000000000
0.0000000000000000 0.0000000000000000 0.0000000000000000 0.0000000000000000 0.0000000000000000 0.0000000000000000
0.0000000000000000 0.0000000000000000 0.0000000000000000 0.0000000000000000 0.0000000000000000 0.0000000000000000
0.0000000000000000 0.0000000000000000 0.0000000000000000 0.0000000000000000 0.0000000000000000 0.0000000000000000
0.0000000000000000 0.0000000000000000 0.0000000000000000 0.0000000000000000 0.0000000000000000 0.0000000000000000
0.1000000089406967 0.1000000089406967 0.1000000089406967 0.1000000089406967 0.1000000089406967 0.1000000089406967
0.0000000000000000 0.0000000000000000 0.0000000000000000 0.0000000000000000 0.0000000000000000 0.0000000000000000
0.0000000000000000 0.0000000000000000 0.0000000000000000 0.0000000000000000 0.0000000000000000 0.0000000000000000
0.0000000000000000 0.0000000000000000 0.0000000000000000 0.0000000000000000 0.0000000000000000 0.0000000000000000
0.0000000000000000 0.0000000000000000 0.0000000000000000 0.0000000000000000 0.0000000000000000 0.0000000000000000
0.0000000000000000 0.0000000000000000 0.0000000000000000 0.0000000000000000 0.0000000000000000 0.0000000000000000
0.0000000000000000 0.0000000000000000 0.0000000000000000 0.0000000000000000 0.0000000000000000 0.0000000000000000
0.0000000000000000 0.0000000000000000 0.0000000000000000 0.0000000000000000 0.0000000000000000 0.0000000000000000
0.0000000000000000 0.0000000000000000 0.0000000000000000 0.0000000000000000 0.0000000000000000 0.0000000000000000
0.0000000000000000 0.0000000000000000 0.0000000000000000 0.0000000000000000 0.0000000000000000 0.0000000000000000
0.0000000000000000 0.0000000000000000 0.0000000000000000 0.0000000000000000 0.0000000000000000 0.0000000000000000
0.0000000000000000 0.0000000000000000 0.0000000000000000 0.0000000000000000 0.0000000000000000 0.0000000000000000
0.0000000000000000 0.0000000000000000 0.0000000000000000 0.0000000000000000 0.0000000000000000 0.0000000000000000
0.0000000000000000 0.0000000000000000 0.0000000000000000 0.0000000000000000 0.0000000000000000 0.0000000000000000
0.0000000000000000 0.0000000000000000 0.0000000000000000 0.0000000000000000 0.0000000000000000 0.0000000000000000
0.0000000000000000 0.0000000000000000 0.0000000000000000 0.0000000000000000 0.0000000000000000 0.0000000000000000
0.0000000000000000 0.0000000000000000 0.0000000000000000 0.0000000000000000 0.0000000000000000 0.0000000000000000
0.0000000000000000 0.0000000000000000 0.0000000000000000 0.0000000000000000 0.0000000000000000 0.0000000000000000
0.0000000000000000 0.0000000000000000 0.0000000000000000 0.0000000000000000 0.0000000000000000 0.0000000000000000
0.0000000000000000 0.0000000000000000 0.0000000000000000 0.0000000000000000 0.0000000000000000 0.0000000000000000
0.0000000000000000 0.0000000000000000 0.0000000000000000 0.0000000000000000 0.0000000000000000 0.0000000000000000
0.0000000000000000 0.0000000000000000 0.0000000000000000 0.0000000000000000 0.0000000000000000 0.0000000000000000
0.0000000000000000 0.0000000000000000 0.0000000000000000 0.0000000000000000 0.0000000000000000 0.0000000000000000
0.0000000000000000 0.0000000000000000 0.0000000000000000 0.0000000000000000 0.0000000000000000 0.0000000000000000
0.0000000000000000 0.0000000000000000 0.0000000000000000 0.0000000000000000 0.0000000000000000 0.0000000000000000
0.0000000000000000 0.0000000000000000 0.0000000000000000 0.0000000000000000 0.0000000000000000 0.0000000000000000
0.0000000000000000 0.0000000000000000 0.0000000000000000 0.0000000000000000 0.0000000000000000 0.0000000000000000
0.0000000000000000 0.0000000000000000 0.0000000000000000 0.0000000000000000 0.0000000000000000 0.0000000000000000
0.0000000000000000 0.0000000000000000 0.0000000000000000 0.0000000000000000 0.0000000000000000 0.0000000000000000
0.0000000000000000 0.0000000000000000 0.0000000000000000 0.0000000000000000 0.0000000000000000 0.0000000000000000
0.0000000000000000 0.0000000000000000 0.0000000000000000 0.0000000000000000 0.0000000000000000 0.0000000000000000
0.0000000000000000 0.0000000000000000 0.0000000000000000 0.0000000000000000 0.0000000000000000 0.0000000000000000
0.0000000000000000 0.0000000000000000 0.0000000000000000 0.0000000000000000 0.0000000000000000 0.0000000000000000
0.0000000000000000 0.0000000000000000 0.0000000000000000 0.0000000000000000 0.0000000000000000 0.0000000000000000
0.0000000000000000 0.0000000000000000 0.0000000000000000 0.0000000000000000 0.0000000000000000 0.0000000000000000
0.0000000000000000 0.0000000000000000 0.0000000000000000 0.0000000000000000 0.0000000000000000 0.0000000000000000
0.0000000000000000 0.0000000000000000 0.0000000000000000 0.0000000000000000 0.0000000000000000 0.0000000000000000
1.0000000000000000 1.0000000000000000 1.0000000000000000 1.0000000000000000 0
1.0000000000000000 1.0000000000000000 1.0000000000000000 1.0000000000000000 0
1.0000000000000000 1.0000000000000000 1.0000000000000000 1.0000000000000000 0
1.0000000000000000 1.0000000000000000 1.0000000000000000 1.0000000000000000 0
1.0000000000000000 1.0000000000000000 1.0000000000000000 1.0000000000000000 0
1.0000000000000000 1.0000000000000000 1.0000000000000000 1.0000000000000000 0
1.0000000000000000 1.0000000000000000 1.0000000000000000 1.0000000000000000 0
1.0000000000000000 1.0000000000000000 1.0000000000000000 1.0000000000000000 0
1.0000000000000000 1.0000000000000000 1.0000000000000000 1.0000000000000000 0
1.0000000000000000 1.0000000000000000 1.0000000000000000 1.0000000000000000 0
1.0000002384185791 1.0000002384185791 1.0000002384185791 1.0000002384185791 0
1.0000002384185791 1.0000002384185791 1.0000002384185791 1.0000002384185791 0
1.0000002384185791 1.0000002384185791 1.0000002384185791 1.0000002384185791 0
1.0000000000000000 1.0000000000000000 1.0000000000000000 1.0000000000000000 0
1.0000000000000000 1.0000000000000000 1.0000000000000000 1.0000000000000000 0
1.0000000000000000 1.0000000000000000 1.0000000000000000 1.0000000000000000 0
1.0000000000000000 1.0000000000000000 1.0000000000000000 1.0000000000000000 0
1.0000001192092896 1.0000001192092896 1.0000001192092896 1.0000001192092896 0
1.0000002384185791 1.0000002384185791 1.0000002384185791 1.0000002384185791 0
1.0000003576278687 1.0000003576278687 1.0000003576278687 1.0000003576278687 0
1.0000003576278687 1.0000003576278687 1.0000003576278687 1.0000003576278687 0
1.0000001192092896 1.0000001192092896 1.0000001192092896 1.0000001192092896 0
1.0000000000000000 1.0000000000000000 1.0000000000000000 1.0000000000000000 0
1.0000000000000000 1.0000000000000000 1.0000000000000000 1.0000000000000000 0
1.0000000000000000 1.0000000000000000 1.0000000000000000 1.0000000000000000 0
1.0000001192092896 1.0000001192092896 1.0000001192092896 1.0000001192092896 0
1.0000002384185791 1.0000002384185791 1.0000002384185791 1.0000002384185791 0
1.0000004768371582 1.0000004768371582 1.0000004768371582 1.0000004768371582 0
1.0000004768371582 1.0000004768371582 1.0000004768371582 1.0000004768371582 0
1.0000001192092896 1.0000001192092896 1.0000001192092896 1.0000001192092896 0
1.0000000000000000 1.0000000000000000 1.0000000000000000 1.0000000000000000 0
1.0000000000000000 1.0000000000000000 1.0000000000000000 1.0000000000000000 0
1.0000000000000000 1.0000000000000000 1.0000000000000000 1.0000000000000000 0
1.0000001192092896 1.0000001192092896 1.0000001192092896 1.0000001192092896 0
1.0000002384185791 1.0000002384185791 1.0000002384185791 1.0000002384185791 0
1.0000003576278687 1.0000003576278687 1.0000003576278687 1.0000003576278687 0
1.0000002384185791 1.0000002384185791 1.0000002384185791 1.0000002384185791 0
1.0000001192092896 1.0000001192092896 1.0000001192092896 1.0000001192092896 0
1.0000000000000000 1.0000000000000000 1.0000000000000000 1.0000000000000000 0
1.0000000000000000 1.0000000000000000 1.0000000000000000 1.0000000000000000 0
1.0000000000000000 1.0000000000000000 1.0000000000000000 1.0000000000000000 0
1.0000000000000000 1.0000000000000000 1.0000000000000000 1.0000000000000000 0
1.0000000000000000 1.0000000000000000 1.0000000000000000 1.0000000000000000 0
1.0000001192092896 1.0000001192092896 1.0000001192092896 1.0000001192092896 0
1.0000000000000000 1.0000000000000000 1.0000000000000000 1.0000000000000000 0
1.0000000000000000 1.0000000000000000 1.0000000000000000 1.0000000000000000 0
1.0000000000000000 1.0000000000000000 1.0000000000000000 1.0000000000000000 0
1.0000000000000000 1.0000000000000000 1.0000000000000000 1.0000000000000000 0
1.0000000000000000 1.0000000000000000 1.0000000000000000 1.0000000000000000 0
1.0000000000000000 1.0000000000000000 1.0000000000000000 1.0000000000000000 0
1.0000000000000000 1.0000000000000000 1.0000000000000000 1.0000000000000000 0
1.0000000000000000 1.0000000000000000 1.0000000000000000 1.0000000000000000 0
1.0000000000000000 1.0000000000000000 1.0000000000000000 1.0000000000000000 0
1.0000000000000000 1.0000000000000000 1.0000000000000000 1.0000000000000000 0
1.0000000000000000 1.0000000000000000 1.0000000000000000 1.0000000000000000 0
1.0000000000000000 1.0000000000000000 1.0000000000000000 1.0000000000000000 0
1.0000000000000000 1.0000000000000000 1.0000000000000000 1.0000000000000000 0
1.0000000000000000 1.0000000000000000 1.0000000000000000 1.0000000000000000 0
1.0000000000000000 1.0000000000000000 1.0000000000000000 1.0000000000000000 0
1.0000000000000000 1.0000000000000000 1.0000000000000000 1.0000000000000000 0
1.0000000000000000 1.0000000000000000 1.0000000000000000 1.0000000000000000 0
1.0000000000000000 1.0000000000000000 1.0000000000000000 1.0000000000000000 0
1.0000000000000000 1.0000000000000000 1.0000000000000000 1.0000000000000000 0
1.0000000000000000 1.0000000000000000 1.0000000000000000 1.0000000000000000 0
0.1000000163912773 0.1000000163912773 0.1000000163912773 0.1000000163912773 0.1000000163912773 0.1000000163912773
0.1000000163912773 0.1000000163912773 0.1000000163912773 0.1000000163912773 0.1000000163912773 0.1000000163912773
0.1000000312924385 0.1000000312924385 0.1000000312924385 0.1000000312924385 0.1000000312924385 0.1000000312924385
0.1000000089406967 0.1000000089406967 0.1000000089406967 0.1000000089406967 0.1000000089406967 0.1000000089406967
0.1000001057982445 0.1000001057982445 0.1000001057982445 0.1000001057982445 0.1000001057982445 0.1000001057982445
0.1000001206994057 0.1000001206994057 0.1000001206994057 0.1000001206994057 0.1000001206994057 0.1000001206994057
0.1000000312924385 0.1000000312924385 0.1000000312924385 0.1000000312924385 0.1000000312924385 0.1000000312924385
0.1000002324581146 0.1000002324581146 0.1000002324581146 0.1000002324581146 0.1000002324581146 0.1000002324581146
0.1000003293156624 0.1000003293156624 0.1000003293156624 0.1000003293156624 0.1000003293156624 0.1000003293156624
0.1000001430511475 0.1000001430511475 0.1000001430511475 0.1000001430511475 0.1000001430511475 0.1000001430511475
0.1000002771615982 0.1000002771615982 0.1000002771615982 0.1000002771615982 0.1000002771615982 0.1000002771615982
0.1000004783272743 0.1000004783272743 0.1000004783272743 0.1000004783272743 0.1000004783272743 0.1000004783272743
0.1000002324581146 0.1000002324581146 0.1000002324581146 0.1000002324581146 0.1000002324581146 0.1000002324581146
0.1000001952052116 0.1000001952052116 0.1000001952052116 0.1000001952052116 0.1000001952052116 0.1000001952052116
0.1000003814697266 0.1000003814697266 0.1000003814697266 0.1000003814697266 0.1000003814697266 0.1000003814697266
0.1000002026557922 0.1000002026557922 0.1000002026557922 0.1000002026557922 0.1000002026557922 0.1000002026557922
0.1000000759959221 0.1000000759959221 0.1000000759959221 0.1000000759959221 0.1000000759959221 0.1000000759959221
0.1000002324581146 0.1000002324581146 0.1000002324581146 0.1000002324581146 0.1000002324581146 0.1000002324581146
0.1000000908970833 0.1000000908970833 0.1000000908970833 0.1000000908970833 0.1000000908970833 0.1000000908970833
0.1000000089406967 0.1000000089406967 0.1000000089406967 0.1000000089406967 0.1000000089406967 0.1000000089406967
0.1000000685453415 0.1000000685453415 0.1000000685453415 0.1000000685453415 0.1000000685453415 0.1000000685453415
0.0000000000000000 0.0000000000000000 0.0000000000000000 0.0000000000000000 0.0000000000000000 0.0000000000000000
0.1000000312924385 0.1000000312924385 0.1000000312924385 0.1000000312924385 0.1000000312924385 0.1000000312924385
0.0000000000000000 0.0000000000000000 0.0000000000000000 0.0000000000000000 0.0000000000000000 0.0000000000000000
0.1000001430511475 0.1000001430511475 0.1000001430511475 0.1000001430511475 0.1000001430511475 0.1000001430511475
0.1000000759959221 0.1000000759959221 0.1000000759959221 0.1000000759959221 0.1000000759959221 0.1000000759959221
0.1000001281499863 0.1000001281499863 0.1000001281499863 0.1000001281499863 0.1000001281499863 0.1000001281499863
0.1000003442168236 0.1000003442168236 0.1000003442168236 0.1000003442168236 0.1000003442168236 0.1000003442168236
0.1000003367662430 0.1000003367662430 0.1000003367662430 0.1000003367662430 0.1000003367662430 0.1000003367662430
0.1000005304813385 0.1000005304813385 0.1000005304813385 0.1000005304813385 0.1000005304813385 0.1000005304813385
0.1000005453824997 0.1000005453824997 0.1000005453824997 0.1000005453824997 0.1000005453824997 0.1000005453824997
0.1000005528330803 0.1000005528330803 0.1000005528330803 0.1000005528330803 0.1000005528330803 0.1000005528330803
0.1000007092952728 0.1000007092952728 0.1000007092952728 0.1000007092952728 0.1000007092952728 0.1000007092952728
0.1000004857778549 0.1000004857778549 0.1000004857778549 0.1000004857778549 0.1000004857778549 0.1000004857778549
0.1000006794929504 0.1000006794929504 0.1000006794929504 0.1000006794929504 0.1000006794929504 0.1000006794929504
0.1000002399086952 0.1000002399086952 0.1000002399086952 0.1000002399086952 0.1000002399086952 0.1000002399086952
0.1000005081295967 0.1000005081295967 0.1000005081295967 0.1000005081295967 0.1000005081295967 0.1000005081295967
0.1000000834465027 0.1000000834465027 0.1000000834465027 0.1000000834465027 0.1000000834465027 0.1000000834465027
0.1000002250075340 0.1000002250075340 0.1000002250075340 0.1000002250075340 0.1000002250075340 0.1000002250075340
0.1000001132488251 0.1000001132488251 0.1000001132488251 0.1000001132488251 0.1000001132488251 0.1000001132488251
0.1000003293156624 0.1000003293156624 0.1000003293156624 0.1000003293156624 0.1000003293156624 0.1000003293156624
0.1000001803040504 0.1000001803040504 0.1000001803040504 0.1000001803040504 0.1000001803040504 0.1000001803040504
0.1000002324581146 0.1000002324581146 0.1000002324581146 0.1000002324581146 0.1000002324581146 0.1000002324581146
0.1000005006790161 0.1000005006790161 0.1000005006790161 0.1000005006790161 0.1000005006790161 0.1000005006790161
0.1000004112720490 0.1000004112720490 0.1000004112720490 0.1000004112720490 0.1000004112720490 0.1000004112720490
0.1000007092952728 0.1000007092952728 0.1000007092952728 0.1000007092952728 0.1000007092952728 0.1000007092952728
0.1000006645917892 0.1000006645917892 0.1000006645917892 0.1000006645917892 0.1000006645917892 0.1000006645917892
0.1000007838010788 0.1000007838010788 0.1000007838010788 0.1000007838010788 0.1000007838010788 0.1000007838010788
0.1000008732080460 0.1000008732080460 0.1000008732080460 0.1000008732080460 0.1000008732080460 0.1000008732080460
0.1000007018446922 0.1000007018446922 0.1000007018446922 0.1000007018446922 0.1000007018446922 0.1000007018446922
0.1000008136034012 0.1000008136034012 0.1000008136034012 0.1000008136034012 0.1000008136034012 0.1000008136034012
0.1000004634261131 0.1000004634261131 0.1000004634261131 0.1000004634261131 0.1000004634261131 0.1000004634261131
0.1000006645917892 0.1000006645917892 0.1000006645917892 0.1000006645917892 0.1000006645917892 0.1000006645917892
0.1000002399086952 0.1000002399086952 0.1000002399086952 0.1000002399086952 0.1000002399086952 0.1000002399086952
0.1000003516674042 0.1000003516674042 0.1000003516674042 0.1000003516674042 0.1000003516674042 0.1000003516674042
0.1000001877546310 0.1000001877546310 0.1000001877546310 0.1000001877546310 0.1000001877546310 0.1000001877546310
0.1000003516674042 0.1000003516674042 0.1000003516674042 0.1000003516674042 0.1000003516674042 0.1000003516674042
0.1000002324581146 0.1000002324581146 0.1000002324581146 0.1000002324581146 0.1000002324581146 0.1000002324581146
0.1000002101063728 0.1000002101063728 0.1000002101063728 0.1000002101063728 0.1000002101063728 0.1000002101063728
0.1000005975365639 0.1000005975365639 0.1000005975365639 0.1000005975365639 0.1000005975365639 0.1000005975365639
0.1000004261732101 0.1000004261732101 0.1000004261732101 0.1000004261732101 0.1000004261732101 0.1000004261732101
0.1000007987022400 0.1000007987022400 0.1000007987022400 0.1000007987022400 0.1000007987022400 0.1000007987022400
0.1000006869435310 0.1000006869435310 0.1000006869435310 0.1000006869435310 0.1000006869435310 0.1000006869435310
0.1000008732080460 0.1000008732080460 0.1000008732080460 0.1000008732080460 0.1000008732080460 0.1000008732080460
0.1000008061528206 0.1000008061528206 0.1000008061528206 0.1000008061528206 0.1000008061528206 0.1000008061528206
0.1000007688999176 0.1000007688999176 0.1000007688999176 0.1000007688999176 0.1000007688999176 0.1000007688999176
0.1000008210539818 0.1000008210539818 0.1000008210539818 0.1000008210539818 0.1000008210539818 0.1000008210539818
0.1000005081295967 0.1000005081295967 0.1000005081295967 0.1000005081295967 0.1000005081295967 0.1000005081295967
0.1000006273388863 0.1000006273388863 0.1000006273388863 0.1000006273388863 0.1000006273388863 0.1000006273388863
0.1000002771615982 0.1000002771615982 0.1000002771615982 0.1000002771615982 0.1000002771615982 0.1000002771615982
0.1000003442168236 0.1000003442168236 0.1000003442168236 0.1000003442168236 0.1000003442168236 0.1000003442168236
0.1000001505017281 0.1000001505017281 0.1000001505017281 0.1000001505017281 0.1000001505017281 0.1000001505017281
0.1000002622604370 0.1000002622604370 0.1000002622604370 0.1000002622604370 0.1000002622604370 0.1000002622604370
0.1000001654028893 0.1000001654028893 0.1000001654028893 0.1000001654028893 0.1000001654028893 0.1000001654028893
0.1000000536441803 0.1000000536441803 0.1000000536441803 0.1000000536441803 0.1000000536441803 0.1000000536441803
0.1000005230307579 0.1000005230307579 0.1000005230307579 0.1000005230307579 0.1000005230307579 0.1000005230307579
0.1000002324581146 0.1000002324581146 0.1000002324581146 0.1000002324581146 0.1000002324581146 0.1000002324581146
0.1000007167458534 0.1000007167458534 0.1000007167458534 0.1000007167458534 0.1000007167458534 0.1000007167458534
0.1000005155801773 0.1000005155801773 0.1000005155801773 0.1000005155801773 0.1000005155801773 0.1000005155801773
0.1000007465481758 0.1000007465481758 0.1000007465481758 0.1000007465481758 0.1000007465481758 0.1000007465481758
0.1000006571412086 0.1000006571412086 0.1000006571412086 0.1000006571412086 0.1000006571412086 0.1000006571412086
0.1000006720423698 0.1000006720423698 0.1000006720423698 0.1000006720423698 0.1000006720423698 0.1000006720423698
0.1000006124377251 0.1000006124377251 0.1000006124377251 0.1000006124377251 0.1000006124377251 0.1000006124377251
0.1000004261732101 0.1000004261732101 0.1000004261732101 0.1000004261732101 0.1000004261732101 0.1000004261732101
0.1000004112720490 0.1000004112720490 0.1000004112720490 0.1000004112720490 0.1000004112720490 0.1000004112720490
0.1000001579523087 0.1000001579523087 0.1000001579523087 0.1000001579523087 0.1000001579523087 0.1000001579523087
0.1000001430511475 0.1000001430511475 0.1000001430511475 0.1000001430511475 0.1000001430511475 0.1000001430511475
0.1000000312924385 0.1000000312924385 0.1000000312924385 0.1000000312924385 0.1000000312924385 0.1000000312924385
0.1000000461935997 0.1000000461935997 0.1000000461935997 0.1000000461935997 0.1000000461935997 0.1000000461935997
0.1000000089406967 0.1000000089406967 0.1000000089406967 0.1000000089406967 0.1000000089406967 0.1000000089406967
0.1000000089406967 0.1000000089406967 0.1000000089406967 0.1000000089406967 0.1000000089406967 0.1000000089406967
0.1000002399086952 0.1000002399086952 0.1000002399086952 0.1000002399086952 0.1000002399086952 0.1000002399086952
0.1000000610947609 0.1000000610947609 0.1000000610947609 0.1000000610947609 0.1000000610947609 0.1000000610947609
0.1000004634261131 0.1000004634261131 0.1000004634261131 0.1000004634261131 0.1000004634261131 0.1000004634261131
0.1000002324581146 0.1000002324581146 0.1000002324581146 0.1000002324581146 0.1000002324581146 0.1000002324581146
0.1000005006790161 0.1000005006790161 0.1000005006790161 0.1000005006790161 0.1000005006790161 0.1000005006790161
0.1000003963708878 0.1000003963708878 0.1000003963708878 0.1000003963708878 0.1000003963708878 0.1000003963708878
0.1000003963708878 0.1000003963708878 0.1000003963708878 0.1000003963708878 0.1000003963708878 0.1000003963708878
0.1000003367662430 0.1000003367662430 0.1000003367662430 0.1000003367662430 0.1000003367662430 0.1000003367662430
0.1000001803040504 0.1000001803040504 0.1000001803040504 0.1000001803040504 0.1000001803040504 0.1000001803040504
0.1000001728534698 0.1000001728534698 0.1000001728534698 0.1000001728534698 0.1000001728534698 0.1000001728534698
0.1000000163912773 0.1000000163912773 0.1000000163912773 0.1000000163912773 0.1000000163912773 0.1000000163912773
0.1000000163912773 0.1000000163912773 0.1000000163912773 0.1000000163912773 0.1000000163912773 0.1000000163912773
0.0000000000000000 0.0000000000000000 0.0000000000000000 0.0000000000000000 0.0000000000000000 0.0000000000000000
0.1000000089406967 0.1000000089406967 0.1000000089406967 0.1000000089406967 0.1000000089406967 0.1000000089406967
0.0000000000000000 0.0000000000000000 0.0000000000000000 0.0000000000000000 0.0000000000000000 0.0000000000000000
0.0000000000000000 0.0000000000000000 0.0000000000000000 0.0000000000000000 0.0000000000000000 0.0000000000000000
0.1000000610947609 0.1000000610947609 0.1000000610947609 0.1000000610947609 0.1000000610947609 0.1000000610947609
0.1000000163912773 0.1000000163912773 0.1000000163912773 0.1000000163912773 0.1000000163912773 0.1000000163912773
0.1000002026557922 0.1000002026557922 0.1000002026557922 0.1000002026557922 0.1000002026557922 0.1000002026557922
0.1000000983476639 0.1000000983476639 0.1000000983476639 0.1000000983476639 0.1000000983476639 0.1000000983476639
0.1000002175569534 0.1000002175569534 0.1000002175569534 0.1000002175569534 0.1000002175569534 0.1000002175569534
0.1000001877546310 0.1000001877546310 0.1000001877546310 0.1000001877546310 0.1000001877546310 0.1000001877546310
0.1000001579523087 0.1000001579523087 0.1000001579523087 0.1000001579523087 0.1000001579523087 0.1000001579523087
0.1000001952052116 0.1000001952052116 0.1000001952052116 0.1000001952052116 0.1000001952052116 0.1000001952052116
0.1000000387430191 0.1000000387430191 0.1000000387430191 0.1000000387430191 0.1000000387430191 0.1000000387430191
0.1000000685453415 0.1000000685453415 0.1000000685453415 0.1000000685453415 0.1000000685453415 0.1000000685453415
0.0000000000000000 0.0000000000000000 0.0000000000000000 0.0000000000000000 0.0000000000000000 0.0000000000000000
0.0000000000000000 0.0000000000000000 0.0000000000000000 0.0000000000000000 0.0000000000000000 0.0000000000000000
0.0000000000000000 0.0000000000000000 0.0000000000000000 0.0000000000000000 0.0000000000000000 0.0000000000000000
0.1000000089406967 0.1000000089406967 0.1000000089406967 0.1000000089406967 0.1000000089406967 0.1000000089406967
0.0000000000000000 0.0000000000000000 0.0000000000000000 0.0000000000000000 0.0000000000000000 0.0000000000000000
0.1000000461935997 0.1000000461935997 0.1000000461935997 0.1000000461935997 0.1000000461935997 0.1000000461935997
0.1000001206994057 0.1000001206994057 0.1000001206994057 0.1000001206994057 0.1000001206994057 0.1000001206994057
0.1000001579523087 0.1000001579523087 0.1000001579523087 0.1000001579523087 0.1000001579523087 0.1000001579523087
0.1000000983476639 0.1000000983476639 0.1000000983476639 0.1000000983476639 0.1000000983476639 0.1000000983476639
0.1000000238418579 0.1000000238418579 0.1000000238418579 0.1000000238418579 0.1000000238418579 0.1000000238418579
0.0000000000000000 0.0000000000000000 0.0000000000000000 0.0000000000000000 0.0000000000000000 0.0000000000000000
1.0000000000000000 1.0000000000000000 1.0000000000000000 1.0000000000000000 0
1.0000000000000000 1.0000000000000000 1.0000000000000000 1.0000000000000000 0
1.0000000000000000 1.0000000000000000 1.0000000000000000 1.0000000000000000 0
1.0000000000000000 1.0000000000000000 1.0000000000000000 1.0000000000000000 0
1.0000000000000000 1.0000000000000000 1.0000000000000000 1.0000000000000000 0
1.0000000000000000 1.0000000000000000 1.0000000000000000 1.0000000000000000 0
1.0000000000000000 1.0000000000000000 1.0000000000000000 1.0000000000000000 0
1.0000000000000000 1.0000000000000000 1.0000000000000000 1.0000000000000000 0
1.0000000000000000 1.0000000000000000 1.0000000000000000 1.0000000000000000 0
1.0000000000000000 1.0000000000000000 1.0000000000000000 1.0000000000000000 0
1.0000001192092896 1.0000001192092896 1.0000001192092896 1.0000001192092896 0
1.0000002384185791 1.0000002384185791 1.0000002384185791 1.0000002384185791 0
1.0000000000000000 1.0000000000000000 1.0000000000000000 1.0000000000000000 0
1.0000000000000000 1.0000000000000000 1.0000000000000000 1.0000000000000000 0
1.0000000000000000 1.0000000000000000 1.0000000000000000 1.0000000000000000 0
1.0000000000000000 1.0000000000000000 1.0000000000000000 1.0000000000000000 0
1.0000000000000000 1.0000000000000000 1.0000000000000000 1.0000000000000000 0
1.0000002384185791 1.0000002384185791 1.0000002384185791 1.0000002384185791 0
1.0000002384185791 1.0000002384185791 1.0000002384185791 1.0000002384185791 0
1.0000003576278687 1.0000003576278687 1.0000003576278687 1.0000003576278687 0
1.0000002384185791 1.0000002384185791 1.0000002384185791 1.0000002384185791 0
1.0000000000000000 1.0000000000000000 1.0000000000000000 1.0000000000000000 0
1.0000000000000000 1.0000000000000000 1.0000000000000000 1.0000000000000000 0
1.0000000000000000 1.0000000000000000 1.0000000000000000 1.0000000000000000 0
1.0000001192092896 1.0000001192092896 1.0000001192092896 1.0000001192092896 0
1.0000002384185791 1.0000002384185791 1.0000002384185791 1.0000002384185791 0
1.0000003576278687 1.0000003576278687 1.0000003576278687 1.0000003576278687 0
1.0000005960464478 1.0000005960464478 1.0000005960464478 1.0000005960464478 0
1.0000002384185791 1.0000002384185791 1.0000002384185791 1.0000002384185791 0
1.0000001192092896 1.0000001192092896 1.0000001192092896 1.0000001192092896 0
1.0000000000000000 1.0000000000000000 1.0000000000000000 1.0000000000000000 0
1.0000000000000000 1.0000000000000000 1.0000000000000000 1.0000000000000000 0
1.0000000000000000 1.0000000000000000 1.0000000000000000 1.0000000000000000 0
1.0000002384185791 1.0000002384185791 1.0000002384185791 1.0000002384185791 0
1.0000003576278687 1.0000003576278687 1.0000003576278687 1.0000003576278687 0
1.0000004768371582 1.0000004768371582 1.0000004768371582 1.0000004768371582 0
1.0000001192092896 1.0000001192092896 1.0000001192092896 1.0000001192092896 0
1.0000001192092896 1.0000001192092896 1.0000001192092896 1.0000001192092896 0
1.0000000000000000 1.0000000000000000 1.0000000000000000 1.0000000000000000 0
1.0000000000000000 1.0000000000000000 1.0000000000000000 1.0000000000000000 0
1.0000000000000000 1.0000000000000000 1.0000000000000000 1.0000000000000000 0
1.0000001192092896 1.0000001192092896 1.0000001192092896 1.0000001192092896 0
1.0000001192092896 1.0000001192092896 1.0000001192092896 1.0000001192092896 0
1.0000001192092896 1.0000001192092896 1.0000001192092896 1.0000001192092896 0
1.0000000000000000 1.0000000000000000 1.0000000000000000 1.0000000000000000 0
1.0000000000000000 1.0000000000000000 1.0000000000000000 1.0000000000000000 0
1.0000000000000000 1.0000000000000000 1.0000000000000000 1.0000000000000000 0
1.0000000000000000 1.0000000000000000 1.0000000000000000 1.0000000000000000 0
1.0000000000000000 1.0000000000000000 1.0000000000000000 1.0000000000000000 0
1.0000000000000000 1.0000000000000000 1.0000000000000000 1.0000000000000000 0
1.0000000000000000 1.0000000000000000 1.0000000000000000 1.0000000000000000 0
1.0000000000000000 1.0000000000000000 1.0000000000000000 1.0000000000000000 0
1.0000000000000000 1.0000000000000000 1.0000000000000000 1.0000000000000000 0
1.0000000000000000 1.0000000000000000 1.0000000000000000 1.0000000000000000 0
1.0000000000000000 1.0000000000000000 1.0000000000000000 1.0000000000000000 0
1.0000000000000000 1.0000000000000000 1.0000000000000000 1.0000000000000000 0
1.0000000000000000 1.0000000000000000 1.0000000000000000 1.0000000000000000 0
1.0000000000000000 1.0000000000000000 1.0000000000000000 1.0000000000000000 0
1.0000000000000000 1.0000000000000000 1.0000000000000000 1.0000000000000000 0
1.0000000000000000 1.0000000000000000 1.0000000000000000 1.0000000000000000 0
1.0000000000000000 1.0000000000000000 1.0000000000000000 1.0000000000000000 0
1.0000000000000000 1.0000000000000000 1.0000000000000000 1.0000000000000000 0
1.0000000000000000 1.0000000000000000 1.0000000000000000 1.0000000000000000 0
1.0000000000000000 1.0000000000000000 1.0000000000000000 1.0000000000000000 0
0.1000000312924385 0.1000000312924385 0.1000000312924385 0.1000000312924385 0.1000000312924385 0.1000000312924385
0.1000000089406967 0.1000000089406967 0.1000000089406967 0.1000000089406967 0.1000000089406967 0.1000000089406967
0.1000000312924385 0.1000000312924385 0.1000000312924385 0.1000000312924385 0.1000000312924385 0.1000000312924385
0.1000000089406967 0.1000000089406967 0.1000000089406967 0.1000000089406967 0.1000000089406967 0.1000000089406967
0.1000000983476639 0.1000000983476639 0.1000000983476639 0.1000000983476639 0.1000000983476639 0.1000000983476639
0.1000001206994057 0.1000001206994057 0.1000001206994057 0.1000001206994057 0.1000001206994057 0.1000001206994057
0.1000000759959221 0.1000000759959221 0.1000000759959221 0.1000000759959221 0.1000000759959221 0.1000000759959221
0.1000001952052116 0.1000001952052116 0.1000001952052116 0.1000001952052116 0.1000001952052116 0.1000001952052116
0.1000002771615982 0.1000002771615982 0.1000002771615982 0.1000002771615982 0.1000002771615982 0.1000002771615982
0.1000001654028893 0.1000001654028893 0.1000001654028893 0.1000001654028893 0.1000001654028893 0.1000001654028893
0.1000001654028893 0.1000001654028893 0.1000001654028893 0.1000001654028893 0.1000001654028893 0.1000001654028893
0.1000003144145012 0.1000003144145012 0.1000003144145012 0.1000003144145012 0.1000003144145012 0.1000003144145012
0.1000001803040504 0.1000001803040504 0.1000001803040504 0.1000001803040504 0.1000001803040504 0.1000001803040504
0.1000000834465027 0.1000000834465027 0.1000000834465027 0.1000000834465027 0.1000000834465027 0.1000000834465027
0.1000002175569534 0.1000002175569534 0.1000002175569534 0.1000002175569534 0.1000002175569534 0.1000002175569534
0.1000001206994057 0.1000001206994057 0.1000001206994057 0.1000001206994057 0.1000001206994057 0.1000001206994057
0.0000000000000000 0.0000000000000000 0.0000000000000000 0.0000000000000000 0.0000000000000000 0.0000000000000000
0.1000000610947609 0.1000000610947609 0.1000000610947609 0.1000000610947609 0.1000000610947609 0.1000000610947609
0.1000000238418579 0.1000000238418579 0.1000000238418579 0.1000000238418579 0.1000000238418579 0.1000000238418579
0.0000000000000000 0.0000000000000000 0.0000000000000000 0.0000000000000000 0.0000000000000000 0.0000000000000000
0.1000000089406967 0.1000000089406967 0.1000000089406967 0.1000000089406967 0.1000000089406967 0.1000000089406967
0.0000000000000000 0.0000000000000000 0.0000000000000000 0.0000000000000000 0.0000000000000000 0.0000000000000000
0.1000000163912773 0.1000000163912773 0.1000000163912773 0.1000000163912773 0.1000000163912773 0.1000000163912773
0.0000000000000000 0.0000000000000000 0.0000000000000000 0.0000000000000000 0.0000000000000000 0.0000000000000000
0.1000001356005669 0.1000001356005669 0.1000001356005669 0.1000001356005669 0.1000001356005669 0.1000001356005669
0.1000000387430191 0.1000000387430191 0.1000000387430191 0.1000000387430191 0.1000000387430191 0.1000000387430191
0.1000001430511475 0.1000001430511475 0.1000001430511475 0.1000001430511475 0.1000001430511475 0.1000001430511475
0.1000003218650818 0.1000003218650818 0.1000003218650818 0.1000003218650818 0.1000003218650818 0.1000003218650818
0.1000003293156624 0.1000003293156624 0.1000003293156624 0.1000003293156624 0.1000003293156624 0.1000003293156624
0.1000004336237907 0.1000004336237907 0.1000004336237907 0.1000004336237907 0.1000004336237907 0.1000004336237907
0.1000005081295967 0.1000005081295967 0.1000005081295967 0.1000005081295967 0.1000005081295967 0.1000005081295967
0.1000003814697266 0.1000003814697266 0.1000003814697266 0.1000003814697266 0.1000003814697266 0.1000003814697266
0.1000005602836609 0.1000005602836609 0.1000005602836609 0.1000005602836609 0.1000005602836609 0.1000005602836609
0.1000002324581146 0.1000002324581146 0.1000002324581146 0.1000002324581146 0.1000002324581146 0.1000002324581146
0.1000004783272743 0.1000004783272743 0.1000004783272743 0.1000004783272743 0.1000004783272743 0.1000004783272743
0.1000000685453415 0.1000000685453415 0.1000000685453415 0.1000000685453415 0.1000000685453415 0.1000000685453415
0.1000002324581146 0.1000002324581146 0.1000002324581146 0.1000002324581146 0.1000002324581146 0.1000002324581146
0.1000000387430191 0.1000000387430191 0.1000000387430191 0.1000000387430191 0.1000000387430191 0.1000000387430191
0.1000000908970833 0.1000000908970833 0.1000000908970833 0.1000000908970833 0.1000000908970833 0.1000000908970833
0.1000000759959221 0.1000000759959221 0.1000000759959221 0.1000000759959221 0.1000000759959221 0.1000000759959221
0.1000003516674042 0.1000003516674042 0.1000003516674042 0.1000003516674042 0.1000003516674042 0.1000003516674042
0.1000001877546310 0.1000001877546310 0.1000001877546310 0.1000001877546310 0.1000001877546310 0.1000001877546310
0.1000003218650818 0.1000003218650818 0.1000003218650818 0.1000003218650818 0.1000003218650818 0.1000003218650818
0.1000005677342415 0.1000005677342415 0.1000005677342415 0.1000005677342415 0.1000005677342415 0.1000005677342415
0.1000005006790161 0.1000005006790161 0.1000005006790161 0.1000005006790161 0.1000005006790161 0.1000005006790161
0.1000006943941116 0.1000006943941116 0.1000006943941116 0.1000006943941116 0.1000006943941116 0.1000006943941116
0.1000007316470146 0.1000007316470146 0.1000007316470146 0.1000007316470146 0.1000007316470146 0.1000007316470146
0.1000006794929504 0.1000006794929504 0.1000006794929504 0.1000006794929504 0.1000006794929504 0.1000006794929504
0.1000007912516594 0.1000007912516594 0.1000007912516594 0.1000007912516594 0.1000007912516594 0.1000007912516594
0.1000004783272743 0.1000004783272743 0.1000004783272743 0.1000004783272743 0.1000004783272743 0.1000004783272743
0.1000006794929504 0.1000006794929504 0.1000006794929504 0.1000006794929504 0.1000006794929504 0.1000006794929504
0.1000002399086952 0.1000002399086952 0.1000002399086952 0.1000002399086952 0.1000002399086952 0.1000002399086952
0.1000004634261131 0.1000004634261131 0.1000004634261131 0.1000004634261131 0.1000004634261131 0.1000004634261131
0.1000001579523087 0.1000001579523087 0.1000001579523087 0.1000001579523087 0.1000001579523087 0.1000001579523087
0.1000001803040504 0.1000001803040504 0.1000001803040504 0.1000001803040504 0.1000001803040504 0.1000001803040504
0.1000001728534698 0.1000001728534698 0.1000001728534698 0.1000001728534698 0.1000001728534698 0.1000001728534698
0.1000004559755325 0.1000004559755325 0.1000004559755325 0.1000004559755325 0.1000004559755325 0.1000004559755325
0.1000002995133400 0.1000002995133400 0.1000002995133400 0.1000002995133400 0.1000002995133400 0.1000002995133400
0.1000003367662430 0.1000003367662430 0.1000003367662430 0.1000003367662430 0.1000003367662430 0.1000003367662430
0.1000007092952728 0.1000007092952728 0.1000007092952728 0.1000007092952728 0.1000007092952728 0.1000007092952728
0.1000005826354027 0.1000005826354027 0.1000005826354027 0.1000005826354027 0.1000005826354027 0.1000005826354027
0.1000008434057236 0.1000008434057236 0.1000008434057236 0.1000008434057236 0.1000008434057236 0.1000008434057236
0.1000007912516594 0.1000007912516594 0.1000007912516594 0.1000007912516594 0.1000007912516594 0.1000007912516594
0.1000008136034012 0.1000008136034012 0.1000008136034012 0.1000008136034012 0.1000008136034012 0.1000008136034012
0.1000008657574654 0.1000008657574654 0.1000008657574654 0.1000008657574654 0.1000008657574654 0.1000008657574654
0.1000006422400475 0.1000006422400475 0.1000006422400475 0.1000006422400475 0.1000006422400475 0.1000006422400475
0.1000007465481758 0.1000007465481758 0.1000007465481758 0.1000007465481758 0.1000007465481758 0.1000007465481758
0.1000003665685654 0.1000003665685654 0.1000003665685654 0.1000003665685654 0.1000003665685654 0.1000003665685654
0.1000005304813385 0.1000005304813385 0.1000005304813385 0.1000005304813385 0.1000005304813385 0.1000005304813385
0.1000002324581146 0.1000002324581146 0.1000002324581146 0.1000002324581146 0.1000002324581146 0.1000002324581146
0.1000002399086952 0.1000002399086952 0.1000002399086952 0.1000002399086952 0.1000002399086952 0.1000002399086952
0.1000001877546310 0.1000001877546310 0.1000001877546310 0.1000001877546310 0.1000001877546310 0.1000001877546310
0.1000004708766937 0.1000004708766937 0.1000004708766937 0.1000004708766937 0.1000004708766937 0.1000004708766937
0.1000002250075340 0.1000002250075340 0.1000002250075340 0.1000002250075340 0.1000002250075340 0.1000002250075340
0.1000002473592758 0.1000002473592758 0.1000002473592758 0.1000002473592758 0.1000002473592758 0.1000002473592758
0.1000006645917892 0.1000006645917892 0.1000006645917892 0.1000006645917892 0.1000006645917892 0.1000006645917892
0.1000005081295967 0.1000005081295967 0.1000005081295967 0.1000005081295967 0.1000005081295967 0.1000005081295967
0.1000008061528206 0.1000008061528206 0.1000008061528206 0.1000008061528206 0.1000008061528206 0.1000008061528206
0.1000007092952728 0.1000007092952728 0.1000007092952728 0.1000007092952728 0.1000007092952728 0.1000007092952728
0.1000008210539818 0.1000008210539818 0.1000008210539818 0.1000008210539818 0.1000008210539818 0.1000008210539818
0.1000007614493370 0.1000007614493370 0.1000007614493370 0.1000007614493370 0.1000007614493370 0.1000007614493370
0.1000006347894669 0.1000006347894669 0.1000006347894669 0.1000006347894669 0.1000006347894669 0.1000006347894669
0.1000006869435310 0.1000006869435310 0.1000006869435310 0.1000006869435310 0.1000006869435310 0.1000006869435310
0.1000003442168236 0.1000003442168236 0.1000003442168236 0.1000003442168236 0.1000003442168236 0.1000003442168236
0.1000004112720490 0.1000004112720490 0.1000004112720490 0.1000004112720490 0.1000004112720490 0.1000004112720490
0.1000002101063728 0.1000002101063728 0.1000002101063728 0.1000002101063728 0.1000002101063728 0.1000002101063728
0.1000001430511475 0.1000001430511475 0.1000001430511475 0.1000001430511475 0.1000001430511475 0.1000001430511475
0.1000000983476639 0.1000000983476639 0.1000000983476639 0.1000000983476639 0.1000000983476639 0.1000000983476639
0.1000002697110176 0.1000002697110176 0.1000002697110176 0.1000002697110176 0.1000002697110176 0.1000002697110176
0.1000000759959221 0.1000000759959221 0.1000000759959221 0.1000000759959221 0.1000000759959221 0.1000000759959221
0.1000000610947609 0.1000000610947609 0.1000000610947609 0.1000000610947609 0.1000000610947609 0.1000000610947609
0.1000005304813385 0.1000005304813385 0.1000005304813385 0.1000005304813385 0.1000005304813385 0.1000005304813385
0.1000002622604370 0.1000002622604370 0.1000002622604370 0.1000002622604370 0.1000002622604370 0.1000002622604370
0.1000006645917892 0.1000006645917892 0.1000006645917892 0.1000006645917892 0.1000006645917892 0.1000006645917892
0.1000004783272743 0.1000004783272743 0.1000004783272743 0.1000004783272743 0.1000004783272743 0.1000004783272743
0.1000006347894669 0.1000006347894669 0.1000006347894669 0.1000006347894669 0.1000006347894669 0.1000006347894669
0.1000005304813385 0.1000005304813385 0.1000005304813385 0.1000005304813385 0.1000005304813385 0.1000005304813385
0.1000004559755325 0.1000004559755325 0.1000004559755325 0.1000004559755325 0.1000004559755325 0.1000004559755325
0.1000004261732101 0.1000004261732101 0.1000004261732101 0.1000004261732101 0.1000004261732101 0.1000004261732101
0.1000001728534698 0.1000001728534698 0.1000001728534698 0.1000001728534698 0.1000001728534698 0.1000001728534698
0.1000001654028893 0.1000001654028893 0.1000001654028893 0.1000001654028893 0.1000001654028893 0.1000001654028893
0.1000000610947609 0.1000000610947609 0.1000000610947609 0.1000000610947609 0.1000000610947609 0.1000000610947609
0.1000000163912773 0.1000000163912773 0.1000000163912773 0.1000000163912773 0.1000000163912773 0.1000000163912773
0.1000000163912773 0.1000000163912773 0.1000000163912773 0.1000000163912773 0.1000000163912773 0.1000000163912773
0.1000000685453415 0.1000000685453415 0.1000000685453415 0.1000000685453415 0.1000000685453415 0.1000000685453415
0.1000000089406967 0.1000000089406967 0.1000000089406967 0.1000000089406967 0.1000000089406967 0.1000000089406967
0.1000000089406967 0.1000000089406967 0.1000000089406967 0.1000000089406967 0.1000000089406967 0.1000000089406967
0.1000002101063728 0.1000002101063728 0.1000002101063728 0.1000002101063728 0.1000002101063728 0.1000002101063728
0.1000000834465027 0.1000000834465027 0.1000000834465027 0.1000000834465027 0.1000000834465027 0.1000000834465027
0.1000003367662430 0.1000003367662430 0.1000003367662430 0.1000003367662430 0.1000003367662430 0.1000003367662430
0.1000001952052116 0.1000001952052116 0.1000001952052116 0.1000001952052116 0.1000001952052116 0.1000001952052116
0.1000003069639206 0.1000003069639206 0.1000003069639206 0.1000003069639206 0.1000003069639206 0.1000003069639206
0.1000002548098564 0.1000002548098564 0.1000002548098564 0.1000002548098564 0.1000002548098564 0.1000002548098564
0.1000001579523087 0.1000001579523087 0.1000001579523087 0.1000001579523087 0.1000001579523087 0.1000001579523087
0.1000001654028893 0.1000001654028893 0.1000001654028893 0.1000001654028893 0.1000001654028893 0.1000001654028893
0.1000000089406967 0.1000000089406967 0.1000000089406967 0.1000000089406967 0.1000000089406967 0.1000000089406967
0.1000000312924385 0.1000000312924385 0.1000000312924385 0.1000000312924385 0.1000000312924385 0.1000000312924385
0.0000000000000000 0.0000000000000000 0.0000000000000000 0.0000000000000000 0.0000000000000000 0.0000000000000000
0.0000000000000000 0.0000000000000000 0.0000000000000000 0.0000000000000000 0.0000000000000000 0.0000000000000000
0.0000000000000000 0.0000000000000000 0.0000000000000000 0.0000000000000000 0.0000000000000000 0.0000000000000000
0.1000000163912773 0.1000000163912773 0.1000000163912773 0.1000000163912773 0.1000000163912773 0.1000000163912773
0.0000000000000000 0.0000000000000000 0.0000000000000000 0.0000000000000000 0.0000000000000000 0.0000000000000000
0.1000000983476639 0.1000000983476639 0.1000000983476639 0.1000000983476639 0.1000000983476639 0.1000000983476639
0.1000001803040504 0.1000001803040504 0.1000001803040504 0.1000001803040504 0.1000001803040504 0.1000001803040504
0.1000001132488251 0.1000001132488251 0.1000001132488251 0.1000001132488251 0.1000001132488251 0.1000001132488251
0.1000000312924385 0.1000000312924385 0.1000000312924385 0.1000000312924385 0.1000000312924385 0.1000000312924385
0.0000000000000000 0.0000000000000000 0.0000000000000000 0.0000000000000000 0.0000000000000000 0.0000000000000000
0.0000000000000000 0.0000000000000000 0.0000000000000000 0.0000000000000000 0.0000000000000000 0.0000000000000000
1.0000001192092896 1.0000001192092896 1.0000001192092896 1.0000001192092896 0
1.0000004768371582 1.0000004768371582 1.0000004768371582 1.0000004768371582 0
1.0000027418136597 1.0000027418136597 1.0000027418136597 1.0000027418136597 0
1.0000045299530029 1.0000045299530029 1.0000045299530029 1.0000045299530029 0
1.0000038146972656 1.0000038146972656 1.0000038146972656 1.0000038146972656 0
1.0000021457672119 1.0000021457672119 1.0000021457672119 1.0000021457672119 0
1.0000000000000000 1.0000000000000000 1.0000000000000000 1.0000000000000000 0
1.0000000000000000 1.0000000000000000 1.0000000000000000 1.0000000000000000 0
1.0000009536743164 1.0000009536743164 1.0000009536743164 1.0000009536743164 0
1.0000030994415283 1.0000030994415283 1.0000030994415283 1.0000030994415283 0
1.0000063180923462 1.0000063180923462 1.0000063180923462 1.0000063180923462 0
1.0000089406967163 1.0000089406967163 1.0000089406967163 1.0000089406967163 0
1.0000081062316895 1.0000081062316895 1.0000081062316895 1.0000081062316895 0
1.0000054836273193 1.0000054836273193 1.0000054836273193 1.0000054836273193 0
1.0000014305114746 1.0000014305114746 1.0000014305114746 1.0000014305114746 0
1.0000005960464478 1.0000005960464478 1.0000005960464478 1.0000005960464478 0
1.0000026226043701 1.0000026226043701 1.0000026226043701 1.0000026226043701 0
1.0000058412551880 1.0000058412551880 1.0000058412551880 1.0000058412551880 0
1.0000103712081909 1.0000103712081909 1.0000103712081909 1.0000103712081909 0
1.0000129938125610 1.0000129938125610 1.0000129938125610 1.0000129938125610 0
1.0000122785568237 1.0000122785568237 1.0000122785568237 1.0000122785568237 0
1.0000097751617432 1.0000097751617432 1.0000097751617432 1.0000097751617432 0
1.0000039339065552 1.0000039339065552 1.0000039339065552 1.0000039339065552 0
1.0000020265579224 1.0000020265579224 1.0000020265579224 1.0000020265579224 0
1.0000036954879761 1.0000036954879761 1.0000036954879761 1.0000036954879761 0
1.0000069141387939 1.0000069141387939 1.0000069141387939 1.0000069141387939 0
1.0000114440917969 1.0000114440917969 1.0000114440917969 1.0000114440917969 0
1.0000146627426147 1.0000146627426147 1.0000146627426147 1.0000146627426147 0
1.0000144243240356 1.0000144243240356 1.0000144243240356 1.0000144243240356 0
1.0000109672546387 1.0000109672546387 1.0000109672546387 1.0000109672546387 0
1.0000052452087402 1.0000052452087402 1.0000052452087402 1.0000052452087402 0
1.0000027418136597 1.0000027418136597 1.0000027418136597 1.0000027418136597 0
1.0000021457672119 1.0000021457672119 1.0000021457672119 1.0000021457672119 0
1.0000054836273193 1.0000054836273193 1.0000054836273193 1.0000054836273193 0
1.0000104904174805 1.0000104904174805 1.0000104904174805 1.0000104904174805 0
1.0000120401382446 1.0000120401382446 1.0000120401382446 1.0000120401382446 0
1.0000126361846924 1.0000126361846924 1.0000126361846924 1.0000126361846924 0
1.0000089406967163 1.0000089406967163 1.0000089406967163 1.0000089406967163 0
1.0000032186508179 1.0000032186508179 1.0000032186508179 1.0000032186508179 0
1.0000016689300537 1.0000016689300537 1.0000016689300537 1.0000016689300537 0
1.0000001192092896 1.0000001192092896 1.0000001192092896 1.0000001192092896 0
1.0000014305114746 1.0000014305114746 1.0000014305114746 1.0000014305114746 0
1.0000046491622925 1.0000046491622925 1.0000046491622925 1.0000046491622925 0
1.0000078678131104 1.0000078678131104 1.0000078678131104 1.0000078678131104 0
1.0000073909759521 1.0000073909759521 1.0000073909759521 1.0000073909759521 0
1.0000036954879761 1.0000036954879761 1.0000036954879761 1.0000036954879761 0
1.0000002384185791 1.0000002384185791 1.0000002384185791 1.0000002384185791 0
1.0000000000000000 1.0000000000000000 1.0000000000000000 1.0000000000000000 0
1.0000000000000000 1.0000000000000000 1.0000000000000000 1.0000000000000000 0
1.0000002384185791 1.0000002384185791 1.0000002384185791 1.0000002384185791 0
1.0000013113021851 1.0000013113021851 1.0000013113021851 1.0000013113021851 0
1.0000033378601074 1.0000033378601074 1.0000033378601074 1.0000033378601074 0
1.0000029802322388 1.0000029802322388 1.0000029802322388 1.0000029802322388 0
1.0000009536743164 1.0000009536743164 1.0000009536743164 1.0000009536743164 0
1.0000000000000000 1.0000000000000000 1.0000000000000000 1.0000000000000000 0
0.9999999403953552 0.9999999403953552 0.9999999403953552 0.9999999403953552 0
0.9999999403953552 0.9999999403953552 0.9999999403953552 0.9999999403953552 0
1.0000002384185791 1.0000002384185791 1.0000002384185791 1.0000002384185791 0
1.0000010728836060 1.0000010728836060 1.0000010728836060 1.0000010728836060 0
1.0000026226043701 1.0000026226043701 1.0000026226043701 1.0000026226043701 0
1.0000019073486328 1.0000019073486328 1.0000019073486328 1.0000019073486328 0
1.0000008344650269 1.0000008344650269 1.0000008344650269 1.0000008344650269 0
1.0000000000000000 1.0000000000000000 1.0000000000000000 1.0000000000000000 0
0.9999999403953552 0.9999999403953552 0.9999999403953552 0.9999999403953552 0
0.1000002622604370 0.1000002622604370 0.1000002622604370 0.1000002622604370 0.1000002622604370 0.1000002622604370
0.1000000685453415 0.1000000685453415 0.1000000685453415 0.1000000685453415 0.1000000685453415 0.1000000685453415
0.1000002771615982 0.1000002771615982 0.1000002771615982 0.1000002771615982 0.1000002771615982 0.1000002771615982
0.0000000000000000 0.0000000000000000 0.0000000000000000 0.0000000000000000 0.0000000000000000 0.0000000000000000
0.1000008210539818 0.1000008210539818 0.1000008210539818 0.1000008210539818 0.1000008210539818 0.1000008210539818
0.1000007465481758 0.1000007465481758 0.1000007465481758 0.1000007465481758 0.1000007465481758 0.1000007465481758
0.1000003516674042 0.1000003516674042 0.1000003516674042 0.1000003516674042 0.1000003516674042 0.1000003516674042
0.1000012531876564 0.1000012531876564 0.1000012531876564 0.1000012531876564 0.1000012531876564 0.1000012531876564
0.1000012829899788 0.1000012829899788 0.1000012829899788 0.1000012829899788 0.1000012829899788 0.1000012829899788
0.1000008508563042 0.1000008508563042 0.1000008508563042 0.1000008508563042 0.1000008508563042 0.1000008508563042
0.1000013947486877 0.1000013947486877 0.1000013947486877 0.1000013947486877 0.1000013947486877 0.1000013947486877
0.1000017672777176 0.1000017672777176 0.1000017672777176 0.1000017672777176 0.1000017672777176 0.1000017672777176
0.1000011935830116 0.1000011935830116 0.1000011935830116 0.1000011935830116 0.1000011935830116 0.1000011935830116
0.1000011488795280 0.1000011488795280 0.1000011488795280 0.1000011488795280 0.1000011488795280 0.1000011488795280
0.1000016778707504 0.1000016778707504 0.1000016778707504 0.1000016778707504 0.1000016778707504 0.1000016778707504
0.1000011190772057 0.1000011190772057 0.1000011190772057 0.1000011190772057 0.1000011190772057 0.1000011190772057
0.1000005826354027 0.1000005826354027 0.1000005826354027 0.1000005826354027 0.1000005826354027 0.1000005826354027
0.1000011935830116 0.1000011935830116 0.1000011935830116 0.1000011935830116 0.1000011935830116 0.1000011935830116
0.1000007316470146 0.1000007316470146 0.1000007316470146 0.1000007316470146 0.1000007316470146 0.1000007316470146
0.1000001356005669 0.1000001356005669 0.1000001356005669 0.1000001356005669 0.1000001356005669 0.1000001356005669
0.1000004932284355 0.1000004932284355 0.1000004932284355 0.1000004932284355 0.1000004932284355 0.1000004932284355
0.1000000983476639 0.1000000983476639 0.1000000983476639 0.1000000983476639 0.1000000983476639 0.1000000983476639
0.1000002324581146 0.1000002324581146 0.1000002324581146 0.1000002324581146 0.1000002324581146 0.1000002324581146
0.0000000000000000 0.0000000000000000 0.0000000000000000 0.0000000000000000 0.0000000000000000 0.0000000000000000
0.1000008657574654 0.1000008657574654 0.1000008657574654 0.1000008657574654 0.1000008657574654 0.1000008657574654
0.1000005155801773 0.1000005155801773 0.1000005155801773 0.1000005155801773 0.1000005155801773 0.1000005155801773
0.1000007912516594 0.1000007912516594 0.1000007912516594 0.1000007912516594 0.1000007912516594 0.1000007912516594
0.1000013798475266 0.1000013798475266 0.1000013798475266 0.1000013798475266 0.1000013798475266 0.1000013798475266
0.1000012755393982 0.1000012755393982 0.1000012755393982 0.1000012755393982 0.1000012755393982 0.1000012755393982
0.1000019833445549 0.1000019833445549 0.1000019833445549 0.1000019833445549 0.1000019833445549 0.1000019833445549
0.1000019535422325 0.1000019535422325 0.1000019535422325 0.1000019535422325 0.1000019535422325 0.1000019535422325
0.1000021249055862 0.1000021249055862 0.1000021249055862 0.1000021249055862 0.1000021249055862 0.1000021249055862
0.1000025421380997 0.1000025421380997 0.1000025421380997 0.1000025421380997 0.1000025421380997 0.1000025421380997
0.1000018939375877 0.1000018939375877 0.1000018939375877 0.1000018939375877 0.1000018939375877 0.1000018939375877
0.1000025346875191 0.1000025346875191 0.1000025346875191 0.1000025346875191 0.1000025346875191 0.1000025346875191
0.1000012010335922 0.1000012010335922 0.1000012010335922 0.1000012010335922 0.1000012010335922 0.1000012010335922
0.1000018790364265 0.1000018790364265 0.1000018790364265 0.1000018790364265 0.1000018790364265 0.1000018790364265
0.1000006198883057 0.1000006198883057 0.1000006198883057 0.1000006198883057 0.1000006198883057 0.1000006198883057
0.1000010445713997 0.1000010445713997 0.1000010445713997 0.1000010445713997 0.1000010445713997 0.1000010445713997
0.1000006720423698 0.1000006720423698 0.1000006720423698 0.1000006720423698 0.1000006720423698 0.1000006720423698
0.1000013202428818 0.1000013202428818 0.1000013202428818 0.1000013202428818 0.1000013202428818 0.1000013202428818
0.1000009775161743 0.1000009775161743 0.1000009775161743 0.1000009775161743 0.1000009775161743 0.1000009775161743
0.1000011712312698 0.1000011712312698 0.1000011712312698 0.1000011712312698 0.1000011712312698 0.1000011712312698
0.1000020653009415 0.1000020653009415 0.1000020653009415 0.1000020653009415 0.1000020653009415 0.1000020653009415
0.1000017523765564 0.1000017523765564 0.1000017523765564 0.1000017523765564 0.1000017523765564 0.1000017523765564
0.1000026762485504 0.1000026762485504 0.1000026762485504 0.1000026762485504 0.1000026762485504 0.1000026762485504
0.1000024974346161 0.1000024974346161 0.1000024974346161 0.1000024974346161 0.1000024974346161 0.1000024974346161
0.1000029817223549 0.1000029817223549 0.1000029817223549 0.1000029817223549 0.1000029817223549 0.1000029817223549
0.1000031232833862 0.1000031232833862 0.1000031232833862 0.1000031232833862 0.1000031232833862 0.1000031232833862
0.1000026091933250 0.1000026091933250 0.1000026091933250 0.1000026091933250 0.1000026091933250 0.1000026091933250
0.1000031083822250 0.1000031083822250 0.1000031083822250 0.1000031083822250 0.1000031083822250 0.1000031083822250
0.1000017896294594 0.1000017896294594 0.1000017896294594 0.1000017896294594 0.1000017896294594 0.1000017896294594
0.1000023931264877 0.1000023931264877 0.1000023931264877 0.1000023931264877 0.1000023931264877 0.1000023931264877
0.1000011563301086 0.1000011563301086 0.1000011563301086 0.1000011563301086 0.1000011563301086 0.1000011563301086
0.1000014543533325 0.1000014543533325 0.1000014543533325 0.1000014543533325 0.1000014543533325 0.1000014543533325
0.1000009402632713 0.1000009402632713 0.1000009402632713 0.1000009402632713 0.1000009402632713 0.1000009402632713
0.1000015139579773 0.1000015139579773 0.1000015139579773 0.1000015139579773 0.1000015139579773 0.1000015139579773
0.1000011116266251 0.1000011116266251 0.1000011116266251 0.1000011116266251 0.1000011116266251 0.1000011116266251
0.1000010222196579 0.1000010222196579 0.1000010222196579 0.1000010222196579 0.1000010222196579 0.1000010222196579
0.1000022590160370 0.1000022590160370 0.1000022590160370 0.1000022590160370 0.1000022590160370 0.1000022590160370
0.1000016704201698 0.1000016704201698 0.1000016704201698 0.1000016704201698 0.1000016704201698 0.1000016704201698
0.1000030040740967 0.1000030040740967 0.1000030040740967 0.1000030040740967 0.1000030040740967 0.1000030040740967
0.1000024527311325 0.1000024527311325 0.1000024527311325 0.1000024527311325 0.1000024527311325 0.1000024527311325
0.1000033468008041 0.1000033468008041 0.1000033468008041 0.1000033468008041 0.1000033468008041 0.1000033468008041
0.1000031307339668 0.1000031307339668 0.1000031307339668 0.1000031307339668 0.1000031307339668 0.1000031307339668
0.1000029295682907 0.1000029295682907 0.1000029295682907 0.1000029295682907 0.1000029295682907 0.1000029295682907
0.1000030785799026 0.1000030785799026 0.1000030785799026 0.1000030785799026 0.1000030785799026 0.1000030785799026
0.1000020205974579 0.1000020205974579 0.1000020205974579 0.1000020205974579 0.1000020205974579 0.1000020205974579
0.1000023558735847 0.1000023558735847 0.1000023558735847 0.1000023558735847 0.1000023558735847 0.1000023558735847
0.1000012680888176 0.1000012680888176 0.1000012680888176 0.1000012680888176 0.1000012680888176 0.1000012680888176
0.1000013425946236 0.1000013425946236 0.1000013425946236 0.1000013425946236 0.1000013425946236 0.1000013425946236
0.1000008210539818 0.1000008210539818 0.1000008210539818 0.1000008210539818 0.1000008210539818 0.1000008210539818
0.1000011563301086 0.1000011563301086 0.1000011563301086 0.1000011563301086 0.1000011563301086 0.1000011563301086
0.1000008508563042 0.1000008508563042 0.1000008508563042 0.1000008508563042 0.1000008508563042 0.1000008508563042
0.1000006496906281 0.1000006496906281 0.1000006496906281 0.1000006496906281 0.1000006496906281 0.1000006496906281
0.1000019535422325 0.1000019535422325 0.1000019535422325 0.1000019535422325 0.1000019535422325 0.1000019535422325
0.1000011488795280 0.1000011488795280 0.1000011488795280 0.1000011488795280 0.1000011488795280 0.1000011488795280
0.1000026240944862 0.1000026240944862 0.1000026240944862 0.1000026240944862 0.1000026240944862 0.1000026240944862
0.1000018715858459 0.1000018715858459 0.1000018715858459 0.1000018715858459 0.1000018715858459 0.1000018715858459
0.1000029295682907 0.1000029295682907 0.1000029295682907 0.1000029295682907 0.1000029295682907 0.1000029295682907
0.1000024005770683 0.1000024005770683 0.1000024005770683 0.1000024005770683 0.1000024005770683 0.1000024005770683
0.1000025272369385 0.1000025272369385 0.1000025272369385 0.1000025272369385 0.1000025272369385 0.1000025272369385
0.1000023782253265 0.1000023782253265 0.1000023782253265 0.1000023782253265 0.1000023782253265 0.1000023782253265
0.1000016704201698 0.1000016704201698 0.1000016704201698 0.1000016704201698 0.1000016704201698 0.1000016704201698
0.1000017300248146 0.1000017300248146 0.1000017300248146 0.1000017300248146 0.1000017300248146 0.1000017300248146
0.1000009179115295 0.1000009179115295 0.1000009179115295 0.1000009179115295 0.1000009179115295 0.1000009179115295
0.1000008732080460 0.1000008732080460 0.1000008732080460 0.1000008732080460 0.1000008732080460 0.1000008732080460
0.1000004857778549 0.1000004857778549 0.1000004857778549 0.1000004857778549 0.1000004857778549 0.1000004857778549
0.1000006571412086 0.1000006571412086 0.1000006571412086 0.1000006571412086 0.1000006571412086 0.1000006571412086
0.1000003516674042 0.1000003516674042 0.1000003516674042 0.1000003516674042 0.1000003516674042 0.1000003516674042
0.1000001654028893 0.1000001654028893 0.1000001654028893 0.1000001654028893 0.1000001654028893 0.1000001654028893
0.1000012233853340 0.1000012233853340 0.1000012233853340 0.1000012233853340 0.1000012233853340 0.1000012233853340
0.1000006347894669 0.1000006347894669 0.1000006347894669 0.1000006347894669 0.1000006347894669 0.1000006347894669
0.1000017672777176 0.1000017672777176 0.1000017672777176 0.1000017672777176 0.1000017672777176 0.1000017672777176
0.1000011488795280 0.1000011488795280 0.1000011488795280 0.1000011488795280 0.1000011488795280 0.1000011488795280
0.1000019609928131 0.1000019609928131 0.1000019609928131 0.1000019609928131 0.1000019609928131 0.1000019609928131
0.1000015437602997 0.1000015437602997 0.1000015437602997 0.1000015437602997 0.1000015437602997 0.1000015437602997
0.1000016704201698 0.1000016704201698 0.1000016704201698 0.1000016704201698 0.1000016704201698 0.1000016704201698
0.1000014990568161 0.1000014990568161 0.1000014990568161 0.1000014990568161 0.1000014990568161 0.1000014990568161
0.1000009700655937 0.1000009700655937 0.1000009700655937 0.1000009700655937 0.1000009700655937 0.1000009700655937
0.1000010445713997 0.1000010445713997 0.1000010445713997 0.1000010445713997 0.1000010445713997 0.1000010445713997
0.1000004261732101 0.1000004261732101 0.1000004261732101 0.1000004261732101 0.1000004261732101 0.1000004261732101
0.1000003144145012 0.1000003144145012 0.1000003144145012 0.1000003144145012 0.1000003144145012 0.1000003144145012
0.1000000685453415 0.1000000685453415 0.1000000685453415 0.1000000685453415 0.1000000685453415 0.1000000685453415
0.1000001356005669 0.1000001356005669 0.1000001356005669 0.1000001356005669 0.1000001356005669 0.1000001356005669
0.0000000000000000 0.0000000000000000 0.0000000000000000 0.0000000000000000 0.0000000000000000 0.0000000000000000
0.0000000000000000 0.0000000000000000 0.0000000000000000 0.0000000000000000 0.0000000000000000 0.0000000000000000
0.1000006571412086 0.1000006571412086 0.1000006571412086 0.1000006571412086 0.1000006571412086 0.1000006571412086
0.1000002846121788 0.1000002846121788 0.1000002846121788 0.1000002846121788 0.1000002846121788 0.1000002846121788
0.1000010371208191 0.1000010371208191 0.1000010371208191 0.1000010371208191 0.1000010371208191 0.1000010371208191
0.1000007539987564 0.1000007539987564 0.1000007539987564 0.1000007539987564 0.1000007539987564 0.1000007539987564
0.1000011786818504 0.1000011786818504 0.1000011786818504 0.1000011786818504 0.1000011786818504 0.1000011786818504
0.1000011041760445 0.1000011041760445 0.1000011041760445 0.1000011041760445 0.1000011041760445 0.1000011041760445
0.1000009253621101 0.1000009253621101 0.1000009253621101 0.1000009253621101 0.1000009253621101 0.1000009253621101
0.1000009775161743 0.1000009775161743 0.1000009775161743 0.1000009775161743 0.1000009775161743 0.1000009775161743
0.1000003963708878 0.1000003963708878 0.1000003963708878 0.1000003963708878 0.1000003963708878 0.1000003963708878
0.1000006049871445 0.1000006049871445 0.1000006049871445 0.1000006049871445 0.1000006049871445 0.1000006049871445
0.0000000000000000 0.0000000000000000 0.0000000000000000 0.0000000000000000 0.0000000000000000 0.0000000000000000
0.1000000312924385 0.1000000312924385 0.1000000312924385 0.1000000312924385 0.1000000312924385 0.1000000312924385
0.0000000000000000 0.0000000000000000 0.0000000000000000 0.0000000000000000 0.0000000000000000 0.0000000000000000
0.1000000312924385 0.1000000312924385 0.1000000312924385 0.1000000312924385 0.1000000312924385 0.1000000312924385
0.0000000000000000 0.0000000000000000 0.0000000000000000 0.0000000000000000 0.0000000000000000 0.0000000000000000
0.1000004634261131 0.1000004634261131 0.1000004634261131 0.1000004634261131 0.1000004634261131 0.1000004634261131
0.1000008657574654 0.1000008657574654 0.1000008657574654 0.1000008657574654 0.1000008657574654 0.1000008657574654
0.1000008955597878 0.1000008955597878 0.1000008955597878 0.1000008955597878 0.1000008955597878 0.1000008955597878
0.1000007390975952 0.1000007390975952 0.1000007390975952 0.1000007390975952 0.1000007390975952 0.1000007390975952
0.1000002399086952 0.1000002399086952 0.1000002399086952 0.1000002399086952 0.1000002399086952 0.1000002399086952
0.0000000000000000 0.0000000000000000 0.0000000000000000 0.0000000000000000 0.0000000000000000 0.0000000000000000
1.0000001192092896 1.0000001192092896 1.0000001192092896 1.0000001192092896 0
1.0000007152557373 1.0000007152557373 1.0000007152557373 1.0000007152557373 0
1.0000021457672119 1.0000021457672119 1.0000021457672119 1.0000021457672119 0
1.0000027418136597 1.0000027418136597 1.0000027418136597 1.0000027418136597 0
1.0000022649765015 1.0000022649765015 1.0000022649765015 1.0000022649765015 0
1.0000000000000000 1.0000000000000000 1.0000000000000000 1.0000000000000000 0
1.0000000000000000 1.0000000000000000 1.0000000000000000 1.0000000000000000 0
0.9999998807907104 0.9999998807907104 0.9999998807907104 0.9999998807907104 0
1.0000005960464478 1.0000005960464478 1.0000005960464478 1.0000005960464478 0
1.0000029802322388 1.0000029802322388 1.0000029802322388 1.0000029802322388 0
1.0000057220458984 1.0000057220458984 1.0000057220458984 1.0000057220458984 0
1.0000070333480835 1.0000070333480835 1.0000070333480835 1.0000070333480835 0
1.0000051259994507 1.0000051259994507 1.0000051259994507 1.0000051259994507 0
1.0000013113021851 1.0000013113021851 1.0000013113021851 1.0000013113021851 0
1.0000002384185791 1.0000002384185791 1.0000002384185791 1.0000002384185791 0
1.0000003576278687 1.0000003576278687 1.0000003576278687 1.0000003576278687 0
1.0000030994415283 1.0000030994415283 1.0000030994415283 1.0000030994415283 0
1.0000061988830566 1.0000061988830566 1.0000061988830566 1.0000061988830566 0
1.0000102519989014 1.0000102519989014 1.0000102519989014 1.0000102519989014 0
1.0000114440917969 1.0000114440917969 1.0000114440917969 1.0000114440917969 0
1.0000094175338745 1.0000094175338745 1.0000094175338745 1.0000094175338745 0
1.0000047683715820 1.0000047683715820 1.0000047683715820 1.0000047683715820 0
1.0000019073486328 1.0000019073486328 1.0000019073486328 1.0000019073486328 0
1.0000013113021851 1.0000013113021851 1.0000013113021851 1.0000013113021851 0
1.0000054836273193 1.0000054836273193 1.0000054836273193 1.0000054836273193 0
1.0000091791152954 1.0000091791152954 1.0000091791152954 1.0000091791152954 0
1.0000129938125610 1.0000129938125610 1.0000129938125610 1.0000129938125610 0
1.0000145435333252 1.0000145435333252 1.0000145435333252 1.0000145435333252 0
1.0000118017196655 1.0000118017196655 1.0000118017196655 1.0000118017196655 0
1.0000076293945312 1.0000076293945312 1.0000076293945312 1.0000076293945312 0
1.0000032186508179 1.0000032186508179 1.0000032186508179 1.0000032186508179 0
1.0000033378601074 1.0000033378601074 1.0000033378601074 1.0000033378601074 0
1.0000052452087402 1.0000052452087402 1.0000052452087402 1.0000052452087402 0
1.0000091791152954 1.0000091791152954 1.0000091791152954 1.0000091791152954 0
1.0000126361846924 1.0000126361846924 1.0000126361846924 1.0000126361846924 0
1.0000137090682983 1.0000137090682983 1.0000137090682983 1.0000137090682983 0
1.0000123977661133 1.0000123977661133 1.0000123977661133 1.0000123977661133 0
1.0000075101852417 1.0000075101852417 1.0000075101852417 1.0000075101852417 0
1.0000025033950806 1.0000025033950806 1.0000025033950806 1.0000025033950806 0
1.0000022649765015 1.0000022649765015 1.0000022649765015 1.0000022649765015 0
1.0000020265579224 1.0000020265579224 1.0000020265579224 1.0000020265579224 0
1.0000052452087402 1.0000052452087402 1.0000052452087402 1.0000052452087402 0
1.0000101327896118 1.0000101327896118 1.0000101327896118 1.0000101327896118 0
1.0000110864639282 1.0000110864639282 1.0000110864639282 1.0000110864639282 0
1.0000087022781372 1.0000087022781372 1.0000087022781372 1.0000087022781372 0
1.0000035762786865 1.0000035762786865 1.0000035762786865 1.0000035762786865 0
1.0000010728836060 1.0000010728836060 1.0000010728836060 1.0000010728836060 0
1.0000005960464478 1.0000005960464478 1.0000005960464478 1.0000005960464478 0
1.0000002384185791 1.0000002384185791 1.0000002384185791 1.0000002384185791 0
1.0000010728836060 1.0000010728836060 1.0000010728836060 1.0000010728836060 0
1.0000039339065552 1.0000039339065552 1.0000039339065552 1.0000039339065552 0
1.0000046491622925 1.0000046491622925 1.0000046491622925 1.0000046491622925 0
1.0000030994415283 1.0000030994415283 1.0000030994415283 1.0000030994415283 0
1.0000004768371582 1.0000004768371582 1.0000004768371582 1.0000004768371582 0
1.0000000000000000 1.0000000000000000 1.0000000000000000 1.0000000000000000 0
1.0000000000000000 1.0000000000000000 1.0000000000000000 1.0000000000000000 0
1.0000000000000000 1.0000000000000000 1.0000000000000000 1.0000000000000000 0
1.0000002384185791 1.0000002384185791 1.0000002384185791 1.0000002384185791 0
1.0000021457672119 1.0000021457672119 1.0000021457672119 1.0000021457672119 0
1.0000021457672119 1.0000021457672119 1.0000021457672119 1.0000021457672119 0
1.0000013113021851 1.0000013113021851 1.0000013113021851 1.0000013113021851 0
1.0000000000000000 1.0000000000000000 1.0000000000000000 1.0000000000000000 0
0.9999999403953552 0.9999999403953552 0.9999999403953552 0.9999999403953552 0
0.9999998807907104 0.9999998807907104 0.9999998807907104 0.9999998807907104 0
0.1000003069639206 0.1000003069639206 0.1000003069639206 0.1000003069639206 0.1000003069639206 0.1000003069639206
0.0000000000000000 0.0000000000000000 0.0000000000000000 0.0000000000000000 0.0000000000000000 0.0000000000000000
0.1000002473592758 0.1000002473592758 0.1000002473592758 0.1000002473592758 0.1000002473592758 0.1000002473592758
0.1000000834465027 0.1000000834465027 0.1000000834465027 0.1000000834465027 0.1000000834465027 0.1000000834465027
0.1000007763504982 0.1000007763504982 0.1000007763504982 0.1000007763504982 0.1000007763504982 0.1000007763504982
0.1000008136034012 0.1000008136034012 0.1000008136034012 0.1000008136034012 0.1000008136034012 0.1000008136034012
0.1000005155801773 0.1000005155801773 0.1000005155801773 0.1000005155801773 0.1000005155801773 0.1000005155801773
0.1000009998679161 0.1000009998679161 0.1000009998679161 0.1000009998679161 0.1000009998679161 0.1000009998679161
0.1000012233853340 0.1000012233853340 0.1000012233853340 0.1000012233853340 0.1000012233853340 0.1000012233853340
0.1000009477138519 0.1000009477138519 0.1000009477138519 0.1000009477138519 0.1000009477138519 0.1000009477138519
0.1000009775161743 0.1000009775161743 0.1000009775161743 0.1000009775161743 0.1000009775161743 0.1000009775161743
0.1000014469027519 0.1000014469027519 0.1000014469027519 0.1000014469027519 0.1000014469027519 0.1000014469027519
0.1000010743737221 0.1000010743737221 0.1000010743737221 0.1000010743737221 0.1000010743737221 0.1000010743737221
0.1000006273388863 0.1000006273388863 0.1000006273388863 0.1000006273388863 0.1000006273388863 0.1000006273388863
0.1000011190772057 0.1000011190772057 0.1000011190772057 0.1000011190772057 0.1000011190772057 0.1000011190772057
0.1000007763504982 0.1000007763504982 0.1000007763504982 0.1000007763504982 0.1000007763504982 0.1000007763504982
0.1000001132488251 0.1000001132488251 0.1000001132488251 0.1000001132488251 0.1000001132488251 0.1000001132488251
0.1000005900859833 0.1000005900859833 0.1000005900859833 0.1000005900859833 0.1000005900859833 0.1000005900859833
0.1000003069639206 0.1000003069639206 0.1000003069639206 0.1000003069639206 0.1000003069639206 0.1000003069639206
0.0000000000000000 0.0000000000000000 0.0000000000000000 0.0000000000000000 0.0000000000000000 0.0000000000000000
0.1000001356005669 0.1000001356005669 0.1000001356005669 0.1000001356005669 0.1000001356005669 0.1000001356005669
0.0000000000000000 0.0000000000000000 0.0000000000000000 0.0000000000000000 0.0000000000000000 0.0000000000000000
0.0000000000000000 0.0000000000000000 0.0000000000000000 0.0000000000000000 0.0000000000000000 0.0000000000000000
0.0000000000000000 0.0000000000000000 0.0000000000000000 0.0000000000000000 0.0000000000000000 0.0000000000000000
0.1000008136034012 0.1000008136034012 0.1000008136034012 0.1000008136034012 0.1000008136034012 0.1000008136034012
0.1000003144145012 0.1000003144145012 0.1000003144145012 0.1000003144145012 0.1000003144145012 0.1000003144145012
0.1000008806586266 0.1000008806586266 0.1000008806586266 0.1000008806586266 0.1000008806586266 0.1000008806586266
0.1000012829899788 0.1000012829899788 0.1000012829899788 0.1000012829899788 0.1000012829899788 0.1000012829899788
0.1000013947486877 0.1000013947486877 0.1000013947486877 0.1000013947486877 0.1000013947486877 0.1000013947486877
0.1000016480684280 0.1000016480684280 0.1000016480684280 0.1000016480684280 0.1000016480684280 0.1000016480684280
0.1000019907951355 0.1000019907951355 0.1000019907951355 0.1000019907951355 0.1000019907951355 0.1000019907951355
0.1000016033649445 0.1000016033649445 0.1000016033649445 0.1000016033649445 0.1000016033649445 0.1000016033649445
0.1000022366642952 0.1000022366642952 0.1000022366642952 0.1000022366642952 0.1000022366642952 0.1000022366642952
0.1000011563301086 0.1000011563301086 0.1000011563301086 0.1000011563301086 0.1000011563301086 0.1000011563301086
0.1000018715858459 0.1000018715858459 0.1000018715858459 0.1000018715858459 0.1000018715858459 0.1000018715858459
0.1000006124377251 0.1000006124377251 0.1000006124377251 0.1000006124377251 0.1000006124377251 0.1000006124377251
0.1000011786818504 0.1000011786818504 0.1000011786818504 0.1000011786818504 0.1000011786818504 0.1000011786818504
0.1000002622604370 0.1000002622604370 0.1000002622604370 0.1000002622604370 0.1000002622604370 0.1000002622604370
0.1000006347894669 0.1000006347894669 0.1000006347894669 0.1000006347894669 0.1000006347894669 0.1000006347894669
0.1000004634261131 0.1000004634261131 0.1000004634261131 0.1000004634261131 0.1000004634261131 0.1000004634261131
0.1000013574957848 0.1000013574957848 0.1000013574957848 0.1000013574957848 0.1000013574957848 0.1000013574957848
0.1000009477138519 0.1000009477138519 0.1000009477138519 0.1000009477138519 0.1000009477138519 0.1000009477138519
0.1000013053417206 0.1000013053417206 0.1000013053417206 0.1000013053417206 0.1000013053417206 0.1000013053417206
0.1000020429491997 0.1000020429491997 0.1000020429491997 0.1000020429491997 0.1000020429491997 0.1000020429491997
0.1000020131468773 0.1000020131468773 0.1000020131468773 0.1000020131468773 0.1000020131468773 0.1000020131468773
0.1000024229288101 0.1000024229288101 0.1000024229288101 0.1000024229288101 0.1000024229288101 0.1000024229288101
0.1000026911497116 0.1000026911497116 0.1000026911497116 0.1000026911497116 0.1000026911497116 0.1000026911497116
0.1000024527311325 0.1000024527311325 0.1000024527311325 0.1000024527311325 0.1000024527311325 0.1000024527311325
0.1000029668211937 0.1000029668211937 0.1000029668211937 0.1000029668211937 0.1000029668211937 0.1000029668211937
0.1000018417835236 0.1000018417835236 0.1000018417835236 0.1000018417835236 0.1000018417835236 0.1000018417835236
0.1000026091933250 0.1000026091933250 0.1000026091933250 0.1000026091933250 0.1000026091933250 0.1000026091933250
0.1000011339783669 0.1000011339783669 0.1000011339783669 0.1000011339783669 0.1000011339783669 0.1000011339783669
0.1000017672777176 0.1000017672777176 0.1000017672777176 0.1000017672777176 0.1000017672777176 0.1000017672777176
0.1000008136034012 0.1000008136034012 0.1000008136034012 0.1000008136034012 0.1000008136034012 0.1000008136034012
0.1000010296702385 0.1000010296702385 0.1000010296702385 0.1000010296702385 0.1000010296702385 0.1000010296702385
0.1000008955597878 0.1000008955597878 0.1000008955597878 0.1000008955597878 0.1000008955597878 0.1000008955597878
0.1000019088387489 0.1000019088387489 0.1000019088387489 0.1000019088387489 0.1000019088387489 0.1000019088387489
0.1000012829899788 0.1000012829899788 0.1000012829899788 0.1000012829899788 0.1000012829899788 0.1000012829899788
0.1000014841556549 0.1000014841556549 0.1000014841556549 0.1000014841556549 0.1000014841556549 0.1000014841556549
0.1000026240944862 0.1000026240944862 0.1000026240944862 0.1000026240944862 0.1000026240944862 0.1000026240944862
0.1000022292137146 0.1000022292137146 0.1000022292137146 0.1000022292137146 0.1000022292137146 0.1000022292137146
0.1000031530857086 0.1000031530857086 0.1000031530857086 0.1000031530857086 0.1000031530857086 0.1000031530857086
0.1000029295682907 0.1000029295682907 0.1000029295682907 0.1000029295682907 0.1000029295682907 0.1000029295682907
0.1000031009316444 0.1000031009316444 0.1000031009316444 0.1000031009316444 0.1000031009316444 0.1000031009316444
0.1000032648444176 0.1000032648444176 0.1000032648444176 0.1000032648444176 0.1000032648444176 0.1000032648444176
0.1000024080276489 0.1000024080276489 0.1000024080276489 0.1000024080276489 0.1000024080276489 0.1000024080276489
0.1000028550624847 0.1000028550624847 0.1000028550624847 0.1000028550624847 0.1000028550624847 0.1000028550624847
0.1000016331672668 0.1000016331672668 0.1000016331672668 0.1000016331672668 0.1000016331672668 0.1000016331672668
0.1000019237399101 0.1000019237399101 0.1000019237399101 0.1000019237399101 0.1000019237399101 0.1000019237399101
0.1000012010335922 0.1000012010335922 0.1000012010335922 0.1000012010335922 0.1000012010335922 0.1000012010335922
0.1000012084841728 0.1000012084841728 0.1000012084841728 0.1000012084841728 0.1000012084841728 0.1000012084841728
0.1000009849667549 0.1000009849667549 0.1000009849667549 0.1000009849667549 0.1000009849667549 0.1000009849667549
0.1000017672777176 0.1000017672777176 0.1000017672777176 0.1000017672777176 0.1000017672777176 0.1000017672777176
0.1000011041760445 0.1000011041760445 0.1000011041760445 0.1000011041760445 0.1000011041760445 0.1000011041760445
0.1000012159347534 0.1000012159347534 0.1000012159347534 0.1000012159347534 0.1000012159347534 0.1000012159347534
0.1000025793910027 0.1000025793910027 0.1000025793910027 0.1000025793910027 0.1000025793910027 0.1000025793910027
0.1000019162893295 0.1000019162893295 0.1000019162893295 0.1000019162893295 0.1000019162893295 0.1000019162893295
0.1000030264258385 0.1000030264258385 0.1000030264258385 0.1000030264258385 0.1000030264258385 0.1000030264258385
0.1000025942921638 0.1000025942921638 0.1000025942921638 0.1000025942921638 0.1000025942921638 0.1000025942921638
0.1000030115246773 0.1000030115246773 0.1000030115246773 0.1000030115246773 0.1000030115246773 0.1000030115246773
0.1000028997659683 0.1000028997659683 0.1000028997659683 0.1000028997659683 0.1000028997659683 0.1000028997659683
0.1000023782253265 0.1000023782253265 0.1000023782253265 0.1000023782253265 0.1000023782253265 0.1000023782253265
0.1000024974346161 0.1000024974346161 0.1000024974346161 0.1000024974346161 0.1000024974346161 0.1000024974346161
0.1000014692544937 0.1000014692544937 0.1000014692544937 0.1000014692544937 0.1000014692544937 0.1000014692544937
0.1000016629695892 0.1000016629695892 0.1000016629695892 0.1000016629695892 0.1000016629695892 0.1000016629695892
0.1000009924173355 0.1000009924173355 0.1000009924173355 0.1000009924173355 0.1000009924173355 0.1000009924173355
0.1000009551644325 0.1000009551644325 0.1000009551644325 0.1000009551644325 0.1000009551644325 0.1000009551644325
0.1000007987022400 0.1000007987022400 0.1000007987022400 0.1000007987022400 0.1000007987022400 0.1000007987022400
0.1000012010335922 0.1000012010335922 0.1000012010335922 0.1000012010335922 0.1000012010335922 0.1000012010335922
0.1000007539987564 0.1000007539987564 0.1000007539987564 0.1000007539987564 0.1000007539987564 0.1000007539987564
0.1000006571412086 0.1000006571412086 0.1000006571412086 0.1000006571412086 0.1000006571412086 0.1000006571412086
0.1000019013881683 0.1000019013881683 0.1000019013881683 0.1000019013881683 0.1000019013881683 0.1000019013881683
0.1000012084841728 0.1000012084841728 0.1000012084841728 0.1000012084841728 0.1000012084841728 0.1000012084841728
0.1000023409724236 0.1000023409724236 0.1000023409724236 0.1000023409724236 0.1000023409724236 0.1000023409724236
0.1000017598271370 0.1000017598271370 0.1000017598271370 0.1000017598271370 0.1000017598271370 0.1000017598271370
0.1000022888183594 0.1000022888183594 0.1000022888183594 0.1000022888183594 0.1000022888183594 0.1000022888183594
0.1000020056962967 0.1000020056962967 0.1000020056962967 0.1000020056962967 0.1000020056962967 0.1000020056962967
0.1000017300248146 0.1000017300248146 0.1000017300248146 0.1000017300248146 0.1000017300248146 0.1000017300248146
0.1000016555190086 0.1000016555190086 0.1000016555190086 0.1000016555190086 0.1000016555190086 0.1000016555190086
0.1000010520219803 0.1000010520219803 0.1000010520219803 0.1000010520219803 0.1000010520219803 0.1000010520219803
0.1000009924173355 0.1000009924173355 0.1000009924173355 0.1000009924173355 0.1000009924173355 0.1000009924173355
0.1000006273388863 0.1000006273388863 0.1000006273388863 0.1000006273388863 0.1000006273388863 0.1000006273388863
0.1000004112720490 0.1000004112720490 0.1000004112720490 0.1000004112720490 0.1000004112720490 0.1000004112720490
0.1000003144145012 0.1000003144145012 0.1000003144145012 0.1000003144145012 0.1000003144145012 0.1000003144145012
0.1000005677342415 0.1000005677342415 0.1000005677342415 0.1000005677342415 0.1000005677342415 0.1000005677342415
0.1000001505017281 0.1000001505017281 0.1000001505017281 0.1000001505017281 0.1000001505017281 0.1000001505017281
0.1000001505017281 0.1000001505017281 0.1000001505017281 0.1000001505017281 0.1000001505017281 0.1000001505017281
0.1000010371208191 0.1000010371208191 0.1000010371208191 0.1000010371208191 0.1000010371208191 0.1000010371208191
0.1000006571412086 0.1000006571412086 0.1000006571412086 0.1000006571412086 0.1000006571412086 0.1000006571412086
0.1000014096498489 0.1000014096498489 0.1000014096498489 0.1000014096498489 0.1000014096498489 0.1000014096498489
0.1000010743737221 0.1000010743737221 0.1000010743737221 0.1000010743737221 0.1000010743737221 0.1000010743737221
0.1000013127923012 0.1000013127923012 0.1000013127923012 0.1000013127923012 0.1000013127923012 0.1000013127923012
0.1000012978911400 0.1000012978911400 0.1000012978911400 0.1000012978911400 0.1000012978911400 0.1000012978911400
0.1000008508563042 0.1000008508563042 0.1000008508563042 0.1000008508563042 0.1000008508563042 0.1000008508563042
0.1000009104609489 0.1000009104609489 0.1000009104609489 0.1000009104609489 0.1000009104609489 0.1000009104609489
0.1000003516674042 0.1000003516674042 0.1000003516674042 0.1000003516674042 0.1000003516674042 0.1000003516674042
0.1000004783272743 0.1000004783272743 0.1000004783272743 0.1000004783272743 0.1000004783272743 0.1000004783272743
0.1000000536441803 0.1000000536441803 0.1000000536441803 0.1000000536441803 0.1000000536441803 0.1000000536441803
0.0000000000000000 0.0000000000000000 0.0000000000000000 0.0000000000000000 0.0000000000000000 0.0000000000000000
0.0000000000000000 0.0000000000000000 0.0000000000000000 0.0000000000000000 0.0000000000000000 0.0000000000000000
0.1000002324581146 0.1000002324581146 0.1000002324581146 0.1000002324581146 0.1000002324581146 0.1000002324581146
0.0000000000000000 0.0000000000000000 0.0000000000000000 0.0000000000000000 0.0000000000000000 0.0000000000000000
0.1000007092952728 0.1000007092952728 0.1000007092952728 0.1000007092952728 0.1000007092952728 0.1000007092952728
0.1000009849667549 0.1000009849667549 0.1000009849667549 0.1000009849667549 0.1000009849667549 0.1000009849667549
0.1000008359551430 0.1000008359551430 0.1000008359551430 0.1000008359551430 0.1000008359551430 0.1000008359551430
0.1000005155801773 0.1000005155801773 0.1000005155801773 0.1000005155801773 0.1000005155801773 0.1000005155801773
0.1000000759959221 0.1000000759959221 0.1000000759959221 0.1000000759959221 0.1000000759959221 0.1000000759959221
0.0000000000000000 0.0000000000000000 0.0000000000000000 0.0000000000000000 0.0000000000000000 0.0000000000000000
0.9999997615814209 0.9999997615814209 0.9999997615814209 0.9999997615814209 0
1.0000066757202148 1.0000066757202148 1.0000066757202148 1.0000066757202148 0
1.0000152587890625 1.0000152587890625 1.0000152587890625 1.0000152587890625 0
1.0000228881835938 1.0000228881835938 1.0000228881835938 1.0000228881835938 0
1.0000205039978027 1.0000205039978027 1.0000205039978027 1.0000205039978027 0
1.0000132322311401 1.0000132322311401 1.0000132322311401 1.0000132322311401 0
1.0000023841857910 1.0000023841857910 1.0000023841857910 1.0000023841857910 0
0.9999979734420776 0.9999979734420776 0.9999979734420776 0.9999979734420776 0
1.0000069141387939 1.0000069141387939 1.0000069141387939 1.0000069141387939 0
1.0000158548355103 1.0000158548355103 1.0000158548355103 1.0000158548355103 0
1.0000251531600952 1.0000251531600952 1.0000251531600952 1.0000251531600952 0
1.0000345706939697 1.0000345706939697 1.0000345706939697 1.0000345706939697 0
1.0000333786010742 1.0000333786010742 1.0000333786010742 1.0000333786010742 0
1.0000237226486206 1.0000237226486206 1.0000237226486206 1.0000237226486206 0
1.0000098943710327 1.0000098943710327 1.0000098943710327 1.0000098943710327 0
1.0000051259994507 1.0000051259994507 1.0000051259994507 1.0000051259994507 0
1.0000153779983521 1.0000153779983521 1.0000153779983521 1.0000153779983521 0
1.0000257492065430 1.0000257492065430 1.0000257492065430 1.0000257492065430 0
1.0000348091125488 1.0000348091125488 1.0000348091125488 1.0000348091125488 0
1.0000485181808472 1.0000485181808472 1.0000485181808472 1.0000485181808472 0
1.0000472068786621 1.0000472068786621 1.0000472068786621 1.0000472068786621 0
1.0000334978103638 1.0000334978103638 1.0000334978103638 1.0000334978103638 0
1.0000184774398804 1.0000184774398804 1.0000184774398804 1.0000184774398804 0
1.0000128746032715 1.0000128746032715 1.0000128746032715 1.0000128746032715 0
1.0000178813934326 1.0000178813934326 1.0000178813934326 1.0000178813934326 0
1.0000298023223877 1.0000298023223877 1.0000298023223877 1.0000298023223877 0
1.0000417232513428 1.0000417232513428 1.0000417232513428 1.0000417232513428 0
1.0000554323196411 1.0000554323196411 1.0000554323196411 1.0000554323196411 0
1.0000536441802979 1.0000536441802979 1.0000536441802979 1.0000536441802979 0
1.0000407695770264 1.0000407695770264 1.0000407695770264 1.0000407695770264 0
1.0000230073928833 1.0000230073928833 1.0000230073928833 1.0000230073928833 0
1.0000146627426147 1.0000146627426147 1.0000146627426147 1.0000146627426147 0
1.0000123977661133 1.0000123977661133 1.0000123977661133 1.0000123977661133 0
1.0000231266021729 1.0000231266021729 1.0000231266021729 1.0000231266021729 0
1.0000339746475220 1.0000339746475220 1.0000339746475220 1.0000339746475220 0
1.0000466108322144 1.0000466108322144 1.0000466108322144 1.0000466108322144 0
1.0000456571578979 1.0000456571578979 1.0000456571578979 1.0000456571578979 0
1.0000333786010742 1.0000333786010742 1.0000333786010742 1.0000333786010742 0
1.0000162124633789 1.0000162124633789 1.0000162124633789 1.0000162124633789 0
1.0000089406967163 1.0000089406967163 1.0000089406967163 1.0000089406967163 0
1.0000044107437134 1.0000044107437134 1.0000044107437134 1.0000044107437134 0
1.0000133514404297 1.0000133514404297 1.0000133514404297 1.0000133514404297 0
1.0000212192535400 1.0000212192535400 1.0000212192535400 1.0000212192535400 0
1.0000305175781250 1.0000305175781250 1.0000305175781250 1.0000305175781250 0
1.0000302791595459 1.0000302791595459 1.0000302791595459 1.0000302791595459 0
1.0000197887420654 1.0000197887420654 1.0000197887420654 1.0000197887420654 0
1.0000081062316895 1.0000081062316895 1.0000081062316895 1.0000081062316895 0
1.0000021457672119 1.0000021457672119 1.0000021457672119 1.0000021457672119 0
0.9999973177909851 0.9999973177909851 0.9999973177909851 0.9999973177909851 0
1.0000044107437134 1.0000044107437134 1.0000044107437134 1.0000044107437134 0
1.0000108480453491 1.0000108480453491 1.0000108480453491 1.0000108480453491 0
1.0000184774398804 1.0000184774398804 1.0000184774398804 1.0000184774398804 0
1.0000168085098267 1.0000168085098267 1.0000168085098267 1.0000168085098267 0
1.0000097751617432 1.0000097751617432 1.0000097751617432 1.0000097751617432 0
1.0000000000000000 1.0000000000000000 1.0000000000000000 1.0000000000000000 0
0.9999961853027344 0.9999961853027344 0.9999961853027344 0.9999961853027344 0
0.9999949932098389 0.9999949932098389 0.9999949932098389 0.9999949932098389 0
1.0000013113021851 1.0000013113021851 1.0000013113021851 1.0000013113021851 0
1.0000084638595581 1.0000084638595581 1.0000084638595581 1.0000084638595581 0
1.0000143051147461 1.0000143051147461 1.0000143051147461 1.0000143051147461 0
1.0000113248825073 1.0000113248825073 1.0000113248825073 1.0000113248825073 0
1.0000065565109253 1.0000065565109253 1.0000065565109253 1.0000065565109253 0
0.9999967813491821 0.9999967813491821 0.9999967813491821 0.9999967813491821 0
0.9999932050704956 0.9999932050704956 0.9999932050704956 0.9999932050704956 0
0.1000001505017281 0.1000001505017281 0.1000001505017281 0.1000001505017281 0.1000001505017281 0.1000001505017281
0.0000000000000000 0.0000000000000000 0.0000000000000000 0.0000000000000000 0.0000000000000000 0.0000000000000000
0.1000003963708878 0.1000003963708878 0.1000003963708878 0.1000003963708878 0.1000003963708878 0.1000003963708878
0.0000000000000000 0.0000000000000000 0.0000000000000000 0.0000000000000000 0.0000000000000000 0.0000000000000000
0.1000021249055862 0.1000021249055862 0.1000021249055862 0.1000021249055862 0.1000021249055862 0.1000021249055862
0.1000027507543564 0.1000027507543564 0.1000027507543564 0.1000027507543564 0.1000027507543564 0.1000027507543564
0.1000007838010788 0.1000007838010788 0.1000007838010788 0.1000007838010788 0.1000007838010788 0.1000007838010788
0.1000041216611862 0.1000041216611862 0.1000041216611862 0.1000041216611862 0.1000041216611862 0.1000041216611862
0.1000048443675041 0.1000048443675041 0.1000048443675041 0.1000048443675041 0.1000048443675041 0.1000048443675041
0.1000024974346161 0.1000024974346161 0.1000024974346161 0.1000024974346161 0.1000024974346161 0.1000024974346161
0.1000047028064728 0.1000047028064728 0.1000047028064728 0.1000047028064728 0.1000047028064728 0.1000047028064728
0.1000068858265877 0.1000068858265877 0.1000068858265877 0.1000068858265877 0.1000068858265877 0.1000068858265877
0.1000039279460907 0.1000039279460907 0.1000039279460907 0.1000039279460907 0.1000039279460907 0.1000039279460907
0.1000035107135773 0.1000035107135773 0.1000035107135773 0.1000035107135773 0.1000035107135773 0.1000035107135773
0.1000064834952354 0.1000064834952354 0.1000064834952354 0.1000064834952354 0.1000064834952354 0.1000064834952354
0.1000035852193832 0.1000035852193832 0.1000035852193832 0.1000035852193832 0.1000035852193832 0.1000035852193832
0.1000015586614609 0.1000015586614609 0.1000015586614609 0.1000015586614609 0.1000015586614609 0.1000015586614609
0.1000041067600250 0.1000041067600250 0.1000041067600250 0.1000041067600250 0.1000041067600250 0.1000041067600250
0.1000015735626221 0.1000015735626221 0.1000015735626221 0.1000015735626221 0.1000015735626221 0.1000015735626221
0.0000000000000000 0.0000000000000000 0.0000000000000000 0.0000000000000000 0.0000000000000000 0.0000000000000000
0.1000017970800400 0.1000017970800400 0.1000017970800400 0.1000017970800400 0.1000017970800400 0.1000017970800400
0.1000000089406967 0.1000000089406967 0.1000000089406967 0.1000000089406967 0.1000000089406967 0.1000000089406967
0.0000000000000000 0.0000000000000000 0.0000000000000000 0.0000000000000000 0.0000000000000000 0.0000000000000000
0.0000000000000000 0.0000000000000000 0.0000000000000000 0.0000000000000000 0.0000000000000000 0.0000000000000000
0.1000023558735847 0.1000023558735847 0.1000023558735847 0.1000023558735847 0.1000023558735847 0.1000023558735847
0.1000010594725609 0.1000010594725609 0.1000010594725609 0.1000010594725609 0.1000010594725609 0.1000010594725609
0.1000024229288101 0.1000024229288101 0.1000024229288101 0.1000024229288101 0.1000024229288101 0.1000024229288101
0.1000047475099564 0.1000047475099564 0.1000047475099564 0.1000047475099564 0.1000047475099564 0.1000047475099564
0.1000052914023399 0.1000052914023399 0.1000052914023399 0.1000052914023399 0.1000052914023399 0.1000052914023399
0.1000073924660683 0.1000073924660683 0.1000073924660683 0.1000073924660683 0.1000073924660683 0.1000073924660683
0.1000077798962593 0.1000077798962593 0.1000077798962593 0.1000077798962593 0.1000077798962593 0.1000077798962593
0.1000083833932877 0.1000083833932877 0.1000083833932877 0.1000083833932877 0.1000083833932877 0.1000083833932877
0.1000104099512100 0.1000104099512100 0.1000104099512100 0.1000104099512100 0.1000104099512100 0.1000104099512100
0.1000067964196205 0.1000067964196205 0.1000067964196205 0.1000067964196205 0.1000067964196205 0.1000067964196205
0.1000102758407593 0.1000102758407593 0.1000102758407593 0.1000102758407593 0.1000102758407593 0.1000102758407593
0.1000040769577026 0.1000040769577026 0.1000040769577026 0.1000040769577026 0.1000040769577026 0.1000040769577026
0.1000070422887802 0.1000070422887802 0.1000070422887802 0.1000070422887802 0.1000070422887802 0.1000070422887802
0.1000017151236534 0.1000017151236534 0.1000017151236534 0.1000017151236534 0.1000017151236534 0.1000017151236534
0.1000040546059608 0.1000040546059608 0.1000040546059608 0.1000040546059608 0.1000040546059608 0.1000040546059608
0.1000017225742340 0.1000017225742340 0.1000017225742340 0.1000017225742340 0.1000017225742340 0.1000017225742340
0.1000045537948608 0.1000045537948608 0.1000045537948608 0.1000045537948608 0.1000045537948608 0.1000045537948608
0.1000028848648071 0.1000028848648071 0.1000028848648071 0.1000028848648071 0.1000028848648071 0.1000028848648071
0.1000033617019653 0.1000033617019653 0.1000033617019653 0.1000033617019653 0.1000033617019653 0.1000033617019653
0.1000073626637459 0.1000073626637459 0.1000073626637459 0.1000073626637459 0.1000073626637459 0.1000073626637459
0.1000065952539444 0.1000065952539444 0.1000065952539444 0.1000065952539444 0.1000065952539444 0.1000065952539444
0.1000103726983070 0.1000103726983070 0.1000103726983070 0.1000103726983070 0.1000103726983070 0.1000103726983070
0.1000095084309578 0.1000095084309578 0.1000095084309578 0.1000095084309578 0.1000095084309578 0.1000095084309578
0.1000118404626846 0.1000118404626846 0.1000118404626846 0.1000118404626846 0.1000118404626846 0.1000118404626846
0.1000125482678413 0.1000125482678413 0.1000125482678413 0.1000125482678413 0.1000125482678413 0.1000125482678413
0.1000097766518593 0.1000097766518593 0.1000097766518593 0.1000097766518593 0.1000097766518593 0.1000097766518593
0.1000124216079712 0.1000124216079712 0.1000124216079712 0.1000124216079712 0.1000124216079712 0.1000124216079712
0.1000065430998802 0.1000065430998802 0.1000065430998802 0.1000065430998802 0.1000065430998802 0.1000065430998802
0.1000087335705757 0.1000087335705757 0.1000087335705757 0.1000087335705757 0.1000087335705757 0.1000087335705757
0.1000036746263504 0.1000036746263504 0.1000036746263504 0.1000036746263504 0.1000036746263504 0.1000036746263504
0.1000052690505981 0.1000052690505981 0.1000052690505981 0.1000052690505981 0.1000052690505981 0.1000052690505981
0.1000024974346161 0.1000024974346161 0.1000024974346161 0.1000024974346161 0.1000024974346161 0.1000024974346161
0.1000049561262131 0.1000049561262131 0.1000049561262131 0.1000049561262131 0.1000049561262131 0.1000049561262131
0.1000031679868698 0.1000031679868698 0.1000031679868698 0.1000031679868698 0.1000031679868698 0.1000031679868698
0.1000029891729355 0.1000029891729355 0.1000029891729355 0.1000029891729355 0.1000029891729355 0.1000029891729355
0.1000082939863205 0.1000082939863205 0.1000082939863205 0.1000082939863205 0.1000082939863205 0.1000082939863205
0.1000063419342041 0.1000063419342041 0.1000063419342041 0.1000063419342041 0.1000063419342041 0.1000063419342041
0.1000116020441055 0.1000116020441055 0.1000116020441055 0.1000116020441055 0.1000116020441055 0.1000116020441055
0.1000093445181847 0.1000093445181847 0.1000093445181847 0.1000093445181847 0.1000093445181847 0.1000093445181847
0.1000131219625473 0.1000131219625473 0.1000131219625473 0.1000131219625473 0.1000131219625473 0.1000131219625473
0.1000122874975204 0.1000122874975204 0.1000122874975204 0.1000122874975204 0.1000122874975204 0.1000122874975204
0.1000108346343040 0.1000108346343040 0.1000108346343040 0.1000108346343040 0.1000108346343040 0.1000108346343040
0.1000122055411339 0.1000122055411339 0.1000122055411339 0.1000122055411339 0.1000122055411339 0.1000122055411339
0.1000073701143265 0.1000073701143265 0.1000073701143265 0.1000073701143265 0.1000073701143265 0.1000073701143265
0.1000084877014160 0.1000084877014160 0.1000084877014160 0.1000084877014160 0.1000084877014160 0.1000084877014160
0.1000039726495743 0.1000039726495743 0.1000039726495743 0.1000039726495743 0.1000039726495743 0.1000039726495743
0.1000049635767937 0.1000049635767937 0.1000049635767937 0.1000049635767937 0.1000049635767937 0.1000049635767937
0.1000020876526833 0.1000020876526833 0.1000020876526833 0.1000020876526833 0.1000020876526833 0.1000020876526833
0.1000033617019653 0.1000033617019653 0.1000033617019653 0.1000033617019653 0.1000033617019653 0.1000033617019653
0.1000019758939743 0.1000019758939743 0.1000019758939743 0.1000019758939743 0.1000019758939743 0.1000019758939743
0.1000015065073967 0.1000015065073967 0.1000015065073967 0.1000015065073967 0.1000015065073967 0.1000015065073967
0.1000065803527832 0.1000065803527832 0.1000065803527832 0.1000065803527832 0.1000065803527832 0.1000065803527832
0.1000044569373131 0.1000044569373131 0.1000044569373131 0.1000044569373131 0.1000044569373131 0.1000044569373131
0.1000096946954727 0.1000096946954727 0.1000096946954727 0.1000096946954727 0.1000096946954727 0.1000096946954727
0.1000069975852966 0.1000069975852966 0.1000069975852966 0.1000069975852966 0.1000069975852966 0.1000069975852966
0.1000110134482384 0.1000110134482384 0.1000110134482384 0.1000110134482384 0.1000110134482384 0.1000110134482384
0.1000093221664429 0.1000093221664429 0.1000093221664429 0.1000093221664429 0.1000093221664429 0.1000093221664429
0.1000090390443802 0.1000090390443802 0.1000090390443802 0.1000090390443802 0.1000090390443802 0.1000090390443802
0.1000094190239906 0.1000094190239906 0.1000094190239906 0.1000094190239906 0.1000094190239906 0.1000094190239906
0.1000057160854340 0.1000057160854340 0.1000057160854340 0.1000057160854340 0.1000057160854340 0.1000057160854340
0.1000062152743340 0.1000062152743340 0.1000062152743340 0.1000062152743340 0.1000062152743340 0.1000062152743340
0.1000025570392609 0.1000025570392609 0.1000025570392609 0.1000025570392609 0.1000025570392609 0.1000025570392609
0.1000032946467400 0.1000032946467400 0.1000032946467400 0.1000032946467400 0.1000032946467400 0.1000032946467400
0.1000009328126907 0.1000009328126907 0.1000009328126907 0.1000009328126907 0.1000009328126907 0.1000009328126907
0.1000018492341042 0.1000018492341042 0.1000018492341042 0.1000018492341042 0.1000018492341042 0.1000018492341042
0.1000005826354027 0.1000005826354027 0.1000005826354027 0.1000005826354027 0.1000005826354027 0.1000005826354027
0.1000000908970833 0.1000000908970833 0.1000000908970833 0.1000000908970833 0.1000000908970833 0.1000000908970833
0.1000042036175728 0.1000042036175728 0.1000042036175728 0.1000042036175728 0.1000042036175728 0.1000042036175728
0.1000022888183594 0.1000022888183594 0.1000022888183594 0.1000022888183594 0.1000022888183594 0.1000022888183594
0.1000067517161369 0.1000067517161369 0.1000067517161369 0.1000067517161369 0.1000067517161369 0.1000067517161369
0.1000042110681534 0.1000042110681534 0.1000042110681534 0.1000042110681534 0.1000042110681534 0.1000042110681534
0.1000077202916145 0.1000077202916145 0.1000077202916145 0.1000077202916145 0.1000077202916145 0.1000077202916145
0.1000061035156250 0.1000061035156250 0.1000061035156250 0.1000061035156250 0.1000061035156250 0.1000061035156250
0.1000061333179474 0.1000061333179474 0.1000061333179474 0.1000061333179474 0.1000061333179474 0.1000061333179474
0.1000058129429817 0.1000058129429817 0.1000058129429817 0.1000058129429817 0.1000058129429817 0.1000058129429817
0.1000034809112549 0.1000034809112549 0.1000034809112549 0.1000034809112549 0.1000034809112549 0.1000034809112549
0.1000034287571907 0.1000034287571907 0.1000034287571907 0.1000034287571907 0.1000034287571907 0.1000034287571907
0.1000011265277863 0.1000011265277863 0.1000011265277863 0.1000011265277863 0.1000011265277863 0.1000011265277863
0.1000012159347534 0.1000012159347534 0.1000012159347534 0.1000012159347534 0.1000012159347534 0.1000012159347534
0.0000000000000000 0.0000000000000000 0.0000000000000000 0.0000000000000000 0.0000000000000000 0.0000000000000000
0.0000000000000000 0.0000000000000000 0.0000000000000000 0.0000000000000000 0.0000000000000000 0.0000000000000000
0.0000000000000000 0.0000000000000000 0.0000000000000000 0.0000000000000000 0.0000000000000000 0.0000000000000000
0.0000000000000000 0.0000000000000000 0.0000000000000000 0.0000000000000000 0.0000000000000000 0.0000000000000000
0.1000019237399101 0.1000019237399101 0.1000019237399101 0.1000019237399101 0.1000019237399101 0.1000019237399101
0.1000005751848221 0.1000005751848221 0.1000005751848221 0.1000005751848221 0.1000005751848221 0.1000005751848221
0.1000037640333176 0.1000037640333176 0.1000037640333176 0.1000037640333176 0.1000037640333176 0.1000037640333176
0.1000021845102310 0.1000021845102310 0.1000021845102310 0.1000021845102310 0.1000021845102310 0.1000021845102310
0.1000043749809265 0.1000043749809265 0.1000043749809265 0.1000043749809265 0.1000043749809265 0.1000043749809265
0.1000038087368011 0.1000038087368011 0.1000038087368011 0.1000038087368011 0.1000038087368011 0.1000038087368011
0.1000030934810638 0.1000030934810638 0.1000030934810638 0.1000030934810638 0.1000030934810638 0.1000030934810638
0.1000032052397728 0.1000032052397728 0.1000032052397728 0.1000032052397728 0.1000032052397728 0.1000032052397728
0.1000011712312698 0.1000011712312698 0.1000011712312698 0.1000011712312698 0.1000011712312698 0.1000011712312698
0.1000012978911400 0.1000012978911400 0.1000012978911400 0.1000012978911400 0.1000012978911400 0.1000012978911400
0.0000000000000000 0.0000000000000000 0.0000000000000000 0.0000000000000000 0.0000000000000000 0.0000000000000000
0.0000000000000000 0.0000000000000000 0.0000000000000000 0.0000000000000000 0.0000000000000000 0.0000000000000000
0.0000000000000000 0.0000000000000000 0.0000000000000000 0.0000000000000000 0.0000000000000000 0.0000000000000000
0.0000000000000000 0.0000000000000000 0.0000000000000000 0.0000000000000000 0.0000000000000000 0.0000000000000000
0.0000000000000000 0.0000000000000000 0.0000000000000000 0.0000000000000000 0.0000000000000000 0.0000000000000000
0.1000007241964340 0.1000007241964340 0.1000007241964340 0.1000007241964340 0.1000007241964340 0.1000007241964340
0.1000024154782295 0.1000024154782295 0.1000024154782295 0.1000024154782295 0.1000024154782295 0.1000024154782295
0.1000024899840355 0.1000024899840355 0.1000024899840355 0.1000024899840355 0.1000024899840355 0.1000024899840355
0.1000017896294594 0.1000017896294594 0.1000017896294594 0.1000017896294594 0.1000017896294594 0.1000017896294594
0.1000001803040504 0.1000001803040504 0.1000001803040504 0.1000001803040504 0.1000001803040504 0.1000001803040504
0.0000000000000000 0.0000000000000000 0.0000000000000000 0.0000000000000000 0.0000000000000000 0.0000000000000000
0.9999997615814209 0.9999997615814209 0.9999997615814209 0.9999997615814209 0
1.0000071525573730 1.0000071525573730 1.0000071525573730 1.0000071525573730 0
1.0000139474868774 1.0000139474868774 1.0000139474868774 1.0000139474868774 0
1.0000165700912476 1.0000165700912476 1.0000165700912476 1.0000165700912476 0
1.0000114440917969 1.0000114440917969 1.0000114440917969 1.0000114440917969 0
1.0000044107437134 1.0000044107437134 1.0000044107437134 1.0000044107437134 0
0.9999969005584717 0.9999969005584717 0.9999969005584717 0.9999969005584717 0
0.9999954700469971 0.9999954700469971 0.9999954700469971 0.9999954700469971 0
1.0000063180923462 1.0000063180923462 1.0000063180923462 1.0000063180923462 0
1.0000150203704834 1.0000150203704834 1.0000150203704834 1.0000150203704834 0
1.0000243186950684 1.0000243186950684 1.0000243186950684 1.0000243186950684 0
1.0000280141830444 1.0000280141830444 1.0000280141830444 1.0000280141830444 0
1.0000232458114624 1.0000232458114624 1.0000232458114624 1.0000232458114624 0
1.0000132322311401 1.0000132322311401 1.0000132322311401 1.0000132322311401 0
1.0000042915344238 1.0000042915344238 1.0000042915344238 1.0000042915344238 0
1.0000010728836060 1.0000010728836060 1.0000010728836060 1.0000010728836060 0
1.0000152587890625 1.0000152587890625 1.0000152587890625 1.0000152587890625 0
1.0000246763229370 1.0000246763229370 1.0000246763229370 1.0000246763229370 0
1.0000345706939697 1.0000345706939697 1.0000345706939697 1.0000345706939697 0
1.0000411272048950 1.0000411272048950 1.0000411272048950 1.0000411272048950 0
1.0000331401824951 1.0000331401824951 1.0000331401824951 1.0000331401824951 0
1.0000209808349609 1.0000209808349609 1.0000209808349609 1.0000209808349609 0
1.0000103712081909 1.0000103712081909 1.0000103712081909 1.0000103712081909 0
1.0000087022781372 1.0000087022781372 1.0000087022781372 1.0000087022781372 0
1.0000241994857788 1.0000241994857788 1.0000241994857788 1.0000241994857788 0
1.0000362396240234 1.0000362396240234 1.0000362396240234 1.0000362396240234 0
1.0000480413436890 1.0000480413436890 1.0000480413436890 1.0000480413436890 0
1.0000555515289307 1.0000555515289307 1.0000555515289307 1.0000555515289307 0
1.0000464916229248 1.0000464916229248 1.0000464916229248 1.0000464916229248 0
1.0000307559967041 1.0000307559967041 1.0000307559967041 1.0000307559967041 0
1.0000197887420654 1.0000197887420654 1.0000197887420654 1.0000197887420654 0
1.0000152587890625 1.0000152587890625 1.0000152587890625 1.0000152587890625 0
1.0000222921371460 1.0000222921371460 1.0000222921371460 1.0000222921371460 0
1.0000350475311279 1.0000350475311279 1.0000350475311279 1.0000350475311279 0
1.0000476837158203 1.0000476837158203 1.0000476837158203 1.0000476837158203 0
1.0000522136688232 1.0000522136688232 1.0000522136688232 1.0000522136688232 0
1.0000448226928711 1.0000448226928711 1.0000448226928711 1.0000448226928711 0
1.0000303983688354 1.0000303983688354 1.0000303983688354 1.0000303983688354 0
1.0000168085098267 1.0000168085098267 1.0000168085098267 1.0000168085098267 0
1.0000127553939819 1.0000127553939819 1.0000127553939819 1.0000127553939819 0
1.0000139474868774 1.0000139474868774 1.0000139474868774 1.0000139474868774 0
1.0000246763229370 1.0000246763229370 1.0000246763229370 1.0000246763229370 0
1.0000342130661011 1.0000342130661011 1.0000342130661011 1.0000342130661011 0
1.0000388622283936 1.0000388622283936 1.0000388622283936 1.0000388622283936 0
1.0000324249267578 1.0000324249267578 1.0000324249267578 1.0000324249267578 0
1.0000197887420654 1.0000197887420654 1.0000197887420654 1.0000197887420654 0
1.0000098943710327 1.0000098943710327 1.0000098943710327 1.0000098943710327 0
1.0000066757202148 1.0000066757202148 1.0000066757202148 1.0000066757202148 0
1.0000026226043701 1.0000026226043701 1.0000026226043701 1.0000026226043701 0
1.0000108480453491 1.0000108480453491 1.0000108480453491 1.0000108480453491 0
1.0000174045562744 1.0000174045562744 1.0000174045562744 1.0000174045562744 0
1.0000228881835938 1.0000228881835938 1.0000228881835938 1.0000228881835938 0
1.0000153779983521 1.0000153779983521 1.0000153779983521 1.0000153779983521 0
1.0000085830688477 1.0000085830688477 1.0000085830688477 1.0000085830688477 0
0.9999999403953552 0.9999999403953552 0.9999999403953552 0.9999999403953552 0
0.9999977350234985 0.9999977350234985 0.9999977350234985 0.9999977350234985 0
0.9999982714653015 0.9999982714653015 0.9999982714653015 0.9999982714653015 0
1.0000054836273193 1.0000054836273193 1.0000054836273193 1.0000054836273193 0
1.0000131130218506 1.0000131130218506 1.0000131130218506 1.0000131130218506 0
1.0000145435333252 1.0000145435333252 1.0000145435333252 1.0000145435333252 0
1.0000088214874268 1.0000088214874268 1.0000088214874268 1.0000088214874268 0
1.0000017881393433 1.0000017881393433 1.0000017881393433 1.0000017881393433 0
0.9999962449073792 0.9999962449073792 0.9999962449073792 0.9999962449073792 0
0.9999936819076538 0.9999936819076538 0.9999936819076538 0.9999936819076538 0
0.1000004112720490 0.1000004112720490 0.1000004112720490 0.1000004112720490 0.1000004112720490 0.1000004112720490
0.0000000000000000 0.0000000000000000 0.0000000000000000 0.0000000000000000 0.0000000000000000 0.0000000000000000
0.1000001505017281 0.1000001505017281 0.1000001505017281 0.1000001505017281 0.1000001505017281 0.1000001505017281
0.0000000000000000 0.0000000000000000 0.0000000000000000 0.0000000000000000 0.0000000000000000 0.0000000000000000
0.1000023931264877 0.1000023931264877 0.1000023931264877 0.1000023931264877 0.1000023931264877 0.1000023931264877
0.1000023409724236 0.1000023409724236 0.1000023409724236 0.1000023409724236 0.1000023409724236 0.1000023409724236
0.1000011339783669 0.1000011339783669 0.1000011339783669 0.1000011339783669 0.1000011339783669 0.1000011339783669
0.1000030189752579 0.1000030189752579 0.1000030189752579 0.1000030189752579 0.1000030189752579 0.1000030189752579
0.1000040918588638 0.1000040918588638 0.1000040918588638 0.1000040918588638 0.1000040918588638 0.1000040918588638
0.1000026166439056 0.1000026166439056 0.1000026166439056 0.1000026166439056 0.1000026166439056 0.1000026166439056
0.1000026986002922 0.1000026986002922 0.1000026986002922 0.1000026986002922 0.1000026986002922 0.1000026986002922
0.1000045910477638 0.1000045910477638 0.1000045910477638 0.1000045910477638 0.1000045910477638 0.1000045910477638
0.1000029295682907 0.1000029295682907 0.1000029295682907 0.1000029295682907 0.1000029295682907 0.1000029295682907
0.1000014692544937 0.1000014692544937 0.1000014692544937 0.1000014692544937 0.1000014692544937 0.1000014692544937
0.1000032573938370 0.1000032573938370 0.1000032573938370 0.1000032573938370 0.1000032573938370 0.1000032573938370
0.1000019088387489 0.1000019088387489 0.1000019088387489 0.1000019088387489 0.1000019088387489 0.1000019088387489
0.1000000163912773 0.1000000163912773 0.1000000163912773 0.1000000163912773 0.1000000163912773 0.1000000163912773
0.1000017002224922 0.1000017002224922 0.1000017002224922 0.1000017002224922 0.1000017002224922 0.1000017002224922
0.1000005826354027 0.1000005826354027 0.1000005826354027 0.1000005826354027 0.1000005826354027 0.1000005826354027
0.0000000000000000 0.0000000000000000 0.0000000000000000 0.0000000000000000 0.0000000000000000 0.0000000000000000
0.0000000000000000 0.0000000000000000 0.0000000000000000 0.0000000000000000 0.0000000000000000 0.0000000000000000
0.0000000000000000 0.0000000000000000 0.0000000000000000 0.0000000000000000 0.0000000000000000 0.0000000000000000
0.0000000000000000 0.0000000000000000 0.0000000000000000 0.0000000000000000 0.0000000000000000 0.0000000000000000
0.0000000000000000 0.0000000000000000 0.0000000000000000 0.0000000000000000 0.0000000000000000 0.0000000000000000
0.1000027954578400 0.1000027954578400 0.1000027954578400 0.1000027954578400 0.1000027954578400 0.1000027954578400
0.1000007539987564 0.1000007539987564 0.1000007539987564 0.1000007539987564 0.1000007539987564 0.1000007539987564
0.1000021845102310 0.1000021845102310 0.1000021845102310 0.1000021845102310 0.1000021845102310 0.1000021845102310
0.1000050753355026 0.1000050753355026 0.1000050753355026 0.1000050753355026 0.1000050753355026 0.1000050753355026
0.1000047475099564 0.1000047475099564 0.1000047475099564 0.1000047475099564 0.1000047475099564 0.1000047475099564
0.1000062823295593 0.1000062823295593 0.1000062823295593 0.1000062823295593 0.1000062823295593 0.1000062823295593
0.1000071316957474 0.1000071316957474 0.1000071316957474 0.1000071316957474 0.1000071316957474 0.1000071316957474
0.1000060513615608 0.1000060513615608 0.1000060513615608 0.1000060513615608 0.1000060513615608 0.1000060513615608
0.1000080257654190 0.1000080257654190 0.1000080257654190 0.1000080257654190 0.1000080257654190 0.1000080257654190
0.1000043302774429 0.1000043302774429 0.1000043302774429 0.1000043302774429 0.1000043302774429 0.1000043302774429
0.1000063791871071 0.1000063791871071 0.1000063791871071 0.1000063791871071 0.1000063791871071 0.1000063791871071
0.1000023037195206 0.1000023037195206 0.1000023037195206 0.1000023037195206 0.1000023037195206 0.1000023037195206
0.1000040695071220 0.1000040695071220 0.1000040695071220 0.1000040695071220 0.1000040695071220 0.1000040695071220
0.1000004857778549 0.1000004857778549 0.1000004857778549 0.1000004857778549 0.1000004857778549 0.1000004857778549
0.1000017598271370 0.1000017598271370 0.1000017598271370 0.1000017598271370 0.1000017598271370 0.1000017598271370
0.1000006943941116 0.1000006943941116 0.1000006943941116 0.1000006943941116 0.1000006943941116 0.1000006943941116
0.1000050604343414 0.1000050604343414 0.1000050604343414 0.1000050604343414 0.1000050604343414 0.1000050604343414
0.1000026538968086 0.1000026538968086 0.1000026538968086 0.1000026538968086 0.1000026538968086 0.1000026538968086
0.1000044792890549 0.1000044792890549 0.1000044792890549 0.1000044792890549 0.1000044792890549 0.1000044792890549
0.1000078991055489 0.1000078991055489 0.1000078991055489 0.1000078991055489 0.1000078991055489 0.1000078991055489
0.1000075787305832 0.1000075787305832 0.1000075787305832 0.1000075787305832 0.1000075787305832 0.1000075787305832
0.1000094190239906 0.1000094190239906 0.1000094190239906 0.1000094190239906 0.1000094190239906 0.1000094190239906
0.1000104546546936 0.1000104546546936 0.1000104546546936 0.1000104546546936 0.1000104546546936 0.1000104546546936
0.1000092774629593 0.1000092774629593 0.1000092774629593 0.1000092774629593 0.1000092774629593 0.1000092774629593
0.1000116094946861 0.1000116094946861 0.1000116094946861 0.1000116094946861 0.1000116094946861 0.1000116094946861
0.1000067591667175 0.1000067591667175 0.1000067591667175 0.1000067591667175 0.1000067591667175 0.1000067591667175
0.1000095456838608 0.1000095456838608 0.1000095456838608 0.1000095456838608 0.1000095456838608 0.1000095456838608
0.1000041812658310 0.1000041812658310 0.1000041812658310 0.1000041812658310 0.1000041812658310 0.1000041812658310
0.1000066623091698 0.1000066623091698 0.1000066623091698 0.1000066623091698 0.1000066623091698 0.1000066623091698
0.1000023037195206 0.1000023037195206 0.1000023037195206 0.1000023037195206 0.1000023037195206 0.1000023037195206
0.1000038012862206 0.1000038012862206 0.1000038012862206 0.1000038012862206 0.1000038012862206 0.1000038012862206
0.1000026091933250 0.1000026091933250 0.1000026091933250 0.1000026091933250 0.1000026091933250 0.1000026091933250
0.1000073552131653 0.1000073552131653 0.1000073552131653 0.1000073552131653 0.1000073552131653 0.1000073552131653
0.1000043973326683 0.1000043973326683 0.1000043973326683 0.1000043973326683 0.1000043973326683 0.1000043973326683
0.1000052392482758 0.1000052392482758 0.1000052392482758 0.1000052392482758 0.1000052392482758 0.1000052392482758
0.1000106856226921 0.1000106856226921 0.1000106856226921 0.1000106856226921 0.1000106856226921 0.1000106856226921
0.1000088304281235 0.1000088304281235 0.1000088304281235 0.1000088304281235 0.1000088304281235 0.1000088304281235
0.1000125035643578 0.1000125035643578 0.1000125035643578 0.1000125035643578 0.1000125035643578 0.1000125035643578
0.1000118330121040 0.1000118330121040 0.1000118330121040 0.1000118330121040 0.1000118330121040 0.1000118330121040
0.1000122129917145 0.1000122129917145 0.1000122129917145 0.1000122129917145 0.1000122129917145 0.1000122129917145
0.1000127270817757 0.1000127270817757 0.1000127270817757 0.1000127270817757 0.1000127270817757 0.1000127270817757
0.1000094190239906 0.1000094190239906 0.1000094190239906 0.1000094190239906 0.1000094190239906 0.1000094190239906
0.1000108495354652 0.1000108495354652 0.1000108495354652 0.1000108495354652 0.1000108495354652 0.1000108495354652
0.1000062078237534 0.1000062078237534 0.1000062078237534 0.1000062078237534 0.1000062078237534 0.1000062078237534
0.1000077426433563 0.1000077426433563 0.1000077426433563 0.1000077426433563 0.1000077426433563 0.1000077426433563
0.1000040173530579 0.1000040173530579 0.1000040173530579 0.1000040173530579 0.1000040173530579 0.1000040173530579
0.1000043898820877 0.1000043898820877 0.1000043898820877 0.1000043898820877 0.1000043898820877 0.1000043898820877
0.1000026762485504 0.1000026762485504 0.1000026762485504 0.1000026762485504 0.1000026762485504 0.1000026762485504
0.1000069677829742 0.1000069677829742 0.1000069677829742 0.1000069677829742 0.1000069677829742 0.1000069677829742
0.1000035777688026 0.1000035777688026 0.1000035777688026 0.1000035777688026 0.1000035777688026 0.1000035777688026
0.1000038310885429 0.1000038310885429 0.1000038310885429 0.1000038310885429 0.1000038310885429 0.1000038310885429
0.1000105217099190 0.1000105217099190 0.1000105217099190 0.1000105217099190 0.1000105217099190 0.1000105217099190
0.1000070571899414 0.1000070571899414 0.1000070571899414 0.1000070571899414 0.1000070571899414 0.1000070571899414
0.1000121906399727 0.1000121906399727 0.1000121906399727 0.1000121906399727 0.1000121906399727 0.1000121906399727
0.1000097990036011 0.1000097990036011 0.1000097990036011 0.1000097990036011 0.1000097990036011 0.1000097990036011
0.1000118479132652 0.1000118479132652 0.1000118479132652 0.1000118479132652 0.1000118479132652 0.1000118479132652
0.1000107303261757 0.1000107303261757 0.1000107303261757 0.1000107303261757 0.1000107303261757 0.1000107303261757
0.1000093519687653 0.1000093519687653 0.1000093519687653 0.1000093519687653 0.1000093519687653 0.1000093519687653
0.1000089198350906 0.1000089198350906 0.1000089198350906 0.1000089198350906 0.1000089198350906 0.1000089198350906
0.1000057980418205 0.1000057980418205 0.1000057980418205 0.1000057980418205 0.1000057980418205 0.1000057980418205
0.1000061184167862 0.1000061184167862 0.1000061184167862 0.1000061184167862 0.1000061184167862 0.1000061184167862
0.1000033468008041 0.1000033468008041 0.1000033468008041 0.1000033468008041 0.1000033468008041 0.1000033468008041
0.1000031232833862 0.1000031232833862 0.1000031232833862 0.1000031232833862 0.1000031232833862 0.1000031232833862
0.1000019162893295 0.1000019162893295 0.1000019162893295 0.1000019162893295 0.1000019162893295 0.1000019162893295
0.1000042632222176 0.1000042632222176 0.1000042632222176 0.1000042632222176 0.1000042632222176 0.1000042632222176
0.1000017449259758 0.1000017449259758 0.1000017449259758 0.1000017449259758 0.1000017449259758 0.1000017449259758
0.1000017970800400 0.1000017970800400 0.1000017970800400 0.1000017970800400 0.1000017970800400 0.1000017970800400
0.1000071465969086 0.1000071465969086 0.1000071465969086 0.1000071465969086 0.1000071465969086 0.1000071465969086
0.1000042259693146 0.1000042259693146 0.1000042259693146 0.1000042259693146 0.1000042259693146 0.1000042259693146
0.1000085547566414 0.1000085547566414 0.1000085547566414 0.1000085547566414 0.1000085547566414 0.1000085547566414
0.1000064760446548 0.1000064760446548 0.1000064760446548 0.1000064760446548 0.1000064760446548 0.1000064760446548
0.1000082492828369 0.1000082492828369 0.1000082492828369 0.1000082492828369 0.1000082492828369 0.1000082492828369
0.1000072434544563 0.1000072434544563 0.1000072434544563 0.1000072434544563 0.1000072434544563 0.1000072434544563
0.1000060960650444 0.1000060960650444 0.1000060960650444 0.1000060960650444 0.1000060960650444 0.1000060960650444
0.1000056341290474 0.1000056341290474 0.1000056341290474 0.1000056341290474 0.1000056341290474 0.1000056341290474
0.1000033915042877 0.1000033915042877 0.1000033915042877 0.1000033915042877 0.1000033915042877 0.1000033915042877
0.1000034287571907 0.1000034287571907 0.1000034287571907 0.1000034287571907 0.1000034287571907 0.1000034287571907
0.1000014469027519 0.1000014469027519 0.1000014469027519 0.1000014469027519 0.1000014469027519 0.1000014469027519
0.1000012159347534 0.1000012159347534 0.1000012159347534 0.1000012159347534 0.1000012159347534 0.1000012159347534
0.1000003293156624 0.1000003293156624 0.1000003293156624 0.1000003293156624 0.1000003293156624 0.1000003293156624
0.1000019013881683 0.1000019013881683 0.1000019013881683 0.1000019013881683 0.1000019013881683 0.1000019013881683
0.1000001132488251 0.1000001132488251 0.1000001132488251 0.1000001132488251 0.1000001132488251 0.1000001132488251
0.0000000000000000 0.0000000000000000 0.0000000000000000 0.0000000000000000 0.0000000000000000 0.0000000000000000
0.1000040322542191 0.1000040322542191 0.1000040322542191 0.1000040322542191 0.1000040322542191 0.1000040322542191
0.1000017598271370 0.1000017598271370 0.1000017598271370 0.1000017598271370 0.1000017598271370 0.1000017598271370
0.1000051721930504 0.1000051721930504 0.1000051721930504 0.1000051721930504 0.1000051721930504 0.1000051721930504
0.1000035107135773 0.1000035107135773 0.1000035107135773 0.1000035107135773 0.1000035107135773 0.1000035107135773
0.1000048890709877 0.1000048890709877 0.1000048890709877 0.1000048890709877 0.1000048890709877 0.1000048890709877
0.1000040173530579 0.1000040173530579 0.1000040173530579 0.1000040173530579 0.1000040173530579 0.1000040173530579
0.1000031828880310 0.1000031828880310 0.1000031828880310 0.1000031828880310 0.1000031828880310 0.1000031828880310
0.1000026613473892 0.1000026613473892 0.1000026613473892 0.1000026613473892 0.1000026613473892 0.1000026613473892
0.1000012159347534 0.1000012159347534 0.1000012159347534 0.1000012159347534 0.1000012159347534 0.1000012159347534
0.1000011563301086 0.1000011563301086 0.1000011563301086 0.1000011563301086 0.1000011563301086 0.1000011563301086
0.0000000000000000 0.0000000000000000 0.0000000000000000 0.0000000000000000 0.0000000000000000 0.0000000000000000
0.0000000000000000 0.0000000000000000 0.0000000000000000 0.0000000000000000 0.0000000000000000 0.0000000000000000
0.0000000000000000 0.0000000000000000 0.0000000000000000 0.0000000000000000 0.0000000000000000 0.0000000000000000
0.0000000000000000 0.0000000000000000 0.0000000000000000 0.0000000000000000 0.0000000000000000 0.0000000000000000
0.0000000000000000 0.0000000000000000 0.0000000000000000 0.0000000000000000 0.0000000000000000 0.0000000000000000
0.1000017523765564 0.1000017523765564 0.1000017523765564 0.1000017523765564 0.1000017523765564 0.1000017523765564
0.1000025123357773 0.1000025123357773 0.1000025123357773 0.1000025123357773 0.1000025123357773 0.1000025123357773
0.1000020056962967 0.1000020056962967 0.1000020056962967 0.1000020056962967 0.1000020056962967 0.1000020056962967
0.1000008881092072 0.1000008881092072 0.1000008881092072 0.1000008881092072 0.1000008881092072 0.1000008881092072
0.0000000000000000 0.0000000000000000 0.0000000000000000 0.0000000000000000 0.0000000000000000 0.0000000000000000
0.0000000000000000 0.0000000000000000 0.0000000000000000 0.0000000000000000 0.0000000000000000 0.0000000000000000
0.9999757409095764 0.9999757409095764 0.9999757409095764 0.9999757409095764 0
1.0000151395797729 1.0000151395797729 1.0000151395797729 1.0000151395797729 0
1.0000458955764771 1.0000458955764771 1.0000458955764771 1.0000458955764771 0
1.0000765323638916 1.0000765323638916 1.0000765323638916 1.0000765323638916 0
1.0000697374343872 1.0000697374343872 1.0000697374343872 1.0000697374343872 0
1.0000249147415161 1.0000249147415161 1.0000249147415161 1.0000249147415161 0
1.0000120401382446 1.0000120401382446 1.0000120401382446 1.0000120401382446 0
0.9999603033065796 0.9999603033065796 0.9999603033065796 0.9999603033065796 0
1.0000140666961670 1.0000140666961670 1.0000140666961670 1.0000140666961670 0
1.0000663995742798 1.0000663995742798 1.0000663995742798 1.0000663995742798 0
1.0000972747802734 1.0000972747802734 1.0000972747802734 1.0000972747802734 0
1.0001442432403564 1.0001442432403564 1.0001442432403564 1.0001442432403564 0
1.0001465082168579 1.0001465082168579 1.0001465082168579 1.0001465082168579 0
1.0000798702239990 1.0000798702239990 1.0000798702239990 1.0000798702239990 0
1.0000548362731934 1.0000548362731934 1.0000548362731934 1.0000548362731934 0
0.9999942779541016 0.9999942779541016 0.9999942779541016 0.9999942779541016 0
1.0000467300415039 1.0000467300415039 1.0000467300415039 1.0000467300415039 0
1.0000953674316406 1.0000953674316406 1.0000953674316406 1.0000953674316406 0
1.0001462697982788 1.0001462697982788 1.0001462697982788 1.0001462697982788 0
1.0001972913742065 1.0001972913742065 1.0001972913742065 1.0001972913742065 0
1.0001981258392334 1.0001981258392334 1.0001981258392334 1.0001981258392334 0
1.0001208782196045 1.0001208782196045 1.0001208782196045 1.0001208782196045 0
1.0000888109207153 1.0000888109207153 1.0000888109207153 1.0000888109207153 0
1.0000256299972534 1.0000256299972534 1.0000256299972534 1.0000256299972534 0
1.0000444650650024 1.0000444650650024 1.0000444650650024 1.0000444650650024 0
1.0001078844070435 1.0001078844070435 1.0001078844070435 1.0001078844070435 0
1.0001578330993652 1.0001578330993652 1.0001578330993652 1.0001578330993652 0
1.0002075433731079 1.0002075433731079 1.0002075433731079 1.0002075433731079 0
1.0002061128616333 1.0002061128616333 1.0002061128616333 1.0002061128616333 0
1.0001319646835327 1.0001319646835327 1.0001319646835327 1.0001319646835327 0
1.0001000165939331 1.0001000165939331 1.0001000165939331 1.0001000165939331 0
1.0000194311141968 1.0000194311141968 1.0000194311141968 1.0000194311141968 0
1.0000211000442505 1.0000211000442505 1.0000211000442505 1.0000211000442505 0
1.0000807046890259 1.0000807046890259 1.0000807046890259 1.0000807046890259 0
1.0001280307769775 1.0001280307769775 1.0001280307769775 1.0001280307769775 0
1.0001724958419800 1.0001724958419800 1.0001724958419800 1.0001724958419800 0
1.0001744031906128 1.0001744031906128 1.0001744031906128 1.0001744031906128 0
1.0001002550125122 1.0001002550125122 1.0001002550125122 1.0001002550125122 0
1.0000723600387573 1.0000723600387573 1.0000723600387573 1.0000723600387573 0
1.0000034570693970 1.0000034570693970 1.0000034570693970 1.0000034570693970 0
1.0000079870223999 1.0000079870223999 1.0000079870223999 1.0000079870223999 0
1.0000580549240112 1.0000580549240112 1.0000580549240112 1.0000580549240112 0
1.0000861883163452 1.0000861883163452 1.0000861883163452 1.0000861883163452 0
1.0001336336135864 1.0001336336135864 1.0001336336135864 1.0001336336135864 0
1.0001351833343506 1.0001351833343506 1.0001351833343506 1.0001351833343506 0
1.0000698566436768 1.0000698566436768 1.0000698566436768 1.0000698566436768 0
1.0000452995300293 1.0000452995300293 1.0000452995300293 1.0000452995300293 0
0.9999896287918091 0.9999896287918091 0.9999896287918091 0.9999896287918091 0
0.9999796152114868 0.9999796152114868 0.9999796152114868 0.9999796152114868 0
1.0000132322311401 1.0000132322311401 1.0000132322311401 1.0000132322311401 0
1.0000462532043457 1.0000462532043457 1.0000462532043457 1.0000462532043457 0
1.0000734329223633 1.0000734329223633 1.0000734329223633 1.0000734329223633 0
1.0000681877136230 1.0000681877136230 1.0000681877136230 1.0000681877136230 0
1.0000211000442505 1.0000211000442505 1.0000211000442505 1.0000211000442505 0
1.0000097751617432 1.0000097751617432 1.0000097751617432 1.0000097751617432 0
0.9999646544456482 0.9999646544456482 0.9999646544456482 0.9999646544456482 0
0.9999527931213379 0.9999527931213379 0.9999527931213379 0.9999527931213379 0
0.9999934434890747 0.9999934434890747 0.9999934434890747 0.9999934434890747 0
1.0000092983245850 1.0000092983245850 1.0000092983245850 1.0000092983245850 0
1.0000410079956055 1.0000410079956055 1.0000410079956055 1.0000410079956055 0
1.0000299215316772 1.0000299215316772 1.0000299215316772 1.0000299215316772 0
0.9999923706054688 0.9999923706054688 0.9999923706054688 0.9999923706054688 0
0.9999861717224121 0.9999861717224121 0.9999861717224121 0.9999861717224121 0
0.9999373555183411 0.9999373555183411 0.9999373555183411 0.9999373555183411 0
0.0000000000000000 0.0000000000000000 0.0000000000000000 0.0000000000000000 0.0000000000000000 0.0000000000000000
0.0000000000000000 0.0000000000000000 0.0000000000000000 0.0000000000000000 0.0000000000000000 0.0000000000000000
0.0000000000000000 0.0000000000000000 0.0000000000000000 0.0000000000000000 0.0000000000000000 0.0000000000000000
0.0000000000000000 0.0000000000000000 0.0000000000000000 0.0000000000000000 0.0000000000000000 0.0000000000000000
0.1000092029571533 0.1000092029571533 0.1000092029571533 0.1000092029571533 0.1000092029571533 0.1000092029571533
0.1000049412250519 0.1000049412250519 0.1000049412250519 0.1000049412250519 0.1000049412250519 0.1000049412250519
0.0000000000000000 0.0000000000000000 0.0000000000000000 0.0000000000000000 0.0000000000000000 0.0000000000000000
0.1000149101018906 0.1000149101018906 0.1000149101018906 0.1000149101018906 0.1000149101018906 0.1000149101018906
0.1000189855694771 0.1000189855694771 0.1000189855694771 0.1000189855694771 0.1000189855694771 0.1000189855694771
0.1000075712800026 0.1000075712800026 0.1000075712800026 0.1000075712800026 0.1000075712800026 0.1000075712800026
0.1000136360526085 0.1000136360526085 0.1000136360526085 0.1000136360526085 0.1000136360526085 0.1000136360526085
0.1000248491764069 0.1000248491764069 0.1000248491764069 0.1000248491764069 0.1000248491764069 0.1000248491764069
0.1000113263726234 0.1000113263726234 0.1000113263726234 0.1000113263726234 0.1000113263726234 0.1000113263726234
0.1000109091401100 0.1000109091401100 0.1000109091401100 0.1000109091401100 0.1000109091401100 0.1000109091401100
0.1000198423862457 0.1000198423862457 0.1000198423862457 0.1000198423862457 0.1000198423862457 0.1000198423862457
0.1000063195824623 0.1000063195824623 0.1000063195824623 0.1000063195824623 0.1000063195824623 0.1000063195824623
0.1000035628676414 0.1000035628676414 0.1000035628676414 0.1000035628676414 0.1000035628676414 0.1000035628676414
0.1000119745731354 0.1000119745731354 0.1000119745731354 0.1000119745731354 0.1000119745731354 0.1000119745731354
0.1000012829899788 0.1000012829899788 0.1000012829899788 0.1000012829899788 0.1000012829899788 0.1000012829899788
0.0000000000000000 0.0000000000000000 0.0000000000000000 0.0000000000000000 0.0000000000000000 0.0000000000000000
0.1000073030591011 0.1000073030591011 0.1000073030591011 0.1000073030591011 0.1000073030591011 0.1000073030591011
0.0000000000000000 0.0000000000000000 0.0000000000000000 0.0000000000000000 0.0000000000000000 0.0000000000000000
0.0000000000000000 0.0000000000000000 0.0000000000000000 0.0000000000000000 0.0000000000000000 0.0000000000000000
0.0000000000000000 0.0000000000000000 0.0000000000000000 0.0000000000000000 0.0000000000000000 0.0000000000000000
0.1000087484717369 0.1000087484717369 0.1000087484717369 0.1000087484717369 0.1000087484717369 0.1000087484717369
0.1000001057982445 0.1000001057982445 0.1000001057982445 0.1000001057982445 0.1000001057982445 0.1000001057982445
0.1000019162893295 0.1000019162893295 0.1000019162893295 0.1000019162893295 0.1000019162893295 0.1000019162893295
0.1000276431441307 0.1000276431441307 0.1000276431441307 0.1000276431441307 0.1000276431441307 0.1000276431441307
0.1000174880027771 0.1000174880027771 0.1000174880027771 0.1000174880027771 0.1000174880027771 0.1000174880027771
0.1000360324978828 0.1000360324978828 0.1000360324978828 0.1000360324978828 0.1000360324978828 0.1000360324978828
0.1000343933701515 0.1000343933701515 0.1000343933701515 0.1000343933701515 0.1000343933701515 0.1000343933701515
0.1000365093350410 0.1000365093350410 0.1000365093350410 0.1000365093350410 0.1000365093350410 0.1000365093350410
0.1000418141484261 0.1000418141484261 0.1000418141484261 0.1000418141484261 0.1000418141484261 0.1000418141484261
0.1000321358442307 0.1000321358442307 0.1000321358442307 0.1000321358442307 0.1000321358442307 0.1000321358442307
0.1000376269221306 0.1000376269221306 0.1000376269221306 0.1000376269221306 0.1000376269221306 0.1000376269221306
0.1000211983919144 0.1000211983919144 0.1000211983919144 0.1000211983919144 0.1000211983919144 0.1000211983919144
0.1000264063477516 0.1000264063477516 0.1000264063477516 0.1000264063477516 0.1000264063477516 0.1000264063477516
0.1000075936317444 0.1000075936317444 0.1000075936317444 0.1000075936317444 0.1000075936317444 0.1000075936317444
0.1000198200345039 0.1000198200345039 0.1000198200345039 0.1000198200345039 0.1000198200345039 0.1000198200345039
0.1000011563301086 0.1000011563301086 0.1000011563301086 0.1000011563301086 0.1000011563301086 0.1000011563301086
0.1000149324536324 0.1000149324536324 0.1000149324536324 0.1000149324536324 0.1000149324536324 0.1000149324536324
0.1000046804547310 0.1000046804547310 0.1000046804547310 0.1000046804547310 0.1000046804547310 0.1000046804547310
0.1000039875507355 0.1000039875507355 0.1000039875507355 0.1000039875507355 0.1000039875507355 0.1000039875507355
0.1000361219048500 0.1000361219048500 0.1000361219048500 0.1000361219048500 0.1000361219048500 0.1000361219048500
0.1000210717320442 0.1000210717320442 0.1000210717320442 0.1000210717320442 0.1000210717320442 0.1000210717320442
0.1000461801886559 0.1000461801886559 0.1000461801886559 0.1000461801886559 0.1000461801886559 0.1000461801886559
0.1000398993492126 0.1000398993492126 0.1000398993492126 0.1000398993492126 0.1000398993492126 0.1000398993492126
0.1000473946332932 0.1000473946332932 0.1000473946332932 0.1000473946332932 0.1000473946332932 0.1000473946332932
0.1000477150082588 0.1000477150082588 0.1000477150082588 0.1000477150082588 0.1000477150082588 0.1000477150082588
0.1000412777066231 0.1000412777066231 0.1000412777066231 0.1000412777066231 0.1000412777066231 0.1000412777066231
0.1000427454710007 0.1000427454710007 0.1000427454710007 0.1000427454710007 0.1000427454710007 0.1000427454710007
0.1000285893678665 0.1000285893678665 0.1000285893678665 0.1000285893678665 0.1000285893678665 0.1000285893678665
0.1000310331583023 0.1000310331583023 0.1000310331583023 0.1000310331583023 0.1000310331583023 0.1000310331583023
0.1000140905380249 0.1000140905380249 0.1000140905380249 0.1000140905380249 0.1000140905380249 0.1000140905380249
0.1000234112143517 0.1000234112143517 0.1000234112143517 0.1000234112143517 0.1000234112143517 0.1000234112143517
0.1000022068619728 0.1000022068619728 0.1000022068619728 0.1000022068619728 0.1000022068619728 0.1000022068619728
0.1000122502446175 0.1000122502446175 0.1000122502446175 0.1000122502446175 0.1000122502446175 0.1000122502446175
0.1000017300248146 0.1000017300248146 0.1000017300248146 0.1000017300248146 0.1000017300248146 0.1000017300248146
0.1000002399086952 0.1000002399086952 0.1000002399086952 0.1000002399086952 0.1000002399086952 0.1000002399086952
0.1000342294573784 0.1000342294573784 0.1000342294573784 0.1000342294573784 0.1000342294573784 0.1000342294573784
0.1000174656510353 0.1000174656510353 0.1000174656510353 0.1000174656510353 0.1000174656510353 0.1000174656510353
0.1000439822673798 0.1000439822673798 0.1000439822673798 0.1000439822673798 0.1000439822673798 0.1000439822673798
0.1000356078147888 0.1000356078147888 0.1000356078147888 0.1000356078147888 0.1000356078147888 0.1000356078147888
0.1000447794795036 0.1000447794795036 0.1000447794795036 0.1000447794795036 0.1000447794795036 0.1000447794795036
0.1000427529215813 0.1000427529215813 0.1000427529215813 0.1000427529215813 0.1000427529215813 0.1000427529215813
0.1000387743115425 0.1000387743115425 0.1000387743115425 0.1000387743115425 0.1000387743115425 0.1000387743115425
0.1000383049249649 0.1000383049249649 0.1000383049249649 0.1000383049249649 0.1000383049249649 0.1000383049249649
0.1000263392925262 0.1000263392925262 0.1000263392925262 0.1000263392925262 0.1000263392925262 0.1000263392925262
0.1000264883041382 0.1000264883041382 0.1000264883041382 0.1000264883041382 0.1000264883041382 0.1000264883041382
0.1000103354454041 0.1000103354454041 0.1000103354454041 0.1000103354454041 0.1000103354454041 0.1000103354454041
0.1000195145606995 0.1000195145606995 0.1000195145606995 0.1000195145606995 0.1000195145606995 0.1000195145606995
0.0000000000000000 0.0000000000000000 0.0000000000000000 0.0000000000000000 0.0000000000000000 0.0000000000000000
0.1000088974833488 0.1000088974833488 0.1000088974833488 0.1000088974833488 0.1000088974833488 0.1000088974833488
0.1000002548098564 0.1000002548098564 0.1000002548098564 0.1000002548098564 0.1000002548098564 0.1000002548098564
0.0000000000000000 0.0000000000000000 0.0000000000000000 0.0000000000000000 0.0000000000000000 0.0000000000000000
0.1000305414199829 0.1000305414199829 0.1000305414199829 0.1000305414199829 0.1000305414199829 0.1000305414199829
0.1000139787793159 0.1000139787793159 0.1000139787793159 0.1000139787793159 0.1000139787793159 0.1000139787793159
0.1000404134392738 0.1000404134392738 0.1000404134392738 0.1000404134392738 0.1000404134392738 0.1000404134392738
0.1000302731990814 0.1000302731990814 0.1000302731990814 0.1000302731990814 0.1000302731990814 0.1000302731990814
0.1000409573316574 0.1000409573316574 0.1000409573316574 0.1000409573316574 0.1000409573316574 0.1000409573316574
0.1000369712710381 0.1000369712710381 0.1000369712710381 0.1000369712710381 0.1000369712710381 0.1000369712710381
0.1000353395938873 0.1000353395938873 0.1000353395938873 0.1000353395938873 0.1000353395938873 0.1000353395938873
0.1000330150127411 0.1000330150127411 0.1000330150127411 0.1000330150127411 0.1000330150127411 0.1000330150127411
0.1000231727957726 0.1000231727957726 0.1000231727957726 0.1000231727957726 0.1000231727957726 0.1000231727957726
0.1000223234295845 0.1000223234295845 0.1000223234295845 0.1000223234295845 0.1000223234295845 0.1000223234295845
0.1000079885125160 0.1000079885125160 0.1000079885125160 0.1000079885125160 0.1000079885125160 0.1000079885125160
0.1000158712267876 0.1000158712267876 0.1000158712267876 0.1000158712267876 0.1000158712267876 0.1000158712267876
0.0000000000000000 0.0000000000000000 0.0000000000000000 0.0000000000000000 0.0000000000000000 0.0000000000000000
0.1000051423907280 0.1000051423907280 0.1000051423907280 0.1000051423907280 0.1000051423907280 0.1000051423907280
0.0000000000000000 0.0000000000000000 0.0000000000000000 0.0000000000000000 0.0000000000000000 0.0000000000000000
0.0000000000000000 0.0000000000000000 0.0000000000000000 0.0000000000000000 0.0000000000000000 0.0000000000000000
0.1000230833888054 0.1000230833888054 0.1000230833888054 0.1000230833888054 0.1000230833888054 0.1000230833888054
0.1000062599778175 0.1000062599778175 0.1000062599778175 0.1000062599778175 0.1000062599778175 0.1000062599778175
0.1000310480594635 0.1000310480594635 0.1000310480594635 0.1000310480594635 0.1000310480594635 0.1000310480594635
0.1000199466943741 0.1000199466943741 0.1000199466943741 0.1000199466943741 0.1000199466943741 0.1000199466943741
0.1000316813588142 0.1000316813588142 0.1000316813588142 0.1000316813588142 0.1000316813588142 0.1000316813588142
0.1000248044729233 0.1000248044729233 0.1000248044729233 0.1000248044729233 0.1000248044729233 0.1000248044729233
0.1000271439552307 0.1000271439552307 0.1000271439552307 0.1000271439552307 0.1000271439552307 0.1000271439552307
0.1000202819705009 0.1000202819705009 0.1000202819705009 0.1000202819705009 0.1000202819705009 0.1000202819705009
0.1000165417790413 0.1000165417790413 0.1000165417790413 0.1000165417790413 0.1000165417790413 0.1000165417790413
0.1000124290585518 0.1000124290585518 0.1000124290585518 0.1000124290585518 0.1000124290585518 0.1000124290585518
0.1000040322542191 0.1000040322542191 0.1000040322542191 0.1000040322542191 0.1000040322542191 0.1000040322542191
0.1000080779194832 0.1000080779194832 0.1000080779194832 0.1000080779194832 0.1000080779194832 0.1000080779194832
0.0000000000000000 0.0000000000000000 0.0000000000000000 0.0000000000000000 0.0000000000000000 0.0000000000000000
0.0000000000000000 0.0000000000000000 0.0000000000000000 0.0000000000000000 0.0000000000000000 0.0000000000000000
0.0000000000000000 0.0000000000000000 0.0000000000000000 0.0000000000000000 0.0000000000000000 0.0000000000000000
0.0000000000000000 0.0000000000000000 0.0000000000000000 0.0000000000000000 0.0000000000000000 0.0000000000000000
0.1000114008784294 0.1000114008784294 0.1000114008784294 0.1000114008784294 0.1000114008784294 0.1000114008784294
0.0000000000000000 0.0000000000000000 0.0000000000000000 0.0000000000000000 0.0000000000000000 0.0000000000000000
0.1000169664621353 0.1000169664621353 0.1000169664621353 0.1000169664621353 0.1000169664621353 0.1000169664621353
0.1000097915530205 0.1000097915530205 0.1000097915530205 0.1000097915530205 0.1000097915530205 0.1000097915530205
0.1000157371163368 0.1000157371163368 0.1000157371163368 0.1000157371163368 0.1000157371163368 0.1000157371163368
0.1000136658549309 0.1000136658549309 0.1000136658549309 0.1000136658549309 0.1000136658549309 0.1000136658549309
0.1000129207968712 0.1000129207968712 0.1000129207968712 0.1000129207968712 0.1000129207968712 0.1000129207968712
0.1000075861811638 0.1000075861811638 0.1000075861811638 0.1000075861811638 0.1000075861811638 0.1000075861811638
0.1000052243471146 0.1000052243471146 0.1000052243471146 0.1000052243471146 0.1000052243471146 0.1000052243471146
0.1000028625130653 0.1000028625130653 0.1000028625130653 0.1000028625130653 0.1000028625130653 0.1000028625130653
0.0000000000000000 0.0000000000000000 0.0000000000000000 0.0000000000000000 0.0000000000000000 0.0000000000000000
0.1000000983476639 0.1000000983476639 0.1000000983476639 0.1000000983476639 0.1000000983476639 0.1000000983476639
0.0000000000000000 0.0000000000000000 0.0000000000000000 0.0000000000000000 0.0000000000000000 0.0000000000000000
0.0000000000000000 0.0000000000000000 0.0000000000000000 0.0000000000000000 0.0000000000000000 0.0000000000000000
0.0000000000000000 0.0000000000000000 0.0000000000000000 0.0000000000000000 0.0000000000000000 0.0000000000000000
0.1000022217631340 0.1000022217631340 0.1000022217631340 0.1000022217631340 0.1000022217631340 0.1000022217631340
0.1000061631202698 0.1000061631202698 0.1000061631202698 0.1000061631202698 0.1000061631202698 0.1000061631202698
0.1000041961669922 0.1000041961669922 0.1000041961669922 0.1000041961669922 0.1000041961669922 0.1000041961669922
0.1000026538968086 0.1000026538968086 0.1000026538968086 0.1000026538968086 0.1000026538968086 0.1000026538968086
0.0000000000000000 0.0000000000000000 0.0000000000000000 0.0000000000000000 0.0000000000000000 0.0000000000000000
0.0000000000000000 0.0000000000000000 0.0000000000000000 0.0000000000000000 0.0000000000000000 0.0000000000000000
0.9999777674674988 0.9999777674674988 0.9999777674674988 0.9999777674674988 0
1.0000174045562744 1.0000174045562744 1.0000174045562744 1.0000174045562744 0
1.0000388622283936 1.0000388622283936 1.0000388622283936 1.0000388622283936 0
1.0000392198562622 1.0000392198562622 1.0000392198562622 1.0000392198562622 0
1.0000214576721191 1.0000214576721191 1.0000214576721191 1.0000214576721191 0
1.0000083446502686 1.0000083446502686 1.0000083446502686 1.0000083446502686 0
0.9999774694442749 0.9999774694442749 0.9999774694442749 0.9999774694442749 0
0.9999542832374573 0.9999542832374573 0.9999542832374573 0.9999542832374573 0
1.0000152587890625 1.0000152587890625 1.0000152587890625 1.0000152587890625 0
1.0000661611557007 1.0000661611557007 1.0000661611557007 1.0000661611557007 0
1.0000901222229004 1.0000901222229004 1.0000901222229004 1.0000901222229004 0
1.0001035928726196 1.0001035928726196 1.0001035928726196 1.0001035928726196 0
1.0000768899917603 1.0000768899917603 1.0000768899917603 1.0000768899917603 0
1.0000569820404053 1.0000569820404053 1.0000569820404053 1.0000569820404053 0
1.0000134706497192 1.0000134706497192 1.0000134706497192 1.0000134706497192 0
0.9999905228614807 0.9999905228614807 0.9999905228614807 0.9999905228614807 0
1.0000481605529785 1.0000481605529785 1.0000481605529785 1.0000481605529785 0
1.0000965595245361 1.0000965595245361 1.0000965595245361 1.0000965595245361 0
1.0001456737518311 1.0001456737518311 1.0001456737518311 1.0001456737518311 0
1.0001583099365234 1.0001583099365234 1.0001583099365234 1.0001583099365234 0
1.0001240968704224 1.0001240968704224 1.0001240968704224 1.0001240968704224 0
1.0000823736190796 1.0000823736190796 1.0000823736190796 1.0000823736190796 0
1.0000454187393188 1.0000454187393188 1.0000454187393188 1.0000454187393188 0
1.0000096559524536 1.0000096559524536 1.0000096559524536 1.0000096559524536 0
1.0000822544097900 1.0000822544097900 1.0000822544097900 1.0000822544097900 0
1.0001512765884399 1.0001512765884399 1.0001512765884399 1.0001512765884399 0
1.0001994371414185 1.0001994371414185 1.0001994371414185 1.0001994371414185 0
1.0002056360244751 1.0002056360244751 1.0002056360244751 1.0002056360244751 0
1.0001722574234009 1.0001722574234009 1.0001722574234009 1.0001722574234009 0
1.0001332759857178 1.0001332759857178 1.0001332759857178 1.0001332759857178 0
1.0000766515731812 1.0000766515731812 1.0000766515731812 1.0000766515731812 0
1.0000470876693726 1.0000470876693726 1.0000470876693726 1.0000470876693726 0
1.0000759363174438 1.0000759363174438 1.0000759363174438 1.0000759363174438 0
1.0001530647277832 1.0001530647277832 1.0001530647277832 1.0001530647277832 0
1.0001996755599976 1.0001996755599976 1.0001996755599976 1.0001996755599976 0
1.0001972913742065 1.0001972913742065 1.0001972913742065 1.0001972913742065 0
1.0001724958419800 1.0001724958419800 1.0001724958419800 1.0001724958419800 0
1.0001364946365356 1.0001364946365356 1.0001364946365356 1.0001364946365356 0
1.0000679492950439 1.0000679492950439 1.0000679492950439 1.0000679492950439 0
1.0000311136245728 1.0000311136245728 1.0000311136245728 1.0000311136245728 0
1.0000255107879639 1.0000255107879639 1.0000255107879639 1.0000255107879639 0
1.0000845193862915 1.0000845193862915 1.0000845193862915 1.0000845193862915 0
1.0001188516616821 1.0001188516616821 1.0001188516616821 1.0001188516616821 0
1.0001276731491089 1.0001276731491089 1.0001276731491089 1.0001276731491089 0
1.0000976324081421 1.0000976324081421 1.0000976324081421 1.0000976324081421 0
1.0000700950622559 1.0000700950622559 1.0000700950622559 1.0000700950622559 0
1.0000233650207520 1.0000233650207520 1.0000233650207520 1.0000233650207520 0
0.9999960660934448 0.9999960660934448 0.9999960660934448 0.9999960660934448 0
1.0000158548355103 1.0000158548355103 1.0000158548355103 1.0000158548355103 0
1.0000560283660889 1.0000560283660889 1.0000560283660889 1.0000560283660889 0
1.0000858306884766 1.0000858306884766 1.0000858306884766 1.0000858306884766 0
1.0000960826873779 1.0000960826873779 1.0000960826873779 1.0000960826873779 0
1.0000694990158081 1.0000694990158081 1.0000694990158081 1.0000694990158081 0
1.0000436305999756 1.0000436305999756 1.0000436305999756 1.0000436305999756 0
1.0000089406967163 1.0000089406967163 1.0000089406967163 1.0000089406967163 0
0.9999911785125732 0.9999911785125732 0.9999911785125732 0.9999911785125732 0
0.9999665617942810 0.9999665617942810 0.9999665617942810 0.9999665617942810 0
0.9999956488609314 0.9999956488609314 0.9999956488609314 0.9999956488609314 0
1.0000233650207520 1.0000233650207520 1.0000233650207520 1.0000233650207520 0
1.0000212192535400 1.0000212192535400 1.0000212192535400 1.0000212192535400 0
1.0000003576278687 1.0000003576278687 1.0000003576278687 1.0000003576278687 0
0.9999892711639404 0.9999892711639404 0.9999892711639404 0.9999892711639404 0
0.9999659061431885 0.9999659061431885 0.9999659061431885 0.9999659061431885 0
0.9999414086341858 0.9999414086341858 0.9999414086341858 0.9999414086341858 0
0.0000000000000000 0.0000000000000000 0.0000000000000000 0.0000000000000000 0.0000000000000000 0.0000000000000000
0.0000000000000000 0.0000000000000000 0.0000000000000000 0.0000000000000000 0.0000000000000000 0.0000000000000000
0.0000000000000000 0.0000000000000000 0.0000000000000000 0.0000000000000000 0.0000000000000000 0.0000000000000000
0.0000000000000000 0.0000000000000000 0.0000000000000000 0.0000000000000000 0.0000000000000000 0.0000000000000000
0.1000020429491997 0.1000020429491997 0.1000020429491997 0.1000020429491997 0.1000020429491997 0.1000020429491997
0.1000090241432190 0.1000090241432190 0.1000090241432190 0.1000090241432190 0.1000090241432190 0.1000090241432190
0.1000005602836609 0.1000005602836609 0.1000005602836609 0.1000005602836609 0.1000005602836609 0.1000005602836609
0.1000032126903534 0.1000032126903534 0.1000032126903534 0.1000032126903534 0.1000032126903534 0.1000032126903534
0.1000131368637085 0.1000131368637085 0.1000131368637085 0.1000131368637085 0.1000131368637085 0.1000131368637085
0.1000040397047997 0.1000040397047997 0.1000040397047997 0.1000040397047997 0.1000040397047997 0.1000040397047997
0.0000000000000000 0.0000000000000000 0.0000000000000000 0.0000000000000000 0.0000000000000000 0.0000000000000000
0.1000110507011414 0.1000110507011414 0.1000110507011414 0.1000110507011414 0.1000110507011414 0.1000110507011414
0.1000012159347534 0.1000012159347534 0.1000012159347534 0.1000012159347534 0.1000012159347534 0.1000012159347534
0.0000000000000000 0.0000000000000000 0.0000000000000000 0.0000000000000000 0.0000000000000000 0.0000000000000000
0.1000086069107056 0.1000086069107056 0.1000086069107056 0.1000086069107056 0.1000086069107056 0.1000086069107056
0.0000000000000000 0.0000000000000000 0.0000000000000000 0.0000000000000000 0.0000000000000000 0.0000000000000000
0.0000000000000000 0.0000000000000000 0.0000000000000000 0.0000000000000000 0.0000000000000000 0.0000000000000000
0.1000047922134399 0.1000047922134399 0.1000047922134399 0.1000047922134399 0.1000047922134399 0.1000047922134399
0.0000000000000000 0.0000000000000000 0.0000000000000000 0.0000000000000000 0.0000000000000000 0.0000000000000000
0.0000000000000000 0.0000000000000000 0.0000000000000000 0.0000000000000000 0.0000000000000000 0.0000000000000000
0.0000000000000000 0.0000000000000000 0.0000000000000000 0.0000000000000000 0.0000000000000000 0.0000000000000000
0.0000000000000000 0.0000000000000000 0.0000000000000000 0.0000000000000000 0.0000000000000000 0.0000000000000000
0.0000000000000000 0.0000000000000000 0.0000000000000000 0.0000000000000000 0.0000000000000000 0.0000000000000000
0.0000000000000000 0.0000000000000000 0.0000000000000000 0.0000000000000000 0.0000000000000000 0.0000000000000000
0.1000051498413086 0.1000051498413086 0.1000051498413086 0.1000051498413086 0.1000051498413086 0.1000051498413086
0.0000000000000000 0.0000000000000000 0.0000000000000000 0.0000000000000000 0.0000000000000000 0.0000000000000000
0.1000095978379250 0.1000095978379250 0.1000095978379250 0.1000095978379250 0.1000095978379250 0.1000095978379250
0.1000168621540070 0.1000168621540070 0.1000168621540070 0.1000168621540070 0.1000168621540070 0.1000168621540070
0.1000276356935501 0.1000276356935501 0.1000276356935501 0.1000276356935501 0.1000276356935501 0.1000276356935501
0.1000199839472771 0.1000199839472771 0.1000199839472771 0.1000199839472771 0.1000199839472771 0.1000199839472771
0.1000348329544067 0.1000348329544067 0.1000348329544067 0.1000348329544067 0.1000348329544067 0.1000348329544067
0.1000164747238159 0.1000164747238159 0.1000164747238159 0.1000164747238159 0.1000164747238159 0.1000164747238159
0.1000327914953232 0.1000327914953232 0.1000327914953232 0.1000327914953232 0.1000327914953232 0.1000327914953232
0.1000134050846100 0.1000134050846100 0.1000134050846100 0.1000134050846100 0.1000134050846100 0.1000134050846100
0.1000298038125038 0.1000298038125038 0.1000298038125038 0.1000298038125038 0.1000298038125038 0.1000298038125038
0.1000059470534325 0.1000059470534325 0.1000059470534325 0.1000059470534325 0.1000059470534325 0.1000059470534325
0.1000225394964218 0.1000225394964218 0.1000225394964218 0.1000225394964218 0.1000225394964218 0.1000225394964218
0.0000000000000000 0.0000000000000000 0.0000000000000000 0.0000000000000000 0.0000000000000000 0.0000000000000000
0.1000108420848846 0.1000108420848846 0.1000108420848846 0.1000108420848846 0.1000108420848846 0.1000108420848846
0.1000018864870071 0.1000018864870071 0.1000018864870071 0.1000018864870071 0.1000018864870071 0.1000018864870071
0.1000198572874069 0.1000198572874069 0.1000198572874069 0.1000198572874069 0.1000198572874069 0.1000198572874069
0.1000080108642578 0.1000080108642578 0.1000080108642578 0.1000080108642578 0.1000080108642578 0.1000080108642578
0.1000160872936249 0.1000160872936249 0.1000160872936249 0.1000160872936249 0.1000160872936249 0.1000160872936249
0.1000347733497620 0.1000347733497620 0.1000347733497620 0.1000347733497620 0.1000347733497620 0.1000347733497620
0.1000371873378754 0.1000371873378754 0.1000371873378754 0.1000371873378754 0.1000371873378754 0.1000371873378754
0.1000396460294724 0.1000396460294724 0.1000396460294724 0.1000396460294724 0.1000396460294724 0.1000396460294724
0.1000464707612991 0.1000464707612991 0.1000464707612991 0.1000464707612991 0.1000464707612991 0.1000464707612991
0.1000351980328560 0.1000351980328560 0.1000351980328560 0.1000351980328560 0.1000351980328560 0.1000351980328560
0.1000437662005424 0.1000437662005424 0.1000437662005424 0.1000437662005424 0.1000437662005424 0.1000437662005424
0.1000293791294098 0.1000293791294098 0.1000293791294098 0.1000293791294098 0.1000293791294098 0.1000293791294098
0.1000400185585022 0.1000400185585022 0.1000400185585022 0.1000400185585022 0.1000400185585022 0.1000400185585022
0.1000195220112801 0.1000195220112801 0.1000195220112801 0.1000195220112801 0.1000195220112801 0.1000195220112801
0.1000307276844978 0.1000307276844978 0.1000307276844978 0.1000307276844978 0.1000307276844978 0.1000307276844978
0.1000102236866951 0.1000102236866951 0.1000102236866951 0.1000102236866951 0.1000102236866951 0.1000102236866951
0.1000171229243279 0.1000171229243279 0.1000171229243279 0.1000171229243279 0.1000171229243279 0.1000171229243279
0.1000068187713623 0.1000068187713623 0.1000068187713623 0.1000068187713623 0.1000068187713623 0.1000068187713623
0.1000268310308456 0.1000268310308456 0.1000268310308456 0.1000268310308456 0.1000268310308456 0.1000268310308456
0.1000129431486130 0.1000129431486130 0.1000129431486130 0.1000129431486130 0.1000129431486130 0.1000129431486130
0.1000154539942741 0.1000154539942741 0.1000154539942741 0.1000154539942741 0.1000154539942741 0.1000154539942741
0.1000432446599007 0.1000432446599007 0.1000432446599007 0.1000432446599007 0.1000432446599007 0.1000432446599007
0.1000388860702515 0.1000388860702515 0.1000388860702515 0.1000388860702515 0.1000388860702515 0.1000388860702515
0.1000475883483887 0.1000475883483887 0.1000475883483887 0.1000475883483887 0.1000475883483887 0.1000475883483887
0.1000470668077469 0.1000470668077469 0.1000470668077469 0.1000470668077469 0.1000470668077469 0.1000470668077469
0.1000427529215813 0.1000427529215813 0.1000427529215813 0.1000427529215813 0.1000427529215813 0.1000427529215813
0.1000433787703514 0.1000433787703514 0.1000433787703514 0.1000433787703514 0.1000433787703514 0.1000433787703514
0.1000371202826500 0.1000371202826500 0.1000371202826500 0.1000371202826500 0.1000371202826500 0.1000371202826500
0.1000406816601753 0.1000406816601753 0.1000406816601753 0.1000406816601753 0.1000406816601753 0.1000406816601753
0.1000253558158875 0.1000253558158875 0.1000253558158875 0.1000253558158875 0.1000253558158875 0.1000253558158875
0.1000318452715874 0.1000318452715874 0.1000318452715874 0.1000318452715874 0.1000318452715874 0.1000318452715874
0.1000144630670547 0.1000144630670547 0.1000144630670547 0.1000144630670547 0.1000144630670547 0.1000144630670547
0.1000154688954353 0.1000154688954353 0.1000154688954353 0.1000154688954353 0.1000154688954353 0.1000154688954353
0.1000045165419579 0.1000045165419579 0.1000045165419579 0.1000045165419579 0.1000045165419579 0.1000045165419579
0.1000215560197830 0.1000215560197830 0.1000215560197830 0.1000215560197830 0.1000215560197830 0.1000215560197830
0.1000063866376877 0.1000063866376877 0.1000063866376877 0.1000063866376877 0.1000063866376877 0.1000063866376877
0.1000121161341667 0.1000121161341667 0.1000121161341667 0.1000121161341667 0.1000121161341667 0.1000121161341667
0.1000385060906410 0.1000385060906410 0.1000385060906410 0.1000385060906410 0.1000385060906410 0.1000385060906410
0.1000334396958351 0.1000334396958351 0.1000334396958351 0.1000334396958351 0.1000334396958351 0.1000334396958351
0.1000415757298470 0.1000415757298470 0.1000415757298470 0.1000415757298470 0.1000415757298470 0.1000415757298470
0.1000411286950111 0.1000411286950111 0.1000411286950111 0.1000411286950111 0.1000411286950111 0.1000411286950111
0.1000368967652321 0.1000368967652321 0.1000368967652321 0.1000368967652321 0.1000368967652321 0.1000368967652321
0.1000379323959351 0.1000379323959351 0.1000379323959351 0.1000379323959351 0.1000379323959351 0.1000379323959351
0.1000329330563545 0.1000329330563545 0.1000329330563545 0.1000329330563545 0.1000329330563545 0.1000329330563545
0.1000350564718246 0.1000350564718246 0.1000350564718246 0.1000350564718246 0.1000350564718246 0.1000350564718246
0.1000199019908905 0.1000199019908905 0.1000199019908905 0.1000199019908905 0.1000199019908905 0.1000199019908905
0.1000271216034889 0.1000271216034889 0.1000271216034889 0.1000271216034889 0.1000271216034889 0.1000271216034889
0.1000081971287727 0.1000081971287727 0.1000081971287727 0.1000081971287727 0.1000081971287727 0.1000081971287727
0.1000128686428070 0.1000128686428070 0.1000128686428070 0.1000128686428070 0.1000128686428070 0.1000128686428070
0.1000030934810638 0.1000030934810638 0.1000030934810638 0.1000030934810638 0.1000030934810638 0.1000030934810638
0.1000124886631966 0.1000124886631966 0.1000124886631966 0.1000124886631966 0.1000124886631966 0.1000124886631966
0.1000016853213310 0.1000016853213310 0.1000016853213310 0.1000016853213310 0.1000016853213310 0.1000016853213310
0.1000044569373131 0.1000044569373131 0.1000044569373131 0.1000044569373131 0.1000044569373131 0.1000044569373131
0.1000266820192337 0.1000266820192337 0.1000266820192337 0.1000266820192337 0.1000266820192337 0.1000266820192337
0.1000219807028770 0.1000219807028770 0.1000219807028770 0.1000219807028770 0.1000219807028770 0.1000219807028770
0.1000301092863083 0.1000301092863083 0.1000301092863083 0.1000301092863083 0.1000301092863083 0.1000301092863083
0.1000279411673546 0.1000279411673546 0.1000279411673546 0.1000279411673546 0.1000279411673546 0.1000279411673546
0.1000255197286606 0.1000255197286606 0.1000255197286606 0.1000255197286606 0.1000255197286606 0.1000255197286606
0.1000253632664680 0.1000253632664680 0.1000253632664680 0.1000253632664680 0.1000253632664680 0.1000253632664680
0.1000218912959099 0.1000218912959099 0.1000218912959099 0.1000218912959099 0.1000218912959099 0.1000218912959099
0.1000227555632591 0.1000227555632591 0.1000227555632591 0.1000227555632591 0.1000227555632591 0.1000227555632591
0.1000124216079712 0.1000124216079712 0.1000124216079712 0.1000124216079712 0.1000124216079712 0.1000124216079712
0.1000163853168488 0.1000163853168488 0.1000163853168488 0.1000163853168488 0.1000163853168488 0.1000163853168488
0.1000033542513847 0.1000033542513847 0.1000033542513847 0.1000033542513847 0.1000033542513847 0.1000033542513847
0.1000052839517593 0.1000052839517593 0.1000052839517593 0.1000052839517593 0.1000052839517593 0.1000052839517593
0.0000000000000000 0.0000000000000000 0.0000000000000000 0.0000000000000000 0.0000000000000000 0.0000000000000000
0.1000078469514847 0.1000078469514847 0.1000078469514847 0.1000078469514847 0.1000078469514847 0.1000078469514847
0.0000000000000000 0.0000000000000000 0.0000000000000000 0.0000000000000000 0.0000000000000000 0.0000000000000000
0.0000000000000000 0.0000000000000000 0.0000000000000000 0.0000000000000000 0.0000000000000000 0.0000000000000000
0.1000198498368263 0.1000198498368263 0.1000198498368263 0.1000198498368263 0.1000198498368263 0.1000198498368263
0.1000083237886429 0.1000083237886429 0.1000083237886429 0.1000083237886429 0.1000083237886429 0.1000083237886429
0.1000227257609367 0.1000227257609367 0.1000227257609367 0.1000227257609367 0.1000227257609367 0.1000227257609367
0.1000133231282234 0.1000133231282234 0.1000133231282234 0.1000133231282234 0.1000133231282234 0.1000133231282234
0.1000187844038010 0.1000187844038010 0.1000187844038010 0.1000187844038010 0.1000187844038010 0.1000187844038010
0.1000104621052742 0.1000104621052742 0.1000104621052742 0.1000104621052742 0.1000104621052742 0.1000104621052742
0.1000156328082085 0.1000156328082085 0.1000156328082085 0.1000156328082085 0.1000156328082085 0.1000156328082085
0.1000083088874817 0.1000083088874817 0.1000083088874817 0.1000083088874817 0.1000083088874817 0.1000083088874817
0.1000078320503235 0.1000078320503235 0.1000078320503235 0.1000078320503235 0.1000078320503235 0.1000078320503235
0.1000041887164116 0.1000041887164116 0.1000041887164116 0.1000041887164116 0.1000041887164116 0.1000041887164116
0.1000005826354027 0.1000005826354027 0.1000005826354027 0.1000005826354027 0.1000005826354027 0.1000005826354027
0.0000000000000000 0.0000000000000000 0.0000000000000000 0.0000000000000000 0.0000000000000000 0.0000000000000000
0.0000000000000000 0.0000000000000000 0.0000000000000000 0.0000000000000000 0.0000000000000000 0.0000000000000000
0.0000000000000000 0.0000000000000000 0.0000000000000000 0.0000000000000000 0.0000000000000000 0.0000000000000000
0.0000000000000000 0.0000000000000000 0.0000000000000000 0.0000000000000000 0.0000000000000000 0.0000000000000000
0.1000011041760445 0.1000011041760445 0.1000011041760445 0.1000011041760445 0.1000011041760445 0.1000011041760445
0.1000026166439056 0.1000026166439056 0.1000026166439056 0.1000026166439056 0.1000026166439056 0.1000026166439056
0.0000000000000000 0.0000000000000000 0.0000000000000000 0.0000000000000000 0.0000000000000000 0.0000000000000000
0.0000000000000000 0.0000000000000000 0.0000000000000000 0.0000000000000000 0.0000000000000000 0.0000000000000000
0.0000000000000000 0.0000000000000000 0.0000000000000000 0.0000000000000000 0.0000000000000000 0.0000000000000000
0.0000000000000000 0.0000000000000000 0.0000000000000000 0.0000000000000000 0.0000000000000000 0.0000000000000000
0.9996941089630127 0.9996941089630127 0.9996941089630127 0.9996941089630127 0
0.9999529123306274 0.9999529123306274 0.9999529123306274 0.9999529123306274 0
1.0001947879791260 1.0001947879791260 1.0001947879791260 1.0001947879791260 0
1.0001833438873291 1.0001833438873291 1.0001833438873291 1.0001833438873291 0
1.0001037120819092 1.0001037120819092 1.0001037120819092 1.0001037120819092 0
1.0000307559967041 1.0000307559967041 1.0000307559967041 1.0000307559967041 0
0.9999817013740540 0.9999817013740540 0.9999817013740540 0.9999817013740540 0
0.9996128082275391 0.9996128082275391 0.9996128082275391 0.9996128082275391 0
0.9999414086341858 0.9999414086341858 0.9999414086341858 0.9999414086341858 0
1.0002511739730835 1.0002511739730835 1.0002511739730835 1.0002511739730835 0
1.0006937980651855 1.0006937980651855 1.0006937980651855 1.0006937980651855 0
1.0006622076034546 1.0006622076034546 1.0006622076034546 1.0006622076034546 0
1.0005692243576050 1.0005692243576050 1.0005692243576050 1.0005692243576050 0
1.0004464387893677 1.0004464387893677 1.0004464387893677 1.0004464387893677 0
1.0003969669342041 1.0003969669342041 1.0003969669342041 1.0003969669342041 0
0.9999474287033081 0.9999474287033081 0.9999474287033081 0.9999474287033081 0
0.9999822378158569 0.9999822378158569 0.9999822378158569 0.9999822378158569 0
1.0003848075866699 1.0003848075866699 1.0003848075866699 1.0003848075866699 0
1.0008412599563599 1.0008412599563599 1.0008412599563599 1.0008412599563599 0
1.0008010864257812 1.0008010864257812 1.0008010864257812 1.0008010864257812 0
1.0006722211837769 1.0006722211837769 1.0006722211837769 1.0006722211837769 0
1.0005761384963989 1.0005761384963989 1.0005761384963989 1.0005761384963989 0
1.0005022287368774 1.0005022287368774 1.0005022287368774 1.0005022287368774 0
0.9999666810035706 0.9999666810035706 0.9999666810035706 0.9999666810035706 0
0.9998604655265808 0.9998604655265808 0.9998604655265808 0.9998604655265808 0
1.0002392530441284 1.0002392530441284 1.0002392530441284 1.0002392530441284 0
1.0006711483001709 1.0006711483001709 1.0006711483001709 1.0006711483001709 0
1.0006268024444580 1.0006268024444580 1.0006268024444580 1.0006268024444580 0
1.0004898309707642 1.0004898309707642 1.0004898309707642 1.0004898309707642 0
1.0004014968872070 1.0004014968872070 1.0004014968872070 1.0004014968872070 0
1.0003508329391479 1.0003508329391479 1.0003508329391479 1.0003508329391479 0
0.9998643994331360 0.9998643994331360 0.9998643994331360 0.9998643994331360 0
0.9999159574508667 0.9999159574508667 0.9999159574508667 0.9999159574508667 0
1.0002945661544800 1.0002945661544800 1.0002945661544800 1.0002945661544800 0
1.0007084608078003 1.0007084608078003 1.0007084608078003 1.0007084608078003 0
1.0006653070449829 1.0006653070449829 1.0006653070449829 1.0006653070449829 0
1.0005303621292114 1.0005303621292114 1.0005303621292114 1.0005303621292114 0
1.0004502534866333 1.0004502534866333 1.0004502534866333 1.0004502534866333 0
1.0003904104232788 1.0003904104232788 1.0003904104232788 1.0003904104232788 0
0.9998958706855774 0.9998958706855774 0.9998958706855774 0.9998958706855774 0
0.9998794794082642 0.9998794794082642 0.9998794794082642 0.9998794794082642 0
1.0001583099365234 1.0001583099365234 1.0001583099365234 1.0001583099365234 0
1.0005936622619629 1.0005936622619629 1.0005936622619629 1.0005936622619629 0
1.0005558729171753 1.0005558729171753 1.0005558729171753 1.0005558729171753 0
1.0004626512527466 1.0004626512527466 1.0004626512527466 1.0004626512527466 0
1.0003411769866943 1.0003411769866943 1.0003411769866943 1.0003411769866943 0
1.0003082752227783 1.0003082752227783 1.0003082752227783 1.0003082752227783 0
0.9998571872711182 0.9998571872711182 0.9998571872711182 0.9998571872711182 0
0.9997960329055786 0.9997960329055786 0.9997960329055786 0.9997960329055786 0
1.0000879764556885 1.0000879764556885 1.0000879764556885 1.0000879764556885 0
1.0003212690353394 1.0003212690353394 1.0003212690353394 1.0003212690353394 0
1.0003002882003784 1.0003002882003784 1.0003002882003784 1.0003002882003784 0
1.0002223253250122 1.0002223253250122 1.0002223253250122 1.0002223253250122 0
1.0001676082611084 1.0001676082611084 1.0001676082611084 1.0001676082611084 0
1.0001090764999390 1.0001090764999390 1.0001090764999390 1.0001090764999390 0
0.9997491836547852 0.9997491836547852 0.9997491836547852 0.9997491836547852 0
0.9996563792228699 0.9996563792228699 0.9996563792228699 0.9996563792228699 0
0.9998309016227722 0.9998309016227722 0.9998309016227722 0.9998309016227722 0
1.0001212358474731 1.0001212358474731 1.0001212358474731 1.0001212358474731 0
1.0000752210617065 1.0000752210617065 1.0000752210617065 1.0000752210617065 0
0.9999111890792847 0.9999111890792847 0.9999111890792847 0.9999111890792847 0
0.9999267458915710 0.9999267458915710 0.9999267458915710 0.9999267458915710 0
0.9999563694000244 0.9999563694000244 0.9999563694000244 0.9999563694000244 0
0.9996949434280396 0.9996949434280396 0.9996949434280396 0.9996949434280396 0
0.0000000000000000 0.0000000000000000 0.0000000000000000 0.0000000000000000 0.0000000000000000 0.0000000000000000
0.0000000000000000 0.0000000000000000 0.0000000000000000 0.0000000000000000 0.0000000000000000 0.0000000000000000
0.0000000000000000 0.0000000000000000 0.0000000000000000 0.0000000000000000 0.0000000000000000 0.0000000000000000
0.0000000000000000 0.0000000000000000 0.0000000000000000 0.0000000000000000 0.0000000000000000 0.0000000000000000
0.1000124141573906 0.1000124141573906 0.1000124141573906 0.1000124141573906 0.1000124141573906 0.1000124141573906
0.1000427752733231 0.1000427752733231 0.1000427752733231 0.1000427752733231 0.1000427752733231 0.1000427752733231
0.0000000000000000 0.0000000000000000 0.0000000000000000 0.0000000000000000 0.0000000000000000 0.0000000000000000
0.1000737994909286 0.1000737994909286 0.1000737994909286 0.1000737994909286 0.1000737994909286 0.1000737994909286
0.1001796275377274 0.1001796275377274 0.1001796275377274 0.1001796275377274 0.1001796275377274 0.1001796275377274
0.1000969260931015 0.1000969260931015 0.1000969260931015 0.1000969260931015 0.1000969260931015 0.1000969260931015
0.1000220999121666 0.1000220999121666 0.1000220999121666 0.1000220999121666 0.1000220999121666 0.1000220999121666
0.1001025661826134 0.1001025661826134 0.1001025661826134 0.1001025661826134 0.1001025661826134 0.1001025661826134
0.1000227555632591 0.1000227555632591 0.1000227555632591 0.1000227555632591 0.1000227555632591 0.1000227555632591
0.0000000000000000 0.0000000000000000 0.0000000000000000 0.0000000000000000 0.0000000000000000 0.0000000000000000
0.1000566110014915 0.1000566110014915 0.1000566110014915 0.1000566110014915 0.1000566110014915 0.1000566110014915
0.0000000000000000 0.0000000000000000 0.0000000000000000 0.0000000000000000 0.0000000000000000 0.0000000000000000
0.1000244095921516 0.1000244095921516 0.1000244095921516 0.1000244095921516 0.1000244095921516 0.1000244095921516
0.1001128330826759 0.1001128330826759 0.1001128330826759 0.1001128330826759 0.1001128330826759 0.1001128330826759
0.1000341475009918 0.1000341475009918 0.1000341475009918 0.1000341475009918 0.1000341475009918 0.1000341475009918
0.0000000000000000 0.0000000000000000 0.0000000000000000 0.0000000000000000 0.0000000000000000 0.0000000000000000
0.1000416651368141 0.1000416651368141 0.1000416651368141 0.1000416651368141 0.1000416651368141 0.1000416651368141
0.0000000000000000 0.0000000000000000 0.0000000000000000 0.0000000000000000 0.0000000000000000 0.0000000000000000
0.0000000000000000 0.0000000000000000 0.0000000000000000 0.0000000000000000 0.0000000000000000 0.0000000000000000
0.0000000000000000 0.0000000000000000 0.0000000000000000 0.0000000000000000 0.0000000000000000 0.0000000000000000
0.0000000000000000 0.0000000000000000 0.0000000000000000 0.0000000000000000 0.0000000000000000 0.0000000000000000
0.0000000000000000 0.0000000000000000 0.0000000000000000 0.0000000000000000 0.0000000000000000 0.0000000000000000
0.0000000000000000 0.0000000000000000 0.0000000000000000 0.0000000000000000 0.0000000000000000 0.0000000000000000
0.1000888347625732 0.1000888347625732 0.1000888347625732 0.1000888347625732 0.1000888347625732 0.1000888347625732
0.1000983566045761 0.1000983566045761 0.1000983566045761 0.1000983566045761 0.1000983566045761 0.1000983566045761
0.1001711487770081 0.1001711487770081 0.1001711487770081 0.1001711487770081 0.1001711487770081 0.1001711487770081
0.1002578809857368 0.1002578809857368 0.1002578809857368 0.1002578809857368 0.1002578809857368 0.1002578809857368
0.1001127660274506 0.1001127660274506 0.1001127660274506 0.1001127660274506 0.1001127660274506 0.1001127660274506
0.1001722291111946 0.1001722291111946 0.1001722291111946 0.1001722291111946 0.1001722291111946 0.1001722291111946
0.1000781431794167 0.1000781431794167 0.1000781431794167 0.1000781431794167 0.1000781431794167 0.1000781431794167
0.1001175269484520 0.1001175269484520 0.1001175269484520 0.1001175269484520 0.1001175269484520 0.1001175269484520
0.1001052781939507 0.1001052781939507 0.1001052781939507 0.1001052781939507 0.1001052781939507 0.1001052781939507
0.1001797541975975 0.1001797541975975 0.1001797541975975 0.1001797541975975 0.1001797541975975 0.1001797541975975
0.1000196412205696 0.1000196412205696 0.1000196412205696 0.1000196412205696 0.1000196412205696 0.1000196412205696
0.1000966727733612 0.1000966727733612 0.1000966727733612 0.1000966727733612 0.1000966727733612 0.1000966727733612
0.0000000000000000 0.0000000000000000 0.0000000000000000 0.0000000000000000 0.0000000000000000 0.0000000000000000
0.1000008210539818 0.1000008210539818 0.1000008210539818 0.1000008210539818 0.1000008210539818 0.1000008210539818
0.0000000000000000 0.0000000000000000 0.0000000000000000 0.0000000000000000 0.0000000000000000 0.0000000000000000
0.0000000000000000 0.0000000000000000 0.0000000000000000 0.0000000000000000 0.0000000000000000 0.0000000000000000
0.1001327633857727 0.1001327633857727 0.1001327633857727 0.1001327633857727 0.1001327633857727 0.1001327633857727
0.1000951230525970 0.1000951230525970 0.1000951230525970 0.1000951230525970 0.1000951230525970 0.1000951230525970
0.1002178117632866 0.1002178117632866 0.1002178117632866 0.1002178117632866 0.1002178117632866 0.1002178117632866
0.1002564132213593 0.1002564132213593 0.1002564132213593 0.1002564132213593 0.1002564132213593 0.1002564132213593
0.1001553907990456 0.1001553907990456 0.1001553907990456 0.1001553907990456 0.1001553907990456 0.1001553907990456
0.1001677438616753 0.1001677438616753 0.1001677438616753 0.1001677438616753 0.1001677438616753 0.1001677438616753
0.1001175567507744 0.1001175567507744 0.1001175567507744 0.1001175567507744 0.1001175567507744 0.1001175567507744
0.1001081466674805 0.1001081466674805 0.1001081466674805 0.1001081466674805 0.1001081466674805 0.1001081466674805
0.1001462340354919 0.1001462340354919 0.1001462340354919 0.1001462340354919 0.1001462340354919 0.1001462340354919
0.1001738607883453 0.1001738607883453 0.1001738607883453 0.1001738607883453 0.1001738607883453 0.1001738607883453
0.1000479906797409 0.1000479906797409 0.1000479906797409 0.1000479906797409 0.1000479906797409 0.1000479906797409
0.1000883206725121 0.1000883206725121 0.1000883206725121 0.1000883206725121 0.1000883206725121 0.1000883206725121
0.0000000000000000 0.0000000000000000 0.0000000000000000 0.0000000000000000 0.0000000000000000 0.0000000000000000
0.0000000000000000 0.0000000000000000 0.0000000000000000 0.0000000000000000 0.0000000000000000 0.0000000000000000
0.0000000000000000 0.0000000000000000 0.0000000000000000 0.0000000000000000 0.0000000000000000 0.0000000000000000
0.0000000000000000 0.0000000000000000 0.0000000000000000 0.0000000000000000 0.0000000000000000 0.0000000000000000
0.1001003608107567 0.1001003608107567 0.1001003608107567 0.1001003608107567 0.1001003608107567 0.1001003608107567
0.1000862941145897 0.1000862941145897 0.1000862941145897 0.1000862941145897 0.1000862941145897 0.1000862941145897
0.1001820266246796 0.1001820266246796 0.1001820266246796 0.1001820266246796 0.1001820266246796 0.1001820266246796
0.1002443656325340 0.1002443656325340 0.1002443656325340 0.1002443656325340 0.1002443656325340 0.1002443656325340
0.1001182273030281 0.1001182273030281 0.1001182273030281 0.1001182273030281 0.1001182273030281 0.1001182273030281
0.1001556143164635 0.1001556143164635 0.1001556143164635 0.1001556143164635 0.1001556143164635 0.1001556143164635
0.1000806093215942 0.1000806093215942 0.1000806093215942 0.1000806093215942 0.1000806093215942 0.1000806093215942
0.1000973060727119 0.1000973060727119 0.1000973060727119 0.1000973060727119 0.1000973060727119 0.1000973060727119
0.1001108288764954 0.1001108288764954 0.1001108288764954 0.1001108288764954 0.1001108288764954 0.1001108288764954
0.1001624986529350 0.1001624986529350 0.1001624986529350 0.1001624986529350 0.1001624986529350 0.1001624986529350
0.1000173985958099 0.1000173985958099 0.1000173985958099 0.1000173985958099 0.1000173985958099 0.1000173985958099
0.1000771448016167 0.1000771448016167 0.1000771448016167 0.1000771448016167 0.1000771448016167 0.1000771448016167
0.0000000000000000 0.0000000000000000 0.0000000000000000 0.0000000000000000 0.0000000000000000 0.0000000000000000
0.0000000000000000 0.0000000000000000 0.0000000000000000 0.0000000000000000 0.0000000000000000 0.0000000000000000
0.0000000000000000 0.0000000000000000 0.0000000000000000 0.0000000000000000 0.0000000000000000 0.0000000000000000
0.0000000000000000 0.0000000000000000 0.0000000000000000 0.0000000000000000 0.0000000000000000 0.0000000000000000
0.1000935733318329 0.1000935733318329 0.1000935733318329 0.1000935733318329 0.1000935733318329 0.1000935733318329
0.1000761091709137 0.1000761091709137 0.1000761091709137 0.1000761091709137 0.1000761091709137 0.1000761091709137
0.1001748070120811 0.1001748070120811 0.1001748070120811 0.1001748070120811 0.1001748070120811 0.1001748070120811
0.1002314686775208 0.1002314686775208 0.1002314686775208 0.1002314686775208 0.1002314686775208 0.1002314686775208
0.1001120209693909 0.1001120209693909 0.1001120209693909 0.1001120209693909 0.1001120209693909 0.1001120209693909
0.1001453995704651 0.1001453995704651 0.1001453995704651 0.1001453995704651 0.1001453995704651 0.1001453995704651
0.1000758484005928 0.1000758484005928 0.1000758484005928 0.1000758484005928 0.1000758484005928 0.1000758484005928
0.1000917777419090 0.1000917777419090 0.1000917777419090 0.1000917777419090 0.1000917777419090 0.1000917777419090
0.1001053601503372 0.1001053601503372 0.1001053601503372 0.1001053601503372 0.1001053601503372 0.1001053601503372
0.1001554206013680 0.1001554206013680 0.1001554206013680 0.1001554206013680 0.1001554206013680 0.1001554206013680
0.1000130251049995 0.1000130251049995 0.1000130251049995 0.1000130251049995 0.1000130251049995 0.1000130251049995
0.1000733748078346 0.1000733748078346 0.1000733748078346 0.1000733748078346 0.1000733748078346 0.1000733748078346
0.0000000000000000 0.0000000000000000 0.0000000000000000 0.0000000000000000 0.0000000000000000 0.0000000000000000
0.0000000000000000 0.0000000000000000 0.0000000000000000 0.0000000000000000 0.0000000000000000 0.0000000000000000
0.0000000000000000 0.0000000000000000 0.0000000000000000 0.0000000000000000 0.0000000000000000 0.0000000000000000
0.0000000000000000 0.0000000000000000 0.0000000000000000 0.0000000000000000 0.0000000000000000 0.0000000000000000
0.1000881493091583 0.1000881493091583 0.1000881493091583 0.1000881493091583 0.1000881493091583 0.1000881493091583
0.1000449210405350 0.1000449210405350 0.1000449210405350 0.1000449210405350 0.1000449210405350 0.1000449210405350
0.1001694351434708 0.1001694351434708 0.1001694351434708 0.1001694351434708 0.1001694351434708 0.1001694351434708
0.1001792475581169 0.1001792475581169 0.1001792475581169 0.1001792475581169 0.1001792475581169 0.1001792475581169
0.1001108437776566 0.1001108437776566 0.1001108437776566 0.1001108437776566 0.1001108437776566 0.1001108437776566
0.1000983119010925 0.1000983119010925 0.1000983119010925 0.1000983119010925 0.1000983119010925 0.1000983119010925
0.1000761985778809 0.1000761985778809 0.1000761985778809 0.1000761985778809 0.1000761985778809 0.1000761985778809
0.1000521257519722 0.1000521257519722 0.1000521257519722 0.1000521257519722 0.1000521257519722 0.1000521257519722
0.1001051589846611 0.1001051589846611 0.1001051589846611 0.1001051589846611 0.1001051589846611 0.1001051589846611
0.1001126989722252 0.1001126989722252 0.1001126989722252 0.1001126989722252 0.1001126989722252 0.1001126989722252
0.1000182926654816 0.1000182926654816 0.1000182926654816 0.1000182926654816 0.1000182926654816 0.1000182926654816
0.1000384241342545 0.1000384241342545 0.1000384241342545 0.1000384241342545 0.1000384241342545 0.1000384241342545
0.0000000000000000 0.0000000000000000 0.0000000000000000 0.0000000000000000 0.0000000000000000 0.0000000000000000
0.0000000000000000 0.0000000000000000 0.0000000000000000 0.0000000000000000 0.0000000000000000 0.0000000000000000
0.0000000000000000 0.0000000000000000 0.0000000000000000 0.0000000000000000 0.0000000000000000 0.0000000000000000
0.0000000000000000 0.0000000000000000 0.0000000000000000 0.0000000000000000 0.0000000000000000 0.0000000000000000
0.1000419631600380 0.1000419631600380 0.1000419631600380 0.1000419631600380 0.1000419631600380 0.1000419631600380
0.0000000000000000 0.0000000000000000 0.0000000000000000 0.0000000000000000 0.0000000000000000 0.0000000000000000
0.1001039817929268 0.1001039817929268 0.1001039817929268 0.1001039817929268 0.1001039817929268 0.1001039817929268
0.1001102179288864 0.1001102179288864 0.1001102179288864 0.1001102179288864 0.1001102179288864 0.1001102179288864
0.1000510007143021 0.1000510007143021 0.1000510007143021 0.1000510007143021 0.1000510007143021 0.1000510007143021
0.1000373885035515 0.1000373885035515 0.1000373885035515 0.1000373885035515 0.1000373885035515 0.1000373885035515
0.1000262945890427 0.1000262945890427 0.1000262945890427 0.1000262945890427 0.1000262945890427 0.1000262945890427
0.0000000000000000 0.0000000000000000 0.0000000000000000 0.0000000000000000 0.0000000000000000 0.0000000000000000
0.1000527292490005 0.1000527292490005 0.1000527292490005 0.1000527292490005 0.1000527292490005 0.1000527292490005
0.1000454127788544 0.1000454127788544 0.1000454127788544 0.1000454127788544 0.1000454127788544 0.1000454127788544
0.0000000000000000 0.0000000000000000 0.0000000000000000 0.0000000000000000 0.0000000000000000 0.0000000000000000
0.0000000000000000 0.0000000000000000 0.0000000000000000 0.0000000000000000 0.0000000000000000 0.0000000000000000
0.0000000000000000 0.0000000000000000 0.0000000000000000 0.0000000000000000 0.0000000000000000 0.0000000000000000
0.0000000000000000 0.0000000000000000 0.0000000000000000 0.0000000000000000 0.0000000000000000 0.0000000000000000
0.0000000000000000 0.0000000000000000 0.0000000000000000 0.0000000000000000 0.0000000000000000 0.0000000000000000
0.0000000000000000 0.0000000000000000 0.0000000000000000 0.0000000000000000 0.0000000000000000 0.0000000000000000
0.1000455468893051 0.1000455468893051 0.1000455468893051 0.1000455468893051 0.1000455468893051 0.1000455468893051
0.0000000000000000 0.0000000000000000 0.0000000000000000 0.0000000000000000 0.0000000000000000 0.0000000000000000
0.0000000000000000 0.0000000000000000 0.0000000000000000 0.0000000000000000 0.0000000000000000 0.0000000000000000
0.1000050529837608 0.1000050529837608 0.1000050529837608 0.1000050529837608 0.1000050529837608 0.1000050529837608
0.0000000000000000 0.0000000000000000 0.0000000000000000 0.0000000000000000 0.0000000000000000 0.0000000000000000
0.9997038245201111 0.9997038245201111 0.9997038245201111 0.9997038245201111 0
0.9999494552612305 0.9999494552612305 0.9999494552612305 0.9999494552612305 0
0.9999753832817078 0.9999753832817078 0.9999753832817078 0.9999753832817078 0
0.9998741149902344 0.9998741149902344 0.9998741149902344 0.9998741149902344 0
0.9999125599861145 0.9999125599861145 0.9999125599861145 0.9999125599861145 0
0.9998893141746521 0.9998893141746521 0.9998893141746521 0.9998893141746521 0
0.9997917413711548 0.9997917413711548 0.9997917413711548 0.9997917413711548 0
0.9996440410614014 0.9996440410614014 0.9996440410614014 0.9996440410614014 0
0.9999502897262573 0.9999502897262573 0.9999502897262573 0.9999502897262573 0
1.0002586841583252 1.0002586841583252 1.0002586841583252 1.0002586841583252 0
1.0003507137298584 1.0003507137298584 1.0003507137298584 1.0003507137298584 0
1.0002137422561646 1.0002137422561646 1.0002137422561646 1.0002137422561646 0
1.0002708435058594 1.0002708435058594 1.0002708435058594 1.0002708435058594 0
1.0001504421234131 1.0001504421234131 1.0001504421234131 1.0001504421234131 0
1.0000827312469482 1.0000827312469482 1.0000827312469482 1.0000827312469482 0
0.9998171925544739 0.9998171925544739 0.9998171925544739 0.9998171925544739 0
1.0002019405364990 1.0002019405364990 1.0002019405364990 1.0002019405364990 0
1.0007191896438599 1.0007191896438599 1.0007191896438599 1.0007191896438599 0
1.0008304119110107 1.0008304119110107 1.0008304119110107 1.0008304119110107 0
1.0006576776504517 1.0006576776504517 1.0006576776504517 1.0006576776504517 0
1.0007079839706421 1.0007079839706421 1.0007079839706421 1.0007079839706421 0
1.0005767345428467 1.0005767345428467 1.0005767345428467 1.0005767345428467 0
1.0003160238265991 1.0003160238265991 1.0003160238265991 1.0003160238265991 0
1.0001320838928223 1.0001320838928223 1.0001320838928223 1.0001320838928223 0
1.0001978874206543 1.0001978874206543 1.0001978874206543 1.0001978874206543 0
1.0006974935531616 1.0006974935531616 1.0006974935531616 1.0006974935531616 0
1.0008029937744141 1.0008029937744141 1.0008029937744141 1.0008029937744141 0
1.0006250143051147 1.0006250143051147 1.0006250143051147 1.0006250143051147 0
1.0006635189056396 1.0006635189056396 1.0006635189056396 1.0006635189056396 0
1.0005561113357544 1.0005561113357544 1.0005561113357544 1.0005561113357544 0
1.0003154277801514 1.0003154277801514 1.0003154277801514 1.0003154277801514 0
1.0000870227813721 1.0000870227813721 1.0000870227813721 1.0000870227813721 0
1.0001150369644165 1.0001150369644165 1.0001150369644165 1.0001150369644165 0
1.0005931854248047 1.0005931854248047 1.0005931854248047 1.0005931854248047 0
1.0006706714630127 1.0006706714630127 1.0006706714630127 1.0006706714630127 0
1.0004762411117554 1.0004762411117554 1.0004762411117554 1.0004762411117554 0
1.0005364418029785 1.0005364418029785 1.0005364418029785 1.0005364418029785 0
1.0004661083221436 1.0004661083221436 1.0004661083221436 1.0004661083221436 0
1.0002158880233765 1.0002158880233765 1.0002158880233765 1.0002158880233765 0
0.9999326467514038 0.9999326467514038 0.9999326467514038 0.9999326467514038 0
1.0000420808792114 1.0000420808792114 1.0000420808792114 1.0000420808792114 0
1.0004591941833496 1.0004591941833496 1.0004591941833496 1.0004591941833496 0
1.0005567073822021 1.0005567073822021 1.0005567073822021 1.0005567073822021 0
1.0003762245178223 1.0003762245178223 1.0003762245178223 1.0003762245178223 0
1.0004345178604126 1.0004345178604126 1.0004345178604126 1.0004345178604126 0
1.0003377199172974 1.0003377199172974 1.0003377199172974 1.0003377199172974 0
1.0001728534698486 1.0001728534698486 1.0001728534698486 1.0001728534698486 0
0.9999272227287292 0.9999272227287292 0.9999272227287292 0.9999272227287292 0
0.9999992847442627 0.9999992847442627 0.9999992847442627 0.9999992847442627 0
1.0004200935363770 1.0004200935363770 1.0004200935363770 1.0004200935363770 0
1.0004839897155762 1.0004839897155762 1.0004839897155762 1.0004839897155762 0
1.0003356933593750 1.0003356933593750 1.0003356933593750 1.0003356933593750 0
1.0003829002380371 1.0003829002380371 1.0003829002380371 1.0003829002380371 0
1.0003074407577515 1.0003074407577515 1.0003074407577515 1.0003074407577515 0
1.0001130104064941 1.0001130104064941 1.0001130104064941 1.0001130104064941 0
0.9999727606773376 0.9999727606773376 0.9999727606773376 0.9999727606773376 0
0.9996852874755859 0.9996852874755859 0.9996852874755859 0.9996852874755859 0
0.9999448060989380 0.9999448060989380 0.9999448060989380 0.9999448060989380 0
0.9999644160270691 0.9999644160270691 0.9999644160270691 0.9999644160270691 0
0.9998372197151184 0.9998372197151184 0.9998372197151184 0.9998372197151184 0
0.9998753666877747 0.9998753666877747 0.9998753666877747 0.9998753666877747 0
0.9998463988304138 0.9998463988304138 0.9998463988304138 0.9998463988304138 0
0.9997528791427612 0.9997528791427612 0.9997528791427612 0.9997528791427612 0
0.9997224807739258 0.9997224807739258 0.9997224807739258 0.9997224807739258 0
0.0000000000000000 0.0000000000000000 0.0000000000000000 0.0000000000000000 0.0000000000000000 0.0000000000000000
0.0000000000000000 0.0000000000000000 0.0000000000000000 0.0000000000000000 0.0000000000000000 0.0000000000000000
0.0000000000000000 0.0000000000000000 0.0000000000000000 0.0000000000000000 0.0000000000000000 0.0000000000000000
0.0000000000000000 0.0000000000000000 0.0000000000000000 0.0000000000000000 0.0000000000000000 0.0000000000000000
0.0000000000000000 0.0000000000000000 0.0000000000000000 0.0000000000000000 0.0000000000000000 0.0000000000000000
0.0000000000000000 0.0000000000000000 0.0000000000000000 0.0000000000000000 0.0000000000000000 0.0000000000000000
0.0000000000000000 0.0000000000000000 0.0000000000000000 0.0000000000000000 0.0000000000000000 0.0000000000000000
0.0000000000000000 0.0000000000000000 0.0000000000000000 0.0000000000000000 0.0000000000000000 0.0000000000000000
0.0000000000000000 0.0000000000000000 0.0000000000000000 0.0000000000000000 0.0000000000000000 0.0000000000000000
0.0000000000000000 0.0000000000000000 0.0000000000000000 0.0000000000000000 0.0000000000000000 0.0000000000000000
0.0000000000000000 0.0000000000000000 0.0000000000000000 0.0000000000000000 0.0000000000000000 0.0000000000000000
0.0000000000000000 0.0000000000000000 0.0000000000000000 0.0000000000000000 0.0000000000000000 0.0000000000000000
0.0000000000000000 0.0000000000000000 0.0000000000000000 0.0000000000000000 0.0000000000000000 0.0000000000000000
0.0000000000000000 0.0000000000000000 0.0000000000000000 0.0000000000000000 0.0000000000000000 0.0000000000000000
0.0000000000000000 0.0000000000000000 0.0000000000000000 0.0000000000000000 0.0000000000000000 0.0000000000000000
0.0000000000000000 0.0000000000000000 0.0000000000000000 0.0000000000000000 0.0000000000000000 0.0000000000000000
0.0000000000000000 0.0000000000000000 0.0000000000000000 0.0000000000000000 0.0000000000000000 0.0000000000000000
0.0000000000000000 0.0000000000000000 0.0000000000000000 0.0000000000000000 0.0000000000000000 0.0000000000000000
0.0000000000000000 0.0000000000000000 0.0000000000000000 0.0000000000000000 0.0000000000000000 0.0000000000000000
0.0000000000000000 0.0000000000000000 0.0000000000000000 0.0000000000000000 0.0000000000000000 0.0000000000000000
0.0000000000000000 0.0000000000000000 0.0000000000000000 0.0000000000000000 0.0000000000000000 0.0000000000000000
0.0000000000000000 0.0000000000000000 0.0000000000000000 0.0000000000000000 0.0000000000000000 0.0000000000000000
0.0000000000000000 0.0000000000000000 0.0000000000000000 0.0000000000000000 0.0000000000000000 0.0000000000000000
0.0000000000000000 0.0000000000000000 0.0000000000000000 0.0000000000000000 0.0000000000000000 0.0000000000000000
0.1000485792756081 0.1000485792756081 0.1000485792756081 0.1000485792756081 0.1000485792756081 0.1000485792756081
0.0000000000000000 0.0000000000000000 0.0000000000000000 0.0000000000000000 0.0000000000000000 0.0000000000000000
0.1000134199857712 0.1000134199857712 0.1000134199857712 0.1000134199857712 0.1000134199857712 0.1000134199857712
0.1000950932502747 0.1000950932502747 0.1000950932502747 0.1000950932502747 0.1000950932502747 0.1000950932502747
0.1000903323292732 0.1000903323292732 0.1000903323292732 0.1000903323292732 0.1000903323292732 0.1000903323292732
0.1000880450010300 0.1000880450010300 0.1000880450010300 0.1000880450010300 0.1000880450010300 0.1000880450010300
0.1001279875636101 0.1001279875636101 0.1001279875636101 0.1001279875636101 0.1001279875636101 0.1001279875636101
0.1000799909234047 0.1000799909234047 0.1000799909234047 0.1000799909234047 0.1000799909234047 0.1000799909234047
0.1000944748520851 0.1000944748520851 0.1000944748520851 0.1000944748520851 0.1000944748520851 0.1000944748520851
0.1000746935606003 0.1000746935606003 0.1000746935606003 0.1000746935606003 0.1000746935606003 0.1000746935606003
0.1000907570123672 0.1000907570123672 0.1000907570123672 0.1000907570123672 0.1000907570123672 0.1000907570123672
0.1000427678227425 0.1000427678227425 0.1000427678227425 0.1000427678227425 0.1000427678227425 0.1000427678227425
0.1000847369432449 0.1000847369432449 0.1000847369432449 0.1000847369432449 0.1000847369432449 0.1000847369432449
0.0000000000000000 0.0000000000000000 0.0000000000000000 0.0000000000000000 0.0000000000000000 0.0000000000000000
0.1000376865267754 0.1000376865267754 0.1000376865267754 0.1000376865267754 0.1000376865267754 0.1000376865267754
0.0000000000000000 0.0000000000000000 0.0000000000000000 0.0000000000000000 0.0000000000000000 0.0000000000000000
0.1001921445131302 0.1001921445131302 0.1001921445131302 0.1001921445131302 0.1001921445131302 0.1001921445131302
0.1001042500138283 0.1001042500138283 0.1001042500138283 0.1001042500138283 0.1001042500138283 0.1001042500138283
0.1000796481966972 0.1000796481966972 0.1000796481966972 0.1000796481966972 0.1000796481966972 0.1000796481966972
0.1002634614706039 0.1002634614706039 0.1002634614706039 0.1002634614706039 0.1002634614706039 0.1002634614706039
0.1001777499914169 0.1001777499914169 0.1001777499914169 0.1001777499914169 0.1001777499914169 0.1001777499914169
0.1002523750066757 0.1002523750066757 0.1002523750066757 0.1002523750066757 0.1002523750066757 0.1002523750066757
0.1002173051238060 0.1002173051238060 0.1002173051238060 0.1002173051238060 0.1002173051238060 0.1002173051238060
0.1002439856529236 0.1002439856529236 0.1002439856529236 0.1002439856529236 0.1002439856529236 0.1002439856529236
0.1001795753836632 0.1001795753836632 0.1001795753836632 0.1001795753836632 0.1001795753836632 0.1001795753836632
0.1002301499247551 0.1002301499247551 0.1002301499247551 0.1002301499247551 0.1002301499247551 0.1002301499247551
0.1001738682389259 0.1001738682389259 0.1001738682389259 0.1001738682389259 0.1001738682389259 0.1001738682389259
0.1001774072647095 0.1001774072647095 0.1001774072647095 0.1001774072647095 0.1001774072647095 0.1001774072647095
0.1001679599285126 0.1001679599285126 0.1001679599285126 0.1001679599285126 0.1001679599285126 0.1001679599285126
0.1001129299402237 0.1001129299402237 0.1001129299402237 0.1001129299402237 0.1001129299402237 0.1001129299402237
0.1001030132174492 0.1001030132174492 0.1001030132174492 0.1001030132174492 0.1001030132174492 0.1001030132174492
0.1000489518046379 0.1000489518046379 0.1000489518046379 0.1000489518046379 0.1000489518046379 0.1000489518046379
0.1001130342483521 0.1001130342483521 0.1001130342483521 0.1001130342483521 0.1001130342483521 0.1001130342483521
0.1000292748212814 0.1000292748212814 0.1000292748212814 0.1000292748212814 0.1000292748212814 0.1000292748212814
0.1000281795859337 0.1000281795859337 0.1000281795859337 0.1000281795859337 0.1000281795859337 0.1000281795859337
0.1001782789826393 0.1001782789826393 0.1001782789826393 0.1001782789826393 0.1001782789826393 0.1001782789826393
0.1001206636428833 0.1001206636428833 0.1001206636428833 0.1001206636428833 0.1001206636428833 0.1001206636428833
0.1001659110188484 0.1001659110188484 0.1001659110188484 0.1001659110188484 0.1001659110188484 0.1001659110188484
0.1001523211598396 0.1001523211598396 0.1001523211598396 0.1001523211598396 0.1001523211598396 0.1001523211598396
0.1001559197902679 0.1001559197902679 0.1001559197902679 0.1001559197902679 0.1001559197902679 0.1001559197902679
0.1001150012016296 0.1001150012016296 0.1001150012016296 0.1001150012016296 0.1001150012016296 0.1001150012016296
0.1001463085412979 0.1001463085412979 0.1001463085412979 0.1001463085412979 0.1001463085412979 0.1001463085412979
0.1001115292310715 0.1001115292310715 0.1001115292310715 0.1001115292310715 0.1001115292310715 0.1001115292310715
0.1001005992293358 0.1001005992293358 0.1001005992293358 0.1001005992293358 0.1001005992293358 0.1001005992293358
0.1001112908124924 0.1001112908124924 0.1001112908124924 0.1001112908124924 0.1001112908124924 0.1001112908124924
0.1000379472970963 0.1000379472970963 0.1000379472970963 0.1000379472970963 0.1000379472970963 0.1000379472970963
0.1000483706593513 0.1000483706593513 0.1000483706593513 0.1000483706593513 0.1000483706593513 0.1000483706593513
0.0000000000000000 0.0000000000000000 0.0000000000000000 0.0000000000000000 0.0000000000000000 0.0000000000000000
0.1000626832246780 0.1000626832246780 0.1000626832246780 0.1000626832246780 0.1000626832246780 0.1000626832246780
0.0000000000000000 0.0000000000000000 0.0000000000000000 0.0000000000000000 0.0000000000000000 0.0000000000000000
0.1000007763504982 0.1000007763504982 0.1000007763504982 0.1000007763504982 0.1000007763504982 0.1000007763504982
0.1001202315092087 0.1001202315092087 0.1001202315092087 0.1001202315092087 0.1001202315092087 0.1001202315092087
0.1000817194581032 0.1000817194581032 0.1000817194581032 0.1000817194581032 0.1000817194581032 0.1000817194581032
0.1001033708453178 0.1001033708453178 0.1001033708453178 0.1001033708453178 0.1001033708453178 0.1001033708453178
0.1001149863004684 0.1001149863004684 0.1001149863004684 0.1001149863004684 0.1001149863004684 0.1001149863004684
0.1000944003462791 0.1000944003462791 0.1000944003462791 0.1000944003462791 0.1000944003462791 0.1000944003462791
0.1000770553946495 0.1000770553946495 0.1000770553946495 0.1000770553946495 0.1000770553946495 0.1000770553946495
0.1000916138291359 0.1000916138291359 0.1000916138291359 0.1000916138291359 0.1000916138291359 0.1000916138291359
0.1000752002000809 0.1000752002000809 0.1000752002000809 0.1000752002000809 0.1000752002000809 0.1000752002000809
0.1000513434410095 0.1000513434410095 0.1000513434410095 0.1000513434410095 0.1000513434410095 0.1000513434410095
0.1000761687755585 0.1000761687755585 0.1000761687755585 0.1000761687755585 0.1000761687755585 0.1000761687755585
0.0000000000000000 0.0000000000000000 0.0000000000000000 0.0000000000000000 0.0000000000000000 0.0000000000000000
0.1000251471996307 0.1000251471996307 0.1000251471996307 0.1000251471996307 0.1000251471996307 0.1000251471996307
0.0000000000000000 0.0000000000000000 0.0000000000000000 0.0000000000000000 0.0000000000000000 0.0000000000000000
0.1001174673438072 0.1001174673438072 0.1001174673438072 0.1001174673438072 0.1001174673438072 0.1001174673438072
0.1000387668609619 0.1000387668609619 0.1000387668609619 0.1000387668609619 0.1000387668609619 0.1000387668609619
0.1000297591090202 0.1000297591090202 0.1000297591090202 0.1000297591090202 0.1000297591090202 0.1000297591090202
0.1001782938838005 0.1001782938838005 0.1001782938838005 0.1001782938838005 0.1001782938838005 0.1001782938838005
0.1001105681061745 0.1001105681061745 0.1001105681061745 0.1001105681061745 0.1001105681061745 0.1001105681061745
0.1001660525798798 0.1001660525798798 0.1001660525798798 0.1001660525798798 0.1001660525798798 0.1001660525798798
0.1001400351524353 0.1001400351524353 0.1001400351524353 0.1001400351524353 0.1001400351524353 0.1001400351524353
0.1001566424965858 0.1001566424965858 0.1001566424965858 0.1001566424965858 0.1001566424965858 0.1001566424965858
0.1001068800687790 0.1001068800687790 0.1001068800687790 0.1001068800687790 0.1001068800687790 0.1001068800687790
0.1001519709825516 0.1001519709825516 0.1001519709825516 0.1001519709825516 0.1001519709825516 0.1001519709825516
0.1001038104295731 0.1001038104295731 0.1001038104295731 0.1001038104295731 0.1001038104295731 0.1001038104295731
0.1001110821962357 0.1001110821962357 0.1001110821962357 0.1001110821962357 0.1001110821962357 0.1001110821962357
0.1001044362783432 0.1001044362783432 0.1001044362783432 0.1001044362783432 0.1001044362783432 0.1001044362783432
0.1000454202294350 0.1000454202294350 0.1000454202294350 0.1000454202294350 0.1000454202294350 0.1000454202294350
0.1000524237751961 0.1000524237751961 0.1000524237751961 0.1000524237751961 0.1000524237751961 0.1000524237751961
0.1000077500939369 0.1000077500939369 0.1000077500939369 0.1000077500939369 0.1000077500939369 0.1000077500939369
0.1000449284911156 0.1000449284911156 0.1000449284911156 0.1000449284911156 0.1000449284911156 0.1000449284911156
0.0000000000000000 0.0000000000000000 0.0000000000000000 0.0000000000000000 0.0000000000000000 0.0000000000000000
0.0000000000000000 0.0000000000000000 0.0000000000000000 0.0000000000000000 0.0000000000000000 0.0000000000000000
0.1000967994332314 0.1000967994332314 0.1000967994332314 0.1000967994332314 0.1000967994332314 0.1000967994332314
0.1000226438045502 0.1000226438045502 0.1000226438045502 0.1000226438045502 0.1000226438045502 0.1000226438045502
0.1000833809375763 0.1000833809375763 0.1000833809375763 0.1000833809375763 0.1000833809375763 0.1000833809375763
0.1000437587499619 0.1000437587499619 0.1000437587499619 0.1000437587499619 0.1000437587499619 0.1000437587499619
0.1000745743513107 0.1000745743513107 0.1000745743513107 0.1000745743513107 0.1000745743513107 0.1000745743513107
0.1000142470002174 0.1000142470002174 0.1000142470002174 0.1000142470002174 0.1000142470002174 0.1000142470002174
0.1000730693340302 0.1000730693340302 0.1000730693340302 0.1000730693340302 0.1000730693340302 0.1000730693340302
0.1000128984451294 0.1000128984451294 0.1000128984451294 0.1000128984451294 0.1000128984451294 0.1000128984451294
0.1000387445092201 0.1000387445092201 0.1000387445092201 0.1000387445092201 0.1000387445092201 0.1000387445092201
0.1000191047787666 0.1000191047787666 0.1000191047787666 0.1000191047787666 0.1000191047787666 0.1000191047787666
0.0000000000000000 0.0000000000000000 0.0000000000000000 0.0000000000000000 0.0000000000000000 0.0000000000000000
0.0000000000000000 0.0000000000000000 0.0000000000000000 0.0000000000000000 0.0000000000000000 0.0000000000000000
0.0000000000000000 0.0000000000000000 0.0000000000000000 0.0000000000000000 0.0000000000000000 0.0000000000000000
0.0000000000000000 0.0000000000000000 0.0000000000000000 0.0000000000000000 0.0000000000000000 0.0000000000000000
0.0000000000000000 0.0000000000000000 0.0000000000000000 0.0000000000000000 0.0000000000000000 0.0000000000000000
0.0000000000000000 0.0000000000000000 0.0000000000000000 0.0000000000000000 0.0000000000000000 0.0000000000000000
0.0000000000000000 0.0000000000000000 0.0000000000000000 0.0000000000000000 0.0000000000000000 0.0000000000000000
0.0000000000000000 0.0000000000000000 0.0000000000000000 0.0000000000000000 0.0000000000000000 0.0000000000000000
0.0000000000000000 0.0000000000000000 0.0000000000000000 0.0000000000000000 0.0000000000000000 0.0000000000000000
0.0000000000000000 0.0000000000000000 0.0000000000000000 0.0000000000000000 0.0000000000000000 0.0000000000000000
0.0000000000000000 0.0000000000000000 0.0000000000000000 0.0000000000000000 0.0000000000000000 0.0000000000000000
0.9973954558372498 0.9973954558372498 0.9973954558372498 0.9973954558372498 0
0.9991040229797363 0.9991040229797363 0.9991040229797363 0.9991040229797363 0
1.0027825832366943 1.0027825832366943 1.0027825832366943 1.0027825832366943 0
1.0007487535476685 1.0007487535476685 1.0007487535476685 1.0007487535476685 0
0.9990811347961426 0.9990811347961426 0.9990811347961426 0.9990811347961426 0
1.0016685724258423 1.0016685724258423 1.0016685724258423 1.0016685724258423 0
0.9996388554573059 0.9996388554573059 0.9996388554573059 0.9996388554573059 0
0.9992142915725708 0.9992142915725708 0.9992142915725708 0.9992142915725708 0
0.9971498847007751 0.9971498847007751 0.9971498847007751 0.9971498847007751 0
1.0006304979324341 1.0006304979324341 1.0006304979324341 1.0006304979324341 0
1.0036648511886597 1.0036648511886597 1.0036648511886597 1.0036648511886597 0
1.0020577907562256 1.0020577907562256 1.0020577907562256 1.0020577907562256 0
0.9998725652694702 0.9998725652694702 0.9998725652694702 0.9998725652694702 0
1.0030927658081055 1.0030927658081055 1.0030927658081055 1.0030927658081055 0
1.0009479522705078 1.0009479522705078 1.0009479522705078 1.0009479522705078 0
0.9996786713600159 0.9996786713600159 0.9996786713600159 0.9996786713600159 0
0.9975041747093201 0.9975041747093201 0.9975041747093201 0.9975041747093201 0
1.0014551877975464 1.0014551877975464 1.0014551877975464 1.0014551877975464 0
1.0039865970611572 1.0039865970611572 1.0039865970611572 1.0039865970611572 0
1.0027012825012207 1.0027012825012207 1.0027012825012207 1.0027012825012207 0
1.0005307197570801 1.0005307197570801 1.0005307197570801 1.0005307197570801 0
1.0034337043762207 1.0034337043762207 1.0034337043762207 1.0034337043762207 0
1.0015256404876709 1.0015256404876709 1.0015256404876709 1.0015256404876709 0
1.0001740455627441 1.0001740455627441 1.0001740455627441 1.0001740455627441 0
0.9972047805786133 0.9972047805786133 0.9972047805786133 0.9972047805786133 0
1.0007369518280029 1.0007369518280029 1.0007369518280029 1.0007369518280029 0
1.0037577152252197 1.0037577152252197 1.0037577152252197 1.0037577152252197 0
1.0021064281463623 1.0021064281463623 1.0021064281463623 1.0021064281463623 0
0.9998322725296021 0.9998322725296021 0.9998322725296021 0.9998322725296021 0
1.0031210184097290 1.0031210184097290 1.0031210184097290 1.0031210184097290 0
1.0007932186126709 1.0007932186126709 1.0007932186126709 1.0007932186126709 0
0.9996407032012939 0.9996407032012939 0.9996407032012939 0.9996407032012939 0
0.9975432157516479 0.9975432157516479 0.9975432157516479 0.9975432157516479 0
1.0005303621292114 1.0005303621292114 1.0005303621292114 1.0005303621292114 0
1.0037766695022583 1.0037766695022583 1.0037766695022583 1.0037766695022583 0
1.0019323825836182 1.0019323825836182 1.0019323825836182 1.0019323825836182 0
0.9996586441993713 0.9996586441993713 0.9996586441993713 0.9996586441993713 0
1.0030325651168823 1.0030325651168823 1.0030325651168823 1.0030325651168823 0
1.0006577968597412 1.0006577968597412 1.0006577968597412 1.0006577968597412 0
0.9996209144592285 0.9996209144592285 0.9996209144592285 0.9996209144592285 0
0.9974054694175720 0.9974054694175720 0.9974054694175720 0.9974054694175720 0
1.0008590221405029 1.0008590221405029 1.0008590221405029 1.0008590221405029 0
1.0038391351699829 1.0038391351699829 1.0038391351699829 1.0038391351699829 0
1.0022280216217041 1.0022280216217041 1.0022280216217041 1.0022280216217041 0
1.0000457763671875 1.0000457763671875 1.0000457763671875 1.0000457763671875 0
1.0032159090042114 1.0032159090042114 1.0032159090042114 1.0032159090042114 0
1.0011417865753174 1.0011417865753174 1.0011417865753174 1.0011417865753174 0
0.9998919367790222 0.9998919367790222 0.9998919367790222 0.9998919367790222 0
0.9973476529121399 0.9973476529121399 0.9973476529121399 0.9973476529121399 0
0.9995754361152649 0.9995754361152649 0.9995754361152649 0.9995754361152649 0
1.0031815767288208 1.0031815767288208 1.0031815767288208 1.0031815767288208 0
1.0011659860610962 1.0011659860610962 1.0011659860610962 1.0011659860610962 0
0.9993661046028137 0.9993661046028137 0.9993661046028137 0.9993661046028137 0
1.0020911693572998 1.0020911693572998 1.0020911693572998 1.0020911693572998 0
1.0000259876251221 1.0000259876251221 1.0000259876251221 1.0000259876251221 0
0.9994366765022278 0.9994366765022278 0.9994366765022278 0.9994366765022278 0
0.9977487325668335 0.9977487325668335 0.9977487325668335 0.9977487325668335 0
0.9993532896041870 0.9993532896041870 0.9993532896041870 0.9993532896041870 0
1.0021132230758667 1.0021132230758667 1.0021132230758667 1.0021132230758667 0
0.9997190833091736 0.9997190833091736 0.9997190833091736 0.9997190833091736 0
0.9987812638282776 0.9987812638282776 0.9987812638282776 0.9987812638282776 0
1.0011683702468872 1.0011683702468872 1.0011683702468872 1.0011683702468872 0
0.9989925026893616 0.9989925026893616 0.9989925026893616 0.9989925026893616 0
0.9990435838699341 0.9990435838699341 0.9990435838699341 0.9990435838699341 0
0.0000000000000000 0.0000000000000000 0.0000000000000000 0.0000000000000000 0.0000000000000000 0.0000000000000000
0.0000000000000000 0.0000000000000000 0.0000000000000000 0.0000000000000000 0.0000000000000000 0.0000000000000000
0.0000000000000000 0.0000000000000000 0.0000000000000000 0.0000000000000000 0.0000000000000000 0.0000000000000000
0.0000000000000000 0.0000000000000000 0.0000000000000000 0.0000000000000000 0.0000000000000000 0.0000000000000000
0.1003498658537865 0.1003498658537865 0.1003498658537865 0.1003498658537865 0.1003498658537865 0.1003498658537865
0.0000000000000000 0.0000000000000000 0.0000000000000000 0.0000000000000000 0.0000000000000000 0.0000000000000000
0.0000000000000000 0.0000000000000000 0.0000000000000000 0.0000000000000000 0.0000000000000000 0.0000000000000000
0.1002382338047028 0.1002382338047028 0.1002382338047028 0.1002382338047028 0.1002382338047028 0.1002382338047028
0.1003305539488792 0.1003305539488792 0.1003305539488792 0.1003305539488792 0.1003305539488792 0.1003305539488792
0.1002786532044411 0.1002786532044411 0.1002786532044411 0.1002786532044411 0.1002786532044411 0.1002786532044411
0.0000000000000000 0.0000000000000000 0.0000000000000000 0.0000000000000000 0.0000000000000000 0.0000000000000000
0.1001700311899185 0.1001700311899185 0.1001700311899185 0.1001700311899185 0.1001700311899185 0.1001700311899185
0.1001026779413223 0.1001026779413223 0.1001026779413223 0.1001026779413223 0.1001026779413223 0.1001026779413223
0.1002279669046402 0.1002279669046402 0.1002279669046402 0.1002279669046402 0.1002279669046402 0.1002279669046402
0.0000000000000000 0.0000000000000000 0.0000000000000000 0.0000000000000000 0.0000000000000000 0.0000000000000000
0.0000000000000000 0.0000000000000000 0.0000000000000000 0.0000000000000000 0.0000000000000000 0.0000000000000000
0.1000342071056366 0.1000342071056366 0.1000342071056366 0.1000342071056366 0.1000342071056366 0.1000342071056366
0.1001770347356796 0.1001770347356796 0.1001770347356796 0.1001770347356796 0.1001770347356796 0.1001770347356796
0.1001592874526978 0.1001592874526978 0.1001592874526978 0.1001592874526978 0.1001592874526978 0.1001592874526978
0.0000000000000000 0.0000000000000000 0.0000000000000000 0.0000000000000000 0.0000000000000000 0.0000000000000000
0.1000373438000679 0.1000373438000679 0.1000373438000679 0.1000373438000679 0.1000373438000679 0.1000373438000679
0.0000000000000000 0.0000000000000000 0.0000000000000000 0.0000000000000000 0.0000000000000000 0.0000000000000000
0.0000000000000000 0.0000000000000000 0.0000000000000000 0.0000000000000000 0.0000000000000000 0.0000000000000000
0.0000000000000000 0.0000000000000000 0.0000000000000000 0.0000000000000000 0.0000000000000000 0.0000000000000000
0.0000000000000000 0.0000000000000000 0.0000000000000000 0.0000000000000000 0.0000000000000000 0.0000000000000000
0.0000000000000000 0.0000000000000000 0.0000000000000000 0.0000000000000000 0.0000000000000000 0.0000000000000000
0.0000000000000000 0.0000000000000000 0.0000000000000000 0.0000000000000000 0.0000000000000000 0.0000000000000000
0.1006412059068680 0.1006412059068680 0.1006412059068680 0.1006412059068680 0.1006412059068680 0.1006412059068680
0.0000000000000000 0.0000000000000000 0.0000000000000000 0.0000000000000000 0.0000000000000000 0.0000000000000000
0.1005196794867516 0.1005196794867516 0.1005196794867516 0.1005196794867516 0.1005196794867516 0.1005196794867516
0.1004760935902596 0.1004760935902596 0.1004760935902596 0.1004760935902596 0.1004760935902596 0.1004760935902596
0.1001832336187363 0.1001832336187363 0.1001832336187363 0.1001832336187363 0.1001832336187363 0.1001832336187363
0.1002952381968498 0.1002952381968498 0.1002952381968498 0.1002952381968498 0.1002952381968498 0.1002952381968498
0.1004732027649879 0.1004732027649879 0.1004732027649879 0.1004732027649879 0.1004732027649879 0.1004732027649879
0.0000000000000000 0.0000000000000000 0.0000000000000000 0.0000000000000000 0.0000000000000000 0.0000000000000000
0.1002863869071007 0.1002863869071007 0.1002863869071007 0.1002863869071007 0.1002863869071007 0.1002863869071007
0.1003328636288643 0.1003328636288643 0.1003328636288643 0.1003328636288643 0.1003328636288643 0.1003328636288643
0.1000863611698151 0.1000863611698151 0.1000863611698151 0.1000863611698151 0.1000863611698151 0.1000863611698151
0.1001542508602142 0.1001542508602142 0.1001542508602142 0.1001542508602142 0.1001542508602142 0.1001542508602142
0.0000000000000000 0.0000000000000000 0.0000000000000000 0.0000000000000000 0.0000000000000000 0.0000000000000000
0.0000000000000000 0.0000000000000000 0.0000000000000000 0.0000000000000000 0.0000000000000000 0.0000000000000000
0.0000000000000000 0.0000000000000000 0.0000000000000000 0.0000000000000000 0.0000000000000000 0.0000000000000000
0.0000000000000000 0.0000000000000000 0.0000000000000000 0.0000000000000000 0.0000000000000000 0.0000000000000000
0.1007548123598099 0.1007548123598099 0.1007548123598099 0.1007548123598099 0.1007548123598099 0.1007548123598099
0.0000000000000000 0.0000000000000000 0.0000000000000000 0.0000000000000000 0.0000000000000000 0.0000000000000000
0.1006047502160072 0.1006047502160072 0.1006047502160072 0.1006047502160072 0.1006047502160072 0.1006047502160072
0.1005405858159065 0.1005405858159065 0.1005405858159065 0.1005405858159065 0.1005405858159065 0.1005405858159065
0.1002606526017189 0.1002606526017189 0.1002606526017189 0.1002606526017189 0.1002606526017189 0.1002606526017189
0.1003648042678833 0.1003648042678833 0.1003648042678833 0.1003648042678833 0.1003648042678833 0.1003648042678833
0.1005558967590332 0.1005558967590332 0.1005558967590332 0.1005558967590332 0.1005558967590332 0.1005558967590332
0.0000000000000000 0.0000000000000000 0.0000000000000000 0.0000000000000000 0.0000000000000000 0.0000000000000000
0.1003559082746506 0.1003559082746506 0.1003559082746506 0.1003559082746506 0.1003559082746506 0.1003559082746506
0.1003971546888351 0.1003971546888351 0.1003971546888351 0.1003971546888351 0.1003971546888351 0.1003971546888351
0.1001357212662697 0.1001357212662697 0.1001357212662697 0.1001357212662697 0.1001357212662697 0.1001357212662697
0.1002008244395256 0.1002008244395256 0.1002008244395256 0.1002008244395256 0.1002008244395256 0.1002008244395256
0.0000000000000000 0.0000000000000000 0.0000000000000000 0.0000000000000000 0.0000000000000000 0.0000000000000000
0.0000000000000000 0.0000000000000000 0.0000000000000000 0.0000000000000000 0.0000000000000000 0.0000000000000000
0.0000000000000000 0.0000000000000000 0.0000000000000000 0.0000000000000000 0.0000000000000000 0.0000000000000000
0.0000000000000000 0.0000000000000000 0.0000000000000000 0.0000000000000000 0.0000000000000000 0.0000000000000000
0.1006460487842560 0.1006460487842560 0.1006460487842560 0.1006460487842560 0.1006460487842560 0.1006460487842560
0.0000000000000000 0.0000000000000000 0.0000000000000000 0.0000000000000000 0.0000000000000000 0.0000000000000000
0.1005024388432503 0.1005024388432503 0.1005024388432503 0.1005024388432503 0.1005024388432503 0.1005024388432503
0.1004866063594818 0.1004866063594818 0.1004866063594818 0.1004866063594818 0.1004866063594818 0.1004866063594818
0.1001553535461426 0.1001553535461426 0.1001553535461426 0.1001553535461426 0.1001553535461426 0.1001553535461426
0.1003011092543602 0.1003011092543602 0.1003011092543602 0.1003011092543602 0.1003011092543602 0.1003011092543602
0.1004442274570465 0.1004442274570465 0.1004442274570465 0.1004442274570465 0.1004442274570465 0.1004442274570465
0.0000000000000000 0.0000000000000000 0.0000000000000000 0.0000000000000000 0.0000000000000000 0.0000000000000000
0.1002434119582176 0.1002434119582176 0.1002434119582176 0.1002434119582176 0.1002434119582176 0.1002434119582176
0.1003345400094986 0.1003345400094986 0.1003345400094986 0.1003345400094986 0.1003345400094986 0.1003345400094986
0.1000451073050499 0.1000451073050499 0.1000451073050499 0.1000451073050499 0.1000451073050499 0.1000451073050499
0.1001375466585159 0.1001375466585159 0.1001375466585159 0.1001375466585159 0.1001375466585159 0.1001375466585159
0.0000000000000000 0.0000000000000000 0.0000000000000000 0.0000000000000000 0.0000000000000000 0.0000000000000000
0.0000000000000000 0.0000000000000000 0.0000000000000000 0.0000000000000000 0.0000000000000000 0.0000000000000000
0.0000000000000000 0.0000000000000000 0.0000000000000000 0.0000000000000000 0.0000000000000000 0.0000000000000000
0.0000000000000000 0.0000000000000000 0.0000000000000000 0.0000000000000000 0.0000000000000000 0.0000000000000000
0.1006218120455742 0.1006218120455742 0.1006218120455742 0.1006218120455742 0.1006218120455742 0.1006218120455742
0.0000000000000000 0.0000000000000000 0.0000000000000000 0.0000000000000000 0.0000000000000000 0.0000000000000000
0.1004970967769623 0.1004970967769623 0.1004970967769623 0.1004970967769623 0.1004970967769623 0.1004970967769623
0.1004453375935555 0.1004453375935555 0.1004453375935555 0.1004453375935555 0.1004453375935555 0.1004453375935555
0.1001503169536591 0.1001503169536591 0.1001503169536591 0.1001503169536591 0.1001503169536591 0.1001503169536591
0.1002624034881592 0.1002624034881592 0.1002624034881592 0.1002624034881592 0.1002624034881592 0.1002624034881592
0.1004447564482689 0.1004447564482689 0.1004447564482689 0.1004447564482689 0.1004447564482689 0.1004447564482689
0.0000000000000000 0.0000000000000000 0.0000000000000000 0.0000000000000000 0.0000000000000000 0.0000000000000000
0.1002436280250549 0.1002436280250549 0.1002436280250549 0.1002436280250549 0.1002436280250549 0.1002436280250549
0.1003015339374542 0.1003015339374542 0.1003015339374542 0.1003015339374542 0.1003015339374542 0.1003015339374542
0.1000508368015289 0.1000508368015289 0.1000508368015289 0.1000508368015289 0.1000508368015289 0.1000508368015289
0.1001132354140282 0.1001132354140282 0.1001132354140282 0.1001132354140282 0.1001132354140282 0.1001132354140282
0.0000000000000000 0.0000000000000000 0.0000000000000000 0.0000000000000000 0.0000000000000000 0.0000000000000000
0.0000000000000000 0.0000000000000000 0.0000000000000000 0.0000000000000000 0.0000000000000000 0.0000000000000000
0.0000000000000000 0.0000000000000000 0.0000000000000000 0.0000000000000000 0.0000000000000000 0.0000000000000000
0.0000000000000000 0.0000000000000000 0.0000000000000000 0.0000000000000000 0.0000000000000000 0.0000000000000000
0.1006196439266205 0.1006196439266205 0.1006196439266205 0.1006196439266205 0.1006196439266205 0.1006196439266205
0.0000000000000000 0.0000000000000000 0.0000000000000000 0.0000000000000000 0.0000000000000000 0.0000000000000000
0.1005061566829681 0.1005061566829681 0.1005061566829681 0.1005061566829681 0.1005061566829681 0.1005061566829681
0.1004166901111603 0.1004166901111603 0.1004166901111603 0.1004166901111603 0.1004166901111603 0.1004166901111603
0.1001697108149529 0.1001697108149529 0.1001697108149529 0.1001697108149529 0.1001697108149529 0.1001697108149529
0.1002495437860489 0.1002495437860489 0.1002495437860489 0.1002495437860489 0.1002495437860489 0.1002495437860489
0.1004638001322746 0.1004638001322746 0.1004638001322746 0.1004638001322746 0.1004638001322746 0.1004638001322746
0.0000000000000000 0.0000000000000000 0.0000000000000000 0.0000000000000000 0.0000000000000000 0.0000000000000000
0.1002775803208351 0.1002775803208351 0.1002775803208351 0.1002775803208351 0.1002775803208351 0.1002775803208351
0.1002684235572815 0.1002684235572815 0.1002684235572815 0.1002684235572815 0.1002684235572815 0.1002684235572815
0.1000784412026405 0.1000784412026405 0.1000784412026405 0.1000784412026405 0.1000784412026405 0.1000784412026405
0.1001154705882072 0.1001154705882072 0.1001154705882072 0.1001154705882072 0.1001154705882072 0.1001154705882072
0.0000000000000000 0.0000000000000000 0.0000000000000000 0.0000000000000000 0.0000000000000000 0.0000000000000000
0.0000000000000000 0.0000000000000000 0.0000000000000000 0.0000000000000000 0.0000000000000000 0.0000000000000000
0.0000000000000000 0.0000000000000000 0.0000000000000000 0.0000000000000000 0.0000000000000000 0.0000000000000000
0.0000000000000000 0.0000000000000000 0.0000000000000000 0.0000000000000000 0.0000000000000000 0.0000000000000000
0.1003949865698814 0.1003949865698814 0.1003949865698814 0.1003949865698814 0.1003949865698814 0.1003949865698814
0.0000000000000000 0.0000000000000000 0.0000000000000000 0.0000000000000000 0.0000000000000000 0.0000000000000000
0.1002865061163902 0.1002865061163902 0.1002865061163902 0.1002865061163902 0.1002865061163902 0.1002865061163902
0.1002651453018188 0.1002651453018188 0.1002651453018188 0.1002651453018188 0.1002651453018188 0.1002651453018188
0.1000343263149261 0.1000343263149261 0.1000343263149261 0.1000343263149261 0.1000343263149261 0.1000343263149261
0.1000997349619865 0.1000997349619865 0.1000997349619865 0.1000997349619865 0.1000997349619865 0.1000997349619865
0.1002759188413620 0.1002759188413620 0.1002759188413620 0.1002759188413620 0.1002759188413620 0.1002759188413620
0.0000000000000000 0.0000000000000000 0.0000000000000000 0.0000000000000000 0.0000000000000000 0.0000000000000000
0.1000713407993317 0.1000713407993317 0.1000713407993317 0.1000713407993317 0.1000713407993317 0.1000713407993317
0.1001562699675560 0.1001562699675560 0.1001562699675560 0.1001562699675560 0.1001562699675560 0.1001562699675560
0.0000000000000000 0.0000000000000000 0.0000000000000000 0.0000000000000000 0.0000000000000000 0.0000000000000000
0.0000000000000000 0.0000000000000000 0.0000000000000000 0.0000000000000000 0.0000000000000000 0.0000000000000000
0.0000000000000000 0.0000000000000000 0.0000000000000000 0.0000000000000000 0.0000000000000000 0.0000000000000000
0.0000000000000000 0.0000000000000000 0.0000000000000000 0.0000000000000000 0.0000000000000000 0.0000000000000000
0.0000000000000000 0.0000000000000000 0.0000000000000000 0.0000000000000000 0.0000000000000000 0.0000000000000000
0.1002830043435097 0.1002830043435097 0.1002830043435097 0.1002830043435097 0.1002830043435097 0.1002830043435097
0.1000736057758331 0.1000736057758331 0.1000736057758331 0.1000736057758331 0.1000736057758331 0.1000736057758331
0.0000000000000000 0.0000000000000000 0.0000000000000000 0.0000000000000000 0.0000000000000000 0.0000000000000000
0.1000837087631226 0.1000837087631226 0.1000837087631226 0.1000837087631226 0.1000837087631226 0.1000837087631226
0.0000000000000000 0.0000000000000000 0.0000000000000000 0.0000000000000000 0.0000000000000000 0.0000000000000000
0.0000000000000000 0.0000000000000000 0.0000000000000000 0.0000000000000000 0.0000000000000000 0.0000000000000000
0.9973434209823608 0.9973434209823608 0.9973434209823608 0.9973434209823608 0
0.9971886277198792 0.9971886277198792 0.9971886277198792 0.9971886277198792 0
0.9976791739463806 0.9976791739463806 0.9976791739463806 0.9976791739463806 0
0.9973304867744446 0.9973304867744446 0.9973304867744446 0.9973304867744446 0
0.9976662993431091 0.9976662993431091 0.9976662993431091 0.9976662993431091 0
0.9975232481956482 0.9975232481956482 0.9975232481956482 0.9975232481956482 0
0.9973610639572144 0.9973610639572144 0.9973610639572144 0.9973610639572144 0
0.9977219104766846 0.9977219104766846 0.9977219104766846 0.9977219104766846 0
0.9992018342018127 0.9992018342018127 0.9992018342018127 0.9992018342018127 0
1.0006895065307617 1.0006895065307617 1.0006895065307617 1.0006895065307617 0
1.0012547969818115 1.0012547969818115 1.0012547969818115 1.0012547969818115 0
1.0005077123641968 1.0005077123641968 1.0005077123641968 1.0005077123641968 0
1.0003964900970459 1.0003964900970459 1.0003964900970459 1.0003964900970459 0
1.0008366107940674 1.0008366107940674 1.0008366107940674 1.0008366107940674 0
0.9992822408676147 0.9992822408676147 0.9992822408676147 0.9992822408676147 0
0.9993166923522949 0.9993166923522949 0.9993166923522949 0.9993166923522949 0
1.0029410123825073 1.0029410123825073 1.0029410123825073 1.0029410123825073 0
1.0037065744400024 1.0037065744400024 1.0037065744400024 1.0037065744400024 0
1.0039114952087402 1.0039114952087402 1.0039114952087402 1.0039114952087402 0
1.0037469863891602 1.0037469863891602 1.0037469863891602 1.0037469863891602 0
1.0037007331848145 1.0037007331848145 1.0037007331848145 1.0037007331848145 0
1.0036836862564087 1.0036836862564087 1.0036836862564087 1.0036836862564087 0
1.0030235052108765 1.0030235052108765 1.0030235052108765 1.0030235052108765 0
1.0021678209304810 1.0021678209304810 1.0021678209304810 1.0021678209304810 0
1.0009000301361084 1.0009000301361084 1.0009000301361084 1.0009000301361084 0
1.0021475553512573 1.0021475553512573 1.0021475553512573 1.0021475553512573 0
1.0026459693908691 1.0026459693908691 1.0026459693908691 1.0026459693908691 0
1.0020703077316284 1.0020703077316284 1.0020703077316284 1.0020703077316284 0
1.0019524097442627 1.0019524097442627 1.0019524097442627 1.0019524097442627 0
1.0022469758987427 1.0022469758987427 1.0022469758987427 1.0022469758987427 0
1.0010756254196167 1.0010756254196167 1.0010756254196167 1.0010756254196167 0
0.9997976422309875 0.9997976422309875 0.9997976422309875 0.9997976422309875 0
0.9991146922111511 0.9991146922111511 0.9991146922111511 0.9991146922111511 0
0.9999232292175293 0.9999232292175293 0.9999232292175293 0.9999232292175293 0
1.0004241466522217 1.0004241466522217 1.0004241466522217 1.0004241466522217 0
0.9998089075088501 0.9998089075088501 0.9998089075088501 0.9998089075088501 0
0.9996407628059387 0.9996407628059387 0.9996407628059387 0.9996407628059387 0
1.0000561475753784 1.0000561475753784 1.0000561475753784 1.0000561475753784 0
0.9993858933448792 0.9993858933448792 0.9993858933448792 0.9993858933448792 0
0.9987437725067139 0.9987437725067139 0.9987437725067139 0.9987437725067139 0
1.0018309354782104 1.0018309354782104 1.0018309354782104 1.0018309354782104 0
1.0031229257583618 1.0031229257583618 1.0031229257583618 1.0031229257583618 0
1.0033905506134033 1.0033905506134033 1.0033905506134033 1.0033905506134033 0
1.0029897689819336 1.0029897689819336 1.0029897689819336 1.0029897689819336 0
1.0030059814453125 1.0030059814453125 1.0030059814453125 1.0030059814453125 0
1.0032325983047485 1.0032325983047485 1.0032325983047485 1.0032325983047485 0
1.0020611286163330 1.0020611286163330 1.0020611286163330 1.0020611286163330 0
1.0012301206588745 1.0012301206588745 1.0012301206588745 1.0012301206588745 0
0.9998321533203125 0.9998321533203125 0.9998321533203125 0.9998321533203125 0
1.0009893178939819 1.0009893178939819 1.0009893178939819 1.0009893178939819 0
1.0014361143112183 1.0014361143112183 1.0014361143112183 1.0014361143112183 0
1.0007624626159668 1.0007624626159668 1.0007624626159668 1.0007624626159668 0
1.0006582736968994 1.0006582736968994 1.0006582736968994 1.0006582736968994 0
1.0011359453201294 1.0011359453201294 1.0011359453201294 1.0011359453201294 0
1.0000478029251099 1.0000478029251099 1.0000478029251099 1.0000478029251099 0
0.9990786910057068 0.9990786910057068 0.9990786910057068 0.9990786910057068 0
0.9993693828582764 0.9993693828582764 0.9993693828582764 0.9993693828582764 0
0.9997447729110718 0.9997447729110718 0.9997447729110718 0.9997447729110718 0
1.0001218318939209 1.0001218318939209 1.0001218318939209 1.0001218318939209 0
0.9995787143707275 0.9995787143707275 0.9995787143707275 0.9995787143707275 0
0.9995270371437073 0.9995270371437073 0.9995270371437073 0.9995270371437073 0
0.9998937249183655 0.9998937249183655 0.9998937249183655 0.9998937249183655 0
0.9994082450866699 0.9994082450866699 0.9994082450866699 0.9994082450866699 0
0.9991466403007507 0.9991466403007507 0.9991466403007507 0.9991466403007507 0
0.0000000000000000 0.0000000000000000 0.0000000000000000 0.0000000000000000 0.0000000000000000 0.0000000000000000
0.0000000000000000 0.0000000000000000 0.0000000000000000 0.0000000000000000 0.0000000000000000 0.0000000000000000
0.0000000000000000 0.0000000000000000 0.0000000000000000 0.0000000000000000 0.0000000000000000 0.0000000000000000
0.0000000000000000 0.0000000000000000 0.0000000000000000 0.0000000000000000 0.0000000000000000 0.0000000000000000
0.0000000000000000 0.0000000000000000 0.0000000000000000 0.0000000000000000 0.0000000000000000 0.0000000000000000
0.0000000000000000 0.0000000000000000 0.0000000000000000 0.0000000000000000 0.0000000000000000 0.0000000000000000
0.0000000000000000 0.0000000000000000 0.0000000000000000 0.0000000000000000 0.0000000000000000 0.0000000000000000
0.0000000000000000 0.0000000000000000 0.0000000000000000 0.0000000000000000 0.0000000000000000 0.0000000000000000
0.0000000000000000 0.0000000000000000 0.0000000000000000 0.0000000000000000 0.0000000000000000 0.0000000000000000
0.0000000000000000 0.0000000000000000 0.0000000000000000 0.0000000000000000 0.0000000000000000 0.0000000000000000
0.0000000000000000 0.0000000000000000 0.0000000000000000 0.0000000000000000 0.0000000000000000 0.0000000000000000
0.0000000000000000 0.0000000000000000 0.0000000000000000 0.0000000000000000 0.0000000000000000 0.0000000000000000
0.0000000000000000 0.0000000000000000 0.0000000000000000 0.0000000000000000 0.0000000000000000 0.0000000000000000
0.0000000000000000 0.0000000000000000 0.0000000000000000 0.0000000000000000 0.0000000000000000 0.0000000000000000
0.0000000000000000 0.0000000000000000 0.0000000000000000 0.0000000000000000 0.0000000000000000 0.0000000000000000
0.0000000000000000 0.0000000000000000 0.0000000000000000 0.0000000000000000 0.0000000000000000 0.0000000000000000
0.0000000000000000 0.0000000000000000 0.0000000000000000 0.0000000000000000 0.0000000000000000 0.0000000000000000
0.0000000000000000 0.0000000000000000 0.0000000000000000 0.0000000000000000 0.0000000000000000 0.0000000000000000
0.0000000000000000 0.0000000000000000 0.0000000000000000 0.0000000000000000 0.0000000000000000 0.0000000000000000
0.0000000000000000 0.0000000000000000 0.0000000000000000 0.0000000000000000 0.0000000000000000 0.0000000000000000
0.0000000000000000 0.0000000000000000 0.0000000000000000 0.0000000000000000 0.0000000000000000 0.0000000000000000
0.0000000000000000 0.0000000000000000 0.0000000000000000 0.0000000000000000 0.0000000000000000 0.0000000000000000
0.0000000000000000 0.0000000000000000 0.0000000000000000 0.0000000000000000 0.0000000000000000 0.0000000000000000
0.0000000000000000 0.0000000000000000 0.0000000000000000 0.0000000000000000 0.0000000000000000 0.0000000000000000
0.0000000000000000 0.0000000000000000 0.0000000000000000 0.0000000000000000 0.0000000000000000 0.0000000000000000
0.0000000000000000 0.0000000000000000 0.0000000000000000 0.0000000000000000 0.0000000000000000 0.0000000000000000
0.1003695502877235 0.1003695502877235 0.1003695502877235 0.1003695502877235 0.1003695502877235 0.1003695502877235
0.0000000000000000 0.0000000000000000 0.0000000000000000 0.0000000000000000 0.0000000000000000 0.0000000000000000
0.1006686836481094 0.1006686836481094 0.1006686836481094 0.1006686836481094 0.1006686836481094 0.1006686836481094
0.0000000000000000 0.0000000000000000 0.0000000000000000 0.0000000000000000 0.0000000000000000 0.0000000000000000
0.1007094979286194 0.1007094979286194 0.1007094979286194 0.1007094979286194 0.1007094979286194 0.1007094979286194
0.0000000000000000 0.0000000000000000 0.0000000000000000 0.0000000000000000 0.0000000000000000 0.0000000000000000
0.1006086990237236 0.1006086990237236 0.1006086990237236 0.1006086990237236 0.1006086990237236 0.1006086990237236
0.0000000000000000 0.0000000000000000 0.0000000000000000 0.0000000000000000 0.0000000000000000 0.0000000000000000
0.1006115153431892 0.1006115153431892 0.1006115153431892 0.1006115153431892 0.1006115153431892 0.1006115153431892
0.0000000000000000 0.0000000000000000 0.0000000000000000 0.0000000000000000 0.0000000000000000 0.0000000000000000
0.1006152406334877 0.1006152406334877 0.1006152406334877 0.1006152406334877 0.1006152406334877 0.1006152406334877
0.0000000000000000 0.0000000000000000 0.0000000000000000 0.0000000000000000 0.0000000000000000 0.0000000000000000
0.1003735065460205 0.1003735065460205 0.1003735065460205 0.1003735065460205 0.1003735065460205 0.1003735065460205
0.1002779155969620 0.1002779155969620 0.1002779155969620 0.1002779155969620 0.1002779155969620 0.1002779155969620
0.1003556028008461 0.1003556028008461 0.1003556028008461 0.1003556028008461 0.1003556028008461 0.1003556028008461
0.1002981513738632 0.1002981513738632 0.1002981513738632 0.1002981513738632 0.1002981513738632 0.1002981513738632
0.1002742648124695 0.1002742648124695 0.1002742648124695 0.1002742648124695 0.1002742648124695 0.1002742648124695
0.1004899889230728 0.1004899889230728 0.1004899889230728 0.1004899889230728 0.1004899889230728 0.1004899889230728
0.1005364432930946 0.1005364432930946 0.1005364432930946 0.1005364432930946 0.1005364432930946 0.1005364432930946
0.1005464792251587 0.1005464792251587 0.1005464792251587 0.1005464792251587 0.1005464792251587 0.1005464792251587
0.1006029099225998 0.1006029099225998 0.1006029099225998 0.1006029099225998 0.1006029099225998 0.1006029099225998
0.1004942432045937 0.1004942432045937 0.1004942432045937 0.1004942432045937 0.1004942432045937 0.1004942432045937
0.1004951968789101 0.1004951968789101 0.1004951968789101 0.1004951968789101 0.1004951968789101 0.1004951968789101
0.1004410162568092 0.1004410162568092 0.1004410162568092 0.1004410162568092 0.1004410162568092 0.1004410162568092
0.1004995256662369 0.1004995256662369 0.1004995256662369 0.1004995256662369 0.1004995256662369 0.1004995256662369
0.1004066243767738 0.1004066243767738 0.1004066243767738 0.1004066243767738 0.1004066243767738 0.1004066243767738
0.1005051583051682 0.1005051583051682 0.1005051583051682 0.1005051583051682 0.1005051583051682 0.1005051583051682
0.1002836599946022 0.1002836599946022 0.1002836599946022 0.1002836599946022 0.1002836599946022 0.1002836599946022
0.1002852618694305 0.1002852618694305 0.1002852618694305 0.1002852618694305 0.1002852618694305 0.1002852618694305
0.1000868529081345 0.1000868529081345 0.1000868529081345 0.1000868529081345 0.1000868529081345 0.1000868529081345
0.1001919880509377 0.1001919880509377 0.1001919880509377 0.1001919880509377 0.1001919880509377 0.1001919880509377
0.1001159697771072 0.1001159697771072 0.1001159697771072 0.1001159697771072 0.1001159697771072 0.1001159697771072
0.0000000000000000 0.0000000000000000 0.0000000000000000 0.0000000000000000 0.0000000000000000 0.0000000000000000
0.1003076359629631 0.1003076359629631 0.1003076359629631 0.1003076359629631 0.1003076359629631 0.1003076359629631
0.1001964583992958 0.1001964583992958 0.1001964583992958 0.1001964583992958 0.1001964583992958 0.1001964583992958
0.1003627553582191 0.1003627553582191 0.1003627553582191 0.1003627553582191 0.1003627553582191 0.1003627553582191
0.1002453863620758 0.1002453863620758 0.1002453863620758 0.1002453863620758 0.1002453863620758 0.1002453863620758
0.1002966091036797 0.1002966091036797 0.1002966091036797 0.1002966091036797 0.1002966091036797 0.1002966091036797
0.1001453399658203 0.1001453399658203 0.1001453399658203 0.1001453399658203 0.1001453399658203 0.1001453399658203
0.1002618521451950 0.1002618521451950 0.1002618521451950 0.1002618521451950 0.1002618521451950 0.1002618521451950
0.1001471206545830 0.1001471206545830 0.1001471206545830 0.1001471206545830 0.1001471206545830 0.1001471206545830
0.1002534776926041 0.1002534776926041 0.1002534776926041 0.1002534776926041 0.1002534776926041 0.1002534776926041
0.1001708582043648 0.1001708582043648 0.1001708582043648 0.1001708582043648 0.1001708582043648 0.1001708582043648
0.1001019328832626 0.1001019328832626 0.1001019328832626 0.1001019328832626 0.1001019328832626 0.1001019328832626
0.1000248491764069 0.1000248491764069 0.1000248491764069 0.1000248491764069 0.1000248491764069 0.1000248491764069
0.0000000000000000 0.0000000000000000 0.0000000000000000 0.0000000000000000 0.0000000000000000 0.0000000000000000
0.0000000000000000 0.0000000000000000 0.0000000000000000 0.0000000000000000 0.0000000000000000 0.0000000000000000
0.0000000000000000 0.0000000000000000 0.0000000000000000 0.0000000000000000 0.0000000000000000 0.0000000000000000
0.1002598702907562 0.1002598702907562 0.1002598702907562 0.1002598702907562 0.1002598702907562 0.1002598702907562
0.0000000000000000 0.0000000000000000 0.0000000000000000 0.0000000000000000 0.0000000000000000 0.0000000000000000
0.1004898399114609 0.1004898399114609 0.1004898399114609 0.1004898399114609 0.1004898399114609 0.1004898399114609
0.0000000000000000 0.0000000000000000 0.0000000000000000 0.0000000000000000 0.0000000000000000 0.0000000000000000
0.1005431860685349 0.1005431860685349 0.1005431860685349 0.1005431860685349 0.1005431860685349 0.1005431860685349
0.0000000000000000 0.0000000000000000 0.0000000000000000 0.0000000000000000 0.0000000000000000 0.0000000000000000
0.1004365682601929 0.1004365682601929 0.1004365682601929 0.1004365682601929 0.1004365682601929 0.1004365682601929
0.0000000000000000 0.0000000000000000 0.0000000000000000 0.0000000000000000 0.0000000000000000 0.0000000000000000
0.1004483103752136 0.1004483103752136 0.1004483103752136 0.1004483103752136 0.1004483103752136 0.1004483103752136
0.0000000000000000 0.0000000000000000 0.0000000000000000 0.0000000000000000 0.0000000000000000 0.0000000000000000
0.1004629433155060 0.1004629433155060 0.1004629433155060 0.1004629433155060 0.1004629433155060 0.1004629433155060
0.0000000000000000 0.0000000000000000 0.0000000000000000 0.0000000000000000 0.0000000000000000 0.0000000000000000
0.1002642959356308 0.1002642959356308 0.1002642959356308 0.1002642959356308 0.1002642959356308 0.1002642959356308
0.1000920012593269 0.1000920012593269 0.1000920012593269 0.1000920012593269 0.1000920012593269 0.1000920012593269
0.1001886948943138 0.1001886948943138 0.1001886948943138 0.1001886948943138 0.1001886948943138 0.1001886948943138
0.1001661941409111 0.1001661941409111 0.1001661941409111 0.1001661941409111 0.1001661941409111 0.1001661941409111
0.1000533998012543 0.1000533998012543 0.1000533998012543 0.1000533998012543 0.1000533998012543 0.1000533998012543
0.1003287583589554 0.1003287583589554 0.1003287583589554 0.1003287583589554 0.1003287583589554 0.1003287583589554
0.1002963334321976 0.1002963334321976 0.1002963334321976 0.1002963334321976 0.1002963334321976 0.1002963334321976
0.1003738269209862 0.1003738269209862 0.1003738269209862 0.1003738269209862 0.1003738269209862 0.1003738269209862
0.1003354266285896 0.1003354266285896 0.1003354266285896 0.1003354266285896 0.1003354266285896 0.1003354266285896
0.1003104522824287 0.1003104522824287 0.1003104522824287 0.1003104522824287 0.1003104522824287 0.1003104522824287
0.1002273559570312 0.1002273559570312 0.1002273559570312 0.1002273559570312 0.1002273559570312 0.1002273559570312
0.1002949923276901 0.1002949923276901 0.1002949923276901 0.1002949923276901 0.1002949923276901 0.1002949923276901
0.1002397090196609 0.1002397090196609 0.1002397090196609 0.1002397090196609 0.1002397090196609 0.1002397090196609
0.1002667024731636 0.1002667024731636 0.1002667024731636 0.1002667024731636 0.1002667024731636 0.1002667024731636
0.1002758145332336 0.1002758145332336 0.1002758145332336 0.1002758145332336 0.1002758145332336 0.1002758145332336
0.1001587957143784 0.1001587957143784 0.1001587957143784 0.1001587957143784 0.1001587957143784 0.1001587957143784
0.1000777259469032 0.1000777259469032 0.1000777259469032 0.1000777259469032 0.1000777259469032 0.1000777259469032
0.0000000000000000 0.0000000000000000 0.0000000000000000 0.0000000000000000 0.0000000000000000 0.0000000000000000
0.1000512316823006 0.1000512316823006 0.1000512316823006 0.1000512316823006 0.1000512316823006 0.1000512316823006
0.0000000000000000 0.0000000000000000 0.0000000000000000 0.0000000000000000 0.0000000000000000 0.0000000000000000
0.0000000000000000 0.0000000000000000 0.0000000000000000 0.0000000000000000 0.0000000000000000 0.0000000000000000
0.1001518368721008 0.1001518368721008 0.1001518368721008 0.1001518368721008 0.1001518368721008 0.1001518368721008
0.1000956818461418 0.1000956818461418 0.1000956818461418 0.1000956818461418 0.1000956818461418 0.1000956818461418
0.1001942977309227 0.1001942977309227 0.1001942977309227 0.1001942977309227 0.1001942977309227 0.1001942977309227
0.1001226902008057 0.1001226902008057 0.1001226902008057 0.1001226902008057 0.1001226902008057 0.1001226902008057
0.1001336127519608 0.1001336127519608 0.1001336127519608 0.1001336127519608 0.1001336127519608 0.1001336127519608
0.1000374183058739 0.1000374183058739 0.1000374183058739 0.1000374183058739 0.1000374183058739 0.1000374183058739
0.1001160144805908 0.1001160144805908 0.1001160144805908 0.1001160144805908 0.1001160144805908 0.1001160144805908
0.1000485420227051 0.1000485420227051 0.1000485420227051 0.1000485420227051 0.1000485420227051 0.1000485420227051
0.1001140996813774 0.1001140996813774 0.1001140996813774 0.1001140996813774 0.1001140996813774 0.1001140996813774
0.1000811383128166 0.1000811383128166 0.1000811383128166 0.1000811383128166 0.1000811383128166 0.1000811383128166
0.0000000000000000 0.0000000000000000 0.0000000000000000 0.0000000000000000 0.0000000000000000 0.0000000000000000
0.0000000000000000 0.0000000000000000 0.0000000000000000 0.0000000000000000 0.0000000000000000 0.0000000000000000
0.0000000000000000 0.0000000000000000 0.0000000000000000 0.0000000000000000 0.0000000000000000 0.0000000000000000
0.0000000000000000 0.0000000000000000 0.0000000000000000 0.0000000000000000 0.0000000000000000 0.0000000000000000
0.0000000000000000 0.0000000000000000 0.0000000000000000 0.0000000000000000 0.0000000000000000 0.0000000000000000
0.0000000000000000 0.0000000000000000 0.0000000000000000 0.0000000000000000 0.0000000000000000 0.0000000000000000
0.0000000000000000 0.0000000000000000 0.0000000000000000 0.0000000000000000 0.0000000000000000 0.0000000000000000
0.0000000000000000 0.0000000000000000 0.0000000000000000 0.0000000000000000 0.0000000000000000 0.0000000000000000
0.0000000000000000 0.0000000000000000 0.0000000000000000 0.0000000000000000 0.0000000000000000 0.0000000000000000
0.0000000000000000 0.0000000000000000 0.0000000000000000 0.0000000000000000 0.0000000000000000 0.0000000000000000
0.0000000000000000 0.0000000000000000 0.0000000000000000 0.0000000000000000 0.0000000000000000 0.0000000000000000
1.0000000000000000 1.0000000000000000 1.0000000000000000 1.0000000000000000 0
1.0000000000000000 1.0000000000000000 1.0000000000000000 1.0000000000000000 0
1.0000000000000000 1.0000000000000000 1.0000000000000000 1.0000000000000000 0
1.0000000000000000 1.0000000000000000 1.0000000000000000 1.0000000000000000 0
1.0000000000000000 1.0000000000000000 1.0000000000000000 1.0000000000000000 0
1.0000000000000000 1.0000000000000000 1.0000000000000000 1.0000000000000000 0
1.0000000000000000 1.0000000000000000 1.0000000000000000 1.0000000000000000 0
1.0000000000000000 1.0000000000000000 1.0000000000000000 1.0000000000000000 0
1.0000000000000000 1.0000000000000000 1.0000000000000000 1.0000000000000000 0
1.0000000000000000 1.0000000000000000 1.0000000000000000 1.0000000000000000 0
1.0000000000000000 1.0000000000000000 1.0000000000000000 1.0000000000000000 0
1.0000000000000000 1.0000000000000000 1.0000000000000000 1.0000000000000000 0
1.0000000000000000 1.0000000000000000 1.0000000000000000 1.0000000000000000 0
1.0000000000000000 1.0000000000000000 1.0000000000000000 1.0000000000000000 0
1.0000000000000000 1.0000000000000000 1.0000000000000000 1.0000000000000000 0
1.0000000000000000 1.0000000000000000 1.0000000000000000 1.0000000000000000 0
1.0000000000000000 1.0000000000000000 1.0000000000000000 1.0000000000000000 0
1.0000000000000000 1.0000000000000000 1.0000000000000000 1.0000000000000000 0
1.0000000000000000 1.0000000000000000 1.0000000000000000 1.0000000000000000 0
1.0000000000000000 1.0000000000000000 1.0000000000000000 1.0000000000000000 0
1.0000000000000000 1.0000000000000000 1.0000000000000000 1.0000000000000000 0
1.0000000000000000 1.0000000000000000 1.0000000000000000 1.0000000000000000 0
1.0000000000000000 1.0000000000000000 1.0000000000000000 1.0000000000000000 0
1.0000000000000000 1.0000000000000000 1.0000000000000000 1.0000000000000000 0
1.0000000000000000 1.0000000000000000 1.0000000000000000 1.0000000000000000 0
1.0000000000000000 1.0000000000000000 1.0000000000000000 1.0000000000000000 0
1.0000000000000000 1.0000000000000000 1.0000000000000000 1.0000000000000000 0
1.0000000000000000 1.0000000000000000 1.0000000000000000 1.0000000000000000 0
1.0000000000000000 1.0000000000000000 1.0000000000000000 1.0000000000000000 0
1.0000000000000000 1.0000000000000000 1.0000000000000000 1.0000000000000000 0
1.0000000000000000 1.0000000000000000 1.0000000000000000 1.0000000000000000 0
1.0000000000000000 1.0000000000000000 1.0000000000000000 1.0000000000000000 0
1.0000000000000000 1.0000000000000000 1.0000000000000000 1.0000000000000000 0
1.0000000000000000 1.0000000000000000 1.0000000000000000 1.0000000000000000 0
1.0000000000000000 1.0000000000000000 1.0000000000000000 1.0000000000000000 0
1.0000000000000000 1.0000000000000000 1.0000000000000000 1.0000000000000000 0
1.0000000000000000 1.0000000000000000 1.0000000000000000 1.0000000000000000 0
1.0000000000000000 1.0000000000000000 1.0000000000000000 1.0000000000000000 0
1.0000000000000000 1.0000000000000000 1.0000000000000000 1.0000000000000000 0
1.0000000000000000 1.0000000000000000 1.0000000000000000 1.0000000000000000 0
1.0000000000000000 1.0000000000000000 1.0000000000000000 1.0000000000000000 0
1.0000000000000000 1.0000000000000000 1.0000000000000000 1.0000000000000000 0
1.0000000000000000 1.0000000000000000 1.0000000000000000 1.0000000000000000 0
1.0000000000000000 1.0000000000000000 1.0000000000000000 1.0000000000000000 0
1.0000000000000000 1.0000000000000000 1.0000000000000000 1.0000000000000000 0
1.0000000000000000 1.0000000000000000 1.0000000000000000 1.0000000000000000 0
1.0000000000000000 1.0000000000000000 1.0000000000000000 1.0000000000000000 0
1.0000000000000000 1.0000000000000000 1.0000000000000000 1.0000000000000000 0
1.0000000000000000 1.0000000000000000 1.0000000000000000 1.0000000000000000 0
1.0000000000000000 1.0000000000000000 1.0000000000000000 1.0000000000000000 0
1.0000000000000000 1.0000000000000000 1.0000000000000000 1.0000000000000000 0
1.0000000000000000 1.0000000000000000 1.0000000000000000 1.0000000000000000 0
1.0000000000000000 1.0000000000000000 1.0000000000000000 1.0000000000000000 0
1.0000000000000000 1.0000000000000000 1.0000000000000000 1.0000000000000000 0
1.0000000000000000 1.0000000000000000 1.0000000000000000 1.0000000000000000 0
1.0000000000000000 1.0000000000000000 1.0000000000000000 1.0000000000000000 0
1.0000000000000000 1.0000000000000000 1.0000000000000000 1.0000000000000000 0
1.0000000000000000 1.0000000000000000 1.0000000000000000 1.0000000000000000 0
1.0000000000000000 1.0000000000000000 1.0000000000000000 1.0000000000000000 0
1.0000000000000000 1.0000000000000000 1.0000000000000000 1.0000000000000000 0
1.0000000000000000 1.0000000000000000 1.0000000000000000 1.0000000000000000 0
1.0000000000000000 1.0000000000000000 1.0000000000000000 1.0000000000000000 0
1.0000000000000000 1.0000000000000000 1.0000000000000000 1.0000000000000000 0
1.0000000000000000 1.0000000000000000 1.0000000000000000 1.0000000000000000 0
0.0000000000000000 0.0000000000000000 0.0000000000000000 0.0000000000000000 0.0000000000000000 0.0000000000000000
0.0000000000000000 0.0000000000000000 0.0000000000000000 0.0000000000000000 0.0000000000000000 0.0000000000000000
0.0000000000000000 0.0000000000000000 0.0000000000000000 0.0000000000000000 0.0000000000000000 0.0000000000000000
0.0000000000000000 0.0000000000000000 0.0000000000000000 0.0000000000000000 0.0000000000000000 0.0000000000000000
0.0000000000000000 0.0000000000000000 0.0000000000000000 0.0000000000000000 0.0000000000000000 0.0000000000000000
0.0000000000000000 0.0000000000000000 0.0000000000000000 0.0000000000000000 0.0000000000000000 0.0000000000000000
0.0000000000000000 0.0000000000000000 0.0000000000000000 0.0000000000000000 0.0000000000000000 0.0000000000000000
0.0000000000000000 0.0000000000000000 0.0000000000000000 0.0000000000000000 0.0000000000000000 0.0000000000000000
0.0000000000000000 0.0000000000000000 0.0000000000000000 0.0000000000000000 0.0000000000000000 0.0000000000000000
0.0000000000000000 0.0000000000000000 0.0000000000000000 0.0000000000000000 0.0000000000000000 0.0000000000000000
0.0000000000000000 0.0000000000000000 0.0000000000000000 0.0000000000000000 0.0000000000000000 0.0000000000000000
0.0000000000000000 0.0000000000000000 0.0000000000000000 0.0000000000000000 0.0000000000000000 0.0000000000000000
0.0000000000000000 0.0000000000000000 0.0000000000000000 0.0000000000000000 0.0000000000000000 0.0000000000000000
0.0000000000000000 0.0000000000000000 0.0000000000000000 0.0000000000000000 0.0000000000000000 0.0000000000000000
0.0000000000000000 0.0000000000000000 0.0000000000000000 0.0000000000000000 0.0000000000000000 0.0000000000000000
0.0000000000000000 0.0000000000000000 0.0000000000000000 0.0000000000000000 0.0000000000000000 0.0000000000000000
0.0000000000000000 0.0000000000000000 0.0000000000000000 0.0000000000000000 0.0000000000000000 0.0000000000000000
0.0000000000000000 0.0000000000000000 0.0000000000000000 0.0000000000000000 0.0000000000000000 0.0000000000000000
0.0000000000000000 0.0000000000000000 0.0000000000000000 0.0000000000000000 0.0000000000000000 0.0000000000000000
0.0000000000000000 0.0000000000000000 0.0000000000000000 0.0000000000000000 0.0000000000000000 0.0000000000000000
0.0000000000000000 0.0000000000000000 0.0000000000000000 0.0000000000000000 0.0000000000000000 0.0000000000000000
0.0000000000000000 0.0000000000000000 0.0000000000000000 0.0000000000000000 0.0000000000000000 0.0000000000000000
0.0000000000000000 0.0000000000000000 0.0000000000000000 0.0000000000000000 0.0000000000000000 0.0000000000000000
0.0000000000000000 0.0000000000000000 0.0000000000000000 0.0000000000000000 0.0000000000000000 0.0000000000000000
0.0000000000000000 0.0000000000000000 0.0000000000000000 0.0000000000000000 0.0000000000000000 0.0000000000000000
0.0000000000000000 0.0000000000000000 0.0000000000000000 0.0000000000000000 0.0000000000000000 0.0000000000000000
0.0000000000000000 0.0000000000000000 0.0000000000000000 0.0000000000000000 0.0000000000000000 0.0000000000000000
0.0000000000000000 0.0000000000000000 0.0000000000000000 0.0000000000000000 0.0000000000000000 0.0000000000000000
0.0000000000000000 0.0000000000000000 0.0000000000000000 0.0000000000000000 0.0000000000000000 0.0000000000000000
0.0000000000000000 0.0000000000000000 0.0000000000000000 0.0000000000000000 0.0000000000000000 0.0000000000000000
0.0000000000000000 0.0000000000000000 0.0000000000000000 0.0000000000000000 0.0000000000000000 0.0000000000000000
0.0000000000000000 0.0000000000000000 0.0000000000000000 0.0000000000000000 0.0000000000000000 0.0000000000000000
0.0000000000000000 0.0000000000000000 0.0000000000000000 0.0000000000000000 0.0000000000000000 0.0000000000000000
0.0000000000000000 0.0000000000000000 0.0000000000000000 0.0000000000000000 0.0000000000000000 0.0000000000000000
0.0000000000000000 0.0000000000000000 0.0000000000000000 0.0000000000000000 0.0000000000000000 0.0000000000000000
0.0000000000000000 0.0000000000000000 0.0000000000000000 0.0000000000000000 0.0000000000000000 0.0000000000000000
0.0000000000000000 0.0000000000000000 0.0000000000000000 0.0000000000000000 0.0000000000000000 0.0000000000000000
0.0000000000000000 0.0000000000000000 0.0000000000000000 0.0000000000000000 0.0000000000000000 0.0000000000000000
0.0000000000000000 0.0000000000000000 0.0000000000000000 0.0000000000000000 0.0000000000000000 0.0000000000000000
0.0000000000000000 0.0000000000000000 0.0000000000000000 0.0000000000000000 0.0000000000000000 0.0000000000000000
0.0000000000000000 0.0000000000000000 0.0000000000000000 0.0000000000000000 0.0000000000000000 0.0000000000000000
0.0000000000000000 0.0000000000000000 0.0000000000000000 0.0000000000000000 0.0000000000000000 0.0000000000000000
0.0000000000000000 0.0000000000000000 0.0000000000000000 0.0000000000000000 0.0000000000000000 0.0000000000000000
0.0000000000000000 0.0000000000000000 0.0000000000000000 0.0000000000000000 0.0000000000000000 0.0000000000000000
0.0000000000000000 0.0000000000000000 0.0000000000000000 0.0000000000000000 0.0000000000000000 0.0000000000000000
0.0000000000000000 0.0000000000000000 0.0000000000000000 0.0000000000000000 0.0000000000000000 0.0000000000000000
0.0000000000000000 0.0000000000000000 0.0000000000000000 0.0000000000000000 0.0000000000000000 0.0000000000000000
0.0000000000000000 0.0000000000000000 0.0000000000000000 0.0000000000000000 0.0000000000000000 0.0000000000000000
0.0000000000000000 0.0000000000000000 0.0000000000000000 0.0000000000000000 0.0000000000000000 0.0000000000000000
0.0000000000000000 0.0000000000000000 0.0000000000000000 0.0000000000000000 0.0000000000000000 0.0000000000000000
0.0000000000000000 0.0000000000000000 0.0000000000000000 0.0000000000000000 0.0000000000000000 0.0000000000000000
0.0000000000000000 0.0000000000000000 0.0000000000000000 0.0000000000000000 0.0000000000000000 0.0000000000000000
0.0000000000000000 0.0000000000000000 0.0000000000000000 0.0000000000000000 0.0000000000000000 0.0000000000000000
0.0000000000000000 0.0000000000000000 0.0000000000000000 0.0000000000000000 0.0000000000000000 0.0000000000000000
0.0000000000000000 0.0000000000000000 0.0000000000000000 0.0000000000000000 0.0000000000000000 0.0000000000000000
0.0000000000000000 0.0000000000000000 0.0000000000000000 0.0000000000000000 0.0000000000000000 0.0000000000000000
0.0000000000000000 0.0000000000000000 0.0000000000000000 0.0000000000000000 0.0000000000000000 0.0000000000000000
0.0000000000000000 0.0000000000000000 0.0000000000000000 0.0000000000000000 0.0000000000000000 0.0000000000000000
0.0000000000000000 0.0000000000000000 0.0000000000000000 0.0000000000000000 0.0000000000000000 0.0000000000000000
0.0000000000000000 0.0000000000000000 0.0000000000000000 0.0000000000000000 0.0000000000000000 0.0000000000000000
0.0000000000000000 0.0000000000000000 0.0000000000000000 0.0000000000000000 0.0000000000000000 0.0000000000000000
0.0000000000000000 0.0000000000000000 0.0000000000000000 0.0000000000000000 0.0000000000000000 0.0000000000000000
0.0000000000000000 0.0000000000000000 0.0000000000000000 0.0000000000000000 0.0000000000000000 0.0000000000000000
0.0000000000000000 0.0000000000000000 0.0000000000000000 0.0000000000000000 0.0000000000000000 0.0000000000000000
0.0000000000000000 0.0000000000000000 0.0000000000000000 0.0000000000000000 0.0000000000000000 0.0000000000000000
0.0000000000000000 0.0000000000000000 0.0000000000000000 0.0000000000000000 0.0000000000000000 0.0000000000000000
0.0000000000000000 0.0000000000000000 0.0000000000000000 0.0000000000000000 0.0000000000000000 0.0000000000000000
0.0000000000000000 0.0000000000000000 0.0000000000000000 0.0000000000000000 0.0000000000000000 0.0000000000000000
0.0000000000000000 0.0000000000000000 0.0000000000000000 0.0000000000000000 0.0000000000000000 0.0000000000000000
0.0000000000000000 0.0000000000000000 0.0000000000000000 0.0000000000000000 0.0000000000000000 0.0000000000000000
0.0000000000000000 0.0000000000000000 0.0000000000000000 0.0000000000000000 0.0000000000000000 0.0000000000000000
0.0000000000000000 0.0000000000000000 0.0000000000000000 0.0000000000000000 0.0000000000000000 0.0000000000000000
0.0000000000000000 0.0000000000000000 0.0000000000000000 0.0000000000000000 0.0000000000000000 0.0000000000000000
0.0000000000000000 0.0000000000000000 0.0000000000000000 0.0000000000000000 0.0000000000000000 0.0000000000000000
0.0000000000000000 0.0000000000000000 0.0000000000000000 0.0000000000000000 0.0000000000000000 0.0000000000000000
0.0000000000000000 0.0000000000000000 0.0000000000000000 0.0000000000000000 0.0000000000000000 0.0000000000000000
0.0000000000000000 0.0000000000000000 0.0000000000000000 0.0000000000000000 0.0000000000000000 0.0000000000000000
0.0000000000000000 0.0000000000000000 0.0000000000000000 0.0000000000000000 0.0000000000000000 0.0000000000000000
0.0000000000000000 0.0000000000000000 0.0000000000000000 0.0000000000000000 0.0000000000000000 0.0000000000000000
0.0000000000000000 0.0000000000000000 0.0000000000000000 0.0000000000000000 0.0000000000000000 0.0000000000000000
0.0000000000000000 0.0000000000000000 0.0000000000000000 0.0000000000000000 0.0000000000000000 0.0000000000000000
0.0000000000000000 0.0000000000000000 0.0000000000000000 0.0000000000000000 0.0000000000000000 0.0000000000000000
0.0000000000000000 0.0000000000000000 0.0000000000000000 0.0000000000000000 0.0000000000000000 0.0000000000000000
0.0000000000000000 0.0000000000000000 0.0000000000000000 0.0000000000000000 0.0000000000000000 0.0000000000000000
0.0000000000000000 0.0000000000000000 0.0000000000000000 0.0000000000000000 0.0000000000000000 0.0000000000000000
0.0000000000000000 0.0000000000000000 0.0000000000000000 0.0000000000000000 0.0000000000000000 0.0000000000000000
0.0000000000000000 0.0000000000000000 0.0000000000000000 0.0000000000000000 0.0000000000000000 0.0000000000000000
0.0000000000000000 0.0000000000000000 0.0000000000000000 0.0000000000000000 0.0000000000000000 0.0000000000000000
0.0000000000000000 0.0000000000000000 0.0000000000000000 0.0000000000000000 0.0000000000000000 0.0000000000000000
0.0000000000000000 0.0000000000000000 0.0000000000000000 0.0000000000000000 0.0000000000000000 0.0000000000000000
0.0000000000000000 0.0000000000000000 0.0000000000000000 0.0000000000000000 0.0000000000000000 0.0000000000000000
0.0000000000000000 0.0000000000000000 0.0000000000000000 0.0000000000000000 0.0000000000000000 0.0000000000000000
0.0000000000000000 0.0000000000000000 0.0000000000000000 0.0000000000000000 0.0000000000000000 0.0000000000000000
0.0000000000000000 0.0000000000000000 0.0000000000000000 0.0000000000000000 0.0000000000000000 0.0000000000000000
0.0000000000000000 0.0000000000000000 0.0000000000000000 0.0000000000000000 0.0000000000000000 0.0000000000000000
0.0000000000000000 0.0000000000000000 0.0000000000000000 0.0000000000000000 0.0000000000000000 0.0000000000000000
0.0000000000000000 0.0000000000000000 0.0000000000000000 0.0000000000000000 0.0000000000000000 0.0000000000000000
0.0000000000000000 0.0000000000000000 0.0000000000000000 0.0000000000000000 0.0000000000000000 0.0000000000000000
0.0000000000000000 0.0000000000000000 0.0000000000000000 0.0000000000000000 0.0000000000000000 0.0000000000000000
0.0000000000000000 0.0000000000000000 0.0000000000000000 0.0000000000000000 0.0000000000000000 0.0000000000000000
0.0000000000000000 0.0000000000000000 0.0000000000000000 0.0000000000000000 0.0000000000000000 0.0000000000000000
0.0000000000000000 0.0000000000000000 0.0000000000000000 0.0000000000000000 0.0000000000000000 0.0000000000000000
0.0000000000000000 0.0000000000000000 0.0000000000000000 0.0000000000000000 0.0000000000000000 0.0000000000000000
0.0000000000000000 0.0000000000000000 0.0000000000000000 0.0000000000000000 0.0000000000000000 0.0000000000000000
0.0000000000000000 0.0000000000000000 0.0000000000000000 0.0000000000000000 0.0000000000000000 0.0000000000000000
0.0000000000000000 0.0000000000000000 0.0000000000000000 0.0000000000000000 0.0000000000000000 0.0000000000000000
0.0000000000000000 0.0000000000000000 0.0000000000000000 0.0000000000000000 0.0000000000000000 0.0000000000000000
0.0000000000000000 0.0000000000000000 0.0000000000000000 0.0000000000000000 0.0000000000000000 0.0000000000000000
0.0000000000000000 0.0000000000000000 0.0000000000000000 0.0000000000000000 0.0000000000000000 0.0000000000000000
0.0000000000000000 0.0000000000000000 0.0000000000000000 0.0000000000000000 0.0000000000000000 0.0000000000000000
0.0000000000000000 0.0000000000000000 0.0000000000000000 0.0000000000000000 0.0000000000000000 0.0000000000000000
0.0000000000000000 0.0000000000000000 0.0000000000000000 0.0000000000000000 0.0000000000000000 0.0000000000000000
0.0000000000000000 0.0000000000000000 0.0000000000000000 0.0000000000000000 0.0000000000000000 0.0000000000000000
0.0000000000000000 0.0000000000000000 0.0000000000000000 0.0000000000000000 0.0000000000000000 0.0000000000000000
0.0000000000000000 0.0000000000000000 0.0000000000000000 0.0000000000000000 0.0000000000000000 0.0000000000000000
0.0000000000000000 0.0000000000000000 0.0000000000000000 0.0000000000000000 0.0000000000000000 0.0000000000000000
0.0000000000000000 0.0000000000000000 0.0000000000000000 0.0000000000000000 0.0000000000000000 0.0000000000000000
0.0000000000000000 0.0000000000000000 0.0000000000000000 0.0000000000000000 0.0000000000000000 0.0000000000000000
0.0000000000000000 0.0000000000000000 0.0000000000000000 0.0000000000000000 0.0000000000000000 0.0000000000000000
0.0000000000000000 0.0000000000000000 0.0000000000000000 0.0000000000000000 0.0000000000000000 0.0000000000000000
0.0000000000000000 0.0000000000000000 0.0000000000000000 0.0000000000000000 0.0000000000000000 0.0000000000000000
0.0000000000000000 0.0000000000000000 0.0000000000000000 0.0000000000000000 0.0000000000000000 0.0000000000000000
0.0000000000000000 0.0000000000000000 0.0000000000000000 0.0000000000000000 0.0000000000000000 0.0000000000000000
0.0000000000000000 0.0000000000000000 0.0000000000000000 0.0000000000000000 0.0000000000000000 0.0000000000000000
0.0000000000000000 0.0000000000000000 0.0000000000000000 0.0000000000000000 0.0000000000000000 0.0000000000000000
0.0000000000000000 0.0000000000000000 0.0000000000000000 0.0000000000000000 0.0000000000000000 0.0000000000000000
0.0000000000000000 0.0000000000000000 0.0000000000000000 0.0000000000000000 0.0000000000000000 0.0000000000000000
0.0000000000000000 0.0000000000000000 0.0000000000000000 0.0000000000000000 0.0000000000000000 0.0000000000000000
1.0000000000000000 1.0000000000000000 1.0000000000000000 1.0000000000000000 0
1.0000000000000000 1.0000000000000000 1.0000000000000000 1.0000000000000000 0
1.0000000000000000 1.0000000000000000 1.0000000000000000 1.0000000000000000 0
1.0000000000000000 1.0000000000000000 1.0000000000000000 1.0000000000000000 0
1.0000000000000000 1.0000000000000000 1.0000000000000000 1.0000000000000000 0
1.0000000000000000 1.0000000000000000 1.0000000000000000 1.0000000000000000 0
1.0000000000000000 1.0000000000000000 1.0000000000000000 1.0000000000000000 0
1.0000000000000000 1.0000000000000000 1.0000000000000000 1.0000000000000000 0
1.0000000000000000 1.0000000000000000 1.0000000000000000 1.0000000000000000 0
1.0000000000000000 1.0000000000000000 1.0000000000000000 1.0000000000000000 0
1.0000000000000000 1.0000000000000000 1.0000000000000000 1.0000000000000000 0
1.0000000000000000 1.0000000000000000 1.0000000000000000 1.0000000000000000 0
1.0000000000000000 1.0000000000000000 1.0000000000000000 1.0000000000000000 0
1.0000000000000000 1.0000000000000000 1.0000000000000000 1.0000000000000000 0
1.0000000000000000 1.0000000000000000 1.0000000000000000 1.0000000000000000 0
1.0000000000000000 1.0000000000000000 1.0000000000000000 1.0000000000000000 0
1.0000000000000000 1.0000000000000000 1.0000000000000000 1.0000000000000000 0
1.0000000000000000 1.0000000000000000 1.0000000000000000 1.0000000000000000 0
1.0000000000000000 1.0000000000000000 1.0000000000000000 1.0000000000000000 0
1.0000000000000000 1.0000000000000000 1.0000000000000000 1.0000000000000000 0
1.0000000000000000 1.0000000000000000 1.0000000000000000 1.0000000000000000 0
1.0000000000000000 1.0000000000000000 1.0000000000000000 1.0000000000000000 0
1.0000000000000000 1.0000000000000000 1.0000000000000000 1.0000000000000000 0
1.0000000000000000 1.0000000000000000 1.0000000000000000 1.0000000000000000 0
1.0000000000000000 1.0000000000000000 1.0000000000000000 1.0000000000000000 0
1.0000000000000000 1.0000000000000000 1.0000000000000000 1.0000000000000000 0
1.0000000000000000 1.0000000000000000 1.0000000000000000 1.0000000000000000 0
1.0000000000000000 1.0000000000000000 1.0000000000000000 1.0000000000000000 0
1.0000000000000000 1.0000000000000000 1.0000000000000000 1.0000000000000000 0
1.0000000000000000 1.0000000000000000 1.0000000000000000 1.0000000000000000 0
1.0000000000000000 1.0000000000000000 1.0000000000000000 1.0000000000000000 0
1.0000000000000000 1.0000000000000000 1.0000000000000000 1.0000000000000000 0
1.0000000000000000 1.0000000000000000 1.0000000000000000 1.0000000000000000 0
1.0000000000000000 1.0000000000000000 1.0000000000000000 1.0000000000000000 0
1.0000000000000000 1.0000000000000000 1.0000000000000000 1.0000000000000000 0
1.0000000000000000 1.0000000000000000 1.0000000000000000 1.0000000000000000 0
1.0000000000000000 1.0000000000000000 1.0000000000000000 1.0000000000000000 0
1.0000000000000000 1.0000000000000000 1.0000000000000000 1.0000000000000000 0
1.0000000000000000 1.0000000000000000 1.0000000000000000 1.0000000000000000 0
1.0000000000000000 1.0000000000000000 1.0000000000000000 1.0000000000000000 0
1.0000000000000000 1.0000000000000000 1.0000000000000000 1.0000000000000000 0
1.0000000000000000 1.0000000000000000 1.0000000000000000 1.0000000000000000 0
1.0000000000000000 1.0000000000000000 1.0000000000000000 1.0000000000000000 0
1.0000000000000000 1.0000000000000000 1.0000000000000000 1.0000000000000000 0
1.0000000000000000 1.0000000000000000 1.0000000000000000 1.0000000000000000 0
1.0000000000000000 1.0000000000000000 1.0000000000000000 1.0000000000000000 0
1.0000000000000000 1.0000000000000000 1.0000000000000000 1.0000000000000000 0
1.0000000000000000 1.0000000000000000 1.0000000000000000 1.0000000000000000 0
1.0000000000000000 1.0000000000000000 1.0000000000000000 1.0000000000000000 0
1.0000000000000000 1.0000000000000000 1.0000000000000000 1.0000000000000000 0
1.0000000000000000 1.0000000000000000 1.0000000000000000 1.0000000000000000 0
1.0000000000000000 1.0000000000000000 1.0000000000000000 1.0000000000000000 0
1.0000000000000000 1.0000000000000000 1.0000000000000000 1.0000000000000000 0
1.0000000000000000 1.0000000000000000 1.0000000000000000 1.0000000000000000 0
1.0000000000000000 1.0000000000000000 1.0000000000000000 1.0000000000000000 0
1.0000000000000000 1.0000000000000000 1.0000000000000000 1.0000000000000000 0
1.0000000000000000 1.0000000000000000 1.0000000000000000 1.0000000000000000 0
1.0000000000000000 1.0000000000000000 1.0000000000000000 1.0000000000000000 0
1.0000000000000000 1.0000000000000000 1.0000000000000000 1.0000000000000000 0
1.0000000000000000 1.0000000000000000 1.0000000000000000 1.0000000000000000 0
1.0000000000000000 1.0000000000000000 1.0000000000000000 1.0000000000000000 0
1.0000000000000000 1.0000000000000000 1.0000000000000000 1.0000000000000000 0
1.0000000000000000 1.0000000000000000 1.0000000000000000 1.0000000000000000 0
1.0000000000000000 1.0000000000000000 1.0000000000000000 1.0000000000000000 0
0.0000000000000000 0.0000000000000000 0.0000000000000000 0.0000000000000000 0.0000000000000000 0.0000000000000000
0.0000000000000000 0.0000000000000000 0.0000000000000000 0.0000000000000000 0.0000000000000000 0.0000000000000000
0.0000000000000000 0.0000000000000000 0.0000000000000000 0.0000000000000000 0.0000000000000000 0.0000000000000000
0.0000000000000000 0.0000000000000000 0.0000000000000000 0.0000000000000000 0.0000000000000000 0.0000000000000000
0.0000000000000000 0.0000000000000000 0.0000000000000000 0.0000000000000000 0.0000000000000000 0.0000000000000000
0.0000000000000000 0.0000000000000000 0.0000000000000000 0.0000000000000000 0.0000000000000000 0.0000000000000000
0.0000000000000000 0.0000000000000000 0.0000000000000000 0.0000000000000000 0.0000000000000000 0.0000000000000000
0.0000000000000000 0.0000000000000000 0.0000000000000000 0.0000000000000000 0.0000000000000000 0.0000000000000000
0.0000000000000000 0.0000000000000000 0.0000000000000000 0.0000000000000000 0.0000000000000000 0.0000000000000000
0.0000000000000000 0.0000000000000000 0.0000000000000000 0.0000000000000000 0.0000000000000000 0.0000000000000000
0.0000000000000000 0.0000000000000000 0.0000000000000000 0.0000000000000000 0.0000000000000000 0.0000000000000000
0.0000000000000000 0.0000000000000000 0.0000000000000000 0.0000000000000000 0.0000000000000000 0.0000000000000000
0.0000000000000000 0.0000000000000000 0.0000000000000000 0.0000000000000000 0.0000000000000000 0.0000000000000000
0.0000000000000000 0.0000000000000000 0.0000000000000000 0.0000000000000000 0.0000000000000000 0.0000000000000000
0.0000000000000000 0.0000000000000000 0.0000000000000000 0.0000000000000000 0.0000000000000000 0.0000000000000000
0.0000000000000000 0.0000000000000000 0.0000000000000000 0.0000000000000000 0.0000000000000000 0.0000000000000000
0.0000000000000000 0.0000000000000000 0.0000000000000000 0.0000000000000000 0.0000000000000000 0.0000000000000000
0.0000000000000000 0.0000000000000000 0.0000000000000000 0.0000000000000000 0.0000000000000000 0.0000000000000000
0.0000000000000000 0.0000000000000000 0.0000000000000000 0.0000000000000000 0.0000000000000000 0.0000000000000000
0.0000000000000000 0.0000000000000000 0.0000000000000000 0.0000000000000000 0.0000000000000000 0.0000000000000000
0.0000000000000000 0.0000000000000000 0.0000000000000000 0.0000000000000000 0.0000000000000000 0.0000000000000000
0.0000000000000000 0.0000000000000000 0.0000000000000000 0.0000000000000000 0.0000000000000000 0.0000000000000000
0.0000000000000000 0.0000000000000000 0.0000000000000000 0.0000000000000000 0.0000000000000000 0.0000000000000000
0.0000000000000000 0.0000000000000000 0.0000000000000000 0.0000000000000000 0.0000000000000000 0.0000000000000000
0.0000000000000000 0.0000000000000000 0.0000000000000000 0.0000000000000000 0.0000000000000000 0.0000000000000000
0.0000000000000000 0.0000000000000000 0.0000000000000000 0.0000000000000000 0.0000000000000000 0.0000000000000000
0.0000000000000000 0.0000000000000000 0.0000000000000000 0.0000000000000000 0.0000000000000000 0.0000000000000000
0.0000000000000000 0.0000000000000000 0.0000000000000000 0.0000000000000000 0.0000000000000000 0.0000000000000000
0.0000000000000000 0.0000000000000000 0.0000000000000000 0.0000000000000000 0.0000000000000000 0.0000000000000000
0.0000000000000000 0.0000000000000000 0.0000000000000000 0.0000000000000000 0.0000000000000000 0.0000000000000000
0.0000000000000000 0.0000000000000000 0.0000000000000000 0.0000000000000000 0.0000000000000000 0.0000000000000000
0.0000000000000000 0.0000000000000000 0.0000000000000000 0.0000000000000000 0.0000000000000000 0.0000000000000000
0.0000000000000000 0.0000000000000000 0.0000000000000000 0.0000000000000000 0.0000000000000000 0.0000000000000000
0.0000000000000000 0.0000000000000000 0.0000000000000000 0.0000000000000000 0.0000000000000000 0.0000000000000000
0.0000000000000000 0.0000000000000000 0.0000000000000000 0.0000000000000000 0.0000000000000000 0.0000000000000000
0.0000000000000000 0.0000000000000000 0.0000000000000000 0.0000000000000000 0.0000000000000000 0.0000000000000000
0.0000000000000000 0.0000000000000000 0.0000000000000000 0.0000000000000000 0.0000000000000000 0.0000000000000000
0.0000000000000000 0.0000000000000000 0.0000000000000000 0.0000000000000000 0.0000000000000000 0.0000000000000000
0.0000000000000000 0.0000000000000000 0.0000000000000000 0.0000000000000000 0.0000000000000000 0.0000000000000000
0.0000000000000000 0.0000000000000000 0.0000000000000000 0.0000000000000000 0.0000000000000000 0.0000000000000000
0.0000000000000000 0.0000000000000000 0.0000000000000000 0.0000000000000000 0.0000000000000000 0.0000000000000000
0.0000000000000000 0.0000000000000000 0.0000000000000000 0.0000000000000000 0.0000000000000000 0.0000000000000000
0.0000000000000000 0.0000000000000000 0.0000000000000000 0.0000000000000000 0.0000000000000000 0.0000000000000000
0.0000000000000000 0.0000000000000000 0.0000000000000000 0.0000000000000000 0.0000000000000000 0.0000000000000000
0.0000000000000000 0.0000000000000000 0.0000000000000000 0.0000000000000000 0.0000000000000000 0.0000000000000000
0.0000000000000000 0.0000000000000000 0.0000000000000000 0.0000000000000000 0.0000000000000000 0.0000000000000000
0.0000000000000000 0.0000000000000000 0.0000000000000000 0.0000000000000000 0.0000000000000000 0.0000000000000000
0.0000000000000000 0.0000000000000000 0.0000000000000000 0.0000000000000000 0.0000000000000000 0.0000000000000000
0.0000000000000000 0.0000000000000000 0.0000000000000000 0.0000000000000000 0.0000000000000000 0.0000000000000000
0.0000000000000000 0.0000000000000000 0.0000000000000000 0.0000000000000000 0.0000000000000000 0.0000000000000000
0.0000000000000000 0.0000000000000000 0.0000000000000000 0.0000000000000000 0.0000000000000000 0.0000000000000000
0.0000000000000000 0.0000000000000000 0.0000000000000000 0.0000000000000000 0.0000000000000000 0.0000000000000000
0.0000000000000000 0.0000000000000000 0.0000000000000000 0.0000000000000000 0.0000000000000000 0.0000000000000000
0.0000000000000000 0.0000000000000000 0.0000000000000000 0.0000000000000000 0.0000000000000000 0.0000000000000000
0.0000000000000000 0.0000000000000000 0.0000000000000000 0.0000000000000000 0.0000000000000000 0.0000000000000000
0.0000000000000000 0.0000000000000000 0.0000000000000000 0.0000000000000000 0.0000000000000000 0.0000000000000000
0.0000000000000000 0.0000000000000000 0.0000000000000000 0.0000000000000000 0.0000000000000000 0.0000000000000000
0.0000000000000000 0.0000000000000000 0.0000000000000000 0.0000000000000000 0.0000000000000000 0.0000000000000000
0.0000000000000000 0.0000000000000000 0.0000000000000000 0.0000000000000000 0.0000000000000000 0.0000000000000000
0.0000000000000000 0.0000000000000000 0.0000000000000000 0.0000000000000000 0.0000000000000000 0.0000000000000000
0.0000000000000000 0.0000000000000000 0.0000000000000000 0.0000000000000000 0.0000000000000000 0.0000000000000000
0.0000000000000000 0.0000000000000000 0.0000000000000000 0.0000000000000000 0.0000000000000000 0.0000000000000000
0.0000000000000000 0.0000000000000000 0.0000000000000000 0.0000000000000000 0.0000000000000000 0.0000000000000000
0.0000000000000000 0.0000000000000000 0.0000000000000000 0.0000000000000000 0.0000000000000000 0.0000000000000000
0.0000000000000000 0.0000000000000000 0.0000000000000000 0.0000000000000000 0.0000000000000000 0.0000000000000000
0.0000000000000000 0.0000000000000000 0.0000000000000000 0.0000000000000000 0.0000000000000000 0.0000000000000000
0.0000000000000000 0.0000000000000000 0.0000000000000000 0.0000000000000000 0.0000000000000000 0.0000000000000000
0.0000000000000000 0.0000000000000000 0.0000000000000000 0.0000000000000000 0.0000000000000000 0.0000000000000000
0.0000000000000000 0.0000000000000000 0.0000000000000000 0.0000000000000000 0.0000000000000000 0.0000000000000000
0.0000000000000000 0.0000000000000000 0.0000000000000000 0.0000000000000000 0.0000000000000000 0.0000000000000000
0.0000000000000000 0.0000000000000000 0.0000000000000000 0.0000000000000000 0.0000000000000000 0.0000000000000000
0.0000000000000000 0.0000000000000000 0.0000000000000000 0.0000000000000000 0.0000000000000000 0.0000000000000000
0.0000000000000000 0.0000000000000000 0.0000000000000000 0.0000000000000000 0.0000000000000000 0.0000000000000000
0.0000000000000000 0.0000000000000000 0.0000000000000000 0.0000000000000000 0.0000000000000000 0.0000000000000000
0.0000000000000000 0.0000000000000000 0.0000000000000000 0.0000000000000000 0.0000000000000000 0.0000000000000000
0.0000000000000000 0.0000000000000000 0.0000000000000000 0.0000000000000000 0.0000000000000000 0.0000000000000000
0.0000000000000000 0.0000000000000000 0.0000000000000000 0.0000000000000000 0.0000000000000000 0.0000000000000000
0.0000000000000000 0.0000000000000000 0.0000000000000000 0.0000000000000000 0.0000000000000000 0.0000000000000000
0.0000000000000000 0.0000000000000000 0.0000000000000000 0.0000000000000000 0.0000000000000000 0.0000000000000000
0.0000000000000000 0.0000000000000000 0.0000000000000000 0.0000000000000000 0.0000000000000000 0.0000000000000000
0.0000000000000000 0.0000000000000000 0.0000000000000000 0.0000000000000000 0.0000000000000000 0.0000000000000000
0.0000000000000000 0.0000000000000000 0.0000000000000000 0.0000000000000000 0.0000000000000000 0.0000000000000000
0.0000000000000000 0.0000000000000000 0.0000000000000000 0.0000000000000000 0.0000000000000000 0.0000000000000000
0.0000000000000000 0.0000000000000000 0.0000000000000000 0.0000000000000000 0.0000000000000000 0.0000000000000000
0.0000000000000000 0.0000000000000000 0.0000000000000000 0.0000000000000000 0.0000000000000000 0.0000000000000000
0.0000000000000000 0.0000000000000000 0.0000000000000000 0.0000000000000000 0.0000000000000000 0.0000000000000000
0.0000000000000000 0.0000000000000000 0.0000000000000000 0.0000000000000000 0.0000000000000000 0.0000000000000000
0.0000000000000000 0.0000000000000000 0.0000000000000000 0.0000000000000000 0.0000000000000000 0.0000000000000000
0.0000000000000000 0.0000000000000000 0.0000000000000000 0.0000000000000000 0.0000000000000000 0.0000000000000000
0.0000000000000000 0.0000000000000000 0.0000000000000000 0.0000000000000000 0.0000000000000000 0.0000000000000000
0.0000000000000000 0.0000000000000000 0.0000000000000000 0.0000000000000000 0.0000000000000000 0.0000000000000000
0.0000000000000000 0.0000000000000000 0.0000000000000000 0.0000000000000000 0.0000000000000000 0.0000000000000000
0.0000000000000000 0.0000000000000000 0.0000000000000000 0.0000000000000000 0.0000000000000000 0.0000000000000000
0.0000000000000000 0.0000000000000000 0.0000000000000000 0.0000000000000000 0.0000000000000000 0.0000000000000000
0.0000000000000000 0.0000000000000000 0.0000000000000000 0.0000000000000000 0.0000000000000000 0.0000000000000000
0.0000000000000000 0.0000000000000000 0.0000000000000000 0.0000000000000000 0.0000000000000000 0.0000000000000000
0.0000000000000000 0.0000000000000000 0.0000000000000000 0.0000000000000000 0.0000000000000000 0.0000000000000000
0.0000000000000000 0.0000000000000000 0.0000000000000000 0.0000000000000000 0.0000000000000000 0.0000000000000000
0.0000000000000000 0.0000000000000000 0.0000000000000000 0.0000000000000000 0.0000000000000000 0.0000000000000000
0.0000000000000000 0.0000000000000000 0.0000000000000000 0.0000000000000000 0.0000000000000000 0.0000000000000000
0.0000000000000000 0.0000000000000000 0.0000000000000000 0.0000000000000000 0.0000000000000000 0.0000000000000000
0.0000000000000000 0.0000000000000000 0.0000000000000000 0.0000000000000000 0.0000000000000000 0.0000000000000000
0.0000000000000000 0.0000000000000000 0.0000000000000000 0.0000000000000000 0.0000000000000000 0.0000000000000000
0.0000000000000000 0.0000000000000000 0.0000000000000000 0.0000000000000000 0.0000000000000000 0.0000000000000000
0.0000000000000000 0.0000000000000000 0.0000000000000000 0.0000000000000000 0.0000000000000000 0.0000000000000000
0.0000000000000000 0.0000000000000000 0.0000000000000000 0.0000000000000000 0.0000000000000000 0.0000000000000000
0.0000000000000000 0.0000000000000000 0.0000000000000000 0.0000000000000000 0.0000000000000000 0.0000000000000000
0.0000000000000000 0.0000000000000000 0.0000000000000000 0.0000000000000000 0.0000000000000000 0.0000000000000000
0.0000000000000000 0.0000000000000000 0.0000000000000000 0.0000000000000000 0.0000000000000000 0.0000000000000000
0.0000000000000000 0.0000000000000000 0.0000000000000000 0.0000000000000000 0.0000000000000000 0.0000000000000000
0.0000000000000000 0.0000000000000000 0.0000000000000000 0.0000000000000000 0.0000000000000000 0.0000000000000000
0.0000000000000000 0.0000000000000000 0.0000000000000000 0.0000000000000000 0.0000000000000000 0.0000000000000000
0.0000000000000000 0.0000000000000000 0.0000000000000000 0.0000000000000000 0.0000000000000000 0.0000000000000000
0.0000000000000000 0.0000000000000000 0.0000000000000000 0.0000000000000000 0.0000000000000000 0.0000000000000000
0.0000000000000000 0.0000000000000000 0.0000000000000000 0.0000000000000000 0.0000000000000000 0.0000000000000000
0.0000000000000000 0.0000000000000000 0.0000000000000000 0.0000000000000000 0.0000000000000000 0.0000000000000000
0.0000000000000000 0.0000000000000000 0.0000000000000000 0.0000000000000000 0.0000000000000000 0.0000000000000000
0.0000000000000000 0.0000000000000000 0.0000000000000000 0.0000000000000000 0.0000000000000000 0.0000000000000000
0.0000000000000000 0.0000000000000000 0.0000000000000000 0.0000000000000000 0.0000000000000000 0.0000000000000000
0.0000000000000000 0.0000000000000000 0.0000000000000000 0.0000000000000000 0.0000000000000000 0.0000000000000000
0.0000000000000000 0.0000000000000000 0.0000000000000000 0.0000000000000000 0.0000000000000000 0.0000000000000000
0.0000000000000000 0.0000000000000000 0.0000000000000000 0.0000000000000000 0.0000000000000000 0.0000000000000000
0.0000000000000000 0.0000000000000000 0.0000000000000000 0.0000000000000000 0.0000000000000000 0.0000000000000000
0.0000000000000000 0.0000000000000000 0.0000000000000000 0.0000000000000000 0.0000000000000000 0.0000000000000000
0.0000000000000000 0.0000000000000000 0.0000000000000000 0.0000000000000000 0.0000000000000000 0.0000000000000000
0.0000000000000000 0.0000000000000000 0.0000000000000000 0.0000000000000000 0.0000000000000000 0.0000000000000000
0.0000000000000000 0.0000000000000000 0.0000000000000000 0.0000000000000000 0.0000000000000000 0.0000000000000000
0.0000000000000000 0.0000000000000000 0.0000000000000000 0.0000000000000000 0.0000000000000000 0.0000000000000000
1.0000000000000000 1.0000000000000000 1.0000000000000000 1.0000000000000000 0
1.0000000000000000 1.0000000000000000 1.0000000000000000 1.0000000000000000 0
1.0000000000000000 1.0000000000000000 1.0000000000000000 1.0000000000000000 0
1.0000000000000000 1.0000000000000000 1.0000000000000000 1.0000000000000000 0
1.0000000000000000 1.0000000000000000 1.0000000000000000 1.0000000000000000 0
1.0000000000000000 1.0000000000000000 1.0000000000000000 1.0000000000000000 0
1.0000000000000000 1.0000000000000000 1.0000000000000000 1.0000000000000000 0
1.0000000000000000 1.0000000000000000 1.0000000000000000 1.0000000000000000 0
1.0000000000000000 1.0000000000000000 1.0000000000000000 1.0000000000000000 0
1.0000000000000000 1.0000000000000000 1.0000000000000000 1.0000000000000000 0
1.0000000000000000 1.0000000000000000 1.0000000000000000 1.0000000000000000 0
1.0000000000000000 1.0000000000000000 1.0000000000000000 1.0000000000000000 0
1.0000000000000000 1.0000000000000000 1.0000000000000000 1.0000000000000000 0
1.0000000000000000 1.0000000000000000 1.0000000000000000 1.0000000000000000 0
1.0000000000000000 1.0000000000000000 1.0000000000000000 1.0000000000000000 0
1.0000000000000000 1.0000000000000000 1.0000000000000000 1.0000000000000000 0
1.0000000000000000 1.0000000000000000 1.0000000000000000 1.0000000000000000 0
1.0000000000000000 1.0000000000000000 1.0000000000000000 1.0000000000000000 0
1.0000000000000000 1.0000000000000000 1.0000000000000000 1.0000000000000000 0
1.0000000000000000 1.0000000000000000 1.0000000000000000 1.0000000000000000 0
1.0000000000000000 1.0000000000000000 1.0000000000000000 1.0000000000000000 0
1.0000000000000000 1.0000000000000000 1.0000000000000000 1.0000000000000000 0
1.0000000000000000 1.0000000000000000 1.0000000000000000 1.0000000000000000 0
1.0000000000000000 1.0000000000000000 1.0000000000000000 1.0000000000000000 0
1.0000000000000000 1.0000000000000000 1.0000000000000000 1.0000000000000000 0
1.0000000000000000 1.0000000000000000 1.0000000000000000 1.0000000000000000 0
1.0000000000000000 1.0000000000000000 1.0000000000000000 1.0000000000000000 0
1.0000000000000000 1.0000000000000000 1.0000000000000000 1.0000000000000000 0
1.0000000000000000 1.0000000000000000 1.0000000000000000 1.0000000000000000 0
1.0000000000000000 1.0000000000000000 1.0000000000000000 1.0000000000000000 0
1.0000000000000000 1.0000000000000000 1.0000000000000000 1.0000000000000000 0
1.0000000000000000 1.0000000000000000 1.0000000000000000 1.0000000000000000 0
1.0000000000000000 1.0000000000000000 1.0000000000000000 1.0000000000000000 0
1.0000000000000000 1.0000000000000000 1.0000000000000000 1.0000000000000000 0
1.0000000000000000 1.0000000000000000 1.0000000000000000 1.0000000000000000 0
1.0000000000000000 1.0000000000000000 1.0000000000000000 1.0000000000000000 0
1.0000000000000000 1.0000000000000000 1.0000000000000000 1.0000000000000000 0
1.0000000000000000 1.0000000000000000 1.0000000000000000 1.0000000000000000 0
1.0000000000000000 1.0000000000000000 1.0000000000000000 1.0000000000000000 0
1.0000000000000000 1.0000000000000000 1.0000000000000000 1.0000000000000000 0
1.0000000000000000 1.0000000000000000 1.0000000000000000 1.0000000000000000 0
1.0000000000000000 1.0000000000000000 1.0000000000000000 1.0000000000000000 0
1.0000000000000000 1.0000000000000000 1.0000000000000000 1.0000000000000000 0
1.0000000000000000 1.0000000000000000 1.0000000000000000 1.0000000000000000 0
1.0000000000000000 1.0000000000000000 1.0000000000000000 1.0000000000000000 0
1.0000000000000000 1.0000000000000000 1.0000000000000000 1.0000000000000000 0
1.0000000000000000 1.0000000000000000 1.0000000000000000 1.0000000000000000 0
1.0000000000000000 1.0000000000000000 1.0000000000000000 1.0000000000000000 0
1.0000000000000000 1.0000000000000000 1.0000000000000000 1.0000000000000000 0
1.0000000000000000 1.0000000000000000 1.0000000000000000 1.0000000000000000 0
1.0000000000000000 1.0000000000000000 1.0000000000000000 1.0000000000000000 0
1.0000000000000000 1.0000000000000000 1.0000000000000000 1.0000000000000000 0
1.0000000000000000 1.0000000000000000 1.0000000000000000 1.0000000000000000 0
1.0000000000000000 1.0000000000000000 1.0000000000000000 1.0000000000000000 0
1.0000000000000000 1.0000000000000000 1.0000000000000000 1.0000000000000000 0
1.0000000000000000 1.0000000000000000 1.0000000000000000 1.0000000000000000 0
1.0000000000000000 1.0000000000000000 1.0000000000000000 1.0000000000000000 0
1.0000000000000000 1.0000000000000000 1.0000000000000000 1.0000000000000000 0
1.0000000000000000 1.0000000000000000 1.0000000000000000 1.0000000000000000 0
1.0000000000000000 1.0000000000000000 1.0000000000000000 1.0000000000000000 0
1.0000000000000000 1.0000000000000000 1.0000000000000000 1.0000000000000000 0
1.0000000000000000 1.0000000000000000 1.0000000000000000 1.0000000000000000 0
1.0000000000000000 1.0000000000000000 1.0000000000000000 1.0000000000000000 0
1.0000000000000000 1.0000000000000000 1.0000000000000000 1.0000000000000000 0
0.0000000000000000 0.0000000000000000 0.0000000000000000 0.0000000000000000 0.0000000000000000 0.0000000000000000
0.0000000000000000 0.0000000000000000 0.0000000000000000 0.0000000000000000 0.0000000000000000 0.0000000000000000
0.0000000000000000 0.0000000000000000 0.0000000000000000 0.0000000000000000 0.0000000000000000 0.0000000000000000
0.0000000000000000 0.0000000000000000 0.0000000000000000 0.0000000000000000 0.0000000000000000 0.0000000000000000
0.0000000000000000 0.0000000000000000 0.0000000000000000 0.0000000000000000 0.0000000000000000 0.0000000000000000
0.0000000000000000 0.0000000000000000 0.0000000000000000 0.0000000000000000 0.0000000000000000 0.0000000000000000
0.0000000000000000 0.0000000000000000 0.0000000000000000 0.0000000000000000 0.0000000000000000 0.0000000000000000
0.0000000000000000 0.0000000000000000 0.0000000000000000 0.0000000000000000 0.0000000000000000 0.0000000000000000
0.0000000000000000 0.0000000000000000 0.0000000000000000 0.0000000000000000 0.0000000000000000 0.0000000000000000
0.0000000000000000 0.0000000000000000 0.0000000000000000 0.0000000000000000 0.0000000000000000 0.0000000000000000
0.0000000000000000 0.0000000000000000 0.0000000000000000 0.0000000000000000 0.0000000000000000 0.0000000000000000
0.0000000000000000 0.0000000000000000 0.0000000000000000 0.0000000000000000 0.0000000000000000 0.0000000000000000
0.0000000000000000 0.0000000000000000 0.0000000000000000 0.0000000000000000 0.0000000000000000 0.0000000000000000
0.0000000000000000 0.0000000000000000 0.0000000000000000 0.0000000000000000 0.0000000000000000 0.0000000000000000
0.0000000000000000 0.0000000000000000 0.0000000000000000 0.0000000000000000 0.0000000000000000 0.0000000000000000
0.0000000000000000 0.0000000000000000 0.0000000000000000 0.0000000000000000 0.0000000000000000 0.0000000000000000
0.0000000000000000 0.0000000000000000 0.0000000000000000 0.0000000000000000 0.0000000000000000 0.0000000000000000
0.0000000000000000 0.0000000000000000 0.0000000000000000 0.0000000000000000 0.0000000000000000 0.0000000000000000
0.0000000000000000 0.0000000000000000 0.0000000000000000 0.0000000000000000 0.0000000000000000 0.0000000000000000
0.0000000000000000 0.0000000000000000 0.0000000000000000 0.0000000000000000 0.0000000000000000 0.0000000000000000
0.0000000000000000 0.0000000000000000 0.0000000000000000 0.0000000000000000 0.0000000000000000 0.0000000000000000
0.0000000000000000 0.0000000000000000 0.0000000000000000 0.0000000000000000 0.0000000000000000 0.0000000000000000
0.0000000000000000 0.0000000000000000 0.0000000000000000 0.0000000000000000 0.0000000000000000 0.0000000000000000
0.0000000000000000 0.0000000000000000 0.0000000000000000 0.0000000000000000 0.0000000000000000 0.0000000000000000
0.0000000000000000 0.0000000000000000 0.0000000000000000 0.0000000000000000 0.0000000000000000 0.0000000000000000
0.0000000000000000 0.0000000000000000 0.0000000000000000 0.0000000000000000 0.0000000000000000 0.0000000000000000
0.0000000000000000 0.0000000000000000 0.0000000000000000 0.0000000000000000 0.0000000000000000 0.0000000000000000
0.0000000000000000 0.0000000000000000 0.0000000000000000 0.0000000000000000 0.0000000000000000 0.0000000000000000
0.0000000000000000 0.0000000000000000 0.0000000000000000 0.0000000000000000 0.0000000000000000 0.0000000000000000
0.0000000000000000 0.0000000000000000 0.0000000000000000 0.0000000000000000 0.0000000000000000 0.0000000000000000
0.0000000000000000 0.0000000000000000 0.0000000000000000 0.0000000000000000 0.0000000000000000 0.0000000000000000
0.0000000000000000 0.0000000000000000 0.0000000000000000 0.0000000000000000 0.0000000000000000 0.0000000000000000
0.0000000000000000 0.0000000000000000 0.0000000000000000 0.0000000000000000 0.0000000000000000 0.0000000000000000
0.0000000000000000 0.0000000000000000 0.0000000000000000 0.0000000000000000 0.0000000000000000 0.0000000000000000
0.0000000000000000 0.0000000000000000 0.0000000000000000 0.0000000000000000 0.0000000000000000 0.0000000000000000
0.0000000000000000 0.0000000000000000 0.0000000000000000 0.0000000000000000 0.0000000000000000 0.0000000000000000
0.0000000000000000 0.0000000000000000 0.0000000000000000 0.0000000000000000 0.0000000000000000 0.0000000000000000
0.0000000000000000 0.0000000000000000 0.0000000000000000 0.0000000000000000 0.0000000000000000 0.0000000000000000
0.0000000000000000 0.0000000000000000 0.0000000000000000 0.0000000000000000 0.0000000000000000 0.0000000000000000
0.0000000000000000 0.0000000000000000 0.0000000000000000 0.0000000000000000 0.0000000000000000 0.0000000000000000
0.0000000000000000 0.0000000000000000 0.0000000000000000 0.0000000000000000 0.0000000000000000 0.0000000000000000
0.0000000000000000 0.0000000000000000 0.0000000000000000 0.0000000000000000 0.0000000000000000 0.0000000000000000
0.0000000000000000 0.0000000000000000 0.0000000000000000 0.0000000000000000 0.0000000000000000 0.0000000000000000
0.0000000000000000 0.0000000000000000 0.0000000000000000 0.0000000000000000 0.0000000000000000 0.0000000000000000
0.0000000000000000 0.0000000000000000 0.0000000000000000 0.0000000000000000 0.0000000000000000 0.0000000000000000
0.0000000000000000 0.0000000000000000 0.0000000000000000 0.0000000000000000 0.0000000000000000 0.0000000000000000
0.0000000000000000 0.0000000000000000 0.0000000000000000 0.0000000000000000 0.0000000000000000 0.0000000000000000
0.0000000000000000 0.0000000000000000 0.0000000000000000 0.0000000000000000 0.0000000000000000 0.0000000000000000
0.0000000000000000 0.0000000000000000 0.0000000000000000 0.0000000000000000 0.0000000000000000 0.0000000000000000
0.0000000000000000 0.0000000000000000 0.0000000000000000 0.0000000000000000 0.0000000000000000 0.0000000000000000
0.0000000000000000 0.0000000000000000 0.0000000000000000 0.0000000000000000 0.0000000000000000 0.0000000000000000
0.0000000000000000 0.0000000000000000 0.0000000000000000 0.0000000000000000 0.0000000000000000 0.0000000000000000
0.0000000000000000 0.0000000000000000 0.0000000000000000 0.0000000000000000 0.0000000000000000 0.0000000000000000
0.0000000000000000 0.0000000000000000 0.0000000000000000 0.0000000000000000 0.0000000000000000 0.0000000000000000
0.0000000000000000 0.0000000000000000 0.0000000000000000 0.0000000000000000 0.0000000000000000 0.0000000000000000
0.0000000000000000 0.0000000000000000 0.0000000000000000 0.0000000000000000 0.0000000000000000 0.0000000000000000
0.0000000000000000 0.0000000000000000 0.0000000000000000 0.0000000000000000 0.0000000000000000 0.0000000000000000
0.0000000000000000 0.0000000000000000 0.0000000000000000 0.0000000000000000 0.0000000000000000 0.0000000000000000
0.0000000000000000 0.0000000000000000 0.0000000000000000 0.0000000000000000 0.0000000000000000 0.0000000000000000
0.0000000000000000 0.0000000000000000 0.0000000000000000 0.0000000000000000 0.0000000000000000 0.0000000000000000
0.0000000000000000 0.0000000000000000 0.0000000000000000 0.0000000000000000 0.0000000000000000 0.0000000000000000
0.0000000000000000 0.0000000000000000 0.0000000000000000 0.0000000000000000 0.0000000000000000 0.0000000000000000
0.0000000000000000 0.0000000000000000 0.0000000000000000 0.0000000000000000 0.0000000000000000 0.0000000000000000
0.0000000000000000 0.0000000000000000 0.0000000000000000 0.0000000000000000 0.0000000000000000 0.0000000000000000
0.0000000000000000 0.0000000000000000 0.0000000000000000 0.0000000000000000 0.0000000000000000 0.0000000000000000
0.0000000000000000 0.0000000000000000 0.0000000000000000 0.0000000000000000 0.0000000000000000 0.0000000000000000
0.0000000000000000 0.0000000000000000 0.0000000000000000 0.0000000000000000 0.0000000000000000 0.0000000000000000
0.0000000000000000 0.0000000000000000 0.0000000000000000 0.0000000000000000 0.0000000000000000 0.0000000000000000
0.0000000000000000 0.0000000000000000 0.0000000000000000 0.0000000000000000 0.0000000000000000 0.0000000000000000
0.0000000000000000 0.0000000000000000 0.0000000000000000 0.0000000000000000 0.0000000000000000 0.0000000000000000
0.0000000000000000 0.0000000000000000 0.0000000000000000 0.0000000000000000 0.0000000000000000 0.0000000000000000
0.0000000000000000 0.0000000000000000 0.0000000000000000 0.0000000000000000 0.0000000000000000 0.0000000000000000
0.0000000000000000 0.0000000000000000 0.0000000000000000 0.0000000000000000 0.0000000000000000 0.0000000000000000
0.0000000000000000 0.0000000000000000 0.0000000000000000 0.0000000000000000 0.0000000000000000 0.0000000000000000
0.0000000000000000 0.0000000000000000 0.0000000000000000 0.0000000000000000 0.0000000000000000 0.0000000000000000
0.0000000000000000 0.0000000000000000 0.0000000000000000 0.0000000000000000 0.0000000000000000 0.0000000000000000
0.0000000000000000 0.0000000000000000 0.0000000000000000 0.0000000000000000 0.0000000000000000 0.0000000000000000
0.0000000000000000 0.0000000000000000 0.0000000000000000 0.0000000000000000 0.0000000000000000 0.0000000000000000
0.0000000000000000 0.0000000000000000 0.0000000000000000 0.0000000000000000 0.0000000000000000 0.0000000000000000
0.0000000000000000 0.0000000000000000 0.0000000000000000 0.0000000000000000 0.0000000000000000 0.0000000000000000
0.0000000000000000 0.0000000000000000 0.0000000000000000 0.0000000000000000 0.0000000000000000 0.0000000000000000
0.0000000000000000 0.0000000000000000 0.0000000000000000 0.0000000000000000 0.0000000000000000 0.0000000000000000
0.0000000000000000 0.0000000000000000 0.0000000000000000 0.0000000000000000 0.0000000000000000 0.0000000000000000
0.0000000000000000 0.0000000000000000 0.0000000000000000 0.0000000000000000 0.0000000000000000 0.0000000000000000
0.0000000000000000 0.0000000000000000 0.0000000000000000 0.0000000000000000 0.0000000000000000 0.0000000000000000
0.0000000000000000 0.0000000000000000 0.0000000000000000 0.0000000000000000 0.0000000000000000 0.0000000000000000
0.0000000000000000 0.0000000000000000 0.0000000000000000 0.0000000000000000 0.0000000000000000 0.0000000000000000
0.0000000000000000 0.0000000000000000 0.0000000000000000 0.0000000000000000 0.0000000000000000 0.0000000000000000
0.0000000000000000 0.0000000000000000 0.0000000000000000 0.0000000000000000 0.0000000000000000 0.0000000000000000
0.0000000000000000 0.0000000000000000 0.0000000000000000 0.0000000000000000 0.0000000000000000 0.0000000000000000
0.0000000000000000 0.0000000000000000 0.0000000000000000 0.0000000000000000 0.0000000000000000 0.0000000000000000
0.0000000000000000 0.0000000000000000 0.0000000000000000 0.0000000000000000 0.0000000000000000 0.0000000000000000
0.0000000000000000 0.0000000000000000 0.0000000000000000 0.0000000000000000 0.0000000000000000 0.0000000000000000
0.0000000000000000 0.0000000000000000 0.0000000000000000 0.0000000000000000 0.0000000000000000 0.0000000000000000
0.0000000000000000 0.0000000000000000 0.0000000000000000 0.0000000000000000 0.0000000000000000 0.0000000000000000
0.0000000000000000 0.0000000000000000 0.0000000000000000 0.0000000000000000 0.0000000000000000 0.0000000000000000
0.0000000000000000 0.0000000000000000 0.0000000000000000 0.0000000000000000 0.0000000000000000 0.0000000000000000
0.0000000000000000 0.0000000000000000 0.0000000000000000 0.0000000000000000 0.0000000000000000 0.0000000000000000
0.0000000000000000 0.0000000000000000 0.0000000000000000 0.0000000000000000 0.0000000000000000 0.0000000000000000
0.0000000000000000 0.0000000000000000 0.0000000000000000 0.0000000000000000 0.0000000000000000 0.0000000000000000
0.0000000000000000 0.0000000000000000 0.0000000000000000 0.0000000000000000 0.0000000000000000 0.0000000000000000
0.0000000000000000 0.0000000000000000 0.0000000000000000 0.0000000000000000 0.0000000000000000 0.0000000000000000
0.0000000000000000 0.0000000000000000 0.0000000000000000 0.0000000000000000 0.0000000000000000 0.0000000000000000
0.0000000000000000 0.0000000000000000 0.0000000000000000 0.0000000000000000 0.0000000000000000 0.0000000000000000
0.0000000000000000 0.0000000000000000 0.0000000000000000 0.0000000000000000 0.0000000000000000 0.0000000000000000
0.0000000000000000 0.0000000000000000 0.0000000000000000 0.0000000000000000 0.0000000000000000 0.0000000000000000
0.0000000000000000 0.0000000000000000 0.0000000000000000 0.0000000000000000 0.0000000000000000 0.0000000000000000
0.0000000000000000 0.0000000000000000 0.0000000000000000 0.0000000000000000 0.0000000000000000 0.0000000000000000
0.0000000000000000 0.0000000000000000 0.0000000000000000 0.0000000000000000 0.0000000000000000 0.0000000000000000
0.0000000000000000 0.0000000000000000 0.0000000000000000 0.0000000000000000 0.0000000000000000 0.0000000000000000
0.0000000000000000 0.0000000000000000 0.0000000000000000 0.0000000000000000 0.0000000000000000 0.0000000000000000
0.0000000000000000 0.0000000000000000 0.0000000000000000 0.0000000000000000 0.0000000000000000 0.0000000000000000
0.0000000000000000 0.0000000000000000 0.0000000000000000 0.0000000000000000 0.0000000000000000 0.0000000000000000
0.0000000000000000 0.0000000000000000 0.0000000000000000 0.0000000000000000 0.0000000000000000 0.0000000000000000
0.0000000000000000 0.0000000000000000 0.0000000000000000 0.0000000000000000 0.0000000000000000 0.0000000000000000
0.0000000000000000 0.0000000000000000 0.0000000000000000 0.0000000000000000 0.0000000000000000 0.0000000000000000
0.0000000000000000 0.0000000000000000 0.0000000000000000 0.0000000000000000 0.0000000000000000 0.0000000000000000
0.0000000000000000 0.0000000000000000 0.0000000000000000 0.0000000000000000 0.0000000000000000 0.0000000000000000
0.0000000000000000 0.0000000000000000 0.0000000000000000 0.0000000000000000 0.0000000000000000 0.0000000000000000
0.0000000000000000 0.0000000000000000 0.0000000000000000 0.0000000000000000 0.0000000000000000 0.0000000000000000
0.0000000000000000 0.0000000000000000 0.0000000000000000 0.0000000000000000 0.0000000000000000 0.0000000000000000
0.0000000000000000 0.0000000000000000 0.0000000000000000 0.0000000000000000 0.0000000000000000 0.0000000000000000
0.0000000000000000 0.0000000000000000 0.0000000000000000 0.0000000000000000 0.0000000000000000 0.0000000000000000
0.0000000000000000 0.0000000000000000 0.0000000000000000 0.0000000000000000 0.0000000000000000 0.0000000000000000
0.0000000000000000 0.0000000000000000 0.0000000000000000 0.0000000000000000 0.0000000000000000 0.0000000000000000
0.0000000000000000 0.0000000000000000 0.0000000000000000 0.0000000000000000 0.0000000000000000 0.0000000000000000
0.0000000000000000 0.0000000000000000 0.0000000000000000 0.0000000000000000 0.0000000000000000 0.0000000000000000
0.0000000000000000 0.0000000000000000 0.0000000000000000 0.0000000000000000 0.0000000000000000 0.0000000000000000
1.0000000000000000 1.0000000000000000 1.0000000000000000 1.0000000000000000 0
1.0000000000000000 1.0000000000000000 1.0000000000000000 1.0000000000000000 0
1.0000000000000000 1.0000000000000000 1.0000000000000000 1.0000000000000000 0
1.0000000000000000 1.0000000000000000 1.0000000000000000 1.0000000000000000 0
1.0000000000000000 1.0000000000000000 1.0000000000000000 1.0000000000000000 0
1.0000000000000000 1.0000000000000000 1.0000000000000000 1.0000000000000000 0
1.0000000000000000 1.0000000000000000 1.0000000000000000 1.0000000000000000 0
1.0000000000000000 1.0000000000000000 1.0000000000000000 1.0000000000000000 0
1.0000000000000000 1.0000000000000000 1.0000000000000000 1.0000000000000000 0
1.0000000000000000 1.0000000000000000 1.0000000000000000 1.0000000000000000 0
1.0000000000000000 1.0000000000000000 1.0000000000000000 1.0000000000000000 0
1.0000000000000000 1.0000000000000000 1.0000000000000000 1.0000000000000000 0
1.0000000000000000 1.0000000000000000 1.0000000000000000 1.0000000000000000 0
1.0000000000000000 1.0000000000000000 1.0000000000000000 1.0000000000000000 0
1.0000000000000000 1.0000000000000000 1.0000000000000000 1.0000000000000000 0
1.0000000000000000 1.0000000000000000 1.0000000000000000 1.0000000000000000 0
1.0000000000000000 1.0000000000000000 1.0000000000000000 1.0000000000000000 0
1.0000000000000000 1.0000000000000000 1.0000000000000000 1.0000000000000000 0
1.0000000000000000 1.0000000000000000 1.0000000000000000 1.0000000000000000 0
1.0000000000000000 1.0000000000000000 1.0000000000000000 1.0000000000000000 0
1.0000000000000000 1.0000000000000000 1.0000000000000000 1.0000000000000000 0
1.0000000000000000 1.0000000000000000 1.0000000000000000 1.0000000000000000 0
1.0000000000000000 1.0000000000000000 1.0000000000000000 1.0000000000000000 0
1.0000000000000000 1.0000000000000000 1.0000000000000000 1.0000000000000000 0
1.0000000000000000 1.0000000000000000 1.0000000000000000 1.0000000000000000 0
1.0000000000000000 1.0000000000000000 1.0000000000000000 1.0000000000000000 0
1.0000000000000000 1.0000000000000000 1.0000000000000000 1.0000000000000000 0
1.0000000000000000 1.0000000000000000 1.0000000000000000 1.0000000000000000 0
1.0000000000000000 1.0000000000000000 1.0000000000000000 1.0000000000000000 0
1.0000000000000000 1.0000000000000000 1.0000000000000000 1.0000000000000000 0
1.0000000000000000 1.0000000000000000 1.0000000000000000 1.0000000000000000 0
1.0000000000000000 1.0000000000000000 1.0000000000000000 1.0000000000000000 0
1.0000000000000000 1.0000000000000000 1.0000000000000000 1.0000000000000000 0
1.0000000000000000 1.0000000000000000 1.0000000000000000 1.0000000000000000 0
1.0000000000000000 1.0000000000000000 1.0000000000000000 1.0000000000000000 0
1.0000000000000000 1.0000000000000000 1.0000000000000000 1.0000000000000000 0
1.0000000000000000 1.0000000000000000 1.0000000000000000 1.0000000000000000 0
1.0000000000000000 1.0000000000000000 1.0000000000000000 1.0000000000000000 0
1.0000000000000000 1.0000000000000000 1.0000000000000000 1.0000000000000000 0
1.0000000000000000 1.0000000000000000 1.0000000000000000 1.0000000000000000 0
1.0000000000000000 1.0000000000000000 1.0000000000000000 1.0000000000000000 0
1.0000000000000000 1.0000000000000000 1.0000000000000000 1.0000000000000000 0
1.0000000000000000 1.0000000000000000 1.0000000000000000 1.0000000000000000 0
1.0000000000000000 1.0000000000000000 1.0000000000000000 1.0000000000000000 0
1.0000000000000000 1.0000000000000000 1.0000000000000000 1.0000000000000000 0
1.0000000000000000 1.0000000000000000 1.0000000000000000 1.0000000000000000 0
1.0000000000000000 1.0000000000000000 1.0000000000000000 1.0000000000000000 0
1.0000000000000000 1.0000000000000000 1.0000000000000000 1.0000000000000000 0
1.0000000000000000 1.0000000000000000 1.0000000000000000 1.0000000000000000 0
1.0000000000000000 1.0000000000000000 1.0000000000000000 1.0000000000000000 0
1.0000000000000000 1.0000000000000000 1.0000000000000000 1.0000000000000000 0
1.0000000000000000 1.0000000000000000 1.0000000000000000 1.0000000000000000 0
1.0000000000000000 1.0000000000000000 1.0000000000000000 1.0000000000000000 0
1.0000000000000000 1.0000000000000000 1.0000000000000000 1.0000000000000000 0
1.0000000000000000 1.0000000000000000 1.0000000000000000 1.0000000000000000 0
1.0000000000000000 1.0000000000000000 1.0000000000000000 1.0000000000000000 0
1.0000000000000000 1.0000000000000000 1.0000000000000000 1.0000000000000000 0
1.0000000000000000 1.0000000000000000 1.0000000000000000 1.0000000000000000 0
1.0000000000000000 1.0000000000000000 1.0000000000000000 1.0000000000000000 0
1.0000000000000000 1.0000000000000000 1.0000000000000000 1.0000000000000000 0
1.0000000000000000 1.0000000000000000 1.0000000000000000 1.0000000000000000 0
1.0000000000000000 1.0000000000000000 1.0000000000000000 1.0000000000000000 0
1.0000000000000000 1.0000000000000000 1.0000000000000000 1.0000000000000000 0
1.0000000000000000 1.0000000000000000 1.0000000000000000 1.0000000000000000 0
0.0000000000000000 0.0000000000000000 0.0000000000000000 0.0000000000000000 0.0000000000000000 0.0000000000000000
0.0000000000000000 0.0000000000000000 0.0000000000000000 0.0000000000000000 0.0000000000000000 0.0000000000000000
0.0000000000000000 0.0000000000000000 0.0000000000000000 0.0000000000000000 0.0000000000000000 0.0000000000000000
0.0000000000000000 0.0000000000000000 0.0000000000000000 0.0000000000000000 0.0000000000000000 0.0000000000000000
0.0000000000000000 0.0000000000000000 0.0000000000000000 0.0000000000000000 0.0000000000000000 0.0000000000000000
0.0000000000000000 0.0000000000000000 0.0000000000000000 0.0000000000000000 0.0000000000000000 0.0000000000000000
0.0000000000000000 0.0000000000000000 0.0000000000000000 0.0000000000000000 0.0000000000000000 0.0000000000000000
0.0000000000000000 0.0000000000000000 0.0000000000000000 0.0000000000000000 0.0000000000000000 0.0000000000000000
0.0000000000000000 0.0000000000000000 0.0000000000000000 0.0000000000000000 0.0000000000000000 0.0000000000000000
0.0000000000000000 0.0000000000000000 0.0000000000000000 0.0000000000000000 0.0000000000000000 0.0000000000000000
0.0000000000000000 0.0000000000000000 0.0000000000000000 0.0000000000000000 0.0000000000000000 0.0000000000000000
0.0000000000000000 0.0000000000000000 0.0000000000000000 0.0000000000000000 0.0000000000000000 0.0000000000000000
0.0000000000000000 0.0000000000000000 0.0000000000000000 0.0000000000000000 0.0000000000000000 0.0000000000000000
0.0000000000000000 0.0000000000000000 0.0000000000000000 0.0000000000000000 0.0000000000000000 0.0000000000000000
0.0000000000000000 0.0000000000000000 0.0000000000000000 0.0000000000000000 0.0000000000000000 0.0000000000000000
0.0000000000000000 0.0000000000000000 0.0000000000000000 0.0000000000000000 0.0000000000000000 0.0000000000000000
0.0000000000000000 0.0000000000000000 0.0000000000000000 0.0000000000000000 0.0000000000000000 0.0000000000000000
0.0000000000000000 0.0000000000000000 0.0000000000000000 0.0000000000000000 0.0000000000000000 0.0000000000000000
0.0000000000000000 0.0000000000000000 0.0000000000000000 0.0000000000000000 0.0000000000000000 0.0000000000000000
0.0000000000000000 0.0000000000000000 0.0000000000000000 0.0000000000000000 0.0000000000000000 0.0000000000000000
0.0000000000000000 0.0000000000000000 0.0000000000000000 0.0000000000000000 0.0000000000000000 0.0000000000000000
0.0000000000000000 0.0000000000000000 0.0000000000000000 0.0000000000000000 0.0000000000000000 0.0000000000000000
0.0000000000000000 0.0000000000000000 0.0000000000000000 0.0000000000000000 0.0000000000000000 0.0000000000000000
0.0000000000000000 0.0000000000000000 0.0000000000000000 0.0000000000000000 0.0000000000000000 0.0000000000000000
0.0000000000000000 0.0000000000000000 0.0000000000000000 0.0000000000000000 0.0000000000000000 0.0000000000000000
0.0000000000000000 0.0000000000000000 0.0000000000000000 0.0000000000000000 0.0000000000000000 0.0000000000000000
0.0000000000000000 0.0000000000000000 0.0000000000000000 0.0000000000000000 0.0000000000000000 0.0000000000000000
0.0000000000000000 0.0000000000000000 0.0000000000000000 0.0000000000000000 0.0000000000000000 0.0000000000000000
0.0000000000000000 0.0000000000000000 0.0000000000000000 0.0000000000000000 0.0000000000000000 0.0000000000000000
0.0000000000000000 0.0000000000000000 0.0000000000000000 0.0000000000000000 0.0000000000000000 0.0000000000000000
0.0000000000000000 0.0000000000000000 0.0000000000000000 0.0000000000000000 0.0000000000000000 0.0000000000000000
0.0000000000000000 0.0000000000000000 0.0000000000000000 0.0000000000000000 0.0000000000000000 0.0000000000000000
0.0000000000000000 0.0000000000000000 0.0000000000000000 0.0000000000000000 0.0000000000000000 0.0000000000000000
0.0000000000000000 0.0000000000000000 0.0000000000000000 0.0000000000000000 0.0000000000000000 0.0000000000000000
0.0000000000000000 0.0000000000000000 0.0000000000000000 0.0000000000000000 0.0000000000000000 0.0000000000000000
0.0000000000000000 0.0000000000000000 0.0000000000000000 0.0000000000000000 0.0000000000000000 0.0000000000000000
0.0000000000000000 0.0000000000000000 0.0000000000000000 0.0000000000000000 0.0000000000000000 0.0000000000000000
0.0000000000000000 0.0000000000000000 0.0000000000000000 0.0000000000000000 0.0000000000000000 0.0000000000000000
0.0000000000000000 0.0000000000000000 0.0000000000000000 0.0000000000000000 0.0000000000000000 0.0000000000000000
0.0000000000000000 0.0000000000000000 0.0000000000000000 0.0000000000000000 0.0000000000000000 0.0000000000000000
0.0000000000000000 0.0000000000000000 0.0000000000000000 0.0000000000000000 0.0000000000000000 0.0000000000000000
0.0000000000000000 0.0000000000000000 0.0000000000000000 0.0000000000000000 0.0000000000000000 0.0000000000000000
0.0000000000000000 0.0000000000000000 0.0000000000000000 0.0000000000000000 0.0000000000000000 0.0000000000000000
0.0000000000000000 0.0000000000000000 0.0000000000000000 0.0000000000000000 0.0000000000000000 0.0000000000000000
0.0000000000000000 0.0000000000000000 0.0000000000000000 0.0000000000000000 0.0000000000000000 0.0000000000000000
0.0000000000000000 0.0000000000000000 0.0000000000000000 0.0000000000000000 0.0000000000000000 0.0000000000000000
0.0000000000000000 0.0000000000000000 0.0000000000000000 0.0000000000000000 0.0000000000000000 0.0000000000000000
0.0000000000000000 0.0000000000000000 0.0000000000000000 0.0000000000000000 0.0000000000000000 0.0000000000000000
0.0000000000000000 0.0000000000000000 0.0000000000000000 0.0000000000000000 0.0000000000000000 0.0000000000000000
0.0000000000000000 0.0000000000000000 0.0000000000000000 0.0000000000000000 0.0000000000000000 0.0000000000000000
0.0000000000000000 0.0000000000000000 0.0000000000000000 0.0000000000000000 0.0000000000000000 0.0000000000000000
0.0000000000000000 0.0000000000000000 0.0000000000000000 0.0000000000000000 0.0000000000000000 0.0000000000000000
0.0000000000000000 0.0000000000000000 0.0000000000000000 0.0000000000000000 0.0000000000000000 0.0000000000000000
0.0000000000000000 0.0000000000000000 0.0000000000000000 0.0000000000000000 0.0000000000000000 0.0000000000000000
0.0000000000000000 0.0000000000000000 0.0000000000000000 0.0000000000000000 0.0000000000000000 0.0000000000000000
0.0000000000000000 0.0000000000000000 0.0000000000000000 0.0000000000000000 0.0000000000000000 0.0000000000000000
0.0000000000000000 0.0000000000000000 0.0000000000000000 0.0000000000000000 0.0000000000000000 0.0000000000000000
0.0000000000000000 0.0000000000000000 0.0000000000000000 0.0000000000000000 0.0000000000000000 0.0000000000000000
0.0000000000000000 0.0000000000000000 0.0000000000000000 0.0000000000000000 0.0000000000000000 0.0000000000000000
0.0000000000000000 0.0000000000000000 0.0000000000000000 0.0000000000000000 0.0000000000000000 0.0000000000000000
0.0000000000000000 0.0000000000000000 0.0000000000000000 0.0000000000000000 0.0000000000000000 0.0000000000000000
0.0000000000000000 0.0000000000000000 0.0000000000000000 0.0000000000000000 0.0000000000000000 0.0000000000000000
0.0000000000000000 0.0000000000000000 0.0000000000000000 0.0000000000000000 0.0000000000000000 0.0000000000000000
0.0000000000000000 0.0000000000000000 0.0000000000000000 0.0000000000000000 0.0000000000000000 0.0000000000000000
0.0000000000000000 0.0000000000000000 0.0000000000000000 0.0000000000000000 0.0000000000000000 0.0000000000000000
0.0000000000000000 0.0000000000000000 0.0000000000000000 0.0000000000000000 0.0000000000000000 0.0000000000000000
0.0000000000000000 0.0000000000000000 0.0000000000000000 0.0000000000000000 0.0000000000000000 0.0000000000000000
0.0000000000000000 0.0000000000000000 0.0000000000000000 0.0000000000000000 0.0000000000000000 0.0000000000000000
0.0000000000000000 0.0000000000000000 0.0000000000000000 0.0000000000000000 0.0000000000000000 0.0000000000000000
0.0000000000000000 0.0000000000000000 0.0000000000000000 0.0000000000000000 0.0000000000000000 0.0000000000000000
0.0000000000000000 0.0000000000000000 0.0000000000000000 0.0000000000000000 0.0000000000000000 0.0000000000000000
0.0000000000000000 0.0000000000000000 0.0000000000000000 0.0000000000000000 0.0000000000000000 0.0000000000000000
0.0000000000000000 0.0000000000000000 0.0000000000000000 0.0000000000000000 0.0000000000000000 0.0000000000000000
0.0000000000000000 0.0000000000000000 0.0000000000000000 0.0000000000000000 0.0000000000000000 0.0000000000000000
0.0000000000000000 0.0000000000000000 0.0000000000000000 0.0000000000000000 0.0000000000000000 0.0000000000000000
0.0000000000000000 0.0000000000000000 0.0000000000000000 0.0000000000000000 0.0000000000000000 0.0000000000000000
0.0000000000000000 0.0000000000000000 0.0000000000000000 0.0000000000000000 0.0000000000000000 0.0000000000000000
0.0000000000000000 0.0000000000000000 0.0000000000000000 0.0000000000000000 0.0000000000000000 0.0000000000000000
0.0000000000000000 0.0000000000000000 0.0000000000000000 0.0000000000000000 0.0000000000000000 0.0000000000000000
0.0000000000000000 0.0000000000000000 0.0000000000000000 0.0000000000000000 0.0000000000000000 0.0000000000000000
0.0000000000000000 0.0000000000000000 0.0000000000000000 0.0000000000000000 0.0000000000000000 0.0000000000000000
0.0000000000000000 0.0000000000000000 0.0000000000000000 0.0000000000000000 0.0000000000000000 0.0000000000000000
0.0000000000000000 0.0000000000000000 0.0000000000000000 0.0000000000000000 0.0000000000000000 0.0000000000000000
0.0000000000000000 0.0000000000000000 0.0000000000000000 0.0000000000000000 0.0000000000000000 0.0000000000000000
0.0000000000000000 0.0000000000000000 0.0000000000000000 0.0000000000000000 0.0000000000000000 0.0000000000000000
0.0000000000000000 0.0000000000000000 0.0000000000000000 0.0000000000000000 0.0000000000000000 0.0000000000000000
0.0000000000000000 0.0000000000000000 0.0000000000000000 0.0000000000000000 0.0000000000000000 0.0000000000000000
0.0000000000000000 0.0000000000000000 0.0000000000000000 0.0000000000000000 0.0000000000000000 0.0000000000000000
0.0000000000000000 0.0000000000000000 0.0000000000000000 0.0000000000000000 0.0000000000000000 0.0000000000000000
0.0000000000000000 0.0000000000000000 0.0000000000000000 0.0000000000000000 0.0000000000000000 0.0000000000000000
0.0000000000000000 0.0000000000000000 0.0000000000000000 0.0000000000000000 0.0000000000000000 0.0000000000000000
0.0000000000000000 0.0000000000000000 0.0000000000000000 0.0000000000000000 0.0000000000000000 0.0000000000000000
0.0000000000000000 0.0000000000000000 0.0000000000000000 0.0000000000000000 0.0000000000000000 0.0000000000000000
0.0000000000000000 0.0000000000000000 0.0000000000000000 0.0000000000000000 0.0000000000000000 0.0000000000000000
0.0000000000000000 0.0000000000000000 0.0000000000000000 0.0000000000000000 0.0000000000000000 0.0000000000000000
0.0000000000000000 0.0000000000000000 0.0000000000000000 0.0000000000000000 0.0000000000000000 0.0000000000000000
0.0000000000000000 0.0000000000000000 0.0000000000000000 0.0000000000000000 0.0000000000000000 0.0000000000000000
0.0000000000000000 0.0000000000000000 0.0000000000000000 0.0000000000000000 0.0000000000000000 0.0000000000000000
0.0000000000000000 0.0000000000000000 0.0000000000000000 0.0000000000000000 0.0000000000000000 0.0000000000000000
0.0000000000000000 0.0000000000000000 0.0000000000000000 0.0000000000000000 0.0000000000000000 0.0000000000000000
0.0000000000000000 0.0000000000000000 0.0000000000000000 0.0000000000000000 0.0000000000000000 0.0000000000000000
0.0000000000000000 0.0000000000000000 0.0000000000000000 0.0000000000000000 0.0000000000000000 0.0000000000000000
0.0000000000000000 0.0000000000000000 0.0000000000000000 0.0000000000000000 0.0000000000000000 0.0000000000000000
0.0000000000000000 0.0000000000000000 0.0000000000000000 0.0000000000000000 0.0000000000000000 0.0000000000000000
0.0000000000000000 0.0000000000000000 0.0000000000000000 0.0000000000000000 0.0000000000000000 0.0000000000000000
0.0000000000000000 0.0000000000000000 0.0000000000000000 0.0000000000000000 0.0000000000000000 0.0000000000000000
0.0000000000000000 0.0000000000000000 0.0000000000000000 0.0000000000000000 0.0000000000000000 0.0000000000000000
0.0000000000000000 0.0000000000000000 0.0000000000000000 0.0000000000000000 0.0000000000000000 0.0000000000000000
0.0000000000000000 0.0000000000000000 0.0000000000000000 0.0000000000000000 0.0000000000000000 0.0000000000000000
0.0000000000000000 0.0000000000000000 0.0000000000000000 0.0000000000000000 0.0000000000000000 0.0000000000000000
0.0000000000000000 0.0000000000000000 0.0000000000000000 0.0000000000000000 0.0000000000000000 0.0000000000000000
0.0000000000000000 0.0000000000000000 0.0000000000000000 0.0000000000000000 0.0000000000000000 0.0000000000000000
0.0000000000000000 0.0000000000000000 0.0000000000000000 0.0000000000000000 0.0000000000000000 0.0000000000000000
0.0000000000000000 0.0000000000000000 0.0000000000000000 0.0000000000000000 0.0000000000000000 0.0000000000000000
0.0000000000000000 0.0000000000000000 0.0000000000000000 0.0000000000000000 0.0000000000000000 0.0000000000000000
0.0000000000000000 0.0000000000000000 0.0000000000000000 0.0000000000000000 0.0000000000000000 0.0000000000000000
0.0000000000000000 0.0000000000000000 0.0000000000000000 0.0000000000000000 0.0000000000000000 0.0000000000000000
0.0000000000000000 0.0000000000000000 0.0000000000000000 0.0000000000000000 0.0000000000000000 0.0000000000000000
0.0000000000000000 0.0000000000000000 0.0000000000000000 0.0000000000000000 0.0000000000000000 0.0000000000000000
0.0000000000000000 0.0000000000000000 0.0000000000000000 0.0000000000000000 0.0000000000000000 0.0000000000000000
0.0000000000000000 0.0000000000000000 0.0000000000000000 0.0000000000000000 0.0000000000000000 0.0000000000000000
0.0000000000000000 0.0000000000000000 0.0000000000000000 0.0000000000000000 0.0000000000000000 0.0000000000000000
0.0000000000000000 0.0000000000000000 0.0000000000000000 0.0000000000000000 0.0000000000000000 0.0000000000000000
0.0000000000000000 0.0000000000000000 0.0000000000000000 0.0000000000000000 0.0000000000000000 0.0000000000000000
0.0000000000000000 0.0000000000000000 0.0000000000000000 0.0000000000000000 0.0000000000000000 0.0000000000000000
0.0000000000000000 0.0000000000000000 0.0000000000000000 0.0000000000000000 0.0000000000000000 0.0000000000000000
0.0000000000000000 0.0000000000000000 0.0000000000000000 0.0000000000000000 0.0000000000000000 0.0000000000000000
0.0000000000000000 0.0000000000000000 0.0000000000000000 0.0000000000000000 0.0000000000000000 0.0000000000000000
1.0000000000000000 1.0000000000000000 1.0000000000000000 1.0000000000000000 0
1.0000000000000000 1.0000000000000000 1.0000000000000000 1.0000000000000000 0
1.0000000000000000 1.0000000000000000 1.0000000000000000 1.0000000000000000 0
1.0000000000000000 1.0000000000000000 1.0000000000000000 1.0000000000000000 0
1.0000000000000000 1.0000000000000000 1.0000000000000000 1.0000000000000000 0
1.0000000000000000 1.0000000000000000 1.0000000000000000 1.0000000000000000 0
1.0000000000000000 1.0000000000000000 1.0000000000000000 1.0000000000000000 0
1.0000000000000000 1.0000000000000000 1.0000000000000000 1.0000000000000000 0
1.0000000000000000 1.0000000000000000 1.0000000000000000 1.0000000000000000 0
1.0000000000000000 1.0000000000000000 1.0000000000000000 1.0000000000000000 0
1.0000000000000000 1.0000000000000000 1.0000000000000000 1.0000000000000000 0
1.0000000000000000 1.0000000000000000 1.0000000000000000 1.0000000000000000 0
1.0000000000000000 1.0000000000000000 1.0000000000000000 1.0000000000000000 0
1.0000000000000000 1.0000000000000000 1.0000000000000000 1.0000000000000000 0
1.0000000000000000 1.0000000000000000 1.0000000000000000 1.0000000000000000 0
1.0000000000000000 1.0000000000000000 1.0000000000000000 1.0000000000000000 0
1.0000000000000000 1.0000000000000000 1.0000000000000000 1.0000000000000000 0
1.0000000000000000 1.0000000000000000 1.0000000000000000 1.0000000000000000 0
1.0000000000000000 1.0000000000000000 1.0000000000000000 1.0000000000000000 0
1.0000000000000000 1.0000000000000000 1.0000000000000000 1.0000000000000000 0
1.0000000000000000 1.0000000000000000 1.0000000000000000 1.0000000000000000 0
1.0000000000000000 1.0000000000000000 1.0000000000000000 1.0000000000000000 0
1.0000000000000000 1.0000000000000000 1.0000000000000000 1.0000000000000000 0
1.0000000000000000 1.0000000000000000 1.0000000000000000 1.0000000000000000 0
1.0000000000000000 1.0000000000000000 1.0000000000000000 1.0000000000000000 0
1.0000000000000000 1.0000000000000000 1.0000000000000000 1.0000000000000000 0
1.0000000000000000 1.0000000000000000 1.0000000000000000 1.0000000000000000 0
1.0000000000000000 1.0000000000000000 1.0000000000000000 1.0000000000000000 0
1.0000000000000000 1.0000000000000000 1.0000000000000000 1.0000000000000000 0
1.0000000000000000 1.0000000000000000 1.0000000000000000 1.0000000000000000 0
1.0000000000000000 1.0000000000000000 1.0000000000000000 1.0000000000000000 0
1.0000000000000000 1.0000000000000000 1.0000000000000000 1.0000000000000000 0
1.0000000000000000 1.0000000000000000 1.0000000000000000 1.0000000000000000 0
1.0000000000000000 1.0000000000000000 1.0000000000000000 1.0000000000000000 0
1.0000000000000000 1.0000000000000000 1.0000000000000000 1.0000000000000000 0
1.0000000000000000 1.0000000000000000 1.0000000000000000 1.0000000000000000 0
1.0000000000000000 1.0000000000000000 1.0000000000000000 1.0000000000000000 0
1.0000000000000000 1.0000000000000000 1.0000000000000000 1.0000000000000000 0
1.0000000000000000 1.0000000000000000 1.0000000000000000 1.0000000000000000 0
1.0000000000000000 1.0000000000000000 1.0000000000000000 1.0000000000000000 0
1.0000000000000000 1.0000000000000000 1.0000000000000000 1.0000000000000000 0
1.0000000000000000 1.0000000000000000 1.0000000000000000 1.0000000000000000 0
1.0000000000000000 1.0000000000000000 1.0000000000000000 1.0000000000000000 0
1.0000000000000000 1.0000000000000000 1.0000000000000000 1.0000000000000000 0
1.0000000000000000 1.0000000000000000 1.0000000000000000 1.0000000000000000 0
1.0000000000000000 1.0000000000000000 1.0000000000000000 1.0000000000000000 0
1.0000000000000000 1.0000000000000000 1.0000000000000000 1.0000000000000000 0
1.0000000000000000 1.0000000000000000 1.0000000000000000 1.0000000000000000 0
1.0000000000000000 1.0000000000000000 1.0000000000000000 1.0000000000000000 0
1.0000000000000000 1.0000000000000000 1.0000000000000000 1.0000000000000000 0
1.0000000000000000 1.0000000000000000 1.0000000000000000 1.0000000000000000 0
1.0000000000000000 1.0000000000000000 1.0000000000000000 1.0000000000000000 0
1.0000000000000000 1.0000000000000000 1.0000000000000000 1.0000000000000000 0
1.0000000000000000 1.0000000000000000 1.0000000000000000 1.0000000000000000 0
1.0000000000000000 1.0000000000000000 1.0000000000000000 1.0000000000000000 0
1.0000000000000000 1.0000000000000000 1.0000000000000000 1.0000000000000000 0
1.0000000000000000 1.0000000000000000 1.0000000000000000 1.0000000000000000 0
1.0000000000000000 1.0000000000000000 1.0000000000000000 1.0000000000000000 0
1.0000000000000000 1.0000000000000000 1.0000000000000000 1.0000000000000000 0
1.0000000000000000 1.0000000000000000 1.0000000000000000 1.0000000000000000 0
1.0000000000000000 1.0000000000000000 1.0000000000000000 1.0000000000000000 0
1.0000000000000000 1.0000000000000000 1.0000000000000000 1.0000000000000000 0
1.0000000000000000 1.0000000000000000 1.0000000000000000 1.0000000000000000 0
1.0000000000000000 1.0000000000000000 1.0000000000000000 1.0000000000000000 0
0.0000000000000000 0.0000000000000000 0.0000000000000000 0.0000000000000000 0.0000000000000000 0.0000000000000000
0.0000000000000000 0.0000000000000000 0.0000000000000000 0.0000000000000000 0.0000000000000000 0.0000000000000000
0.0000000000000000 0.0000000000000000 0.0000000000000000 0.0000000000000000 0.0000000000000000 0.0000000000000000
0.0000000000000000 0.0000000000000000 0.0000000000000000 0.0000000000000000 0.0000000000000000 0.0000000000000000
0.0000000000000000 0.0000000000000000 0.0000000000000000 0.0000000000000000 0.0000000000000000 0.0000000000000000
0.0000000000000000 0.0000000000000000 0.0000000000000000 0.0000000000000000 0.0000000000000000 0.0000000000000000
0.0000000000000000 0.0000000000000000 0.0000000000000000 0.0000000000000000 0.0000000000000000 0.0000000000000000
0.0000000000000000 0.0000000000000000 0.0000000000000000 0.0000000000000000 0.0000000000000000 0.0000000000000000
0.0000000000000000 0.0000000000000000 0.0000000000000000 0.0000000000000000 0.0000000000000000 0.0000000000000000
0.0000000000000000 0.0000000000000000 0.0000000000000000 0.0000000000000000 0.0000000000000000 0.0000000000000000
0.0000000000000000 0.0000000000000000 0.0000000000000000 0.0000000000000000 0.0000000000000000 0.0000000000000000
0.0000000000000000 0.0000000000000000 0.0000000000000000 0.0000000000000000 0.0000000000000000 0.0000000000000000
0.0000000000000000 0.0000000000000000 0.0000000000000000 0.0000000000000000 0.0000000000000000 0.0000000000000000
0.0000000000000000 0.0000000000000000 0.0000000000000000 0.0000000000000000 0.0000000000000000 0.0000000000000000
0.0000000000000000 0.0000000000000000 0.0000000000000000 0.0000000000000000 0.0000000000000000 0.0000000000000000
0.0000000000000000 0.0000000000000000 0.0000000000000000 0.0000000000000000 0.0000000000000000 0.0000000000000000
0.0000000000000000 0.0000000000000000 0.0000000000000000 0.0000000000000000 0.0000000000000000 0.0000000000000000
0.0000000000000000 0.0000000000000000 0.0000000000000000 0.0000000000000000 0.0000000000000000 0.0000000000000000
0.0000000000000000 0.0000000000000000 0.0000000000000000 0.0000000000000000 0.0000000000000000 0.0000000000000000
0.0000000000000000 0.0000000000000000 0.0000000000000000 0.0000000000000000 0.0000000000000000 0.0000000000000000
0.0000000000000000 0.0000000000000000 0.0000000000000000 0.0000000000000000 0.0000000000000000 0.0000000000000000
0.0000000000000000 0.0000000000000000 0.0000000000000000 0.0000000000000000 0.0000000000000000 0.0000000000000000
0.0000000000000000 0.0000000000000000 0.0000000000000000 0.0000000000000000 0.0000000000000000 0.0000000000000000
0.0000000000000000 0.0000000000000000 0.0000000000000000 0.0000000000000000 0.0000000000000000 0.0000000000000000
0.0000000000000000 0.0000000000000000 0.0000000000000000 0.0000000000000000 0.0000000000000000 0.0000000000000000
0.0000000000000000 0.0000000000000000 0.0000000000000000 0.0000000000000000 0.0000000000000000 0.0000000000000000
0.0000000000000000 0.0000000000000000 0.0000000000000000 0.0000000000000000 0.0000000000000000 0.0000000000000000
0.0000000000000000 0.0000000000000000 0.0000000000000000 0.0000000000000000 0.0000000000000000 0.0000000000000000
0.0000000000000000 0.0000000000000000 0.0000000000000000 0.0000000000000000 0.0000000000000000 0.0000000000000000
0.0000000000000000 0.0000000000000000 0.0000000000000000 0.0000000000000000 0.0000000000000000 0.0000000000000000
0.0000000000000000 0.0000000000000000 0.0000000000000000 0.0000000000000000 0.0000000000000000 0.0000000000000000
0.0000000000000000 0.0000000000000000 0.0000000000000000 0.0000000000000000 0.0000000000000000 0.0000000000000000
0.0000000000000000 0.0000000000000000 0.0000000000000000 0.0000000000000000 0.0000000000000000 0.0000000000000000
0.0000000000000000 0.0000000000000000 0.0000000000000000 0.0000000000000000 0.0000000000000000 0.0000000000000000
0.0000000000000000 0.0000000000000000 0.0000000000000000 0.0000000000000000 0.0000000000000000 0.0000000000000000
0.0000000000000000 0.0000000000000000 0.0000000000000000 0.0000000000000000 0.0000000000000000 0.0000000000000000
0.0000000000000000 0.0000000000000000 0.0000000000000000 0.0000000000000000 0.0000000000000000 0.0000000000000000
0.0000000000000000 0.0000000000000000 0.0000000000000000 0.0000000000000000 0.0000000000000000 0.0000000000000000
0.0000000000000000 0.0000000000000000 0.0000000000000000 0.0000000000000000 0.0000000000000000 0.0000000000000000
0.0000000000000000 0.0000000000000000 0.0000000000000000 0.0000000000000000 0.0000000000000000 0.0000000000000000
0.0000000000000000 0.0000000000000000 0.0000000000000000 0.0000000000000000 0.0000000000000000 0.0000000000000000
0.0000000000000000 0.0000000000000000 0.0000000000000000 0.0000000000000000 0.0000000000000000 0.0000000000000000
0.0000000000000000 0.0000000000000000 0.0000000000000000 0.0000000000000000 0.0000000000000000 0.0000000000000000
0.0000000000000000 0.0000000000000000 0.0000000000000000 0.0000000000000000 0.0000000000000000 0.0000000000000000
0.0000000000000000 0.0000000000000000 0.0000000000000000 0.0000000000000000 0.0000000000000000 0.0000000000000000
0.0000000000000000 0.0000000000000000 0.0000000000000000 0.0000000000000000 0.0000000000000000 0.0000000000000000
0.0000000000000000 0.0000000000000000 0.0000000000000000 0.0000000000000000 0.0000000000000000 0.0000000000000000
0.0000000000000000 0.0000000000000000 0.0000000000000000 0.0000000000000000 0.0000000000000000 0.0000000000000000
0.0000000000000000 0.0000000000000000 0.0000000000000000 0.0000000000000000 0.0000000000000000 0.0000000000000000
0.0000000000000000 0.0000000000000000 0.0000000000000000 0.0000000000000000 0.0000000000000000 0.0000000000000000
0.0000000000000000 0.0000000000000000 0.0000000000000000 0.0000000000000000 0.0000000000000000 0.0000000000000000
0.0000000000000000 0.0000000000000000 0.0000000000000000 0.0000000000000000 0.0000000000000000 0.0000000000000000
0.0000000000000000 0.0000000000000000 0.0000000000000000 0.0000000000000000 0.0000000000000000 0.0000000000000000
0.0000000000000000 0.0000000000000000 0.0000000000000000 0.0000000000000000 0.0000000000000000 0.0000000000000000
0.0000000000000000 0.0000000000000000 0.0000000000000000 0.0000000000000000 0.0000000000000000 0.0000000000000000
0.0000000000000000 0.0000000000000000 0.0000000000000000 0.0000000000000000 0.0000000000000000 0.0000000000000000
0.0000000000000000 0.0000000000000000 0.0000000000000000 0.0000000000000000 0.0000000000000000 0.0000000000000000
0.0000000000000000 0.0000000000000000 0.0000000000000000 0.0000000000000000 0.0000000000000000 0.0000000000000000
0.0000000000000000 0.0000000000000000 0.0000000000000000 0.0000000000000000 0.0000000000000000 0.0000000000000000
0.0000000000000000 0.0000000000000000 0.0000000000000000 0.0000000000000000 0.0000000000000000 0.0000000000000000
0.0000000000000000 0.0000000000000000 0.0000000000000000 0.0000000000000000 0.0000000000000000 0.0000000000000000
0.0000000000000000 0.0000000000000000 0.0000000000000000 0.0000000000000000 0.0000000000000000 0.0000000000000000
0.0000000000000000 0.0000000000000000 0.0000000000000000 0.0000000000000000 0.0000000000000000 0.0000000000000000
0.0000000000000000 0.0000000000000000 0.0000000000000000 0.0000000000000000 0.0000000000000000 0.0000000000000000
0.0000000000000000 0.0000000000000000 0.0000000000000000 0.0000000000000000 0.0000000000000000 0.0000000000000000
0.0000000000000000 0.0000000000000000 0.0000000000000000 0.0000000000000000 0.0000000000000000 0.0000000000000000
0.0000000000000000 0.0000000000000000 0.0000000000000000 0.0000000000000000 0.0000000000000000 0.0000000000000000
0.0000000000000000 0.0000000000000000 0.0000000000000000 0.0000000000000000 0.0000000000000000 0.0000000000000000
0.0000000000000000 0.0000000000000000 0.0000000000000000 0.0000000000000000 0.0000000000000000 0.0000000000000000
0.0000000000000000 0.0000000000000000 0.0000000000000000 0.0000000000000000 0.0000000000000000 0.0000000000000000
0.0000000000000000 0.0000000000000000 0.0000000000000000 0.0000000000000000 0.0000000000000000 0.0000000000000000
0.0000000000000000 0.0000000000000000 0.0000000000000000 0.0000000000000000 0.0000000000000000 0.0000000000000000
0.0000000000000000 0.0000000000000000 0.0000000000000000 0.0000000000000000 0.0000000000000000 0.0000000000000000
0.0000000000000000 0.0000000000000000 0.0000000000000000 0.0000000000000000 0.0000000000000000 0.0000000000000000
0.0000000000000000 0.0000000000000000 0.0000000000000000 0.0000000000000000 0.0000000000000000 0.0000000000000000
0.0000000000000000 0.0000000000000000 0.0000000000000000 0.0000000000000000 0.0000000000000000 0.0000000000000000
0.0000000000000000 0.0000000000000000 0.0000000000000000 0.0000000000000000 0.0000000000000000 0.0000000000000000
0.0000000000000000 0.0000000000000000 0.0000000000000000 0.0000000000000000 0.0000000000000000 0.0000000000000000
0.0000000000000000 0.0000000000000000 0.0000000000000000 0.0000000000000000 0.0000000000000000 0.0000000000000000
0.0000000000000000 0.0000000000000000 0.0000000000000000 0.0000000000000000 0.0000000000000000 0.0000000000000000
0.0000000000000000 0.0000000000000000 0.0000000000000000 0.0000000000000000 0.0000000000000000 0.0000000000000000
0.0000000000000000 0.0000000000000000 0.0000000000000000 0.0000000000000000 0.0000000000000000 0.0000000000000000
0.0000000000000000 0.0000000000000000 0.0000000000000000 0.0000000000000000 0.0000000000000000 0.0000000000000000
0.0000000000000000 0.0000000000000000 0.0000000000000000 0.0000000000000000 0.0000000000000000 0.0000000000000000
0.0000000000000000 0.0000000000000000 0.0000000000000000 0.0000000000000000 0.0000000000000000 0.0000000000000000
0.0000000000000000 0.0000000000000000 0.0000000000000000 0.0000000000000000 0.0000000000000000 0.0000000000000000
0.0000000000000000 0.0000000000000000 0.0000000000000000 0.0000000000000000 0.0000000000000000 0.0000000000000000
0.0000000000000000 0.0000000000000000 0.0000000000000000 0.0000000000000000 0.0000000000000000 0.0000000000000000
0.0000000000000000 0.0000000000000000 0.0000000000000000 0.0000000000000000 0.0000000000000000 0.0000000000000000
0.0000000000000000 0.0000000000000000 0.0000000000000000 0.0000000000000000 0.0000000000000000 0.0000000000000000
0.0000000000000000 0.0000000000000000 0.0000000000000000 0.0000000000000000 0.0000000000000000 0.0000000000000000
0.0000000000000000 0.0000000000000000 0.0000000000000000 0.0000000000000000 0.0000000000000000 0.0000000000000000
0.0000000000000000 0.0000000000000000 0.0000000000000000 0.0000000000000000 0.0000000000000000 0.0000000000000000
0.0000000000000000 0.0000000000000000 0.0000000000000000 0.0000000000000000 0.0000000000000000 0.0000000000000000
0.0000000000000000 0.0000000000000000 0.0000000000000000 0.0000000000000000 0.0000000000000000 0.0000000000000000
0.0000000000000000 0.0000000000000000 0.0000000000000000 0.0000000000000000 0.0000000000000000 0.0000000000000000
0.0000000000000000 0.0000000000000000 0.0000000000000000 0.0000000000000000 0.0000000000000000 0.0000000000000000
0.0000000000000000 0.0000000000000000 0.0000000000000000 0.0000000000000000 0.0000000000000000 0.0000000000000000
0.0000000000000000 0.0000000000000000 0.0000000000000000 0.0000000000000000 0.0000000000000000 0.0000000000000000
0.0000000000000000 0.0000000000000000 0.0000000000000000 0.0000000000000000 0.0000000000000000 0.0000000000000000
0.0000000000000000 0.0000000000000000 0.0000000000000000 0.0000000000000000 0.0000000000000000 0.0000000000000000
0.0000000000000000 0.0000000000000000 0.0000000000000000 0.0000000000000000 0.0000000000000000 0.0000000000000000
0.0000000000000000 0.0000000000000000 0.0000000000000000 0.0000000000000000 0.0000000000000000 0.0000000000000000
0.0000000000000000 0.0000000000000000 0.0000000000000000 0.0000000000000000 0.0000000000000000 0.0000000000000000
0.0000000000000000 0.0000000000000000 0.0000000000000000 0.0000000000000000 0.0000000000000000 0.0000000000000000
0.0000000000000000 0.0000000000000000 0.0000000000000000 0.0000000000000000 0.0000000000000000 0.0000000000000000
0.0000000000000000 0.0000000000000000 0.0000000000000000 0.0000000000000000 0.0000000000000000 0.0000000000000000
0.0000000000000000 0.0000000000000000 0.0000000000000000 0.0000000000000000 0.0000000000000000 0.0000000000000000
0.0000000000000000 0.0000000000000000 0.0000000000000000 0.0000000000000000 0.0000000000000000 0.0000000000000000
0.0000000000000000 0.0000000000000000 0.0000000000000000 0.0000000000000000 0.0000000000000000 0.0000000000000000
0.0000000000000000 0.0000000000000000 0.0000000000000000 0.0000000000000000 0.0000000000000000 0.0000000000000000
0.0000000000000000 0.0000000000000000 0.0000000000000000 0.0000000000000000 0.0000000000000000 0.0000000000000000
0.0000000000000000 0.0000000000000000 0.0000000000000000 0.0000000000000000 0.0000000000000000 0.0000000000000000
0.0000000000000000 0.0000000000000000 0.0000000000000000 0.0000000000000000 0.0000000000000000 0.0000000000000000
0.0000000000000000 0.0000000000000000 0.0000000000000000 0.0000000000000000 0.0000000000000000 0.0000000000000000
0.0000000000000000 0.0000000000000000 0.0000000000000000 0.0000000000000000 0.0000000000000000 0.0000000000000000
0.0000000000000000 0.0000000000000000 0.0000000000000000 0.0000000000000000 0.0000000000000000 0.0000000000000000
0.0000000000000000 0.0000000000000000 0.0000000000000000 0.0000000000000000 0.0000000000000000 0.0000000000000000
0.0000000000000000 0.0000000000000000 0.0000000000000000 0.0000000000000000 0.0000000000000000 0.0000000000000000
0.0000000000000000 0.0000000000000000 0.0000000000000000 0.0000000000000000 0.0000000000000000 0.0000000000000000
0.0000000000000000 0.0000000000000000 0.0000000000000000 0.0000000000000000 0.0000000000000000 0.0000000000000000
0.0000000000000000 0.0000000000000000 0.0000000000000000 0.0000000000000000 0.0000000000000000 0.0000000000000000
0.0000000000000000 0.0000000000000000 0.0000000000000000 0.0000000000000000 0.0000000000000000 0.0000000000000000
0.0000000000000000 0.0000000000000000 0.0000000000000000 0.0000000000000000 0.0000000000000000 0.0000000000000000
0.0000000000000000 0.0000000000000000 0.0000000000000000 0.0000000000000000 0.0000000000000000 0.0000000000000000
0.0000000000000000 0.0000000000000000 0.0000000000000000 0.0000000000000000 0.0000000000000000 0.0000000000000000
0.0000000000000000 0.0000000000000000 0.0000000000000000 0.0000000000000000 0.0000000000000000 0.0000000000000000
0.0000000000000000 0.0000000000000000 0.0000000000000000 0.0000000000000000 0.0000000000000000 0.0000000000000000
1.0000000000000000 1.0000000000000000 1.0000000000000000 1.0000000000000000 0
1.0000000000000000 1.0000000000000000 1.0000000000000000 1.0000000000000000 0
1.0000000000000000 1.0000000000000000 1.0000000000000000 1.0000000000000000 0
1.0000000000000000 1.0000000000000000 1.0000000000000000 1.0000000000000000 0
1.0000000000000000 1.0000000000000000 1.0000000000000000 1.0000000000000000 0
1.0000000000000000 1.0000000000000000 1.0000000000000000 1.0000000000000000 0
1.0000000000000000 1.0000000000000000 1.0000000000000000 1.0000000000000000 0
1.0000000000000000 1.0000000000000000 1.0000000000000000 1.0000000000000000 0
1.0000000000000000 1.0000000000000000 1.0000000000000000 1.0000000000000000 0
1.0000000000000000 1.0000000000000000 1.0000000000000000 1.0000000000000000 0
1.0000000000000000 1.0000000000000000 1.0000000000000000 1.0000000000000000 0
1.0000000000000000 1.0000000000000000 1.0000000000000000 1.0000000000000000 0
1.0000000000000000 1.0000000000000000 1.0000000000000000 1.0000000000000000 0
1.0000000000000000 1.0000000000000000 1.0000000000000000 1.0000000000000000 0
1.0000000000000000 1.0000000000000000 1.0000000000000000 1.0000000000000000 0
1.0000000000000000 1.0000000000000000 1.0000000000000000 1.0000000000000000 0
1.0000000000000000 1.0000000000000000 1.0000000000000000 1.0000000000000000 0
1.0000000000000000 1.0000000000000000 1.0000000000000000 1.0000000000000000 0
1.0000000000000000 1.0000000000000000 1.0000000000000000 1.0000000000000000 0
1.0000000000000000 1.0000000000000000 1.0000000000000000 1.0000000000000000 0
1.0000000000000000 1.0000000000000000 1.0000000000000000 1.0000000000000000 0
1.0000000000000000 1.0000000000000000 1.0000000000000000 1.0000000000000000 0
1.0000000000000000 1.0000000000000000 1.0000000000000000 1.0000000000000000 0
1.0000000000000000 1.0000000000000000 1.0000000000000000 1.0000000000000000 0
1.0000000000000000 1.0000000000000000 1.0000000000000000 1.0000000000000000 0
1.0000000000000000 1.0000000000000000 1.0000000000000000 1.0000000000000000 0
1.0000000000000000 1.0000000000000000 1.0000000000000000 1.0000000000000000 0
1.0000000000000000 1.0000000000000000 1.0000000000000000 1.0000000000000000 0
1.0000000000000000 1.0000000000000000 1.0000000000000000 1.0000000000000000 0
1.0000000000000000 1.0000000000000000 1.0000000000000000 1.0000000000000000 0
1.0000000000000000 1.0000000000000000 1.0000000000000000 1.0000000000000000 0
1.0000000000000000 1.0000000000000000 1.0000000000000000 1.0000000000000000 0
1.0000000000000000 1.0000000000000000 1.0000000000000000 1.0000000000000000 0
1.0000000000000000 1.0000000000000000 1.0000000000000000 1.0000000000000000 0
1.0000000000000000 1.0000000000000000 1.0000000000000000 1.0000000000000000 0
1.0000000000000000 1.0000000000000000 1.0000000000000000 1.0000000000000000 0
1.0000000000000000 1.0000000000000000 1.0000000000000000 1.0000000000000000 0
1.0000000000000000 1.0000000000000000 1.0000000000000000 1.0000000000000000 0
1.0000000000000000 1.0000000000000000 1.0000000000000000 1.0000000000000000 0
1.0000000000000000 1.0000000000000000 1.0000000000000000 1.0000000000000000 0
1.0000000000000000 1.0000000000000000 1.0000000000000000 1.0000000000000000 0
1.0000000000000000 1.0000000000000000 1.0000000000000000 1.0000000000000000 0
1.0000000000000000 1.0000000000000000 1.0000000000000000 1.0000000000000000 0
1.0000000000000000 1.0000000000000000 1.0000000000000000 1.0000000000000000 0
1.0000000000000000 1.0000000000000000 1.0000000000000000 1.0000000000000000 0
1.0000000000000000 1.0000000000000000 1.0000000000000000 1.0000000000000000 0
1.0000000000000000 1.0000000000000000 1.0000000000000000 1.0000000000000000 0
1.0000000000000000 1.0000000000000000 1.0000000000000000 1.0000000000000000 0
1.0000000000000000 1.0000000000000000 1.0000000000000000 1.0000000000000000 0
1.0000000000000000 1.0000000000000000 1.0000000000000000 1.0000000000000000 0
1.0000000000000000 1.0000000000000000 1.0000000000000000 1.0000000000000000 0
1.0000000000000000 1.0000000000000000 1.0000000000000000 1.0000000000000000 0
1.0000000000000000 1.0000000000000000 1.0000000000000000 1.0000000000000000 0
1.0000000000000000 1.0000000000000000 1.0000000000000000 1.0000000000000000 0
1.0000000000000000 1.0000000000000000 1.0000000000000000 1.0000000000000000 0
1.0000000000000000 1.0000000000000000 1.0000000000000000 1.0000000000000000 0
1.0000000000000000 1.0000000000000000 1.0000000000000000 1.0000000000000000 0
1.0000000000000000 1.0000000000000000 1.0000000000000000 1.0000000000000000 0
1.0000000000000000 1.0000000000000000 1.0000000000000000 1.0000000000000000 0
1.0000000000000000 1.0000000000000000 1.0000000000000000 1.0000000000000000 0
1.0000000000000000 1.0000000000000000 1.0000000000000000 1.0000000000000000 0
1.0000000000000000 1.0000000000000000 1.0000000000000000 1.0000000000000000 0
1.0000000000000000 1.0000000000000000 1.0000000000000000 1.0000000000000000 0
1.0000000000000000 1.0000000000000000 1.0000000000000000 1.0000000000000000 0
0.0000000000000000 0.0000000000000000 0.0000000000000000 0.0000000000000000 0.0000000000000000 0.0000000000000000
0.0000000000000000 0.0000000000000000 0.0000000000000000 0.0000000000000000 0.0000000000000000 0.0000000000000000
0.0000000000000000 0.0000000000000000 0.0000000000000000 0.0000000000000000 0.0000000000000000 0.0000000000000000
0.0000000000000000 0.0000000000000000 0.0000000000000000 0.0000000000000000 0.0000000000000000 0.0000000000000000
0.0000000000000000 0.0000000000000000 0.0000000000000000 0.0000000000000000 0.0000000000000000 0.0000000000000000
0.0000000000000000 0.0000000000000000 0.0000000000000000 0.0000000000000000 0.0000000000000000 0.0000000000000000
0.0000000000000000 0.0000000000000000 0.0000000000000000 0.0000000000000000 0.0000000000000000 0.0000000000000000
0.0000000000000000 0.0000000000000000 0.0000000000000000 0.0000000000000000 0.0000000000000000 0.0000000000000000
0.0000000000000000 0.0000000000000000 0.0000000000000000 0.0000000000000000 0.0000000000000000 0.0000000000000000
0.0000000000000000 0.0000000000000000 0.0000000000000000 0.0000000000000000 0.0000000000000000 0.0000000000000000
0.0000000000000000 0.0000000000000000 0.0000000000000000 0.0000000000000000 0.0000000000000000 0.0000000000000000
0.0000000000000000 0.0000000000000000 0.0000000000000000 0.0000000000000000 0.0000000000000000 0.0000000000000000
0.0000000000000000 0.0000000000000000 0.0000000000000000 0.0000000000000000 0.0000000000000000 0.0000000000000000
0.0000000000000000 0.0000000000000000 0.0000000000000000 0.0000000000000000 0.0000000000000000 0.0000000000000000
0.0000000000000000 0.0000000000000000 0.0000000000000000 0.0000000000000000 0.0000000000000000 0.0000000000000000
0.0000000000000000 0.0000000000000000 0.0000000000000000 0.0000000000000000 0.0000000000000000 0.0000000000000000
0.0000000000000000 0.0000000000000000 0.0000000000000000 0.0000000000000000 0.0000000000000000 0.0000000000000000
0.0000000000000000 0.0000000000000000 0.0000000000000000 0.0000000000000000 0.0000000000000000 0.0000000000000000
0.0000000000000000 0.0000000000000000 0.0000000000000000 0.0000000000000000 0.0000000000000000 0.0000000000000000
0.0000000000000000 0.0000000000000000 0.0000000000000000 0.0000000000000000 0.0000000000000000 0.0000000000000000
0.0000000000000000 0.0000000000000000 0.0000000000000000 0.0000000000000000 0.0000000000000000 0.0000000000000000
0.0000000000000000 0.0000000000000000 0.0000000000000000 0.0000000000000000 0.0000000000000000 0.0000000000000000
0.0000000000000000 0.0000000000000000 0.0000000000000000 0.0000000000000000 0.0000000000000000 0.0000000000000000
0.0000000000000000 0.0000000000000000 0.0000000000000000 0.0000000000000000 0.0000000000000000 0.0000000000000000
0.0000000000000000 0.0000000000000000 0.0000000000000000 0.0000000000000000 0.0000000000000000 0.0000000000000000
0.0000000000000000 0.0000000000000000 0.0000000000000000 0.0000000000000000 0.0000000000000000 0.0000000000000000
0.0000000000000000 0.0000000000000000 0.0000000000000000 0.0000000000000000 0.0000000000000000 0.0000000000000000
0.0000000000000000 0.0000000000000000 0.0000000000000000 0.0000000000000000 0.0000000000000000 0.0000000000000000
0.0000000000000000 0.0000000000000000 0.0000000000000000 0.0000000000000000 0.0000000000000000 0.0000000000000000
0.0000000000000000 0.0000000000000000 0.0000000000000000 0.0000000000000000 0.0000000000000000 0.0000000000000000
0.0000000000000000 0.0000000000000000 0.0000000000000000 0.0000000000000000 0.0000000000000000 0.0000000000000000
0.0000000000000000 0.0000000000000000 0.0000000000000000 0.0000000000000000 0.0000000000000000 0.0000000000000000
0.0000000000000000 0.0000000000000000 0.0000000000000000 0.0000000000000000 0.0000000000000000 0.0000000000000000
0.0000000000000000 0.0000000000000000 0.0000000000000000 0.0000000000000000 0.0000000000000000 0.0000000000000000
0.0000000000000000 0.0000000000000000 0.0000000000000000 0.0000000000000000 0.0000000000000000 0.0000000000000000
0.0000000000000000 0.0000000000000000 0.0000000000000000 0.0000000000000000 0.0000000000000000 0.0000000000000000
0.0000000000000000 0.0000000000000000 0.0000000000000000 0.0000000000000000 0.0000000000000000 0.0000000000000000
0.0000000000000000 0.0000000000000000 0.0000000000000000 0.0000000000000000 0.0000000000000000 0.0000000000000000
0.0000000000000000 0.0000000000000000 0.0000000000000000 0.0000000000000000 0.0000000000000000 0.0000000000000000
0.0000000000000000 0.0000000000000000 0.0000000000000000 0.0000000000000000 0.0000000000000000 0.0000000000000000
0.0000000000000000 0.0000000000000000 0.0000000000000000 0.0000000000000000 0.0000000000000000 0.0000000000000000
0.0000000000000000 0.0000000000000000 0.0000000000000000 0.0000000000000000 0.0000000000000000 0.0000000000000000
0.0000000000000000 0.0000000000000000 0.0000000000000000 0.0000000000000000 0.0000000000000000 0.0000000000000000
0.0000000000000000 0.0000000000000000 0.0000000000000000 0.0000000000000000 0.0000000000000000 0.0000000000000000
0.0000000000000000 0.0000000000000000 0.0000000000000000 0.0000000000000000 0.0000000000000000 0.0000000000000000
0.0000000000000000 0.0000000000000000 0.0000000000000000 0.0000000000000000 0.0000000000000000 0.0000000000000000
0.0000000000000000 0.0000000000000000 0.0000000000000000 0.0000000000000000 0.0000000000000000 0.0000000000000000
0.0000000000000000 0.0000000000000000 0.0000000000000000 0.0000000000000000 0.0000000000000000 0.0000000000000000
0.0000000000000000 0.0000000000000000 0.0000000000000000 0.0000000000000000 0.0000000000000000 0.0000000000000000
0.0000000000000000 0.0000000000000000 0.0000000000000000 0.0000000000000000 0.0000000000000000 0.0000000000000000
0.0000000000000000 0.0000000000000000 0.0000000000000000 0.0000000000000000 0.0000000000000000 0.0000000000000000
0.0000000000000000 0.0000000000000000 0.0000000000000000 0.0000000000000000 0.0000000000000000 0.0000000000000000
0.0000000000000000 0.0000000000000000 0.0000000000000000 0.0000000000000000 0.0000000000000000 0.0000000000000000
0.0000000000000000 0.0000000000000000 0.0000000000000000 0.0000000000000000 0.0000000000000000 0.0000000000000000
0.0000000000000000 0.0000000000000000 0.0000000000000000 0.0000000000000000 0.0000000000000000 0.0000000000000000
0.0000000000000000 0.0000000000000000 0.0000000000000000 0.0000000000000000 0.0000000000000000 0.0000000000000000
0.0000000000000000 0.0000000000000000 0.0000000000000000 0.0000000000000000 0.0000000000000000 0.0000000000000000
0.0000000000000000 0.0000000000000000 0.0000000000000000 0.0000000000000000 0.0000000000000000 0.0000000000000000
0.0000000000000000 0.0000000000000000 0.0000000000000000 0.0000000000000000 0.0000000000000000 0.0000000000000000
0.0000000000000000 0.0000000000000000 0.0000000000000000 0.0000000000000000 0.0000000000000000 0.0000000000000000
0.0000000000000000 0.0000000000000000 0.0000000000000000 0.0000000000000000 0.0000000000000000 0.0000000000000000
0.0000000000000000 0.0000000000000000 0.0000000000000000 0.0000000000000000 0.0000000000000000 0.0000000000000000
0.0000000000000000 0.0000000000000000 0.0000000000000000 0.0000000000000000 0.0000000000000000 0.0000000000000000
0.0000000000000000 0.0000000000000000 0.0000000000000000 0.0000000000000000 0.0000000000000000 0.0000000000000000
0.0000000000000000 0.0000000000000000 0.0000000000000000 0.0000000000000000 0.0000000000000000 0.0000000000000000
0.0000000000000000 0.0000000000000000 0.0000000000000000 0.0000000000000000 0.0000000000000000 0.0000000000000000
0.0000000000000000 0.0000000000000000 0.0000000000000000 0.0000000000000000 0.0000000000000000 0.0000000000000000
0.0000000000000000 0.0000000000000000 0.0000000000000000 0.0000000000000000 0.0000000000000000 0.0000000000000000
0.0000000000000000 0.0000000000000000 0.0000000000000000 0.0000000000000000 0.0000000000000000 0.0000000000000000
0.0000000000000000 0.0000000000000000 0.0000000000000000 0.0000000000000000 0.0000000000000000 0.0000000000000000
0.0000000000000000 0.0000000000000000 0.0000000000000000 0.0000000000000000 0.0000000000000000 0.0000000000000000
0.0000000000000000 0.0000000000000000 0.0000000000000000 0.0000000000000000 0.0000000000000000 0.0000000000000000
0.0000000000000000 0.0000000000000000 0.0000000000000000 0.0000000000000000 0.0000000000000000 0.0000000000000000
0.0000000000000000 0.0000000000000000 0.0000000000000000 0.0000000000000000 0.0000000000000000 0.0000000000000000
0.0000000000000000 0.0000000000000000 0.0000000000000000 0.0000000000000000 0.0000000000000000 0.0000000000000000
0.0000000000000000 0.0000000000000000 0.0000000000000000 0.0000000000000000 0.0000000000000000 0.0000000000000000
0.0000000000000000 0.0000000000000000 0.0000000000000000 0.0000000000000000 0.0000000000000000 0.0000000000000000
0.0000000000000000 0.0000000000000000 0.0000000000000000 0.0000000000000000 0.0000000000000000 0.0000000000000000
0.0000000000000000 0.0000000000000000 0.0000000000000000 0.0000000000000000 0.0000000000000000 0.0000000000000000
0.0000000000000000 0.0000000000000000 0.0000000000000000 0.0000000000000000 0.0000000000000000 0.0000000000000000
0.0000000000000000 0.0000000000000000 0.0000000000000000 0.0000000000000000 0.0000000000000000 0.0000000000000000
0.0000000000000000 0.0000000000000000 0.0000000000000000 0.0000000000000000 0.0000000000000000 0.0000000000000000
0.0000000000000000 0.0000000000000000 0.0000000000000000 0.0000000000000000 0.0000000000000000 0.0000000000000000
0.0000000000000000 0.0000000000000000 0.0000000000000000 0.0000000000000000 0.0000000000000000 0.0000000000000000
0.0000000000000000 0.0000000000000000 0.0000000000000000 0.0000000000000000 0.0000000000000000 0.0000000000000000
0.0000000000000000 0.0000000000000000 0.0000000000000000 0.0000000000000000 0.0000000000000000 0.0000000000000000
0.0000000000000000 0.0000000000000000 0.0000000000000000 0.0000000000000000 0.0000000000000000 0.0000000000000000
0.0000000000000000 0.0000000000000000 0.0000000000000000 0.0000000000000000 0.0000000000000000 0.0000000000000000
0.0000000000000000 0.0000000000000000 0.0000000000000000 0.0000000000000000 0.0000000000000000 0.0000000000000000
0.0000000000000000 0.0000000000000000 0.0000000000000000 0.0000000000000000 0.0000000000000000 0.0000000000000000
0.0000000000000000 0.0000000000000000 0.0000000000000000 0.0000000000000000 0.0000000000000000 0.0000000000000000
0.0000000000000000 0.0000000000000000 0.0000000000000000 0.0000000000000000 0.0000000000000000 0.0000000000000000
0.0000000000000000 0.0000000000000000 0.0000000000000000 0.0000000000000000 0.0000000000000000 0.0000000000000000
0.0000000000000000 0.0000000000000000 0.0000000000000000 0.0000000000000000 0.0000000000000000 0.0000000000000000
0.0000000000000000 0.0000000000000000 0.0000000000000000 0.0000000000000000 0.0000000000000000 0.0000000000000000
0.0000000000000000 0.0000000000000000 0.0000000000000000 0.0000000000000000 0.0000000000000000 0.0000000000000000
0.0000000000000000 0.0000000000000000 0.0000000000000000 0.0000000000000000 0.0000000000000000 0.0000000000000000
0.0000000000000000 0.0000000000000000 0.0000000000000000 0.0000000000000000 0.0000000000000000 0.0000000000000000
0.0000000000000000 0.0000000000000000 0.0000000000000000 0.0000000000000000 0.0000000000000000 0.0000000000000000
0.0000000000000000 0.0000000000000000 0.0000000000000000 0.0000000000000000 0.0000000000000000 0.0000000000000000
0.0000000000000000 0.0000000000000000 0.0000000000000000 0.0000000000000000 0.0000000000000000 0.0000000000000000
0.0000000000000000 0.0000000000000000 0.0000000000000000 0.0000000000000000 0.0000000000000000 0.0000000000000000
0.0000000000000000 0.0000000000000000 0.0000000000000000 0.0000000000000000 0.0000000000000000 0.0000000000000000
0.0000000000000000 0.0000000000000000 0.0000000000000000 0.0000000000000000 0.0000000000000000 0.0000000000000000
0.0000000000000000 0.0000000000000000 0.0000000000000000 0.0000000000000000 0.0000000000000000 0.0000000000000000
0.0000000000000000 0.0000000000000000 0.0000000000000000 0.0000000000000000 0.0000000000000000 0.0000000000000000
0.0000000000000000 0.0000000000000000 0.0000000000000000 0.0000000000000000 0.0000000000000000 0.0000000000000000
0.0000000000000000 0.0000000000000000 0.0000000000000000 0.0000000000000000 0.0000000000000000 0.0000000000000000
0.0000000000000000 0.0000000000000000 0.0000000000000000 0.0000000000000000 0.0000000000000000 0.0000000000000000
0.0000000000000000 0.0000000000000000 0.0000000000000000 0.0000000000000000 0.0000000000000000 0.0000000000000000
0.0000000000000000 0.0000000000000000 0.0000000000000000 0.0000000000000000 0.0000000000000000 0.0000000000000000
0.0000000000000000 0.0000000000000000 0.0000000000000000 0.0000000000000000 0.0000000000000000 0.0000000000000000
0.0000000000000000 0.0000000000000000 0.0000000000000000 0.0000000000000000 0.0000000000000000 0.0000000000000000
0.0000000000000000 0.0000000000000000 0.0000000000000000 0.0000000000000000 0.0000000000000000 0.0000000000000000
0.0000000000000000 0.0000000000000000 0.0000000000000000 0.0000000000000000 0.0000000000000000 0.0000000000000000
0.0000000000000000 0.0000000000000000 0.0000000000000000 0.0000000000000000 0.0000000000000000 0.0000000000000000
0.0000000000000000 0.0000000000000000 0.0000000000000000 0.0000000000000000 0.0000000000000000 0.0000000000000000
0.0000000000000000 0.0000000000000000 0.0000000000000000 0.0000000000000000 0.0000000000000000 0.0000000000000000
0.0000000000000000 0.0000000000000000 0.0000000000000000 0.0000000000000000 0.0000000000000000 0.0000000000000000
0.0000000000000000 0.0000000000000000 0.0000000000000000 0.0000000000000000 0.0000000000000000 0.0000000000000000
0.0000000000000000 0.0000000000000000 0.0000000000000000 0.0000000000000000 0.0000000000000000 0.0000000000000000
0.0000000000000000 0.0000000000000000 0.0000000000000000 0.0000000000000000 0.0000000000000000 0.0000000000000000
0.0000000000000000 0.0000000000000000 0.0000000000000000 0.0000000000000000 0.0000000000000000 0.0000000000000000
0.0000000000000000 0.0000000000000000 0.0000000000000000 0.0000000000000000 0.0000000000000000 0.0000000000000000
0.0000000000000000 0.0000000000000000 0.0000000000000000 0.0000000000000000 0.0000000000000000 0.0000000000000000
0.0000000000000000 0.0000000000000000 0.0000000000000000 0.0000000000000000 0.0000000000000000 0.0000000000000000
0.0000000000000000 0.0000000000000000 0.0000000000000000 0.0000000000000000 0.0000000000000000 0.0000000000000000
0.0000000000000000 0.0000000000000000 0.0000000000000000 0.0000000000000000 0.0000000000000000 0.0000000000000000
1.0000000000000000 1.0000000000000000 1.0000000000000000 1.0000000000000000 0
1.0000000000000000 1.0000000000000000 1.0000000000000000 1.0000000000000000 0
1.0000000000000000 1.0000000000000000 1.0000000000000000 1.0000000000000000 0
1.0000000000000000 1.0000000000000000 1.0000000000000000 1.0000000000000000 0
1.0000000000000000 1.0000000000000000 1.0000000000000000 1.0000000000000000 0
1.0000000000000000 1.0000000000000000 1.0000000000000000 1.0000000000000000 0
1.0000000000000000 1.0000000000000000 1.0000000000000000 1.0000000000000000 0
1.0000000000000000 1.0000000000000000 1.0000000000000000 1.0000000000000000 0
1.0000000000000000 1.0000000000000000 1.0000000000000000 1.0000000000000000 0
1.0000000000000000 1.0000000000000000 1.0000000000000000 1.0000000000000000 0
1.0000000000000000 1.0000000000000000 1.0000000000000000 1.0000000000000000 0
1.0000000000000000 1.0000000000000000 1.0000000000000000 1.0000000000000000 0
1.0000000000000000 1.0000000000000000 1.0000000000000000 1.0000000000000000 0
1.0000000000000000 1.0000000000000000 1.0000000000000000 1.0000000000000000 0
1.0000000000000000 1.0000000000000000 1.0000000000000000 1.0000000000000000 0
1.0000000000000000 1.0000000000000000 1.0000000000000000 1.0000000000000000 0
1.0000000000000000 1.0000000000000000 1.0000000000000000 1.0000000000000000 0
1.0000000000000000 1.0000000000000000 1.0000000000000000 1.0000000000000000 0
1.0000000000000000 1.0000000000000000 1.0000000000000000 1.0000000000000000 0
1.0000000000000000 1.0000000000000000 1.0000000000000000 1.0000000000000000 0
1.0000000000000000 1.0000000000000000 1.0000000000000000 1.0000000000000000 0
1.0000000000000000 1.0000000000000000 1.0000000000000000 1.0000000000000000 0
1.0000000000000000 1.0000000000000000 1.0000000000000000 1.0000000000000000 0
1.0000000000000000 1.0000000000000000 1.0000000000000000 1.0000000000000000 0
1.0000000000000000 1.0000000000000000 1.0000000000000000 1.0000000000000000 0
1.0000000000000000 1.0000000000000000 1.0000000000000000 1.0000000000000000 0
1.0000000000000000 1.0000000000000000 1.0000000000000000 1.0000000000000000 0
1.0000000000000000 1.0000000000000000 1.0000000000000000 1.0000000000000000 0
1.0000000000000000 1.0000000000000000 1.0000000000000000 1.0000000000000000 0
1.0000000000000000 1.0000000000000000 1.0000000000000000 1.0000000000000000 0
1.0000000000000000 1.0000000000000000 1.0000000000000000 1.0000000000000000 0
1.0000000000000000 1.0000000000000000 1.0000000000000000 1.0000000000000000 0
1.0000000000000000 1.0000000000000000 1.0000000000000000 1.0000000000000000 0
1.0000000000000000 1.0000000000000000 1.0000000000000000 1.0000000000000000 0
1.0000000000000000 1.0000000000000000 1.0000000000000000 1.0000000000000000 0
1.0000000000000000 1.0000000000000000 1.0000000000000000 1.0000000000000000 0
1.0000000000000000 1.0000000000000000 1.0000000000000000 1.0000000000000000 0
1.0000000000000000 1.0000000000000000 1.0000000000000000 1.0000000000000000 0
1.0000000000000000 1.0000000000000000 1.0000000000000000 1.0000000000000000 0
1.0000000000000000 1.0000000000000000 1.0000000000000000 1.0000000000000000 0
1.0000000000000000 1.0000000000000000 1.0000000000000000 1.0000000000000000 0
1.0000000000000000 1.0000000000000000 1.0000000000000000 1.0000000000000000 0
1.0000000000000000 1.0000000000000000 1.0000000000000000 1.0000000000000000 0
1.0000000000000000 1.0000000000000000 1.0000000000000000 1.0000000000000000 0
1.0000000000000000 1.0000000000000000 1.0000000000000000 1.0000000000000000 0
1.0000000000000000 1.0000000000000000 1.0000000000000000 1.0000000000000000 0
1.0000000000000000 1.0000000000000000 1.0000000000000000 1.0000000000000000 0
1.0000000000000000 1.0000000000000000 1.0000000000000000 1.0000000000000000 0
1.0000000000000000 1.0000000000000000 1.0000000000000000 1.0000000000000000 0
1.0000000000000000 1.0000000000000000 1.0000000000000000 1.0000000000000000 0
1.0000000000000000 1.0000000000000000 1.0000000000000000 1.0000000000000000 0
1.0000000000000000 1.0000000000000000 1.0000000000000000 1.0000000000000000 0
1.0000000000000000 1.0000000000000000 1.0000000000000000 1.0000000000000000 0
1.0000000000000000 1.0000000000000000 1.0000000000000000 1.0000000000000000 0
1.0000000000000000 1.0000000000000000 1.0000000000000000 1.0000000000000000 0
1.0000000000000000 1.0000000000000000 1.0000000000000000 1.0000000000000000 0
1.0000000000000000 1.0000000000000000 1.0000000000000000 1.0000000000000000 0
1.0000000000000000 1.0000000000000000 1.0000000000000000 1.0000000000000000 0
1.0000000000000000 1.0000000000000000 1.0000000000000000 1.0000000000000000 0
1.0000000000000000 1.0000000000000000 1.0000000000000000 1.0000000000000000 0
1.0000000000000000 1.0000000000000000 1.0000000000000000 1.0000000000000000 0
1.0000000000000000 1.0000000000000000 1.0000000000000000 1.0000000000000000 0
1.0000000000000000 1.0000000000000000 1.0000000000000000 1.0000000000000000 0
1.0000000000000000 1.0000000000000000 1.0000000000000000 1.0000000000000000 0
0.0000000000000000 0.0000000000000000 0.0000000000000000 0.0000000000000000 0.0000000000000000 0.0000000000000000
0.0000000000000000 0.0000000000000000 0.0000000000000000 0.0000000000000000 0.0000000000000000 0.0000000000000000
0.0000000000000000 0.0000000000000000 0.0000000000000000 0.0000000000000000 0.0000000000000000 0.0000000000000000
0.0000000000000000 0.0000000000000000 0.0000000000000000 0.0000000000000000 0.0000000000000000 0.0000000000000000
0.0000000000000000 0.0000000000000000 0.0000000000000000 0.0000000000000000 0.0000000000000000 0.0000000000000000
0.0000000000000000 0.0000000000000000 0.0000000000000000 0.0000000000000000 0.0000000000000000 0.0000000000000000
0.0000000000000000 0.0000000000000000 0.0000000000000000 0.0000000000000000 0.0000000000000000 0.0000000000000000
0.0000000000000000 0.0000000000000000 0.0000000000000000 0.0000000000000000 0.0000000000000000 0.0000000000000000
0.0000000000000000 0.0000000000000000 0.0000000000000000 0.0000000000000000 0.0000000000000000 0.0000000000000000
0.0000000000000000 0.0000000000000000 0.0000000000000000 0.0000000000000000 0.0000000000000000 0.0000000000000000
0.0000000000000000 0.0000000000000000 0.0000000000000000 0.0000000000000000 0.0000000000000000 0.0000000000000000
0.0000000000000000 0.0000000000000000 0.0000000000000000 0.0000000000000000 0.0000000000000000 0.0000000000000000
0.0000000000000000 0.0000000000000000 0.0000000000000000 0.0000000000000000 0.0000000000000000 0.0000000000000000
0.0000000000000000 0.0000000000000000 0.0000000000000000 0.0000000000000000 0.0000000000000000 0.0000000000000000
0.0000000000000000 0.0000000000000000 0.0000000000000000 0.0000000000000000 0.0000000000000000 0.0000000000000000
0.0000000000000000 0.0000000000000000 0.0000000000000000 0.0000000000000000 0.0000000000000000 0.0000000000000000
0.0000000000000000 0.0000000000000000 0.0000000000000000 0.0000000000000000 0.0000000000000000 0.0000000000000000
0.0000000000000000 0.0000000000000000 0.0000000000000000 0.0000000000000000 0.0000000000000000 0.0000000000000000
0.0000000000000000 0.0000000000000000 0.0000000000000000 0.0000000000000000 0.0000000000000000 0.0000000000000000
0.0000000000000000 0.0000000000000000 0.0000000000000000 0.0000000000000000 0.0000000000000000 0.0000000000000000
0.0000000000000000 0.0000000000000000 0.0000000000000000 0.0000000000000000 0.0000000000000000 0.0000000000000000
0.0000000000000000 0.0000000000000000 0.0000000000000000 0.0000000000000000 0.0000000000000000 0.0000000000000000
0.0000000000000000 0.0000000000000000 0.0000000000000000 0.0000000000000000 0.0000000000000000 0.0000000000000000
0.0000000000000000 0.0000000000000000 0.0000000000000000 0.0000000000000000 0.0000000000000000 0.0000000000000000
0.0000000000000000 0.0000000000000000 0.0000000000000000 0.0000000000000000 0.0000000000000000 0.0000000000000000
0.0000000000000000 0.0000000000000000 0.0000000000000000 0.0000000000000000 0.0000000000000000 0.0000000000000000
0.0000000000000000 0.0000000000000000 0.0000000000000000 0.0000000000000000 0.0000000000000000 0.0000000000000000
0.0000000000000000 0.0000000000000000 0.0000000000000000 0.0000000000000000 0.0000000000000000 0.0000000000000000
0.0000000000000000 0.0000000000000000 0.0000000000000000 0.0000000000000000 0.0000000000000000 0.0000000000000000
0.0000000000000000 0.0000000000000000 0.0000000000000000 0.0000000000000000 0.0000000000000000 0.0000000000000000
0.0000000000000000 0.0000000000000000 0.0000000000000000 0.0000000000000000 0.0000000000000000 0.0000000000000000
0.0000000000000000 0.0000000000000000 0.0000000000000000 0.0000000000000000 0.0000000000000000 0.0000000000000000
0.0000000000000000 0.0000000000000000 0.0000000000000000 0.0000000000000000 0.0000000000000000 0.0000000000000000
0.0000000000000000 0.0000000000000000 0.0000000000000000 0.0000000000000000 0.0000000000000000 0.0000000000000000
0.0000000000000000 0.0000000000000000 0.0000000000000000 0.0000000000000000 0.0000000000000000 0.0000000000000000
0.0000000000000000 0.0000000000000000 0.0000000000000000 0.0000000000000000 0.0000000000000000 0.0000000000000000
0.0000000000000000 0.0000000000000000 0.0000000000000000 0.0000000000000000 0.0000000000000000 0.0000000000000000
0.0000000000000000 0.0000000000000000 0.0000000000000000 0.0000000000000000 0.0000000000000000 0.0000000000000000
0.0000000000000000 0.0000000000000000 0.0000000000000000 0.0000000000000000 0.0000000000000000 0.0000000000000000
0.0000000000000000 0.0000000000000000 0.0000000000000000 0.0000000000000000 0.0000000000000000 0.0000000000000000
0.0000000000000000 0.0000000000000000 0.0000000000000000 0.0000000000000000 0.0000000000000000 0.0000000000000000
0.0000000000000000 0.0000000000000000 0.0000000000000000 0.0000000000000000 0.0000000000000000 0.0000000000000000
0.0000000000000000 0.0000000000000000 0.0000000000000000 0.0000000000000000 0.0000000000000000 0.0000000000000000
0.0000000000000000 0.0000000000000000 0.0000000000000000 0.0000000000000000 0.0000000000000000 0.0000000000000000
0.0000000000000000 0.0000000000000000 0.0000000000000000 0.0000000000000000 0.0000000000000000 0.0000000000000000
0.0000000000000000 0.0000000000000000 0.0000000000000000 0.0000000000000000 0.0000000000000000 0.0000000000000000
0.0000000000000000 0.0000000000000000 0.0000000000000000 0.0000000000000000 0.0000000000000000 0.0000000000000000
0.0000000000000000 0.0000000000000000 0.0000000000000000 0.0000000000000000 0.0000000000000000 0.0000000000000000
0.0000000000000000 0.0000000000000000 0.0000000000000000 0.0000000000000000 0.0000000000000000 0.0000000000000000
0.0000000000000000 0.0000000000000000 0.0000000000000000 0.0000000000000000 0.0000000000000000 0.0000000000000000
0.0000000000000000 0.0000000000000000 0.0000000000000000 0.0000000000000000 0.0000000000000000 0.0000000000000000
0.0000000000000000 0.0000000000000000 0.0000000000000000 0.0000000000000000 0.0000000000000000 0.0000000000000000
0.0000000000000000 0.0000000000000000 0.0000000000000000 0.0000000000000000 0.0000000000000000 0.0000000000000000
0.0000000000000000 0.0000000000000000 0.0000000000000000 0.0000000000000000 0.0000000000000000 0.0000000000000000
0.0000000000000000 0.0000000000000000 0.0000000000000000 0.0000000000000000 0.0000000000000000 0.0000000000000000
0.0000000000000000 0.0000000000000000 0.0000000000000000 0.0000000000000000 0.0000000000000000 0.0000000000000000
0.0000000000000000 0.0000000000000000 0.0000000000000000 0.0000000000000000 0.0000000000000000 0.0000000000000000
0.0000000000000000 0.0000000000000000 0.0000000000000000 0.0000000000000000 0.0000000000000000 0.0000000000000000
0.0000000000000000 0.0000000000000000 0.0000000000000000 0.0000000000000000 0.0000000000000000 0.0000000000000000
0.0000000000000000 0.0000000000000000 0.0000000000000000 0.0000000000000000 0.0000000000000000 0.0000000000000000
0.0000000000000000 0.0000000000000000 0.0000000000000000 0.0000000000000000 0.0000000000000000 0.0000000000000000
0.0000000000000000 0.0000000000000000 0.0000000000000000 0.0000000000000000 0.0000000000000000 0.0000000000000000
0.0000000000000000 0.0000000000000000 0.0000000000000000 0.0000000000000000 0.0000000000000000 0.0000000000000000
0.0000000000000000 0.0000000000000000 0.0000000000000000 0.0000000000000000 0.0000000000000000 0.0000000000000000
0.0000000000000000 0.0000000000000000 0.0000000000000000 0.0000000000000000 0.0000000000000000 0.0000000000000000
0.0000000000000000 0.0000000000000000 0.0000000000000000 0.0000000000000000 0.0000000000000000 0.0000000000000000
0.0000000000000000 0.0000000000000000 0.0000000000000000 0.0000000000000000 0.0000000000000000 0.0000000000000000
0.0000000000000000 0.0000000000000000 0.0000000000000000 0.0000000000000000 0.0000000000000000 0.0000000000000000
0.0000000000000000 0.0000000000000000 0.0000000000000000 0.0000000000000000 0.0000000000000000 0.0000000000000000
0.0000000000000000 0.0000000000000000 0.0000000000000000 0.0000000000000000 0.0000000000000000 0.0000000000000000
0.0000000000000000 0.0000000000000000 0.0000000000000000 0.0000000000000000 0.0000000000000000 0.0000000000000000
0.0000000000000000 0.0000000000000000 0.0000000000000000 0.0000000000000000 0.0000000000000000 0.0000000000000000
0.0000000000000000 0.0000000000000000 0.0000000000000000 0.0000000000000000 0.0000000000000000 0.0000000000000000
0.0000000000000000 0.0000000000000000 0.0000000000000000 0.0000000000000000 0.0000000000000000 0.0000000000000000
0.0000000000000000 0.0000000000000000 0.0000000000000000 0.0000000000000000 0.0000000000000000 0.0000000000000000
0.0000000000000000 0.0000000000000000 0.0000000000000000 0.0000000000000000 0.0000000000000000 0.0000000000000000
0.0000000000000000 0.0000000000000000 0.0000000000000000 0.0000000000000000 0.0000000000000000 0.0000000000000000
0.0000000000000000 0.0000000000000000 0.0000000000000000 0.0000000000000000 0.0000000000000000 0.0000000000000000
0.0000000000000000 0.0000000000000000 0.0000000000000000 0.0000000000000000 0.0000000000000000 0.0000000000000000
0.0000000000000000 0.0000000000000000 0.0000000000000000 0.0000000000000000 0.0000000000000000 0.0000000000000000
0.0000000000000000 0.0000000000000000 0.0000000000000000 0.0000000000000000 0.0000000000000000 0.0000000000000000
0.0000000000000000 0.0000000000000000 0.0000000000000000 0.0000000000000000 0.0000000000000000 0.0000000000000000
0.0000000000000000 0.0000000000000000 0.0000000000000000 0.0000000000000000 0.0000000000000000 0.0000000000000000
0.0000000000000000 0.0000000000000000 0.0000000000000000 0.0000000000000000 0.0000000000000000 0.0000000000000000
0.0000000000000000 0.0000000000000000 0.0000000000000000 0.0000000000000000 0.0000000000000000 0.0000000000000000
0.0000000000000000 0.0000000000000000 0.0000000000000000 0.0000000000000000 0.0000000000000000 0.0000000000000000
0.0000000000000000 0.0000000000000000 0.0000000000000000 0.0000000000000000 0.0000000000000000 0.0000000000000000
0.0000000000000000 0.0000000000000000 0.0000000000000000 0.0000000000000000 0.0000000000000000 0.0000000000000000
0.0000000000000000 0.0000000000000000 0.0000000000000000 0.0000000000000000 0.0000000000000000 0.0000000000000000
0.0000000000000000 0.0000000000000000 0.0000000000000000 0.0000000000000000 0.0000000000000000 0.0000000000000000
0.0000000000000000 0.0000000000000000 0.0000000000000000 0.0000000000000000 0.0000000000000000 0.0000000000000000
0.0000000000000000 0.0000000000000000 0.0000000000000000 0.0000000000000000 0.0000000000000000 0.0000000000000000
0.0000000000000000 0.0000000000000000 0.0000000000000000 0.0000000000000000 0.0000000000000000 0.0000000000000000
0.0000000000000000 0.0000000000000000 0.0000000000000000 0.0000000000000000 0.0000000000000000 0.0000000000000000
0.0000000000000000 0.0000000000000000 0.0000000000000000 0.0000000000000000 0.0000000000000000 0.0000000000000000
0.0000000000000000 0.0000000000000000 0.0000000000000000 0.0000000000000000 0.0000000000000000 0.0000000000000000
0.0000000000000000 0.0000000000000000 0.0000000000000000 0.0000000000000000 0.0000000000000000 0.0000000000000000
0.0000000000000000 0.0000000000000000 0.0000000000000000 0.0000000000000000 0.0000000000000000 0.0000000000000000
0.0000000000000000 0.0000000000000000 0.0000000000000000 0.0000000000000000 0.0000000000000000 0.0000000000000000
0.0000000000000000 0.0000000000000000 0.0000000000000000 0.0000000000000000 0.0000000000000000 0.0000000000000000
0.0000000000000000 0.0000000000000000 0.0000000000000000 0.0000000000000000 0.0000000000000000 0.0000000000000000
0.0000000000000000 0.0000000000000000 0.0000000000000000 0.0000000000000000 0.0000000000000000 0.0000000000000000
0.0000000000000000 0.0000000000000000 0.0000000000000000 0.0000000000000000 0.0000000000000000 0.0000000000000000
0.0000000000000000 0.0000000000000000 0.0000000000000000 0.0000000000000000 0.0000000000000000 0.0000000000000000
0.0000000000000000 0.0000000000000000 0.0000000000000000 0.0000000000000000 0.0000000000000000 0.0000000000000000
0.0000000000000000 0.0000000000000000 0.0000000000000000 0.0000000000000000 0.0000000000000000 0.0000000000000000
0.0000000000000000 0.0000000000000000 0.0000000000000000 0.0000000000000000 0.0000000000000000 0.0000000000000000
0.0000000000000000 0.0000000000000000 0.0000000000000000 0.0000000000000000 0.0000000000000000 0.0000000000000000
0.0000000000000000 0.0000000000000000 0.0000000000000000 0.0000000000000000 0.0000000000000000 0.0000000000000000
0.0000000000000000 0.0000000000000000 0.0000000000000000 0.0000000000000000 0.0000000000000000 0.0000000000000000
0.0000000000000000 0.0000000000000000 0.0000000000000000 0.0000000000000000 0.0000000000000000 0.0000000000000000
0.0000000000000000 0.0000000000000000 0.0000000000000000 0.0000000000000000 0.0000000000000000 0.0000000000000000
0.0000000000000000 0.0000000000000000 0.0000000000000000 0.0000000000000000 0.0000000000000000 0.0000000000000000
0.0000000000000000 0.0000000000000000 0.0000000000000000 0.0000000000000000 0.0000000000000000 0.0000000000000000
0.0000000000000000 0.0000000000000000 0.0000000000000000 0.0000000000000000 0.0000000000000000 0.0000000000000000
0.0000000000000000 0.0000000000000000 0.0000000000000000 0.0000000000000000 0.0000000000000000 0.0000000000000000
0.0000000000000000 0.0000000000000000 0.0000000000000000 0.0000000000000000 0.0000000000000000 0.0000000000000000
0.0000000000000000 0.0000000000000000 0.0000000000000000 0.0000000000000000 0.0000000000000000 0.0000000000000000
0.0000000000000000 0.0000000000000000 0.0000000000000000 0.0000000000000000 0.0000000000000000 0.0000000000000000
0.0000000000000000 0.0000000000000000 0.0000000000000000 0.0000000000000000 0.0000000000000000 0.0000000000000000
0.0000000000000000 0.0000000000000000 0.0000000000000000 0.0000000000000000 0.0000000000000000 0.0000000000000000
0.0000000000000000 0.0000000000000000 0.0000000000000000 0.0000000000000000 0.0000000000000000 0.0000000000000000
0.0000000000000000 0.0000000000000000 0.0000000000000000 0.0000000000000000 0.0000000000000000 0.0000000000000000
0.0000000000000000 0.0000000000000000 0.0000000000000000 0.0000000000000000 0.0000000000000000 0.0000000000000000
0.0000000000000000 0.0000000000000000 0.0000000000000000 0.0000000000000000 0.0000000000000000 0.0000000000000000
0.0000000000000000 0.0000000000000000 0.0000000000000000 0.0000000000000000 0.0000000000000000 0.0000000000000000
0.0000000000000000 0.0000000000000000 0.0000000000000000 0.0000000000000000 0.0000000000000000 0.0000000000000000
0.0000000000000000 0.0000000000000000 0.0000000000000000 0.0000000000000000 0.0000000000000000 0.0000000000000000
1.0000000000000000 1.0000000000000000 1.0000000000000000 1.0000000000000000 0
1.0000000000000000 1.0000000000000000 1.0000000000000000 1.0000000000000000 0
1.0000000000000000 1.0000000000000000 1.0000000000000000 1.0000000000000000 0
1.0000000000000000 1.0000000000000000 1.0000000000000000 1.0000000000000000 0
1.0000000000000000 1.0000000000000000 1.0000000000000000 1.0000000000000000 0
1.0000000000000000 1.0000000000000000 1.0000000000000000 1.0000000000000000 0
1.0000000000000000 1.0000000000000000 1.0000000000000000 1.0000000000000000 0
1.0000000000000000 1.0000000000000000 1.0000000000000000 1.0000000000000000 0
1.0000000000000000 1.0000000000000000 1.0000000000000000 1.0000000000000000 0
1.0000000000000000 1.0000000000000000 1.0000000000000000 1.0000000000000000 0
1.0000000000000000 1.0000000000000000 1.0000000000000000 1.0000000000000000 0
1.0000000000000000 1.0000000000000000 1.0000000000000000 1.0000000000000000 0
1.0000000000000000 1.0000000000000000 1.0000000000000000 1.0000000000000000 0
1.0000000000000000 1.0000000000000000 1.0000000000000000 1.0000000000000000 0
1.0000000000000000 1.0000000000000000 1.0000000000000000 1.0000000000000000 0
1.0000000000000000 1.0000000000000000 1.0000000000000000 1.0000000000000000 0
1.0000000000000000 1.0000000000000000 1.0000000000000000 1.0000000000000000 0
1.0000000000000000 1.0000000000000000 1.0000000000000000 1.0000000000000000 0
1.0000000000000000 1.0000000000000000 1.0000000000000000 1.0000000000000000 0
1.0000000000000000 1.0000000000000000 1.0000000000000000 1.0000000000000000 0
1.0000000000000000 1.0000000000000000 1.0000000000000000 1.0000000000000000 0
1.0000000000000000 1.0000000000000000 1.0000000000000000 1.0000000000000000 0
1.0000000000000000 1.0000000000000000 1.0000000000000000 1.0000000000000000 0
1.0000000000000000 1.0000000000000000 1.0000000000000000 1.0000000000000000 0
1.0000000000000000 1.0000000000000000 1.0000000000000000 1.0000000000000000 0
1.0000000000000000 1.0000000000000000 1.0000000000000000 1.0000000000000000 0
1.0000000000000000 1.0000000000000000 1.0000000000000000 1.0000000000000000 0
1.0000000000000000 1.0000000000000000 1.0000000000000000 1.0000000000000000 0
1.0000000000000000 1.0000000000000000 1.0000000000000000 1.0000000000000000 0
1.0000000000000000 1.0000000000000000 1.0000000000000000 1.0000000000000000 0
1.0000000000000000 1.0000000000000000 1.0000000000000000 1.0000000000000000 0
1.0000000000000000 1.0000000000000000 1.0000000000000000 1.0000000000000000 0
1.0000000000000000 1.0000000000000000 1.0000000000000000 1.0000000000000000 0
1.0000000000000000 1.0000000000000000 1.0000000000000000 1.0000000000000000 0
1.0000000000000000 1.0000000000000000 1.0000000000000000 1.0000000000000000 0
1.0000000000000000 1.0000000000000000 1.0000000000000000 1.0000000000000000 0
1.0000000000000000 1.0000000000000000 1.0000000000000000 1.0000000000000000 0
1.0000000000000000 1.0000000000000000 1.0000000000000000 1.0000000000000000 0
1.0000000000000000 1.0000000000000000 1.0000000000000000 1.0000000000000000 0
1.0000000000000000 1.0000000000000000 1.0000000000000000 1.0000000000000000 0
1.0000000000000000 1.0000000000000000 1.0000000000000000 1.0000000000000000 0
1.0000000000000000 1.0000000000000000 1.0000000000000000 1.0000000000000000 0
1.0000000000000000 1.0000000000000000 1.0000000000000000 1.0000000000000000 0
1.0000000000000000 1.0000000000000000 1.0000000000000000 1.0000000000000000 0
1.0000000000000000 1.0000000000000000 1.0000000000000000 1.0000000000000000 0
1.0000000000000000 1.0000000000000000 1.0000000000000000 1.0000000000000000 0
1.0000000000000000 1.0000000000000000 1.0000000000000000 1.0000000000000000 0
1.0000000000000000 1.0000000000000000 1.0000000000000000 1.0000000000000000 0
1.0000000000000000 1.0000000000000000 1.0000000000000000 1.0000000000000000 0
1.0000000000000000 1.0000000000000000 1.0000000000000000 1.0000000000000000 0
1.0000000000000000 1.0000000000000000 1.0000000000000000 1.0000000000000000 0
1.0000000000000000 1.0000000000000000 1.0000000000000000 1.0000000000000000 0
1.0000000000000000 1.0000000000000000 1.0000000000000000 1.0000000000000000 0
1.0000000000000000 1.0000000000000000 1.0000000000000000 1.0000000000000000 0
1.0000000000000000 1.0000000000000000 1.0000000000000000 1.0000000000000000 0
1.0000000000000000 1.0000000000000000 1.0000000000000000 1.0000000000000000 0
1.0000000000000000 1.0000000000000000 1.0000000000000000 1.0000000000000000 0
1.0000000000000000 1.0000000000000000 1.0000000000000000 1.0000000000000000 0
1.0000000000000000 1.0000000000000000 1.0000000000000000 1.0000000000000000 0
1.0000000000000000 1.0000000000000000 1.0000000000000000 1.0000000000000000 0
1.0000000000000000 1.0000000000000000 1.0000000000000000 1.0000000000000000 0
1.0000000000000000 1.0000000000000000 1.0000000000000000 1.0000000000000000 0
1.0000000000000000 1.0000000000000000 1.0000000000000000 1.0000000000000000 0
1.0000000000000000 1.0000000000000000 1.0000000000000000 1.0000000000000000 0
0.0000000000000000 0.0000000000000000 0.0000000000000000 0.0000000000000000 0.0000000000000000 0.0000000000000000
0.0000000000000000 0.0000000000000000 0.0000000000000000 0.0000000000000000 0.0000000000000000 0.0000000000000000
0.0000000000000000 0.0000000000000000 0.0000000000000000 0.0000000000000000 0.0000000000000000 0.0000000000000000
0.0000000000000000 0.0000000000000000 0.0000000000000000 0.0000000000000000 0.0000000000000000 0.0000000000000000
0.0000000000000000 0.0000000000000000 0.0000000000000000 0.0000000000000000 0.0000000000000000 0.0000000000000000
0.0000000000000000 0.0000000000000000 0.0000000000000000 0.0000000000000000 0.0000000000000000 0.0000000000000000
0.0000000000000000 0.0000000000000000 0.0000000000000000 0.0000000000000000 0.0000000000000000 0.0000000000000000
0.0000000000000000 0.0000000000000000 0.0000000000000000 0.0000000000000000 0.0000000000000000 0.0000000000000000
0.0000000000000000 0.0000000000000000 0.0000000000000000 0.0000000000000000 0.0000000000000000 0.0000000000000000
0.0000000000000000 0.0000000000000000 0.0000000000000000 0.0000000000000000 0.0000000000000000 0.0000000000000000
0.0000000000000000 0.0000000000000000 0.0000000000000000 0.0000000000000000 0.0000000000000000 0.0000000000000000
0.0000000000000000 0.0000000000000000 0.0000000000000000 0.0000000000000000 0.0000000000000000 0.0000000000000000
0.0000000000000000 0.0000000000000000 0.0000000000000000 0.0000000000000000 0.0000000000000000 0.0000000000000000
0.0000000000000000 0.0000000000000000 0.0000000000000000 0.0000000000000000 0.0000000000000000 0.0000000000000000
0.0000000000000000 0.0000000000000000 0.0000000000000000 0.0000000000000000 0.0000000000000000 0.0000000000000000
0.0000000000000000 0.0000000000000000 0.0000000000000000 0.0000000000000000 0.0000000000000000 0.0000000000000000
0.0000000000000000 0.0000000000000000 0.0000000000000000 0.0000000000000000 0.0000000000000000 0.0000000000000000
0.0000000000000000 0.0000000000000000 0.0000000000000000 0.0000000000000000 0.0000000000000000 0.0000000000000000
0.0000000000000000 0.0000000000000000 0.0000000000000000 0.0000000000000000 0.0000000000000000 0.0000000000000000
0.0000000000000000 0.0000000000000000 0.0000000000000000 0.0000000000000000 0.0000000000000000 0.0000000000000000
0.0000000000000000 0.0000000000000000 0.0000000000000000 0.0000000000000000 0.0000000000000000 0.0000000000000000
0.0000000000000000 0.0000000000000000 0.0000000000000000 0.0000000000000000 0.0000000000000000 0.0000000000000000
0.0000000000000000 0.0000000000000000 0.0000000000000000 0.0000000000000000 0.0000000000000000 0.0000000000000000
0.0000000000000000 0.0000000000000000 0.0000000000000000 0.0000000000000000 0.0000000000000000 0.0000000000000000
0.0000000000000000 0.0000000000000000 0.0000000000000000 0.0000000000000000 0.0000000000000000 0.0000000000000000
0.0000000000000000 0.0000000000000000 0.0000000000000000 0.0000000000000000 0.0000000000000000 0.0000000000000000
0.0000000000000000 0.0000000000000000 0.0000000000000000 0.0000000000000000 0.0000000000000000 0.0000000000000000
0.0000000000000000 0.0000000000000000 0.0000000000000000 0.0000000000000000 0.0000000000000000 0.0000000000000000
0.0000000000000000 0.0000000000000000 0.0000000000000000 0.0000000000000000 0.0000000000000000 0.0000000000000000
0.0000000000000000 0.0000000000000000 0.0000000000000000 0.0000000000000000 0.0000000000000000 0.0000000000000000
0.0000000000000000 0.0000000000000000 0.0000000000000000 0.0000000000000000 0.0000000000000000 0.0000000000000000
0.0000000000000000 0.0000000000000000 0.0000000000000000 0.0000000000000000 0.0000000000000000 0.0000000000000000
0.0000000000000000 0.0000000000000000 0.0000000000000000 0.0000000000000000 0.0000000000000000 0.0000000000000000
0.0000000000000000 0.0000000000000000 0.0000000000000000 0.0000000000000000 0.0000000000000000 0.0000000000000000
0.0000000000000000 0.0000000000000000 0.0000000000000000 0.0000000000000000 0.0000000000000000 0.0000000000000000
0.0000000000000000 0.0000000000000000 0.0000000000000000 0.0000000000000000 0.0000000000000000 0.0000000000000000
0.0000000000000000 0.0000000000000000 0.0000000000000000 0.0000000000000000 0.0000000000000000 0.0000000000000000
0.0000000000000000 0.0000000000000000 0.0000000000000000 0.0000000000000000 0.0000000000000000 0.0000000000000000
0.0000000000000000 0.0000000000000000 0.0000000000000000 0.0000000000000000 0.0000000000000000 0.0000000000000000
0.0000000000000000 0.0000000000000000 0.0000000000000000 0.0000000000000000 0.0000000000000000 0.0000000000000000
0.0000000000000000 0.0000000000000000 0.0000000000000000 0.0000000000000000 0.0000000000000000 0.0000000000000000
0.0000000000000000 0.0000000000000000 0.0000000000000000 0.0000000000000000 0.0000000000000000 0.0000000000000000
0.0000000000000000 0.0000000000000000 0.0000000000000000 0.0000000000000000 0.0000000000000000 0.0000000000000000
0.0000000000000000 0.0000000000000000 0.0000000000000000 0.0000000000000000 0.0000000000000000 0.0000000000000000
0.0000000000000000 0.0000000000000000 0.0000000000000000 0.0000000000000000 0.0000000000000000 0.0000000000000000
0.0000000000000000 0.0000000000000000 0.0000000000000000 0.0000000000000000 0.0000000000000000 0.0000000000000000
0.0000000000000000 0.0000000000000000 0.0000000000000000 0.0000000000000000 0.0000000000000000 0.0000000000000000
0.0000000000000000 0.0000000000000000 0.0000000000000000 0.0000000000000000 0.0000000000000000 0.0000000000000000
0.0000000000000000 0.0000000000000000 0.0000000000000000 0.0000000000000000 0.0000000000000000 0.0000000000000000
0.0000000000000000 0.0000000000000000 0.0000000000000000 0.0000000000000000 0.0000000000000000 0.0000000000000000
0.0000000000000000 0.0000000000000000 0.0000000000000000 0.0000000000000000 0.0000000000000000 0.0000000000000000
0.0000000000000000 0.0000000000000000 0.0000000000000000 0.0000000000000000 0.0000000000000000 0.0000000000000000
0.0000000000000000 0.0000000000000000 0.0000000000000000 0.0000000000000000 0.0000000000000000 0.0000000000000000
0.0000000000000000 0.0000000000000000 0.0000000000000000 0.0000000000000000 0.0000000000000000 0.0000000000000000
0.0000000000000000 0.0000000000000000 0.0000000000000000 0.0000000000000000 0.0000000000000000 0.0000000000000000
0.0000000000000000 0.0000000000000000 0.0000000000000000 0.0000000000000000 0.0000000000000000 0.0000000000000000
0.0000000000000000 0.0000000000000000 0.0000000000000000 0.0000000000000000 0.0000000000000000 0.0000000000000000
0.0000000000000000 0.0000000000000000 0.0000000000000000 0.0000000000000000 0.0000000000000000 0.0000000000000000
0.0000000000000000 0.0000000000000000 0.0000000000000000 0.0000000000000000 0.0000000000000000 0.0000000000000000
0.0000000000000000 0.0000000000000000 0.0000000000000000 0.0000000000000000 0.0000000000000000 0.0000000000000000
0.0000000000000000 0.0000000000000000 0.0000000000000000 0.0000000000000000 0.0000000000000000 0.0000000000000000
0.0000000000000000 0.0000000000000000 0.0000000000000000 0.0000000000000000 0.0000000000000000 0.0000000000000000
0.0000000000000000 0.0000000000000000 0.0000000000000000 0.0000000000000000 0.0000000000000000 0.0000000000000000
0.0000000000000000 0.0000000000000000 0.0000000000000000 0.0000000000000000 0.0000000000000000 0.0000000000000000
0.0000000000000000 0.0000000000000000 0.0000000000000000 0.0000000000000000 0.0000000000000000 0.0000000000000000
0.0000000000000000 0.0000000000000000 0.0000000000000000 0.0000000000000000 0.0000000000000000 0.0000000000000000
0.0000000000000000 0.0000000000000000 0.0000000000000000 0.0000000000000000 0.0000000000000000 0.0000000000000000
0.0000000000000000 0.0000000000000000 0.0000000000000000 0.0000000000000000 0.0000000000000000 0.0000000000000000
0.0000000000000000 0.0000000000000000 0.0000000000000000 0.0000000000000000 0.0000000000000000 0.0000000000000000
0.0000000000000000 0.0000000000000000 0.0000000000000000 0.0000000000000000 0.0000000000000000 0.0000000000000000
0.0000000000000000 0.0000000000000000 0.0000000000000000 0.0000000000000000 0.0000000000000000 0.0000000000000000
0.0000000000000000 0.0000000000000000 0.0000000000000000 0.0000000000000000 0.0000000000000000 0.0000000000000000
0.0000000000000000 0.0000000000000000 0.0000000000000000 0.0000000000000000 0.0000000000000000 0.0000000000000000
0.0000000000000000 0.0000000000000000 0.0000000000000000 0.0000000000000000 0.0000000000000000 0.0000000000000000
0.0000000000000000 0.0000000000000000 0.0000000000000000 0.0000000000000000 0.0000000000000000 0.0000000000000000
0.0000000000000000 0.0000000000000000 0.0000000000000000 0.0000000000000000 0.0000000000000000 0.0000000000000000
0.0000000000000000 0.0000000000000000 0.0000000000000000 0.0000000000000000 0.0000000000000000 0.0000000000000000
0.0000000000000000 0.0000000000000000 0.0000000000000000 0.0000000000000000 0.0000000000000000 0.0000000000000000
0.0000000000000000 0.0000000000000000 0.0000000000000000 0.0000000000000000 0.0000000000000000 0.0000000000000000
0.0000000000000000 0.0000000000000000 0.0000000000000000 0.0000000000000000 0.0000000000000000 0.0000000000000000
0.0000000000000000 0.0000000000000000 0.0000000000000000 0.0000000000000000 0.0000000000000000 0.0000000000000000
0.0000000000000000 0.0000000000000000 0.0000000000000000 0.0000000000000000 0.0000000000000000 0.0000000000000000
0.0000000000000000 0.0000000000000000 0.0000000000000000 0.0000000000000000 0.0000000000000000 0.0000000000000000
0.0000000000000000 0.0000000000000000 0.0000000000000000 0.0000000000000000 0.0000000000000000 0.0000000000000000
0.0000000000000000 0.0000000000000000 0.0000000000000000 0.0000000000000000 0.0000000000000000 0.0000000000000000
0.0000000000000000 0.0000000000000000 0.0000000000000000 0.0000000000000000 0.0000000000000000 0.0000000000000000
0.0000000000000000 0.0000000000000000 0.0000000000000000 0.0000000000000000 0.0000000000000000 0.0000000000000000
0.0000000000000000 0.0000000000000000 0.0000000000000000 0.0000000000000000 0.0000000000000000 0.0000000000000000
0.0000000000000000 0.0000000000000000 0.0000000000000000 0.0000000000000000 0.0000000000000000 0.0000000000000000
0.0000000000000000 0.0000000000000000 0.0000000000000000 0.0000000000000000 0.0000000000000000 0.0000000000000000
0.0000000000000000 0.0000000000000000 0.0000000000000000 0.0000000000000000 0.0000000000000000 0.0000000000000000
0.0000000000000000 0.0000000000000000 0.0000000000000000 0.0000000000000000 0.0000000000000000 0.0000000000000000
0.0000000000000000 0.0000000000000000 0.0000000000000000 0.0000000000000000 0.0000000000000000 0.0000000000000000
0.0000000000000000 0.0000000000000000 0.0000000000000000 0.0000000000000000 0.0000000000000000 0.0000000000000000
0.0000000000000000 0.0000000000000000 0.0000000000000000 0.0000000000000000 0.0000000000000000 0.0000000000000000
0.0000000000000000 0.0000000000000000 0.0000000000000000 0.0000000000000000 0.0000000000000000 0.0000000000000000
0.0000000000000000 0.0000000000000000 0.0000000000000000 0.0000000000000000 0.0000000000000000 0.0000000000000000
0.0000000000000000 0.0000000000000000 0.0000000000000000 0.0000000000000000 0.0000000000000000 0.0000000000000000
0.0000000000000000 0.0000000000000000 0.0000000000000000 0.0000000000000000 0.0000000000000000 0.0000000000000000
0.0000000000000000 0.0000000000000000 0.0000000000000000 0.0000000000000000 0.0000000000000000 0.0000000000000000
0.0000000000000000 0.0000000000000000 0.0000000000000000 0.0000000000000000 0.0000000000000000 0.0000000000000000
0.0000000000000000 0.0000000000000000 0.0000000000000000 0.0000000000000000 0.0000000000000000 0.0000000000000000
0.0000000000000000 0.0000000000000000 0.0000000000000000 0.0000000000000000 0.0000000000000000 0.0000000000000000
0.0000000000000000 0.0000000000000000 0.0000000000000000 0.0000000000000000 0.0000000000000000 0.0000000000000000
0.0000000000000000 0.0000000000000000 0.0000000000000000 0.0000000000000000 0.0000000000000000 0.0000000000000000
0.0000000000000000 0.0000000000000000 0.0000000000000000 0.0000000000000000 0.0000000000000000 0.0000000000000000
0.0000000000000000 0.0000000000000000 0.0000000000000000 0.0000000000000000 0.0000000000000000 0.0000000000000000
0.0000000000000000 0.0000000000000000 0.0000000000000000 0.0000000000000000 0.0000000000000000 0.0000000000000000
0.0000000000000000 0.0000000000000000 0.0000000000000000 0.0000000000000000 0.0000000000000000 0.0000000000000000
0.0000000000000000 0.0000000000000000 0.0000000000000000 0.0000000000000000 0.0000000000000000 0.0000000000000000
0.0000000000000000 0.0000000000000000 0.0000000000000000 0.0000000000000000 0.0000000000000000 0.0000000000000000
0.0000000000000000 0.0000000000000000 0.0000000000000000 0.0000000000000000 0.0000000000000000 0.0000000000000000
0.0000000000000000 0.0000000000000000 0.0000000000000000 0.0000000000000000 0.0000000000000000 0.0000000000000000
0.0000000000000000 0.0000000000000000 0.0000000000000000 0.0000000000000000 0.0000000000000000 0.0000000000000000
0.0000000000000000 0.0000000000000000 0.0000000000000000 0.0000000000000000 0.0000000000000000 0.0000000000000000
0.0000000000000000 0.0000000000000000 0.0000000000000000 0.0000000000000000 0.0000000000000000 0.0000000000000000
0.0000000000000000 0.0000000000000000 0.0000000000000000 0.0000000000000000 0.0000000000000000 0.0000000000000000
0.0000000000000000 0.0000000000000000 0.0000000000000000 0.0000000000000000 0.0000000000000000 0.0000000000000000
0.0000000000000000 0.0000000000000000 0.0000000000000000 0.0000000000000000 0.0000000000000000 0.0000000000000000
0.0000000000000000 0.0000000000000000 0.0000000000000000 0.0000000000000000 0.0000000000000000 0.0000000000000000
0.0000000000000000 0.0000000000000000 0.0000000000000000 0.0000000000000000 0.0000000000000000 0.0000000000000000
0.0000000000000000 0.0000000000000000 0.0000000000000000 0.0000000000000000 0.0000000000000000 0.0000000000000000
0.0000000000000000 0.0000000000000000 0.0000000000000000 0.0000000000000000 0.0000000000000000 0.0000000000000000
0.0000000000000000 0.0000000000000000 0.0000000000000000 0.0000000000000000 0.0000000000000000 0.0000000000000000
0.0000000000000000 0.0000000000000000 0.0000000000000000 0.0000000000000000 0.0000000000000000 0.0000000000000000
0.0000000000000000 0.0000000000000000 0.0000000000000000 0.0000000000000000 0.0000000000000000 0.0000000000000000
0.0000000000000000 0.0000000000000000 0.0000000000000000 0.0000000000000000 0.0000000000000000 0.0000000000000000
0.0000000000000000 0.0000000000000000 0.0000000000000000 0.0000000000000000 0.0000000000000000 0.0000000000000000
1.0000000000000000 1.0000000000000000 1.0000000000000000 1.0000000000000000 0
1.0000000000000000 1.0000000000000000 1.0000000000000000 1.0000000000000000 0
1.0000000000000000 1.0000000000000000 1.0000000000000000 1.0000000000000000 0
1.0000000000000000 1.0000000000000000 1.0000000000000000 1.0000000000000000 0
1.0000000000000000 1.0000000000000000 1.0000000000000000 1.0000000000000000 0
1.0000000000000000 1.0000000000000000 1.0000000000000000 1.0000000000000000 0
1.0000000000000000 1.0000000000000000 1.0000000000000000 1.0000000000000000 0
1.0000000000000000 1.0000000000000000 1.0000000000000000 1.0000000000000000 0
1.0000000000000000 1.0000000000000000 1.0000000000000000 1.0000000000000000 0
1.0000000000000000 1.0000000000000000 1.0000000000000000 1.0000000000000000 0
1.0000000000000000 1.0000000000000000 1.0000000000000000 1.0000000000000000 0
1.0000000000000000 1.0000000000000000 1.0000000000000000 1.0000000000000000 0
1.0000000000000000 1.0000000000000000 1.0000000000000000 1.0000000000000000 0
1.0000000000000000 1.0000000000000000 1.0000000000000000 1.0000000000000000 0
1.0000000000000000 1.0000000000000000 1.0000000000000000 1.0000000000000000 0
1.0000000000000000 1.0000000000000000 1.0000000000000000 1.0000000000000000 0
1.0000000000000000 1.0000000000000000 1.0000000000000000 1.0000000000000000 0
1.0000000000000000 1.0000000000000000 1.0000000000000000 1.0000000000000000 0
1.0000000000000000 1.0000000000000000 1.0000000000000000 1.0000000000000000 0
1.0000000000000000 1.0000000000000000 1.0000000000000000 1.0000000000000000 0
1.0000000000000000 1.0000000000000000 1.0000000000000000 1.0000000000000000 0
1.0000000000000000 1.0000000000000000 1.0000000000000000 1.0000000000000000 0
1.0000000000000000 1.0000000000000000 1.0000000000000000 1.0000000000000000 0
1.0000000000000000 1.0000000000000000 1.0000000000000000 1.0000000000000000 0
1.0000000000000000 1.0000000000000000 1.0000000000000000 1.0000000000000000 0
1.0000000000000000 1.0000000000000000 1.0000000000000000 1.0000000000000000 0
1.0000000000000000 1.0000000000000000 1.0000000000000000 1.0000000000000000 0
1.0000000000000000 1.0000000000000000 1.0000000000000000 1.0000000000000000 0
1.0000000000000000 1.0000000000000000 1.0000000000000000 1.0000000000000000 0
1.0000000000000000 1.0000000000000000 1.0000000000000000 1.0000000000000000 0
1.0000000000000000 1.0000000000000000 1.0000000000000000 1.0000000000000000 0
1.0000000000000000 1.0000000000000000 1.0000000000000000 1.0000000000000000 0
1.0000000000000000 1.0000000000000000 1.0000000000000000 1.0000000000000000 0
1.0000000000000000 1.0000000000000000 1.0000000000000000 1.0000000000000000 0
1.0000000000000000 1.0000000000000000 1.0000000000000000 1.0000000000000000 0
1.0000000000000000 1.0000000000000000 1.0000000000000000 1.0000000000000000 0
1.0000000000000000 1.0000000000000000 1.0000000000000000 1.0000000000000000 0
1.0000000000000000 1.0000000000000000 1.0000000000000000 1.0000000000000000 0
1.0000000000000000 1.0000000000000000 1.0000000000000000 1.0000000000000000 0
1.0000000000000000 1.0000000000000000 1.0000000000000000 1.0000000000000000 0
1.0000000000000000 1.0000000000000000 1.0000000000000000 1.0000000000000000 0
1.0000000000000000 1.0000000000000000 1.0000000000000000 1.0000000000000000 0
1.0000000000000000 1.0000000000000000 1.0000000000000000 1.0000000000000000 0
1.0000000000000000 1.0000000000000000 1.0000000000000000 1.0000000000000000 0
1.0000000000000000 1.0000000000000000 1.0000000000000000 1.0000000000000000 0
1.0000000000000000 1.0000000000000000 1.0000000000000000 1.0000000000000000 0
1.0000000000000000 1.0000000000000000 1.0000000000000000 1.0000000000000000 0
1.0000000000000000 1.0000000000000000 1.0000000000000000 1.0000000000000000 0
1.0000000000000000 1.0000000000000000 1.0000000000000000 1.0000000000000000 0
1.0000000000000000 1.0000000000000000 1.0000000000000000 1.0000000000000000 0
1.0000000000000000 1.0000000000000000 1.0000000000000000 1.0000000000000000 0
1.0000000000000000 1.0000000000000000 1.0000000000000000 1.0000000000000000 0
1.0000000000000000 1.0000000000000000 1.0000000000000000 1.0000000000000000 0
1.0000000000000000 1.0000000000000000 1.0000000000000000 1.0000000000000000 0
1.0000000000000000 1.0000000000000000 1.0000000000000000 1.0000000000000000 0
1.0000000000000000 1.0000000000000000 1.0000000000000000 1.0000000000000000 0
1.0000000000000000 1.0000000000000000 1.0000000000000000 1.0000000000000000 0
1.0000000000000000 1.0000000000000000 1.0000000000000000 1.0000000000000000 0
1.0000000000000000 1.0000000000000000 1.0000000000000000 1.0000000000000000 0
1.0000000000000000 1.0000000000000000 1.0000000000000000 1.0000000000000000 0
1.0000000000000000 1.0000000000000000 1.0000000000000000 1.0000000000000000 0
1.0000000000000000 1.0000000000000000 1.0000000000000000 1.0000000000000000 0
1.0000000000000000 1.0000000000000000 1.0000000000000000 1.0000000000000000 0
1.0000000000000000 1.0000000000000000 1.0000000000000000 1.0000000000000000 0
0.0000000000000000 0.0000000000000000 0.0000000000000000 0.0000000000000000 0.0000000000000000 0.0000000000000000
0.0000000000000000 0.0000000000000000 0.0000000000000000 0.0000000000000000 0.0000000000000000 0.0000000000000000
0.0000000000000000 0.0000000000000000 0.0000000000000000 0.0000000000000000 0.0000000000000000 0.0000000000000000
0.0000000000000000 0.0000000000000000 0.0000000000000000 0.0000000000000000 0.0000000000000000 0.0000000000000000
0.0000000000000000 0.0000000000000000 0.0000000000000000 0.0000000000000000 0.0000000000000000 0.0000000000000000
0.0000000000000000 0.0000000000000000 0.0000000000000000 0.0000000000000000 0.0000000000000000 0.0000000000000000
0.0000000000000000 0.0000000000000000 0.0000000000000000 0.0000000000000000 0.0000000000000000 0.0000000000000000
0.0000000000000000 0.0000000000000000 0.0000000000000000 0.0000000000000000 0.0000000000000000 0.0000000000000000
0.0000000000000000 0.0000000000000000 0.0000000000000000 0.0000000000000000 0.0000000000000000 0.0000000000000000
0.0000000000000000 0.0000000000000000 0.0000000000000000 0.0000000000000000 0.0000000000000000 0.0000000000000000
0.0000000000000000 0.0000000000000000 0.0000000000000000 0.0000000000000000 0.0000000000000000 0.0000000000000000
0.0000000000000000 0.0000000000000000 0.0000000000000000 0.0000000000000000 0.0000000000000000 0.0000000000000000
0.0000000000000000 0.0000000000000000 0.0000000000000000 0.0000000000000000 0.0000000000000000 0.0000000000000000
0.0000000000000000 0.0000000000000000 0.0000000000000000 0.0000000000000000 0.0000000000000000 0.0000000000000000
0.0000000000000000 0.0000000000000000 0.0000000000000000 0.0000000000000000 0.0000000000000000 0.0000000000000000
0.0000000000000000 0.0000000000000000 0.0000000000000000 0.0000000000000000 0.0000000000000000 0.0000000000000000
0.0000000000000000 0.0000000000000000 0.0000000000000000 0.0000000000000000 0.0000000000000000 0.0000000000000000
0.0000000000000000 0.0000000000000000 0.0000000000000000 0.0000000000000000 0.0000000000000000 0.0000000000000000
0.0000000000000000 0.0000000000000000 0.0000000000000000 0.0000000000000000 0.0000000000000000 0.0000000000000000
0.0000000000000000 0.0000000000000000 0.0000000000000000 0.0000000000000000 0.0000000000000000 0.0000000000000000
0.0000000000000000 0.0000000000000000 0.0000000000000000 0.0000000000000000 0.0000000000000000 0.0000000000000000
0.0000000000000000 0.0000000000000000 0.0000000000000000 0.0000000000000000 0.0000000000000000 0.0000000000000000
0.0000000000000000 0.0000000000000000 0.0000000000000000 0.0000000000000000 0.0000000000000000 0.0000000000000000
0.0000000000000000 0.0000000000000000 0.0000000000000000 0.0000000000000000 0.0000000000000000 0.0000000000000000
0.0000000000000000 0.0000000000000000 0.0000000000000000 0.0000000000000000 0.0000000000000000 0.0000000000000000
0.0000000000000000 0.0000000000000000 0.0000000000000000 0.0000000000000000 0.0000000000000000 0.0000000000000000
0.0000000000000000 0.0000000000000000 0.0000000000000000 0.0000000000000000 0.0000000000000000 0.0000000000000000
0.0000000000000000 0.0000000000000000 0.0000000000000000 0.0000000000000000 0.0000000000000000 0.0000000000000000
0.0000000000000000 0.0000000000000000 0.0000000000000000 0.0000000000000000 0.0000000000000000 0.0000000000000000
0.0000000000000000 0.0000000000000000 0.0000000000000000 0.0000000000000000 0.0000000000000000 0.0000000000000000
0.0000000000000000 0.0000000000000000 0.0000000000000000 0.0000000000000000 0.0000000000000000 0.0000000000000000
0.0000000000000000 0.0000000000000000 0.0000000000000000 0.0000000000000000 0.0000000000000000 0.0000000000000000
0.0000000000000000 0.0000000000000000 0.0000000000000000 0.0000000000000000 0.0000000000000000 0.0000000000000000
0.0000000000000000 0.0000000000000000 0.0000000000000000 0.0000000000000000 0.0000000000000000 0.0000000000000000
0.0000000000000000 0.0000000000000000 0.0000000000000000 0.0000000000000000 0.0000000000000000 0.0000000000000000
0.0000000000000000 0.0000000000000000 0.0000000000000000 0.0000000000000000 0.0000000000000000 0.0000000000000000
0.0000000000000000 0.0000000000000000 0.0000000000000000 0.0000000000000000 0.0000000000000000 0.0000000000000000
0.0000000000000000 0.0000000000000000 0.0000000000000000 0.0000000000000000 0.0000000000000000 0.0000000000000000
0.0000000000000000 0.0000000000000000 0.0000000000000000 0.0000000000000000 0.0000000000000000 0.0000000000000000
0.0000000000000000 0.0000000000000000 0.0000000000000000 0.0000000000000000 0.0000000000000000 0.0000000000000000
0.0000000000000000 0.0000000000000000 0.0000000000000000 0.0000000000000000 0.0000000000000000 0.0000000000000000
0.0000000000000000 0.0000000000000000 0.0000000000000000 0.0000000000000000 0.0000000000000000 0.0000000000000000
0.0000000000000000 0.0000000000000000 0.0000000000000000 0.0000000000000000 0.0000000000000000 0.0000000000000000
0.0000000000000000 0.0000000000000000 0.0000000000000000 0.0000000000000000 0.0000000000000000 0.0000000000000000
0.0000000000000000 0.0000000000000000 0.0000000000000000 0.0000000000000000 0.0000000000000000 0.0000000000000000
0.0000000000000000 0.0000000000000000 0.0000000000000000 0.0000000000000000 0.0000000000000000 0.0000000000000000
0.0000000000000000 0.0000000000000000 0.0000000000000000 0.0000000000000000 0.0000000000000000 0.0000000000000000
0.0000000000000000 0.0000000000000000 0.0000000000000000 0.0000000000000000 0.0000000000000000 0.0000000000000000
0.0000000000000000 0.0000000000000000 0.0000000000000000 0.0000000000000000 0.0000000000000000 0.0000000000000000
0.0000000000000000 0.0000000000000000 0.0000000000000000 0.0000000000000000 0.0000000000000000 0.0000000000000000
0.0000000000000000 0.0000000000000000 0.0000000000000000 0.0000000000000000 0.0000000000000000 0.0000000000000000
0.0000000000000000 0.0000000000000000 0.0000000000000000 0.0000000000000000 0.0000000000000000 0.0000000000000000
0.0000000000000000 0.0000000000000000 0.0000000000000000 0.0000000000000000 0.0000000000000000 0.0000000000000000
0.0000000000000000 0.0000000000000000 0.0000000000000000 0.0000000000000000 0.0000000000000000 0.0000000000000000
0.0000000000000000 0.0000000000000000 0.0000000000000000 0.0000000000000000 0.0000000000000000 0.0000000000000000
0.0000000000000000 0.0000000000000000 0.0000000000000000 0.0000000000000000 0.0000000000000000 0.0000000000000000
0.0000000000000000 0.0000000000000000 0.0000000000000000 0.0000000000000000 0.0000000000000000 0.0000000000000000
0.0000000000000000 0.0000000000000000 0.0000000000000000 0.0000000000000000 0.0000000000000000 0.0000000000000000
0.0000000000000000 0.0000000000000000 0.0000000000000000 0.0000000000000000 0.0000000000000000 0.0000000000000000
0.0000000000000000 0.0000000000000000 0.0000000000000000 0.0000000000000000 0.0000000000000000 0.0000000000000000
0.0000000000000000 0.0000000000000000 0.0000000000000000 0.0000000000000000 0.0000000000000000 0.0000000000000000
0.0000000000000000 0.0000000000000000 0.0000000000000000 0.0000000000000000 0.0000000000000000 0.0000000000000000
0.0000000000000000 0.0000000000000000 0.0000000000000000 0.0000000000000000 0.0000000000000000 0.0000000000000000
0.0000000000000000 0.0000000000000000 0.0000000000000000 0.0000000000000000 0.0000000000000000 0.0000000000000000
0.0000000000000000 0.0000000000000000 0.0000000000000000 0.0000000000000000 0.0000000000000000 0.0000000000000000
0.0000000000000000 0.0000000000000000 0.0000000000000000 0.0000000000000000 0.0000000000000000 0.0000000000000000
0.0000000000000000 0.0000000000000000 0.0000000000000000 0.0000000000000000 0.0000000000000000 0.0000000000000000
0.0000000000000000 0.0000000000000000 0.0000000000000000 0.0000000000000000 0.0000000000000000 0.0000000000000000
0.0000000000000000 0.0000000000000000 0.0000000000000000 0.0000000000000000 0.0000000000000000 0.0000000000000000
0.0000000000000000 0.0000000000000000 0.0000000000000000 0.0000000000000000 0.0000000000000000 0.0000000000000000
0.0000000000000000 0.0000000000000000 0.0000000000000000 0.0000000000000000 0.0000000000000000 0.0000000000000000
0.0000000000000000 0.0000000000000000 0.0000000000000000 0.0000000000000000 0.0000000000000000 0.0000000000000000
0.0000000000000000 0.0000000000000000 0.0000000000000000 0.0000000000000000 0.0000000000000000 0.0000000000000000
0.0000000000000000 0.0000000000000000 0.0000000000000000 0.0000000000000000 0.0000000000000000 0.0000000000000000
0.0000000000000000 0.0000000000000000 0.0000000000000000 0.0000000000000000 0.0000000000000000 0.0000000000000000
0.0000000000000000 0.0000000000000000 0.0000000000000000 0.0000000000000000 0.0000000000000000 0.0000000000000000
0.0000000000000000 0.0000000000000000 0.0000000000000000 0.0000000000000000 0.0000000000000000 0.0000000000000000
0.0000000000000000 0.0000000000000000 0.0000000000000000 0.0000000000000000 0.0000000000000000 0.0000000000000000
0.0000000000000000 0.0000000000000000 0.0000000000000000 0.0000000000000000 0.0000000000000000 0.0000000000000000
0.0000000000000000 0.0000000000000000 0.0000000000000000 0.0000000000000000 0.0000000000000000 0.0000000000000000
0.0000000000000000 0.0000000000000000 0.0000000000000000 0.0000000000000000 0.0000000000000000 0.0000000000000000
0.0000000000000000 0.0000000000000000 0.0000000000000000 0.0000000000000000 0.0000000000000000 0.0000000000000000
0.0000000000000000 0.0000000000000000 0.0000000000000000 0.0000000000000000 0.0000000000000000 0.0000000000000000
0.0000000000000000 0.0000000000000000 0.0000000000000000 0.0000000000000000 0.0000000000000000 0.0000000000000000
0.0000000000000000 0.0000000000000000 0.0000000000000000 0.0000000000000000 0.0000000000000000 0.0000000000000000
0.0000000000000000 0.0000000000000000 0.0000000000000000 0.0000000000000000 0.0000000000000000 0.0000000000000000
0.0000000000000000 0.0000000000000000 0.0000000000000000 0.0000000000000000 0.0000000000000000 0.0000000000000000
0.0000000000000000 0.0000000000000000 0.0000000000000000 0.0000000000000000 0.0000000000000000 0.0000000000000000
0.0000000000000000 0.0000000000000000 0.0000000000000000 0.0000000000000000 0.0000000000000000 0.0000000000000000
0.0000000000000000 0.0000000000000000 0.0000000000000000 0.0000000000000000 0.0000000000000000 0.0000000000000000
0.0000000000000000 0.0000000000000000 0.0000000000000000 0.0000000000000000 0.0000000000000000 0.0000000000000000
0.0000000000000000 0.0000000000000000 0.0000000000000000 0.0000000000000000 0.0000000000000000 0.0000000000000000
0.0000000000000000 0.0000000000000000 0.0000000000000000 0.0000000000000000 0.0000000000000000 0.0000000000000000
0.0000000000000000 0.0000000000000000 0.0000000000000000 0.0000000000000000 0.0000000000000000 0.0000000000000000
0.0000000000000000 0.0000000000000000 0.0000000000000000 0.0000000000000000 0.0000000000000000 0.0000000000000000
0.0000000000000000 0.0000000000000000 0.0000000000000000 0.0000000000000000 0.0000000000000000 0.0000000000000000
0.0000000000000000 0.0000000000000000 0.0000000000000000 0.0000000000000000 0.0000000000000000 0.0000000000000000
0.0000000000000000 0.0000000000000000 0.0000000000000000 0.0000000000000000 0.0000000000000000 0.0000000000000000
0.0000000000000000 0.0000000000000000 0.0000000000000000 0.0000000000000000 0.0000000000000000 0.0000000000000000
0.0000000000000000 0.0000000000000000 0.0000000000000000 0.0000000000000000 0.0000000000000000 0.0000000000000000
0.0000000000000000 0.0000000000000000 0.0000000000000000 0.0000000000000000 0.0000000000000000 0.0000000000000000
0.0000000000000000 0.0000000000000000 0.0000000000000000 0.0000000000000000 0.0000000000000000 0.0000000000000000
0.0000000000000000 0.0000000000000000 0.0000000000000000 0.0000000000000000 0.0000000000000000 0.0000000000000000
0.0000000000000000 0.0000000000000000 0.0000000000000000 0.0000000000000000 0.0000000000000000 0.0000000000000000
0.0000000000000000 0.0000000000000000 0.0000000000000000 0.0000000000000000 0.0000000000000000 0.0000000000000000
0.0000000000000000 0.0000000000000000 0.0000000000000000 0.0000000000000000 0.0000000000000000 0.0000000000000000
0.0000000000000000 0.0000000000000000 0.0000000000000000 0.0000000000000000 0.0000000000000000 0.0000000000000000
0.0000000000000000 0.0000000000000000 0.0000000000000000 0.0000000000000000 0.0000000000000000 0.0000000000000000
0.0000000000000000 0.0000000000000000 0.0000000000000000 0.0000000000000000 0.0000000000000000 0.0000000000000000
0.0000000000000000 0.0000000000000000 0.0000000000000000 0.0000000000000000 0.0000000000000000 0.0000000000000000
0.0000000000000000 0.0000000000000000 0.0000000000000000 0.0000000000000000 0.0000000000000000 0.0000000000000000
0.0000000000000000 0.0000000000000000 0.0000000000000000 0.0000000000000000 0.0000000000000000 0.0000000000000000
0.0000000000000000 0.0000000000000000 0.0000000000000000 0.0000000000000000 0.0000000000000000 0.0000000000000000
0.0000000000000000 0.0000000000000000 0.0000000000000000 0.0000000000000000 0.0000000000000000 0.0000000000000000
0.0000000000000000 0.0000000000000000 0.0000000000000000 0.0000000000000000 0.0000000000000000 0.0000000000000000
0.0000000000000000 0.0000000000000000 0.0000000000000000 0.0000000000000000 0.0000000000000000 0.0000000000000000
0.0000000000000000 0.0000000000000000 0.0000000000000000 0.0000000000000000 0.0000000000000000 0.0000000000000000
0.0000000000000000 0.0000000000000000 0.0000000000000000 0.0000000000000000 0.0000000000000000 0.0000000000000000
0.0000000000000000 0.0000000000000000 0.0000000000000000 0.0000000000000000 0.0000000000000000 0.0000000000000000
0.0000000000000000 0.0000000000000000 0.0000000000000000 0.0000000000000000 0.0000000000000000 0.0000000000000000
0.0000000000000000 0.0000000000000000 0.0000000000000000 0.0000000000000000 0.0000000000000000 0.0000000000000000
0.0000000000000000 0.0000000000000000 0.0000000000000000 0.0000000000000000 0.0000000000000000 0.0000000000000000
0.0000000000000000 0.0000000000000000 0.0000000000000000 0.0000000000000000 0.0000000000000000 0.0000000000000000
0.0000000000000000 0.0000000000000000 0.0000000000000000 0.0000000000000000 0.0000000000000000 0.0000000000000000
0.0000000000000000 0.0000000000000000 0.0000000000000000 0.0000000000000000 0.0000000000000000 0.0000000000000000
0.0000000000000000 0.0000000000000000 0.0000000000000000 0.0000000000000000 0.0000000000000000 0.0000000000000000
0.0000000000000000 0.0000000000000000 0.0000000000000000 0.0000000000000000 0.0000000000000000 0.0000000000000000
0.0000000000000000 0.0000000000000000 0.0000000000000000 0.0000000000000000 0.0000000000000000 0.0000000000000000
1.0000000000000000 1.0000000000000000 1.0000000000000000 1.0000000000000000 0
1.0000000000000000 1.0000000000000000 1.0000000000000000 1.0000000000000000 0
1.0000000000000000 1.0000000000000000 1.0000000000000000 1.0000000000000000 0
1.0000000000000000 1.0000000000000000 1.0000000000000000 1.0000000000000000 0
1.0000000000000000 1.0000000000000000 1.0000000000000000 1.0000000000000000 0
1.0000000000000000 1.0000000000000000 1.0000000000000000 1.0000000000000000 0
1.0000000000000000 1.0000000000000000 1.0000000000000000 1.0000000000000000 0
1.0000000000000000 1.0000000000000000 1.0000000000000000 1.0000000000000000 0
1.0000000000000000 1.0000000000000000 1.0000000000000000 1.0000000000000000 0
1.0000000000000000 1.0000000000000000 1.0000000000000000 1.0000000000000000 0
1.0000000000000000 1.0000000000000000 1.0000000000000000 1.0000000000000000 0
1.0000000000000000 1.0000000000000000 1.0000000000000000 1.0000000000000000 0
1.0000000000000000 1.0000000000000000 1.0000000000000000 1.0000000000000000 0
1.0000000000000000 1.0000000000000000 1.0000000000000000 1.0000000000000000 0
1.0000000000000000 1.0000000000000000 1.0000000000000000 1.0000000000000000 0
1.0000000000000000 1.0000000000000000 1.0000000000000000 1.0000000000000000 0
1.0000000000000000 1.0000000000000000 1.0000000000000000 1.0000000000000000 0
1.0000000000000000 1.0000000000000000 1.0000000000000000 1.0000000000000000 0
1.0000000000000000 1.0000000000000000 1.0000000000000000 1.0000000000000000 0
1.0000000000000000 1.0000000000000000 1.0000000000000000 1.0000000000000000 0
1.0000000000000000 1.0000000000000000 1.0000000000000000 1.0000000000000000 0
1.0000000000000000 1.0000000000000000 1.0000000000000000 1.0000000000000000 0
1.0000000000000000 1.0000000000000000 1.0000000000000000 1.0000000000000000 0
1.0000000000000000 1.0000000000000000 1.0000000000000000 1.0000000000000000 0
1.0000000000000000 1.0000000000000000 1.0000000000000000 1.0000000000000000 0
1.0000000000000000 1.0000000000000000 1.0000000000000000 1.0000000000000000 0
1.0000000000000000 1.0000000000000000 1.0000000000000000 1.0000000000000000 0
1.0000000000000000 1.0000000000000000 1.0000000000000000 1.0000000000000000 0
1.0000000000000000 1.0000000000000000 1.0000000000000000 1.0000000000000000 0
1.0000000000000000 1.0000000000000000 1.0000000000000000 1.0000000000000000 0
1.0000000000000000 1.0000000000000000 1.0000000000000000 1.0000000000000000 0
1.0000000000000000 1.0000000000000000 1.0000000000000000 1.0000000000000000 0
1.0000000000000000 1.0000000000000000 1.0000000000000000 1.0000000000000000 0
1.0000000000000000 1.0000000000000000 1.0000000000000000 1.0000000000000000 0
1.0000000000000000 1.0000000000000000 1.0000000000000000 1.0000000000000000 0
1.0000000000000000 1.0000000000000000 1.0000000000000000 1.0000000000000000 0
1.0000000000000000 1.0000000000000000 1.0000000000000000 1.0000000000000000 0
1.0000000000000000 1.0000000000000000 1.0000000000000000 1.0000000000000000 0
1.0000000000000000 1.0000000000000000 1.0000000000000000 1.0000000000000000 0
1.0000000000000000 1.0000000000000000 1.0000000000000000 1.0000000000000000 0
1.0000000000000000 1.0000000000000000 1.0000000000000000 1.0000000000000000 0
1.0000000000000000 1.0000000000000000 1.0000000000000000 1.0000000000000000 0
1.0000000000000000 1.0000000000000000 1.0000000000000000 1.0000000000000000 0
1.0000000000000000 1.0000000000000000 1.0000000000000000 1.0000000000000000 0
1.0000000000000000 1.0000000000000000 1.0000000000000000 1.0000000000000000 0
1.0000000000000000 1.0000000000000000 1.0000000000000000 1.0000000000000000 0
1.0000000000000000 1.0000000000000000 1.0000000000000000 1.0000000000000000 0
1.0000000000000000 1.0000000000000000 1.0000000000000000 1.0000000000000000 0
1.0000000000000000 1.0000000000000000 1.0000000000000000 1.0000000000000000 0
1.0000000000000000 1.0000000000000000 1.0000000000000000 1.0000000000000000 0
1.0000000000000000 1.0000000000000000 1.0000000000000000 1.0000000000000000 0
1.0000000000000000 1.0000000000000000 1.0000000000000000 1.0000000000000000 0
1.0000000000000000 1.0000000000000000 1.0000000000000000 1.0000000000000000 0
1.0000000000000000 1.0000000000000000 1.0000000000000000 1.0000000000000000 0
1.0000000000000000 1.0000000000000000 1.0000000000000000 1.0000000000000000 0
1.0000000000000000 1.0000000000000000 1.0000000000000000 1.0000000000000000 0
1.0000000000000000 1.0000000000000000 1.0000000000000000 1.0000000000000000 0
1.0000000000000000 1.0000000000000000 1.0000000000000000 1.0000000000000000 0
1.0000000000000000 1.0000000000000000 1.0000000000000000 1.0000000000000000 0
1.0000000000000000 1.0000000000000000 1.0000000000000000 1.0000000000000000 0
1.0000000000000000 1.0000000000000000 1.0000000000000000 1.0000000000000000 0
1.0000000000000000 1.0000000000000000 1.0000000000000000 1.0000000000000000 0
1.0000000000000000 1.0000000000000000 1.0000000000000000 1.0000000000000000 0
1.0000000000000000 1.0000000000000000 1.0000000000000000 1.0000000000000000 0
0.0000000000000000 0.0000000000000000 0.0000000000000000 0.0000000000000000 0.0000000000000000 0.0000000000000000
0.0000000000000000 0.0000000000000000 0.0000000000000000 0.0000000000000000 0.0000000000000000 0.0000000000000000
0.0000000000000000 0.0000000000000000 0.0000000000000000 0.0000000000000000 0.0000000000000000 0.0000000000000000
0.0000000000000000 0.0000000000000000 0.0000000000000000 0.0000000000000000 0.0000000000000000 0.0000000000000000
0.0000000000000000 0.0000000000000000 0.0000000000000000 0.0000000000000000 0.0000000000000000 0.0000000000000000
0.0000000000000000 0.0000000000000000 0.0000000000000000 0.0000000000000000 0.0000000000000000 0.0000000000000000
0.0000000000000000 0.0000000000000000 0.0000000000000000 0.0000000000000000 0.0000000000000000 0.0000000000000000
0.0000000000000000 0.0000000000000000 0.0000000000000000 0.0000000000000000 0.0000000000000000 0.0000000000000000
0.0000000000000000 0.0000000000000000 0.0000000000000000 0.0000000000000000 0.0000000000000000 0.0000000000000000
0.0000000000000000 0.0000000000000000 0.0000000000000000 0.0000000000000000 0.0000000000000000 0.0000000000000000
0.0000000000000000 0.0000000000000000 0.0000000000000000 0.0000000000000000 0.0000000000000000 0.0000000000000000
0.0000000000000000 0.0000000000000000 0.0000000000000000 0.0000000000000000 0.0000000000000000 0.0000000000000000
0.0000000000000000 0.0000000000000000 0.0000000000000000 0.0000000000000000 0.0000000000000000 0.0000000000000000
0.0000000000000000 0.0000000000000000 0.0000000000000000 0.0000000000000000 0.0000000000000000 0.0000000000000000
0.0000000000000000 0.0000000000000000 0.0000000000000000 0.0000000000000000 0.0000000000000000 0.0000000000000000
0.0000000000000000 0.0000000000000000 0.0000000000000000 0.0000000000000000 0.0000000000000000 0.0000000000000000
0.0000000000000000 0.0000000000000000 0.0000000000000000 0.0000000000000000 0.0000000000000000 0.0000000000000000
0.0000000000000000 0.0000000000000000 0.0000000000000000 0.0000000000000000 0.0000000000000000 0.0000000000000000
0.0000000000000000 0.0000000000000000 0.0000000000000000 0.0000000000000000 0.0000000000000000 0.0000000000000000
0.0000000000000000 0.0000000000000000 0.0000000000000000 0.0000000000000000 0.0000000000000000 0.0000000000000000
0.0000000000000000 0.0000000000000000 0.0000000000000000 0.0000000000000000 0.0000000000000000 0.0000000000000000
0.0000000000000000 0.0000000000000000 0.0000000000000000 0.0000000000000000 0.0000000000000000 0.0000000000000000
0.0000000000000000 0.0000000000000000 0.0000000000000000 0.0000000000000000 0.0000000000000000 0.0000000000000000
0.0000000000000000 0.0000000000000000 0.0000000000000000 0.0000000000000000 0.0000000000000000 0.0000000000000000
0.0000000000000000 0.0000000000000000 0.0000000000000000 0.0000000000000000 0.0000000000000000 0.0000000000000000
0.0000000000000000 0.0000000000000000 0.0000000000000000 0.0000000000000000 0.0000000000000000 0.0000000000000000
0.0000000000000000 0.0000000000000000 0.0000000000000000 0.0000000000000000 0.0000000000000000 0.0000000000000000
0.0000000000000000 0.0000000000000000 0.0000000000000000 0.0000000000000000 0.0000000000000000 0.0000000000000000
0.0000000000000000 0.0000000000000000 0.0000000000000000 0.0000000000000000 0.0000000000000000 0.0000000000000000
0.0000000000000000 0.0000000000000000 0.0000000000000000 0.0000000000000000 0.0000000000000000 0.0000000000000000
0.0000000000000000 0.0000000000000000 0.0000000000000000 0.0000000000000000 0.0000000000000000 0.0000000000000000
0.0000000000000000 0.0000000000000000 0.0000000000000000 0.0000000000000000 0.0000000000000000 0.0000000000000000
0.0000000000000000 0.0000000000000000 0.0000000000000000 0.0000000000000000 0.0000000000000000 0.0000000000000000
0.0000000000000000 0.0000000000000000 0.0000000000000000 0.0000000000000000 0.0000000000000000 0.0000000000000000
0.0000000000000000 0.0000000000000000 0.0000000000000000 0.0000000000000000 0.0000000000000000 0.0000000000000000
0.0000000000000000 0.0000000000000000 0.0000000000000000 0.0000000000000000 0.0000000000000000 0.0000000000000000
0.0000000000000000 0.0000000000000000 0.0000000000000000 0.0000000000000000 0.0000000000000000 0.0000000000000000
0.0000000000000000 0.0000000000000000 0.0000000000000000 0.0000000000000000 0.0000000000000000 0.0000000000000000
0.0000000000000000 0.0000000000000000 0.0000000000000000 0.0000000000000000 0.0000000000000000 0.0000000000000000
0.0000000000000000 0.0000000000000000 0.0000000000000000 0.0000000000000000 0.0000000000000000 0.0000000000000000
0.0000000000000000 0.0000000000000000 0.0000000000000000 0.0000000000000000 0.0000000000000000 0.0000000000000000
0.0000000000000000 0.0000000000000000 0.0000000000000000 0.0000000000000000 0.0000000000000000 0.0000000000000000
0.0000000000000000 0.0000000000000000 0.0000000000000000 0.0000000000000000 0.0000000000000000 0.0000000000000000
0.0000000000000000 0.0000000000000000 0.0000000000000000 0.0000000000000000 0.0000000000000000 0.0000000000000000
0.0000000000000000 0.0000000000000000 0.0000000000000000 0.0000000000000000 0.0000000000000000 0.0000000000000000
0.0000000000000000 0.0000000000000000 0.0000000000000000 0.0000000000000000 0.0000000000000000 0.0000000000000000
0.0000000000000000 0.0000000000000000 0.0000000000000000 0.0000000000000000 0.0000000000000000 0.0000000000000000
0.0000000000000000 0.0000000000000000 0.0000000000000000 0.0000000000000000 0.0000000000000000 0.0000000000000000
0.0000000000000000 0.0000000000000000 0.0000000000000000 0.0000000000000000 0.0000000000000000 0.0000000000000000
0.0000000000000000 0.0000000000000000 0.0000000000000000 0.0000000000000000 0.0000000000000000 0.0000000000000000
0.0000000000000000 0.0000000000000000 0.0000000000000000 0.0000000000000000 0.0000000000000000 0.0000000000000000
0.0000000000000000 0.0000000000000000 0.0000000000000000 0.0000000000000000 0.0000000000000000 0.0000000000000000
0.0000000000000000 0.0000000000000000 0.0000000000000000 0.0000000000000000 0.0000000000000000 0.0000000000000000
0.0000000000000000 0.0000000000000000 0.0000000000000000 0.0000000000000000 0.0000000000000000 0.0000000000000000
0.0000000000000000 0.0000000000000000 0.0000000000000000 0.0000000000000000 0.0000000000000000 0.0000000000000000
0.0000000000000000 0.0000000000000000 0.0000000000000000 0.0000000000000000 0.0000000000000000 0.0000000000000000
0.0000000000000000 0.0000000000000000 0.0000000000000000 0.0000000000000000 0.0000000000000000 0.0000000000000000
0.0000000000000000 0.0000000000000000 0.0000000000000000 0.0000000000000000 0.0000000000000000 0.0000000000000000
0.0000000000000000 0.0000000000000000 0.0000000000000000 0.0000000000000000 0.0000000000000000 0.0000000000000000
0.0000000000000000 0.0000000000000000 0.0000000000000000 0.0000000000000000 0.0000000000000000 0.0000000000000000
0.0000000000000000 0.0000000000000000 0.0000000000000000 0.0000000000000000 0.0000000000000000 0.0000000000000000
0.0000000000000000 0.0000000000000000 0.0000000000000000 0.0000000000000000 0.0000000000000000 0.0000000000000000
0.0000000000000000 0.0000000000000000 0.0000000000000000 0.0000000000000000 0.0000000000000000 0.0000000000000000
0.0000000000000000 0.0000000000000000 0.0000000000000000 0.0000000000000000 0.0000000000000000 0.0000000000000000
0.0000000000000000 0.0000000000000000 0.0000000000000000 0.0000000000000000 0.0000000000000000 0.0000000000000000
0.0000000000000000 0.0000000000000000 0.0000000000000000 0.0000000000000000 0.0000000000000000 0.0000000000000000
0.0000000000000000 0.0000000000000000 0.0000000000000000 0.0000000000000000 0.0000000000000000 0.0000000000000000
0.0000000000000000 0.0000000000000000 0.0000000000000000 0.0000000000000000 0.0000000000000000 0.0000000000000000
0.0000000000000000 0.0000000000000000 0.0000000000000000 0.0000000000000000 0.0000000000000000 0.0000000000000000
0.0000000000000000 0.0000000000000000 0.0000000000000000 0.0000000000000000 0.0000000000000000 0.0000000000000000
0.0000000000000000 0.0000000000000000 0.0000000000000000 0.0000000000000000 0.0000000000000000 0.0000000000000000
0.0000000000000000 0.0000000000000000 0.0000000000000000 0.0000000000000000 0.0000000000000000 0.0000000000000000
0.0000000000000000 0.0000000000000000 0.0000000000000000 0.0000000000000000 0.0000000000000000 0.0000000000000000
0.0000000000000000 0.0000000000000000 0.0000000000000000 0.0000000000000000 0.0000000000000000 0.0000000000000000
0.0000000000000000 0.0000000000000000 0.0000000000000000 0.0000000000000000 0.0000000000000000 0.0000000000000000
0.0000000000000000 0.0000000000000000 0.0000000000000000 0.0000000000000000 0.0000000000000000 0.0000000000000000
0.0000000000000000 0.0000000000000000 0.0000000000000000 0.0000000000000000 0.0000000000000000 0.0000000000000000
0.0000000000000000 0.0000000000000000 0.0000000000000000 0.0000000000000000 0.0000000000000000 0.0000000000000000
0.0000000000000000 0.0000000000000000 0.0000000000000000 0.0000000000000000 0.0000000000000000 0.0000000000000000
0.0000000000000000 0.0000000000000000 0.0000000000000000 0.0000000000000000 0.0000000000000000 0.0000000000000000
0.0000000000000000 0.0000000000000000 0.0000000000000000 0.0000000000000000 0.0000000000000000 0.0000000000000000
0.0000000000000000 0.0000000000000000 0.0000000000000000 0.0000000000000000 0.0000000000000000 0.0000000000000000
0.0000000000000000 0.0000000000000000 0.0000000000000000 0.0000000000000000 0.0000000000000000 0.0000000000000000
0.0000000000000000 0.0000000000000000 0.0000000000000000 0.0000000000000000 0.0000000000000000 0.0000000000000000
0.0000000000000000 0.0000000000000000 0.0000000000000000 0.0000000000000000 0.0000000000000000 0.0000000000000000
0.0000000000000000 0.0000000000000000 0.0000000000000000 0.0000000000000000 0.0000000000000000 0.0000000000000000
0.0000000000000000 0.0000000000000000 0.0000000000000000 0.0000000000000000 0.0000000000000000 0.0000000000000000
0.0000000000000000 0.0000000000000000 0.0000000000000000 0.0000000000000000 0.0000000000000000 0.0000000000000000
0.0000000000000000 0.0000000000000000 0.0000000000000000 0.0000000000000000 0.0000000000000000 0.0000000000000000
0.0000000000000000 0.0000000000000000 0.0000000000000000 0.0000000000000000 0.0000000000000000 0.0000000000000000
0.0000000000000000 0.0000000000000000 0.0000000000000000 0.0000000000000000 0.0000000000000000 0.0000000000000000
0.0000000000000000 0.0000000000000000 0.0000000000000000 0.0000000000000000 0.0000000000000000 0.0000000000000000
0.0000000000000000 0.0000000000000000 0.0000000000000000 0.0000000000000000 0.0000000000000000 0.0000000000000000
0.0000000000000000 0.0000000000000000 0.0000000000000000 0.0000000000000000 0.0000000000000000 0.0000000000000000
0.0000000000000000 0.0000000000000000 0.0000000000000000 0.0000000000000000 0.0000000000000000 0.0000000000000000
0.0000000000000000 0.0000000000000000 0.0000000000000000 0.0000000000000000 0.0000000000000000 0.0000000000000000
0.0000000000000000 0.0000000000000000 0.0000000000000000 0.0000000000000000 0.0000000000000000 0.0000000000000000
0.0000000000000000 0.0000000000000000 0.0000000000000000 0.0000000000000000 0.0000000000000000 0.0000000000000000
0.0000000000000000 0.0000000000000000 0.0000000000000000 0.0000000000000000 0.0000000000000000 0.0000000000000000
0.0000000000000000 0.0000000000000000 0.0000000000000000 0.0000000000000000 0.0000000000000000 0.0000000000000000
0.0000000000000000 0.0000000000000000 0.0000000000000000 0.0000000000000000 0.0000000000000000 0.0000000000000000
0.0000000000000000 0.0000000000000000 0.0000000000000000 0.0000000000000000 0.0000000000000000 0.0000000000000000
0.0000000000000000 0.0000000000000000 0.0000000000000000 0.0000000000000000 0.0000000000000000 0.0000000000000000
0.0000000000000000 0.0000000000000000 0.0000000000000000 0.0000000000000000 0.0000000000000000 0.0000000000000000
0.0000000000000000 0.0000000000000000 0.0000000000000000 0.0000000000000000 0.0000000000000000 0.0000000000000000
0.0000000000000000 0.0000000000000000 0.0000000000000000 0.0000000000000000 0.0000000000000000 0.0000000000000000
0.0000000000000000 0.0000000000000000 0.0000000000000000 0.0000000000000000 0.0000000000000000 0.0000000000000000
0.0000000000000000 0.0000000000000000 0.0000000000000000 0.0000000000000000 0.0000000000000000 0.0000000000000000
0.0000000000000000 0.0000000000000000 0.0000000000000000 0.0000000000000000 0.0000000000000000 0.0000000000000000
0.0000000000000000 0.0000000000000000 0.0000000000000000 0.0000000000000000 0.0000000000000000 0.0000000000000000
0.0000000000000000 0.0000000000000000 0.0000000000000000 0.0000000000000000 0.0000000000000000 0.0000000000000000
0.0000000000000000 0.0000000000000000 0.0000000000000000 0.0000000000000000 0.0000000000000000 0.0000000000000000
0.0000000000000000 0.0000000000000000 0.0000000000000000 0.0000000000000000 0.0000000000000000 0.0000000000000000
0.0000000000000000 0.0000000000000000 0.0000000000000000 0.0000000000000000 0.0000000000000000 0.0000000000000000
0.0000000000000000 0.0000000000000000 0.0000000000000000 0.0000000000000000 0.0000000000000000 0.0000000000000000
0.0000000000000000 0.0000000000000000 0.0000000000000000 0.0000000000000000 0.0000000000000000 0.0000000000000000
0.0000000000000000 0.0000000000000000 0.0000000000000000 0.0000000000000000 0.0000000000000000 0.0000000000000000
0.0000000000000000 0.0000000000000000 0.0000000000000000 0.0000000000000000 0.0000000000000000 0.0000000000000000
0.0000000000000000 0.0000000000000000 0.0000000000000000 0.0000000000000000 0.0000000000000000 0.0000000000000000
0.0000000000000000 0.0000000000000000 0.0000000000000000 0.0000000000000000 0.0000000000000000 0.0000000000000000
0.0000000000000000 0.0000000000000000 0.0000000000000000 0.0000000000000000 0.0000000000000000 0.0000000000000000
0.0000000000000000 0.0000000000000000 0.0000000000000000 0.0000000000000000 0.0000000000000000 0.0000000000000000
0.0000000000000000 0.0000000000000000 0.0000000000000000 0.0000000000000000 0.0000000000000000 0.0000000000000000
0.0000000000000000 0.0000000000000000 0.0000000000000000 0.0000000000000000 0.0000000000000000 0.0000000000000000
0.0000000000000000 0.0000000000000000 0.0000000000000000 0.0000000000000000 0.0000000000000000 0.0000000000000000
0.0000000000000000 0.0000000000000000 0.0000000000000000 0.0000000000000000 0.0000000000000000 0.0000000000000000
0.0000000000000000 0.0000000000000000 0.0000000000000000 0.0000000000000000 0.0000000000000000 0.0000000000000000
0.0000000000000000 0.0000000000000000 0.0000000000000000 0.0000000000000000 0.0000000000000000 0.0000000000000000
1.0000000000000000 1.0000000000000000 1.0000000000000000 1.0000000000000000 0
1.0000000000000000 1.0000000000000000 1.0000000000000000 1.0000000000000000 0
1.0000000000000000 1.0000000000000000 1.0000000000000000 1.0000000000000000 0
1.0000000000000000 1.0000000000000000 1.0000000000000000 1.0000000000000000 0
1.0000000000000000 1.0000000000000000 1.0000000000000000 1.0000000000000000 0
1.0000000000000000 1.0000000000000000 1.0000000000000000 1.0000000000000000 0
1.0000000000000000 1.0000000000000000 1.0000000000000000 1.0000000000000000 0
1.0000000000000000 1.0000000000000000 1.0000000000000000 1.0000000000000000 0
1.0000000000000000 1.0000000000000000 1.0000000000000000 1.0000000000000000 0
1.0000000000000000 1.0000000000000000 1.0000000000000000 1.0000000000000000 0
1.0000000000000000 1.0000000000000000 1.0000000000000000 1.0000000000000000 0
1.0000000000000000 1.0000000000000000 1.0000000000000000 1.0000000000000000 0
1.0000000000000000 1.0000000000000000 1.0000000000000000 1.0000000000000000 0
1.0000000000000000 1.0000000000000000 1.0000000000000000 1.0000000000000000 0
1.0000000000000000 1.0000000000000000 1.0000000000000000 1.0000000000000000 0
1.0000000000000000 1.0000000000000000 1.0000000000000000 1.0000000000000000 0
1.0000000000000000 1.0000000000000000 1.0000000000000000 1.0000000000000000 0
1.0000000000000000 1.0000000000000000 1.0000000000000000 1.0000000000000000 0
1.0000000000000000 1.0000000000000000 1.0000000000000000 1.0000000000000000 0
1.0000000000000000 1.0000000000000000 1.0000000000000000 1.0000000000000000 0
1.0000000000000000 1.0000000000000000 1.0000000000000000 1.0000000000000000 0
1.0000000000000000 1.0000000000000000 1.0000000000000000 1.0000000000000000 0
1.0000000000000000 1.0000000000000000 1.0000000000000000 1.0000000000000000 0
1.0000000000000000 1.0000000000000000 1.0000000000000000 1.0000000000000000 0
1.0000000000000000 1.0000000000000000 1.0000000000000000 1.0000000000000000 0
1.0000000000000000 1.0000000000000000 1.0000000000000000 1.0000000000000000 0
1.0000000000000000 1.0000000000000000 1.0000000000000000 1.0000000000000000 0
1.0000000000000000 1.0000000000000000 1.0000000000000000 1.0000000000000000 0
1.0000000000000000 1.0000000000000000 1.0000000000000000 1.0000000000000000 0
1.0000000000000000 1.0000000000000000 1.0000000000000000 1.0000000000000000 0
1.0000000000000000 1.0000000000000000 1.0000000000000000 1.0000000000000000 0
1.0000000000000000 1.0000000000000000 1.0000000000000000 1.0000000000000000 0
1.0000000000000000 1.0000000000000000 1.0000000000000000 1.0000000000000000 0
1.0000000000000000 1.0000000000000000 1.0000000000000000 1.0000000000000000 0
1.0000000000000000 1.0000000000000000 1.0000000000000000 1.0000000000000000 0
1.0000000000000000 1.0000000000000000 1.0000000000000000 1.0000000000000000 0
1.0000000000000000 1.0000000000000000 1.0000000000000000 1.0000000000000000 0
1.0000000000000000 1.0000000000000000 1.0000000000000000 1.0000000000000000 0
1.0000000000000000 1.0000000000000000 1.0000000000000000 1.0000000000000000 0
1.0000000000000000 1.0000000000000000 1.0000000000000000 1.0000000000000000 0
1.0000000000000000 1.0000000000000000 1.0000000000000000 1.0000000000000000 0
1.0000000000000000 1.0000000000000000 1.0000000000000000 1.0000000000000000 0
1.0000000000000000 1.0000000000000000 1.0000000000000000 1.0000000000000000 0
1.0000000000000000 1.0000000000000000 1.0000000000000000 1.0000000000000000 0
1.0000000000000000 1.0000000000000000 1.0000000000000000 1.0000000000000000 0
1.0000000000000000 1.0000000000000000 1.0000000000000000 1.0000000000000000 0
1.0000000000000000 1.0000000000000000 1.0000000000000000 1.0000000000000000 0
1.0000000000000000 1.0000000000000000 1.0000000000000000 1.0000000000000000 0
1.0000000000000000 1.0000000000000000 1.0000000000000000 1.0000000000000000 0
1.0000000000000000 1.0000000000000000 1.0000000000000000 1.0000000000000000 0
1.0000000000000000 1.0000000000000000 1.0000000000000000 1.0000000000000000 0
1.0000000000000000 1.0000000000000000 1.0000000000000000 1.0000000000000000 0
1.0000000000000000 1.0000000000000000 1.0000000000000000 1.0000000000000000 0
1.0000000000000000 1.0000000000000000 1.0000000000000000 1.0000000000000000 0
1.0000000000000000 1.0000000000000000 1.0000000000000000 1.0000000000000000 0
1.0000000000000000 1.0000000000000000 1.0000000000000000 1.0000000000000000 0
1.0000000000000000 1.0000000000000000 1.0000000000000000 1.0000000000000000 0
1.0000000000000000 1.0000000000000000 1.0000000000000000 1.0000000000000000 0
1.0000000000000000 1.0000000000000000 1.0000000000000000 1.0000000000000000 0
1.0000000000000000 1.0000000000000000 1.0000000000000000 1.0000000000000000 0
1.0000000000000000 1.0000000000000000 1.0000000000000000 1.0000000000000000 0
1.0000000000000000 1.0000000000000000 1.0000000000000000 1.0000000000000000 0
1.0000000000000000 1.0000000000000000 1.0000000000000000 1.0000000000000000 0
1.0000000000000000 1.0000000000000000 1.0000000000000000 1.0000000000000000 0
0.0000000000000000 0.0000000000000000 0.0000000000000000 0.0000000000000000 0.0000000000000000 0.0000000000000000
0.0000000000000000 0.0000000000000000 0.0000000000000000 0.0000000000000000 0.0000000000000000 0.0000000000000000
0.0000000000000000 0.0000000000000000 0.0000000000000000 0.0000000000000000 0.0000000000000000 0.0000000000000000
0.0000000000000000 0.0000000000000000 0.0000000000000000 0.0000000000000000 0.0000000000000000 0.0000000000000000
0.0000000000000000 0.0000000000000000 0.0000000000000000 0.0000000000000000 0.0000000000000000 0.0000000000000000
0.0000000000000000 0.0000000000000000 0.0000000000000000 0.0000000000000000 0.0000000000000000 0.0000000000000000
0.0000000000000000 0.0000000000000000 0.0000000000000000 0.0000000000000000 0.0000000000000000 0.0000000000000000
0.0000000000000000 0.0000000000000000 0.0000000000000000 0.0000000000000000 0.0000000000000000 0.0000000000000000
0.0000000000000000 0.0000000000000000 0.0000000000000000 0.0000000000000000 0.0000000000000000 0.0000000000000000
0.0000000000000000 0.0000000000000000 0.0000000000000000 0.0000000000000000 0.0000000000000000 0.0000000000000000
0.0000000000000000 0.0000000000000000 0.0000000000000000 0.0000000000000000 0.0000000000000000 0.0000000000000000
0.0000000000000000 0.0000000000000000 0.0000000000000000 0.0000000000000000 0.0000000000000000 0.0000000000000000
0.0000000000000000 0.0000000000000000 0.0000000000000000 0.0000000000000000 0.0000000000000000 0.0000000000000000
0.0000000000000000 0.0000000000000000 0.0000000000000000 0.0000000000000000 0.0000000000000000 0.0000000000000000
0.1000000014901161 0.1000000014901161 0.1000000014901161 0.1000000014901161 0.1000000014901161 0.1000000014901161
0.1000000014901161 0.1000000014901161 0.1000000014901161 0.1000000014901161 0.1000000014901161 0.1000000014901161
0.1000000014901161 0.1000000014901161 0.1000000014901161 0.1000000014901161 0.1000000014901161 0.1000000014901161
0.1000000014901161 0.1000000014901161 0.1000000014901161 0.1000000014901161 0.1000000014901161 0.1000000014901161
0.1000000014901161 0.1000000014901161 0.1000000014901161 0.1000000014901161 0.1000000014901161 0.1000000014901161
0.1000000014901161 0.1000000014901161 0.1000000014901161 0.1000000014901161 0.1000000014901161 0.1000000014901161
0.1000000014901161 0.1000000014901161 0.1000000014901161 0.1000000014901161 0.1000000014901161 0.1000000014901161
0.1000000014901161 0.1000000014901161 0.1000000014901161 0.1000000014901161 0.1000000014901161 0.1000000014901161
0.1000000014901161 0.1000000014901161 0.1000000014901161 0.1000000014901161 0.1000000014901161 0.1000000014901161
0.1000000014901161 0.1000000014901161 0.1000000014901161 0.1000000014901161 0.1000000014901161 0.1000000014901161
0.1000000014901161 0.1000000014901161 0.1000000014901161 0.1000000014901161 0.1000000014901161 0.1000000014901161
0.1000000014901161 0.1000000014901161 0.1000000014901161 0.1000000014901161 0.1000000014901161 0.1000000014901161
0.1000000014901161 0.1000000014901161 0.1000000014901161 0.1000000014901161 0.1000000014901161 0.1000000014901161
0.1000000014901161 0.1000000014901161 0.1000000014901161 0.1000000014901161 0.1000000014901161 0.1000000014901161
0.1000000014901161 0.1000000014901161 0.1000000014901161 0.1000000014901161 0.1000000014901161 0.1000000014901161
0.1000000014901161 0.1000000014901161 0.1000000014901161 0.1000000014901161 0.1000000014901161 0.1000000014901161
0.1000000014901161 0.1000000014901161 0.1000000014901161 0.1000000014901161 0.1000000014901161 0.1000000014901161
0.1000000014901161 0.1000000014901161 0.1000000014901161 0.1000000014901161 0.1000000014901161 0.1000000014901161
0.1000000014901161 0.1000000014901161 0.1000000014901161 0.1000000014901161 0.1000000014901161 0.1000000014901161
0.1000000014901161 0.1000000014901161 0.1000000014901161 0.1000000014901161 0.1000000014901161 0.1000000014901161
0.1000000014901161 0.1000000014901161 0.1000000014901161 0.1000000014901161 0.1000000014901161 0.1000000014901161
0.1000000014901161 0.1000000014901161 0.1000000014901161 0.1000000014901161 0.1000000014901161 0.1000000014901161
0.1000000014901161 0.1000000014901161 0.1000000014901161 0.1000000014901161 0.1000000014901161 0.1000000014901161
0.1000000014901161 0.1000000014901161 0.1000000014901161 0.1000000014901161 0.1000000014901161 0.1000000014901161
0.1000000014901161 0.1000000014901161 0.1000000014901161 0.1000000014901161 0.1000000014901161 0.1000000014901161
0.1000000014901161 0.1000000014901161 0.1000000014901161 0.1000000014901161 0.1000000014901161 0.1000000014901161
0.1000000014901161 0.1000000014901161 0.1000000014901161 0.1000000014901161 0.1000000014901161 0.1000000014901161
0.1000000014901161 0.1000000014901161 0.1000000014901161 0.1000000014901161 0.1000000014901161 0.1000000014901161
0.1000000014901161 0.1000000014901161 0.1000000014901161 0.1000000014901161 0.1000000014901161 0.1000000014901161
0.1000000014901161 0.1000000014901161 0.1000000014901161 0.1000000014901161 0.1000000014901161 0.1000000014901161
0.1000000014901161 0.1000000014901161 0.1000000014901161 0.1000000014901161 0.1000000014901161 0.1000000014901161
0.1000000014901161 0.1000000014901161 0.1000000014901161 0.1000000014901161 0.1000000014901161 0.1000000014901161
0.1000000014901161 0.1000000014901161 0.1000000014901161 0.1000000014901161 0.1000000014901161 0.1000000014901161
0.1000000014901161 0.1000000014901161 0.1000000014901161 0.1000000014901161 0.1000000014901161 0.1000000014901161
0.1000000014901161 0.1000000014901161 0.1000000014901161 0.1000000014901161 0.1000000014901161 0.1000000014901161
0.1000000014901161 0.1000000014901161 0.1000000014901161 0.1000000014901161 0.1000000014901161 0.1000000014901161
0.1000000014901161 0.1000000014901161 0.1000000014901161 0.1000000014901161 0.1000000014901161 0.1000000014901161
0.1000000014901161 0.1000000014901161 0.1000000014901161 0.1000000014901161 0.1000000014901161 0.1000000014901161
0.1000000014901161 0.1000000014901161 0.1000000014901161 0.1000000014901161 0.1000000014901161 0.1000000014901161
0.1000000014901161 0.1000000014901161 0.1000000014901161 0.1000000014901161 0.1000000014901161 0.1000000014901161
0.1000000014901161 0.1000000014901161 0.1000000014901161 0.1000000014901161 0.1000000014901161 0.1000000014901161
0.1000000014901161 0.1000000014901161 0.1000000014901161 0.1000000014901161 0.1000000014901161 0.1000000014901161
0.1000000014901161 0.1000000014901161 0.1000000014901161 0.1000000014901161 0.1000000014901161 0.1000000014901161
0.1000000014901161 0.1000000014901161 0.1000000014901161 0.1000000014901161 0.1000000014901161 0.1000000014901161
0.1000000014901161 0.1000000014901161 0.1000000014901161 0.1000000014901161 0.1000000014901161 0.1000000014901161
0.1000000014901161 0.1000000014901161 0.1000000014901161 0.1000000014901161 0.1000000014901161 0.1000000014901161
0.1000000014901161 0.1000000014901161 0.1000000014901161 0.1000000014901161 0.1000000014901161 0.1000000014901161
0.1000000014901161 0.1000000014901161 0.1000000014901161 0.1000000014901161 0.1000000014901161 0.1000000014901161
0.1000000014901161 0.1000000014901161 0.1000000014901161 0.1000000014901161 0.1000000014901161 0.1000000014901161
0.1000000014901161 0.1000000014901161 0.1000000014901161 0.1000000014901161 0.1000000014901161 0.1000000014901161
0.1000000014901161 0.1000000014901161 0.1000000014901161 0.1000000014901161 0.1000000014901161 0.1000000014901161
0.1000000014901161 0.1000000014901161 0.1000000014901161 0.1000000014901161 0.1000000014901161 0.1000000014901161
0.1000000014901161 0.1000000014901161 0.1000000014901161 0.1000000014901161 0.1000000014901161 0.1000000014901161
0.1000000014901161 0.1000000014901161 0.1000000014901161 0.1000000014901161 0.1000000014901161 0.1000000014901161
0.1000000014901161 0.1000000014901161 0.1000000014901161 0.1000000014901161 0.1000000014901161 0.1000000014901161
0.1000000014901161 0.1000000014901161 0.1000000014901161 0.1000000014901161 0.1000000014901161 0.1000000014901161
0.1000000014901161 0.1000000014901161 0.1000000014901161 0.1000000014901161 0.1000000014901161 0.1000000014901161
0.1000000014901161 0.1000000014901161 0.1000000014901161 0.1000000014901161 0.1000000014901161 0.1000000014901161
0.1000000014901161 0.1000000014901161 0.1000000014901161 0.1000000014901161 0.1000000014901161 0.1000000014901161
0.1000000014901161 0.1000000014901161 0.1000000014901161 0.1000000014901161 0.1000000014901161 0.1000000014901161
0.1000000014901161 0.1000000014901161 0.1000000014901161 0.1000000014901161 0.1000000014901161 0.1000000014901161
0.1000000014901161 0.1000000014901161 0.1000000014901161 0.1000000014901161 0.1000000014901161 0.1000000014901161
0.1000000014901161 0.1000000014901161 0.1000000014901161 0.1000000014901161 0.1000000014901161 0.1000000014901161
0.1000000014901161 0.1000000014901161 0.1000000014901161 0.1000000014901161 0.1000000014901161 0.1000000014901161
0.1000000014901161 0.1000000014901161 0.1000000014901161 0.1000000014901161 0.1000000014901161 0.1000000014901161
0.1000000014901161 0.1000000014901161 0.1000000014901161 0.1000000014901161 0.1000000014901161 0.1000000014901161
0.1000000014901161 0.1000000014901161 0.1000000014901161 0.1000000014901161 0.1000000014901161 0.1000000014901161
0.1000000014901161 0.1000000014901161 0.1000000014901161 0.1000000014901161 0.1000000014901161 0.1000000014901161
0.1000000014901161 0.1000000014901161 0.1000000014901161 0.1000000014901161 0.1000000014901161 0.1000000014901161
0.1000000014901161 0.1000000014901161 0.1000000014901161 0.1000000014901161 0.1000000014901161 0.1000000014901161
0.1000000014901161 0.1000000014901161 0.1000000014901161 0.1000000014901161 0.1000000014901161 0.1000000014901161
0.1000000014901161 0.1000000014901161 0.1000000014901161 0.1000000014901161 0.1000000014901161 0.1000000014901161
0.1000000014901161 0.1000000014901161 0.1000000014901161 0.1000000014901161 0.1000000014901161 0.1000000014901161
0.1000000014901161 0.1000000014901161 0.1000000014901161 0.1000000014901161 0.1000000014901161 0.1000000014901161
0.1000000014901161 0.1000000014901161 0.1000000014901161 0.1000000014901161 0.1000000014901161 0.1000000014901161
0.1000000014901161 0.1000000014901161 0.1000000014901161 0.1000000014901161 0.1000000014901161 0.1000000014901161
0.1000000014901161 0.1000000014901161 0.1000000014901161 0.1000000014901161 0.1000000014901161 0.1000000014901161
0.1000000014901161 0.1000000014901161 0.1000000014901161 0.1000000014901161 0.1000000014901161 0.1000000014901161
0.1000000014901161 0.1000000014901161 0.1000000014901161 0.1000000014901161 0.1000000014901161 0.1000000014901161
0.1000000014901161 0.1000000014901161 0.1000000014901161 0.1000000014901161 0.1000000014901161 0.1000000014901161
0.1000000014901161 0.1000000014901161 0.1000000014901161 0.1000000014901161 0.1000000014901161 0.1000000014901161
0.1000000014901161 0.1000000014901161 0.1000000014901161 0.1000000014901161 0.1000000014901161 0.1000000014901161
0.1000000014901161 0.1000000014901161 0.1000000014901161 0.1000000014901161 0.1000000014901161 0.1000000014901161
0.1000000014901161 0.1000000014901161 0.1000000014901161 0.1000000014901161 0.1000000014901161 0.1000000014901161
0.1000000014901161 0.1000000014901161 0.1000000014901161 0.1000000014901161 0.1000000014901161 0.1000000014901161
0.1000000014901161 0.1000000014901161 0.1000000014901161 0.1000000014901161 0.1000000014901161 0.1000000014901161
0.1000000014901161 0.1000000014901161 0.1000000014901161 0.1000000014901161 0.1000000014901161 0.1000000014901161
0.1000000014901161 0.1000000014901161 0.1000000014901161 0.1000000014901161 0.1000000014901161 0.1000000014901161
0.1000000014901161 0.1000000014901161 0.1000000014901161 0.1000000014901161 0.1000000014901161 0.1000000014901161
0.1000000014901161 0.1000000014901161 0.1000000014901161 0.1000000014901161 0.1000000014901161 0.1000000014901161
0.1000000014901161 0.1000000014901161 0.1000000014901161 0.1000000014901161 0.1000000014901161 0.1000000014901161
0.1000000014901161 0.1000000014901161 0.1000000014901161 0.1000000014901161 0.1000000014901161 0.1000000014901161
0.1000000014901161 0.1000000014901161 0.1000000014901161 0.1000000014901161 0.1000000014901161 0.1000000014901161
0.1000000014901161 0.1000000014901161 0.1000000014901161 0.1000000014901161 0.1000000014901161 0.1000000014901161
0.1000000014901161 0.1000000014901161 0.1000000014901161 0.1000000014901161 0.1000000014901161 0.1000000014901161
0.1000000014901161 0.1000000014901161 0.1000000014901161 0.1000000014901161 0.1000000014901161 0.1000000014901161
0.1000000014901161 0.1000000014901161 0.1000000014901161 0.1000000014901161 0.1000000014901161 0.1000000014901161
0.1000000014901161 0.1000000014901161 0.1000000014901161 0.1000000014901161 0.1000000014901161 0.1000000014901161
0.1000000014901161 0.1000000014901161 0.1000000014901161 0.1000000014901161 0.1000000014901161 0.1000000014901161
0.1000000014901161 0.1000000014901161 0.1000000014901161 0.1000000014901161 0.1000000014901161 0.1000000014901161
0.1000000014901161 0.1000000014901161 0.1000000014901161 0.1000000014901161 0.1000000014901161 0.1000000014901161
0.1000000014901161 0.1000000014901161 0.1000000014901161 0.1000000014901161 0.1000000014901161 0.1000000014901161
0.1000000014901161 0.1000000014901161 0.1000000014901161 0.1000000014901161 0.1000000014901161 0.1000000014901161
0.1000000014901161 0.1000000014901161 0.1000000014901161 0.1000000014901161 0.1000000014901161 0.1000000014901161
0.1000000014901161 0.1000000014901161 0.1000000014901161 0.1000000014901161 0.1000000014901161 0.1000000014901161
0.1000000014901161 0.1000000014901161 0.1000000014901161 0.1000000014901161 0.1000000014901161 0.1000000014901161
0.1000000014901161 0.1000000014901161 0.1000000014901161 0.1000000014901161 0.1000000014901161 0.1000000014901161
0.1000000014901161 0.1000000014901161 0.1000000014901161 0.1000000014901161 0.1000000014901161 0.1000000014901161
0.1000000014901161 0.1000000014901161 0.1000000014901161 0.1000000014901161 0.1000000014901161 0.1000000014901161
0.1000000014901161 0.1000000014901161 0.1000000014901161 0.1000000014901161 0.1000000014901161 0.1000000014901161
0.1000000014901161 0.1000000014901161 0.1000000014901161 0.1000000014901161 0.1000000014901161 0.1000000014901161
0.1000000014901161 0.1000000014901161 0.1000000014901161 0.1000000014901161 0.1000000014901161 0.1000000014901161
0.1000000014901161 0.1000000014901161 0.1000000014901161 0.1000000014901161 0.1000000014901161 0.1000000014901161
0.1000000014901161 0.1000000014901161 0.1000000014901161 0.1000000014901161 0.1000000014901161 0.1000000014901161
1.0000000000000000 1.0000000000000000 1.0000000000000000 1.0000000000000000 0
1.0000000000000000 1.0000000000000000 1.0000000000000000 1.0000000000000000 0
1.0000000000000000 1.0000000000000000 1.0000000000000000 1.0000000000000000 0
1.0000000000000000 1.0000000000000000 1.0000000000000000 1.0000000000000000 0
1.0000000000000000 1.0000000000000000 1.0000000000000000 1.0000000000000000 0
1.0000000000000000 1.0000000000000000 1.0000000000000000 1.0000000000000000 0
1.0000000000000000 1.0000000000000000 1.0000000000000000 1.0000000000000000 0
1.0000000000000000 1.0000000000000000 1.0000000000000000 1.0000000000000000 0
1.0000000000000000 1.0000000000000000 1.0000000000000000 1.0000000000000000 0
1.0000000000000000 1.0000000000000000 1.0000000000000000 1.0000000000000000 0
1.0000000000000000 1.0000000000000000 1.0000000000000000 1.0000000000000000 0
1.0000000000000000 1.0000000000000000 1.0000000000000000 1.0000000000000000 0
1.0000000000000000 1.0000000000000000 1.0000000000000000 1.0000000000000000 0
1.0000000000000000 1.0000000000000000 1.0000000000000000 1.0000000000000000 0
1.0000000000000000 1.0000000000000000 1.0000000000000000 1.0000000000000000 0
1.0000000000000000 1.0000000000000000 1.0000000000000000 1.0000000000000000 0
1.0000000000000000 1.0000000000000000 1.0000000000000000 1.0000000000000000 0
1.0000000000000000 1.0000000000000000 1.0000000000000000 1.0000000000000000 0
1.0000000000000000 1.0000000000000000 1.0000000000000000 1.0000000000000000 0
1.0000000000000000 1.0000000000000000 1.0000000000000000 1.0000000000000000 0
1.0000000000000000 1.0000000000000000 1.0000000000000000 1.0000000000000000 0
1.0000000000000000 1.0000000000000000 1.0000000000000000 1.0000000000000000 0
1.0000000000000000 1.0000000000000000 1.0000000000000000 1.0000000000000000 0
1.0000000000000000 1.0000000000000000 1.0000000000000000 1.0000000000000000 0
1.0000000000000000 1.0000000000000000 1.0000000000000000 1.0000000000000000 0
1.0000000000000000 1.0000000000000000 1.0000000000000000 1.0000000000000000 0
1.0000000000000000 1.0000000000000000 1.0000000000000000 1.0000000000000000 0
1.0000000000000000 1.0000000000000000 1.0000000000000000 1.0000000000000000 0
1.0000000000000000 1.0000000000000000 1.0000000000000000 1.0000000000000000 0
1.0000000000000000 1.0000000000000000 1.0000000000000000 1.0000000000000000 0
1.0000000000000000 1.0000000000000000 1.0000000000000000 1.0000000000000000 0
1.0000000000000000 1.0000000000000000 1.0000000000000000 1.0000000000000000 0
1.0000000000000000 1.0000000000000000 1.0000000000000000 1.0000000000000000 0
1.0000000000000000 1.0000000000000000 1.0000000000000000 1.0000000000000000 0
1.0000000000000000 1.0000000000000000 1.0000000000000000 1.0000000000000000 0
1.0000000000000000 1.0000000000000000 1.0000000000000000 1.0000000000000000 0
1.0000000000000000 1.0000000000000000 1.0000000000000000 1.0000000000000000 0
1.0000000000000000 1.0000000000000000 1.0000000000000000 1.0000000000000000 0
1.0000000000000000 1.0000000000000000 1.0000000000000000 1.0000000000000000 0
1.0000000000000000 1.0000000000000000 1.0000000000000000 1.0000000000000000 0
1.0000000000000000 1.0000000000000000 1.0000000000000000 1.0000000000000000 0
1.0000000000000000 1.0000000000000000 1.0000000000000000 1.0000000000000000 0
1.0000000000000000 1.0000000000000000 1.0000000000000000 1.0000000000000000 0
1.0000000000000000 1.0000000000000000 1.0000000000000000 1.0000000000000000 0
1.0000000000000000 1.0000000000000000 1.0000000000000000 1.0000000000000000 0
1.0000000000000000 1.0000000000000000 1.0000000000000000 1.0000000000000000 0
1.0000000000000000 1.0000000000000000 1.0000000000000000 1.0000000000000000 0
1.0000000000000000 1.0000000000000000 1.0000000000000000 1.0000000000000000 0
1.0000000000000000 1.0000000000000000 1.0000000000000000 1.0000000000000000 0
1.0000000000000000 1.0000000000000000 1.0000000000000000 1.0000000000000000 0
1.0000000000000000 1.0000000000000000 1.0000000000000000 1.0000000000000000 0
1.0000000000000000 1.0000000000000000 1.0000000000000000 1.0000000000000000 0
1.0000000000000000 1.0000000000000000 1.0000000000000000 1.0000000000000000 0
1.0000000000000000 1.0000000000000000 1.0000000000000000 1.0000000000000000 0
1.0000000000000000 1.0000000000000000 1.0000000000000000 1.0000000000000000 0
1.0000000000000000 1.0000000000000000 1.0000000000000000 1.0000000000000000 0
1.0000000000000000 1.0000000000000000 1.0000000000000000 1.0000000000000000 0
1.0000000000000000 1.0000000000000000 1.0000000000000000 1.0000000000000000 0
1.0000000000000000 1.0000000000000000 1.0000000000000000 1.0000000000000000 0
1.0000000000000000 1.0000000000000000 1.0000000000000000 1.0000000000000000 0
1.0000000000000000 1.0000000000000000 1.0000000000000000 1.0000000000000000 0
1.0000000000000000 1.0000000000000000 1.0000000000000000 1.0000000000000000 0
1.0000000000000000 1.0000000000000000 1.0000000000000000 1.0000000000000000 0
1.0000000000000000 1.0000000000000000 1.0000000000000000 1.0000000000000000 0
0.1000000014901161 0.1000000014901161 0.1000000014901161 0.1000000014901161 0.1000000014901161 0.1000000014901161
0.1000000014901161 0.1000000014901161 0.1000000014901161 0.1000000014901161 0.1000000014901161 0.1000000014901161
0.1000000014901161 0.1000000014901161 0.1000000014901161 0.1000000014901161 0.1000000014901161 0.1000000014901161
0.1000000014901161 0.1000000014901161 0.1000000014901161 0.1000000014901161 0.1000000014901161 0.1000000014901161
0.1000000014901161 0.1000000014901161 0.1000000014901161 0.1000000014901161 0.1000000014901161 0.1000000014901161
0.1000000014901161 0.1000000014901161 0.1000000014901161 0.1000000014901161 0.1000000014901161 0.1000000014901161
0.1000000014901161 0.1000000014901161 0.1000000014901161 0.1000000014901161 0.1000000014901161 0.1000000014901161
0.1000000014901161 0.1000000014901161 0.1000000014901161 0.1000000014901161 0.1000000014901161 0.1000000014901161
0.1000000014901161 0.1000000014901161 0.1000000014901161 0.1000000014901161 0.1000000014901161 0.1000000014901161
0.1000000014901161 0.1000000014901161 0.1000000014901161 0.1000000014901161 0.1000000014901161 0.1000000014901161
0.1000000014901161 0.1000000014901161 0.1000000014901161 0.1000000014901161 0.1000000014901161 0.1000000014901161
0.1000000014901161 0.1000000014901161 0.1000000014901161 0.1000000014901161 0.1000000014901161 0.1000000014901161
0.1000000014901161 0.1000000014901161 0.1000000014901161 0.1000000014901161 0.1000000014901161 0.1000000014901161
0.1000000014901161 0.1000000014901161 0.1000000014901161 0.1000000014901161 0.1000000014901161 0.1000000014901161
0.1000000014901161 0.1000000014901161 0.1000000014901161 0.1000000014901161 0.1000000014901161 0.1000000014901161
0.1000000014901161 0.1000000014901161 0.1000000014901161 0.1000000014901161 0.1000000014901161 0.1000000014901161
0.1000000014901161 0.1000000014901161 0.1000000014901161 0.1000000014901161 0.1000000014901161 0.1000000014901161
0.1000000014901161 0.1000000014901161 0.1000000014901161 0.1000000014901161 0.1000000014901161 0.1000000014901161
0.1000000014901161 0.1000000014901161 0.1000000014901161 0.1000000014901161 0.1000000014901161 0.1000000014901161
0.1000000014901161 0.1000000014901161 0.1000000014901161 0.1000000014901161 0.1000000014901161 0.1000000014901161
0.1000000014901161 0.1000000014901161 0.1000000014901161 0.1000000014901161 0.1000000014901161 0.1000000014901161
0.1000000014901161 0.1000000014901161 0.1000000014901161 0.1000000014901161 0.1000000014901161 0.1000000014901161
0.1000000014901161 0.1000000014901161 0.1000000014901161 0.1000000014901161 0.1000000014901161 0.1000000014901161
0.1000000014901161 0.1000000014901161 0.1000000014901161 0.1000000014901161 0.1000000014901161 0.1000000014901161
0.1000000014901161 0.1000000014901161 0.1000000014901161 0.1000000014901161 0.1000000014901161 0.1000000014901161
0.1000000014901161 0.1000000014901161 0.1000000014901161 0.1000000014901161 0.1000000014901161 0.1000000014901161
0.1000000014901161 0.1000000014901161 0.1000000014901161 0.1000000014901161 0.1000000014901161 0.1000000014901161
0.1000000014901161 0.1000000014901161 0.1000000014901161 0.1000000014901161 0.1000000014901161 0.1000000014901161
0.1000000014901161 0.1000000014901161 0.1000000014901161 0.1000000014901161 0.1000000014901161 0.1000000014901161
0.1000000014901161 0.1000000014901161 0.1000000014901161 0.1000000014901161 0.1000000014901161 0.1000000014901161
0.1000000014901161 0.1000000014901161 0.1000000014901161 0.1000000014901161 0.1000000014901161 0.1000000014901161
0.1000000014901161 0.1000000014901161 0.1000000014901161 0.1000000014901161 0.1000000014901161 0.1000000014901161
0.1000000014901161 0.1000000014901161 0.1000000014901161 0.1000000014901161 0.1000000014901161 0.1000000014901161
0.1000000014901161 0.1000000014901161 0.1000000014901161 0.1000000014901161 0.1000000014901161 0.1000000014901161
0.1000000014901161 0.1000000014901161 0.1000000014901161 0.1000000014901161 0.1000000014901161 0.1000000014901161
0.1000000014901161 0.1000000014901161 0.1000000014901161 0.1000000014901161 0.1000000014901161 0.1000000014901161
0.1000000014901161 0.1000000014901161 0.1000000014901161 0.1000000014901161 0.1000000014901161 0.1000000014901161
0.1000000014901161 0.1000000014901161 0.1000000014901161 0.1000000014901161 0.1000000014901161 0.1000000014901161
0.1000000014901161 0.1000000014901161 0.1000000014901161 0.1000000014901161 0.1000000014901161 0.1000000014901161
0.1000000014901161 0.1000000014901161 0.1000000014901161 0.1000000014901161 0.1000000014901161 0.1000000014901161
0.1000000014901161 0.1000000014901161 0.1000000014901161 0.1000000014901161 0.1000000014901161 0.1000000014901161
0.1000000014901161 0.1000000014901161 0.1000000014901161 0.1000000014901161 0.1000000014901161 0.1000000014901161
0.1000000014901161 0.1000000014901161 0.1000000014901161 0.1000000014901161 0.1000000014901161 0.1000000014901161
0.1000000014901161 0.1000000014901161 0.1000000014901161 0.1000000014901161 0.1000000014901161 0.1000000014901161
0.1000000014901161 0.1000000014901161 0.1000000014901161 0.1000000014901161 0.1000000014901161 0.1000000014901161
0.1000000014901161 0.1000000014901161 0.1000000014901161 0.1000000014901161 0.1000000014901161 0.1000000014901161
0.1000000014901161 0.1000000014901161 0.1000000014901161 0.1000000014901161 0.1000000014901161 0.1000000014901161
0.1000000014901161 0.1000000014901161 0.1000000014901161 0.1000000014901161 0.1000000014901161 0.1000000014901161
0.1000000014901161 0.1000000014901161 0.1000000014901161 0.1000000014901161 0.1000000014901161 0.1000000014901161
0.1000000014901161 0.1000000014901161 0.1000000014901161 0.1000000014901161 0.1000000014901161 0.1000000014901161
0.1000000014901161 0.1000000014901161 0.1000000014901161 0.1000000014901161 0.1000000014901161 0.1000000014901161
0.1000000014901161 0.1000000014901161 0.1000000014901161 0.1000000014901161 0.1000000014901161 0.1000000014901161
0.1000000014901161 0.1000000014901161 0.1000000014901161 0.1000000014901161 0.1000000014901161 0.1000000014901161
0.1000000014901161 0.1000000014901161 0.1000000014901161 0.1000000014901161 0.1000000014901161 0.1000000014901161
0.1000000014901161 0.1000000014901161 0.1000000014901161 0.1000000014901161 0.1000000014901161 0.1000000014901161
0.1000000014901161 0.1000000014901161 0.1000000014901161 0.1000000014901161 0.1000000014901161 0.1000000014901161
0.1000000014901161 0.1000000014901161 0.1000000014901161 0.1000000014901161 0.1000000014901161 0.1000000014901161
0.1000000014901161 0.1000000014901161 0.1000000014901161 0.1000000014901161 0.1000000014901161 0.1000000014901161
0.1000000014901161 0.1000000014901161 0.1000000014901161 0.1000000014901161 0.1000000014901161 0.1000000014901161
0.1000000014901161 0.1000000014901161 0.1000000014901161 0.1000000014901161 0.1000000014901161 0.1000000014901161
0.1000000014901161 0.1000000014901161 0.1000000014901161 0.1000000014901161 0.1000000014901161 0.1000000014901161
0.1000000014901161 0.1000000014901161 0.1000000014901161 0.1000000014901161 0.1000000014901161 0.1000000014901161
0.1000000014901161 0.1000000014901161 0.1000000014901161 0.1000000014901161 0.1000000014901161 0.1000000014901161
0.1000000014901161 0.1000000014901161 0.1000000014901161 0.1000000014901161 0.1000000014901161 0.1000000014901161
0.1000000014901161 0.1000000014901161 0.1000000014901161 0.1000000014901161 0.1000000014901161 0.1000000014901161
0.1000000014901161 0.1000000014901161 0.1000000014901161 0.1000000014901161 0.1000000014901161 0.1000000014901161
0.1000000014901161 0.1000000014901161 0.1000000014901161 0.1000000014901161 0.1000000014901161 0.1000000014901161
0.1000000014901161 0.1000000014901161 0.1000000014901161 0.1000000014901161 0.1000000014901161 0.1000000014901161
0.1000000014901161 0.1000000014901161 0.1000000014901161 0.1000000014901161 0.1000000014901161 0.1000000014901161
0.1000000014901161 0.1000000014901161 0.1000000014901161 0.1000000014901161 0.1000000014901161 0.1000000014901161
0.1000000014901161 0.1000000014901161 0.1000000014901161 0.1000000014901161 0.1000000014901161 0.1000000014901161
0.1000000014901161 0.1000000014901161 0.1000000014901161 0.1000000014901161 0.1000000014901161 0.1000000014901161
0.1000000014901161 0.1000000014901161 0.1000000014901161 0.1000000014901161 0.1000000014901161 0.1000000014901161
0.1000000014901161 0.1000000014901161 0.1000000014901161 0.1000000014901161 0.1000000014901161 0.1000000014901161
0.1000000014901161 0.1000000014901161 0.1000000014901161 0.1000000014901161 0.1000000014901161 0.1000000014901161
0.1000000014901161 0.1000000014901161 0.1000000014901161 0.1000000014901161 0.1000000014901161 0.1000000014901161
0.1000000014901161 0.1000000014901161 0.1000000014901161 0.1000000014901161 0.1000000014901161 0.1000000014901161
0.1000000014901161 0.1000000014901161 0.1000000014901161 0.1000000014901161 0.1000000014901161 0.1000000014901161
0.1000000014901161 0.1000000014901161 0.1000000014901161 0.1000000014901161 0.1000000014901161 0.1000000014901161
0.1000000014901161 0.1000000014901161 0.1000000014901161 0.1000000014901161 0.1000000014901161 0.1000000014901161
0.1000000014901161 0.1000000014901161 0.1000000014901161 0.1000000014901161 0.1000000014901161 0.1000000014901161
0.1000000014901161 0.1000000014901161 0.1000000014901161 0.1000000014901161 0.1000000014901161 0.1000000014901161
0.1000000014901161 0.1000000014901161 0.1000000014901161 0.1000000014901161 0.1000000014901161 0.1000000014901161
0.1000000014901161 0.1000000014901161 0.1000000014901161 0.1000000014901161 0.1000000014901161 0.1000000014901161
0.1000000014901161 0.1000000014901161 0.1000000014901161 0.1000000014901161 0.1000000014901161 0.1000000014901161
0.1000000014901161 0.1000000014901161 0.1000000014901161 0.1000000014901161 0.1000000014901161 0.1000000014901161
0.1000000014901161 0.1000000014901161 0.1000000014901161 0.1000000014901161 0.1000000014901161 0.1000000014901161
0.1000000014901161 0.1000000014901161 0.1000000014901161 0.1000000014901161 0.1000000014901161 0.1000000014901161
0.1000000014901161 0.1000000014901161 0.1000000014901161 0.1000000014901161 0.1000000014901161 0.1000000014901161
0.1000000014901161 0.1000000014901161 0.1000000014901161 0.1000000014901161 0.1000000014901161 0.1000000014901161
0.1000000014901161 0.1000000014901161 0.1000000014901161 0.1000000014901161 0.1000000014901161 0.1000000014901161
0.1000000014901161 0.1000000014901161 0.1000000014901161 0.1000000014901161 0.1000000014901161 0.1000000014901161
0.1000000014901161 0.1000000014901161 0.1000000014901161 0.1000000014901161 0.1000000014901161 0.1000000014901161
0.1000000014901161 0.1000000014901161 0.1000000014901161 0.1000000014901161 0.1000000014901161 0.1000000014901161
0.1000000014901161 0.1000000014901161 0.1000000014901161 0.1000000014901161 0.1000000014901161 0.1000000014901161
0.1000000014901161 0.1000000014901161 0.1000000014901161 0.1000000014901161 0.1000000014901161 0.1000000014901161
0.1000000014901161 0.1000000014901161 0.1000000014901161 0.1000000014901161 0.1000000014901161 0.1000000014901161
0.1000000014901161 0.1000000014901161 0.1000000014901161 0.1000000014901161 0.1000000014901161 0.1000000014901161
0.1000000014901161 0.1000000014901161 0.1000000014901161 0.1000000014901161 0.1000000014901161 0.1000000014901161
0.1000000014901161 0.1000000014901161 0.1000000014901161 0.1000000014901161 0.1000000014901161 0.1000000014901161
0.1000000014901161 0.1000000014901161 0.1000000014901161 0.1000000014901161 0.1000000014901161 0.1000000014901161
0.1000000014901161 0.1000000014901161 0.1000000014901161 0.1000000014901161 0.1000000014901161 0.1000000014901161
0.1000000014901161 0.1000000014901161 0.1000000014901161 0.1000000014901161 0.1000000014901161 0.1000000014901161
0.1000000014901161 0.1000000014901161 0.1000000014901161 0.1000000014901161 0.1000000014901161 0.1000000014901161
0.1000000014901161 0.1000000014901161 0.1000000014901161 0.1000000014901161 0.1000000014901161 0.1000000014901161
0.1000000014901161 0.1000000014901161 0.1000000014901161 0.1000000014901161 0.1000000014901161 0.1000000014901161
0.1000000014901161 0.1000000014901161 0.1000000014901161 0.1000000014901161 0.1000000014901161 0.1000000014901161
0.1000000014901161 0.1000000014901161 0.1000000014901161 0.1000000014901161 0.1000000014901161 0.1000000014901161
0.1000000014901161 0.1000000014901161 0.1000000014901161 0.1000000014901161 0.1000000014901161 0.1000000014901161
0.1000000014901161 0.1000000014901161 0.1000000014901161 0.1000000014901161 0.1000000014901161 0.1000000014901161
0.1000000014901161 0.1000000014901161 0.1000000014901161 0.1000000014901161 0.1000000014901161 0.1000000014901161
0.1000000014901161 0.1000000014901161 0.1000000014901161 0.1000000014901161 0.1000000014901161 0.1000000014901161
0.1000000014901161 0.1000000014901161 0.1000000014901161 0.1000000014901161 0.1000000014901161 0.1000000014901161
0.1000000014901161 0.1000000014901161 0.1000000014901161 0.1000000014901161 0.1000000014901161 0.1000000014901161
0.1000000014901161 0.1000000014901161 0.1000000014901161 0.1000000014901161 0.1000000014901161 0.1000000014901161
0.1000000014901161 0.1000000014901161 0.1000000014901161 0.1000000014901161 0.1000000014901161 0.1000000014901161
0.1000000014901161 0.1000000014901161 0.1000000014901161 0.1000000014901161 0.1000000014901161 0.1000000014901161
0.1000000014901161 0.1000000014901161 0.1000000014901161 0.1000000014901161 0.1000000014901161 0.1000000014901161
0.1000000014901161 0.1000000014901161 0.1000000014901161 0.1000000014901161 0.1000000014901161 0.1000000014901161
0.1000000014901161 0.1000000014901161 0.1000000014901161 0.1000000014901161 0.1000000014901161 0.1000000014901161
0.1000000014901161 0.1000000014901161 0.1000000014901161 0.1000000014901161 0.1000000014901161 0.1000000014901161
0.1000000014901161 0.1000000014901161 0.1000000014901161 0.1000000014901161 0.1000000014901161 0.1000000014901161
0.1000000014901161 0.1000000014901161 0.1000000014901161 0.1000000014901161 0.1000000014901161 0.1000000014901161
0.1000000014901161 0.1000000014901161 0.1000000014901161 0.1000000014901161 0.1000000014901161 0.1000000014901161
0.1000000014901161 0.1000000014901161 0.1000000014901161 0.1000000014901161 0.1000000014901161 0.1000000014901161
0.1000000014901161 0.1000000014901161 0.1000000014901161 0.1000000014901161 0.1000000014901161 0.1000000014901161
0.1000000014901161 0.1000000014901161 0.1000000014901161 0.1000000014901161 0.1000000014901161 0.1000000014901161
0.1000000014901161 0.1000000014901161 0.1000000014901161 0.1000000014901161 0.1000000014901161 0.1000000014901161
1.0000000000000000 1.0000000000000000 1.0000000000000000 1.0000000000000000 0
1.0000000000000000 1.0000000000000000 1.0000000000000000 1.0000000000000000 0
1.0000000000000000 1.0000000000000000 1.0000000000000000 1.0000000000000000 0
1.0000000000000000 1.0000000000000000 1.0000000000000000 1.0000000000000000 0
1.0000000000000000 1.0000000000000000 1.0000000000000000 1.0000000000000000 0
1.0000000000000000 1.0000000000000000 1.0000000000000000 1.0000000000000000 0
1.0000000000000000 1.0000000000000000 1.0000000000000000 1.0000000000000000 0
1.0000000000000000 1.0000000000000000 1.0000000000000000 1.0000000000000000 0
1.0000000000000000 1.0000000000000000 1.0000000000000000 1.0000000000000000 0
1.0000000000000000 1.0000000000000000 1.0000000000000000 1.0000000000000000 0
1.0000000000000000 1.0000000000000000 1.0000000000000000 1.0000000000000000 0
1.0000000000000000 1.0000000000000000 1.0000000000000000 1.0000000000000000 0
1.0000000000000000 1.0000000000000000 1.0000000000000000 1.0000000000000000 0
1.0000000000000000 1.0000000000000000 1.0000000000000000 1.0000000000000000 0
1.0000000000000000 1.0000000000000000 1.0000000000000000 1.0000000000000000 0
1.0000000000000000 1.0000000000000000 1.0000000000000000 1.0000000000000000 0
1.0000000000000000 1.0000000000000000 1.0000000000000000 1.0000000000000000 0
1.0000000000000000 1.0000000000000000 1.0000000000000000 1.0000000000000000 0
1.0000000000000000 1.0000000000000000 1.0000000000000000 1.0000000000000000 0
1.0000000000000000 1.0000000000000000 1.0000000000000000 1.0000000000000000 0
1.0000000000000000 1.0000000000000000 1.0000000000000000 1.0000000000000000 0
1.0000000000000000 1.0000000000000000 1.0000000000000000 1.0000000000000000 0
1.0000000000000000 1.0000000000000000 1.0000000000000000 1.0000000000000000 0
1.0000000000000000 1.0000000000000000 1.0000000000000000 1.0000000000000000 0
1.0000000000000000 1.0000000000000000 1.0000000000000000 1.0000000000000000 0
1.0000000000000000 1.0000000000000000 1.0000000000000000 1.0000000000000000 0
1.0000000000000000 1.0000000000000000 1.0000000000000000 1.0000000000000000 0
1.0000000000000000 1.0000000000000000 1.0000000000000000 1.0000000000000000 0
1.0000000000000000 1.0000000000000000 1.0000000000000000 1.0000000000000000 0
1.0000000000000000 1.0000000000000000 1.0000000000000000 1.0000000000000000 0
1.0000000000000000 1.0000000000000000 1.0000000000000000 1.0000000000000000 0
1.0000000000000000 1.0000000000000000 1.0000000000000000 1.0000000000000000 0
1.0000000000000000 1.0000000000000000 1.0000000000000000 1.0000000000000000 0
1.0000000000000000 1.0000000000000000 1.0000000000000000 1.0000000000000000 0
1.0000000000000000 1.0000000000000000 1.0000000000000000 1.0000000000000000 0
1.0000000000000000 1.0000000000000000 1.0000000000000000 1.0000000000000000 0
1.0000000000000000 1.0000000000000000 1.0000000000000000 1.0000000000000000 0
1.0000000000000000 1.0000000000000000 1.0000000000000000 1.0000000000000000 0
1.0000000000000000 1.0000000000000000 1.0000000000000000 1.0000000000000000 0
1.0000000000000000 1.0000000000000000 1.0000000000000000 1.0000000000000000 0
1.0000000000000000 1.0000000000000000 1.0000000000000000 1.0000000000000000 0
1.0000000000000000 1.0000000000000000 1.0000000000000000 1.0000000000000000 0
1.0000000000000000 1.0000000000000000 1.0000000000000000 1.0000000000000000 0
1.0000000000000000 1.0000000000000000 1.0000000000000000 1.0000000000000000 0
1.0000000000000000 1.0000000000000000 1.0000000000000000 1.0000000000000000 0
1.0000000000000000 1.0000000000000000 1.0000000000000000 1.0000000000000000 0
1.0000000000000000 1.0000000000000000 1.0000000000000000 1.0000000000000000 0
1.0000000000000000 1.0000000000000000 1.0000000000000000 1.0000000000000000 0
1.0000000000000000 1.0000000000000000 1.0000000000000000 1.0000000000000000 0
1.0000000000000000 1.0000000000000000 1.0000000000000000 1.0000000000000000 0
1.0000000000000000 1.0000000000000000 1.0000000000000000 1.0000000000000000 0
1.0000000000000000 1.0000000000000000 1.0000000000000000 1.0000000000000000 0
1.0000000000000000 1.0000000000000000 1.0000000000000000 1.0000000000000000 0
1.0000000000000000 1.0000000000000000 1.0000000000000000 1.0000000000000000 0
1.0000000000000000 1.0000000000000000 1.0000000000000000 1.0000000000000000 0
1.0000000000000000 1.0000000000000000 1.0000000000000000 1.0000000000000000 0
1.0000000000000000 1.0000000000000000 1.0000000000000000 1.0000000000000000 0
1.0000000000000000 1.0000000000000000 1.0000000000000000 1.0000000000000000 0
1.0000000000000000 1.0000000000000000 1.0000000000000000 1.0000000000000000 0
1.0000000000000000 1.0000000000000000 1.0000000000000000 1.0000000000000000 0
1.0000000000000000 1.0000000000000000 1.0000000000000000 1.0000000000000000 0
1.0000000000000000 1.0000000000000000 1.0000000000000000 1.0000000000000000 0
1.0000000000000000 1.0000000000000000 1.0000000000000000 1.0000000000000000 0
1.0000000000000000 1.0000000000000000 1.0000000000000000 1.0000000000000000 0
0.1000000014901161 0.1000000014901161 0.1000000014901161 0.1000000014901161 0.1000000014901161 0.1000000014901161
0.1000000014901161 0.1000000014901161 0.1000000014901161 0.1000000014901161 0.1000000014901161 0.1000000014901161
0.1000000014901161 0.1000000014901161 0.1000000014901161 0.1000000014901161 0.1000000014901161 0.1000000014901161
0.1000000014901161 0.1000000014901161 0.1000000014901161 0.1000000014901161 0.1000000014901161 0.1000000014901161
0.1000000014901161 0.1000000014901161 0.1000000014901161 0.1000000014901161 0.1000000014901161 0.1000000014901161
0.1000000014901161 0.1000000014901161 0.1000000014901161 0.1000000014901161 0.1000000014901161 0.1000000014901161
0.1000000014901161 0.1000000014901161 0.1000000014901161 0.1000000014901161 0.1000000014901161 0.1000000014901161
0.1000000014901161 0.1000000014901161 0.1000000014901161 0.1000000014901161 0.1000000014901161 0.1000000014901161
0.1000000014901161 0.1000000014901161 0.1000000014901161 0.1000000014901161 0.1000000014901161 0.1000000014901161
0.1000000014901161 0.1000000014901161 0.1000000014901161 0.1000000014901161 0.1000000014901161 0.1000000014901161
0.1000000014901161 0.1000000014901161 0.1000000014901161 0.1000000014901161 0.1000000014901161 0.1000000014901161
0.1000000014901161 0.1000000014901161 0.1000000014901161 0.1000000014901161 0.1000000014901161 0.1000000014901161
0.1000000014901161 0.1000000014901161 0.1000000014901161 0.1000000014901161 0.1000000014901161 0.1000000014901161
0.1000000014901161 0.1000000014901161 0.1000000014901161 0.1000000014901161 0.1000000014901161 0.1000000014901161
0.1000000014901161 0.1000000014901161 0.1000000014901161 0.1000000014901161 0.1000000014901161 0.1000000014901161
0.1000000014901161 0.1000000014901161 0.1000000014901161 0.1000000014901161 0.1000000014901161 0.1000000014901161
0.1000000014901161 0.1000000014901161 0.1000000014901161 0.1000000014901161 0.1000000014901161 0.1000000014901161
0.1000000014901161 0.1000000014901161 0.1000000014901161 0.1000000014901161 0.1000000014901161 0.1000000014901161
0.1000000014901161 0.1000000014901161 0.1000000014901161 0.1000000014901161 0.1000000014901161 0.1000000014901161
0.1000000014901161 0.1000000014901161 0.1000000014901161 0.1000000014901161 0.1000000014901161 0.1000000014901161
0.1000000014901161 0.1000000014901161 0.1000000014901161 0.1000000014901161 0.1000000014901161 0.1000000014901161
0.1000000014901161 0.1000000014901161 0.1000000014901161 0.1000000014901161 0.1000000014901161 0.1000000014901161
0.1000000014901161 0.1000000014901161 0.1000000014901161 0.1000000014901161 0.1000000014901161 0.1000000014901161
0.1000000014901161 0.1000000014901161 0.1000000014901161 0.1000000014901161 0.1000000014901161 0.1000000014901161
0.1000000014901161 0.1000000014901161 0.1000000014901161 0.1000000014901161 0.1000000014901161 0.1000000014901161
0.1000000014901161 0.1000000014901161 0.1000000014901161 0.1000000014901161 0.1000000014901161 0.1000000014901161
0.1000000014901161 0.1000000014901161 0.1000000014901161 0.1000000014901161 0.1000000014901161 0.1000000014901161
0.1000000014901161 0.1000000014901161 0.1000000014901161 0.1000000014901161 0.1000000014901161 0.1000000014901161
0.1000000014901161 0.1000000014901161 0.1000000014901161 0.1000000014901161 0.1000000014901161 0.1000000014901161
0.1000000014901161 0.1000000014901161 0.1000000014901161 0.1000000014901161 0.1000000014901161 0.1000000014901161
0.1000000014901161 0.1000000014901161 0.1000000014901161 0.1000000014901161 0.1000000014901161 0.1000000014901161
0.1000000014901161 0.1000000014901161 0.1000000014901161 0.1000000014901161 0.1000000014901161 0.1000000014901161
0.1000000014901161 0.1000000014901161 0.1000000014901161 0.1000000014901161 0.1000000014901161 0.1000000014901161
0.1000000014901161 0.1000000014901161 0.1000000014901161 0.1000000014901161 0.1000000014901161 0.1000000014901161
0.1000000014901161 0.1000000014901161 0.1000000014901161 0.1000000014901161 0.1000000014901161 0.1000000014901161
0.1000000014901161 0.1000000014901161 0.1000000014901161 0.1000000014901161 0.1000000014901161 0.1000000014901161
0.1000000014901161 0.1000000014901161 0.1000000014901161 0.1000000014901161 0.1000000014901161 0.1000000014901161
0.1000000014901161 0.1000000014901161 0.1000000014901161 0.1000000014901161 0.1000000014901161 0.1000000014901161
0.1000000014901161 0.1000000014901161 0.1000000014901161 0.1000000014901161 0.1000000014901161 0.1000000014901161
0.1000000014901161 0.1000000014901161 0.1000000014901161 0.1000000014901161 0.1000000014901161 0.1000000014901161
0.1000000014901161 0.1000000014901161 0.1000000014901161 0.1000000014901161 0.1000000014901161 0.1000000014901161
0.1000000014901161 0.1000000014901161 0.1000000014901161 0.1000000014901161 0.1000000014901161 0.1000000014901161
0.1000000014901161 0.1000000014901161 0.1000000014901161 0.1000000014901161 0.1000000014901161 0.1000000014901161
0.1000000014901161 0.1000000014901161 0.1000000014901161 0.1000000014901161 0.1000000014901161 0.1000000014901161
0.1000000014901161 0.1000000014901161 0.1000000014901161 0.1000000014901161 0.1000000014901161 0.1000000014901161
0.1000000014901161 0.1000000014901161 0.1000000014901161 0.1000000014901161 0.1000000014901161 0.1000000014901161
0.1000000014901161 0.1000000014901161 0.1000000014901161 0.1000000014901161 0.1000000014901161 0.1000000014901161
0.1000000014901161 0.1000000014901161 0.1000000014901161 0.1000000014901161 0.1000000014901161 0.1000000014901161
0.1000000014901161 0.1000000014901161 0.1000000014901161 0.1000000014901161 0.1000000014901161 0.1000000014901161
0.1000000014901161 0.1000000014901161 0.1000000014901161 0.1000000014901161 0.1000000014901161 0.1000000014901161
0.1000000014901161 0.1000000014901161 0.1000000014901161 0.1000000014901161 0.1000000014901161 0.1000000014901161
0.1000000014901161 0.1000000014901161 0.1000000014901161 0.1000000014901161 0.1000000014901161 0.1000000014901161
0.1000000014901161 0.1000000014901161 0.1000000014901161 0.1000000014901161 0.1000000014901161 0.1000000014901161
0.1000000014901161 0.1000000014901161 0.1000000014901161 0.1000000014901161 0.1000000014901161 0.1000000014901161
0.1000000014901161 0.1000000014901161 0.1000000014901161 0.1000000014901161 0.1000000014901161 0.1000000014901161
0.1000000014901161 0.1000000014901161 0.1000000014901161 0.1000000014901161 0.1000000014901161 0.1000000014901161
0.1000000014901161 0.1000000014901161 0.1000000014901161 0.1000000014901161 0.1000000014901161 0.1000000014901161
0.1000000014901161 0.1000000014901161 0.1000000014901161 0.1000000014901161 0.1000000014901161 0.1000000014901161
0.1000000014901161 0.1000000014901161 0.1000000014901161 0.1000000014901161 0.1000000014901161 0.1000000014901161
0.1000000014901161 0.1000000014901161 0.1000000014901161 0.1000000014901161 0.1000000014901161 0.1000000014901161
0.1000000014901161 0.1000000014901161 0.1000000014901161 0.1000000014901161 0.1000000014901161 0.1000000014901161
0.1000000014901161 0.1000000014901161 0.1000000014901161 0.1000000014901161 0.1000000014901161 0.1000000014901161
0.1000000014901161 0.1000000014901161 0.1000000014901161 0.1000000014901161 0.1000000014901161 0.1000000014901161
0.1000000014901161 0.1000000014901161 0.1000000014901161 0.1000000014901161 0.1000000014901161 0.1000000014901161
0.1000000014901161 0.1000000014901161 0.1000000014901161 0.1000000014901161 0.1000000014901161 0.1000000014901161
0.1000000014901161 0.1000000014901161 0.1000000014901161 0.1000000014901161 0.1000000014901161 0.1000000014901161
0.1000000014901161 0.1000000014901161 0.1000000014901161 0.1000000014901161 0.1000000014901161 0.1000000014901161
0.1000000014901161 0.1000000014901161 0.1000000014901161 0.1000000014901161 0.1000000014901161 0.1000000014901161
0.1000000014901161 0.1000000014901161 0.1000000014901161 0.1000000014901161 0.1000000014901161 0.1000000014901161
0.1000000014901161 0.1000000014901161 0.1000000014901161 0.1000000014901161 0.1000000014901161 0.1000000014901161
0.1000000014901161 0.1000000014901161 0.1000000014901161 0.1000000014901161 0.1000000014901161 0.1000000014901161
0.1000000014901161 0.1000000014901161 0.1000000014901161 0.1000000014901161 0.1000000014901161 0.1000000014901161
0.1000000014901161 0.1000000014901161 0.1000000014901161 0.1000000014901161 0.1000000014901161 0.1000000014901161
0.1000000014901161 0.1000000014901161 0.1000000014901161 0.1000000014901161 0.1000000014901161 0.1000000014901161
0.1000000014901161 0.1000000014901161 0.1000000014901161 0.1000000014901161 0.1000000014901161 0.1000000014901161
0.1000000014901161 0.1000000014901161 0.1000000014901161 0.1000000014901161 0.1000000014901161 0.1000000014901161
0.1000000014901161 0.1000000014901161 0.1000000014901161 0.1000000014901161 0.1000000014901161 0.1000000014901161
0.1000000014901161 0.1000000014901161 0.1000000014901161 0.1000000014901161 0.1000000014901161 0.1000000014901161
0.1000000014901161 0.1000000014901161 0.1000000014901161 0.1000000014901161 0.1000000014901161 0.1000000014901161
0.1000000014901161 0.1000000014901161 0.1000000014901161 0.1000000014901161 0.1000000014901161 0.1000000014901161
0.1000000014901161 0.1000000014901161 0.1000000014901161 0.1000000014901161 0.1000000014901161 0.1000000014901161
0.1000000014901161 0.1000000014901161 0.1000000014901161 0.1000000014901161 0.1000000014901161 0.1000000014901161
0.1000000014901161 0.1000000014901161 0.1000000014901161 0.1000000014901161 0.1000000014901161 0.1000000014901161
0.1000000014901161 0.1000000014901161 0.1000000014901161 0.1000000014901161 0.1000000014901161 0.1000000014901161
0.1000000014901161 0.1000000014901161 0.1000000014901161 0.1000000014901161 0.1000000014901161 0.1000000014901161
0.1000000014901161 0.1000000014901161 0.1000000014901161 0.1000000014901161 0.1000000014901161 0.1000000014901161
0.1000000014901161 0.1000000014901161 0.1000000014901161 0.1000000014901161 0.1000000014901161 0.1000000014901161
0.1000000014901161 0.1000000014901161 0.1000000014901161 0.1000000014901161 0.1000000014901161 0.1000000014901161
0.1000000014901161 0.1000000014901161 0.1000000014901161 0.1000000014901161 0.1000000014901161 0.1000000014901161
0.1000000014901161 0.1000000014901161 0.1000000014901161 0.1000000014901161 0.1000000014901161 0.1000000014901161
0.1000000014901161 0.1000000014901161 0.1000000014901161 0.1000000014901161 0.1000000014901161 0.1000000014901161
0.1000000014901161 0.1000000014901161 0.1000000014901161 0.1000000014901161 0.1000000014901161 0.1000000014901161
0.1000000014901161 0.1000000014901161 0.1000000014901161 0.1000000014901161 0.1000000014901161 0.1000000014901161
0.1000000014901161 0.1000000014901161 0.1000000014901161 0.1000000014901161 0.1000000014901161 0.1000000014901161
0.1000000014901161 0.1000000014901161 0.1000000014901161 0.1000000014901161 0.1000000014901161 0.1000000014901161
0.1000000014901161 0.1000000014901161 0.1000000014901161 0.1000000014901161 0.1000000014901161 0.1000000014901161
0.1000000014901161 0.1000000014901161 0.1000000014901161 0.1000000014901161 0.1000000014901161 0.1000000014901161
0.1000000014901161 0.1000000014901161 0.1000000014901161 0.1000000014901161 0.1000000014901161 0.1000000014901161
0.1000000014901161 0.1000000014901161 0.1000000014901161 0.1000000014901161 0.1000000014901161 0.1000000014901161
0.1000000014901161 0.1000000014901161 0.1000000014901161 0.1000000014901161 0.1000000014901161 0.1000000014901161
0.1000000014901161 0.1000000014901161 0.1000000014901161 0.1000000014901161 0.1000000014901161 0.1000000014901161
0.1000000014901161 0.1000000014901161 0.1000000014901161 0.1000000014901161 0.1000000014901161 0.1000000014901161
0.1000000014901161 0.1000000014901161 0.1000000014901161 0.1000000014901161 0.1000000014901161 0.1000000014901161
0.1000000014901161 0.1000000014901161 0.1000000014901161 0.1000000014901161 0.1000000014901161 0.1000000014901161
0.1000000014901161 0.1000000014901161 0.1000000014901161 0.1000000014901161 0.1000000014901161 0.1000000014901161
0.1000000014901161 0.1000000014901161 0.1000000014901161 0.1000000014901161 0.1000000014901161 0.1000000014901161
0.1000000014901161 0.1000000014901161 0.1000000014901161 0.1000000014901161 0.1000000014901161 0.1000000014901161
0.1000000014901161 0.1000000014901161 0.1000000014901161 0.1000000014901161 0.1000000014901161 0.1000000014901161
0.1000000014901161 0.1000000014901161 0.1000000014901161 0.1000000014901161 0.1000000014901161 0.1000000014901161
0.1000000014901161 0.1000000014901161 0.1000000014901161 0.1000000014901161 0.1000000014901161 0.1000000014901161
0.1000000014901161 0.1000000014901161 0.1000000014901161 0.1000000014901161 0.1000000014901161 0.1000000014901161
0.1000000014901161 0.1000000014901161 0.1000000014901161 0.1000000014901161 0.1000000014901161 0.1000000014901161
0.1000000014901161 0.1000000014901161 0.1000000014901161 0.1000000014901161 0.1000000014901161 0.1000000014901161
0.1000000014901161 0.1000000014901161 0.1000000014901161 0.1000000014901161 0.1000000014901161 0.1000000014901161
0.1000000014901161 0.1000000014901161 0.1000000014901161 0.1000000014901161 0.1000000014901161 0.1000000014901161
0.1000000014901161 0.1000000014901161 0.1000000014901161 0.1000000014901161 0.1000000014901161 0.1000000014901161
0.1000000014901161 0.1000000014901161 0.1000000014901161 0.1000000014901161 0.1000000014901161 0.1000000014901161
0.1000000014901161 0.1000000014901161 0.1000000014901161 0.1000000014901161 0.1000000014901161 0.1000000014901161
0.1000000014901161 0.1000000014901161 0.1000000014901161 0.1000000014901161 0.1000000014901161 0.1000000014901161
0.1000000014901161 0.1000000014901161 0.1000000014901161 0.1000000014901161 0.1000000014901161 0.1000000014901161
0.1000000014901161 0.1000000014901161 0.1000000014901161 0.1000000014901161 0.1000000014901161 0.1000000014901161
0.1000000014901161 0.1000000014901161 0.1000000014901161 0.1000000014901161 0.1000000014901161 0.1000000014901161
0.1000000014901161 0.1000000014901161 0.1000000014901161 0.1000000014901161 0.1000000014901161 0.1000000014901161
0.1000000014901161 0.1000000014901161 0.1000000014901161 0.1000000014901161 0.1000000014901161 0.1000000014901161
0.1000000014901161 0.1000000014901161 0.1000000014901161 0.1000000014901161 0.1000000014901161 0.1000000014901161
0.1000000014901161 0.1000000014901161 0.1000000014901161 0.1000000014901161 0.1000000014901161 0.1000000014901161
0.1000000014901161 0.1000000014901161 0.1000000014901161 0.1000000014901161 0.1000000014901161 0.1000000014901161
0.1000000014901161 0.1000000014901161 0.1000000014901161 0.1000000014901161 0.1000000014901161 0.1000000014901161
1.0000000000000000 1.0000000000000000 1.0000000000000000 1.0000000000000000 0
1.0000000000000000 1.0000000000000000 1.0000000000000000 1.0000000000000000 0
1.0000000000000000 1.0000000000000000 1.0000000000000000 1.0000000000000000 0
1.0000000000000000 1.0000000000000000 1.0000000000000000 1.0000000000000000 0
1.0000000000000000 1.0000000000000000 1.0000000000000000 1.0000000000000000 0
1.0000000000000000 1.0000000000000000 1.0000000000000000 1.0000000000000000 0
1.0000000000000000 1.0000000000000000 1.0000000000000000 1.0000000000000000 0
1.0000000000000000 1.0000000000000000 1.0000000000000000 1.0000000000000000 0
1.0000000000000000 1.0000000000000000 1.0000000000000000 1.0000000000000000 0
1.0000000000000000 1.0000000000000000 1.0000000000000000 1.0000000000000000 0
1.0000000000000000 1.0000000000000000 1.0000000000000000 1.0000000000000000 0
1.0000000000000000 1.0000000000000000 1.0000000000000000 1.0000000000000000 0
1.0000000000000000 1.0000000000000000 1.0000000000000000 1.0000000000000000 0
1.0000000000000000 1.0000000000000000 1.0000000000000000 1.0000000000000000 0
1.0000000000000000 1.0000000000000000 1.0000000000000000 1.0000000000000000 0
1.0000000000000000 1.0000000000000000 1.0000000000000000 1.0000000000000000 0
1.0000000000000000 1.0000000000000000 1.0000000000000000 1.0000000000000000 0
1.0000000000000000 1.0000000000000000 1.0000000000000000 1.0000000000000000 0
1.0000000000000000 1.0000000000000000 1.0000000000000000 1.0000000000000000 0
1.0000000000000000 1.0000000000000000 1.0000000000000000 1.0000000000000000 0
1.0000000000000000 1.0000000000000000 1.0000000000000000 1.0000000000000000 0
1.0000000000000000 1.0000000000000000 1.0000000000000000 1.0000000000000000 0
1.0000000000000000 1.0000000000000000 1.0000000000000000 1.0000000000000000 0
1.0000000000000000 1.0000000000000000 1.0000000000000000 1.0000000000000000 0
1.0000000000000000 1.0000000000000000 1.0000000000000000 1.0000000000000000 0
1.0000000000000000 1.0000000000000000 1.0000000000000000 1.0000000000000000 0
1.0000000000000000 1.0000000000000000 1.0000000000000000 1.0000000000000000 0
1.0000000000000000 1.0000000000000000 1.0000000000000000 1.0000000000000000 0
1.0000000000000000 1.0000000000000000 1.0000000000000000 1.0000000000000000 0
1.0000000000000000 1.0000000000000000 1.0000000000000000 1.0000000000000000 0
1.0000000000000000 1.0000000000000000 1.0000000000000000 1.0000000000000000 0
1.0000000000000000 1.0000000000000000 1.0000000000000000 1.0000000000000000 0
1.0000000000000000 1.0000000000000000 1.0000000000000000 1.0000000000000000 0
1.0000000000000000 1.0000000000000000 1.0000000000000000 1.0000000000000000 0
1.0000000000000000 1.0000000000000000 1.0000000000000000 1.0000000000000000 0
1.0000000000000000 1.0000000000000000 1.0000000000000000 1.0000000000000000 0
1.0000000000000000 1.0000000000000000 1.0000000000000000 1.0000000000000000 0
1.0000000000000000 1.0000000000000000 1.0000000000000000 1.0000000000000000 0
1.0000000000000000 1.0000000000000000 1.0000000000000000 1.0000000000000000 0
1.0000000000000000 1.0000000000000000 1.0000000000000000 1.0000000000000000 0
1.0000000000000000 1.0000000000000000 1.0000000000000000 1.0000000000000000 0
1.0000000000000000 1.0000000000000000 1.0000000000000000 1.0000000000000000 0
1.0000000000000000 1.0000000000000000 1.0000000000000000 1.0000000000000000 0
1.0000000000000000 1.0000000000000000 1.0000000000000000 1.0000000000000000 0
1.0000000000000000 1.0000000000000000 1.0000000000000000 1.0000000000000000 0
1.0000000000000000 1.0000000000000000 1.0000000000000000 1.0000000000000000 0
1.0000000000000000 1.0000000000000000 1.0000000000000000 1.0000000000000000 0
1.0000000000000000 1.0000000000000000 1.0000000000000000 1.0000000000000000 0
1.0000000000000000 1.0000000000000000 1.0000000000000000 1.0000000000000000 0
1.0000000000000000 1.0000000000000000 1.0000000000000000 1.0000000000000000 0
1.0000000000000000 1.0000000000000000 1.0000000000000000 1.0000000000000000 0
1.0000000000000000 1.0000000000000000 1.0000000000000000 1.0000000000000000 0
1.0000000000000000 1.0000000000000000 1.0000000000000000 1.0000000000000000 0
1.0000000000000000 1.0000000000000000 1.0000000000000000 1.0000000000000000 0
1.0000000000000000 1.0000000000000000 1.0000000000000000 1.0000000000000000 0
1.0000000000000000 1.0000000000000000 1.0000000000000000 1.0000000000000000 0
1.0000000000000000 1.0000000000000000 1.0000000000000000 1.0000000000000000 0
1.0000000000000000 1.0000000000000000 1.0000000000000000 1.0000000000000000 0
1.0000000000000000 1.0000000000000000 1.0000000000000000 1.0000000000000000 0
1.0000000000000000 1.0000000000000000 1.0000000000000000 1.0000000000000000 0
1.0000000000000000 1.0000000000000000 1.0000000000000000 1.0000000000000000 0
1.0000000000000000 1.0000000000000000 1.0000000000000000 1.0000000000000000 0
1.0000000000000000 1.0000000000000000 1.0000000000000000 1.0000000000000000 0
1.0000000000000000 1.0000000000000000 1.0000000000000000 1.0000000000000000 0
0.1000000014901161 0.1000000014901161 0.1000000014901161 0.1000000014901161 0.1000000014901161 0.1000000014901161
0.1000000014901161 0.1000000014901161 0.1000000014901161 0.1000000014901161 0.1000000014901161 0.1000000014901161
0.1000000014901161 0.1000000014901161 0.1000000014901161 0.1000000014901161 0.1000000014901161 0.1000000014901161
0.1000000014901161 0.1000000014901161 0.1000000014901161 0.1000000014901161 0.1000000014901161 0.1000000014901161
0.1000000014901161 0.1000000014901161 0.1000000014901161 0.1000000014901161 0.1000000014901161 0.1000000014901161
0.1000000014901161 0.1000000014901161 0.1000000014901161 0.1000000014901161 0.1000000014901161 0.1000000014901161
0.1000000014901161 0.1000000014901161 0.1000000014901161 0.1000000014901161 0.1000000014901161 0.1000000014901161
0.1000000014901161 0.1000000014901161 0.1000000014901161 0.1000000014901161 0.1000000014901161 0.1000000014901161
0.1000000014901161 0.1000000014901161 0.1000000014901161 0.1000000014901161 0.1000000014901161 0.1000000014901161
0.1000000014901161 0.1000000014901161 0.1000000014901161 0.1000000014901161 0.1000000014901161 0.1000000014901161
0.1000000014901161 0.1000000014901161 0.1000000014901161 0.1000000014901161 0.1000000014901161 0.1000000014901161
0.1000000014901161 0.1000000014901161 0.1000000014901161 0.1000000014901161 0.1000000014901161 0.1000000014901161
0.1000000014901161 0.1000000014901161 0.1000000014901161 0.1000000014901161 0.1000000014901161 0.1000000014901161
0.1000000014901161 0.1000000014901161 0.1000000014901161 0.1000000014901161 0.1000000014901161 0.1000000014901161
0.1000000014901161 0.1000000014901161 0.1000000014901161 0.1000000014901161 0.1000000014901161 0.1000000014901161
0.1000000014901161 0.1000000014901161 0.1000000014901161 0.1000000014901161 0.1000000014901161 0.1000000014901161
0.1000000014901161 0.1000000014901161 0.1000000014901161 0.1000000014901161 0.1000000014901161 0.1000000014901161
0.1000000014901161 0.1000000014901161 0.1000000014901161 0.1000000014901161 0.1000000014901161 0.1000000014901161
0.1000000014901161 0.1000000014901161 0.1000000014901161 0.1000000014901161 0.1000000014901161 0.1000000014901161
0.1000000014901161 0.1000000014901161 0.1000000014901161 0.1000000014901161 0.1000000014901161 0.1000000014901161
0.1000000014901161 0.1000000014901161 0.1000000014901161 0.1000000014901161 0.1000000014901161 0.1000000014901161
0.1000000014901161 0.1000000014901161 0.1000000014901161 0.1000000014901161 0.1000000014901161 0.1000000014901161
0.1000000014901161 0.1000000014901161 0.1000000014901161 0.1000000014901161 0.1000000014901161 0.1000000014901161
0.1000000014901161 0.1000000014901161 0.1000000014901161 0.1000000014901161 0.1000000014901161 0.1000000014901161
0.1000000014901161 0.1000000014901161 0.1000000014901161 0.1000000014901161 0.1000000014901161 0.1000000014901161
0.1000000014901161 0.1000000014901161 0.1000000014901161 0.1000000014901161 0.1000000014901161 0.1000000014901161
0.1000000014901161 0.1000000014901161 0.1000000014901161 0.1000000014901161 0.1000000014901161 0.1000000014901161
0.1000000014901161 0.1000000014901161 0.1000000014901161 0.1000000014901161 0.1000000014901161 0.1000000014901161
0.1000000014901161 0.1000000014901161 0.1000000014901161 0.1000000014901161 0.1000000014901161 0.1000000014901161
0.1000000014901161 0.1000000014901161 0.1000000014901161 0.1000000014901161 0.1000000014901161 0.1000000014901161
0.1000000014901161 0.1000000014901161 0.1000000014901161 0.1000000014901161 0.1000000014901161 0.1000000014901161
0.1000000014901161 0.1000000014901161 0.1000000014901161 0.1000000014901161 0.1000000014901161 0.1000000014901161
0.1000000014901161 0.1000000014901161 0.1000000014901161 0.1000000014901161 0.1000000014901161 0.1000000014901161
0.1000000014901161 0.1000000014901161 0.1000000014901161 0.1000000014901161 0.1000000014901161 0.1000000014901161
0.1000000014901161 0.1000000014901161 0.1000000014901161 0.1000000014901161 0.1000000014901161 0.1000000014901161
0.1000000014901161 0.1000000014901161 0.1000000014901161 0.1000000014901161 0.1000000014901161 0.1000000014901161
0.1000000014901161 0.1000000014901161 0.1000000014901161 0.1000000014901161 0.1000000014901161 0.1000000014901161
0.1000000014901161 0.1000000014901161 0.1000000014901161 0.1000000014901161 0.1000000014901161 0.1000000014901161
0.1000000014901161 0.1000000014901161 0.1000000014901161 0.1000000014901161 0.1000000014901161 0.1000000014901161
0.1000000014901161 0.1000000014901161 0.1000000014901161 0.1000000014901161 0.1000000014901161 0.1000000014901161
0.1000000014901161 0.1000000014901161 0.1000000014901161 0.1000000014901161 0.1000000014901161 0.1000000014901161
0.1000000014901161 0.1000000014901161 0.1000000014901161 0.1000000014901161 0.1000000014901161 0.1000000014901161
0.1000000014901161 0.1000000014901161 0.1000000014901161 0.1000000014901161 0.1000000014901161 0.1000000014901161
0.1000000014901161 0.1000000014901161 0.1000000014901161 0.1000000014901161 0.1000000014901161 0.1000000014901161
0.1000000014901161 0.1000000014901161 0.1000000014901161 0.1000000014901161 0.1000000014901161 0.1000000014901161
0.1000000014901161 0.1000000014901161 0.1000000014901161 0.1000000014901161 0.1000000014901161 0.1000000014901161
0.1000000014901161 0.1000000014901161 0.1000000014901161 0.1000000014901161 0.1000000014901161 0.1000000014901161
0.1000000014901161 0.1000000014901161 0.1000000014901161 0.1000000014901161 0.1000000014901161 0.1000000014901161
0.1000000014901161 0.1000000014901161 0.1000000014901161 0.1000000014901161 0.1000000014901161 0.1000000014901161
0.1000000014901161 0.1000000014901161 0.1000000014901161 0.1000000014901161 0.1000000014901161 0.1000000014901161
0.1000000014901161 0.1000000014901161 0.1000000014901161 0.1000000014901161 0.1000000014901161 0.1000000014901161
0.1000000014901161 0.1000000014901161 0.1000000014901161 0.1000000014901161 0.1000000014901161 0.1000000014901161
0.1000000014901161 0.1000000014901161 0.1000000014901161 0.1000000014901161 0.1000000014901161 0.1000000014901161
0.1000000014901161 0.1000000014901161 0.1000000014901161 0.1000000014901161 0.1000000014901161 0.1000000014901161
0.1000000014901161 0.1000000014901161 0.1000000014901161 0.1000000014901161 0.1000000014901161 0.1000000014901161
0.1000000014901161 0.1000000014901161 0.1000000014901161 0.1000000014901161 0.1000000014901161 0.1000000014901161
0.1000000014901161 0.1000000014901161 0.1000000014901161 0.1000000014901161 0.1000000014901161 0.1000000014901161
0.1000000014901161 0.1000000014901161 0.1000000014901161 0.1000000014901161 0.1000000014901161 0.1000000014901161
0.1000000014901161 0.1000000014901161 0.1000000014901161 0.1000000014901161 0.1000000014901161 0.1000000014901161
0.1000000014901161 0.1000000014901161 0.1000000014901161 0.1000000014901161 0.1000000014901161 0.1000000014901161
0.1000000014901161 0.1000000014901161 0.1000000014901161 0.1000000014901161 0.1000000014901161 0.1000000014901161
0.1000000014901161 0.1000000014901161 0.1000000014901161 0.1000000014901161 0.1000000014901161 0.1000000014901161
0.1000000014901161 0.1000000014901161 0.1000000014901161 0.1000000014901161 0.1000000014901161 0.1000000014901161
0.1000000014901161 0.1000000014901161 0.1000000014901161 0.1000000014901161 0.1000000014901161 0.1000000014901161
0.1000000014901161 0.1000000014901161 0.1000000014901161 0.1000000014901161 0.1000000014901161 0.1000000014901161
0.1000000014901161 0.1000000014901161 0.1000000014901161 0.1000000014901161 0.1000000014901161 0.1000000014901161
0.1000000014901161 0.1000000014901161 0.1000000014901161 0.1000000014901161 0.1000000014901161 0.1000000014901161
0.1000000014901161 0.1000000014901161 0.1000000014901161 0.1000000014901161 0.1000000014901161 0.1000000014901161
0.1000000014901161 0.1000000014901161 0.1000000014901161 0.1000000014901161 0.1000000014901161 0.1000000014901161
0.1000000014901161 0.1000000014901161 0.1000000014901161 0.1000000014901161 0.1000000014901161 0.1000000014901161
0.1000000014901161 0.1000000014901161 0.1000000014901161 0.1000000014901161 0.1000000014901161 0.1000000014901161
0.1000000014901161 0.1000000014901161 0.1000000014901161 0.1000000014901161 0.1000000014901161 0.1000000014901161
0.1000000014901161 0.1000000014901161 0.1000000014901161 0.1000000014901161 0.1000000014901161 0.1000000014901161
0.1000000014901161 0.1000000014901161 0.1000000014901161 0.1000000014901161 0.1000000014901161 0.1000000014901161
0.1000000014901161 0.1000000014901161 0.1000000014901161 0.1000000014901161 0.1000000014901161 0.1000000014901161
0.1000000014901161 0.1000000014901161 0.1000000014901161 0.1000000014901161 0.1000000014901161 0.1000000014901161
0.1000000014901161 0.1000000014901161 0.1000000014901161 0.1000000014901161 0.1000000014901161 0.1000000014901161
0.1000000014901161 0.1000000014901161 0.1000000014901161 0.1000000014901161 0.1000000014901161 0.1000000014901161
0.1000000014901161 0.1000000014901161 0.1000000014901161 0.1000000014901161 0.1000000014901161 0.1000000014901161
0.1000000014901161 0.1000000014901161 0.1000000014901161 0.1000000014901161 0.1000000014901161 0.1000000014901161
0.1000000014901161 0.1000000014901161 0.1000000014901161 0.1000000014901161 0.1000000014901161 0.1000000014901161
0.1000000014901161 0.1000000014901161 0.1000000014901161 0.1000000014901161 0.1000000014901161 0.1000000014901161
0.1000000014901161 0.1000000014901161 0.1000000014901161 0.1000000014901161 0.1000000014901161 0.1000000014901161
0.1000000014901161 0.1000000014901161 0.1000000014901161 0.1000000014901161 0.1000000014901161 0.1000000014901161
0.1000000014901161 0.1000000014901161 0.1000000014901161 0.1000000014901161 0.1000000014901161 0.1000000014901161
0.1000000014901161 0.1000000014901161 0.1000000014901161 0.1000000014901161 0.1000000014901161 0.1000000014901161
0.1000000014901161 0.1000000014901161 0.1000000014901161 0.1000000014901161 0.1000000014901161 0.1000000014901161
0.1000000014901161 0.1000000014901161 0.1000000014901161 0.1000000014901161 0.1000000014901161 0.1000000014901161
0.1000000014901161 0.1000000014901161 0.1000000014901161 0.1000000014901161 0.1000000014901161 0.1000000014901161
0.1000000014901161 0.1000000014901161 0.1000000014901161 0.1000000014901161 0.1000000014901161 0.1000000014901161
0.1000000014901161 0.1000000014901161 0.1000000014901161 0.1000000014901161 0.1000000014901161 0.1000000014901161
0.1000000014901161 0.1000000014901161 0.1000000014901161 0.1000000014901161 0.1000000014901161 0.1000000014901161
0.1000000014901161 0.1000000014901161 0.1000000014901161 0.1000000014901161 0.1000000014901161 0.1000000014901161
0.1000000014901161 0.1000000014901161 0.1000000014901161 0.1000000014901161 0.1000000014901161 0.1000000014901161
0.1000000014901161 0.1000000014901161 0.1000000014901161 0.1000000014901161 0.1000000014901161 0.1000000014901161
0.1000000014901161 0.1000000014901161 0.1000000014901161 0.1000000014901161 0.1000000014901161 0.1000000014901161
0.1000000014901161 0.1000000014901161 0.1000000014901161 0.1000000014901161 0.1000000014901161 0.1000000014901161
0.1000000014901161 0.1000000014901161 0.1000000014901161 0.1000000014901161 0.1000000014901161 0.1000000014901161
0.1000000014901161 0.1000000014901161 0.1000000014901161 0.1000000014901161 0.1000000014901161 0.1000000014901161
0.1000000014901161 0.1000000014901161 0.1000000014901161 0.1000000014901161 0.1000000014901161 0.1000000014901161
0.1000000014901161 0.1000000014901161 0.1000000014901161 0.1000000014901161 0.1000000014901161 0.1000000014901161
0.1000000014901161 0.1000000014901161 0.1000000014901161 0.1000000014901161 0.1000000014901161 0.1000000014901161
0.1000000014901161 0.1000000014901161 0.1000000014901161 0.1000000014901161 0.1000000014901161 0.1000000014901161
0.1000000014901161 0.1000000014901161 0.1000000014901161 0.1000000014901161 0.1000000014901161 0.1000000014901161
0.1000000014901161 0.1000000014901161 0.1000000014901161 0.1000000014901161 0.1000000014901161 0.1000000014901161
0.1000000014901161 0.1000000014901161 0.1000000014901161 0.1000000014901161 0.1000000014901161 0.1000000014901161
0.1000000014901161 0.1000000014901161 0.1000000014901161 0.1000000014901161 0.1000000014901161 0.1000000014901161
0.1000000014901161 0.1000000014901161 0.1000000014901161 0.1000000014901161 0.1000000014901161 0.1000000014901161
0.1000000014901161 0.1000000014901161 0.1000000014901161 0.1000000014901161 0.1000000014901161 0.1000000014901161
0.1000000014901161 0.1000000014901161 0.1000000014901161 0.1000000014901161 0.1000000014901161 0.1000000014901161
0.1000000014901161 0.1000000014901161 0.1000000014901161 0.1000000014901161 0.1000000014901161 0.1000000014901161
0.1000000014901161 0.1000000014901161 0.1000000014901161 0.1000000014901161 0.1000000014901161 0.1000000014901161
0.1000000014901161 0.1000000014901161 0.1000000014901161 0.1000000014901161 0.1000000014901161 0.1000000014901161
0.1000000014901161 0.1000000014901161 0.1000000014901161 0.1000000014901161 0.1000000014901161 0.1000000014901161
0.1000000014901161 0.1000000014901161 0.1000000014901161 0.1000000014901161 0.1000000014901161 0.1000000014901161
0.1000000014901161 0.1000000014901161 0.1000000014901161 0.1000000014901161 0.1000000014901161 0.1000000014901161
0.1000000014901161 0.1000000014901161 0.1000000014901161 0.1000000014901161 0.1000000014901161 0.1000000014901161
0.1000000014901161 0.1000000014901161 0.1000000014901161 0.1000000014901161 0.1000000014901161 0.1000000014901161
0.1000000014901161 0.1000000014901161 0.1000000014901161 0.1000000014901161 0.1000000014901161 0.1000000014901161
0.1000000014901161 0.1000000014901161 0.1000000014901161 0.1000000014901161 0.1000000014901161 0.1000000014901161
0.1000000014901161 0.1000000014901161 0.1000000014901161 0.1000000014901161 0.1000000014901161 0.1000000014901161
0.1000000014901161 0.1000000014901161 0.1000000014901161 0.1000000014901161 0.1000000014901161 0.1000000014901161
0.1000000014901161 0.1000000014901161 0.1000000014901161 0.1000000014901161 0.1000000014901161 0.1000000014901161
0.1000000014901161 0.1000000014901161 0.1000000014901161 0.1000000014901161 0.1000000014901161 0.1000000014901161
0.1000000014901161 0.1000000014901161 0.1000000014901161 0.1000000014901161 0.1000000014901161 0.1000000014901161
0.1000000014901161 0.1000000014901161 0.1000000014901161 0.1000000014901161 0.1000000014901161 0.1000000014901161
0.1000000014901161 0.1000000014901161 0.1000000014901161 0.1000000014901161 0.1000000014901161 0.1000000014901161
0.1000000014901161 0.1000000014901161 0.1000000014901161 0.1000000014901161 0.1000000014901161 0.1000000014901161
1.0000000000000000 1.0000000000000000 1.0000000000000000 1.0000000000000000 0
1.0000000000000000 1.0000000000000000 1.0000000000000000 1.0000000000000000 0
1.0000000000000000 1.0000000000000000 1.0000000000000000 1.0000000000000000 0
1.0000000000000000 1.0000000000000000 1.0000000000000000 1.0000000000000000 0
1.0000000000000000 1.0000000000000000 1.0000000000000000 1.0000000000000000 0
1.0000000000000000 1.0000000000000000 1.0000000000000000 1.0000000000000000 0
1.0000000000000000 1.0000000000000000 1.0000000000000000 1.0000000000000000 0
1.0000000000000000 1.0000000000000000 1.0000000000000000 1.0000000000000000 0
1.0000000000000000 1.0000000000000000 1.0000000000000000 1.0000000000000000 0
1.0000000000000000 1.0000000000000000 1.0000000000000000 1.0000000000000000 0
1.0000000000000000 1.0000000000000000 1.0000000000000000 1.0000000000000000 0
1.0000000000000000 1.0000000000000000 1.0000000000000000 1.0000000000000000 0
1.0000000000000000 1.0000000000000000 1.0000000000000000 1.0000000000000000 0
1.0000000000000000 1.0000000000000000 1.0000000000000000 1.0000000000000000 0
1.0000000000000000 1.0000000000000000 1.0000000000000000 1.0000000000000000 0
1.0000000000000000 1.0000000000000000 1.0000000000000000 1.0000000000000000 0
1.0000000000000000 1.0000000000000000 1.0000000000000000 1.0000000000000000 0
1.0000000000000000 1.0000000000000000 1.0000000000000000 1.0000000000000000 0
1.0000000000000000 1.0000000000000000 1.0000000000000000 1.0000000000000000 0
1.0000000000000000 1.0000000000000000 1.0000000000000000 1.0000000000000000 0
1.0000000000000000 1.0000000000000000 1.0000000000000000 1.0000000000000000 0
1.0000000000000000 1.0000000000000000 1.0000000000000000 1.0000000000000000 0
1.0000000000000000 1.0000000000000000 1.0000000000000000 1.0000000000000000 0
1.0000000000000000 1.0000000000000000 1.0000000000000000 1.0000000000000000 0
1.0000000000000000 1.0000000000000000 1.0000000000000000 1.0000000000000000 0
1.0000000000000000 1.0000000000000000 1.0000000000000000 1.0000000000000000 0
1.0000000000000000 1.0000000000000000 1.0000000000000000 1.0000000000000000 0
1.0000000000000000 1.0000000000000000 1.0000000000000000 1.0000000000000000 0
1.0000000000000000 1.0000000000000000 1.0000000000000000 1.0000000000000000 0
1.0000000000000000 1.0000000000000000 1.0000000000000000 1.0000000000000000 0
1.0000000000000000 1.0000000000000000 1.0000000000000000 1.0000000000000000 0
1.0000000000000000 1.0000000000000000 1.0000000000000000 1.0000000000000000 0
1.0000000000000000 1.0000000000000000 1.0000000000000000 1.0000000000000000 0
1.0000000000000000 1.0000000000000000 1.0000000000000000 1.0000000000000000 0
1.0000000000000000 1.0000000000000000 1.0000000000000000 1.0000000000000000 0
1.0000000000000000 1.0000000000000000 1.0000000000000000 1.0000000000000000 0
1.0000000000000000 1.0000000000000000 1.0000000000000000 1.0000000000000000 0
1.0000000000000000 1.0000000000000000 1.0000000000000000 1.0000000000000000 0
1.0000000000000000 1.0000000000000000 1.0000000000000000 1.0000000000000000 0
1.0000000000000000 1.0000000000000000 1.0000000000000000 1.0000000000000000 0
1.0000000000000000 1.0000000000000000 1.0000000000000000 1.0000000000000000 0
1.0000000000000000 1.0000000000000000 1.0000000000000000 1.0000000000000000 0
1.0000000000000000 1.0000000000000000 1.0000000000000000 1.0000000000000000 0
1.0000000000000000 1.0000000000000000 1.0000000000000000 1.0000000000000000 0
1.0000000000000000 1.0000000000000000 1.0000000000000000 1.0000000000000000 0
1.0000000000000000 1.0000000000000000 1.0000000000000000 1.0000000000000000 0
1.0000000000000000 1.0000000000000000 1.0000000000000000 1.0000000000000000 0
1.0000000000000000 1.0000000000000000 1.0000000000000000 1.0000000000000000 0
1.0000000000000000 1.0000000000000000 1.0000000000000000 1.0000000000000000 0
1.0000000000000000 1.0000000000000000 1.0000000000000000 1.0000000000000000 0
1.0000000000000000 1.0000000000000000 1.0000000000000000 1.0000000000000000 0
1.0000000000000000 1.0000000000000000 1.0000000000000000 1.0000000000000000 0
1.0000000000000000 1.0000000000000000 1.0000000000000000 1.0000000000000000 0
1.0000000000000000 1.0000000000000000 1.0000000000000000 1.0000000000000000 0
1.0000000000000000 1.0000000000000000 1.0000000000000000 1.0000000000000000 0
1.0000000000000000 1.0000000000000000 1.0000000000000000 1.0000000000000000 0
1.0000000000000000 1.0000000000000000 1.0000000000000000 1.0000000000000000 0
1.0000000000000000 1.0000000000000000 1.0000000000000000 1.0000000000000000 0
1.0000000000000000 1.0000000000000000 1.0000000000000000 1.0000000000000000 0
1.0000000000000000 1.0000000000000000 1.0000000000000000 1.0000000000000000 0
1.0000000000000000 1.0000000000000000 1.0000000000000000 1.0000000000000000 0
1.0000000000000000 1.0000000000000000 1.0000000000000000 1.0000000000000000 0
1.0000000000000000 1.0000000000000000 1.0000000000000000 1.0000000000000000 0
1.0000000000000000 1.0000000000000000 1.0000000000000000 1.0000000000000000 0
0.1000000014901161 0.1000000014901161 0.1000000014901161 0.1000000014901161 0.1000000014901161 0.1000000014901161
0.1000000014901161 0.1000000014901161 0.1000000014901161 0.1000000014901161 0.1000000014901161 0.1000000014901161
0.1000000014901161 0.1000000014901161 0.1000000014901161 0.1000000014901161 0.1000000014901161 0.1000000014901161
0.1000000014901161 0.1000000014901161 0.1000000014901161 0.1000000014901161 0.1000000014901161 0.1000000014901161
0.1000000014901161 0.1000000014901161 0.1000000014901161 0.1000000014901161 0.1000000014901161 0.1000000014901161
0.1000000014901161 0.1000000014901161 0.1000000014901161 0.1000000014901161 0.1000000014901161 0.1000000014901161
0.1000000014901161 0.1000000014901161 0.1000000014901161 0.1000000014901161 0.1000000014901161 0.1000000014901161
0.1000000014901161 0.1000000014901161 0.1000000014901161 0.1000000014901161 0.1000000014901161 0.1000000014901161
0.1000000014901161 0.1000000014901161 0.1000000014901161 0.1000000014901161 0.1000000014901161 0.1000000014901161
0.1000000014901161 0.1000000014901161 0.1000000014901161 0.1000000014901161 0.1000000014901161 0.1000000014901161
0.1000000014901161 0.1000000014901161 0.1000000014901161 0.1000000014901161 0.1000000014901161 0.1000000014901161
0.1000000014901161 0.1000000014901161 0.1000000014901161 0.1000000014901161 0.1000000014901161 0.1000000014901161
0.1000000014901161 0.1000000014901161 0.1000000014901161 0.1000000014901161 0.1000000014901161 0.1000000014901161
0.1000000014901161 0.1000000014901161 0.1000000014901161 0.1000000014901161 0.1000000014901161 0.1000000014901161
0.1000000014901161 0.1000000014901161 0.1000000014901161 0.1000000014901161 0.1000000014901161 0.1000000014901161
0.1000000014901161 0.1000000014901161 0.1000000014901161 0.1000000014901161 0.1000000014901161 0.1000000014901161
0.1000000014901161 0.1000000014901161 0.1000000014901161 0.1000000014901161 0.1000000014901161 0.1000000014901161
0.1000000014901161 0.1000000014901161 0.1000000014901161 0.1000000014901161 0.1000000014901161 0.1000000014901161
0.1000000014901161 0.1000000014901161 0.1000000014901161 0.1000000014901161 0.1000000014901161 0.1000000014901161
0.1000000014901161 0.1000000014901161 0.1000000014901161 0.1000000014901161 0.1000000014901161 0.1000000014901161
0.1000000014901161 0.1000000014901161 0.1000000014901161 0.1000000014901161 0.1000000014901161 0.1000000014901161
0.1000000014901161 0.1000000014901161 0.1000000014901161 0.1000000014901161 0.1000000014901161 0.1000000014901161
0.1000000014901161 0.1000000014901161 0.1000000014901161 0.1000000014901161 0.1000000014901161 0.1000000014901161
0.1000000014901161 0.1000000014901161 0.1000000014901161 0.1000000014901161 0.1000000014901161 0.1000000014901161
0.1000000014901161 0.1000000014901161 0.1000000014901161 0.1000000014901161 0.1000000014901161 0.1000000014901161
0.1000000014901161 0.1000000014901161 0.1000000014901161 0.1000000014901161 0.1000000014901161 0.1000000014901161
0.1000000014901161 0.1000000014901161 0.1000000014901161 0.1000000014901161 0.1000000014901161 0.1000000014901161
0.1000000014901161 0.1000000014901161 0.1000000014901161 0.1000000014901161 0.1000000014901161 0.1000000014901161
0.1000000014901161 0.1000000014901161 0.1000000014901161 0.1000000014901161 0.1000000014901161 0.1000000014901161
0.1000000014901161 0.1000000014901161 0.1000000014901161 0.1000000014901161 0.1000000014901161 0.1000000014901161
0.1000000014901161 0.1000000014901161 0.1000000014901161 0.1000000014901161 0.1000000014901161 0.1000000014901161
0.1000000014901161 0.1000000014901161 0.1000000014901161 0.1000000014901161 0.1000000014901161 0.1000000014901161
0.1000000014901161 0.1000000014901161 0.1000000014901161 0.1000000014901161 0.1000000014901161 0.1000000014901161
0.1000000014901161 0.1000000014901161 0.1000000014901161 0.1000000014901161 0.1000000014901161 0.1000000014901161
0.1000000014901161 0.1000000014901161 0.1000000014901161 0.1000000014901161 0.1000000014901161 0.1000000014901161
0.1000000014901161 0.1000000014901161 0.1000000014901161 0.1000000014901161 0.1000000014901161 0.1000000014901161
0.1000000014901161 0.1000000014901161 0.1000000014901161 0.1000000014901161 0.1000000014901161 0.1000000014901161
0.1000000014901161 0.1000000014901161 0.1000000014901161 0.1000000014901161 0.1000000014901161 0.1000000014901161
0.1000000014901161 0.1000000014901161 0.1000000014901161 0.1000000014901161 0.1000000014901161 0.1000000014901161
0.1000000014901161 0.1000000014901161 0.1000000014901161 0.1000000014901161 0.1000000014901161 0.1000000014901161
0.1000000014901161 0.1000000014901161 0.1000000014901161 0.1000000014901161 0.1000000014901161 0.1000000014901161
0.1000000014901161 0.1000000014901161 0.1000000014901161 0.1000000014901161 0.1000000014901161 0.1000000014901161
0.1000000014901161 0.1000000014901161 0.1000000014901161 0.1000000014901161 0.1000000014901161 0.1000000014901161
0.1000000014901161 0.1000000014901161 0.1000000014901161 0.1000000014901161 0.1000000014901161 0.1000000014901161
0.1000000014901161 0.1000000014901161 0.1000000014901161 0.1000000014901161 0.1000000014901161 0.1000000014901161
0.1000000014901161 0.1000000014901161 0.1000000014901161 0.1000000014901161 0.1000000014901161 0.1000000014901161
0.1000000014901161 0.1000000014901161 0.1000000014901161 0.1000000014901161 0.1000000014901161 0.1000000014901161
0.1000000014901161 0.1000000014901161 0.1000000014901161 0.1000000014901161 0.1000000014901161 0.1000000014901161
0.1000000014901161 0.1000000014901161 0.1000000014901161 0.1000000014901161 0.1000000014901161 0.1000000014901161
0.1000000014901161 0.1000000014901161 0.1000000014901161 0.1000000014901161 0.1000000014901161 0.1000000014901161
0.1000000014901161 0.1000000014901161 0.1000000014901161 0.1000000014901161 0.1000000014901161 0.1000000014901161
0.1000000014901161 0.1000000014901161 0.1000000014901161 0.1000000014901161 0.1000000014901161 0.1000000014901161
0.1000000014901161 0.1000000014901161 0.1000000014901161 0.1000000014901161 0.1000000014901161 0.1000000014901161
0.1000000014901161 0.1000000014901161 0.1000000014901161 0.1000000014901161 0.1000000014901161 0.1000000014901161
0.1000000014901161 0.1000000014901161 0.1000000014901161 0.1000000014901161 0.1000000014901161 0.1000000014901161
0.1000000014901161 0.1000000014901161 0.1000000014901161 0.1000000014901161 0.1000000014901161 0.1000000014901161
0.1000000014901161 0.1000000014901161 0.1000000014901161 0.1000000014901161 0.1000000014901161 0.1000000014901161
0.1000000014901161 0.1000000014901161 0.1000000014901161 0.1000000014901161 0.1000000014901161 0.1000000014901161
0.1000000014901161 0.1000000014901161 0.1000000014901161 0.1000000014901161 0.1000000014901161 0.1000000014901161
0.1000000014901161 0.1000000014901161 0.1000000014901161 0.1000000014901161 0.1000000014901161 0.1000000014901161
0.1000000014901161 0.1000000014901161 0.1000000014901161 0.1000000014901161 0.1000000014901161 0.1000000014901161
0.1000000014901161 0.1000000014901161 0.1000000014901161 0.1000000014901161 0.1000000014901161 0.1000000014901161
0.1000000014901161 0.1000000014901161 0.1000000014901161 0.1000000014901161 0.1000000014901161 0.1000000014901161
0.1000000014901161 0.1000000014901161 0.1000000014901161 0.1000000014901161 0.1000000014901161 0.1000000014901161
0.1000000014901161 0.1000000014901161 0.1000000014901161 0.1000000014901161 0.1000000014901161 0.1000000014901161
0.1000000014901161 0.1000000014901161 0.1000000014901161 0.1000000014901161 0.1000000014901161 0.1000000014901161
0.1000000014901161 0.1000000014901161 0.1000000014901161 0.1000000014901161 0.1000000014901161 0.1000000014901161
0.1000000014901161 0.1000000014901161 0.1000000014901161 0.1000000014901161 0.1000000014901161 0.1000000014901161
0.1000000014901161 0.1000000014901161 0.1000000014901161 0.1000000014901161 0.1000000014901161 0.1000000014901161
0.1000000014901161 0.1000000014901161 0.1000000014901161 0.1000000014901161 0.1000000014901161 0.1000000014901161
0.1000000014901161 0.1000000014901161 0.1000000014901161 0.1000000014901161 0.1000000014901161 0.1000000014901161
0.1000000014901161 0.1000000014901161 0.1000000014901161 0.1000000014901161 0.1000000014901161 0.1000000014901161
0.1000000014901161 0.1000000014901161 0.1000000014901161 0.1000000014901161 0.1000000014901161 0.1000000014901161
0.1000000014901161 0.1000000014901161 0.1000000014901161 0.1000000014901161 0.1000000014901161 0.1000000014901161
0.1000000014901161 0.1000000014901161 0.1000000014901161 0.1000000014901161 0.1000000014901161 0.1000000014901161
0.1000000014901161 0.1000000014901161 0.1000000014901161 0.1000000014901161 0.1000000014901161 0.1000000014901161
0.1000000014901161 0.1000000014901161 0.1000000014901161 0.1000000014901161 0.1000000014901161 0.1000000014901161
0.1000000014901161 0.1000000014901161 0.1000000014901161 0.1000000014901161 0.1000000014901161 0.1000000014901161
0.1000000014901161 0.1000000014901161 0.1000000014901161 0.1000000014901161 0.1000000014901161 0.1000000014901161
0.1000000014901161 0.1000000014901161 0.1000000014901161 0.1000000014901161 0.1000000014901161 0.1000000014901161
0.1000000014901161 0.1000000014901161 0.1000000014901161 0.1000000014901161 0.1000000014901161 0.1000000014901161
0.1000000014901161 0.1000000014901161 0.1000000014901161 0.1000000014901161 0.1000000014901161 0.1000000014901161
0.1000000014901161 0.1000000014901161 0.1000000014901161 0.1000000014901161 0.1000000014901161 0.1000000014901161
0.1000000014901161 0.1000000014901161 0.1000000014901161 0.1000000014901161 0.1000000014901161 0.1000000014901161
0.1000000014901161 0.1000000014901161 0.1000000014901161 0.1000000014901161 0.1000000014901161 0.1000000014901161
0.1000000014901161 0.1000000014901161 0.1000000014901161 0.1000000014901161 0.1000000014901161 0.1000000014901161
0.1000000014901161 0.1000000014901161 0.1000000014901161 0.1000000014901161 0.1000000014901161 0.1000000014901161
0.1000000014901161 0.1000000014901161 0.1000000014901161 0.1000000014901161 0.1000000014901161 0.1000000014901161
0.1000000014901161 0.1000000014901161 0.1000000014901161 0.1000000014901161 0.1000000014901161 0.1000000014901161
0.1000000014901161 0.1000000014901161 0.1000000014901161 0.1000000014901161 0.1000000014901161 0.1000000014901161
0.1000000014901161 0.1000000014901161 0.1000000014901161 0.1000000014901161 0.1000000014901161 0.1000000014901161
0.1000000014901161 0.1000000014901161 0.1000000014901161 0.1000000014901161 0.1000000014901161 0.1000000014901161
0.1000000014901161 0.1000000014901161 0.1000000014901161 0.1000000014901161 0.1000000014901161 0.1000000014901161
0.1000000014901161 0.1000000014901161 0.1000000014901161 0.1000000014901161 0.1000000014901161 0.1000000014901161
0.1000000014901161 0.1000000014901161 0.1000000014901161 0.1000000014901161 0.1000000014901161 0.1000000014901161
0.1000000014901161 0.1000000014901161 0.1000000014901161 0.1000000014901161 0.1000000014901161 0.1000000014901161
0.1000000014901161 0.1000000014901161 0.1000000014901161 0.1000000014901161 0.1000000014901161 0.1000000014901161
0.1000000014901161 0.1000000014901161 0.1000000014901161 0.1000000014901161 0.1000000014901161 0.1000000014901161
0.1000000014901161 0.1000000014901161 0.1000000014901161 0.1000000014901161 0.1000000014901161 0.1000000014901161
0.1000000014901161 0.1000000014901161 0.1000000014901161 0.1000000014901161 0.1000000014901161 0.1000000014901161
0.1000000014901161 0.1000000014901161 0.1000000014901161 0.1000000014901161 0.1000000014901161 0.1000000014901161
0.1000000014901161 0.1000000014901161 0.1000000014901161 0.1000000014901161 0.1000000014901161 0.1000000014901161
0.1000000014901161 0.1000000014901161 0.1000000014901161 0.1000000014901161 0.1000000014901161 0.1000000014901161
0.1000000014901161 0.1000000014901161 0.1000000014901161 0.1000000014901161 0.1000000014901161 0.1000000014901161
0.1000000014901161 0.1000000014901161 0.1000000014901161 0.1000000014901161 0.1000000014901161 0.1000000014901161
0.1000000014901161 0.1000000014901161 0.1000000014901161 0.1000000014901161 0.1000000014901161 0.1000000014901161
0.1000000014901161 0.1000000014901161 0.1000000014901161 0.1000000014901161 0.1000000014901161 0.1000000014901161
0.1000000014901161 0.1000000014901161 0.1000000014901161 0.1000000014901161 0.1000000014901161 0.1000000014901161
0.1000000014901161 0.1000000014901161 0.1000000014901161 0.1000000014901161 0.1000000014901161 0.1000000014901161
0.1000000014901161 0.1000000014901161 0.1000000014901161 0.1000000014901161 0.1000000014901161 0.1000000014901161
0.1000000014901161 0.1000000014901161 0.1000000014901161 0.1000000014901161 0.1000000014901161 0.1000000014901161
0.1000000014901161 0.1000000014901161 0.1000000014901161 0.1000000014901161 0.1000000014901161 0.1000000014901161
0.1000000014901161 0.1000000014901161 0.1000000014901161 0.1000000014901161 0.1000000014901161 0.1000000014901161
0.1000000014901161 0.1000000014901161 0.1000000014901161 0.1000000014901161 0.1000000014901161 0.1000000014901161
0.1000000014901161 0.1000000014901161 0.1000000014901161 0.1000000014901161 0.1000000014901161 0.1000000014901161
0.1000000014901161 0.1000000014901161 0.1000000014901161 0.1000000014901161 0.1000000014901161 0.1000000014901161
0.1000000014901161 0.1000000014901161 0.1000000014901161 0.1000000014901161 0.1000000014901161 0.1000000014901161
0.1000000014901161 0.1000000014901161 0.1000000014901161 0.1000000014901161 0.1000000014901161 0.1000000014901161
0.1000000014901161 0.1000000014901161 0.1000000014901161 0.1000000014901161 0.1000000014901161 0.1000000014901161
0.1000000014901161 0.1000000014901161 0.1000000014901161 0.1000000014901161 0.1000000014901161 0.1000000014901161
0.1000000014901161 0.1000000014901161 0.1000000014901161 0.1000000014901161 0.1000000014901161 0.1000000014901161
0.1000000014901161 0.1000000014901161 0.1000000014901161 0.1000000014901161 0.1000000014901161 0.1000000014901161
0.1000000014901161 0.1000000014901161 0.1000000014901161 0.1000000014901161 0.1000000014901161 0.1000000014901161
0.1000000014901161 0.1000000014901161 0.1000000014901161 0.1000000014901161 0.1000000014901161 0.1000000014901161
0.1000000014901161 0.1000000014901161 0.1000000014901161 0.1000000014901161 0.1000000014901161 0.1000000014901161
0.1000000014901161 0.1000000014901161 0.1000000014901161 0.1000000014901161 0.1000000014901161 0.1000000014901161
0.1000000014901161 0.1000000014901161 0.1000000014901161 0.1000000014901161 0.1000000014901161 0.1000000014901161
0.1000000014901161 0.1000000014901161 0.1000000014901161 0.1000000014901161 0.1000000014901161 0.1000000014901161
1.0000000000000000 1.0000000000000000 1.0000000000000000 1.0000000000000000 0
1.0000000000000000 1.0000000000000000 1.0000000000000000 1.0000000000000000 0
1.0000000000000000 1.0000000000000000 1.0000000000000000 1.0000000000000000 0
1.0000000000000000 1.0000000000000000 1.0000000000000000 1.0000000000000000 0
1.0000000000000000 1.0000000000000000 1.0000000000000000 1.0000000000000000 0
1.0000000000000000 1.0000000000000000 1.0000000000000000 1.0000000000000000 0
1.0000000000000000 1.0000000000000000 1.0000000000000000 1.0000000000000000 0
1.0000000000000000 1.0000000000000000 1.0000000000000000 1.0000000000000000 0
1.0000000000000000 1.0000000000000000 1.0000000000000000 1.0000000000000000 0
1.0000000000000000 1.0000000000000000 1.0000000000000000 1.0000000000000000 0
1.0000000000000000 1.0000000000000000 1.0000000000000000 1.0000000000000000 0
1.0000000000000000 1.0000000000000000 1.0000000000000000 1.0000000000000000 0
1.0000000000000000 1.0000000000000000 1.0000000000000000 1.0000000000000000 0
1.0000000000000000 1.0000000000000000 1.0000000000000000 1.0000000000000000 0
1.0000000000000000 1.0000000000000000 1.0000000000000000 1.0000000000000000 0
1.0000000000000000 1.0000000000000000 1.0000000000000000 1.0000000000000000 0
1.0000000000000000 1.0000000000000000 1.0000000000000000 1.0000000000000000 0
1.0000000000000000 1.0000000000000000 1.0000000000000000 1.0000000000000000 0
1.0000000000000000 1.0000000000000000 1.0000000000000000 1.0000000000000000 0
1.0000000000000000 1.0000000000000000 1.0000000000000000 1.0000000000000000 0
1.0000000000000000 1.0000000000000000 1.0000000000000000 1.0000000000000000 0
1.0000000000000000 1.0000000000000000 1.0000000000000000 1.0000000000000000 0
1.0000000000000000 1.0000000000000000 1.0000000000000000 1.0000000000000000 0
1.0000000000000000 1.0000000000000000 1.0000000000000000 1.0000000000000000 0
1.0000000000000000 1.0000000000000000 1.0000000000000000 1.0000000000000000 0
1.0000000000000000 1.0000000000000000 1.0000000000000000 1.0000000000000000 0
1.0000000000000000 1.0000000000000000 1.0000000000000000 1.0000000000000000 0
1.0000000000000000 1.0000000000000000 1.0000000000000000 1.0000000000000000 0
1.0000000000000000 1.0000000000000000 1.0000000000000000 1.0000000000000000 0
1.0000000000000000 1.0000000000000000 1.0000000000000000 1.0000000000000000 0
1.0000000000000000 1.0000000000000000 1.0000000000000000 1.0000000000000000 0
1.0000000000000000 1.0000000000000000 1.0000000000000000 1.0000000000000000 0
1.0000000000000000 1.0000000000000000 1.0000000000000000 1.0000000000000000 0
1.0000000000000000 1.0000000000000000 1.0000000000000000 1.0000000000000000 0
1.0000000000000000 1.0000000000000000 1.0000000000000000 1.0000000000000000 0
1.0000000000000000 1.0000000000000000 1.0000000000000000 1.0000000000000000 0
1.0000000000000000 1.0000000000000000 1.0000000000000000 1.0000000000000000 0
1.0000000000000000 1.0000000000000000 1.0000000000000000 1.0000000000000000 0
1.0000000000000000 1.0000000000000000 1.0000000000000000 1.0000000000000000 0
1.0000000000000000 1.0000000000000000 1.0000000000000000 1.0000000000000000 0
1.0000000000000000 1.0000000000000000 1.0000000000000000 1.0000000000000000 0
1.0000000000000000 1.0000000000000000 1.0000000000000000 1.0000000000000000 0
1.0000000000000000 1.0000000000000000 1.0000000000000000 1.0000000000000000 0
1.0000000000000000 1.0000000000000000 1.0000000000000000 1.0000000000000000 0
1.0000000000000000 1.0000000000000000 1.0000000000000000 1.0000000000000000 0
1.0000000000000000 1.0000000000000000 1.0000000000000000 1.0000000000000000 0
1.0000000000000000 1.0000000000000000 1.0000000000000000 1.0000000000000000 0
1.0000000000000000 1.0000000000000000 1.0000000000000000 1.0000000000000000 0
1.0000000000000000 1.0000000000000000 1.0000000000000000 1.0000000000000000 0
1.0000000000000000 1.0000000000000000 1.0000000000000000 1.0000000000000000 0
1.0000000000000000 1.0000000000000000 1.0000000000000000 1.0000000000000000 0
1.0000000000000000 1.0000000000000000 1.0000000000000000 1.0000000000000000 0
1.0000000000000000 1.0000000000000000 1.0000000000000000 1.0000000000000000 0
1.0000000000000000 1.0000000000000000 1.0000000000000000 1.0000000000000000 0
1.0000000000000000 1.0000000000000000 1.0000000000000000 1.0000000000000000 0
1.0000000000000000 1.0000000000000000 1.0000000000000000 1.0000000000000000 0
1.0000000000000000 1.0000000000000000 1.0000000000000000 1.0000000000000000 0
1.0000000000000000 1.0000000000000000 1.0000000000000000 1.0000000000000000 0
1.0000000000000000 1.0000000000000000 1.0000000000000000 1.0000000000000000 0
1.0000000000000000 1.0000000000000000 1.0000000000000000 1.0000000000000000 0
1.0000000000000000 1.0000000000000000 1.0000000000000000 1.0000000000000000 0
1.0000000000000000 1.0000000000000000 1.0000000000000000 1.0000000000000000 0
1.0000000000000000 1.0000000000000000 1.0000000000000000 1.0000000000000000 0
1.0000000000000000 1.0000000000000000 1.0000000000000000 1.0000000000000000 0
0.1000000014901161 0.1000000014901161 0.1000000014901161 0.1000000014901161 0.1000000014901161 0.1000000014901161
0.1000000014901161 0.1000000014901161 0.1000000014901161 0.1000000014901161 0.1000000014901161 0.1000000014901161
0.1000000014901161 0.1000000014901161 0.1000000014901161 0.1000000014901161 0.1000000014901161 0.1000000014901161
0.1000000014901161 0.1000000014901161 0.1000000014901161 0.1000000014901161 0.1000000014901161 0.1000000014901161
0.1000000014901161 0.1000000014901161 0.1000000014901161 0.1000000014901161 0.1000000014901161 0.1000000014901161
0.1000000014901161 0.1000000014901161 0.1000000014901161 0.1000000014901161 0.1000000014901161 0.1000000014901161
0.1000000014901161 0.1000000014901161 0.1000000014901161 0.1000000014901161 0.1000000014901161 0.1000000014901161
0.1000000014901161 0.1000000014901161 0.1000000014901161 0.1000000014901161 0.1000000014901161 0.1000000014901161
0.1000000014901161 0.1000000014901161 0.1000000014901161 0.1000000014901161 0.1000000014901161 0.1000000014901161
0.1000000014901161 0.1000000014901161 0.1000000014901161 0.1000000014901161 0.1000000014901161 0.1000000014901161
0.1000000014901161 0.1000000014901161 0.1000000014901161 0.1000000014901161 0.1000000014901161 0.1000000014901161
0.1000000014901161 0.1000000014901161 0.1000000014901161 0.1000000014901161 0.1000000014901161 0.1000000014901161
0.1000000014901161 0.1000000014901161 0.1000000014901161 0.1000000014901161 0.1000000014901161 0.1000000014901161
0.1000000014901161 0.1000000014901161 0.1000000014901161 0.1000000014901161 0.1000000014901161 0.1000000014901161
0.1000000014901161 0.1000000014901161 0.1000000014901161 0.1000000014901161 0.1000000014901161 0.1000000014901161
0.1000000014901161 0.1000000014901161 0.1000000014901161 0.1000000014901161 0.1000000014901161 0.1000000014901161
0.1000000014901161 0.1000000014901161 0.1000000014901161 0.1000000014901161 0.1000000014901161 0.1000000014901161
0.1000000014901161 0.1000000014901161 0.1000000014901161 0.1000000014901161 0.1000000014901161 0.1000000014901161
0.1000000014901161 0.1000000014901161 0.1000000014901161 0.1000000014901161 0.1000000014901161 0.1000000014901161
0.1000000014901161 0.1000000014901161 0.1000000014901161 0.1000000014901161 0.1000000014901161 0.1000000014901161
0.1000000014901161 0.1000000014901161 0.1000000014901161 0.1000000014901161 0.1000000014901161 0.1000000014901161
0.1000000014901161 0.1000000014901161 0.1000000014901161 0.1000000014901161 0.1000000014901161 0.1000000014901161
0.1000000014901161 0.1000000014901161 0.1000000014901161 0.1000000014901161 0.1000000014901161 0.1000000014901161
0.1000000014901161 0.1000000014901161 0.1000000014901161 0.1000000014901161 0.1000000014901161 0.1000000014901161
0.1000000014901161 0.1000000014901161 0.1000000014901161 0.1000000014901161 0.1000000014901161 0.1000000014901161
0.1000000014901161 0.1000000014901161 0.1000000014901161 0.1000000014901161 0.1000000014901161 0.1000000014901161
0.1000000014901161 0.1000000014901161 0.1000000014901161 0.1000000014901161 0.1000000014901161 0.1000000014901161
0.1000000014901161 0.1000000014901161 0.1000000014901161 0.1000000014901161 0.1000000014901161 0.1000000014901161
0.1000000014901161 0.1000000014901161 0.1000000014901161 0.1000000014901161 0.1000000014901161 0.1000000014901161
0.1000000014901161 0.1000000014901161 0.1000000014901161 0.1000000014901161 0.1000000014901161 0.1000000014901161
0.1000000014901161 0.1000000014901161 0.1000000014901161 0.1000000014901161 0.1000000014901161 0.1000000014901161
0.1000000014901161 0.1000000014901161 0.1000000014901161 0.1000000014901161 0.1000000014901161 0.1000000014901161
0.1000000014901161 0.1000000014901161 0.1000000014901161 0.1000000014901161 0.1000000014901161 0.1000000014901161
0.1000000014901161 0.1000000014901161 0.1000000014901161 0.1000000014901161 0.1000000014901161 0.1000000014901161
0.1000000014901161 0.1000000014901161 0.1000000014901161 0.1000000014901161 0.1000000014901161 0.1000000014901161
0.1000000014901161 0.1000000014901161 0.1000000014901161 0.1000000014901161 0.1000000014901161 0.1000000014901161
0.1000000014901161 0.1000000014901161 0.1000000014901161 0.1000000014901161 0.1000000014901161 0.1000000014901161
0.1000000014901161 0.1000000014901161 0.1000000014901161 0.1000000014901161 0.1000000014901161 0.1000000014901161
0.1000000014901161 0.1000000014901161 0.1000000014901161 0.1000000014901161 0.1000000014901161 0.1000000014901161
0.1000000014901161 0.1000000014901161 0.1000000014901161 0.1000000014901161 0.1000000014901161 0.1000000014901161
0.1000000014901161 0.1000000014901161 0.1000000014901161 0.1000000014901161 0.1000000014901161 0.1000000014901161
0.1000000014901161 0.1000000014901161 0.1000000014901161 0.1000000014901161 0.1000000014901161 0.1000000014901161
0.1000000014901161 0.1000000014901161 0.1000000014901161 0.1000000014901161 0.1000000014901161 0.1000000014901161
0.1000000014901161 0.1000000014901161 0.1000000014901161 0.1000000014901161 0.1000000014901161 0.1000000014901161
0.1000000014901161 0.1000000014901161 0.1000000014901161 0.1000000014901161 0.1000000014901161 0.1000000014901161
0.1000000014901161 0.1000000014901161 0.1000000014901161 0.1000000014901161 0.1000000014901161 0.1000000014901161
0.1000000014901161 0.1000000014901161 0.1000000014901161 0.1000000014901161 0.1000000014901161 0.1000000014901161
0.1000000014901161 0.1000000014901161 0.1000000014901161 0.1000000014901161 0.1000000014901161 0.1000000014901161
0.1000000014901161 0.1000000014901161 0.1000000014901161 0.1000000014901161 0.1000000014901161 0.1000000014901161
0.1000000014901161 0.1000000014901161 0.1000000014901161 0.1000000014901161 0.1000000014901161 0.1000000014901161
0.1000000014901161 0.1000000014901161 0.1000000014901161 0.1000000014901161 0.1000000014901161 0.1000000014901161
0.1000000014901161 0.1000000014901161 0.1000000014901161 0.1000000014901161 0.1000000014901161 0.1000000014901161
0.1000000014901161 0.1000000014901161 0.1000000014901161 0.1000000014901161 0.1000000014901161 0.1000000014901161
0.1000000014901161 0.1000000014901161 0.1000000014901161 0.1000000014901161 0.1000000014901161 0.1000000014901161
0.1000000014901161 0.1000000014901161 0.1000000014901161 0.1000000014901161 0.1000000014901161 0.1000000014901161
0.1000000014901161 0.1000000014901161 0.1000000014901161 0.1000000014901161 0.1000000014901161 0.1000000014901161
0.1000000014901161 0.1000000014901161 0.1000000014901161 0.1000000014901161 0.1000000014901161 0.1000000014901161
0.1000000014901161 0.1000000014901161 0.1000000014901161 0.1000000014901161 0.1000000014901161 0.1000000014901161
0.1000000014901161 0.1000000014901161 0.1000000014901161 0.1000000014901161 0.1000000014901161 0.1000000014901161
0.1000000014901161 0.1000000014901161 0.1000000014901161 0.1000000014901161 0.1000000014901161 0.1000000014901161
0.1000000014901161 0.1000000014901161 0.1000000014901161 0.1000000014901161 0.1000000014901161 0.1000000014901161
0.1000000014901161 0.1000000014901161 0.1000000014901161 0.1000000014901161 0.1000000014901161 0.1000000014901161
0.1000000014901161 0.1000000014901161 0.1000000014901161 0.1000000014901161 0.1000000014901161 0.1000000014901161
0.1000000014901161 0.1000000014901161 0.1000000014901161 0.1000000014901161 0.1000000014901161 0.1000000014901161
0.1000000014901161 0.1000000014901161 0.1000000014901161 0.1000000014901161 0.1000000014901161 0.1000000014901161
0.1000000014901161 0.1000000014901161 0.1000000014901161 0.1000000014901161 0.1000000014901161 0.1000000014901161
0.1000000014901161 0.1000000014901161 0.1000000014901161 0.1000000014901161 0.1000000014901161 0.1000000014901161
0.1000000014901161 0.1000000014901161 0.1000000014901161 0.1000000014901161 0.1000000014901161 0.1000000014901161
0.1000000014901161 0.1000000014901161 0.1000000014901161 0.1000000014901161 0.1000000014901161 0.1000000014901161
0.1000000014901161 0.1000000014901161 0.1000000014901161 0.1000000014901161 0.1000000014901161 0.1000000014901161
0.1000000014901161 0.1000000014901161 0.1000000014901161 0.1000000014901161 0.1000000014901161 0.1000000014901161
0.1000000014901161 0.1000000014901161 0.1000000014901161 0.1000000014901161 0.1000000014901161 0.1000000014901161
0.1000000014901161 0.1000000014901161 0.1000000014901161 0.1000000014901161 0.1000000014901161 0.1000000014901161
0.1000000014901161 0.1000000014901161 0.1000000014901161 0.1000000014901161 0.1000000014901161 0.1000000014901161
0.1000000014901161 0.1000000014901161 0.1000000014901161 0.1000000014901161 0.1000000014901161 0.1000000014901161
0.1000000014901161 0.1000000014901161 0.1000000014901161 0.1000000014901161 0.1000000014901161 0.1000000014901161
0.1000000014901161 0.1000000014901161 0.1000000014901161 0.1000000014901161 0.1000000014901161 0.1000000014901161
0.1000000014901161 0.1000000014901161 0.1000000014901161 0.1000000014901161 0.1000000014901161 0.1000000014901161
0.1000000014901161 0.1000000014901161 0.1000000014901161 0.1000000014901161 0.1000000014901161 0.1000000014901161
0.1000000014901161 0.1000000014901161 0.1000000014901161 0.1000000014901161 0.1000000014901161 0.1000000014901161
0.1000000014901161 0.1000000014901161 0.1000000014901161 0.1000000014901161 0.1000000014901161 0.1000000014901161
0.1000000014901161 0.1000000014901161 0.1000000014901161 0.1000000014901161 0.1000000014901161 0.1000000014901161
0.1000000014901161 0.1000000014901161 0.1000000014901161 0.1000000014901161 0.1000000014901161 0.1000000014901161
0.1000000014901161 0.1000000014901161 0.1000000014901161 0.1000000014901161 0.1000000014901161 0.1000000014901161
0.1000000014901161 0.1000000014901161 0.1000000014901161 0.1000000014901161 0.1000000014901161 0.1000000014901161
0.1000000014901161 0.1000000014901161 0.1000000014901161 0.1000000014901161 0.1000000014901161 0.1000000014901161
0.1000000014901161 0.1000000014901161 0.1000000014901161 0.1000000014901161 0.1000000014901161 0.1000000014901161
0.1000000014901161 0.1000000014901161 0.1000000014901161 0.1000000014901161 0.1000000014901161 0.1000000014901161
0.1000000014901161 0.1000000014901161 0.1000000014901161 0.1000000014901161 0.1000000014901161 0.1000000014901161
0.1000000014901161 0.1000000014901161 0.1000000014901161 0.1000000014901161 0.1000000014901161 0.1000000014901161
0.1000000014901161 0.1000000014901161 0.1000000014901161 0.1000000014901161 0.1000000014901161 0.1000000014901161
0.1000000014901161 0.1000000014901161 0.1000000014901161 0.1000000014901161 0.1000000014901161 0.1000000014901161
0.1000000014901161 0.1000000014901161 0.1000000014901161 0.1000000014901161 0.1000000014901161 0.1000000014901161
0.1000000014901161 0.1000000014901161 0.1000000014901161 0.1000000014901161 0.1000000014901161 0.1000000014901161
0.1000000014901161 0.1000000014901161 0.1000000014901161 0.1000000014901161 0.1000000014901161 0.1000000014901161
0.1000000014901161 0.1000000014901161 0.1000000014901161 0.1000000014901161 0.1000000014901161 0.1000000014901161
0.1000000014901161 0.1000000014901161 0.1000000014901161 0.1000000014901161 0.1000000014901161 0.1000000014901161
0.1000000014901161 0.1000000014901161 0.1000000014901161 0.1000000014901161 0.1000000014901161 0.1000000014901161
0.1000000014901161 0.1000000014901161 0.1000000014901161 0.1000000014901161 0.1000000014901161 0.1000000014901161
0.1000000014901161 0.1000000014901161 0.1000000014901161 0.1000000014901161 0.1000000014901161 0.1000000014901161
0.1000000014901161 0.1000000014901161 0.1000000014901161 0.1000000014901161 0.1000000014901161 0.1000000014901161
0.1000000014901161 0.1000000014901161 0.1000000014901161 0.1000000014901161 0.1000000014901161 0.1000000014901161
0.1000000014901161 0.1000000014901161 0.1000000014901161 0.1000000014901161 0.1000000014901161 0.1000000014901161
0.1000000014901161 0.1000000014901161 0.1000000014901161 0.1000000014901161 0.1000000014901161 0.1000000014901161
0.1000000014901161 0.1000000014901161 0.1000000014901161 0.1000000014901161 0.1000000014901161 0.1000000014901161
0.1000000014901161 0.1000000014901161 0.1000000014901161 0.1000000014901161 0.1000000014901161 0.1000000014901161
0.1000000014901161 0.1000000014901161 0.1000000014901161 0.1000000014901161 0.1000000014901161 0.1000000014901161
0.1000000014901161 0.1000000014901161 0.1000000014901161 0.1000000014901161 0.1000000014901161 0.1000000014901161
0.1000000014901161 0.1000000014901161 0.1000000014901161 0.1000000014901161 0.1000000014901161 0.1000000014901161
0.1000000014901161 0.1000000014901161 0.1000000014901161 0.1000000014901161 0.1000000014901161 0.1000000014901161
0.1000000014901161 0.1000000014901161 0.1000000014901161 0.1000000014901161 0.1000000014901161 0.1000000014901161
0.1000000014901161 0.1000000014901161 0.1000000014901161 0.1000000014901161 0.1000000014901161 0.1000000014901161
0.1000000014901161 0.1000000014901161 0.1000000014901161 0.1000000014901161 0.1000000014901161 0.1000000014901161
0.1000000014901161 0.1000000014901161 0.1000000014901161 0.1000000014901161 0.1000000014901161 0.1000000014901161
0.1000000014901161 0.1000000014901161 0.1000000014901161 0.1000000014901161 0.1000000014901161 0.1000000014901161
0.1000000014901161 0.1000000014901161 0.1000000014901161 0.1000000014901161 0.1000000014901161 0.1000000014901161
0.1000000014901161 0.1000000014901161 0.1000000014901161 0.1000000014901161 0.1000000014901161 0.1000000014901161
0.1000000014901161 0.1000000014901161 0.1000000014901161 0.1000000014901161 0.1000000014901161 0.1000000014901161
0.1000000014901161 0.1000000014901161 0.1000000014901161 0.1000000014901161 0.1000000014901161 0.1000000014901161
0.1000000014901161 0.1000000014901161 0.1000000014901161 0.1000000014901161 0.1000000014901161 0.1000000014901161
0.1000000014901161 0.1000000014901161 0.1000000014901161 0.1000000014901161 0.1000000014901161 0.1000000014901161
0.1000000014901161 0.1000000014901161 0.1000000014901161 0.1000000014901161 0.1000000014901161 0.1000000014901161
0.1000000014901161 0.1000000014901161 0.1000000014901161 0.1000000014901161 0.1000000014901161 0.1000000014901161
0.1000000014901161 0.1000000014901161 0.1000000014901161 0.1000000014901161 0.1000000014901161 0.1000000014901161
0.1000000014901161 0.1000000014901161 0.1000000014901161 0.1000000014901161 0.1000000014901161 0.1000000014901161
0.1000000014901161 0.1000000014901161 0.1000000014901161 0.1000000014901161 0.1000000014901161 0.1000000014901161
0.1000000014901161 0.1000000014901161 0.1000000014901161 0.1000000014901161 0.1000000014901161 0.1000000014901161
0.1000000014901161 0.1000000014901161 0.1000000014901161 0.1000000014901161 0.1000000014901161 0.1000000014901161
1.0000000000000000 1.0000000000000000 1.0000000000000000 1.0000000000000000 0
1.0000000000000000 1.0000000000000000 1.0000000000000000 1.0000000000000000 0
1.0000000000000000 1.0000000000000000 1.0000000000000000 1.0000000000000000 0
1.0000000000000000 1.0000000000000000 1.0000000000000000 1.0000000000000000 0
1.0000000000000000 1.0000000000000000 1.0000000000000000 1.0000000000000000 0
1.0000000000000000 1.0000000000000000 1.0000000000000000 1.0000000000000000 0
1.0000000000000000 1.0000000000000000 1.0000000000000000 1.0000000000000000 0
1.0000000000000000 1.0000000000000000 1.0000000000000000 1.0000000000000000 0
1.0000000000000000 1.0000000000000000 1.0000000000000000 1.0000000000000000 0
1.0000000000000000 1.0000000000000000 1.0000000000000000 1.0000000000000000 0
1.0000000000000000 1.0000000000000000 1.0000000000000000 1.0000000000000000 0
1.0000000000000000 1.0000000000000000 1.0000000000000000 1.0000000000000000 0
1.0000000000000000 1.0000000000000000 1.0000000000000000 1.0000000000000000 0
1.0000000000000000 1.0000000000000000 1.0000000000000000 1.0000000000000000 0
1.0000000000000000 1.0000000000000000 1.0000000000000000 1.0000000000000000 0
1.0000000000000000 1.0000000000000000 1.0000000000000000 1.0000000000000000 0
1.0000000000000000 1.0000000000000000 1.0000000000000000 1.0000000000000000 0
1.0000000000000000 1.0000000000000000 1.0000000000000000 1.0000000000000000 0
1.0000000000000000 1.0000000000000000 1.0000000000000000 1.0000000000000000 0
1.0000000000000000 1.0000000000000000 1.0000000000000000 1.0000000000000000 0
1.0000000000000000 1.0000000000000000 1.0000000000000000 1.0000000000000000 0
1.0000000000000000 1.0000000000000000 1.0000000000000000 1.0000000000000000 0
1.0000000000000000 1.0000000000000000 1.0000000000000000 1.0000000000000000 0
1.0000000000000000 1.0000000000000000 1.0000000000000000 1.0000000000000000 0
1.0000000000000000 1.0000000000000000 1.0000000000000000 1.0000000000000000 0
1.0000000000000000 1.0000000000000000 1.0000000000000000 1.0000000000000000 0
1.0000000000000000 1.0000000000000000 1.0000000000000000 1.0000000000000000 0
1.0000000000000000 1.0000000000000000 1.0000000000000000 1.0000000000000000 0
1.0000000000000000 1.0000000000000000 1.0000000000000000 1.0000000000000000 0
1.0000000000000000 1.0000000000000000 1.0000000000000000 1.0000000000000000 0
1.0000000000000000 1.0000000000000000 1.0000000000000000 1.0000000000000000 0
1.0000000000000000 1.0000000000000000 1.0000000000000000 1.0000000000000000 0
1.0000000000000000 1.0000000000000000 1.0000000000000000 1.0000000000000000 0
1.0000000000000000 1.0000000000000000 1.0000000000000000 1.0000000000000000 0
1.0000000000000000 1.0000000000000000 1.0000000000000000 1.0000000000000000 0
1.0000000000000000 1.0000000000000000 1.0000000000000000 1.0000000000000000 0
1.0000000000000000 1.0000000000000000 1.0000000000000000 1.0000000000000000 0
1.0000000000000000 1.0000000000000000 1.0000000000000000 1.0000000000000000 0
1.0000000000000000 1.0000000000000000 1.0000000000000000 1.0000000000000000 0
1.0000000000000000 1.0000000000000000 1.0000000000000000 1.0000000000000000 0
1.0000000000000000 1.0000000000000000 1.0000000000000000 1.0000000000000000 0
1.0000000000000000 1.0000000000000000 1.0000000000000000 1.0000000000000000 0
1.0000000000000000 1.0000000000000000 1.0000000000000000 1.0000000000000000 0
1.0000000000000000 1.0000000000000000 1.0000000000000000 1.0000000000000000 0
1.0000000000000000 1.0000000000000000 1.0000000000000000 1.0000000000000000 0
1.0000000000000000 1.0000000000000000 1.0000000000000000 1.0000000000000000 0
1.0000000000000000 1.0000000000000000 1.0000000000000000 1.0000000000000000 0
1.0000000000000000 1.0000000000000000 1.0000000000000000 1.0000000000000000 0
1.0000000000000000 1.0000000000000000 1.0000000000000000 1.0000000000000000 0
1.0000000000000000 1.0000000000000000 1.0000000000000000 1.0000000000000000 0
1.0000000000000000 1.0000000000000000 1.0000000000000000 1.0000000000000000 0
1.0000000000000000 1.0000000000000000 1.0000000000000000 1.0000000000000000 0
1.0000000000000000 1.0000000000000000 1.0000000000000000 1.0000000000000000 0
1.0000000000000000 1.0000000000000000 1.0000000000000000 1.0000000000000000 0
1.0000000000000000 1.0000000000000000 1.0000000000000000 1.0000000000000000 0
1.0000000000000000 1.0000000000000000 1.0000000000000000 1.0000000000000000 0
1.0000000000000000 1.0000000000000000 1.0000000000000000 1.0000000000000000 0
1.0000000000000000 1.0000000000000000 1.0000000000000000 1.0000000000000000 0
1.0000000000000000 1.0000000000000000 1.0000000000000000 1.0000000000000000 0
1.0000000000000000 1.0000000000000000 1.0000000000000000 1.0000000000000000 0
1.0000000000000000 1.0000000000000000 1.0000000000000000 1.0000000000000000 0
1.0000000000000000 1.0000000000000000 1.0000000000000000 1.0000000000000000 0
1.0000000000000000 1.0000000000000000 1.0000000000000000 1.0000000000000000 0
1.0000000000000000 1.0000000000000000 1.0000000000000000 1.0000000000000000 0
0.1000000014901161 0.1000000014901161 0.1000000014901161 0.1000000014901161 0.1000000014901161 0.1000000014901161
0.1000000014901161 0.1000000014901161 0.1000000014901161 0.1000000014901161 0.1000000014901161 0.1000000014901161
0.1000000014901161 0.1000000014901161 0.1000000014901161 0.1000000014901161 0.1000000014901161 0.1000000014901161
0.1000000014901161 0.1000000014901161 0.1000000014901161 0.1000000014901161 0.1000000014901161 0.1000000014901161
0.1000000014901161 0.1000000014901161 0.1000000014901161 0.1000000014901161 0.1000000014901161 0.1000000014901161
0.1000000014901161 0.1000000014901161 0.1000000014901161 0.1000000014901161 0.1000000014901161 0.1000000014901161
0.1000000014901161 0.1000000014901161 0.1000000014901161 0.1000000014901161 0.1000000014901161 0.1000000014901161
0.1000000014901161 0.1000000014901161 0.1000000014901161 0.1000000014901161 0.1000000014901161 0.1000000014901161
0.1000000014901161 0.1000000014901161 0.1000000014901161 0.1000000014901161 0.1000000014901161 0.1000000014901161
0.1000000014901161 0.1000000014901161 0.1000000014901161 0.1000000014901161 0.1000000014901161 0.1000000014901161
0.1000000014901161 0.1000000014901161 0.1000000014901161 0.1000000014901161 0.1000000014901161 0.1000000014901161
0.1000000014901161 0.1000000014901161 0.1000000014901161 0.1000000014901161 0.1000000014901161 0.1000000014901161
0.1000000014901161 0.1000000014901161 0.1000000014901161 0.1000000014901161 0.1000000014901161 0.1000000014901161
0.1000000014901161 0.1000000014901161 0.1000000014901161 0.1000000014901161 0.1000000014901161 0.1000000014901161
0.1000000014901161 0.1000000014901161 0.1000000014901161 0.1000000014901161 0.1000000014901161 0.1000000014901161
0.1000000014901161 0.1000000014901161 0.1000000014901161 0.1000000014901161 0.1000000014901161 0.1000000014901161
0.1000000014901161 0.1000000014901161 0.1000000014901161 0.1000000014901161 0.1000000014901161 0.1000000014901161
0.1000000014901161 0.1000000014901161 0.1000000014901161 0.1000000014901161 0.1000000014901161 0.1000000014901161
0.1000000014901161 0.1000000014901161 0.1000000014901161 0.1000000014901161 0.1000000014901161 0.1000000014901161
0.1000000014901161 0.1000000014901161 0.1000000014901161 0.1000000014901161 0.1000000014901161 0.1000000014901161
0.1000000014901161 0.1000000014901161 0.1000000014901161 0.1000000014901161 0.1000000014901161 0.1000000014901161
0.1000000014901161 0.1000000014901161 0.1000000014901161 0.1000000014901161 0.1000000014901161 0.1000000014901161
0.1000000014901161 0.1000000014901161 0.1000000014901161 0.1000000014901161 0.1000000014901161 0.1000000014901161
0.1000000014901161 0.1000000014901161 0.1000000014901161 0.1000000014901161 0.1000000014901161 0.1000000014901161
0.1000000014901161 0.1000000014901161 0.1000000014901161 0.1000000014901161 0.1000000014901161 0.1000000014901161
0.1000000014901161 0.1000000014901161 0.1000000014901161 0.1000000014901161 0.1000000014901161 0.1000000014901161
0.1000000014901161 0.1000000014901161 0.1000000014901161 0.1000000014901161 0.1000000014901161 0.1000000014901161
0.1000000014901161 0.1000000014901161 0.1000000014901161 0.1000000014901161 0.1000000014901161 0.1000000014901161
0.1000000014901161 0.1000000014901161 0.1000000014901161 0.1000000014901161 0.1000000014901161 0.1000000014901161
0.1000000014901161 0.1000000014901161 0.1000000014901161 0.1000000014901161 0.1000000014901161 0.1000000014901161
0.1000000014901161 0.1000000014901161 0.1000000014901161 0.1000000014901161 0.1000000014901161 0.1000000014901161
0.1000000014901161 0.1000000014901161 0.1000000014901161 0.1000000014901161 0.1000000014901161 0.1000000014901161
0.1000000014901161 0.1000000014901161 0.1000000014901161 0.1000000014901161 0.1000000014901161 0.1000000014901161
0.1000000014901161 0.1000000014901161 0.1000000014901161 0.1000000014901161 0.1000000014901161 0.1000000014901161
0.1000000014901161 0.1000000014901161 0.1000000014901161 0.1000000014901161 0.1000000014901161 0.1000000014901161
0.1000000014901161 0.1000000014901161 0.1000000014901161 0.1000000014901161 0.1000000014901161 0.1000000014901161
0.1000000014901161 0.1000000014901161 0.1000000014901161 0.1000000014901161 0.1000000014901161 0.1000000014901161
0.1000000014901161 0.1000000014901161 0.1000000014901161 0.1000000014901161 0.1000000014901161 0.1000000014901161
0.1000000014901161 0.1000000014901161 0.1000000014901161 0.1000000014901161 0.1000000014901161 0.1000000014901161
0.1000000014901161 0.1000000014901161 0.1000000014901161 0.1000000014901161 0.1000000014901161 0.1000000014901161
0.1000000014901161 0.1000000014901161 0.1000000014901161 0.1000000014901161 0.1000000014901161 0.1000000014901161
0.1000000014901161 0.1000000014901161 0.1000000014901161 0.1000000014901161 0.1000000014901161 0.1000000014901161
0.1000000014901161 0.1000000014901161 0.1000000014901161 0.1000000014901161 0.1000000014901161 0.1000000014901161
0.1000000014901161 0.1000000014901161 0.1000000014901161 0.1000000014901161 0.1000000014901161 0.1000000014901161
0.1000000014901161 0.1000000014901161 0.1000000014901161 0.1000000014901161 0.1000000014901161 0.1000000014901161
0.1000000014901161 0.1000000014901161 0.1000000014901161 0.1000000014901161 0.1000000014901161 0.1000000014901161
0.1000000014901161 0.1000000014901161 0.1000000014901161 0.1000000014901161 0.1000000014901161 0.1000000014901161
0.1000000014901161 0.1000000014901161 0.1000000014901161 0.1000000014901161 0.1000000014901161 0.1000000014901161
0.1000000014901161 0.1000000014901161 0.1000000014901161 0.1000000014901161 0.1000000014901161 0.1000000014901161
0.1000000014901161 0.1000000014901161 0.1000000014901161 0.1000000014901161 0.1000000014901161 0.1000000014901161
0.1000000014901161 0.1000000014901161 0.1000000014901161 0.1000000014901161 0.1000000014901161 0.1000000014901161
0.1000000014901161 0.1000000014901161 0.1000000014901161 0.1000000014901161 0.1000000014901161 0.1000000014901161
0.1000000014901161 0.1000000014901161 0.1000000014901161 0.1000000014901161 0.1000000014901161 0.1000000014901161
0.1000000014901161 0.1000000014901161 0.1000000014901161 0.1000000014901161 0.1000000014901161 0.1000000014901161
0.1000000014901161 0.1000000014901161 0.1000000014901161 0.1000000014901161 0.1000000014901161 0.1000000014901161
0.1000000014901161 0.1000000014901161 0.1000000014901161 0.1000000014901161 0.1000000014901161 0.1000000014901161
0.1000000014901161 0.1000000014901161 0.1000000014901161 0.1000000014901161 0.1000000014901161 0.1000000014901161
0.1000000014901161 0.1000000014901161 0.1000000014901161 0.1000000014901161 0.1000000014901161 0.1000000014901161
0.1000000014901161 0.1000000014901161 0.1000000014901161 0.1000000014901161 0.1000000014901161 0.1000000014901161
0.1000000014901161 0.1000000014901161 0.1000000014901161 0.1000000014901161 0.1000000014901161 0.1000000014901161
0.1000000014901161 0.1000000014901161 0.1000000014901161 0.1000000014901161 0.1000000014901161 0.1000000014901161
0.1000000014901161 0.1000000014901161 0.1000000014901161 0.1000000014901161 0.1000000014901161 0.1000000014901161
0.1000000014901161 0.1000000014901161 0.1000000014901161 0.1000000014901161 0.1000000014901161 0.1000000014901161
0.1000000014901161 0.1000000014901161 0.1000000014901161 0.1000000014901161 0.1000000014901161 0.1000000014901161
0.1000000014901161 0.1000000014901161 0.1000000014901161 0.1000000014901161 0.1000000014901161 0.1000000014901161
0.1000000014901161 0.1000000014901161 0.1000000014901161 0.1000000014901161 0.1000000014901161 0.1000000014901161
0.1000000014901161 0.1000000014901161 0.1000000014901161 0.1000000014901161 0.1000000014901161 0.1000000014901161
0.1000000014901161 0.1000000014901161 0.1000000014901161 0.1000000014901161 0.1000000014901161 0.1000000014901161
0.1000000014901161 0.1000000014901161 0.1000000014901161 0.1000000014901161 0.1000000014901161 0.1000000014901161
0.1000000014901161 0.1000000014901161 0.1000000014901161 0.1000000014901161 0.1000000014901161 0.1000000014901161
0.1000000014901161 0.1000000014901161 0.1000000014901161 0.1000000014901161 0.1000000014901161 0.1000000014901161
0.1000000014901161 0.1000000014901161 0.1000000014901161 0.1000000014901161 0.1000000014901161 0.1000000014901161
0.1000000014901161 0.1000000014901161 0.1000000014901161 0.1000000014901161 0.1000000014901161 0.1000000014901161
0.1000000014901161 0.1000000014901161 0.1000000014901161 0.1000000014901161 0.1000000014901161 0.1000000014901161
0.1000000014901161 0.1000000014901161 0.1000000014901161 0.1000000014901161 0.1000000014901161 0.1000000014901161
0.1000000014901161 0.1000000014901161 0.1000000014901161 0.1000000014901161 0.1000000014901161 0.1000000014901161
0.1000000014901161 0.1000000014901161 0.1000000014901161 0.1000000014901161 0.1000000014901161 0.1000000014901161
0.1000000014901161 0.1000000014901161 0.1000000014901161 0.1000000014901161 0.1000000014901161 0.1000000014901161
0.1000000014901161 0.1000000014901161 0.1000000014901161 0.1000000014901161 0.1000000014901161 0.1000000014901161
0.1000000014901161 0.1000000014901161 0.1000000014901161 0.1000000014901161 0.1000000014901161 0.1000000014901161
0.1000000014901161 0.1000000014901161 0.1000000014901161 0.1000000014901161 0.1000000014901161 0.1000000014901161
0.1000000014901161 0.1000000014901161 0.1000000014901161 0.1000000014901161 0.1000000014901161 0.1000000014901161
0.1000000014901161 0.1000000014901161 0.1000000014901161 0.1000000014901161 0.1000000014901161 0.1000000014901161
0.1000000014901161 0.1000000014901161 0.1000000014901161 0.1000000014901161 0.1000000014901161 0.1000000014901161
0.1000000014901161 0.1000000014901161 0.1000000014901161 0.1000000014901161 0.1000000014901161 0.1000000014901161
0.1000000014901161 0.1000000014901161 0.1000000014901161 0.1000000014901161 0.1000000014901161 0.1000000014901161
0.1000000014901161 0.1000000014901161 0.1000000014901161 0.1000000014901161 0.1000000014901161 0.1000000014901161
0.1000000014901161 0.1000000014901161 0.1000000014901161 0.1000000014901161 0.1000000014901161 0.1000000014901161
0.1000000014901161 0.1000000014901161 0.1000000014901161 0.1000000014901161 0.1000000014901161 0.1000000014901161
0.1000000014901161 0.1000000014901161 0.1000000014901161 0.1000000014901161 0.1000000014901161 0.1000000014901161
0.1000000014901161 0.1000000014901161 0.1000000014901161 0.1000000014901161 0.1000000014901161 0.1000000014901161
0.1000000014901161 0.1000000014901161 0.1000000014901161 0.1000000014901161 0.1000000014901161 0.1000000014901161
0.1000000014901161 0.1000000014901161 0.1000000014901161 0.1000000014901161 0.1000000014901161 0.1000000014901161
0.1000000014901161 0.1000000014901161 0.1000000014901161 0.1000000014901161 0.1000000014901161 0.1000000014901161
0.1000000014901161 0.1000000014901161 0.1000000014901161 0.1000000014901161 0.1000000014901161 0.1000000014901161
0.1000000014901161 0.1000000014901161 0.1000000014901161 0.1000000014901161 0.1000000014901161 0.1000000014901161
0.1000000014901161 0.1000000014901161 0.1000000014901161 0.1000000014901161 0.1000000014901161 0.1000000014901161
0.1000000014901161 0.1000000014901161 0.1000000014901161 0.1000000014901161 0.1000000014901161 0.1000000014901161
0.1000000014901161 0.1000000014901161 0.1000000014901161 0.1000000014901161 0.1000000014901161 0.1000000014901161
0.1000000014901161 0.1000000014901161 0.1000000014901161 0.1000000014901161 0.1000000014901161 0.1000000014901161
0.1000000014901161 0.1000000014901161 0.1000000014901161 0.1000000014901161 0.1000000014901161 0.1000000014901161
0.1000000014901161 0.1000000014901161 0.1000000014901161 0.1000000014901161 0.1000000014901161 0.1000000014901161
0.1000000014901161 0.1000000014901161 0.1000000014901161 0.1000000014901161 0.1000000014901161 0.1000000014901161
0.1000000014901161 0.1000000014901161 0.1000000014901161 0.1000000014901161 0.1000000014901161 0.1000000014901161
0.1000000014901161 0.1000000014901161 0.1000000014901161 0.1000000014901161 0.1000000014901161 0.1000000014901161
0.1000000014901161 0.1000000014901161 0.1000000014901161 0.1000000014901161 0.1000000014901161 0.1000000014901161
0.1000000014901161 0.1000000014901161 0.1000000014901161 0.1000000014901161 0.1000000014901161 0.1000000014901161
0.1000000014901161 0.1000000014901161 0.1000000014901161 0.1000000014901161 0.1000000014901161 0.1000000014901161
0.1000000014901161 0.1000000014901161 0.1000000014901161 0.1000000014901161 0.1000000014901161 0.1000000014901161
0.1000000014901161 0.1000000014901161 0.1000000014901161 0.1000000014901161 0.1000000014901161 0.1000000014901161
0.1000000014901161 0.1000000014901161 0.1000000014901161 0.1000000014901161 0.1000000014901161 0.1000000014901161
0.1000000014901161 0.1000000014901161 0.1000000014901161 0.1000000014901161 0.1000000014901161 0.1000000014901161
0.1000000014901161 0.1000000014901161 0.1000000014901161 0.1000000014901161 0.1000000014901161 0.1000000014901161
0.1000000014901161 0.1000000014901161 0.1000000014901161 0.1000000014901161 0.1000000014901161 0.1000000014901161
0.1000000014901161 0.1000000014901161 0.1000000014901161 0.1000000014901161 0.1000000014901161 0.1000000014901161
0.1000000014901161 0.1000000014901161 0.1000000014901161 0.1000000014901161 0.1000000014901161 0.1000000014901161
0.1000000014901161 0.1000000014901161 0.1000000014901161 0.1000000014901161 0.1000000014901161 0.1000000014901161
0.1000000014901161 0.1000000014901161 0.1000000014901161 0.1000000014901161 0.1000000014901161 0.1000000014901161
0.1000000014901161 0.1000000014901161 0.1000000014901161 0.1000000014901161 0.1000000014901161 0.1000000014901161
0.1000000014901161 0.1000000014901161 0.1000000014901161 0.1000000014901161 0.1000000014901161 0.1000000014901161
0.1000000014901161 0.1000000014901161 0.1000000014901161 0.1000000014901161 0.1000000014901161 0.1000000014901161
0.1000000014901161 0.1000000014901161 0.1000000014901161 0.1000000014901161 0.1000000014901161 0.1000000014901161
0.1000000014901161 0.1000000014901161 0.1000000014901161 0.1000000014901161 0.1000000014901161 0.1000000014901161
0.1000000014901161 0.1000000014901161 0.1000000014901161 0.1000000014901161 0.1000000014901161 0.1000000014901161
0.1000000014901161 0.1000000014901161 0.1000000014901161 0.1000000014901161 0.1000000014901161 0.1000000014901161
0.1000000014901161 0.1000000014901161 0.1000000014901161 0.1000000014901161 0.1000000014901161 0.1000000014901161
0.1000000014901161 0.1000000014901161 0.1000000014901161 0.1000000014901161 0.1000000014901161 0.1000000014901161
0.1000000014901161 0.1000000014901161 0.1000000014901161 0.1000000014901161 0.1000000014901161 0.1000000014901161
1.0000000000000000 1.0000000000000000 1.0000000000000000 1.0000000000000000 0
1.0000000000000000 1.0000000000000000 1.0000000000000000 1.0000000000000000 0
1.0000000000000000 1.0000000000000000 1.0000000000000000 1.0000000000000000 0
1.0000000000000000 1.0000000000000000 1.0000000000000000 1.0000000000000000 0
1.0000000000000000 1.0000000000000000 1.0000000000000000 1.0000000000000000 0
1.0000000000000000 1.0000000000000000 1.0000000000000000 1.0000000000000000 0
1.0000000000000000 1.0000000000000000 1.0000000000000000 1.0000000000000000 0
1.0000000000000000 1.0000000000000000 1.0000000000000000 1.0000000000000000 0
1.0000000000000000 1.0000000000000000 1.0000000000000000 1.0000000000000000 0
1.0000000000000000 1.0000000000000000 1.0000000000000000 1.0000000000000000 0
1.0000000000000000 1.0000000000000000 1.0000000000000000 1.0000000000000000 0
1.0000000000000000 1.0000000000000000 1.0000000000000000 1.0000000000000000 0
1.0000000000000000 1.0000000000000000 1.0000000000000000 1.0000000000000000 0
1.0000000000000000 1.0000000000000000 1.0000000000000000 1.0000000000000000 0
1.0000000000000000 1.0000000000000000 1.0000000000000000 1.0000000000000000 0
1.0000000000000000 1.0000000000000000 1.0000000000000000 1.0000000000000000 0
1.0000000000000000 1.0000000000000000 1.0000000000000000 1.0000000000000000 0
1.0000000000000000 1.0000000000000000 1.0000000000000000 1.0000000000000000 0
1.0000000000000000 1.0000000000000000 1.0000000000000000 1.0000000000000000 0
1.0000000000000000 1.0000000000000000 1.0000000000000000 1.0000000000000000 0
1.0000000000000000 1.0000000000000000 1.0000000000000000 1.0000000000000000 0
1.0000000000000000 1.0000000000000000 1.0000000000000000 1.0000000000000000 0
1.0000000000000000 1.0000000000000000 1.0000000000000000 1.0000000000000000 0
1.0000000000000000 1.0000000000000000 1.0000000000000000 1.0000000000000000 0
1.0000000000000000 1.0000000000000000 1.0000000000000000 1.0000000000000000 0
1.0000000000000000 1.0000000000000000 1.0000000000000000 1.0000000000000000 0
1.0000000000000000 1.0000000000000000 1.0000000000000000 1.0000000000000000 0
1.0000000000000000 1.0000000000000000 1.0000000000000000 1.0000000000000000 0
1.0000000000000000 1.0000000000000000 1.0000000000000000 1.0000000000000000 0
1.0000000000000000 1.0000000000000000 1.0000000000000000 1.0000000000000000 0
1.0000000000000000 1.0000000000000000 1.0000000000000000 1.0000000000000000 0
1.0000000000000000 1.0000000000000000 1.0000000000000000 1.0000000000000000 0
1.0000000000000000 1.0000000000000000 1.0000000000000000 1.0000000000000000 0
1.0000000000000000 1.0000000000000000 1.0000000000000000 1.0000000000000000 0
1.0000000000000000 1.0000000000000000 1.0000000000000000 1.0000000000000000 0
1.0000000000000000 1.0000000000000000 1.0000000000000000 1.0000000000000000 0
1.0000000000000000 1.0000000000000000 1.0000000000000000 1.0000000000000000 0
1.0000000000000000 1.0000000000000000 1.0000000000000000 1.0000000000000000 0
1.0000000000000000 1.0000000000000000 1.0000000000000000 1.0000000000000000 0
1.0000000000000000 1.0000000000000000 1.0000000000000000 1.0000000000000000 0
1.0000000000000000 1.0000000000000000 1.0000000000000000 1.0000000000000000 0
1.0000000000000000 1.0000000000000000 1.0000000000000000 1.0000000000000000 0
1.0000000000000000 1.0000000000000000 1.0000000000000000 1.0000000000000000 0
1.0000000000000000 1.0000000000000000 1.0000000000000000 1.0000000000000000 0
1.0000000000000000 1.0000000000000000 1.0000000000000000 1.0000000000000000 0
1.0000000000000000 1.0000000000000000 1.0000000000000000 1.0000000000000000 0
1.0000000000000000 1.0000000000000000 1.0000000000000000 1.0000000000000000 0
1.0000000000000000 1.0000000000000000 1.0000000000000000 1.0000000000000000 0
1.0000000000000000 1.0000000000000000 1.0000000000000000 1.0000000000000000 0
1.0000000000000000 1.0000000000000000 1.0000000000000000 1.0000000000000000 0
1.0000000000000000 1.0000000000000000 1.0000000000000000 1.0000000000000000 0
1.0000000000000000 1.0000000000000000 1.0000000000000000 1.0000000000000000 0
1.0000000000000000 1.0000000000000000 1.0000000000000000 1.0000000000000000 0
1.0000000000000000 1.0000000000000000 1.0000000000000000 1.0000000000000000 0
1.0000000000000000 1.0000000000000000 1.0000000000000000 1.0000000000000000 0
1.0000000000000000 1.0000000000000000 1.0000000000000000 1.0000000000000000 0
1.0000000000000000 1.0000000000000000 1.0000000000000000 1.0000000000000000 0
1.0000000000000000 1.0000000000000000 1.0000000000000000 1.0000000000000000 0
1.0000000000000000 1.0000000000000000 1.0000000000000000 1.0000000000000000 0
1.0000000000000000 1.0000000000000000 1.0000000000000000 1.0000000000000000 0
1.0000000000000000 1.0000000000000000 1.0000000000000000 1.0000000000000000 0
1.0000000000000000 1.0000000000000000 1.0000000000000000 1.0000000000000000 0
1.0000000000000000 1.0000000000000000 1.0000000000000000 1.0000000000000000 0
1.0000000000000000 1.0000000000000000 1.0000000000000000 1.0000000000000000 0
0.1000000014901161 0.1000000014901161 0.1000000014901161 0.1000000014901161 0.1000000014901161 0.1000000014901161
0.1000000014901161 0.1000000014901161 0.1000000014901161 0.1000000014901161 0.1000000014901161 0.1000000014901161
0.1000000014901161 0.1000000014901161 0.1000000014901161 0.1000000014901161 0.1000000014901161 0.1000000014901161
0.1000000014901161 0.1000000014901161 0.1000000014901161 0.1000000014901161 0.1000000014901161 0.1000000014901161
0.1000000014901161 0.1000000014901161 0.1000000014901161 0.1000000014901161 0.1000000014901161 0.1000000014901161
0.1000000014901161 0.1000000014901161 0.1000000014901161 0.1000000014901161 0.1000000014901161 0.1000000014901161
0.1000000014901161 0.1000000014901161 0.1000000014901161 0.1000000014901161 0.1000000014901161 0.1000000014901161
0.1000000014901161 0.1000000014901161 0.1000000014901161 0.1000000014901161 0.1000000014901161 0.1000000014901161
0.1000000014901161 0.1000000014901161 0.1000000014901161 0.1000000014901161 0.1000000014901161 0.1000000014901161
0.1000000014901161 0.1000000014901161 0.1000000014901161 0.1000000014901161 0.1000000014901161 0.1000000014901161
0.1000000014901161 0.1000000014901161 0.1000000014901161 0.1000000014901161 0.1000000014901161 0.1000000014901161
0.1000000014901161 0.1000000014901161 0.1000000014901161 0.1000000014901161 0.1000000014901161 0.1000000014901161
0.1000000014901161 0.1000000014901161 0.1000000014901161 0.1000000014901161 0.1000000014901161 0.1000000014901161
0.1000000014901161 0.1000000014901161 0.1000000014901161 0.1000000014901161 0.1000000014901161 0.1000000014901161
0.1000000014901161 0.1000000014901161 0.1000000014901161 0.1000000014901161 0.1000000014901161 0.1000000014901161
0.1000000014901161 0.1000000014901161 0.1000000014901161 0.1000000014901161 0.1000000014901161 0.1000000014901161
0.1000000014901161 0.1000000014901161 0.1000000014901161 0.1000000014901161 0.1000000014901161 0.1000000014901161
0.1000000014901161 0.1000000014901161 0.1000000014901161 0.1000000014901161 0.1000000014901161 0.1000000014901161
0.1000000014901161 0.1000000014901161 0.1000000014901161 0.1000000014901161 0.1000000014901161 0.1000000014901161
0.1000000014901161 0.1000000014901161 0.1000000014901161 0.1000000014901161 0.1000000014901161 0.1000000014901161
0.1000000014901161 0.1000000014901161 0.1000000014901161 0.1000000014901161 0.1000000014901161 0.1000000014901161
0.1000000014901161 0.1000000014901161 0.1000000014901161 0.1000000014901161 0.1000000014901161 0.1000000014901161
0.1000000014901161 0.1000000014901161 0.1000000014901161 0.1000000014901161 0.1000000014901161 0.1000000014901161
0.1000000014901161 0.1000000014901161 0.1000000014901161 0.1000000014901161 0.1000000014901161 0.1000000014901161
0.1000000014901161 0.1000000014901161 0.1000000014901161 0.1000000014901161 0.1000000014901161 0.1000000014901161
0.1000000014901161 0.1000000014901161 0.1000000014901161 0.1000000014901161 0.1000000014901161 0.1000000014901161
0.1000000014901161 0.1000000014901161 0.1000000014901161 0.1000000014901161 0.1000000014901161 0.1000000014901161
0.1000000014901161 0.1000000014901161 0.1000000014901161 0.1000000014901161 0.1000000014901161 0.1000000014901161
0.1000000014901161 0.1000000014901161 0.1000000014901161 0.1000000014901161 0.1000000014901161 0.1000000014901161
0.1000000014901161 0.1000000014901161 0.1000000014901161 0.1000000014901161 0.1000000014901161 0.1000000014901161
0.1000000014901161 0.1000000014901161 0.1000000014901161 0.1000000014901161 0.1000000014901161 0.1000000014901161
0.1000000014901161 0.1000000014901161 0.1000000014901161 0.1000000014901161 0.1000000014901161 0.1000000014901161
0.1000000014901161 0.1000000014901161 0.1000000014901161 0.1000000014901161 0.1000000014901161 0.1000000014901161
0.1000000014901161 0.1000000014901161 0.1000000014901161 0.1000000014901161 0.1000000014901161 0.1000000014901161
0.1000000014901161 0.1000000014901161 0.1000000014901161 0.1000000014901161 0.1000000014901161 0.1000000014901161
0.1000000014901161 0.1000000014901161 0.1000000014901161 0.1000000014901161 0.1000000014901161 0.1000000014901161
0.1000000014901161 0.1000000014901161 0.1000000014901161 0.1000000014901161 0.1000000014901161 0.1000000014901161
0.1000000014901161 0.1000000014901161 0.1000000014901161 0.1000000014901161 0.1000000014901161 0.1000000014901161
0.1000000014901161 0.1000000014901161 0.1000000014901161 0.1000000014901161 0.1000000014901161 0.1000000014901161
0.1000000014901161 0.1000000014901161 0.1000000014901161 0.1000000014901161 0.1000000014901161 0.1000000014901161
0.1000000014901161 0.1000000014901161 0.1000000014901161 0.1000000014901161 0.1000000014901161 0.1000000014901161
0.1000000014901161 0.1000000014901161 0.1000000014901161 0.1000000014901161 0.1000000014901161 0.1000000014901161
0.1000000014901161 0.1000000014901161 0.1000000014901161 0.1000000014901161 0.1000000014901161 0.1000000014901161
0.1000000014901161 0.1000000014901161 0.1000000014901161 0.1000000014901161 0.1000000014901161 0.1000000014901161
0.1000000014901161 0.1000000014901161 0.1000000014901161 0.1000000014901161 0.1000000014901161 0.1000000014901161
0.1000000014901161 0.1000000014901161 0.1000000014901161 0.1000000014901161 0.1000000014901161 0.1000000014901161
0.1000000014901161 0.1000000014901161 0.1000000014901161 0.1000000014901161 0.1000000014901161 0.1000000014901161
0.1000000014901161 0.1000000014901161 0.1000000014901161 0.1000000014901161 0.1000000014901161 0.1000000014901161
0.1000000014901161 0.1000000014901161 0.1000000014901161 0.1000000014901161 0.1000000014901161 0.1000000014901161
0.1000000014901161 0.1000000014901161 0.1000000014901161 0.1000000014901161 0.1000000014901161 0.1000000014901161
0.1000000014901161 0.1000000014901161 0.1000000014901161 0.1000000014901161 0.1000000014901161 0.1000000014901161
0.1000000014901161 0.1000000014901161 0.1000000014901161 0.1000000014901161 0.1000000014901161 0.1000000014901161
0.1000000014901161 0.1000000014901161 0.1000000014901161 0.1000000014901161 0.1000000014901161 0.1000000014901161
0.1000000014901161 0.1000000014901161 0.1000000014901161 0.1000000014901161 0.1000000014901161 0.1000000014901161
0.1000000014901161 0.1000000014901161 0.1000000014901161 0.1000000014901161 0.1000000014901161 0.1000000014901161
0.1000000014901161 0.1000000014901161 0.1000000014901161 0.1000000014901161 0.1000000014901161 0.1000000014901161
0.1000000014901161 0.1000000014901161 0.1000000014901161 0.1000000014901161 0.1000000014901161 0.1000000014901161
0.1000000014901161 0.1000000014901161 0.1000000014901161 0.1000000014901161 0.1000000014901161 0.1000000014901161
0.1000000014901161 0.1000000014901161 0.1000000014901161 0.1000000014901161 0.1000000014901161 0.1000000014901161
0.1000000014901161 0.1000000014901161 0.1000000014901161 0.1000000014901161 0.1000000014901161 0.1000000014901161
0.1000000014901161 0.1000000014901161 0.1000000014901161 0.1000000014901161 0.1000000014901161 0.1000000014901161
0.1000000014901161 0.1000000014901161 0.1000000014901161 0.1000000014901161 0.1000000014901161 0.1000000014901161
0.1000000014901161 0.1000000014901161 0.1000000014901161 0.1000000014901161 0.1000000014901161 0.1000000014901161
0.1000000014901161 0.1000000014901161 0.1000000014901161 0.1000000014901161 0.1000000014901161 0.1000000014901161
0.1000000014901161 0.1000000014901161 0.1000000014901161 0.1000000014901161 0.1000000014901161 0.1000000014901161
0.1000000014901161 0.1000000014901161 0.1000000014901161 0.1000000014901161 0.1000000014901161 0.1000000014901161
0.1000000014901161 0.1000000014901161 0.1000000014901161 0.1000000014901161 0.1000000014901161 0.1000000014901161
0.1000000014901161 0.1000000014901161 0.1000000014901161 0.1000000014901161 0.1000000014901161 0.1000000014901161
0.1000000014901161 0.1000000014901161 0.1000000014901161 0.1000000014901161 0.1000000014901161 0.1000000014901161
0.1000000014901161 0.1000000014901161 0.1000000014901161 0.1000000014901161 0.1000000014901161 0.1000000014901161
0.1000000014901161 0.1000000014901161 0.1000000014901161 0.1000000014901161 0.1000000014901161 0.1000000014901161
0.1000000014901161 0.1000000014901161 0.1000000014901161 0.1000000014901161 0.1000000014901161 0.1000000014901161
0.1000000014901161 0.1000000014901161 0.1000000014901161 0.1000000014901161 0.1000000014901161 0.1000000014901161
0.1000000014901161 0.1000000014901161 0.1000000014901161 0.1000000014901161 0.1000000014901161 0.1000000014901161
0.1000000014901161 0.1000000014901161 0.1000000014901161 0.1000000014901161 0.1000000014901161 0.1000000014901161
0.1000000014901161 0.1000000014901161 0.1000000014901161 0.1000000014901161 0.1000000014901161 0.1000000014901161
0.1000000014901161 0.1000000014901161 0.1000000014901161 0.1000000014901161 0.1000000014901161 0.1000000014901161
0.1000000014901161 0.1000000014901161 0.1000000014901161 0.1000000014901161 0.1000000014901161 0.1000000014901161
0.1000000014901161 0.1000000014901161 0.1000000014901161 0.1000000014901161 0.1000000014901161 0.1000000014901161
0.1000000014901161 0.1000000014901161 0.1000000014901161 0.1000000014901161 0.1000000014901161 0.1000000014901161
0.1000000014901161 0.1000000014901161 0.1000000014901161 0.1000000014901161 0.1000000014901161 0.1000000014901161
0.1000000014901161 0.1000000014901161 0.1000000014901161 0.1000000014901161 0.1000000014901161 0.1000000014901161
0.1000000014901161 0.1000000014901161 0.1000000014901161 0.1000000014901161 0.1000000014901161 0.1000000014901161
0.1000000014901161 0.1000000014901161 0.1000000014901161 0.1000000014901161 0.1000000014901161 0.1000000014901161
0.1000000014901161 0.1000000014901161 0.1000000014901161 0.1000000014901161 0.1000000014901161 0.1000000014901161
0.1000000014901161 0.1000000014901161 0.1000000014901161 0.1000000014901161 0.1000000014901161 0.1000000014901161
0.1000000014901161 0.1000000014901161 0.1000000014901161 0.1000000014901161 0.1000000014901161 0.1000000014901161
0.1000000014901161 0.1000000014901161 0.1000000014901161 0.1000000014901161 0.1000000014901161 0.1000000014901161
0.1000000014901161 0.1000000014901161 0.1000000014901161 0.1000000014901161 0.1000000014901161 0.1000000014901161
0.1000000014901161 0.1000000014901161 0.1000000014901161 0.1000000014901161 0.1000000014901161 0.1000000014901161
0.1000000014901161 0.1000000014901161 0.1000000014901161 0.1000000014901161 0.1000000014901161 0.1000000014901161
0.1000000014901161 0.1000000014901161 0.1000000014901161 0.1000000014901161 0.1000000014901161 0.1000000014901161
0.1000000014901161 0.1000000014901161 0.1000000014901161 0.1000000014901161 0.1000000014901161 0.1000000014901161
0.1000000014901161 0.1000000014901161 0.1000000014901161 0.1000000014901161 0.1000000014901161 0.1000000014901161
0.1000000014901161 0.1000000014901161 0.1000000014901161 0.1000000014901161 0.1000000014901161 0.1000000014901161
0.1000000014901161 0.1000000014901161 0.1000000014901161 0.1000000014901161 0.1000000014901161 0.1000000014901161
0.1000000014901161 0.1000000014901161 0.1000000014901161 0.1000000014901161 0.1000000014901161 0.1000000014901161
0.1000000014901161 0.1000000014901161 0.1000000014901161 0.1000000014901161 0.1000000014901161 0.1000000014901161
0.1000000014901161 0.1000000014901161 0.1000000014901161 0.1000000014901161 0.1000000014901161 0.1000000014901161
0.1000000014901161 0.1000000014901161 0.1000000014901161 0.1000000014901161 0.1000000014901161 0.1000000014901161
0.1000000014901161 0.1000000014901161 0.1000000014901161 0.1000000014901161 0.1000000014901161 0.1000000014901161
0.1000000014901161 0.1000000014901161 0.1000000014901161 0.1000000014901161 0.1000000014901161 0.1000000014901161
0.1000000014901161 0.1000000014901161 0.1000000014901161 0.1000000014901161 0.1000000014901161 0.1000000014901161
0.1000000014901161 0.1000000014901161 0.1000000014901161 0.1000000014901161 0.1000000014901161 0.1000000014901161
0.1000000014901161 0.1000000014901161 0.1000000014901161 0.1000000014901161 0.1000000014901161 0.1000000014901161
0.1000000014901161 0.1000000014901161 0.1000000014901161 0.1000000014901161 0.1000000014901161 0.1000000014901161
0.1000000014901161 0.1000000014901161 0.1000000014901161 0.1000000014901161 0.1000000014901161 0.1000000014901161
0.1000000014901161 0.1000000014901161 0.1000000014901161 0.1000000014901161 0.1000000014901161 0.1000000014901161
0.1000000014901161 0.1000000014901161 0.1000000014901161 0.1000000014901161 0.1000000014901161 0.1000000014901161
0.1000000014901161 0.1000000014901161 0.1000000014901161 0.1000000014901161 0.1000000014901161 0.1000000014901161
0.1000000014901161 0.1000000014901161 0.1000000014901161 0.1000000014901161 0.1000000014901161 0.1000000014901161
0.1000000014901161 0.1000000014901161 0.1000000014901161 0.1000000014901161 0.1000000014901161 0.1000000014901161
0.1000000014901161 0.1000000014901161 0.1000000014901161 0.1000000014901161 0.1000000014901161 0.1000000014901161
0.1000000014901161 0.1000000014901161 0.1000000014901161 0.1000000014901161 0.1000000014901161 0.1000000014901161
0.1000000014901161 0.1000000014901161 0.1000000014901161 0.1000000014901161 0.1000000014901161 0.1000000014901161
0.1000000014901161 0.1000000014901161 0.1000000014901161 0.1000000014901161 0.1000000014901161 0.1000000014901161
0.1000000014901161 0.1000000014901161 0.1000000014901161 0.1000000014901161 0.1000000014901161 0.1000000014901161
0.1000000014901161 0.1000000014901161 0.1000000014901161 0.1000000014901161 0.1000000014901161 0.1000000014901161
0.1000000014901161 0.1000000014901161 0.1000000014901161 0.1000000014901161 0.1000000014901161 0.1000000014901161
0.1000000014901161 0.1000000014901161 0.1000000014901161 0.1000000014901161 0.1000000014901161 0.1000000014901161
0.1000000014901161 0.1000000014901161 0.1000000014901161 0.1000000014901161 0.1000000014901161 0.1000000014901161
0.1000000014901161 0.1000000014901161 0.1000000014901161 0.1000000014901161 0.1000000014901161 0.1000000014901161
0.1000000014901161 0.1000000014901161 0.1000000014901161 0.1000000014901161 0.1000000014901161 0.1000000014901161
0.1000000014901161 0.1000000014901161 0.1000000014901161 0.1000000014901161 0.1000000014901161 0.1000000014901161
0.1000000014901161 0.1000000014901161 0.1000000014901161 0.1000000014901161 0.1000000014901161 0.1000000014901161
0.1000000014901161 0.1000000014901161 0.1000000014901161 0.1000000014901161 0.1000000014901161 0.1000000014901161
0.1000000014901161 0.1000000014901161 0.1000000014901161 0.1000000014901161 0.1000000014901161 0.1000000014901161
0.1000000014901161 0.1000000014901161 0.1000000014901161 0.1000000014901161 0.1000000014901161 0.1000000014901161
