19
128 384
0.9872509 0.9872509 0.9988026 0.99868226 0.9980434 0.9986437 0.9985846 0.99943507 0.9872509 0.9872509 0.9980523 0.9987781 0.9986354 0.9986553 0.99861115 0.99943155
0.9872509 0.9872509 0.9987643 0.99956053 0.9981286 0.99883866 0.998573 0.9998176 0.9872509 0.9872509 0.9985811 0.99876016 0.9986066 0.9981666 0.99907434 0.99891907
0.9914579 0.9883433 0.9992461 0.9992359 0.99994946 1.0000168 0.99949956 0.99909043 0.9872509 0.9872509 0.9979629 0.99901843 0.9988624 0.9982359 0.99909496 0.99899346
0.9872509 0.9872509 0.9995524 0.9990002 0.9998664 0.9998442 0.9994032 0.9990767 0.9872509 0.9872509 0.9981672 0.99914944 0.99904907 0.9981662 0.99899334 0.99887884
0.9872509 0.9872509 0.998907 0.9997491 0.999142 0.9993496 0.99897397 0.9996862 0.9872509 0.9872509 0.9982773 0.99898195 0.9988723 0.99824446 0.9990684 0.9989301
0.9872509 0.9948481 0.9995818 0.9992246 0.9997951 1.0000075 0.99952054 0.99927235 0.9872509 0.9872509 0.99812573 0.99903786 0.9989002 0.9982106 0.9991161 0.9989964
0.9872509 0.9872509 0.99940115 0.99955595 0.999668 0.999668 0.99945736 0.99956053 0.9872509 0.9872509 0.99824464 0.9991456 0.99902946 0.9986062 0.99893695 0.9989332
0.9872509 0.9872509 0.99838465 0.9993513 0.99936014 0.99933493 0.999119 0.99934393 0.9872509 0.9872509 0.99856955 0.9982327 0.9989114 0.9989111 0.9985602 0.9993752
0.9872509 0.9872509 0.9987868 0.9986584 0.99857783 0.9990754 0.9989444 0.99817574 0.9872509 0.9872509 0.9987362 0.99859756 0.9981582 0.99954796 0.9988434 0.99980843
0.9872509 0.9872509 0.9986458 0.9994049 0.9985287 0.9989296 0.9999455 0.99835557 0.9872509 0.9872509 0.998621 0.99893177 0.99852663 0.9993911 0.9983523 0.99995786
0.9872509 1.0127299 0.9991222 0.99910885 0.9997737 0.99965954 0.9995925 1.0004622 0.9872509 0.9872509 0.998883 0.99895877 0.99796665 0.99990624 0.99839103 0.99997354
0.9872509 0.99092686 0.9994808 0.99893135 0.9996624 0.99996346 0.9992635 1.0000728 0.9872509 0.9872509 0.99902135 0.99886143 0.9983705 1.0000411 0.9983069 0.9998533
0.9872509 0.9872509 0.99892485 0.999767 0.9992348 0.9992572 1.0001792 0.9993644 0.9872509 0.9872509 0.99887127 0.9989557 0.9984582 0.9998582 0.99836904 0.99989706
0.9872509 1.0111457 0.999436 0.9990817 0.99973255 0.9998503 0.99954265 1.0000703 0.9872509 0.9872509 0.9988943 0.9989747 0.9982419 0.99983144 0.99827665 0.9999689
0.9872509 0.9872651 0.9993449 0.9995043 0.99948627 0.9998085 0.9997281 0.99986935 0.9872509 0.9872509 0.9990272 0.9988131 0.9983613 1.0000169 0.9986873 0.99966383
0.9872509 0.9872509 0.99838203 0.99934703 0.9993041 0.9986588 0.9995688 0.9994647 0.9872509 0.9872509 0.9988746 0.9985539 0.9986388 0.9984106 0.9997585 0.99976397
0.9872509 0.9872509 0.997951 0.9990172 0.9988866 0.99910706 0.9989943 0.99823815 0.99167055 0.98840886 0.9992361 0.9994948 0.9999498 0.99926865 1.0000094 0.999083
0.9872509 0.9872509 0.9979396 0.9988865 0.9998968 0.9989663 0.9999735 0.99841964 0.9872509 1.0126591 0.99911004 0.9996689 0.9997678 0.99913746 1.0004511 0.9996033
1.0124308 1.012749 0.9997787 0.999605 0.9995361 0.9996757 0.99961835 1.0005742 1.0121675 1.012749 0.9996185 0.99967957 0.9997786 0.9995579 1.000575 0.99962276
0.9874379 0.99992734 0.99975497 0.9999141 0.9992156 0.9999956 0.9992961 1.0001181 1.012749 1.0127239 0.999747 0.9995672 1.00049 0.99968886 1.0004278 0.99948746
0.9872509 0.9872509 0.9991176 0.99920046 1.000123 0.9992861 1.0006237 0.999417 1.0127449 1.012741 0.999564 0.9996009 1.0007358 0.99948645 1.0004114 0.9995532
1.0041443 1.0126103 0.9996071 0.9997984 0.9994893 0.99985784 0.9995695 1.0001754 1.0117818 1.012749 0.99954164 0.999673 1.0002748 0.99949586 1.0002929 0.99960536
0.9872509 0.9880087 0.9995584 0.9997514 0.9996697 0.99983 0.9997613 0.99991363 1.012749 1.0102117 0.9997258 0.99937725 1.0003743 0.9996517 0.9998958 0.9993941
0.9872509 0.9872509 0.9992999 0.9986048 0.9995155 0.9987099 0.9996083 0.9995069 1.0125932 0.9873361 0.999454 0.9994539 0.999836 1.000614 0.99947405 0.99903625
0.9872509 0.9872509 0.9981707 0.9991607 0.9990491 0.9989727 0.99890023 0.99817055 0.9872509 0.9872509 0.99957895 0.9993932 0.9998674 0.99901825 0.99984485 0.9990763
0.9872509 0.9872509 0.9983691 0.9990257 1.0000381 0.998849 0.9998344 0.99834275 0.9872509 0.99169976 0.9995087 0.99997973 0.99965614 0.9989472 1.0000794 0.99928075
1.012749 1.0126975 1.0004923 0.9997451 0.9996839 0.9995395 0.9994825 1.0004286 0.9874089 0.9989783 0.9999233 1.0000023 0.9997538 0.99922633 1.0001262 0.999318
1.0089964 0.98836035 1.0000933 1.0000695 0.9993712 0.99985427 0.9991678 1.0000552 1.0081694 0.9880782 1.0000689 0.9998574 1.0000848 0.9993783 1.0000536 0.9991796
0.9872509 0.9872509 0.999376 0.9993495 1.0007837 0.9991511 1.0000536 0.9993537 0.98869693 0.9889282 0.9998578 0.9999312 1.0001882 0.99918073 1.0000533 0.99924535
1.012749 1.0095096 1.0001073 1.0000122 0.99963385 0.9997388 0.9994471 1.0000349 0.98729247 0.99816084 0.99987304 0.9999835 0.999996 0.9991834 1.0000722 0.99931425
0.9997524 0.9872509 0.99987954 0.9999005 0.99983305 0.9997052 0.9996472 0.9998492 1.0057722 0.9872509 1.0000296 0.9997674 1.0000428 0.99936134 0.99979264 0.9992173
0.9872509 0.9872509 0.99946845 0.99876595 0.9996641 0.99861926 0.99947864 0.99946404 0.9878756 0.9872509 0.9997857 0.9993448 0.9996746 1.0001314 0.9992392 0.99902797
0.9872509 0.9872509 0.9982771 0.9989604 0.99888515 0.99904895 0.99892545 0.9982049 0.9872509 0.9872509 0.9989234 0.99897796 0.99915797 0.99974316 0.9993482 0.99968046
0.9872509 0.9872509 0.99847263 0.99884814 0.99982905 0.9989383 0.9999131 0.99834824 0.9872509 0.9872509 0.99893194 0.9992672 0.99924326 0.9997564 0.9993638 1.0001718
1.0126165 1.012749 1.0007467 0.9995393 0.99947834 0.99962157 0.99954075 1.0004098 0.9872509 0.9872509 0.99921614 0.99930227 0.99913347 1.0001231 0.9994094 1.0006188
0.98882157 0.9886766 1.0001928 0.9998525 0.99916834 0.9999252 0.9992582 1.0000609 0.9872509 0.9872509 0.99937207 0.999172 0.99937165 1.0007819 0.9993532 1.000068
0.9872509 0.9872509 0.99948823 0.99915427 1.0000623 0.99924594 1.000142 0.9993558 0.9872509 0.9872509 0.99916995 0.9992266 0.9994734 1.0000637 0.9993475 1.0001389
1.009085 1.009817 1.0003392 0.9997347 0.99944806 0.99981165 0.99950016 1.0000346 0.9872509 0.9872509 0.9991677 0.9993017 0.99929106 1.0000774 0.99943876 1.0006088
0.9872509 0.9872509 0.9999799 0.9997045 0.99964595 0.99976104 0.999736 0.9998525 0.9872509 0.9872509 0.999348 0.9992029 0.99933755 1.0007282 0.99937207 1.000043
0.9872509 0.9872509 0.99954844 0.99860334 0.99946404 0.9986445 0.99955183 0.99947274 0.9872509 0.9872509 0.9991434 0.99892986 0.99917704 0.9994083 0.99996847 0.99963236
0.9872509 0.9872509 0.9981268 0.99902034 0.9988976 0.999099 0.9989992 0.9981597 0.9872509 0.99514365 0.99957484 0.99952006 0.9997943 0.99920493 1.0000064 0.9992835
0.9872509 0.9872509 0.9982836 0.998876 0.9998527 0.9989628 0.9999739 0.9982534 0.9872509 1.0111058 0.9994272 0.99984735 0.99973476 0.9990555 1.0000778 0.99954104
1.0115507 1.012749 1.0002759 0.99956256 0.99948525 0.9996831 0.9996275 1.000297 1.0048631 1.0126795 0.99979514 0.99985665 0.9995997 0.99949193 1.000184 0.99957323
0.9872509 0.9976785 0.99999 0.9998608 0.9992043 0.9999993 0.9993077 1.0000796 1.012749 1.009511 1.0000156 0.9997437 1.0001135 0.9996354 1.0000347 0.9994301
0.9872509 0.9872509 0.9992968 0.9991922 1.0000817 0.99929273 1.000608 0.9994477 1.0090016 1.0095878 0.9997427 0.99980396 1.0003413 0.9994323 1.0000395 0.9994939
0.99834865 1.0126842 0.9998932 0.9997493 0.999439 0.9998546 0.99956244 0.9998867 0.99811363 1.0125159 0.9997511 0.9998501 0.99988997 0.9994357 0.9998932 0.999562
0.9872509 0.9877492 0.99978447 0.99970144 0.99967724 0.99982893 0.99975526 0.99987525 1.012749 0.98866004 0.9999606 0.99971575 1.0000064 0.99960834 0.9998663 0.99933267
0.9872509 0.9872509 0.9994155 0.99861485 0.9995215 0.99871576 0.999603 0.99950534 1.007227 0.9876703 0.9998105 0.9994697 0.99982536 1.0002195 0.99943084 0.9992382
0.9872509 0.9872509 0.9982042 0.9991334 0.9990308 0.99894005 0.9989251 0.99858886 0.9872509 0.9872509 0.9993844 0.9994681 0.9996671 0.999547 0.9996655 0.99954635
0.9872509 0.9872509 0.9983389 0.99900943 1.0000207 0.998813 0.99968743 0.99867713 0.9872509 0.9872509 0.9993145 0.99980557 0.99945974 0.9994894 0.9998713 0.99972236
1.012749 1.0103247 1.0003817 0.9997291 0.999673 0.99939907 0.9994036 0.99990207 0.9872509 0.9878815 0.99975556 0.9998367 0.9995561 0.99967366 0.9999152 0.99976027
1.0055379 0.9872509 1.0000461 1.0000435 0.9993487 0.9997647 0.9992165 0.9997931 0.99984217 0.9872509 0.9998989 0.99969685 0.99988806 0.9998227 0.9998488 0.99964565
0.9872509 0.9872509 0.99934316 0.9993357 1.000723 0.99920535 1.0000488 0.9993689 0.9872509 0.9872509 0.9996928 0.99975586 0.9999828 0.9996478 0.9998554 0.99973965
1.012749 0.98806006 1.000004 0.99996144 0.99960554 0.9997215 0.9993351 0.9998666 0.9872509 0.987716 0.9997051 0.9998237 0.99978894 0.9996815 0.9998703 0.9997551
0.9949393 0.9872509 0.99983877 0.9998744 0.9998026 0.99960244 0.99968004 0.99960166 0.9945973 0.9872509 0.9998727 0.9995984 0.9998458 0.99980205 0.99959856 0.99967766
0.9872509 0.9872509 0.9994764 0.9987491 0.9996351 0.9986403 0.9995118 0.9993202 0.9872509 0.9872509 0.99960953 0.9994175 0.999483 0.99992824 0.9996908 0.99949926
0.9872509 0.9872509 0.9985617 0.998179 0.99891055 0.9989033 0.9985315 0.9993759 0.9872509 0.9872509 0.9983268 0.99911386 0.9993373 0.99932915 0.9993567 0.999339
0.9872509 0.9872509 0.9986445 0.99838835 0.9988798 0.9997811 0.99852115 0.99976647 0.9872509 0.9872509 0.9983227 0.99863064 0.9993306 0.99956924 0.9993066 0.9994723
1.0127141 0.9872806 0.99983835 1.000613 0.9994767 0.9994871 0.99944884 0.9990357 0.9872509 0.9872509 0.9985775 0.99871004 0.99951434 0.9996013 0.99929684 0.99950254
0.98773044 0.9872509 0.99967504 1.0001347 0.99979615 0.99923986 0.9993466 0.9990275 0.9872509 0.9872509 0.99876624 0.99859774 0.99965554 0.9994818 0.99947554 0.999452
0.9872509 0.9872509 0.9991582 0.9994184 0.9991455 0.9999784 0.998924 0.9996379 0.9872509 0.9872509 0.9985809 0.9986445 0.99946636 0.99955666 0.99954486 0.9994716
1.0073792 0.98753107 0.9998173 1.0002197 0.9998156 0.99942684 0.99947083 0.9992181 0.9872509 0.9872509 0.9986146 0.9987117 0.9995257 0.999602 0.99940246 0.9995076
0.9872509 0.9872509 0.99950016 0.9999268 0.99961346 0.99968517 0.99940884 0.9995087 0.9872509 0.9872509 0.9987453 0.99864984 0.9996365 0.99951535 0.9994765 0.99932593
0.9872509 0.9872509 0.9992514 0.9994998 0.9986016 0.9994742 0.99906605 0.9992916 0.9872509 0.9872509 0.9986127 0.9990605 0.999478 0.99927676 0.99925727 0.99950457
0.9872509 0.9872509 0.99901634 0.9983865 0.9989461 0.9999097 0.9984852 0.9990095 0.9872509 0.9872509 0.9983934 0.9989472 0.99898493 0.99850494 0.999003 0.9999018
0.9872509 1.0125327 0.998692 0.9980233 0.9985672 0.99949014 1.0001658 1.0001032 0.9872509 0.9872509 0.998316 0.99845934 0.9992031 0.99842465 0.9987613 1.0003915
0.98731995 0.9872509 0.9991882 0.9998228 0.99976546 0.99858 0.9994355 0.9992964 0.9872509 0.9872509 0.9983937 0.9985118 0.9992646 0.9987054 0.9987876 1.0004032
0.9872509 0.9872509 0.9993228 0.99962276 0.99947953 0.99965197 0.9989934 0.9990604 0.9872509 0.9872509 0.99854445 0.9984271 0.99913746 0.9988246 0.99868006 1.0002393
0.9872509 1.00629 0.9989473 0.99914914 0.9992142 0.9994081 0.99996024 1.000034 0.9872509 0.9872509 0.99845713 0.99853116 0.9992249 0.99870986 0.99875265 1.000329
0.9872509 0.9872509 0.9994847 0.9996692 0.99973977 0.9992727 0.99937177 0.99925166 0.9872509 0.9872509 0.99848104 0.99849826 0.9992716 0.9987117 0.99868226 1.0004015
0.9872509 0.9872509 0.99851584 0.9993205 0.9995807 0.9994547 0.9994901 0.9994367 0.9872509 0.9872509 0.9985401 0.9988867 0.99922603 0.9987222 0.999061 1.0000792
0.9872509 0.9872509 0.9985906 0.9978013 0.9983654 0.9994391 0.99943995 0.99938756 0.9872509 0.9872509 0.9982628 0.9982977 0.999093 0.99834967 0.99850786 0.9995107
0.9872509 0.9872509 0.9983015 0.99839586 0.99921477 0.9984535 1.000383 0.99876297 0.9872509 1.0125599 0.99866414 0.998047 0.9985632 1.0001652 1.0001012 0.9995208
0.9872509 1.012749 0.9979448 1.0000854 0.99890035 0.99831396 0.99990314 1.0011066 0.9872509 1.012749 0.9989034 0.9979741 0.99831355 1.000087 1.0010926 0.9999171
1.0101672 0.9872509 0.9997405 0.9993574 0.9996433 1.0003344 0.99883825 0.99962354 0.9872509 1.012749 0.9989171 0.99825567 0.9983371 1.0009559 1.001205 0.99993163
0.9872509 0.9872509 0.9995428 0.9989137 0.99973124 0.99980986 0.999989 0.99911433 0.9872509 1.012749 0.9987967 0.99836993 0.9982159 1.0012853 1.0009719 0.9997534
0.9872509 1.012749 0.99906737 0.99988186 0.99920386 0.9992697 0.99979925 1.0006683 0.9872509 1.012749 0.99891305 0.9982459 0.9983156 1.001044 1.0010127 0.99985456
1.0035944 0.9872509 0.99958766 0.9992938 0.99981946 0.99998426 0.99941903 0.99954796 0.9872509 1.012749 0.99894434 0.99826646 0.9982294 1.0008874 1.0009339 0.99991155
0.9872509 0.9872509 0.99950385 0.9994084 0.99871457 0.99970996 0.99975663 0.9995194 0.9872509 1.012749 0.99876344 0.998265 0.9986294 1.0010232 1.0001365 0.99968535
0.9872509 0.9872509 0.9978291 0.9994682 0.9989029 0.9979911 0.99969167 0.99957925 0.9872509 1.0119512 0.99843913 0.9985178 0.9986759 1.0000306 1.0001534 0.9992173
0.9872509 0.9872509 0.9984027 0.99870443 0.99926037 0.99851364 1.0003972 0.9988099 0.9872639 0.9872509 0.99917156 0.9998223 0.9997592 0.9994371 0.9992939 0.99859905
0.9872509 1.012749 0.998256 1.0009673 0.9989281 0.9983666 0.99992865 1.001217 1.0101974 0.9872509 0.99965656 0.9997415 1.000326 0.99935734 0.9996249 0.99885964
1.0117766 0.9872509 1.0002015 0.9995646 0.99965286 1.0004356 0.9988667 0.9996578 1.0117589 0.9872509 0.99965465 1.0001907 1.0004295 0.9995669 0.9996656 0.99889
0.9872509 0.9872509 0.9997499 0.999059 0.9997548 0.999845 1.0001978 0.99917173 1.0055532 0.9872509 0.99951357 1.0005058 1.0001979 0.99969757 0.99956584 0.9987222
0.9872509 1.012749 0.99921286 1.000538 0.99923146 0.9993197 0.99982136 1.0007755 1.0079592 0.9872509 0.99957633 1.0002669 1.0002503 0.999595 0.9995916 0.9988091
1.0082387 0.9872509 0.9998534 0.99949086 0.9998286 1.0000783 0.9994509 0.99958307 1.011608 0.9872509 0.9996564 1.0001259 1.000162 0.99953884 0.99960923 0.9988919
0.9872509 0.9872509 0.9996988 0.99946284 0.9987614 0.99973166 0.9997967 0.99955857 0.9980014 0.9872509 0.99935013 1.000253 0.99979246 0.9996487 0.99933636 0.99878
0.9872509 0.9872509 0.9979391 0.99952614 0.99893737 0.9980597 0.99973434 0.99962413 0.9872509 0.9872509 0.99934715 0.9997323 0.9998559 0.99926925 0.99940115 0.99857026
0.9872509 0.9872509 0.9985534 0.9988481 0.9991521 0.99843 1.0002196 0.9987172 0.9872509 0.9872509 0.99935526 0.99962026 0.9994748 0.99901175 0.99907416 0.99964374
0.9872509 1.012749 0.99840146 1.0012959 0.99877465 0.99826396 0.99974465 1.0009831 0.9872509 0.9872509 0.99974746 0.99954176 0.9998098 0.9989334 0.9991103 0.9999856
1.0049411 0.9872509 1.0005145 0.99969405 0.9994851 1.0002015 0.9987077 0.9995643 0.9872509 0.9872509 0.9997576 0.99975157 0.99985105 0.9990533 0.99915457 1.0001961
0.9872509 0.9872509 0.9998803 0.9992043 0.9995766 0.9997459 0.9998302 0.9990733 0.9872509 0.9872509 0.99958444 0.9998843 0.9997507 0.99918693 0.99906945 0.99984056
0.9872509 1.012749 0.9993536 1.0008515 0.99906695 0.9992251 0.9996597 1.000552 0.9872509 0.9872509 0.9996848 0.999777 0.9997743 0.9990956 0.9990914 0.99993503
0.9983383 0.9872509 1.0001566 0.99961907 0.9996638 0.9998561 0.99930215 0.99948585 0.9872509 0.9872509 0.9997399 0.9997235 0.99979687 0.99904156 0.9991809 1.0001899
0.9872509 0.9872509 0.9998309 0.9995937 0.9986487 0.999576 0.9996999 0.9994935 0.9872509 0.9872509 0.99952006 0.99983674 0.99951804 0.999219 0.99910855 0.99983716
0.9872509 0.9872509 0.9980993 0.9996635 0.99878955 0.99797845 0.9995852 0.9995602 0.9872509 0.9872509 0.99913406 0.9994789 0.99960935 0.9990735 0.9991991 0.9995716
0.9872509 0.9872509 0.99846536 0.9987383 0.99923 0.99851197 1.0003308 0.998747 0.9872509 1.0061954 0.9989602 0.9991641 0.9992271 0.9999565 1.0000345 0.99938864
0.9872509 1.012749 0.99829036 1.0010538 0.99889463 0.9982981 0.9998407 1.0010121 0.9872509 1.012749 0.9992194 0.9990854 0.9992637 0.9998788 1.0006781 0.99980325
1.0079299 0.9872509 1.0002702 0.99959 0.99959743 1.0002587 0.99883884 0.99960095 0.9872509 1.012749 0.99925125 0.9992072 0.9993077 1.0005476 1.00078 0.9998226
0.9872509 0.9872509 0.99977386 0.9990991 0.99967164 0.9997847 0.9999409 0.9990998 0.9872509 1.012749 0.9990842 0.9993423 0.9992233 1.0008585 1.0005544 0.999647
0.9872509 1.012749 0.99925125 1.0006173 0.99919325 0.99925274 0.99974364 1.0006089 0.9872509 1.012749 0.9991714 0.99924666 0.9992453 1.0006193 1.0006064 0.9997476
1.0011104 0.9872509 0.99992436 0.9995158 0.9997722 0.99992335 0.99941593 0.9995177 0.9872509 1.012749 0.9992498 0.9991925 0.99933845 1.0004865 1.0004897 0.9998159
0.9872509 0.9872509 0.999728 0.9995195 0.998719 0.9996572 0.9997327 0.99954504 0.9872509 1.0127112 0.9991417 0.9993742 0.9992647 1.0005773 1.000082 0.9995778
0.9872509 0.9872509 0.9979647 0.9995479 0.99886656 0.99801284 0.999665 0.999575 0.9872509 0.99670213 0.998772 0.9989968 0.99911654 0.99979144 0.9999262 0.99921376
0.9872509 0.9872509 0.99844897 0.99869204 0.99927115 0.9984519 1.0004088 0.99866575 0.9872509 0.9872509 0.99947757 0.9996647 0.99974465 0.9993744 0.9992262 0.9992546
0.9872509 1.012749 0.99824727 1.0008905 0.99892664 0.99820554 0.99993366 1.0009323 1.004101 0.9872509 0.9998166 0.9995811 0.9999932 0.99929327 0.99955857 0.99941635
1.0118033 0.9872509 1.000133 0.999549 0.9996634 1.0001637 0.9988735 0.99962574 1.0076755 0.9872509 0.99983007 0.99986285 1.0000845 0.9995006 0.9995825 0.99944484
0.9872509 0.9872509 0.9997326 0.9990484 0.9997624 0.99980974 1.0001934 0.99919444 0.99771285 0.9872509 0.99967164 1.0001616 0.99985605 0.9996167 0.9994844 0.9993011
0.9872509 1.012749 0.9991989 1.0004867 0.99923795 0.9993469 0.9998154 1.0004821 1.0016496 0.9872509 0.9997665 0.999923 0.9999271 0.99951154 0.99952847 0.9994186
1.00819 0.9872509 0.99980026 0.9994632 0.9998309 0.999789 0.9994468 0.999547 1.0079212 0.9872509 0.99982446 0.9998024 0.9997969 0.9994767 0.99954736 0.99944496
0.9872509 0.9872509 0.999678 0.9994934 0.99876994 0.9997278 0.99976295 0.9995562 0.98794633 0.9872509 0.999669 0.99988633 0.99978614 0.9995857 0.99927336 0.9993639
0.9872509 0.9872509 0.99800277 0.9995646 0.9989414 0.9979812 0.99973047 0.9996254 0.9872509 0.9872509 0.9994003 0.9997411 0.99987495 0.9992242 0.999362 0.99924845
0.9872509 0.9872509 0.99848956 0.99870616 0.9992181 0.9988715 1.0000986 0.9990665 0.9872509 0.9872509 0.9984624 0.99930406 0.99958265 0.9994386 0.9994885 0.9994413
0.9872509 1.012749 0.99824476 1.0010215 0.9987687 0.9986287 0.999694 1.0001413 0.9872509 0.9872509 0.99869 0.99971586 0.9995017 0.9997694 0.9994087 0.9995282
0.9982643 0.9872509 1.0002546 0.999664 0.9993753 0.9998022 0.9987783 0.99933195 0.9872509 0.9872509 0.99876285 0.99973434 0.999712 0.9997994 0.9994735 0.9995553
0.9872509 0.9872509 0.999847 0.99923253 0.999528 0.9995133 0.99984574 0.99910975 0.9872509 0.9872509 0.99862343 0.99956137 0.9998322 0.9996987 0.99958795 0.99947846
0.9872509 1.0126597 0.99938715 1.0005707 0.99914294 0.99926215 0.999579 1.0000777 0.9872509 0.9872509 0.9987178 0.9996569 0.9997276 0.9997392 0.9995085 0.99954563
0.9875587 0.9872509 0.9998787 0.9995859 0.9996771 0.99978507 0.99935883 0.9992771 0.9872509 0.9872509 0.99876523 0.9997272 0.999688 0.9997591 0.9994928 0.99955803
0.9872509 0.9872509 0.99979985 0.99959356 0.99869895 0.9994922 0.99948466 0.9993763 0.9872509 0.9872509 0.99870896 0.9994918 0.9997976 0.99948215 0.99959797 0.9993815
0.9872509 0.9872509 0.9980141 0.99965423 0.99877435 0.9984099 0.9996377 0.99943864 0.9872509 0.9872509 0.9992094 0.9993544 0.9994033 0.9995384 0.99939865 0.99942684
0.9872509 0.9872509 0.9982551 0.998353 0.99827754 0.99850494 0.99909633 0.99951595 0.9872509 0.9872509 0.9978107 0.9983735 0.9985598 0.99942744 0.9994382 0.99939066
0.9872509 1.0118731 0.99852616 1.000034 0.99867517 1.0001613 0.998406 0.99922496 0.9872509 0.9872509 0.99783987 0.9979861 0.99890655 0.99969375 0.9994659 0.99958515
0.9872509 0.9872509 0.9997381 0.99927306 0.9998655 0.99939483 0.99935025 0.9985661 0.9872509 0.9872509 0.9979354 0.99805796 0.99892706 0.99972767 0.999537 0.9996226
0.9872509 0.9872509 0.99948144 0.9990592 0.9996047 0.9991983 0.99913776 0.9995765 0.9872509 0.9872509 0.99809664 0.9979743 0.99881154 0.9995894 0.99966127 0.9995518
0.9872509 0.99574465 0.9989794 0.99979395 0.99911946 0.9999287 0.9987701 0.9991992 0.9872509 0.9872509 0.99795943 0.9980527 0.99888366 0.9996704 0.9995381 0.99957377
0.9872509 0.9872509 0.9997357 0.99924904 0.9998721 0.9993616 0.9994038 0.99926317 0.9872509 0.9872509 0.9980431 0.99804425 0.998956 0.9997332 0.999565 0.9996295
0.9872509 0.9872509 0.9994252 0.9993947 0.99954087 0.99942243 0.99921626 0.9993405 0.9872509 0.9872509 0.9980754 0.99842983 0.99877316 0.9996444 0.9996618 0.9994444
0.9872509 0.9872509 0.998433 0.9994263 0.9984559 0.999453 0.9984085 0.9994708 0.9872509 0.9872509 0.9984386 0.9984708 0.99844205 0.99945825 0.99943084 0.9994585
1.0 1.0 1.0 1.0 1.0 1.0 1.0 1.0 1.0 1.0 1.0 1.0 1.0 1.0 1.0 1.0
1.0 1.0 1.0 1.0 1.0 1.0 1.0 1.0 1.0 1.0 1.0 1.0 1.0 1.0 1.0 1.0
1.0 1.0 1.0 1.0 1.0 1.0 1.0 1.0 1.0 1.0 1.0 1.0 1.0 1.0 1.0 1.0
1.0 1.0 1.0 1.0 1.0 1.0 1.0 1.0 1.0 1.0 1.0 1.0 1.0 1.0 1.0 1.0
1.0 1.0 1.0 1.0 1.0 1.0 1.0 1.0 1.0 1.0 1.0 1.0 1.0 1.0 1.0 1.0
1.0 1.0 1.0 1.0 1.0 1.0 1.0 1.0 1.0 1.0 1.0 1.0 1.0 1.0 1.0 1.0
1.0 1.0 1.0 1.0 1.0 1.0 1.0 1.0 1.0 1.0 1.0 1.0 1.0 1.0 1.0 1.0
1.0 1.0 1.0 1.0 1.0 1.0 1.0 1.0 1.0 1.0 1.0 1.0 1.0 1.0 1.0 1.0
1.0 1.0 1.0 1.0 1.0 1.0 1.0 1.0 1.0 1.0 1.0 1.0 1.0 1.0 1.0 1.0
1.0 1.0 1.0 1.0 1.0 1.0 1.0 1.0 1.0 1.0 1.0 1.0 1.0 1.0 1.0 1.0
1.0 1.0 1.0 1.0 1.0 1.0 1.0 1.0 1.0 1.0 1.0 1.0 1.0 1.0 1.0 1.0
1.0 1.0 1.0 1.0 1.0 1.0 1.0 1.0 1.0 1.0 1.0 1.0 1.0 1.0 1.0 1.0
1.0 1.0 1.0 1.0 1.0 1.0 1.0 1.0 1.0 1.0 1.0 1.0 1.0 1.0 1.0 1.0
1.0 1.0 1.0 1.0 1.0 1.0 1.0 1.0 1.0 1.0 1.0 1.0 1.0 1.0 1.0 1.0
1.0 1.0 1.0 1.0 1.0 1.0 1.0 1.0 1.0 1.0 1.0 1.0 1.0 1.0 1.0 1.0
1.0 1.0 1.0 1.0 1.0 1.0 1.0 1.0 1.0 1.0 1.0 1.0 1.0 1.0 1.0 1.0
1.0 1.0 1.0 1.0 1.0 1.0 1.0 1.0 1.0 1.0 1.0 1.0 1.0 1.0 1.0 1.0
1.0 1.0 1.0 1.0 1.0 1.0 1.0 1.0 1.0 1.0 1.0 1.0 1.0 1.0 1.0 1.0
1.0 1.0 1.0 1.0 1.0 1.0 1.0 1.0 1.0 1.0 1.0 1.0 1.0 1.0 1.0 1.0
1.0 1.0 1.0 1.0 1.0 1.0 1.0 1.0 1.0 1.0 1.0 1.0 1.0 1.0 1.0 1.0
1.0 1.0 1.0 1.0 1.0 1.0 1.0 1.0 1.0 1.0 1.0 1.0 1.0 1.0 1.0 1.0
1.0 1.0 1.0 1.0 1.0 1.0 1.0 1.0 1.0 1.0 1.0 1.0 1.0 1.0 1.0 1.0
1.0 1.0 1.0 1.0 1.0 1.0 1.0 1.0 1.0 1.0 1.0 1.0 1.0 1.0 1.0 1.0
1.0 1.0 1.0 1.0 1.0 1.0 1.0 1.0 1.0 1.0 1.0 1.0 1.0 1.0 1.0 1.0
1.0 1.0 1.0 1.0 1.0 1.0 1.0 1.0 1.0 1.0 1.0 1.0 1.0 1.0 1.0 1.0
1.0 1.0 1.0 1.0 1.0 1.0 1.0 1.0 1.0 1.0 1.0 1.0 1.0 1.0 1.0 1.0
1.0 1.0 1.0 1.0 1.0 1.0 1.0 1.0 1.0 1.0 1.0 1.0 1.0 1.0 1.0 1.0
1.0 1.0 1.0 1.0 1.0 1.0 1.0 1.0 1.0 1.0 1.0 1.0 1.0 1.0 1.0 1.0
1.0 1.0 1.0 1.0 1.0 1.0 1.0 1.0 1.0 1.0 1.0 1.0 1.0 1.0 1.0 1.0
1.0 1.0 1.0 1.0 1.0 1.0 1.0 1.0 1.0 1.0 1.0 1.0 1.0 1.0 1.0 1.0
1.0 1.0 1.0 1.0 1.0 1.0 1.0 1.0 1.0 1.0 1.0 1.0 1.0 1.0 1.0 1.0
1.0 1.0 1.0 1.0 1.0 1.0 1.0 1.0 1.0 1.0 1.0 1.0 1.0 1.0 1.0 1.0
1.0 1.0 1.0 1.0 1.0 1.0 1.0 1.0 1.0 1.0 1.0 1.0 1.0 1.0 1.0 1.0
1.0 1.0 1.0 1.0 1.0 1.0 1.0 1.0 1.0 1.0 1.0 1.0 1.0 1.0 1.0 1.0
1.0 1.0 1.0 1.0 1.0 1.0 1.0 1.0 1.0 1.0 1.0 1.0 1.0 1.0 1.0 1.0
1.0 1.0 1.0 1.0 1.0 1.0 1.0 1.0 1.0 1.0 1.0 1.0 1.0 1.0 1.0 1.0
1.0 1.0 1.0 1.0 1.0 1.0 1.0 1.0 1.0 1.0 1.0 1.0 1.0 1.0 1.0 1.0
1.0 1.0 1.0 1.0 1.0 1.0 1.0 1.0 1.0 1.0 1.0 1.0 1.0 1.0 1.0 1.0
1.0 1.0 1.0 1.0 1.0 1.0 1.0 1.0 1.0 1.0 1.0 1.0 1.0 1.0 1.0 1.0
1.0 1.0 1.0 1.0 1.0 1.0 1.0 1.0 1.0 1.0 1.0 1.0 1.0 1.0 1.0 1.0
1.0 1.0 1.0 1.0 1.0 1.0 1.0 1.0 1.0 1.0 1.0 1.0 1.0 1.0 1.0 1.0
1.0 1.0 1.0 1.0 1.0 1.0 1.0 1.0 1.0 1.0 1.0 1.0 1.0 1.0 1.0 1.0
1.0 1.0 1.0 1.0 1.0 1.0 1.0 1.0 1.0 1.0 1.0 1.0 1.0 1.0 1.0 1.0
1.0 1.0 1.0 1.0 1.0 1.0 1.0 1.0 1.0 1.0 1.0 1.0 1.0 1.0 1.0 1.0
1.0 1.0 1.0 1.0 1.0 1.0 1.0 1.0 1.0 1.0 1.0 1.0 1.0 1.0 1.0 1.0
1.0 1.0 1.0 1.0 1.0 1.0 1.0 1.0 1.0 1.0 1.0 1.0 1.0 1.0 1.0 1.0
1.0 1.0 1.0 1.0 1.0 1.0 1.0 1.0 1.0 1.0 1.0 1.0 1.0 1.0 1.0 1.0
1.0 1.0 1.0 1.0 1.0 1.0 1.0 1.0 1.0 1.0 1.0 1.0 1.0 1.0 1.0 1.0
1.0 1.0 1.0 1.0 1.0 1.0 1.0 1.0 1.0 1.0 1.0 1.0 1.0 1.0 1.0 1.0
1.0 1.0 1.0 1.0 1.0 1.0 1.0 1.0 1.0 1.0 1.0 1.0 1.0 1.0 1.0 1.0
1.0 1.0 1.0 1.0 1.0 1.0 1.0 1.0 1.0 1.0 1.0 1.0 1.0 1.0 1.0 1.0
1.0 1.0 1.0 1.0 1.0 1.0 1.0 1.0 1.0 1.0 1.0 1.0 1.0 1.0 1.0 1.0
1.0 1.0 1.0 1.0 1.0 1.0 1.0 1.0 1.0 1.0 1.0 1.0 1.0 1.0 1.0 1.0
1.0 1.0 1.0 1.0 1.0 1.0 1.0 1.0 1.0 1.0 1.0 1.0 1.0 1.0 1.0 1.0
1.0 1.0 1.0 1.0 1.0 1.0 1.0 1.0 1.0 1.0 1.0 1.0 1.0 1.0 1.0 1.0
1.0 1.0 1.0 1.0 1.0 1.0 1.0 1.0 1.0 1.0 1.0 1.0 1.0 1.0 1.0 1.0
1.0 1.0 1.0 1.0 1.0 1.0 1.0 1.0 1.0 1.0 1.0 1.0 1.0 1.0 1.0 1.0
1.0 1.0 1.0 1.0 1.0 1.0 1.0 1.0 1.0 1.0 1.0 1.0 1.0 1.0 1.0 1.0
1.0 1.0 1.0 1.0 1.0 1.0 1.0 1.0 1.0 1.0 1.0 1.0 1.0 1.0 1.0 1.0
1.0 1.0 1.0 1.0 1.0 1.0 1.0 1.0 1.0 1.0 1.0 1.0 1.0 1.0 1.0 1.0
1.0 1.0 1.0 1.0 1.0 1.0 1.0 1.0 1.0 1.0 1.0 1.0 1.0 1.0 1.0 1.0
1.0 1.0 1.0 1.0 1.0 1.0 1.0 1.0 1.0 1.0 1.0 1.0 1.0 1.0 1.0 1.0
1.0 1.0 1.0 1.0 1.0 1.0 1.0 1.0 1.0 1.0 1.0 1.0 1.0 1.0 1.0 1.0
1.0 1.0 1.0 1.0 1.0 1.0 1.0 1.0 1.0 1.0 1.0 1.0 1.0 1.0 1.0 1.0
1.0 1.0 1.0 1.0 1.0 1.0 1.0 1.0 1.0 1.0 1.0 1.0 1.0 1.0 1.0 1.0
1.0 1.0 1.0 1.0 1.0 1.0 1.0 1.0 1.0 1.0 1.0 1.0 1.0 1.0 1.0 1.0
1.0 1.0 1.0 1.0 1.0 1.0 1.0 1.0 1.0 1.0 1.0 1.0 1.0 1.0 1.0 1.0
1.0 1.0 1.0 1.0 1.0 1.0 1.0 1.0 1.0 1.0 1.0 1.0 1.0 1.0 1.0 1.0
1.0 1.0 1.0 1.0 1.0 1.0 1.0 1.0 1.0 1.0 1.0 1.0 1.0 1.0 1.0 1.0
1.0 1.0 1.0 1.0 1.0 1.0 1.0 1.0 1.0 1.0 1.0 1.0 1.0 1.0 1.0 1.0
1.0 1.0 1.0 1.0 1.0 1.0 1.0 1.0 1.0 1.0 1.0 1.0 1.0 1.0 1.0 1.0
1.0 1.0 1.0 1.0 1.0 1.0 1.0 1.0 1.0 1.0 1.0 1.0 1.0 1.0 1.0 1.0
1.0 1.0 1.0 1.0 1.0 1.0 1.0 1.0 1.0 1.0 1.0 1.0 1.0 1.0 1.0 1.0
1.0 1.0 1.0 1.0 1.0 1.0 1.0 1.0 1.0 1.0 1.0 1.0 1.0 1.0 1.0 1.0
1.0 1.0 1.0 1.0 1.0 1.0 1.0 1.0 1.0 1.0 1.0 1.0 1.0 1.0 1.0 1.0
1.0 1.0 1.0 1.0 1.0 1.0 1.0 1.0 1.0 1.0 1.0 1.0 1.0 1.0 1.0 1.0
1.0 1.0 1.0 1.0 1.0 1.0 1.0 1.0 1.0 1.0 1.0 1.0 1.0 1.0 1.0 1.0
1.0 1.0 1.0 1.0 1.0 1.0 1.0 1.0 1.0 1.0 1.0 1.0 1.0 1.0 1.0 1.0
1.0 1.0 1.0 1.0 1.0 1.0 1.0 1.0 1.0 1.0 1.0 1.0 1.0 1.0 1.0 1.0
1.0 1.0 1.0 1.0 1.0 1.0 1.0 1.0 1.0 1.0 1.0 1.0 1.0 1.0 1.0 1.0
1.0 1.0 1.0 1.0 1.0 1.0 1.0 1.0 1.0 1.0 1.0 1.0 1.0 1.0 1.0 1.0
1.0 1.0 1.0 1.0 1.0 1.0 1.0 1.0 1.0 1.0 1.0 1.0 1.0 1.0 1.0 1.0
1.0 1.0 1.0 1.0 1.0 1.0 1.0 1.0 1.0 1.0 1.0 1.0 1.0 1.0 1.0 1.0
1.0 1.0 1.0 1.0 1.0 1.0 1.0 1.0 1.0 1.0 1.0 1.0 1.0 1.0 1.0 1.0
1.0 1.0 1.0 1.0 1.0 1.0 1.0 1.0 1.0 1.0 1.0 1.0 1.0 1.0 1.0 1.0
1.0 1.0 1.0 1.0 1.0 1.0 1.0 1.0 1.0 1.0 1.0 1.0 1.0 1.0 1.0 1.0
1.0 1.0 1.0 1.0 1.0 1.0 1.0 1.0 1.0 1.0 1.0 1.0 1.0 1.0 1.0 1.0
1.0 1.0 1.0 1.0 1.0 1.0 1.0 1.0 1.0 1.0 1.0 1.0 1.0 1.0 1.0 1.0
1.0 1.0 1.0 1.0 1.0 1.0 1.0 1.0 1.0 1.0 1.0 1.0 1.0 1.0 1.0 1.0
1.0 1.0 1.0 1.0 1.0 1.0 1.0 1.0 1.0 1.0 1.0 1.0 1.0 1.0 1.0 1.0
1.0 1.0 1.0 1.0 1.0 1.0 1.0 1.0 1.0 1.0 1.0 1.0 1.0 1.0 1.0 1.0
1.0 1.0 1.0 1.0 1.0 1.0 1.0 1.0 1.0 1.0 1.0 1.0 1.0 1.0 1.0 1.0
1.0 1.0 1.0 1.0 1.0 1.0 1.0 1.0 1.0 1.0 1.0 1.0 1.0 1.0 1.0 1.0
1.0 1.0 1.0 1.0 1.0 1.0 1.0 1.0 1.0 1.0 1.0 1.0 1.0 1.0 1.0 1.0
1.0 1.0 1.0 1.0 1.0 1.0 1.0 1.0 1.0 1.0 1.0 1.0 1.0 1.0 1.0 1.0
1.0 1.0 1.0 1.0 1.0 1.0 1.0 1.0 1.0 1.0 1.0 1.0 1.0 1.0 1.0 1.0
1.0 1.0 1.0 1.0 1.0 1.0 1.0 1.0 1.0 1.0 1.0 1.0 1.0 1.0 1.0 1.0
1.0 1.0 1.0 1.0 1.0 1.0 1.0 1.0 1.0 1.0 1.0 1.0 1.0 1.0 1.0 1.0
1.0 1.0 1.0 1.0 1.0 1.0 1.0 1.0 1.0 1.0 1.0 1.0 1.0 1.0 1.0 1.0
1.0 1.0 1.0 1.0 1.0 1.0 1.0 1.0 1.0 1.0 1.0 1.0 1.0 1.0 1.0 1.0
1.0 1.0 1.0 1.0 1.0 1.0 1.0 1.0 1.0 1.0 1.0 1.0 1.0 1.0 1.0 1.0
1.0 1.0 1.0 1.0 1.0 1.0 1.0 1.0 1.0 1.0 1.0 1.0 1.0 1.0 1.0 1.0
1.0 1.0 1.0 1.0 1.0 1.0 1.0 1.0 1.0 1.0 1.0 1.0 1.0 1.0 1.0 1.0
1.0 1.0 1.0 1.0 1.0 1.0 1.0 1.0 1.0 1.0 1.0 1.0 1.0 1.0 1.0 1.0
1.0 1.0 1.0 1.0 1.0 1.0 1.0 1.0 1.0 1.0 1.0 1.0 1.0 1.0 1.0 1.0
1.0 1.0 1.0 1.0 1.0 1.0 1.0 1.0 1.0 1.0 1.0 1.0 1.0 1.0 1.0 1.0
1.0 1.0 1.0 1.0 1.0 1.0 1.0 1.0 1.0 1.0 1.0 1.0 1.0 1.0 1.0 1.0
1.0 1.0 1.0 1.0 1.0 1.0 1.0 1.0 1.0 1.0 1.0 1.0 1.0 1.0 1.0 1.0
1.0 1.0 1.0 1.0 1.0 1.0 1.0 1.0 1.0 1.0 1.0 1.0 1.0 1.0 1.0 1.0
1.0 1.0 1.0 1.0 1.0 1.0 1.0 1.0 1.0 1.0 1.0 1.0 1.0 1.0 1.0 1.0
1.0 1.0 1.0 1.0 1.0 1.0 1.0 1.0 1.0 1.0 1.0 1.0 1.0 1.0 1.0 1.0
1.0 1.0 1.0 1.0 1.0 1.0 1.0 1.0 1.0 1.0 1.0 1.0 1.0 1.0 1.0 1.0
1.0 1.0 1.0 1.0 1.0 1.0 1.0 1.0 1.0 1.0 1.0 1.0 1.0 1.0 1.0 1.0
1.0 1.0 1.0 1.0 1.0 1.0 1.0 1.0 1.0 1.0 1.0 1.0 1.0 1.0 1.0 1.0
1.0 1.0 1.0 1.0 1.0 1.0 1.0 1.0 1.0 1.0 1.0 1.0 1.0 1.0 1.0 1.0
1.0 1.0 1.0 1.0 1.0 1.0 1.0 1.0 1.0 1.0 1.0 1.0 1.0 1.0 1.0 1.0
1.0 1.0 1.0 1.0 1.0 1.0 1.0 1.0 1.0 1.0 1.0 1.0 1.0 1.0 1.0 1.0
1.0 1.0 1.0 1.0 1.0 1.0 1.0 1.0 1.0 1.0 1.0 1.0 1.0 1.0 1.0 1.0
1.0 1.0 1.0 1.0 1.0 1.0 1.0 1.0 1.0 1.0 1.0 1.0 1.0 1.0 1.0 1.0
1.0 1.0 1.0 1.0 1.0 1.0 1.0 1.0 1.0 1.0 1.0 1.0 1.0 1.0 1.0 1.0
1.0 1.0 1.0 1.0 1.0 1.0 1.0 1.0 1.0 1.0 1.0 1.0 1.0 1.0 1.0 1.0
1.0 1.0 1.0 1.0 1.0 1.0 1.0 1.0 1.0 1.0 1.0 1.0 1.0 1.0 1.0 1.0
1.0 1.0 1.0 1.0 1.0 1.0 1.0 1.0 1.0 1.0 1.0 1.0 1.0 1.0 1.0 1.0
1.0 1.0 1.0 1.0 1.0 1.0 1.0 1.0 1.0 1.0 1.0 1.0 1.0 1.0 1.0 1.0
1.0 1.0 1.0 1.0 1.0 1.0 1.0 1.0 1.0 1.0 1.0 1.0 1.0 1.0 1.0 1.0
1.0 1.0 1.0 1.0 1.0 1.0 1.0 1.0 1.0 1.0 1.0 1.0 1.0 1.0 1.0 1.0
1.0 1.0 1.0 1.0 1.0 1.0 1.0 1.0 1.0 1.0 1.0 1.0 1.0 1.0 1.0 1.0
1.0 1.0 1.0 1.0 1.0 1.0 1.0 1.0 1.0 1.0 1.0 1.0 1.0 1.0 1.0 1.0
1.0 1.0 1.0 1.0 1.0 1.0 1.0 1.0 1.0 1.0 1.0 1.0 1.0 1.0 1.0 1.0
1.0 1.0 1.0 1.0 1.0 1.0 1.0 1.0 1.0 1.0 1.0 1.0 1.0 1.0 1.0 1.0
1.0 1.0 1.0 1.0 1.0 1.0 1.0 1.0 1.0 1.0 1.0 1.0 1.0 1.0 1.0 1.0
1.0 1.0 1.0 1.0 1.0 1.0 1.0 1.0 1.0 1.0 1.0 1.0 1.0 1.0 1.0 1.0
1.0 1.0 1.0 1.0 1.0 1.0 1.0 1.0 1.0 1.0 1.0 1.0 1.0 1.0 1.0 1.0
1.0 1.0 1.0 1.0 1.0 1.0 1.0 1.0 1.0 1.0 1.0 1.0 1.0 1.0 1.0 1.0
1.0 1.0 1.0 1.0 1.0 1.0 1.0 1.0 1.0 1.0 1.0 1.0 1.0 1.0 1.0 1.0
1.0 1.0 1.0 1.0 1.0 1.0 1.0 1.0 1.0 1.0 1.0 1.0 1.0 1.0 1.0 1.0
1.0 1.0 1.0 1.0 1.0 1.0 1.0 1.0 1.0 1.0 1.0 1.0 1.0 1.0 1.0 1.0
1.0 1.0 1.0 1.0 1.0 1.0 1.0 1.0 1.0 1.0 1.0 1.0 1.0 1.0 1.0 1.0
1.0 1.0 1.0 1.0 1.0 1.0 1.0 1.0 1.0 1.0 1.0 1.0 1.0 1.0 1.0 1.0
1.0 1.0 1.0 1.0 1.0 1.0 1.0 1.0 1.0 1.0 1.0 1.0 1.0 1.0 1.0 1.0
1.0 1.0 1.0 1.0 1.0 1.0 1.0 1.0 1.0 1.0 1.0 1.0 1.0 1.0 1.0 1.0
1.0 1.0 1.0 1.0 1.0 1.0 1.0 1.0 1.0 1.0 1.0 1.0 1.0 1.0 1.0 1.0
1.0 1.0 1.0 1.0 1.0 1.0 1.0 1.0 1.0 1.0 1.0 1.0 1.0 1.0 1.0 1.0
1.0 1.0 1.0 1.0 1.0 1.0 1.0 1.0 1.0 1.0 1.0 1.0 1.0 1.0 1.0 1.0
1.0 1.0 1.0 1.0 1.0 1.0 1.0 1.0 1.0 1.0 1.0 1.0 1.0 1.0 1.0 1.0
1.0 1.0 1.0 1.0 1.0 1.0 1.0 1.0 1.0 1.0 1.0 1.0 1.0 1.0 1.0 1.0
1.0 1.0 1.0 1.0 1.0 1.0 1.0 1.0 1.0 1.0 1.0 1.0 1.0 1.0 1.0 1.0
1.0 1.0 1.0 1.0 1.0 1.0 1.0 1.0 1.0 1.0 1.0 1.0 1.0 1.0 1.0 1.0
1.0 1.0 1.0 1.0 1.0 1.0 1.0 1.0 1.0 1.0 1.0 1.0 1.0 1.0 1.0 1.0
1.0 1.0 1.0 1.0 1.0 1.0 1.0 1.0 1.0 1.0 1.0 1.0 1.0 1.0 1.0 1.0
1.0 1.0 1.0 1.0 1.0 1.0 1.0 1.0 1.0 1.0 1.0 1.0 1.0 1.0 1.0 1.0
1.0 1.0 1.0 1.0 1.0 1.0 1.0 1.0 1.0 1.0 1.0 1.0 1.0 1.0 1.0 1.0
1.0 1.0 1.0 1.0 1.0 1.0 1.0 1.0 1.0 1.0 1.0 1.0 1.0 1.0 1.0 1.0
1.0 1.0 1.0 1.0 1.0 1.0 1.0 1.0 1.0 1.0 1.0 1.0 1.0 1.0 1.0 1.0
1.0 1.0 1.0 1.0 1.0 1.0 1.0 1.0 1.0 1.0 1.0 1.0 1.0 1.0 1.0 1.0
1.0 1.0 1.0 1.0 1.0 1.0 1.0 1.0 1.0 1.0 1.0 1.0 1.0 1.0 1.0 1.0
1.0 1.0 1.0 1.0 1.0 1.0 1.0 1.0 1.0 1.0 1.0 1.0 1.0 1.0 1.0 1.0
1.0 1.0 1.0 1.0 1.0 1.0 1.0 1.0 1.0 1.0 1.0 1.0 1.0 1.0 1.0 1.0
1.0 1.0 1.0 1.0 1.0 1.0 1.0 1.0 1.0 1.0 1.0 1.0 1.0 1.0 1.0 1.0
1.0 1.0 1.0 1.0 1.0 1.0 1.0 1.0 1.0 1.0 1.0 1.0 1.0 1.0 1.0 1.0
1.0 1.0 1.0 1.0 1.0 1.0 1.0 1.0 1.0 1.0 1.0 1.0 1.0 1.0 1.0 1.0
1.0 1.0 1.0 1.0 1.0 1.0 1.0 1.0 1.0 1.0 1.0 1.0 1.0 1.0 1.0 1.0
1.0 1.0 1.0 1.0 1.0 1.0 1.0 1.0 1.0 1.0 1.0 1.0 1.0 1.0 1.0 1.0
1.0 1.0 1.0 1.0 1.0 1.0 1.0 1.0 1.0 1.0 1.0 1.0 1.0 1.0 1.0 1.0
1.0 1.0 1.0 1.0 1.0 1.0 1.0 1.0 1.0 1.0 1.0 1.0 1.0 1.0 1.0 1.0
1.0 1.0 1.0 1.0 1.0 1.0 1.0 1.0 1.0 1.0 1.0 1.0 1.0 1.0 1.0 1.0
1.0 1.0 1.0 1.0 1.0 1.0 1.0 1.0 1.0 1.0 1.0 1.0 1.0 1.0 1.0 1.0
1.0 1.0 1.0 1.0 1.0 1.0 1.0 1.0 1.0 1.0 1.0 1.0 1.0 1.0 1.0 1.0
1.0 1.0 1.0 1.0 1.0 1.0 1.0 1.0 1.0 1.0 1.0 1.0 1.0 1.0 1.0 1.0
1.0 1.0 1.0 1.0 1.0 1.0 1.0 1.0 1.0 1.0 1.0 1.0 1.0 1.0 1.0 1.0
1.0 1.0 1.0 1.0 1.0 1.0 1.0 1.0 1.0 1.0 1.0 1.0 1.0 1.0 1.0 1.0
1.0 1.0 1.0 1.0 1.0 1.0 1.0 1.0 1.0 1.0 1.0 1.0 1.0 1.0 1.0 1.0
1.0 1.0 1.0 1.0 1.0 1.0 1.0 1.0 1.0 1.0 1.0 1.0 1.0 1.0 1.0 1.0
1.0 1.0 1.0 1.0 1.0 1.0 1.0 1.0 1.0 1.0 1.0 1.0 1.0 1.0 1.0 1.0
1.0 1.0 1.0 1.0 1.0 1.0 1.0 1.0 1.0 1.0 1.0 1.0 1.0 1.0 1.0 1.0
1.0 1.0 1.0 1.0 1.0 1.0 1.0 1.0 1.0 1.0 1.0 1.0 1.0 1.0 1.0 1.0
1.0 1.0 1.0 1.0 1.0 1.0 1.0 1.0 1.0 1.0 1.0 1.0 1.0 1.0 1.0 1.0
1.0 1.0 1.0 1.0 1.0 1.0 1.0 1.0 1.0 1.0 1.0 1.0 1.0 1.0 1.0 1.0
1.0 1.0 1.0 1.0 1.0 1.0 1.0 1.0 1.0 1.0 1.0 1.0 1.0 1.0 1.0 1.0
1.0 1.0 1.0 1.0 1.0 1.0 1.0 1.0 1.0 1.0 1.0 1.0 1.0 1.0 1.0 1.0
1.0 1.0 1.0 1.0 1.0 1.0 1.0 1.0 1.0 1.0 1.0 1.0 1.0 1.0 1.0 1.0
1.0 1.0 1.0 1.0 1.0 1.0 1.0 1.0 1.0 1.0 1.0 1.0 1.0 1.0 1.0 1.0
1.0 1.0 1.0 1.0 1.0 1.0 1.0 1.0 1.0 1.0 1.0 1.0 1.0 1.0 1.0 1.0
1.0 1.0 1.0 1.0 1.0 1.0 1.0 1.0 1.0 1.0 1.0 1.0 1.0 1.0 1.0 1.0
1.0 1.0 1.0 1.0 1.0 1.0 1.0 1.0 1.0 1.0 1.0 1.0 1.0 1.0 1.0 1.0
1.0 1.0 1.0 1.0 1.0 1.0 1.0 1.0 1.0 1.0 1.0 1.0 1.0 1.0 1.0 1.0
1.0 1.0 1.0 1.0 1.0 1.0 1.0 1.0 1.0 1.0 1.0 1.0 1.0 1.0 1.0 1.0
1.0 1.0 1.0 1.0 1.0 1.0 1.0 1.0 1.0 1.0 1.0 1.0 1.0 1.0 1.0 1.0
1.0 1.0 1.0 1.0 1.0 1.0 1.0 1.0 1.0 1.0 1.0 1.0 1.0 1.0 1.0 1.0
1.0 1.0 1.0 1.0 1.0 1.0 1.0 1.0 1.0 1.0 1.0 1.0 1.0 1.0 1.0 1.0
1.0 1.0 1.0 1.0 1.0 1.0 1.0 1.0 1.0 1.0 1.0 1.0 1.0 1.0 1.0 1.0
1.0 1.0 1.0 1.0 1.0 1.0 1.0 1.0 1.0 1.0 1.0 1.0 1.0 1.0 1.0 1.0
1.0 1.0 1.0 1.0 1.0 1.0 1.0 1.0 1.0 1.0 1.0 1.0 1.0 1.0 1.0 1.0
1.0 1.0 1.0 1.0 1.0 1.0 1.0 1.0 1.0 1.0 1.0 1.0 1.0 1.0 1.0 1.0
1.0 1.0 1.0 1.0 1.0 1.0 1.0 1.0 1.0 1.0 1.0 1.0 1.0 1.0 1.0 1.0
1.0 1.0 1.0 1.0 1.0 1.0 1.0 1.0 1.0 1.0 1.0 1.0 1.0 1.0 1.0 1.0
1.0 1.0 1.0 1.0 1.0 1.0 1.0 1.0 1.0 1.0 1.0 1.0 1.0 1.0 1.0 1.0
1.0 1.0 1.0 1.0 1.0 1.0 1.0 1.0 1.0 1.0 1.0 1.0 1.0 1.0 1.0 1.0
1.0 1.0 1.0 1.0 1.0 1.0 1.0 1.0 1.0 1.0 1.0 1.0 1.0 1.0 1.0 1.0
1.0 1.0 1.0 1.0 1.0 1.0 1.0 1.0 1.0 1.0 1.0 1.0 1.0 1.0 1.0 1.0
1.0 1.0 1.0 1.0 1.0 1.0 1.0 1.0 1.0 1.0 1.0 1.0 1.0 1.0 1.0 1.0
1.0 1.0 1.0 1.0 1.0 1.0 1.0 1.0 1.0 1.0 1.0 1.0 1.0 1.0 1.0 1.0
1.0 1.0 1.0 1.0 1.0 1.0 1.0 1.0 1.0 1.0 1.0 1.0 1.0 1.0 1.0 1.0
1.0 1.0 1.0 1.0 1.0 1.0 1.0 1.0 1.0 1.0 1.0 1.0 1.0 1.0 1.0 1.0
1.0 1.0 1.0 1.0 1.0 1.0 1.0 1.0 1.0 1.0 1.0 1.0 1.0 1.0 1.0 1.0
1.0 1.0 1.0 1.0 1.0 1.0 1.0 1.0 1.0 1.0 1.0 1.0 1.0 1.0 1.0 1.0
1.0 1.0 1.0 1.0 1.0 1.0 1.0 1.0 1.0 1.0 1.0 1.0 1.0 1.0 1.0 1.0
1.0 1.0 1.0 1.0 1.0 1.0 1.0 1.0 1.0 1.0 1.0 1.0 1.0 1.0 1.0 1.0
1.0 1.0 1.0 1.0 1.0 1.0 1.0 1.0 1.0 1.0 1.0 1.0 1.0 1.0 1.0 1.0
1.0 1.0 1.0 1.0 1.0 1.0 1.0 1.0 1.0 1.0 1.0 1.0 1.0 1.0 1.0 1.0
1.0 1.0 1.0 1.0 1.0 1.0 1.0 1.0 1.0 1.0 1.0 1.0 1.0 1.0 1.0 1.0
1.0 1.0 1.0 1.0 1.0 1.0 1.0 1.0 1.0 1.0 1.0 1.0 1.0 1.0 1.0 1.0
1.0 1.0 1.0 1.0 1.0 1.0 1.0 1.0 1.0 1.0 1.0 1.0 1.0 1.0 1.0 1.0
1.0 1.0 1.0 1.0 1.0 1.0 1.0 1.0 1.0 1.0 1.0 1.0 1.0 1.0 1.0 1.0
1.0 1.0 1.0 1.0 1.0 1.0 1.0 1.0 1.0 1.0 1.0 1.0 1.0 1.0 1.0 1.0
1.0 1.0 1.0 1.0 1.0 1.0 1.0 1.0 1.0 1.0 1.0 1.0 1.0 1.0 1.0 1.0
1.0 1.0 1.0 1.0 1.0 1.0 1.0 1.0 1.0 1.0 1.0 1.0 1.0 1.0 1.0 1.0
1.0 1.0 1.0 1.0 1.0 1.0 1.0 1.0 1.0 1.0 1.0 1.0 1.0 1.0 1.0 1.0
1.0 1.0 1.0 1.0 1.0 1.0 1.0 1.0 1.0 1.0 1.0 1.0 1.0 1.0 1.0 1.0
1.0 1.0 1.0 1.0 1.0 1.0 1.0 1.0 1.0 1.0 1.0 1.0 1.0 1.0 1.0 1.0
1.0 1.0 1.0 1.0 1.0 1.0 1.0 1.0 1.0 1.0 1.0 1.0 1.0 1.0 1.0 1.0
1.0 1.0 1.0 1.0 1.0 1.0 1.0 1.0 1.0 1.0 1.0 1.0 1.0 1.0 1.0 1.0
1.0 1.0 1.0 1.0 1.0 1.0 1.0 1.0 1.0 1.0 1.0 1.0 1.0 1.0 1.0 1.0
1.0 1.0 1.0 1.0 1.0 1.0 1.0 1.0 1.0 1.0 1.0 1.0 1.0 1.0 1.0 1.0
1.0 1.0 1.0 1.0 1.0 1.0 1.0 1.0 1.0 1.0 1.0 1.0 1.0 1.0 1.0 1.0
1.0 1.0 1.0 1.0 1.0 1.0 1.0 1.0 1.0 1.0 1.0 1.0 1.0 1.0 1.0 1.0
1.0 1.0 1.0 1.0 1.0 1.0 1.0 1.0 1.0 1.0 1.0 1.0 1.0 1.0 1.0 1.0
1.0 1.0 1.0 1.0 1.0 1.0 1.0 1.0 1.0 1.0 1.0 1.0 1.0 1.0 1.0 1.0
1.0 1.0 1.0 1.0 1.0 1.0 1.0 1.0 1.0 1.0 1.0 1.0 1.0 1.0 1.0 1.0
1.0 1.0 1.0 1.0 1.0 1.0 1.0 1.0 1.0 1.0 1.0 1.0 1.0 1.0 1.0 1.0
1.0 1.0 1.0 1.0 1.0 1.0 1.0 1.0 1.0 1.0 1.0 1.0 1.0 1.0 1.0 1.0
1.0 1.0 1.0 1.0 1.0 1.0 1.0 1.0 1.0 1.0 1.0 1.0 1.0 1.0 1.0 1.0
1.0 1.0 1.0 1.0 1.0 1.0 1.0 1.0 1.0 1.0 1.0 1.0 1.0 1.0 1.0 1.0
1.0 1.0 1.0 1.0 1.0 1.0 1.0 1.0 1.0 1.0 1.0 1.0 1.0 1.0 1.0 1.0
1.0 1.0 1.0 1.0 1.0 1.0 1.0 1.0 1.0 1.0 1.0 1.0 1.0 1.0 1.0 1.0
1.0 1.0 1.0 1.0 1.0 1.0 1.0 1.0 1.0 1.0 1.0 1.0 1.0 1.0 1.0 1.0
1.0 1.0 1.0 1.0 1.0 1.0 1.0 1.0 1.0 1.0 1.0 1.0 1.0 1.0 1.0 1.0
1.0 1.0 1.0 1.0 1.0 1.0 1.0 1.0 1.0 1.0 1.0 1.0 1.0 1.0 1.0 1.0
1.0 1.0 1.0 1.0 1.0 1.0 1.0 1.0 1.0 1.0 1.0 1.0 1.0 1.0 1.0 1.0
1.0 1.0 1.0 1.0 1.0 1.0 1.0 1.0 1.0 1.0 1.0 1.0 1.0 1.0 1.0 1.0
1.0 1.0 1.0 1.0 1.0 1.0 1.0 1.0 1.0 1.0 1.0 1.0 1.0 1.0 1.0 1.0
1.0 1.0 1.0 1.0 1.0 1.0 1.0 1.0 1.0 1.0 1.0 1.0 1.0 1.0 1.0 1.0
1.0 1.0 1.0 1.0 1.0 1.0 1.0 1.0 1.0 1.0 1.0 1.0 1.0 1.0 1.0 1.0
1.0 1.0 1.0 1.0 1.0 1.0 1.0 1.0 1.0 1.0 1.0 1.0 1.0 1.0 1.0 1.0
1.0 1.0 1.0 1.0 1.0 1.0 1.0 1.0 1.0 1.0 1.0 1.0 1.0 1.0 1.0 1.0
1.0 1.0 1.0 1.0 1.0 1.0 1.0 1.0 1.0 1.0 1.0 1.0 1.0 1.0 1.0 1.0
1.0 1.0 1.0 1.0 1.0 1.0 1.0 1.0 1.0 1.0 1.0 1.0 1.0 1.0 1.0 1.0
1.0 1.0 1.0 1.0 1.0 1.0 1.0 1.0 1.0 1.0 1.0 1.0 1.0 1.0 1.0 1.0
1.0 1.0 1.0 1.0 1.0 1.0 1.0 1.0 1.0 1.0 1.0 1.0 1.0 1.0 1.0 1.0
1.0 1.0 1.0 1.0 1.0 1.0 1.0 1.0 1.0 1.0 1.0 1.0 1.0 1.0 1.0 1.0
1.0 1.0 1.0 1.0 1.0 1.0 1.0 1.0 1.0 1.0 1.0 1.0 1.0 1.0 1.0 1.0
1.0 1.0 1.0 1.0 1.0 1.0 1.0 1.0 1.0 1.0 1.0 1.0 1.0 1.0 1.0 1.0
1.0 1.0 1.0 1.0 1.0 1.0 1.0 1.0 1.0 1.0 1.0 1.0 1.0 1.0 1.0 1.0
1.0 1.0 1.0 1.0 1.0 1.0 1.0 1.0 1.0 1.0 1.0 1.0 1.0 1.0 1.0 1.0
1.0 1.0 1.0 1.0 1.0 1.0 1.0 1.0 1.0 1.0 1.0 1.0 1.0 1.0 1.0 1.0
1.0 1.0 1.0 1.0 1.0 1.0 1.0 1.0 1.0 1.0 1.0 1.0 1.0 1.0 1.0 1.0
1.0 1.0 1.0 1.0 1.0 1.0 1.0 1.0 1.0 1.0 1.0 1.0 1.0 1.0 1.0 1.0
1.0 1.0 1.0 1.0 1.0 1.0 1.0 1.0 1.0 1.0 1.0 1.0 1.0 1.0 1.0 1.0
1.0 1.0 1.0 1.0 1.0 1.0 1.0 1.0 1.0 1.0 1.0 1.0 1.0 1.0 1.0 1.0
1.0 1.0 1.0 1.0 1.0 1.0 1.0 1.0 1.0 1.0 1.0 1.0 1.0 1.0 1.0 1.0
1.0 1.0 1.0 1.0 1.0 1.0 1.0 1.0 1.0 1.0 1.0 1.0 1.0 1.0 1.0 1.0
1.0 1.0 1.0 1.0 1.0 1.0 1.0 1.0 1.0 1.0 1.0 1.0 1.0 1.0 1.0 1.0
1.0 1.0 1.0 1.0 1.0 1.0 1.0 1.0 1.0 1.0 1.0 1.0 1.0 1.0 1.0 1.0
1.0 1.0 1.0 1.0 1.0 1.0 1.0 1.0 1.0 1.0 1.0 1.0 1.0 1.0 1.0 1.0
1.0 1.0 1.0 1.0 1.0 1.0 1.0 1.0 1.0 1.0 1.0 1.0 1.0 1.0 1.0 1.0
1.0 1.0 1.0 1.0 1.0 1.0 1.0 1.0 1.0 1.0 1.0 1.0 1.0 1.0 1.0 1.0
1.0 1.0 1.0 1.0 1.0 1.0 1.0 1.0 1.0 1.0 1.0 1.0 1.0 1.0 1.0 1.0
1.0 1.0000001 1.0 1.0 1.0 1.0 1.0 1.0 1.0 1.0 1.0 1.0 1.0 1.0 1.0 1.0
1.0 1.0 1.0 1.0 1.0 1.0 1.0 1.0 1.0 1.0 1.0 1.0 1.0 1.0 1.0 1.0
1.0 1.0 1.0 1.0 1.0 1.0 1.0 1.0 1.0 1.0 1.0 1.0 1.0 1.0 1.0 1.0
1.0 1.0 1.0 1.0 1.0 1.0 1.0 1.0 1.0 1.0 1.0 1.0 1.0 1.0 1.0 1.0
1.0 1.0 1.0 1.0 1.0 1.0 1.0 1.0 1.0 1.0 1.0 1.0 1.0 1.0 1.0 1.0
1.0 1.0 1.0 1.0 1.0 1.0 1.0 1.0 1.0 1.0 1.0 1.0 1.0 1.0 1.0 1.0
1.0 1.0 1.0 1.0 1.0 1.0 1.0 1.0 1.0 1.0000001 1.0 1.0 1.0 1.0 1.0 1.0
1.0 1.0000001 1.0 1.0 1.0 1.0 1.0 1.0 1.0 1.0000002 1.0 1.0 1.0 1.0 1.0 1.0
1.0 1.0000002 1.0 1.0 1.0 1.0 1.0 1.0 1.0000001 1.0000001 1.0 1.0 1.0 1.0 1.0 1.0
1.0 1.0000002 1.0 1.0 1.0 1.0 1.0 1.0 1.0000002 1.0 1.0 1.0 1.0 1.0 1.0 1.0
1.0 1.0 1.0 1.0 1.0 1.0 1.0 1.0 1.0 1.0 1.0 1.0 1.0 1.0 1.0 1.0
1.0 1.0 1.0 1.0 1.0 1.0 1.0 1.0 1.0 1.0 1.0 1.0 1.0 1.0 1.0 1.0
1.0 1.0 1.0 1.0 1.0 1.0 1.0 1.0 1.0 1.0 1.0 1.0 1.0 1.0 1.0 1.0
1.0 1.0 1.0 1.0 1.0 1.0 1.0 1.0 1.0 1.0 1.0 1.0 1.0 1.0 1.0 1.0
1.0 1.0 1.0 1.0 1.0 1.0 1.0 1.0 1.0 1.0000001 1.0 1.0 1.0 1.0 1.0 1.0
1.0000001 1.0 1.0 1.0 1.0 1.0 1.0 1.0 1.0 1.0000002 1.0 1.0 1.0 1.0 1.0 1.0
1.0000002 1.0000002 1.0 1.0 1.0 1.0 1.0 1.0 1.0000001 1.0000001 1.0 1.0 1.0 1.0 1.0 1.0
1.0 1.0000001 1.0 1.0 1.0 1.0 1.0 1.0 1.0000002 1.0 1.0 1.0 1.0 1.0 1.0 1.0
1.0 1.0 1.0 1.0 1.0 1.0 1.0 1.0 1.0000001 1.0 1.0 1.0 1.0 1.0 1.0 1.0
1.0 1.0 1.0 1.0 1.0 1.0 1.0 1.0 1.0 1.0 1.0 1.0 1.0 1.0 1.0 1.0
1.0 1.0 1.0 1.0 1.0 1.0 1.0 1.0 1.0 1.0 1.0 1.0 1.0 1.0 1.0 1.0
1.0 1.0 1.0 1.0 1.0 1.0 1.0 1.0 1.0 1.0 1.0 1.0 1.0 1.0 1.0 1.0
1.0 1.0 1.0 1.0 1.0 1.0 1.0 1.0 1.0 1.0000001 1.0 1.0 1.0 1.0 1.0 1.0
1.0 1.0 1.0 1.0 1.0 1.0 1.0 1.0 1.0 1.0000002 1.0 1.0 1.0 1.0 1.0 1.0
1.0000002 1.0 1.0 1.0 1.0 1.0 1.0 1.0 1.0000001 1.0000001 1.0 1.0 1.0 1.0 1.0 1.0
1.0000001 1.0 1.0 1.0 1.0 1.0 1.0 1.0 1.0000001 1.0 1.0 1.0 1.0 1.0 1.0 1.0
1.0 1.0 1.0 1.0 1.0 1.0 1.0 1.0 1.0000001 1.0 1.0 1.0 1.0 1.0 1.0 1.0
1.0 1.0 1.0 1.0 1.0 1.0 1.0 1.0 1.0 1.0 1.0 1.0 1.0 1.0 1.0 1.0
1.0 1.0 1.0 1.0 1.0 1.0 1.0 1.0 1.0 1.0 1.0 1.0 1.0 1.0 1.0 1.0
1.0 1.0 1.0 1.0 1.0 1.0 1.0 1.0 1.0 1.0 1.0 1.0 1.0 1.0 1.0 1.0
1.0 1.0 1.0 1.0 1.0 1.0 1.0 1.0 1.0 1.0 1.0 1.0 1.0 1.0 1.0 1.0
1.0 1.0 1.0 1.0 1.0 1.0 1.0 1.0 1.0 1.0 1.0 1.0 1.0 1.0 1.0 1.0
1.0000001 1.0 1.0 1.0 1.0 1.0 1.0 1.0 1.0 1.0 1.0 1.0 1.0 1.0 1.0 1.0
1.0000001 1.0 1.0 1.0 1.0 1.0 1.0 1.0 1.0 1.0 1.0 1.0 1.0 1.0 1.0 1.0
1.0 1.0 1.0 1.0 1.0 1.0 1.0 1.0 1.0 1.0 1.0 1.0 1.0 1.0 1.0 1.0
1.0 1.0 1.0 1.0 1.0 1.0 1.0 1.0 1.0 1.0 1.0 1.0 1.0 1.0 1.0 1.0
1.0 1.0 1.0 1.0 1.0 1.0 1.0 1.0 1.0 1.0 1.0 1.0 1.0 1.0 1.0 1.0
1.0 1.0 1.0 1.0 1.0 1.0 1.0 1.0 1.0 1.0 1.0 1.0 1.0 1.0 1.0 1.0
1.0 1.0 1.0 1.0 1.0 1.0 1.0 1.0 1.0 1.0 1.0 1.0 1.0 1.0 1.0 1.0
1.0 1.0 1.0 1.0 1.0 1.0 1.0 1.0 1.0 1.0 1.0 1.0 1.0 1.0 1.0 1.0
1.0 1.0 1.0 1.0 1.0 1.0 1.0 1.0 1.0 1.0 1.0 1.0 1.0 1.0 1.0 1.0
1.0 1.0 1.0 1.0 1.0 1.0 1.0 1.0 1.0 1.0 1.0 1.0 1.0 1.0 1.0 1.0
1.0 1.0 1.0 1.0 1.0 1.0 1.0 1.0 1.0 1.0 1.0 1.0 1.0 1.0 1.0 1.0
1.0 1.0 1.0 1.0 1.0 1.0 1.0 1.0 1.0 1.0 1.0 1.0 1.0 1.0 1.0 1.0
1.0 1.0 1.0 1.0 1.0 1.0 1.0 1.0 1.0 1.0 1.0 1.0 1.0 1.0 1.0 1.0
1.0 1.0 1.0 1.0 1.0 1.0 1.0 1.0 1.0 1.0 1.0 1.0 1.0 1.0 1.0 1.0
1.0 1.0 1.0 1.0 1.0 1.0 1.0 1.0 1.0 1.0 1.0 1.0 1.0 1.0 1.0 1.0
1.0 1.0 1.0 1.0 1.0 1.0 1.0 1.0 1.0 1.0 1.0 1.0 1.0 1.0 1.0 1.0
1.0 1.0 1.0 1.0 1.0 1.0 1.0 1.0 1.0 1.0 1.0 1.0 1.0 1.0 1.0 1.0
1.0 1.0 1.0 1.0 1.0 1.0 1.0 1.0 1.0 1.0 1.0 1.0 1.0 1.0 1.0 1.0
1.0 1.0 1.0 1.0 1.0 1.0 1.0 1.0 1.0 1.0 1.0 1.0 1.0 1.0 1.0 1.0
1.0 1.0 1.0 1.0 1.0 1.0 1.0 1.0 1.0 1.0 1.0 1.0 1.0 1.0 1.0 1.0
1.0 1.0 1.0 1.0 1.0 1.0 1.0 1.0 1.0 1.0 1.0 1.0 1.0 1.0 1.0 1.0
1.0 1.0 1.0 1.0 1.0 1.0 1.0 1.0 1.0 1.0 1.0 1.0 1.0 1.0 1.0 1.0
1.0 1.0 1.0 1.0 1.0 1.0 1.0 1.0 1.0 1.0 1.0 1.0 1.0 1.0 1.0 1.0
1.0 1.0 1.0 1.0 1.0 1.0 1.0 1.0 1.0 1.0 1.0 1.0 1.0 1.0 1.0 1.0
1.0 1.0 1.0 1.0 1.0 1.0 1.0 1.0 1.0 1.0 1.0 1.0 1.0 1.0 1.0 1.0
1.0 1.0 1.0 1.0 1.0 1.0 1.0 1.0 1.0 1.0 1.0 1.0 1.0 1.0 1.0 1.0
1.0 1.0 1.0 1.0 1.0 1.0 1.0 1.0 1.0 1.0 1.0 1.0 1.0 1.0 1.0 1.0
1.0 1.0 1.0 1.0 1.0 1.0 1.0 1.0 1.0 1.0 1.0 1.0 1.0 1.0 1.0 1.0
1.0 1.0 1.0 1.0 1.0 1.0 1.0 1.0 1.0 1.0 1.0 1.0 1.0 1.0 1.0 1.0
1.0 1.0 1.0 1.0 1.0 1.0 1.0 1.0 1.0 1.0 1.0 1.0 1.0 1.0 1.0 1.0
1.0 1.0 1.0 1.0 1.0 1.0 1.0 1.0 1.0 1.0 1.0 1.0 1.0 1.0 1.0 1.0
1.0 1.0 1.0 1.0 1.0 1.0 1.0 1.0 1.0 1.0000002 1.0 1.0 1.0 1.0 1.0 1.0
1.0 1.0 1.0 1.0 1.0 1.0 1.0 1.0 1.0 1.0000002 1.0 1.0 1.0 1.0 1.0 1.0
1.0 1.0 1.0 1.0 1.0 1.0 1.0 1.0 1.0 1.0 1.0 1.0 1.0 1.0 1.0 1.0
1.0 1.0 1.0 1.0 1.0 1.0 1.0 1.0 1.0 1.0 1.0 1.0 1.0 1.0 1.0 1.0
1.0 1.0 1.0 1.0 1.0 1.0 1.0 1.0 1.0 1.0 1.0 1.0 1.0 1.0 1.0 1.0
1.0 1.0 1.0 1.0 1.0 1.0 1.0 1.0 1.0 1.0 1.0 1.0 1.0 1.0 1.0 1.0
1.0 1.0 1.0 1.0 1.0 1.0 1.0 1.0 1.0 1.0 1.0 1.0 1.0 1.0 1.0 1.0
1.0 1.0000001 1.0 1.0 1.0 1.0 1.0 1.0 1.0 1.0 1.0 1.0 1.0 1.0 1.0 1.0
1.0 1.0000002 1.0 1.0 1.0 1.0 1.0 1.0 1.0 1.0000002 1.0 1.0 1.0 1.0 1.0 1.0
1.0000002 1.0000001 1.0 1.0 1.0 1.0 1.0 1.0 1.0 1.0000001 1.0 1.0 1.0 1.0 1.0 1.0
1.0000002 1.0 1.0 1.0 1.0 1.0 1.0 1.0 1.0 1.0000001 1.0 1.0 1.0 1.0 1.0 1.0
1.0 1.0 1.0 1.0 1.0 1.0 1.0 1.0 1.0 1.0 1.0 1.0 1.0 1.0 1.0 1.0
1.0 1.0 1.0 1.0 1.0 1.0 1.0 1.0 1.0 1.0 1.0 1.0 1.0 1.0 1.0 1.0
1.0 1.0 1.0 1.0 1.0 1.0 1.0 1.0 1.0 1.0 1.0 1.0 1.0 1.0 1.0 1.0
1.0 1.0 1.0 1.0 1.0 1.0 1.0 1.0 1.0 1.0 1.0 1.0 1.0 1.0 1.0 1.0
1.0 1.0000001 1.0 1.0 1.0 1.0 1.0 1.0 1.0 1.0 1.0 1.0 1.0 1.0 1.0 1.0
1.0 1.0000002 1.0 1.0 1.0 1.0 1.0 1.0 1.0000002 1.0 1.0 1.0 1.0 1.0 1.0 1.0
1.0000002 1.0000001 1.0 1.0 1.0 1.0 1.0 1.0 1.0000002 1.0 1.0 1.0 1.0 1.0 1.0 1.0
1.0000002 1.0 1.0 1.0 1.0 1.0 1.0 1.0 1.0000001 1.0 1.0 1.0 1.0 1.0 1.0 1.0
1.0000001 1.0 1.0 1.0 1.0 1.0 1.0 1.0 1.0 1.0 1.0 1.0 1.0 1.0 1.0 1.0
1.0 1.0 1.0 1.0 1.0 1.0 1.0 1.0 1.0 1.0 1.0 1.0 1.0 1.0 1.0 1.0
1.0 1.0 1.0 1.0 1.0 1.0 1.0 1.0 1.0 1.0 1.0 1.0 1.0 1.0 1.0 1.0
1.0 1.0 1.0 1.0 1.0 1.0 1.0 1.0 1.0 1.0 1.0 1.0 1.0 1.0 1.0 1.0
1.0 1.0 1.0 1.0 1.0 1.0 1.0 1.0 1.0 1.0 1.0 1.0 1.0 1.0 1.0 1.0
1.0 1.0 1.0 1.0 1.0 1.0 1.0 1.0 1.0000002 1.0 1.0 1.0 1.0 1.0 1.0 1.0
1.0 1.0 1.0 1.0 1.0 1.0 1.0 1.0 1.0000002 1.0 1.0 1.0 1.0 1.0 1.0 1.0
1.0 1.0 1.0 1.0 1.0 1.0 1.0 1.0 1.0000001 1.0 1.0 1.0 1.0 1.0 1.0 1.0
1.0 1.0 1.0 1.0 1.0 1.0 1.0 1.0 1.0 1.0 1.0 1.0 1.0 1.0 1.0 1.0
1.0 1.0 1.0 1.0 1.0 1.0 1.0 1.0 1.0 1.0 1.0 1.0 1.0 1.0 1.0 1.0
1.0 1.0 1.0 1.0 1.0 1.0 1.0 1.0 1.0 1.0 1.0 1.0 1.0 1.0 1.0 1.0
1.0 1.0 1.0 1.0 1.0 1.0 1.0 1.0 1.0 1.0 1.0 1.0 1.0 1.0 1.0 1.0
1.0 1.0 1.0 1.0 1.0 1.0 1.0 1.0 1.0 1.0 1.0 1.0 1.0 1.0 1.0 1.0
1.0 1.0 1.0 1.0 1.0 1.0 1.0 1.0 1.0 1.0 1.0 1.0 1.0 1.0 1.0 1.0
1.0 1.0 1.0 1.0 1.0 1.0 1.0 1.0 1.0 1.0 1.0 1.0 1.0 1.0 1.0 1.0
1.0 1.0 1.0 1.0 1.0 1.0 1.0 1.0 1.0 1.0 1.0 1.0 1.0 1.0 1.0 1.0
1.0 1.0 1.0 1.0 1.0 1.0 1.0 1.0 1.0 1.0 1.0 1.0 1.0 1.0 1.0 1.0
1.0 1.0 1.0 1.0 1.0 1.0 1.0 1.0 1.0 1.0 1.0 1.0 1.0 1.0 1.0 1.0
1.0 1.0 1.0 1.0 1.0 1.0 1.0 1.0 1.0 1.0 1.0 1.0 1.0 1.0 1.0 1.0
1.0 1.0 1.0 1.0 1.0 1.0 1.0 1.0 1.0 1.0 1.0 1.0 1.0 1.0 1.0 1.0
1.0 1.0 1.0 1.0 1.0 1.0 1.0 1.0 1.0 1.0 1.0 1.0 1.0 1.0 1.0 1.0
1.0 1.0 1.0 1.0 1.0 1.0 1.0 1.0 1.0 1.0 1.0 1.0 1.0 1.0 1.0 1.0
1.0 1.0 1.0 1.0 1.0 1.0 1.0 1.0 1.0 1.0 1.0 1.0 1.0 1.0 1.0 1.0
1.0 1.0 1.0 1.0 1.0 1.0 1.0 1.0 1.0 1.0 1.0 1.0 1.0 1.0 1.0 1.0
1.0 1.0 1.0 1.0 1.0 1.0 1.0 1.0 1.0 1.0 1.0 1.0 1.0 1.0 1.0 1.0
1.0 1.0 1.0 1.0 1.0 1.0 1.0 1.0 1.0 1.0 1.0 1.0 1.0 1.0 1.0 1.0
1.0 1.0 1.0 1.0 1.0 1.0 1.0 1.0 1.0 1.0 1.0 1.0 1.0 1.0 1.0 1.0
1.0 1.0 1.0 1.0 1.0 1.0 1.0 1.0 1.0 1.0 1.0 1.0 1.0 1.0 1.0 1.0
1.0 1.0 1.0 1.0 1.0 1.0 1.0 1.0 1.0 1.0 1.0 1.0 1.0 1.0 1.0 1.0
1.0 1.0 1.0 1.0 1.0 1.0 1.0 1.0 1.0 1.0 1.0 1.0 1.0 1.0 1.0 1.0
1.0 1.0 1.0 1.0 1.0 1.0 1.0 1.0 1.0 1.0 1.0 1.0 1.0 1.0 1.0 1.0
1.0 1.0 1.0 1.0 1.0 1.0 1.0 1.0 1.0 1.0 1.0 1.0 1.0 1.0 1.0 1.0
1.0 1.0 1.0 1.0 1.0 1.0 1.0 1.0 1.0 1.0 1.0 1.0 1.0 1.0 1.0 1.0
1.0 1.0 1.0 1.0 1.0 1.0 1.0 1.0 1.0 1.0 1.0 1.0 1.0 1.0 1.0 1.0
1.0 1.0 1.0 1.0 1.0 1.0 1.0 1.0 1.0 1.0 1.0 1.0 1.0 1.0 1.0 1.0
1.0000001 1.0 1.0 1.0 1.0 1.0 1.0 1.0 1.0000001 1.0 1.0 1.0 1.0 1.0 1.0 1.0
1.000001 1.0 1.0 1.0 1.0 1.0 1.0 1.0 1.0 1.0000012 1.0 1.0 1.0 1.0 1.0 1.0
1.0000031 1.0000004 1.0 1.0 1.0 1.0 1.0 1.0 1.0000001 1.0000032 1.0 1.0 1.0 1.0 1.0 1.0
1.0000054 1.0000004 1.0 1.0 1.0 1.0 1.0 1.0 1.000002 1.0000032 1.0 1.0 1.0 1.0 1.0 1.0
1.0000042 1.0000002 1.0 1.0 1.0 1.0 1.0 1.0 1.0000036 1.0000006 1.0 1.0 1.0 1.0 1.0 1.0
1.0000018 1.0 1.0 1.0 1.0 1.0 1.0 1.0 1.0000017 1.0 1.0 1.0 1.0 1.0 1.0 1.0
1.0 1.0 1.0 1.0 1.0 1.0 1.0 1.0 1.0 0.99999994 1.0 1.0 1.0 1.0 1.0 1.0
1.0 0.99999994 1.0 1.0 1.0 1.0 1.0 1.0 1.0 1.0 1.0 1.0 1.0 1.0 1.0 1.0
1.0 1.0000013 1.0 1.0 1.0 1.0 1.0 1.0 1.0000007 1.0 1.0 1.0 1.0 1.0 1.0 1.0
1.0000001 1.0000036 1.0 1.0 1.0 1.0 1.0 1.0 1.0000001 1.0000033 1.0 1.0 1.0 1.0 1.0 1.0
1.0000012 1.0000079 1.0 1.0 1.0 1.0 1.0 1.0 1.0000013 1.000006 1.0 1.0 1.0 1.0 1.0 1.0
1.0000019 1.0000103 1.0 1.0 1.0 1.0 1.0 1.0 1.0000049 1.0000064 1.0 1.0 1.0 1.0 1.0 1.0
1.0000013 1.0000094 1.0 1.0 1.0 1.0 1.0 1.0 1.0000066 1.0000031 1.0 1.0 1.0 1.0 1.0 1.0
1.0000002 1.0000063 1.0 1.0 1.0 1.0 1.0 1.0 1.0000056 1.0000005 1.0 1.0 1.0 1.0 1.0 1.0
1.0 1.0000017 1.0 1.0 1.0 1.0 1.0 1.0 1.000002 1.0 1.0 1.0 1.0 1.0 1.0 1.0
1.0 1.0000007 1.0 1.0 1.0 1.0 1.0 1.0 1.0 1.0000001 1.0 1.0 1.0 1.0 1.0 1.0
1.0 1.0000033 1.0 1.0 1.0 1.0 1.0 1.0 1.0000038 1.0000005 1.0 1.0 1.0 1.0 1.0 1.0
1.0000012 1.0000072 1.0 1.0 1.0 1.0 1.0 1.0 1.0000012 1.0000081 1.0 1.0 1.0 1.0 1.0 1.0
1.0000046 1.0000112 1.0 1.0 1.0 1.0 1.0 1.0 1.0000046 1.0000118 1.0 1.0 1.0 1.0 1.0 1.0
1.0000062 1.0000159 1.0 1.0 1.0 1.0 1.0 1.0 1.0000093 1.0000119 1.0 1.0 1.0 1.0 1.0 1.0
1.0000052 1.0000151 1.0 1.0 1.0 1.0 1.0 1.0 1.0000123 1.0000077 1.0 1.0 1.0 1.0 1.0 1.0
1.000003 1.0000095 1.0 1.0 1.0 1.0 1.0 1.0 1.0000108 1.0000025 1.0 1.0 1.0 1.0 1.0 1.0
1.0000005 1.0000044 1.0 1.0 1.0 1.0 1.0 1.0 1.0000062 1.0000005 1.0 1.0 1.0 1.0 1.0 1.0
1.0 1.0000025 1.0 1.0 1.0 1.0 1.0 1.0 1.000002 1.000001 1.0 1.0 1.0 1.0 1.0 1.0
1.0000021 1.0000027 1.0 1.0 1.0 1.0 1.0 1.0 1.0000061 1.000001 1.0 1.0 1.0 1.0 1.0 1.0
1.0000054 1.0000069 1.0 1.0 1.0 1.0 1.0 1.0 1.0000025 1.0000104 1.0 1.0 1.0 1.0 1.0 1.0
1.0000098 1.0000122 1.0 1.0 1.0 1.0 1.0 1.0 1.0000072 1.0000161 1.0 1.0 1.0 1.0 1.0 1.0
1.000012 1.0000178 1.0 1.0 1.0 1.0 1.0 1.0 1.0000116 1.0000163 1.0 1.0 1.0 1.0 1.0 1.0
1.0000117 1.0000161 1.0 1.0 1.0 1.0 1.0 1.0 1.000017 1.0000098 1.0 1.0 1.0 1.0 1.0 1.0
1.0000076 1.0000098 1.0 1.0 1.0 1.0 1.0 1.0 1.0000153 1.0000043 1.0 1.0 1.0 1.0 1.0 1.0
1.0000035 1.000004 1.0 1.0 1.0 1.0 1.0 1.0 1.000008 1.0000011 1.0 1.0 1.0 1.0 1.0 1.0
1.0000017 1.0000025 1.0 1.0 1.0 1.0 1.0 1.0 1.0000031 1.0000017 1.0 1.0 1.0 1.0 1.0 1.0
1.0000033 1.0000004 1.0 1.0 1.0 1.0 1.0 1.0 1.0000052 1.0000006 1.0 1.0 1.0 1.0 1.0 1.0
1.0000076 1.0000033 1.0 1.0 1.0 1.0 1.0 1.0 1.0000014 1.0000097 1.0 1.0 1.0 1.0 1.0 1.0
1.000012 1.0000082 1.0 1.0 1.0 1.0 1.0 1.0 1.0000063 1.000016 1.0 1.0 1.0 1.0 1.0 1.0
1.000017 1.0000107 1.0 1.0 1.0 1.0 1.0 1.0 1.0000123 1.0000159 1.0 1.0 1.0 1.0 1.0 1.0
1.0000166 1.0000098 1.0 1.0 1.0 1.0 1.0 1.0 1.0000172 1.0000097 1.0 1.0 1.0 1.0 1.0 1.0
1.0000103 1.0000061 1.0 1.0 1.0 1.0 1.0 1.0 1.000015 1.0000036 1.0 1.0 1.0 1.0 1.0 1.0
1.0000048 1.0000011 1.0 1.0 1.0 1.0 1.0 1.0 1.0000074 1.0000006 1.0 1.0 1.0 1.0 1.0 1.0
1.0000027 1.0000002 1.0 1.0 1.0 1.0 1.0 1.0 1.0000024 1.0000007 1.0 1.0 1.0 1.0 1.0 1.0
1.0000015 1.0 1.0 1.0 1.0 1.0 1.0 1.0 1.000002 1.0 1.0 1.0 1.0 1.0 1.0 1.0
1.0000061 1.0000002 1.0 1.0 1.0 1.0 1.0 1.0 1.0000001 1.0000066 1.0 1.0 1.0 1.0 1.0 1.0
1.0000114 1.000002 1.0 1.0 1.0 1.0 1.0 1.0 1.0000029 1.00001 1.0 1.0 1.0 1.0 1.0 1.0
1.0000162 1.0000044 1.0 1.0 1.0 1.0 1.0 1.0 1.0000079 1.00001 1.0 1.0 1.0 1.0 1.0 1.0
1.0000149 1.0000039 1.0 1.0 1.0 1.0 1.0 1.0 1.0000108 1.0000063 1.0 1.0 1.0 1.0 1.0 1.0
1.0000091 1.0000014 1.0 1.0 1.0 1.0 1.0 1.0 1.0000088 1.0000012 1.0 1.0 1.0 1.0 1.0 1.0
1.0000033 1.0 1.0 1.0 1.0 1.0 1.0 1.0 1.0000046 1.0 1.0 1.0 1.0 1.0 1.0 1.0
1.0000013 1.0 1.0 1.0 1.0 1.0 1.0 1.0 1.0000006 1.0000001 1.0 1.0 1.0 1.0 1.0 1.0
1.0000001 1.0 1.0 1.0 1.0 1.0 1.0 1.0 1.0000001 1.0 1.0 1.0 1.0 1.0 1.0 1.0
1.0000019 1.0 1.0 1.0 1.0 1.0 1.0 1.0 1.0 1.0000015 1.0 1.0 1.0 1.0 1.0 1.0
1.0000066 1.0000005 1.0 1.0 1.0 1.0 1.0 1.0 1.0000001 1.0000044 1.0 1.0 1.0 1.0 1.0 1.0
1.0000088 1.0000007 1.0 1.0 1.0 1.0 1.0 1.0 1.0000025 1.0000042 1.0 1.0 1.0 1.0 1.0 1.0
1.0000068 1.0000004 1.0 1.0 1.0 1.0 1.0 1.0 1.0000048 1.0000013 1.0 1.0 1.0 1.0 1.0 1.0
1.0000044 1.0 1.0 1.0 1.0 1.0 1.0 1.0 1.0000035 1.0 1.0 1.0 1.0 1.0 1.0 1.0
1.0000002 1.0 1.0 1.0 1.0 1.0 1.0 1.0 1.0000002 1.0 1.0 1.0 1.0 1.0 1.0 1.0
1.0 1.0 1.0 1.0 1.0 1.0 1.0 1.0 1.0 1.0 1.0 1.0 1.0 1.0 1.0 1.0
1.0 1.0 1.0 1.0 1.0 1.0 1.0 1.0 1.0000001 0.99999994 1.0 1.0 1.0 1.0 1.0 1.0
1.0 1.0000001 1.0 1.0 1.0 1.0 1.0 1.0 1.0 1.0000007 1.0 1.0 1.0 1.0 1.0 1.0
1.0000014 1.0000006 1.0 1.0 1.0 1.0 1.0 1.0 1.0000001 1.0000023 1.0 1.0 1.0 1.0 1.0 1.0
1.0000032 1.0000012 1.0 1.0 1.0 1.0 1.0 1.0 1.0000011 1.0000018 1.0 1.0 1.0 1.0 1.0 1.0
1.0000025 1.0000005 1.0 1.0 1.0 1.0 1.0 1.0 1.0000023 1.0000001 1.0 1.0 1.0 1.0 1.0 1.0
1.0000007 1.0000002 1.0 1.0 1.0 1.0 1.0 1.0 1.000001 1.0 1.0 1.0 1.0 1.0 1.0 1.0
1.0 1.0 1.0 1.0 1.0 1.0 1.0 1.0 1.0 0.99999994 1.0 1.0 1.0 1.0 1.0 1.0
1.0 0.99999994 1.0 1.0 1.0 1.0 1.0 1.0 1.0 1.0 1.0 1.0 1.0 1.0 1.0 1.0
1.0 1.0000013 1.0 1.0 1.0 1.0 1.0 1.0 1.0 1.0000007 1.0 1.0 1.0 1.0 1.0 1.0
1.0000001 1.0000036 1.0 1.0 1.0 1.0 1.0 1.0 1.0000002 1.0000037 1.0 1.0 1.0 1.0 1.0 1.0
1.0000017 1.0000049 1.0 1.0 1.0 1.0 1.0 1.0 1.0000008 1.0000073 1.0 1.0 1.0 1.0 1.0 1.0
1.0000049 1.0000027 1.0 1.0 1.0 1.0 1.0 1.0 1.0000011 1.0000085 1.0 1.0 1.0 1.0 1.0 1.0
1.000004 1.0000008 1.0 1.0 1.0 1.0 1.0 1.0 1.0000002 1.0000062 1.0 1.0 1.0 1.0 1.0 1.0
1.0000024 1.0 1.0 1.0 1.0 1.0 1.0 1.0 1.0 1.0000023 1.0 1.0 1.0 1.0 1.0 1.0
1.0 1.0 1.0 1.0 1.0 1.0 1.0 1.0 0.99999994 1.0000002 1.0 1.0 1.0 1.0 1.0 1.0
1.0000001 1.0 1.0 1.0 1.0 1.0 1.0 1.0 0.99999994 1.0000002 1.0 1.0 1.0 1.0 1.0 1.0
1.0000001 1.0000039 1.0 1.0 1.0 1.0 1.0 1.0 1.0000001 1.000004 1.0 1.0 1.0 1.0 1.0 1.0
1.0000014 1.0000083 1.0 1.0 1.0 1.0 1.0 1.0 1.0000013 1.0000079 1.0 1.0 1.0 1.0 1.0 1.0
1.000005 1.0000095 1.0 1.0 1.0 1.0 1.0 1.0 1.0000038 1.0000124 1.0 1.0 1.0 1.0 1.0 1.0
1.0000088 1.0000074 1.0 1.0 1.0 1.0 1.0 1.0 1.0000044 1.0000144 1.0 1.0 1.0 1.0 1.0 1.0
1.0000091 1.0000032 1.0 1.0 1.0 1.0 1.0 1.0 1.0000026 1.0000112 1.0 1.0 1.0 1.0 1.0 1.0
1.0000067 1.0 1.0 1.0 1.0 1.0 1.0 1.0 1.0000005 1.0000061 1.0 1.0 1.0 1.0 1.0 1.0
1.0000014 1.0000001 1.0 1.0 1.0 1.0 1.0 1.0 1.0 1.0000031 1.0 1.0 1.0 1.0 1.0 1.0
1.0000008 1.0000001 1.0 1.0 1.0 1.0 1.0 1.0 1.0 1.0000021 1.0 1.0 1.0 1.0 1.0 1.0
1.0000013 1.0000076 1.0 1.0 1.0 1.0 1.0 1.0 1.0000018 1.0000056 1.0 1.0 1.0 1.0 1.0 1.0
1.0000042 1.0000123 1.0 1.0 1.0 1.0 1.0 1.0 1.0000048 1.00001 1.0 1.0 1.0 1.0 1.0 1.0
1.0000083 1.0000161 1.0 1.0 1.0 1.0 1.0 1.0 1.0000086 1.0000161 1.0 1.0 1.0 1.0 1.0 1.0
1.0000142 1.0000122 1.0 1.0 1.0 1.0 1.0 1.0 1.0000087 1.0000184 1.0 1.0 1.0 1.0 1.0 1.0
1.0000156 1.0000067 1.0 1.0 1.0 1.0 1.0 1.0 1.0000072 1.0000142 1.0 1.0 1.0 1.0 1.0 1.0
1.0000106 1.0000014 1.0 1.0 1.0 1.0 1.0 1.0 1.0000033 1.0000074 1.0 1.0 1.0 1.0 1.0 1.0
1.0000045 1.0000012 1.0 1.0 1.0 1.0 1.0 1.0 1.0000008 1.0000033 1.0 1.0 1.0 1.0 1.0 1.0
1.0000029 1.0000014 1.0 1.0 1.0 1.0 1.0 1.0 1.0000008 1.0000024 1.0 1.0 1.0 1.0 1.0 1.0
1.0000014 1.0000083 1.0 1.0 1.0 1.0 1.0 1.0 1.0000044 1.000003 1.0 1.0 1.0 1.0 1.0 1.0
1.0000046 1.0000142 1.0 1.0 1.0 1.0 1.0 1.0 1.000009 1.000008 1.0 1.0 1.0 1.0 1.0 1.0
1.000009 1.0000182 1.0 1.0 1.0 1.0 1.0 1.0 1.0000141 1.000013 1.0 1.0 1.0 1.0 1.0 1.0
1.0000162 1.0000142 1.0 1.0 1.0 1.0 1.0 1.0 1.000016 1.0000144 1.0 1.0 1.0 1.0 1.0 1.0
1.0000178 1.0000072 1.0 1.0 1.0 1.0 1.0 1.0 1.0000119 1.0000108 1.0 1.0 1.0 1.0 1.0 1.0
1.0000122 1.000002 1.0 1.0 1.0 1.0 1.0 1.0 1.0000069 1.0000056 1.0 1.0 1.0 1.0 1.0 1.0
1.0000051 1.0000011 1.0 1.0 1.0 1.0 1.0 1.0 1.000003 1.0000014 1.0 1.0 1.0 1.0 1.0 1.0
1.0000032 1.0000019 1.0 1.0 1.0 1.0 1.0 1.0 1.0000026 1.0000008 1.0 1.0 1.0 1.0 1.0 1.0
1.0000004 1.0000062 1.0 1.0 1.0 1.0 1.0 1.0 1.0000046 1.0000001 1.0 1.0 1.0 1.0 1.0 1.0
1.0000025 1.000012 1.0 1.0 1.0 1.0 1.0 1.0 1.0000097 1.0000032 1.0 1.0 1.0 1.0 1.0 1.0
1.0000076 1.0000156 1.0 1.0 1.0 1.0 1.0 1.0 1.0000161 1.0000069 1.0 1.0 1.0 1.0 1.0 1.0
1.0000137 1.0000108 1.0 1.0 1.0 1.0 1.0 1.0 1.0000176 1.000007 1.0 1.0 1.0 1.0 1.0 1.0
1.0000148 1.0000057 1.0 1.0 1.0 1.0 1.0 1.0 1.0000144 1.0000054 1.0 1.0 1.0 1.0 1.0 1.0
1.0000095 1.0000005 1.0 1.0 1.0 1.0 1.0 1.0 1.0000069 1.0000015 1.0 1.0 1.0 1.0 1.0 1.0
1.0000035 1.0000002 1.0 1.0 1.0 1.0 1.0 1.0 1.0000024 1.0 1.0 1.0 1.0 1.0 1.0 1.0
1.0000013 1.0000007 1.0 1.0 1.0 1.0 1.0 1.0 1.0000014 1.0000001 1.0 1.0 1.0 1.0 1.0 1.0
1.0 1.0000021 1.0 1.0 1.0 1.0 1.0 1.0 1.000002 1.0 1.0 1.0 1.0 1.0 1.0 1.0
1.0000001 1.0000063 1.0 1.0 1.0 1.0 1.0 1.0 1.000007 1.0000002 1.0 1.0 1.0 1.0 1.0 1.0
1.000003 1.0000076 1.0 1.0 1.0 1.0 1.0 1.0 1.0000123 1.000001 1.0 1.0 1.0 1.0 1.0 1.0
1.0000067 1.0000054 1.0 1.0 1.0 1.0 1.0 1.0 1.0000132 1.0000015 1.0 1.0 1.0 1.0 1.0 1.0
1.0000067 1.0000017 1.0 1.0 1.0 1.0 1.0 1.0 1.0000093 1.0000005 1.0 1.0 1.0 1.0 1.0 1.0
1.0000045 1.0 1.0 1.0 1.0 1.0 1.0 1.0 1.0000045 1.0 1.0 1.0 1.0 1.0 1.0 1.0
1.0000001 1.0 1.0 1.0 1.0 1.0 1.0 1.0 1.000001 1.0 1.0 1.0 1.0 1.0 1.0 1.0
1.0000001 1.0 1.0 1.0 1.0 1.0 1.0 1.0 1.0000005 1.0 1.0 1.0 1.0 1.0 1.0 1.0
1.0 1.0000002 1.0 1.0 1.0 1.0 1.0 1.0 1.0000001 1.0 1.0 1.0 1.0 1.0 1.0 1.0
1.0 1.0000018 1.0 1.0 1.0 1.0 1.0 1.0 1.0000017 1.0000002 1.0 1.0 1.0 1.0 1.0 1.0
1.0000007 1.0000031 1.0 1.0 1.0 1.0 1.0 1.0 1.0000042 1.0000005 1.0 1.0 1.0 1.0 1.0 1.0
1.0000023 1.0000015 1.0 1.0 1.0 1.0 1.0 1.0 1.000005 1.0000007 1.0 1.0 1.0 1.0 1.0 1.0
1.000003 1.0 1.0 1.0 1.0 1.0 1.0 1.0 1.0000033 1.0 1.0 1.0 1.0 1.0 1.0 1.0
1.0000013 1.0 1.0 1.0 1.0 1.0 1.0 1.0 1.0000001 1.0 1.0 1.0 1.0 1.0 1.0 1.0
1.0 1.0 1.0 1.0 1.0 1.0 1.0 1.0 1.0 0.99999994 1.0 1.0 1.0 1.0 1.0 1.0
1.0 1.0 1.0 1.0 1.0 1.0 1.0 1.0 1.0 0.99999994 1.0 1.0 1.0 1.0 1.0 1.0
0.99999994 1.0000002 1.0 1.0 1.0 1.0 1.0 1.0 1.0000001 1.0 1.0 1.0 1.0 1.0 1.0 1.0
1.0 1.000001 1.0 1.0 1.0 1.0 1.0 1.0 1.0000012 1.0000002 1.0 1.0 1.0 1.0 1.0 1.0
1.0000005 1.0000025 1.0 1.0 1.0 1.0 1.0 1.0 1.0000025 1.0000007 1.0 1.0 1.0 1.0 1.0 1.0
1.0000025 1.0000006 1.0 1.0 1.0 1.0 1.0 1.0 1.0000036 1.0000015 1.0 1.0 1.0 1.0 1.0 1.0
1.0000013 1.0 1.0 1.0 1.0 1.0 1.0 1.0 1.0000012 1.0000004 1.0 1.0 1.0 1.0 1.0 1.0
1.0000006 1.0 1.0 1.0 1.0 1.0 1.0 1.0 1.0 1.0 1.0 1.0 1.0 1.0 1.0 1.0
1.0 0.99999994 1.0 1.0 1.0 1.0 1.0 1.0 1.0 1.0 1.0 1.0 1.0 1.0 1.0 1.0
1.0 1.0 1.0 1.0 1.0 1.0 1.0 1.0 1.0 1.0 1.0 1.0 1.0 1.0 1.0 1.0
1.0000049 0.99999577 1.0 1.0 1.0 1.0 1.0 1.0 1.0000051 0.9999953 1.0 1.0 1.0 1.0 1.0 1.0
1.0000151 1.0000015 1.0 1.0 1.0 1.0 1.0 1.0 0.99999964 1.0000159 1.0 1.0 1.0 1.0 1.0 1.0
1.0000265 1.0000094 1.0 1.0 1.0 1.0 1.0 1.0 1.0000085 1.0000236 1.0 1.0 1.0 1.0 1.0 1.0
1.0000337 1.0000149 1.0 1.0 1.0 1.0 1.0 1.0 1.0000211 1.0000225 1.0 1.0 1.0 1.0 1.0 1.0
1.0000299 1.0000083 1.0 1.0 1.0 1.0 1.0 1.0 1.0000248 1.0000128 1.0 1.0 1.0 1.0 1.0 1.0
1.0000229 1.0000045 1.0 1.0 1.0 1.0 1.0 1.0 1.0000167 1.0000036 1.0 1.0 1.0 1.0 1.0 1.0
1.000007 0.999995 1.0 1.0 1.0 1.0 1.0 1.0 1.0000076 0.9999953 1.0 1.0 1.0 1.0 1.0 1.0
1.000002 0.9999942 1.0 1.0 1.0 1.0 1.0 1.0 1.0000001 0.9999961 1.0 1.0 1.0 1.0 1.0 1.0
0.999999 1.0000162 1.0 1.0 1.0 1.0 1.0 1.0 1.0000154 1.0000012 1.0 1.0 1.0 1.0 1.0 1.0
1.0000066 1.0000291 1.0 1.0 1.0 1.0 1.0 1.0 1.0000061 1.0000277 1.0 1.0 1.0 1.0 1.0 1.0
1.0000149 1.0000398 1.0 1.0 1.0 1.0 1.0 1.0 1.0000188 1.0000372 1.0 1.0 1.0 1.0 1.0 1.0
1.0000226 1.000053 1.0 1.0 1.0 1.0 1.0 1.0 1.0000324 1.0000358 1.0 1.0 1.0 1.0 1.0 1.0
1.0000184 1.0000509 1.0 1.0 1.0 1.0 1.0 1.0 1.0000386 1.0000274 1.0 1.0 1.0 1.0 1.0 1.0
1.0000098 1.0000384 1.0 1.0 1.0 1.0 1.0 1.0 1.0000325 1.0000138 1.0 1.0 1.0 1.0 1.0 1.0
0.9999997 1.0000178 1.0 1.0 1.0 1.0 1.0 1.0 1.0000223 1.0000027 1.0 1.0 1.0 1.0 1.0 1.0
0.99999714 1.0000128 1.0 1.0 1.0 1.0 1.0 1.0 1.0000099 1.0000019 1.0 1.0 1.0 1.0 1.0 1.0
1.0000082 1.0000241 1.0 1.0 1.0 1.0 1.0 1.0 1.0000272 1.0000098 1.0 1.0 1.0 1.0 1.0 1.0
1.0000192 1.0000373 1.0 1.0 1.0 1.0 1.0 1.0 1.0000148 1.0000398 1.0 1.0 1.0 1.0 1.0 1.0
1.0000303 1.0000517 1.0 1.0 1.0 1.0 1.0 1.0 1.0000297 1.0000519 1.0 1.0 1.0 1.0 1.0 1.0
1.0000385 1.0000666 1.0 1.0 1.0 1.0 1.0 1.0 1.0000421 1.0000529 1.0 1.0 1.0 1.0 1.0 1.0
1.0000367 1.0000623 1.0 1.0 1.0 1.0 1.0 1.0 1.0000553 1.000038 1.0 1.0 1.0 1.0 1.0 1.0
1.0000273 1.0000474 1.0 1.0 1.0 1.0 1.0 1.0 1.0000478 1.0000249 1.0 1.0 1.0 1.0 1.0 1.0
1.0000088 1.0000273 1.0 1.0 1.0 1.0 1.0 1.0 1.0000328 1.0000091 1.0 1.0 1.0 1.0 1.0 1.0
1.0000062 1.0000212 1.0 1.0 1.0 1.0 1.0 1.0 1.0000184 1.0000103 1.0 1.0 1.0 1.0 1.0 1.0
1.0000204 1.0000216 1.0 1.0 1.0 1.0 1.0 1.0 1.0000353 1.0000147 1.0 1.0 1.0 1.0 1.0 1.0
1.0000335 1.0000377 1.0 1.0 1.0 1.0 1.0 1.0 1.0000242 1.0000535 1.0 1.0 1.0 1.0 1.0 1.0
1.0000424 1.0000538 1.0 1.0 1.0 1.0 1.0 1.0 1.0000385 1.0000663 1.0 1.0 1.0 1.0 1.0 1.0
1.000059 1.0000671 1.0 1.0 1.0 1.0 1.0 1.0 1.0000595 1.0000668 1.0 1.0 1.0 1.0 1.0 1.0
1.0000572 1.0000645 1.0 1.0 1.0 1.0 1.0 1.0 1.0000707 1.0000533 1.0 1.0 1.0 1.0 1.0 1.0
1.0000408 1.0000504 1.0 1.0 1.0 1.0 1.0 1.0 1.0000613 1.0000318 1.0 1.0 1.0 1.0 1.0 1.0
1.0000207 1.0000272 1.0 1.0 1.0 1.0 1.0 1.0 1.0000442 1.0000182 1.0 1.0 1.0 1.0 1.0 1.0
1.0000178 1.000018 1.0 1.0 1.0 1.0 1.0 1.0 1.0000275 1.000016 1.0 1.0 1.0 1.0 1.0 1.0
1.0000235 1.0000125 1.0 1.0 1.0 1.0 1.0 1.0 1.0000321 1.0000092 1.0 1.0 1.0 1.0 1.0 1.0
1.0000392 1.0000271 1.0 1.0 1.0 1.0 1.0 1.0 1.0000197 1.0000526 1.0 1.0 1.0 1.0 1.0 1.0
1.0000572 1.0000385 1.0 1.0 1.0 1.0 1.0 1.0 1.0000367 1.0000633 1.0 1.0 1.0 1.0 1.0 1.0
1.0000715 1.0000534 1.0 1.0 1.0 1.0 1.0 1.0 1.0000566 1.0000638 1.0 1.0 1.0 1.0 1.0 1.0
1.0000688 1.0000509 1.0 1.0 1.0 1.0 1.0 1.0 1.0000666 1.0000498 1.0 1.0 1.0 1.0 1.0 1.0
1.0000538 1.0000367 1.0 1.0 1.0 1.0 1.0 1.0 1.0000587 1.0000303 1.0 1.0 1.0 1.0 1.0 1.0
1.0000292 1.0000155 1.0 1.0 1.0 1.0 1.0 1.0 1.0000415 1.0000137 1.0 1.0 1.0 1.0 1.0 1.0
1.0000213 1.0000108 1.0 1.0 1.0 1.0 1.0 1.0 1.0000244 1.0000098 1.0 1.0 1.0 1.0 1.0 1.0
1.0000172 1.0000042 1.0 1.0 1.0 1.0 1.0 1.0 1.0000232 1.0000054 1.0 1.0 1.0 1.0 1.0 1.0
1.000032 1.0000141 1.0 1.0 1.0 1.0 1.0 1.0 1.0000112 1.0000383 1.0 1.0 1.0 1.0 1.0 1.0
1.0000494 1.0000248 1.0 1.0 1.0 1.0 1.0 1.0 1.0000278 1.0000494 1.0 1.0 1.0 1.0 1.0 1.0
1.000062 1.0000318 1.0 1.0 1.0 1.0 1.0 1.0 1.0000421 1.0000502 1.0 1.0 1.0 1.0 1.0 1.0
1.0000597 1.00003 1.0 1.0 1.0 1.0 1.0 1.0 1.0000539 1.0000365 1.0 1.0 1.0 1.0 1.0 1.0
1.0000453 1.0000212 1.0 1.0 1.0 1.0 1.0 1.0 1.0000452 1.000021 1.0 1.0 1.0 1.0 1.0 1.0
1.0000224 1.0000029 1.0 1.0 1.0 1.0 1.0 1.0 1.0000292 1.0000049 1.0 1.0 1.0 1.0 1.0 1.0
1.0000119 1.0000006 1.0 1.0 1.0 1.0 1.0 1.0 1.0000141 1.0000058 1.0 1.0 1.0 1.0 1.0 1.0
1.0000095 0.9999961 1.0 1.0 1.0 1.0 1.0 1.0 1.0000062 0.99999547 1.0 1.0 1.0 1.0 1.0 1.0
1.000022 1.0000036 1.0 1.0 1.0 1.0 1.0 1.0 1.0000002 1.0000184 1.0 1.0 1.0 1.0 1.0 1.0
1.0000335 1.000009 1.0 1.0 1.0 1.0 1.0 1.0 1.0000085 1.0000267 1.0 1.0 1.0 1.0 1.0 1.0
1.0000443 1.0000179 1.0 1.0 1.0 1.0 1.0 1.0 1.0000218 1.0000267 1.0 1.0 1.0 1.0 1.0 1.0
1.0000433 1.0000137 1.0 1.0 1.0 1.0 1.0 1.0 1.0000294 1.0000155 1.0 1.0 1.0 1.0 1.0 1.0
1.0000296 1.0000045 1.0 1.0 1.0 1.0 1.0 1.0 1.0000224 1.0000035 1.0 1.0 1.0 1.0 1.0 1.0
1.0000111 0.99999714 1.0 1.0 1.0 1.0 1.0 1.0 1.0000118 0.9999973 1.0 1.0 1.0 1.0 1.0 1.0
1.0000055 0.9999954 1.0 1.0 1.0 1.0 1.0 1.0 1.000001 0.99999684 1.0 1.0 1.0 1.0 1.0 1.0
1.0000005 0.99999547 1.0 1.0 1.0 1.0 1.0 1.0 1.0000029 0.99999416 1.0 1.0 1.0 1.0 1.0 1.0
1.0000095 1.0000025 1.0 1.0 1.0 1.0 1.0 1.0 0.99999857 1.0000135 1.0 1.0 1.0 1.0 1.0 1.0
1.0000184 1.0000099 1.0 1.0 1.0 1.0 1.0 1.0 1.0000063 1.0000212 1.0 1.0 1.0 1.0 1.0 1.0
1.0000271 1.0000154 1.0 1.0 1.0 1.0 1.0 1.0 1.0000172 1.0000193 1.0 1.0 1.0 1.0 1.0 1.0
1.0000241 1.0000097 1.0 1.0 1.0 1.0 1.0 1.0 1.0000234 1.0000094 1.0 1.0 1.0 1.0 1.0 1.0
1.0000154 1.0000057 1.0 1.0 1.0 1.0 1.0 1.0 1.0000137 1.0000019 1.0 1.0 1.0 1.0 1.0 1.0
1.0000011 0.99999565 1.0 1.0 1.0 1.0 1.0 1.0 1.0000046 0.9999951 1.0 1.0 1.0 1.0 1.0 1.0
1.0000001 0.999994 1.0 1.0 1.0 1.0 1.0 1.0 0.99999946 0.9999947 1.0 1.0 1.0 1.0 1.0 1.0
0.999998 1.0000173 1.0 1.0 1.0 1.0 1.0 1.0 0.99999845 1.0000174 1.0 1.0 1.0 1.0 1.0 1.0
1.0000055 1.0000254 1.0 1.0 1.0 1.0 1.0 1.0 1.0000043 1.0000274 1.0 1.0 1.0 1.0 1.0 1.0
1.0000175 1.0000314 1.0 1.0 1.0 1.0 1.0 1.0 1.0000112 1.000039 1.0 1.0 1.0 1.0 1.0 1.0
1.0000306 1.0000235 1.0 1.0 1.0 1.0 1.0 1.0 1.0000141 1.0000433 1.0 1.0 1.0 1.0 1.0 1.0
1.0000283 1.0000117 1.0 1.0 1.0 1.0 1.0 1.0 1.0000068 1.0000359 1.0 1.0 1.0 1.0 1.0 1.0
1.0000193 1.0000006 1.0 1.0 1.0 1.0 1.0 1.0 1.0000004 1.0000237 1.0 1.0 1.0 1.0 1.0 1.0
1.0000073 0.9999956 1.0 1.0 1.0 1.0 1.0 1.0 0.99999446 1.0000114 1.0 1.0 1.0 1.0 1.0 1.0
1.0000037 0.99999964 1.0 1.0 1.0 1.0 1.0 1.0 0.9999943 1.000009 1.0 1.0 1.0 1.0 1.0 1.0
1.000003 1.0000283 1.0 1.0 1.0 1.0 1.0 1.0 1.0000052 1.0000262 1.0 1.0 1.0 1.0 1.0 1.0
1.0000142 1.000037 1.0 1.0 1.0 1.0 1.0 1.0 1.0000138 1.0000364 1.0 1.0 1.0 1.0 1.0 1.0
1.0000286 1.0000473 1.0 1.0 1.0 1.0 1.0 1.0 1.0000255 1.0000503 1.0 1.0 1.0 1.0 1.0 1.0
1.0000428 1.0000387 1.0 1.0 1.0 1.0 1.0 1.0 1.000027 1.0000578 1.0 1.0 1.0 1.0 1.0 1.0
1.0000471 1.0000228 1.0 1.0 1.0 1.0 1.0 1.0 1.0000212 1.0000472 1.0 1.0 1.0 1.0 1.0 1.0
1.0000335 1.0000067 1.0 1.0 1.0 1.0 1.0 1.0 1.0000091 1.0000309 1.0 1.0 1.0 1.0 1.0 1.0
1.0000201 1.0000025 1.0 1.0 1.0 1.0 1.0 1.0 1.0000019 1.0000188 1.0 1.0 1.0 1.0 1.0 1.0
1.0000122 1.0000075 1.0 1.0 1.0 1.0 1.0 1.0 1.0000002 1.0000174 1.0 1.0 1.0 1.0 1.0 1.0
1.0000125 1.0000396 1.0 1.0 1.0 1.0 1.0 1.0 1.0000174 1.0000345 1.0 1.0 1.0 1.0 1.0 1.0
1.0000267 1.000051 1.0 1.0 1.0 1.0 1.0 1.0 1.000028 1.000049 1.0 1.0 1.0 1.0 1.0 1.0
1.0000378 1.0000639 1.0 1.0 1.0 1.0 1.0 1.0 1.0000374 1.0000643 1.0 1.0 1.0 1.0 1.0 1.0
1.000061 1.0000552 1.0 1.0 1.0 1.0 1.0 1.0 1.0000452 1.0000706 1.0 1.0 1.0 1.0 1.0 1.0
1.0000633 1.0000334 1.0 1.0 1.0 1.0 1.0 1.0 1.000036 1.0000604 1.0 1.0 1.0 1.0 1.0 1.0
1.0000465 1.0000173 1.0 1.0 1.0 1.0 1.0 1.0 1.0000237 1.0000409 1.0 1.0 1.0 1.0 1.0 1.0
1.0000292 1.00001 1.0 1.0 1.0 1.0 1.0 1.0 1.0000104 1.0000268 1.0 1.0 1.0 1.0 1.0 1.0
1.0000226 1.000016 1.0 1.0 1.0 1.0 1.0 1.0 1.0000104 1.0000228 1.0 1.0 1.0 1.0 1.0 1.0
1.0000135 1.0000436 1.0 1.0 1.0 1.0 1.0 1.0 1.0000327 1.0000257 1.0 1.0 1.0 1.0 1.0 1.0
1.0000286 1.0000585 1.0 1.0 1.0 1.0 1.0 1.0 1.0000437 1.0000391 1.0 1.0 1.0 1.0 1.0 1.0
1.0000461 1.0000721 1.0 1.0 1.0 1.0 1.0 1.0 1.0000612 1.0000553 1.0 1.0 1.0 1.0 1.0 1.0
1.0000688 1.000062 1.0 1.0 1.0 1.0 1.0 1.0 1.0000675 1.0000607 1.0 1.0 1.0 1.0 1.0 1.0
1.0000708 1.0000399 1.0 1.0 1.0 1.0 1.0 1.0 1.0000573 1.0000504 1.0 1.0 1.0 1.0 1.0 1.0
1.000054 1.0000212 1.0 1.0 1.0 1.0 1.0 1.0 1.0000367 1.0000321 1.0 1.0 1.0 1.0 1.0 1.0
1.0000337 1.0000114 1.0 1.0 1.0 1.0 1.0 1.0 1.0000259 1.0000185 1.0 1.0 1.0 1.0 1.0 1.0
1.0000244 1.0000179 1.0 1.0 1.0 1.0 1.0 1.0 1.0000223 1.0000134 1.0 1.0 1.0 1.0 1.0 1.0
1.0000072 1.0000359 1.0 1.0 1.0 1.0 1.0 1.0 1.0000302 1.000013 1.0 1.0 1.0 1.0 1.0 1.0
1.0000219 1.0000488 1.0 1.0 1.0 1.0 1.0 1.0 1.0000483 1.0000235 1.0 1.0 1.0 1.0 1.0 1.0
1.0000367 1.0000601 1.0 1.0 1.0 1.0 1.0 1.0 1.0000633 1.0000339 1.0 1.0 1.0 1.0 1.0 1.0
1.0000577 1.0000516 1.0 1.0 1.0 1.0 1.0 1.0 1.0000689 1.00004 1.0 1.0 1.0 1.0 1.0 1.0
1.00006 1.0000318 1.0 1.0 1.0 1.0 1.0 1.0 1.00006 1.0000308 1.0 1.0 1.0 1.0 1.0 1.0
1.0000451 1.0000136 1.0 1.0 1.0 1.0 1.0 1.0 1.0000387 1.000017 1.0 1.0 1.0 1.0 1.0 1.0
1.0000256 1.0000061 1.0 1.0 1.0 1.0 1.0 1.0 1.0000243 1.0000048 1.0 1.0 1.0 1.0 1.0 1.0
1.0000173 1.0000105 1.0 1.0 1.0 1.0 1.0 1.0 1.0000137 1.0000045 1.0 1.0 1.0 1.0 1.0 1.0
1.0000004 1.0000234 1.0 1.0 1.0 1.0 1.0 1.0 1.0000207 1.0000015 1.0 1.0 1.0 1.0 1.0 1.0
1.0000093 1.000032 1.0 1.0 1.0 1.0 1.0 1.0 1.0000335 1.0000068 1.0 1.0 1.0 1.0 1.0 1.0
1.0000243 1.000042 1.0 1.0 1.0 1.0 1.0 1.0 1.0000491 1.000017 1.0 1.0 1.0 1.0 1.0 1.0
1.0000385 1.0000318 1.0 1.0 1.0 1.0 1.0 1.0 1.0000541 1.0000213 1.0 1.0 1.0 1.0 1.0 1.0
1.0000408 1.0000173 1.0 1.0 1.0 1.0 1.0 1.0 1.0000442 1.0000125 1.0 1.0 1.0 1.0 1.0 1.0
1.0000287 1.0000017 1.0 1.0 1.0 1.0 1.0 1.0 1.000028 1.0000027 1.0 1.0 1.0 1.0 1.0 1.0
1.0000148 0.9999998 1.0 1.0 1.0 1.0 1.0 1.0 1.000013 0.9999978 1.0 1.0 1.0 1.0 1.0 1.0
1.0000075 1.0000014 1.0 1.0 1.0 1.0 1.0 1.0 1.000009 0.9999969 1.0 1.0 1.0 1.0 1.0 1.0
0.9999948 1.0000112 1.0 1.0 1.0 1.0 1.0 1.0 1.0000088 0.9999971 1.0 1.0 1.0 1.0 1.0 1.0
1.0000021 1.0000181 1.0 1.0 1.0 1.0 1.0 1.0 1.0000198 1.0000038 1.0 1.0 1.0 1.0 1.0 1.0
1.0000095 1.0000265 1.0 1.0 1.0 1.0 1.0 1.0 1.0000292 1.0000099 1.0 1.0 1.0 1.0 1.0 1.0
1.0000255 1.0000192 1.0 1.0 1.0 1.0 1.0 1.0 1.000034 1.000012 1.0 1.0 1.0 1.0 1.0 1.0
1.0000235 1.000004 1.0 1.0 1.0 1.0 1.0 1.0 1.0000262 1.0000049 1.0 1.0 1.0 1.0 1.0 1.0
1.0000137 0.99999815 1.0 1.0 1.0 1.0 1.0 1.0 1.0000143 0.9999997 1.0 1.0 1.0 1.0 1.0 1.0
1.0000021 0.9999937 1.0 1.0 1.0 1.0 1.0 1.0 1.0000015 0.9999937 1.0 1.0 1.0 1.0 1.0 1.0
1.0000002 0.99999684 1.0 1.0 1.0 1.0 1.0 1.0 1.0000006 0.9999923 1.0 1.0 1.0 1.0 1.0 1.0
0.9999939 1.0000079 1.0 1.0 1.0 1.0 1.0 1.0 1.0000033 1.0000002 1.0 1.0 1.0 1.0 1.0 1.0
1.0000005 1.0000165 1.0 1.0 1.0 1.0 1.0 1.0 1.0000131 1.0000076 1.0 1.0 1.0 1.0 1.0 1.0
1.0000104 1.0000217 1.0 1.0 1.0 1.0 1.0 1.0 1.0000228 1.0000162 1.0 1.0 1.0 1.0 1.0 1.0
1.0000212 1.0000124 1.0 1.0 1.0 1.0 1.0 1.0 1.0000248 1.0000196 1.0 1.0 1.0 1.0 1.0 1.0
1.0000132 1.0000037 1.0 1.0 1.0 1.0 1.0 1.0 1.000016 1.000011 1.0 1.0 1.0 1.0 1.0 1.0
1.0000093 0.9999964 1.0 1.0 1.0 1.0 1.0 1.0 1.0000068 1.0000021 1.0 1.0 1.0 1.0 1.0 1.0
1.0000014 0.99999243 1.0 1.0 1.0 1.0 1.0 1.0 0.99999917 0.9999974 1.0 1.0 1.0 1.0 1.0 1.0
0.9999986 0.9999957 1.0 1.0 1.0 1.0 1.0 1.0 0.9999987 0.99999565 1.0 1.0 1.0 1.0 1.0 1.0
1.0000001 0.99995905 1.0 0.99999994 1.0 1.0 1.0 0.9999999 1.0000032 0.9999588 1.0 1.0 1.0 0.99999994 0.99999994 0.9999998
1.0000479 0.99999297 1.0 1.0 1.0 1.0 0.99999994 1.0 0.99996907 1.0000572 0.99999976 1.0 0.9999999 1.0 1.0 1.0
1.0000772 1.0000013 1.0 1.0000001 1.0000001 1.0 1.0 1.0 1.0000254 1.0000734 1.0 1.0 1.0 1.0 1.0 1.0
1.0001271 1.0000488 1.0 1.0 1.0000002 1.0 1.0 1.0 1.000077 1.0000573 1.0 1.0 1.0 1.0 1.0 1.0
1.0001118 1.0000199 1.0 1.0 1.0000001 1.0 1.0 1.0 1.0000654 1.0000333 1.0 1.0 1.0 1.0 1.0 1.0
1.0000529 0.9999857 1.0 1.0 1.0 1.0 1.0 1.0 1.0000387 1.0000182 1.0 1.0 1.0 1.0 1.0 1.0
1.0000304 0.9999773 1.0 1.0 1.0 1.0 1.0 0.99999994 1.0000254 0.99997044 1.0 1.0 1.0 0.9999998 1.0 0.99999994
0.99997634 0.9999368 0.99999994 1.0 1.0 1.0 0.9999999 1.0 0.9999988 0.99995697 0.9999999 1.0 1.0 1.0 1.0 0.9999998
0.9999639 1.0000544 1.0 0.9999999 0.9999998 1.0 1.0 1.0 1.0000459 0.9999906 1.0 0.9999998 1.0 1.0 1.0 1.0
0.99999326 1.0001147 1.0 1.0 1.0 1.0 1.0000002 1.0000001 0.9999922 1.0001088 1.0 1.0 1.0 1.0 1.0000001 1.0000002
1.0000075 1.0001514 1.0 1.0 1.0 1.0000002 1.000001 1.0000005 1.0000662 1.0001221 1.0 1.0 1.0 1.0000002 1.0 1.0000007
1.0000575 1.0002294 1.0 1.0 1.0 1.000001 1.000001 1.000002 1.0001252 1.0001253 1.0 1.0 1.0 1.000001 1.0 1.0000007
1.0000407 1.0002213 1.0 1.0 1.0 1.0000008 1.0000004 1.0000008 1.0001307 1.0000849 1.0 1.0 1.0000001 1.0000007 1.0 1.0000005
0.9999915 1.0001297 1.0 1.0 1.0 1.0000005 1.0 1.0000001 1.0001045 1.0000638 1.0 1.0 1.0 1.0000005 1.0 1.0
0.9999772 1.0000875 1.0 0.99999994 1.0 1.0 1.0 1.0 1.0000844 0.99999887 1.0 1.0 1.0 1.0 1.0 1.0
0.9999443 1.0000263 0.99999994 1.0 0.9999999 1.0 1.0 1.0 1.0000453 0.9999877 1.0 0.9999998 1.0 1.0 1.0 1.0
1.0000217 1.0000743 1.0 1.0 1.0 1.0 1.0 1.0 1.0000805 1.0 1.0 1.0 1.0000001 1.0000001 1.0 1.0
1.0000657 1.000129 1.0 1.0 1.0000002 1.0 1.000001 1.0000001 1.0000077 1.000149 1.0 1.0000001 1.0 1.0 1.0000006 1.000001
1.0000758 1.0001714 1.0 1.0000001 1.0000005 1.0000004 1.0000019 1.0000008 1.0000745 1.0001704 1.0000001 1.0000006 1.0 1.0000006 1.0000008 1.000002
1.0001578 1.0002536 1.0000001 1.0000005 1.0000004 1.0000019 1.0000023 1.0000023 1.0001781 1.0001688 1.0000006 1.0000005 1.0000006 1.000002 1.0000005 1.0000015
1.0001566 1.0002484 1.0 1.0000005 1.0000001 1.0000021 1.000001 1.0000013 1.0001798 1.0001239 1.0000005 1.0 1.0000008 1.0000014 1.0 1.0000008
1.0000696 1.0001451 1.0 1.0000005 1.0 1.0000014 1.0000001 1.0000001 1.0001489 1.0000681 1.0000004 1.0 1.0000006 1.0000011 1.0 1.0000001
1.0000327 1.0001023 1.0 1.0 1.0 1.0000001 1.0 1.0 1.0001082 1.0000154 1.0 1.0 1.0000004 1.0000002 1.0 1.0
0.99999505 1.0000474 0.99999994 1.0 1.0 1.0 1.0 1.0 1.0000757 0.9999956 1.0 1.0 1.0 1.0 1.0 1.0
1.0000803 1.0000564 1.0 1.0 1.0 1.0 1.0 1.0 1.0001317 1.0000542 1.0000001 1.0 1.0000002 1.0 1.0 1.0
1.0001308 1.0001273 1.0 1.0 1.000001 1.0 1.0000004 1.0 1.0000594 1.0002347 1.0 1.000001 1.0 1.0 1.000002 1.0000011
1.0001751 1.0001724 1.0000002 1.0000004 1.000002 1.0000002 1.0000017 1.0000002 1.000162 1.0002549 1.0000006 1.0000019 1.0000001 1.0000006 1.0000019 1.0000021
1.0002614 1.0002494 1.0000013 1.0000019 1.0000023 1.0000017 1.0000015 1.0000017 1.000263 1.0002434 1.0000021 1.0000015 1.0000014 1.0000023 1.0000013 1.0000014
1.000259 1.0002428 1.0000005 1.0000023 1.000001 1.0000014 1.0000006 1.0000006 1.0002565 1.0001997 1.0000014 1.0000008 1.0000021 1.0000014 1.0000005 1.000001
1.000148 1.0001456 1.0 1.0000015 1.0000001 1.000001 1.0 1.0 1.000221 1.0001498 1.0000011 1.0000001 1.0000015 1.0000012 1.0 1.0000001
1.0001048 1.0001019 1.0 1.0000001 1.0 1.0 1.0 1.0 1.0001862 1.0000643 1.0000002 1.0 1.000001 1.0000002 1.0 1.0
1.000052 1.0000296 1.0 1.0 1.0 1.0 1.0 1.0 1.000123 1.0000466 1.0 1.0 1.0 1.0000001 1.0 1.0
1.0000635 1.0000328 1.0 1.0 1.0 1.0 1.0 1.0 1.0001225 1.0000199 1.0 1.0 1.0000001 1.0 1.0 1.0
1.000134 1.000087 1.0000001 1.0 1.0000004 1.0 1.0000001 1.0 1.0000453 1.0002279 1.0 1.000001 1.0 1.0 1.0000011 1.0000002
1.0001839 1.0001274 1.000001 1.0000002 1.0000017 1.0000001 1.0000008 1.0000001 1.0001625 1.000249 1.0000006 1.000002 1.0 1.0000001 1.0000011 1.0000008
1.0002606 1.0002034 1.0000023 1.0000018 1.0000014 1.0000008 1.0000008 1.0000004 1.0002598 1.0002363 1.0000021 1.0000014 1.0000005 1.0000013 1.0000004 1.0000007
1.0002537 1.0002036 1.0000014 1.0000014 1.0000006 1.0000008 1.0000001 1.0 1.0002488 1.0001987 1.0000014 1.0000011 1.0000011 1.0000007 1.0000001 1.0000001
1.0001538 1.0001 1.0000001 1.0000011 1.0 1.0000004 1.0 1.0 1.0002137 1.0001458 1.0000012 1.0000001 1.0000008 1.0000001 1.0 1.0
1.0001117 1.0000664 1.0 1.0 1.0 1.0 1.0 1.0 1.0001783 1.0000501 1.0000002 1.0 1.0000001 1.0 1.0 1.0
1.0000378 1.0000088 1.0 1.0 1.0 1.0 1.0 1.0 1.0001119 1.0000156 1.0 1.0 1.0 1.0 1.0 1.0
1.0000389 1.0000174 1.0 1.0 1.0 1.0 1.0 1.0 1.0000534 0.9999872 1.0 1.0 1.0 1.0 1.0 1.0
1.000109 1.0000591 1.0 1.0 1.0000001 1.0 1.0000001 1.0 0.9999907 1.0001324 1.0 1.0000005 1.0 1.0 1.0000001 1.0000001
1.0001519 1.0000725 1.0000005 1.0000001 1.0000013 1.0 1.0000001 1.0 1.0000743 1.0001459 1.0000002 1.0000017 1.0 1.0 1.0 1.0000001
1.0002254 1.000152 1.0000017 1.0000013 1.0000011 1.0000001 1.0000001 1.0 1.0001515 1.0001441 1.0000017 1.000001 1.0000001 1.0000001 1.0 1.0
1.0002208 1.0001483 1.0000007 1.0000012 1.0000002 1.0000001 1.0 1.0 1.0001531 1.0000987 1.0000011 1.0000004 1.0 1.0 1.0 1.0
1.0001215 1.0000644 1.0 1.0000006 1.0 1.0 1.0 1.0 1.0001194 1.0000639 1.0000006 1.0 1.0 1.0 1.0 1.0
1.0000823 1.0000303 1.0 1.0 1.0 1.0 1.0 1.0 1.0000912 0.99999833 1.0 1.0 1.0 1.0 1.0 1.0
1.0000129 0.99999124 1.0 1.0 1.0 1.0 1.0 1.0 1.0000483 0.99998355 1.0 1.0 1.0 1.0 1.0 1.0
1.0000266 0.99997514 1.0 1.0 1.0 1.0 1.0 1.0 1.0000329 0.99997985 1.0 1.0 1.0 1.0 1.0 1.0
1.000083 0.9999987 1.0 1.0 1.0000001 1.0 1.0 1.0 0.9999804 1.0000923 1.0 1.0000001 1.0 1.0 1.0 1.0
1.0001112 1.0000143 1.0000001 1.0 1.0000001 1.0 1.0 1.0 1.0000358 1.0001006 1.0 1.0000001 1.0 1.0 1.0 1.0
1.0001898 1.0000626 1.000001 1.0000001 1.0000002 1.0 1.0 1.0 1.0001075 1.0000998 1.0000001 1.0 1.0 1.0 1.0 1.0
1.0001812 1.0000508 1.0000004 1.0000004 1.0 1.0 1.0 1.0 1.0001094 1.0000638 1.0 1.0 1.0 1.0 1.0 1.0
1.0000923 0.9999983 1.0 1.0 1.0 1.0 1.0 1.0 1.0000798 1.0000277 1.0 1.0 1.0 1.0 1.0 1.0
1.0000603 0.99998325 1.0 1.0 1.0 1.0 1.0 1.0 1.0000557 0.9999831 1.0 1.0 1.0 1.0 1.0 1.0
1.0000049 0.999957 1.0 1.0 1.0 1.0 1.0 1.0 1.0000235 0.9999789 1.0 1.0 1.0 1.0 1.0 1.0
1.0000039 0.9999524 0.99999994 1.0 1.0 1.0 1.0 0.9999999 0.99998033 0.9999396 1.0 0.9999998 1.0 1.0 1.0 1.0
1.0000442 0.9999875 1.0 1.0 1.0 1.0 0.99999994 1.0 0.99995387 1.0000288 1.0 1.0 1.0 1.0 0.9999998 1.0
1.0000743 0.9999942 1.0 1.0 1.0 1.0 1.0 1.0 0.9999954 1.0000436 1.0 1.0 1.0 1.0 1.0 1.0
1.000123 1.0000427 1.0 1.0000001 1.0 1.0 1.0 1.0 1.000053 1.0000317 1.0 1.0 1.0 1.0 1.0 1.0
1.0001134 1.0000162 1.0 1.0 1.0 1.0 1.0 1.0 1.0000418 1.0000088 1.0 1.0 1.0 1.0 1.0 1.0
1.0000496 0.9999821 1.0 1.0 1.0 1.0 1.0 1.0 1.000014 0.99999607 1.0 1.0 1.0 1.0 1.0 1.0
1.000027 0.99997336 1.0 1.0 1.0 1.0 1.0 0.99999994 1.0000051 0.9999595 1.0 1.0 1.0 1.0 1.0 0.99999994
0.99997646 0.9999306 0.99999994 1.0 1.0 1.0 0.9999999 1.0 0.9999753 0.99993634 1.0 0.9999998 1.0 1.0 0.9999999 1.0
0.9999642 1.0000728 0.99999994 1.0 0.9999998 1.0 1.0 1.0 0.99996805 1.000072 1.0 0.9999998 0.99999994 1.0 1.0 1.0
1.000014 1.0001111 1.0 1.0 1.0 1.0000001 1.0000001 1.0 1.0000029 1.0001408 1.0 1.0 1.0 1.0 1.0000001 1.0000004
1.0000784 1.000108 1.0 1.0000001 1.0 1.0 1.0000002 1.0 1.0000263 1.0001762 1.0 1.0 1.0 1.0000001 1.0000001 1.000001
1.0001242 1.0000843 1.0 1.0000002 1.0 1.0 1.0 1.0 1.0000265 1.000197 1.0 1.0 1.0 1.0000001 1.0 1.0000008
1.0001026 1.0000427 1.0 1.0000001 1.0 1.0 1.0 1.0 1.0000025 1.0001514 1.0 1.0 1.0 1.0 1.0 1.0000005
1.0000515 1.0000122 1.0 1.0 1.0 1.0 1.0 1.0 0.99998796 1.0001206 1.0 1.0 1.0 1.0 1.0 1.0
1.0000563 0.9999459 0.99999994 1.0 1.0 1.0 1.0 0.9999999 0.999958 1.0000547 1.0 0.9999999 0.99999994 1.0 1.0 1.0
0.99999344 0.9999773 1.0 1.0 0.99999994 1.0 1.0 0.99999994 0.9999453 1.0000327 0.9999999 0.99999994 0.9999998 1.0 1.0 1.0
1.0000005 1.0001438 1.0 1.0 1.0 1.0 1.0000004 1.0000001 1.0000112 1.000113 1.0 1.0 1.0 1.0000001 1.0 1.0000001
1.0000551 1.000179 1.0 1.0000001 1.0 1.0000001 1.0000011 1.000001 1.0000507 1.0001805 1.0 1.0 1.0000001 1.0000001 1.000001 1.0000014
1.0001215 1.0001806 1.0 1.0000001 1.0000001 1.0000005 1.0000006 1.0000018 1.0000724 1.000237 1.0 1.0 1.0000001 1.0000008 1.0000017 1.0000026
1.0002004 1.0001711 1.0000001 1.0 1.0000007 1.0000015 1.0000001 1.0000007 1.0000987 1.0002583 1.0 1.0000001 1.0 1.0000015 1.000001 1.0000021
1.0002046 1.0000975 1.0 1.0 1.0000011 1.0000011 1.0 1.0000001 1.0000614 1.0002064 1.0 1.0 1.0 1.0000008 1.0000004 1.0000015
1.0001128 1.0000466 1.0 1.0 1.0000005 1.0000001 1.0 1.0 1.0000417 1.0001508 1.0 1.0 1.0 1.0000005 1.0 1.0000005
1.0001014 0.9999654 1.0 0.99999994 1.0 1.0 1.0 1.0 0.9999923 1.0000929 1.0 1.0 1.0 1.0 1.0 1.0
1.000035 1.000013 1.0 1.0 1.0 1.0 1.0 1.0 0.9999803 1.0000563 0.9999999 1.0 1.0 1.0 1.0 1.0
1.0000268 1.0001826 1.0 1.0000001 1.0 1.0 1.0000013 1.0000001 1.0000792 1.0001123 1.0 1.0000001 1.0 1.0000002 1.0 1.0
1.000077 1.0002372 1.0 1.0000007 1.0 1.0000001 1.0000025 1.0000014 1.0001191 1.0001867 1.0000001 1.0000001 1.0000006 1.0000001 1.0000018 1.000001
1.0001765 1.0002357 1.0000002 1.0000013 1.0000004 1.000001 1.0000023 1.0000023 1.0001763 1.0002366 1.0000006 1.0000006 1.0000008 1.0000015 1.000002 1.0000023
1.0002644 1.0002275 1.0000011 1.0000005 1.0000018 1.0000021 1.000001 1.0000012 1.0002025 1.0002514 1.0000006 1.0000008 1.0000005 1.0000021 1.0000015 1.0000015
1.0002637 1.0001371 1.000001 1.0 1.0000025 1.0000018 1.0000001 1.0000001 1.0001541 1.0002035 1.0000004 1.0000006 1.0000001 1.0000015 1.0000007 1.0000012
1.0001497 1.0000768 1.0 1.0 1.0000014 1.0000001 1.0 1.0 1.0000927 1.0001533 1.0 1.0000004 1.0 1.0000008 1.0 1.0000001
1.0001497 0.9999932 1.0 1.0 1.0 1.0000001 1.0 1.0 1.0000573 1.0000901 1.0 1.0 1.0 1.0 1.0 1.0
1.0000696 1.0000474 1.0 1.0 1.0000001 1.0 1.0 1.0 1.0000198 1.0000582 1.0 1.0 1.0 1.0 1.0 1.0
1.000027 1.000198 1.0 1.0000001 1.0 1.0 1.0000011 1.0 1.0001285 1.0000905 1.0000001 1.0000002 1.0 1.0000001 1.0 1.0
1.0001012 1.0002611 1.0000001 1.0000015 1.0 1.0 1.0000023 1.0000008 1.0002055 1.000176 1.000001 1.0000001 1.0000015 1.0 1.0000007 1.0000002
1.0002077 1.0002578 1.0000011 1.0000023 1.0000002 1.0000004 1.0000017 1.0000017 1.0002656 1.0002302 1.0000019 1.0000014 1.0000021 1.0000005 1.0000011 1.000001
1.0002863 1.0002456 1.0000024 1.0000015 1.0000019 1.0000017 1.0000007 1.0000006 1.0002807 1.0002397 1.0000015 1.0000023 1.0000015 1.0000014 1.0000005 1.0000008
1.0002782 1.0001664 1.000002 1.0000001 1.0000023 1.0000008 1.0 1.0 1.0002303 1.0001974 1.0000011 1.0000015 1.0000007 1.0000008 1.0000001 1.0000001
1.0001738 1.0001026 1.0000001 1.0 1.0000011 1.0 1.0 1.0 1.0001746 1.0001436 1.0000001 1.0000008 1.0 1.0000001 1.0 1.0
1.0001676 0.99999434 1.0 1.0 1.0 1.0000001 1.0 1.0 1.0001062 1.0000694 1.0 1.0 1.0 1.0 1.0 1.0
1.0000663 1.0000422 1.0 1.0 1.0 1.0 1.0 1.0 1.0000783 1.0000273 1.0 1.0 1.0 1.0 1.0 1.0
1.0000014 1.0001539 1.0 1.0000001 1.0 1.0 1.0000006 1.0 1.0001123 1.0000439 1.0000001 1.0000001 1.0 1.0 1.0 1.0
1.0000632 1.0002127 1.0 1.000001 1.0 1.0 1.0000017 1.0000002 1.0002127 1.0001011 1.0000013 1.0000001 1.0000015 1.0 1.0000001 1.0000001
1.0001585 1.0002081 1.0000005 1.0000017 1.0000001 1.0000001 1.0000011 1.0000007 1.000264 1.0001409 1.0000026 1.000001 1.0000018 1.0000001 1.0 1.0000001
1.0002359 1.0002029 1.0000017 1.0000006 1.0000014 1.0000007 1.0000002 1.0000001 1.0002723 1.0001665 1.0000019 1.0000018 1.000001 1.0 1.0 1.0
1.0002359 1.0001194 1.0000008 1.0 1.0000017 1.0000005 1.0 1.0 1.0002283 1.0001177 1.0000013 1.000001 1.0000001 1.0 1.0 1.0
1.0001274 1.000063 1.0 1.0 1.0000006 1.0 1.0 1.0 1.000176 1.000075 1.0000002 1.0000001 1.0 1.0 1.0 1.0
1.0001246 0.99997383 1.0 1.0 1.0 1.0 1.0 1.0 1.0000885 1.0000252 1.0 1.0 1.0 1.0 1.0 1.0
1.0000365 1.0000174 1.0 1.0 1.0 1.0 1.0 1.0 1.00003 1.0000052 1.0 1.0 1.0 1.0 1.0 1.0
0.99998915 1.00012 1.0 1.0 1.0 1.0 1.0000001 1.0 1.0000517 1.0000149 1.0 1.0 1.0 1.0 1.0 1.0
1.0000396 1.0001527 1.0 1.0000004 1.0 1.0 1.0000005 1.0 1.0001153 1.0000495 1.0000005 1.0 1.0000001 1.0 1.0 1.0
1.0000972 1.0001538 1.0000001 1.0000008 1.0000001 1.0 1.0000001 1.0 1.0001528 1.0000801 1.0000015 1.0000001 1.0 1.0 1.0 1.0
1.0001764 1.0001445 1.0000007 1.0000002 1.0000001 1.0 1.0 1.0 1.0001742 1.0001005 1.000001 1.0 1.0 1.0 1.0 1.0
1.0001773 1.0000775 1.0000006 1.0 1.0000004 1.0 1.0 1.0 1.0001248 1.0000638 1.0000006 1.0 1.0 1.0 1.0 1.0
1.0000893 1.0000281 1.0 1.0 1.0 1.0 1.0 1.0 1.0000868 1.0000285 1.0 1.0 1.0 1.0 1.0 1.0
1.0000829 0.9999544 1.0 1.0 1.0 1.0 1.0 1.0 1.0000311 0.99999195 1.0 1.0 1.0 1.0 1.0 1.0
1.0000194 0.99999607 1.0 1.0 1.0 1.0 1.0 1.0 0.99999595 0.99998456 1.0 1.0 1.0 1.0 1.0 1.0
0.9999589 1.0000557 1.0 1.0 1.0 1.0 1.0 1.0 1.0000576 0.9999529 1.0 1.0 1.0 1.0 1.0 0.9999998
0.9999906 1.0000913 1.0 1.0 1.0 1.0 1.0 1.0 1.0001053 0.99996257 1.0 1.0000001 1.0 1.0 1.0 1.0
1.0000554 1.0000877 1.0 1.0000001 1.0 1.0 1.0 1.0 1.0001518 0.99999213 1.0 1.0000001 1.0 1.0 1.0 1.0
1.0001051 1.0000696 1.0000001 1.0 1.0 1.0 1.0 1.0 1.0001677 0.9999946 1.0 1.0 1.0 1.0 1.0 1.0
1.0000883 1.0000253 1.0 1.0 1.0 1.0 1.0 1.0 1.0001255 0.9999713 1.0 1.0 1.0 1.0 1.0 1.0
1.0000329 0.9999938 1.0 1.0 1.0 1.0 1.0 1.0 1.000082 0.99995667 1.0 1.0 1.0 1.0 1.0 1.0
1.0000392 0.9999403 1.0 1.0 1.0 1.0 1.0 1.0 1.0000381 0.9999445 1.0 1.0 1.0 1.0 1.0 0.99999994
0.9999888 0.9999692 1.0 1.0 1.0 1.0 1.0 1.0 1.0000106 0.99992144 0.99999976 1.0 1.0 1.0 0.9999998 0.99999994
0.9999422 1.0000325 0.9999998 1.0 1.0 1.0 0.9999999 1.0 0.99999565 0.99998194 1.0 0.9999999 1.0 1.0 1.0 0.9999998
0.99998325 1.0000558 1.0 1.0 1.0 1.0 1.0 1.0 1.0000379 1.000013 1.0 1.0 1.0 1.0 1.0 1.0
1.0000198 1.0000542 1.0 1.0 1.0 1.0 1.0 1.0 1.0000666 1.0000483 1.0 1.0 1.0 1.0 1.0 1.0
1.0000733 1.0000267 1.0 1.0 1.0 1.0 1.0 1.0 1.0000668 1.0000455 1.0 1.0 1.0 1.0 1.0 1.0
1.0000296 1.0000032 1.0 1.0 1.0 1.0 1.0 1.0 1.0000362 1.0000194 1.0 1.0 1.0 1.0 1.0 1.0
0.99999505 0.9999797 1.0 1.0 1.0 1.0 1.0 0.99999994 1.0000185 0.9999995 1.0 1.0 1.0 1.0 1.0 1.0
1.0000098 0.9999156 1.0 0.99999994 1.0 1.0 0.9999999 1.0 0.99998283 0.99997425 1.0 0.9999999 1.0 1.0 1.0 1.0
0.999962 0.9999477 0.99999994 0.99999994 1.0 1.0 1.0 1.0 0.9999634 0.99995154 0.99999994 0.99999994 1.0 1.0 1.0 1.0
0.9997618 0.9997016 0.9999949 0.9999933 0.9999939 0.99999315 0.99999684 0.99999315 0.99976397 0.9997037 0.99999416 0.9999949 0.9999945 0.99999285 0.9999963 0.9999937
1.0001185 0.9999032 0.99999404 1.0000024 1.0000074 1.0000002 0.9999951 1.0000002 0.99975985 1.0002161 0.99999243 0.9999951 0.99999446 0.9999973 0.9999999 0.9999991
1.0002997 1.0001017 1.0000001 1.0000086 1.000029 1.0000166 0.9999983 1.0000031 1.0000569 1.0001659 0.9999936 0.9999994 0.99999803 0.9999955 1.0000006 0.99999964
1.0003886 1.0001117 1.0000108 1.0000011 1.0000184 1.0000042 1.0000052 0.99999905 1.0001779 0.9999601 0.9999961 1.0000006 0.99999964 0.9999949 0.99999934 0.9999972
1.0003133 0.99997693 1.0000032 1.0000001 1.0000094 1.0 0.99999976 0.9999999 1.0000346 1.0000837 0.9999958 0.9999999 0.9999979 0.9999959 1.0000001 0.9999987
1.0000578 0.9998726 0.99999934 1.0000006 1.0000172 1.0000024 0.9999983 0.9999994 0.9999905 0.9999652 0.9999953 0.9999996 0.9999976 0.999994 0.99999946 0.99999815
1.0000861 0.99994266 1.0000017 0.9999968 1.0000033 0.9999993 0.9999999 0.99999636 1.0000182 0.99983406 0.9999953 0.99999976 0.9999983 0.99999267 0.9999966 0.99999505
0.99958694 0.9996355 0.99999267 0.9999976 0.99999857 0.9999966 0.999993 0.999997 0.99986035 0.9996826 0.99999255 0.9999941 0.9999967 0.9999954 0.9999962 0.9999937
0.99975485 1.0002117 0.99999547 0.9999938 0.9999926 0.9999999 0.99999905 0.99999714 1.0001098 0.9998987 0.9999935 0.9999946 1.0000077 1.0000024 0.99999994 1.0000004
1.0000272 1.0007037 0.99999386 1.000002 0.99999976 0.9999986 1.0000187 1.00002 1.0000205 1.0006816 0.9999937 0.9999988 0.99999964 1.0000017 1.0000198 1.0000191
1.0000738 1.0010918 0.9999994 1.000007 1.0000119 1.0000097 1.0000271 1.000039 1.0003903 1.0006326 0.9999972 0.9999994 1.0000057 1.0000145 1.0000155 1.0000247
1.0001541 1.001114 1.0000088 1.0000002 1.0000015 1.0000294 1.0000181 1.0000294 1.0006403 1.0003196 0.9999994 0.99999696 1.000016 1.0000238 1.0000125 1.0000162
1.0002223 1.0011066 1.0000026 0.99999994 0.99999946 1.0000222 1.0000126 1.0000224 1.0004752 1.0005355 0.99999774 0.99999803 1.0000168 1.0000188 1.0000129 1.0000167
0.9998879 1.0007309 0.99999905 1.0000004 1.0000011 1.0000082 1.0000138 1.0000305 1.0004863 1.0002952 0.9999978 0.9999979 1.0000136 1.0000168 1.0000048 1.0000134
0.9998905 1.000715 1.0000011 0.99999595 0.9999983 1.000016 1.0000004 1.0000149 1.0003843 1.0001485 0.9999981 0.9999945 1.0000128 1.0000137 0.99999964 1.0000052
0.99950516 1.0000395 0.9999925 0.9999973 0.99999434 0.9999963 1.0000018 1.0 1.0002632 0.999855 0.99999493 0.99999446 0.9999994 1.0000069 1.0000054 1.0000001
1.0000687 1.0001819 0.99999356 0.9999995 0.9999982 1.0000035 0.9999996 0.999995 1.000308 1.000102 1.0000007 0.9999984 1.0000303 1.0000085 1.0000166 1.0000027
1.0003932 1.000665 1.0000049 0.9999972 1.0000154 1.0000004 1.0000249 1.0000153 1.0000778 1.0010966 1.0000006 1.0000091 1.0000128 1.0000072 1.0000385 1.0000274
1.000773 1.0010817 1.0000266 1.0000069 1.000024 1.0000167 1.0000323 1.0000353 1.0007827 1.0010697 1.0000061 1.0000156 1.0000277 1.0000248 1.0000349 1.0000327
1.0008152 1.0010934 1.000014 1.0000266 1.0000142 1.0000339 1.0000229 1.0000257 1.001072 1.0006816 1.0000155 1.000007 1.0000364 1.0000322 1.0000341 1.0000257
1.0008795 1.0010849 1.0000055 1.0000196 1.0000107 1.000027 1.0000209 1.0000186 1.0008532 1.0008824 1.0000088 1.0000075 1.0000358 1.0000271 1.0000329 1.0000249
1.0003918 1.0006708 1.0000124 1.0000044 1.0000105 1.0000138 1.00002 1.0000252 1.0008217 1.0006431 1.0000072 1.0000064 1.0000346 1.0000246 1.0000257 1.0000236
1.0004331 1.0006722 1.0000013 1.0000129 1.0 1.0000238 1.0000019 1.0000081 1.0007467 1.0001931 1.000007 1.0000013 1.0000327 1.0000242 1.0000132 1.0000105
0.99989325 0.9999619 0.99999714 0.9999952 1.0000007 0.9999976 1.000005 0.9999992 1.0004436 1.0000333 1.0000025 0.999998 1.0000138 1.0000274 1.0000134 1.0000025
1.0001949 0.9999561 0.9999959 1.000003 0.9999995 0.99999976 0.99999744 0.9999945 1.0003937 1.0001222 1.0000111 1.0000054 1.0000194 1.0000015 1.0000042 0.9999989
1.0006516 1.0003375 1.0000161 1.0000002 1.0000246 0.99999774 1.0000172 1.0000134 1.0001523 1.0011264 1.0000088 1.000029 1.0000023 1.0000004 1.0000297 1.0000196
1.0010825 1.0006962 1.0000367 1.0000161 1.0000321 1.0000079 1.0000255 1.0000339 1.0008327 1.0010939 1.000027 1.0000341 1.0000134 1.0000155 1.0000257 1.000023
1.0011007 1.0007093 1.000027 1.0000335 1.0000225 1.0000279 1.0000136 1.0000232 1.0011021 1.0007033 1.000034 1.0000275 1.0000273 1.0000229 1.0000226 1.0000143
1.0011002 1.000702 1.000021 1.0000267 1.0000205 1.0000206 1.0000093 1.0000148 1.0008804 1.0008997 1.0000293 1.0000277 1.0000267 1.0000168 1.0000225 1.000014
1.0006799 1.0003065 1.000027 1.0000132 1.0000199 1.0000055 1.0000098 1.0000234 1.0008311 1.0006905 1.0000272 1.0000257 1.000024 1.0000135 1.0000118 1.0000137
1.0006831 1.0003561 1.0000106 1.0000236 1.0000018 1.000014 1.0 1.0000061 1.0007741 1.0002774 1.0000263 1.0000132 1.0000223 1.0000143 1.0000023 1.0000023
0.999979 0.99977887 0.9999998 0.99999756 1.0000045 0.99999464 1.0000001 0.9999989 1.0005383 1.0000573 1.0000162 1.0000051 1.0000026 1.0000161 1.0000042 0.9999986
1.0000331 1.0000874 0.9999956 1.0 0.9999979 0.99999976 0.99999857 0.9999954 1.0003287 0.99996895 1.0000038 0.99999994 1.0000108 1.0000002 1.0000004 0.9999997
1.0004976 1.0005425 1.0000168 0.99999833 1.0000191 0.99999785 1.0000181 1.0000118 1.0002208 1.0011214 1.0000031 1.000023 0.99999964 1.0000001 1.0000232 1.0000142
1.0008668 1.0008919 1.0000364 1.000009 1.0000272 1.0000074 1.0000253 1.0000337 1.0008957 1.0010854 1.0000213 1.0000272 1.0000069 1.0000103 1.0000188 1.0000209
1.0008874 1.0009207 1.0000267 1.0000291 1.0000159 1.0000278 1.000014 1.0000223 1.0010937 1.0006963 1.000027 1.0000204 1.0000217 1.0000207 1.0000151 1.0000088
1.0008717 1.0009277 1.00002 1.0000222 1.000012 1.0000216 1.00001 1.0000151 1.0008595 1.0009089 1.0000222 1.0000216 1.0000197 1.0000116 1.0000155 1.0000101
1.0004743 1.0005298 1.0000265 1.0000063 1.000013 1.0000049 1.000011 1.0000236 1.0008335 1.00075 1.0000207 1.00002 1.0000166 1.0000092 1.000005 1.0000087
1.0005035 1.0005348 1.0000098 1.0000161 1.0 1.0000144 1.0 1.0000067 1.0007688 1.0003184 1.0000199 1.0000051 1.0000149 1.0000093 1.0 1.0000008
0.9998726 0.9998983 0.9999995 0.9999955 1.0000006 0.9999962 1.0000002 0.99999964 1.0004401 0.99994195 1.0000061 0.99999976 0.9999999 1.0000067 1.0000021 0.9999995
1.0000106 0.99994665 0.99999475 0.99999964 0.9999981 0.99999934 0.99999803 0.9999935 1.0000782 0.9998593 0.9999991 0.99999833 1.0000186 1.0000006 1.0000021 0.99999946
1.0005028 1.000295 1.000015 0.999998 1.0000174 0.9999978 1.000014 1.0000051 0.9999077 1.0007335 0.99999887 1.0000076 1.0000011 1.0000004 1.0000287 1.000016
1.0008223 1.0006584 1.0000347 1.0000076 1.000025 1.0000067 1.0000237 1.0000252 1.0004133 1.0006692 1.0000055 1.0000141 1.0000136 1.000011 1.0000249 1.0000207
1.0008502 1.0007026 1.0000241 1.0000274 1.0000135 1.0000259 1.0000141 1.0000129 1.0006847 1.0003028 1.0000137 1.000005 1.0000263 1.0000206 1.0000226 1.0000099
1.0008448 1.0007613 1.0000165 1.0000206 1.0000095 1.0000194 1.0000094 1.0000051 1.0004705 1.0005224 1.0000058 1.000005 1.0000266 1.0000131 1.0000236 1.0000107
1.0004514 1.000307 1.0000246 1.0000046 1.0000103 1.0000046 1.00001 1.0000126 1.0004443 1.0003006 1.0000048 1.0000048 1.0000238 1.0000105 1.000012 1.0000097
1.0004748 1.0003664 1.0000073 1.0000138 1.0 1.0000128 0.99999994 1.000001 1.0004097 1.000013 1.0000057 1.0 1.0000236 1.0000103 1.0000012 1.0000012
0.99983037 0.999777 0.9999991 0.9999957 1.0 0.9999956 1.0000001 0.9999974 1.0002104 0.9998134 1.0000004 0.999998 1.0000012 1.0000151 1.0000029 0.9999993
1.000024 0.99984837 0.9999952 0.9999992 0.9999982 0.9999977 0.999995 0.9999928 1.0001003 0.99995214 1.0000015 0.99999994 1.0000032 0.99999714 0.9999994 0.9999964
1.000368 1.0001329 1.0000122 0.99999785 1.0000149 0.9999951 1.0000054 0.99999994 0.9999042 1.0007405 1.0000006 1.0000186 0.999999 0.9999963 1.0000165 1.0000002
1.0007553 1.0001967 1.0000335 1.0000069 1.0000241 1.0000008 1.0000112 1.0000137 1.0004677 1.0006642 1.0000141 1.0000231 1.0000012 1.0 1.0000076 1.0000011
1.0007827 1.0002558 1.0000226 1.0000263 1.0000145 1.0000137 1.0000015 1.000002 1.0006789 1.0003556 1.0000231 1.0000144 1.0000112 1.0000008 1.0000055 0.9999999
1.0007818 1.0003124 1.0000137 1.0000191 1.0000097 1.0000056 1.0000006 0.9999997 1.0005071 1.0005357 1.000017 1.0000147 1.0000106 1.0 1.0000062 1.0
1.0004202 1.0000104 1.0000235 1.0000049 1.0000106 1.0 1.0000012 1.0000008 1.0004715 1.0003551 1.0000137 1.0000122 1.0000067 0.99999994 1.0000011 0.9999998
1.000441 0.9999945 1.0000061 1.0000134 0.99999994 1.0000029 0.9999982 0.9999986 1.0004253 1.000011 1.0000129 1.0000029 1.0000057 0.9999998 0.9999985 0.99999803
0.99982727 0.99962276 0.99999946 0.9999956 1.0000001 0.99999326 0.99999905 0.9999952 1.000219 0.99990594 1.0000044 1.0 0.9999993 1.0000021 0.99999905 0.999996
0.9998685 0.99965537 0.99999255 0.9999941 0.99999785 0.9999953 0.9999965 0.99999344 0.9996556 0.9996566 0.9999935 0.999993 0.9999982 0.9999971 0.9999988 0.9999972
1.0002629 0.9998231 0.9999993 1.0000067 0.99999565 1.0000066 0.9999948 1.0000001 0.99958664 1.0000471 0.9999936 0.9999963 0.9999978 1.0000013 0.99999505 1.0000002
1.0004472 1.0000327 1.0000135 1.0000272 1.0000024 1.0000137 0.99999815 1.0000029 0.9998938 0.9999602 0.9999953 0.999998 1.0000006 1.0000049 0.99999744 0.9999994
1.0005217 1.0000433 1.0000024 1.0000163 1.0000163 1.0000038 1.0000046 0.99999887 0.9999842 0.99974614 0.999998 0.99999446 1.0000043 1.0000002 1.0 0.9999991
1.0004466 0.9999333 0.99999946 1.0000067 1.0000067 1.0000017 0.99999964 0.9999997 0.999847 0.99986786 0.999995 0.9999955 1.0000006 1.0 0.99999976 0.99999946
1.0002201 0.99982065 1.0000012 1.0000154 1.0000001 1.0000025 0.999998 0.9999991 0.99980587 0.9997697 0.99999523 0.9999959 1.0 1.0000002 0.99999905 0.99999756
1.0002271 0.9998868 0.9999986 1.0000018 1.0000044 0.9999988 0.99999976 0.9999958 0.9998179 0.99962765 0.99999607 0.99999356 1.0000001 0.99999917 0.9999994 0.999996
0.9997091 0.9996032 0.9999945 0.9999984 0.9999937 0.99999946 0.99999297 0.99999696 0.9997005 0.9996317 0.9999942 0.9999931 0.99999934 0.9999972 0.9999955 0.99999815
0.9995736 1.0002342 0.9999928 0.9999929 0.9999918 1.0000029 1.0000077 0.9999998 0.9995599 1.0002394 0.9999932 0.9999917 0.99999356 1.0000083 0.9999997 1.0000025
0.9995669 1.0003563 0.99999136 1.0000021 0.99999666 1.0000063 1.0000281 1.0000116 0.9997122 1.0006351 0.999992 0.9999941 0.99999505 1.0000058 1.0000163 1.0000151
1.0003171 1.0000567 1.0 1.0000287 1.0000128 1.0000002 1.0000155 1.0000008 0.99974656 1.0008267 0.9999941 0.9999936 0.99999785 1.0000159 1.0000145 1.0000253
1.000415 1.0001181 1.0000113 1.0000191 1.0000032 0.99999994 1.0000064 0.9999989 0.99968296 1.0006657 0.9999941 0.99999356 0.999995 1.0000169 1.0000145 1.0000182
0.9999498 1.0000556 1.0000001 1.0000035 0.9999979 1.0000002 1.0000148 1.0000006 0.9997215 1.0006506 0.9999934 0.9999933 0.9999951 1.000013 1.0000125 1.0000154
1.0001527 0.9998495 0.99999976 1.0000184 1.0000014 0.9999956 1.0000025 0.9999985 0.9996898 1.0004998 0.9999935 0.99999255 0.99999565 1.0000128 1.0000056 1.0000142
1.0000337 0.9994776 0.9999922 1.0000017 1.0000032 0.9999987 0.99999756 0.9999942 0.999665 1.0003811 0.9999929 0.999992 0.99999404 1.0000064 0.99999994 1.0000056
0.9996477 0.9997655 0.99999475 0.9999933 0.99999255 0.9999983 0.99999934 0.9999955 0.9995636 1.0000584 0.9999925 0.9999926 0.99999386 1.0000005 1.0000002 1.0000007
0.9997211 1.000645 0.99999195 1.0000055 0.9999951 0.99999356 1.0000147 1.0000165 0.99955285 1.0003597 0.9999909 1.0000017 0.9999966 1.0000294 1.0000124 1.0000066
0.9997274 1.000912 1.0 1.0000238 0.99999255 1.0000067 1.0000219 1.0000356 0.99971324 1.0009202 0.9999928 1.0 1.0000057 1.000026 1.0000348 1.0000236
1.0008881 1.0005308 1.0000254 1.0000088 1.0000063 1.0000361 1.0000099 1.0000241 0.9998693 1.0011009 0.99999475 1.0000051 1.0000036 1.0000349 1.0000343 1.0000293
1.001029 1.0006188 1.0000147 1.0000029 1.0000278 1.0000284 1.0000067 1.0000173 0.9997589 1.0009358 0.99999344 1.0000057 1.0000037 1.0000347 1.0000339 1.0000248
1.0003827 1.0005007 1.000001 1.0000099 1.000011 1.0000125 1.0000074 1.000025 0.999803 1.0009329 0.9999935 1.0000029 1.0000018 1.000034 1.0000317 1.0000226
1.0005567 1.0002233 1.0000126 1.000001 1.0000046 1.0000268 0.99999976 1.0000085 0.9996269 1.0007653 0.9999934 1.0000023 1.0 1.0000321 1.0000243 1.0000223
1.0005785 0.9997544 1.0000014 0.99999547 0.9999939 1.0000141 1.0000116 0.9999993 0.9997008 1.0005213 0.9999924 1.0000008 0.99999726 1.0000272 1.0000138 1.0000108
0.9998534 1.0000975 0.9999923 0.9999982 0.9999981 0.9999947 1.0000014 1.0 0.9994706 1.0002483 0.99999255 0.9999972 0.99999774 1.0000134 1.0000159 1.0000023
0.9997442 1.000844 0.9999932 1.0000156 0.9999971 0.99999267 1.0000242 1.0000144 1.0003203 1.000045 1.0000006 1.0000294 1.0000135 1.0000162 1.0000015 1.0000001
0.99986154 1.0011007 1.0000055 1.0000349 0.9999921 1.0000046 1.0000293 1.0000343 1.0008957 1.0005553 1.0000054 1.0000268 1.000036 1.0000085 1.0000247 1.0000093
1.0010929 1.0007 1.0000358 1.000023 1.0000132 1.0000347 1.0000196 1.0000223 1.001082 1.0006992 1.0000136 1.0000358 1.0000348 1.000024 1.0000219 1.0000192
1.0012218 1.000722 1.0000274 1.0000159 1.0000345 1.0000261 1.0000149 1.0000126 1.0009166 1.0005289 1.0000079 1.0000354 1.0000346 1.0000235 1.0000215 1.0000101
1.0004885 1.0006828 1.0000116 1.0000249 1.0000203 1.0000073 1.0000168 1.0000229 1.0009118 1.0005184 1.0000061 1.0000345 1.0000322 1.0000206 1.0000198 1.0000077
1.0007502 1.0003692 1.0000267 1.000008 1.0000124 1.0000247 1.0000001 1.0000067 1.0007466 1.0003977 1.0000054 1.0000327 1.0000255 1.0000194 1.0000079 1.0000076
1.0007477 0.99975383 1.0000111 0.9999991 0.9999961 1.0000242 1.0000086 0.9999981 1.0004566 1.0002027 1.0000012 1.0000274 1.0000148 1.0000119 1.0000019 1.000002
0.99992865 1.0001572 0.99999446 1.0 1.0000012 0.9999939 1.0000058 0.99999964 1.0003194 1.00002 0.99999917 1.0000156 1.0000184 1.0000024 1.0000036 0.9999994
0.99970055 1.0006821 0.9999934 1.0000169 0.9999952 0.9999932 1.0000187 1.0000142 1.000437 1.0001129 1.0000122 1.0000199 1.000003 1.0000068 0.9999991 0.9999999
0.99978095 1.0009428 1.000006 1.000035 0.99999344 1.0000048 1.0000249 1.0000337 1.0010557 1.0006278 1.0000281 1.0000149 1.0000288 1.0000039 1.000018 1.0000064
1.0009322 1.0005491 1.0000358 1.0000242 1.0000079 1.0000345 1.0000105 1.0000211 1.0012316 1.0007292 1.0000346 1.0000281 1.0000259 1.0000174 1.0000136 1.0000154
1.0010624 1.000554 1.0000283 1.0000165 1.0000315 1.0000257 1.0000076 1.0000117 1.0010474 1.0005459 1.0000306 1.0000285 1.0000262 1.000017 1.0000126 1.0000069
1.0003152 1.0005383 1.0000106 1.0000243 1.0000126 1.0000072 1.0000086 1.0000231 1.0010296 1.0005624 1.0000283 1.0000252 1.0000232 1.0000108 1.0000097 1.0000062
1.0005941 1.0002605 1.0000272 1.0000077 1.0000067 1.0000252 0.99999994 1.0000063 1.0008808 1.0004791 1.0000277 1.0000236 1.0000138 1.0000097 1.0000027 1.0000061
1.0005966 0.99971384 1.0000119 0.9999988 0.9999941 1.0000172 1.0000081 0.99999845 1.0005695 1.0002388 1.0000163 1.0000169 1.0000039 1.0000039 0.99999964 1.0000004
0.9998337 1.0000367 0.9999943 0.9999998 0.99999934 0.99999404 1.0000013 0.99999976 1.0003059 0.9999823 1.0000063 1.0000044 1.0000055 0.9999998 1.0000001 0.99999964
0.9997342 1.0006626 0.99999285 1.0000134 0.99999535 0.9999933 1.0000154 1.0000105 0.99993277 1.0000693 1.0000001 1.0000037 0.9999981 1.000016 1.0000007 1.0000002
0.9998091 1.0009401 1.0000043 1.0000333 0.9999932 1.0000025 1.0000231 1.0000318 1.000386 1.0005119 1.0000113 1.000001 1.0000123 1.00001 1.0000254 1.0000082
1.0009212 1.0005424 1.0000343 1.0000206 1.0000058 1.0000331 1.0000079 1.0000191 1.0004835 1.000694 1.000021 1.0000118 1.0000072 1.0000249 1.0000224 1.0000168
1.0010552 1.0005708 1.000025 1.0000112 1.0000287 1.0000232 1.0000057 1.0000098 1.0003071 1.0005267 1.0000128 1.0000099 1.0000069 1.0000246 1.0000226 1.0000085
1.0003244 1.0005509 1.0000067 1.0000225 1.0000099 1.0000056 1.0000079 1.0000206 1.000314 1.0005351 1.0000094 1.0000066 1.0000054 1.0000219 1.0000194 1.0000073
1.0006051 1.0002487 1.0000247 1.0000057 1.000005 1.0000234 0.9999998 1.0000044 1.0002465 1.0003834 1.0000095 1.0000056 1.0000008 1.0000198 1.0000088 1.0000073
1.0005896 0.99971837 1.0000076 0.99999815 0.9999947 1.0000149 1.0000067 0.99999845 1.0000705 1.0002221 1.0000024 1.0000019 0.99999833 1.0000125 1.0000012 1.0000012
0.999873 1.000038 0.999994 0.99999976 0.9999986 0.99999416 1.0000005 0.99999994 0.9997692 0.99997056 0.99999875 0.99999845 0.99999964 1.0000015 1.0000026 0.9999998
0.99966776 1.0004946 0.99999344 1.0000111 0.9999955 0.99999225 1.0000141 1.0000052 1.0001612 0.9998624 0.99999964 1.0000194 1.0000014 1.0000023 0.99999917 0.9999963
0.9996286 1.0007678 1.0000029 1.0000325 0.9999933 0.9999998 1.000022 1.0000241 1.0005715 1.0002481 1.0000055 1.0000132 1.0000267 1.0000004 1.0000079 0.99999994
1.0007502 1.000402 1.0000335 1.0000188 1.0000062 1.0000248 1.000008 1.0000077 1.0007527 1.0003754 1.0000135 1.0000266 1.0000242 1.0000082 1.0000057 1.0000002
1.0008935 1.0004886 1.000024 1.0000098 1.0000278 1.0000144 1.0000061 1.0000032 1.0005864 1.0002595 1.0000058 1.000027 1.000025 1.0000075 1.0000054 1.0
1.000251 1.0003922 1.0000057 1.0000216 1.0000103 1.0000004 1.0000073 1.0000095 1.0005897 1.0002494 1.0000054 1.0000244 1.0000223 1.0000052 1.0000042 1.0
1.0004454 1.0001224 1.0000236 1.0000045 1.0000049 1.000013 0.9999999 1.0000002 1.0004318 1.0001203 1.0000052 1.0000228 1.0000124 1.0000045 1.0000001 0.9999998
1.0004765 0.99965626 1.0000069 0.9999986 0.9999946 1.0000147 1.0000015 0.9999964 1.0002998 0.99999213 1.0000002 1.0000159 1.000002 1.0000011 0.99999905 0.9999982
0.99979603 1.0000013 0.9999942 0.9999998 0.9999986 0.99999315 1.0000006 0.99999845 1.0000288 0.99989355 0.999999 1.0000025 1.0000036 0.9999996 0.9999994 0.9999963
0.99964833 1.0004023 0.9999929 1.000006 0.99999374 0.99999213 1.0000066 1.0000006 1.0000534 0.9995406 0.9999929 1.0000014 1.0000033 0.99999934 0.9999976 0.9999946
0.9997053 1.0005003 1.0000005 1.000026 0.99999255 0.99999744 1.0000111 1.0000138 1.0006071 0.99974185 0.999994 1.0000162 1.0000012 1.0000128 0.9999956 0.99999964
1.0004596 1.0001909 1.0000268 1.0000122 1.0000014 1.0000154 1.0000012 1.0000015 1.0007497 0.9997583 0.99999624 1.0000236 1.0000123 1.0000085 0.99999946 0.9999983
1.0005602 1.0002357 1.000017 1.0000042 1.000017 1.0000042 1.0000004 0.99999964 1.0005972 0.9996776 0.9999942 1.0000185 1.0000119 1.0000086 0.99999917 0.9999987
1.0000634 1.0002185 1.0000024 1.0000134 1.0000023 0.99999845 1.0000013 1.0000011 1.0005935 0.9996866 0.9999943 1.0000151 1.0000072 1.0000063 0.9999982 0.9999982
1.0003049 0.9999902 1.0000163 1.0000014 1.0000004 1.0000018 0.9999984 0.99999905 1.0004687 0.9996368 0.9999947 1.0000145 1.0000067 1.0000013 0.99999833 0.9999964
1.0001892 0.9995977 1.0000019 0.99999714 0.9999928 1.0000044 0.99999934 0.99999475 1.0002013 0.9996056 0.9999933 1.0000043 1.0000021 0.9999994 0.99999726 0.99999565
0.99972284 0.99986446 0.9999934 0.999999 0.9999969 0.99999255 0.9999995 0.99999714 1.0000165 0.9996337 0.9999929 1.0 0.99999976 0.9999999 0.99999523 0.99999624
0.9995642 1.000032 0.9999924 1.0000005 0.9999929 1.0000008 0.99999326 1.0000007 0.9996381 0.9998042 0.9999936 0.99999225 0.9999943 0.9999987 0.9999993 0.99999654
0.999471 1.0002415 0.99999684 1.0000134 0.9999981 1.0000165 0.9999933 1.0000021 0.99983776 1.0001009 0.9999925 0.9999952 0.9999984 1.0000008 0.9999981 1.0
1.0003018 1.0000114 1.0000155 1.0000018 1.0000184 1.0000031 0.9999992 0.9999995 0.99991655 1.0001584 0.99999505 0.9999944 0.99999994 1.0000051 1.0000001 0.99999976
1.0002915 0.9999732 1.0000039 0.9999994 1.0000056 1.0 1.0000066 0.9999999 0.99982744 1.0000293 0.9999952 0.99999464 0.9999989 1.0000011 1.0 0.9999998
0.99976194 0.9999856 0.99999857 1.0000015 0.99999946 1.0000026 0.9999991 0.9999996 0.9998563 1.0000466 0.9999942 0.99999434 0.9999987 1.0000006 0.9999997 0.99999964
1.0000342 0.9998717 1.0000021 0.99999887 1.0000036 0.9999994 0.99999964 0.9999963 0.999812 1.0000025 0.9999943 0.9999935 0.9999989 1.0000008 0.9999995 0.9999983
1.0000091 0.9996157 0.99999917 0.9999945 0.9999997 0.999996 0.99999285 0.99999994 0.99972165 0.9998684 0.9999936 0.9999925 0.9999961 0.99999946 0.9999988 0.9999972
0.9995645 0.99973685 0.9999922 0.999995 0.99999297 0.99999744 0.9999959 0.99999744 0.9995677 0.9997565 0.99999213 0.9999924 0.99999535 0.99999744 0.99999595 0.99999744
0.99706256 0.997749 0.99999225 0.9999825 0.99997115 0.9999811 0.9999863 0.99999034 0.99688625 0.99761945 0.9999719 0.99999297 0.99998635 0.99998033 0.99998385 0.9999916
0.998667 0.9990553 0.99998325 1.0000575 0.99998087 0.9999894 0.9999772 1.0000463 0.99639374 0.9967141 0.99997914 0.99999 0.999984 0.9999723 1.0000021 0.9999896
1.0033159 1.0019488 1.0000393 1.0000216 1.0000372 1.0000268 1.000029 0.99999976 0.99623585 0.99689585 0.9999668 1.0000002 0.9999879 0.9999764 1.0000044 0.9999916
1.0018317 1.0002508 1.0000458 1.0000023 1.0000348 1.0000204 1.0000196 0.99999154 0.9972777 0.9966723 0.9999724 1.0000077 0.99999344 0.99997383 0.9999991 0.99998707
0.99905187 0.99900883 1.0000024 1.0000391 0.9999905 0.9999916 0.9999908 1.000015 0.99680185 0.99750507 0.9999789 0.9999995 0.9999872 0.9999765 1.0000011 0.9999886
1.0019238 1.0010614 1.0000275 0.99999523 1.0000224 1.0000192 1.0000056 0.99999344 0.997192 0.9968422 0.9999723 0.9999989 0.99998635 0.99997395 1.0000005 0.9999888
1.000467 0.9989796 1.0000116 1.0000006 1.0000157 1.0000011 1.0000018 0.9999953 0.99715143 0.9967009 0.9999761 1.0000021 0.9999904 0.9999782 0.99999094 0.9999856
0.99893665 0.9986252 0.9999742 0.9999969 0.9999906 0.9999881 0.999983 0.9999928 0.9968904 0.9974671 0.9999817 0.9999761 0.99999136 0.99998635 0.9999827 0.99999034
0.9965408 0.9967264 0.9999896 0.99997985 0.99998003 1.0000021 0.99999064 0.99997044 0.9985841 0.99905217 0.9999824 0.999974 0.9999805 1.0000577 0.9999874 1.0000472
0.99715024 0.9995981 0.9999759 1.0000439 0.99997973 0.9999856 1.0000952 0.9999852 0.9972528 0.9996282 0.99997526 0.9999861 0.9999805 1.0000452 0.9999843 1.0000952
1.002011 1.0044911 1.0000279 1.0000091 1.0000176 1.0000769 1.0000547 1.0000459 0.9988874 1.0000572 0.99998367 0.9999874 0.9999702 1.0000871 0.99998564 1.0001036
1.0006405 1.002927 1.000034 0.9999958 1.0000106 1.0000824 1.000023 1.0000412 1.0005915 0.99934614 0.9999894 0.99998146 0.99998385 1.0001091 0.9999821 1.000089
0.99842316 0.99957454 0.9999982 1.0000322 0.999987 1.0000281 1.0000768 0.9999925 0.99949133 0.9990798 0.9999822 0.999986 0.999989 1.0000904 0.9999811 1.0000856
1.000216 1.0031306 1.0000156 0.9999802 1.0000049 1.0000546 1.0000219 1.0000325 0.9986913 0.9992691 0.9999839 0.99998474 0.99997944 1.0000823 0.9999773 1.0000813
0.9992194 1.0014122 1.0000023 0.99999565 0.99999756 1.0000454 1.0000111 1.0000259 1.00007 0.99782234 0.99998736 0.99997735 0.99998194 1.0000904 0.9999813 1.00005
0.99850076 0.9992637 0.99997276 0.9999946 0.99998695 0.99998075 1.000009 0.9999905 0.9987045 0.99875957 0.999982 0.9999734 0.99998814 0.9999868 1.0000577 1.0000458
0.9961856 0.99671173 0.9999668 0.99999976 0.9999872 1.0000054 0.9999915 0.99997306 1.0034876 1.0020005 1.0000416 1.0000309 1.0000383 1.0000243 1.0000286 0.99999917
0.998662 1.0001378 0.99996984 0.99998194 1.0000868 0.9999871 1.0001068 0.99998736 1.0021057 1.0043513 1.0000292 1.000075 1.0000173 1.0000112 1.0000458 1.0000534
1.0037175 1.0047847 1.0000199 1.0000676 1.0000453 1.0000871 1.000062 1.0000525 1.0036834 1.0047344 1.000068 1.000084 1.0000203 1.000046 1.0000528 1.0000607
1.0020716 1.0033726 1.0000179 1.0000728 1.0000169 1.0000914 1.0000292 1.0000445 1.005149 1.0042591 1.0000896 1.0000691 1.0000434 1.0000651 1.000042 1.0000474
0.99880767 0.9999266 0.99998385 1.0000213 1.0000687 1.0000329 1.0000864 0.9999947 1.0043796 1.0040873 1.0000705 1.0000687 1.0000603 1.0000483 1.000037 1.000048
1.0024067 1.0035489 0.999999 1.000048 1.0000156 1.0000622 1.0000281 1.0000337 1.0037693 1.0040663 1.0000638 1.0000633 1.0000402 1.0000436 1.0000345 1.0000433
1.0008032 1.0018902 0.999999 1.0000386 1.0000049 1.0000523 1.0000162 1.0000288 1.0047394 1.0028267 1.0000712 1.0000329 1.0000412 1.0000525 1.0000178 1.000019
0.99887973 0.999637 0.9999863 0.9999787 1.0000046 0.99998224 1.0000155 0.99999326 1.003482 1.0016524 1.0000397 1.0000279 1.0000287 1.0000486 1.0000252 0.99999624
0.99722946 0.9967651 0.99997014 1.0000087 0.9999937 0.99999887 0.9999888 0.99997264 1.0019008 1.0002162 1.0000479 1.0000205 1.000035 1.0000026 1.0000211 0.999991
1.0007236 0.9994002 0.9999833 0.99998903 1.0001123 0.99998146 1.0000886 0.99998355 1.0007651 1.0029196 1.0000372 1.0000825 1.0000099 0.9999954 1.0000416 1.0000234
1.0052484 1.0042228 1.0000441 1.0000935 1.0000657 1.0000695 1.0000473 1.0000416 1.0021168 1.0033475 1.0000728 1.0000906 1.0000198 1.0000166 1.0000445 1.0000284
1.0039266 1.0026444 1.0000387 1.0000978 1.0000337 1.000074 1.0000159 1.0000398 1.0038877 1.0026709 1.000096 1.0000734 1.0000402 1.0000325 1.0000383 1.0000163
1.0005336 0.99923867 0.99999255 1.0000396 1.0000904 1.000022 1.0000694 0.99999046 1.0028471 1.0024642 1.0000767 1.0000744 1.0000564 1.0000188 1.0000341 1.000017
1.0040165 1.0028378 1.0000306 1.0000654 1.0000316 1.0000466 1.0000128 1.0000294 1.0020623 1.0025594 1.0000695 1.0000703 1.000036 1.000014 1.0000329 1.000016
1.0024229 1.0011957 1.0000247 1.0000588 1.0000226 1.0000361 1.0000029 1.000023 1.0033549 1.0014015 1.0000784 1.0000442 1.0000371 1.000023 1.0000113 1.000001
1.0000798 0.9991768 0.9999908 0.9999843 1.0000209 0.9999808 1.0000021 0.9999909 1.0019376 0.9998865 1.0000494 1.0000175 1.0000204 1.0000428 1.0000054 0.9999894
0.99702746 0.9974362 0.9999759 0.9999998 0.99998945 1.0000005 0.99998945 0.9999756 0.998892 0.9989186 1.0000018 0.9999906 0.9999904 1.0000408 0.9999914 1.0000153
0.99962574 0.9992292 0.99999106 0.9999826 1.0000914 0.9999855 1.0000886 0.9999812 0.9983101 0.99951315 0.9999977 1.0000271 0.999987 1.0000346 0.99999195 1.0000783
1.0043917 1.0041151 1.0000601 1.0000721 1.0000486 1.0000685 1.0000478 1.0000378 0.99880636 0.99987495 1.000021 1.0000324 0.99998397 1.000069 0.999995 1.0000861
1.0028936 1.0025489 1.0000576 1.0000767 1.0000192 1.0000763 1.0000175 1.0000348 1.0004661 0.9993385 1.0000374 1.0000224 0.9999926 1.0000913 0.99999046 1.0000693
0.9994826 0.9991725 0.9999982 1.0000241 1.0000709 1.0000234 1.0000708 0.99998957 0.9994429 0.99910206 1.0000237 1.0000219 0.99999785 1.0000696 0.99998903 1.0000693
1.0030328 1.0027754 1.0000372 1.0000485 1.0000144 1.0000496 1.0000153 1.0000256 0.9987146 0.99934345 1.0000181 1.0000203 0.99998903 1.0000663 0.9999921 1.0000663
1.0013248 1.0010988 1.0000337 1.0000368 1.0000037 1.000038 1.0000051 1.0000188 1.0001028 0.9991094 1.0000256 1.000006 0.9999903 1.0000731 0.9999874 1.0000405
0.999181 0.9992461 0.9999961 0.9999808 1.0000019 0.9999815 1.0000038 0.99999225 0.9990771 0.9987175 1.000005 0.9999892 0.999991 0.9999966 1.00004 1.0000136
0.9971233 0.9967287 0.9999714 0.9999992 0.9999882 1.0 0.999989 0.9999735 1.00203 1.001039 1.0000302 1.0000058 1.0000236 0.999997 1.0000172 0.999992
0.9988211 0.9992785 0.999982 0.9999842 1.0000834 0.9999839 1.0000825 0.9999797 1.0003649 1.0031167 1.0000182 1.0000557 1.0000052 0.9999835 1.0000317 1.000023
1.0037129 1.0041065 1.0000399 1.0000641 1.000044 1.000064 1.0000445 1.0000339 1.0024543 1.0034798 1.0000495 1.000061 0.9999997 1.0000165 1.000034 1.0000267
1.0020466 1.0026258 1.000037 1.0000691 1.0000134 1.0000716 1.0000159 1.0000322 1.0039977 1.0028499 1.0000658 1.0000477 1.0000305 1.0000312 1.0000292 1.0000132
0.99865246 0.99936074 0.9999891 1.0000182 1.0000669 1.0000203 1.0000672 0.99999225 1.0029978 1.002732 1.0000497 1.0000489 1.000037 1.0000145 1.0000259 1.0000147
1.0023012 1.0029318 1.0000268 1.0000442 1.0000107 1.0000472 1.0000145 1.0000153 1.0022911 1.0028677 1.0000429 1.0000461 1.000026 1.0000108 1.000015 1.0000156
1.0006391 1.0013374 1.0000185 1.0000335 1.0000018 1.000038 1.0000049 1.0000138 1.0035878 1.0010648 1.000053 1.0000218 1.000029 1.0000218 1.0000049 0.99998945
0.9990486 0.9993444 0.9999902 0.9999799 1.0000019 0.9999805 1.0000056 0.9999911 1.0020937 1.000908 1.0000294 1.0000045 1.0000167 1.0000315 0.99999785 0.9999917
0.9970172 0.99664265 0.99997604 1.0000024 0.9999902 0.99999106 0.9999857 0.9999789 1.0005004 0.9990472 1.0000137 1.0000014 1.0000157 1.0000005 1.0000018 0.99999577
1.0001208 0.9980866 0.9999828 0.99998695 1.0000902 0.99997735 1.0000516 0.9999823 0.9993911 1.0014619 1.0000036 1.0000473 0.9999981 0.99999714 1.0000263 1.0000125
1.0047364 1.0028057 1.0000397 1.0000722 1.0000519 1.0000354 1.0000179 1.0000168 1.0008606 1.0018309 1.0000416 1.0000526 0.9999999 1.0000064 1.0000292 1.0000166
1.003416 1.0014522 1.0000373 1.000081 1.0000231 1.0000423 0.9999996 1.0000111 1.0023992 1.0012263 1.0000587 1.0000355 1.0000257 1.0000216 1.000023 1.0000025
1.0001297 0.9990337 0.9999901 1.0000262 1.0000756 1.0000045 1.0000415 0.9999872 1.0013492 1.0010659 1.0000374 1.0000371 1.0000337 1.0000042 1.0000194 1.0000044
1.0036932 1.0011063 1.0000285 1.000053 1.0000225 1.0000223 0.99998885 1.0000043 1.000644 1.0013239 1.0000337 1.0000372 1.0000188 1.0000013 1.0000126 1.0000055
1.0020378 0.9999829 1.0000219 1.0000467 1.0000117 1.0000082 0.9999979 0.9999981 1.0019791 1.000019 1.0000453 1.0000094 1.0000218 1.0000116 0.99999934 0.99999803
0.99966294 0.9988913 0.9999925 0.99998164 1.0000092 0.9999778 0.9999974 0.99998707 1.0005955 0.99891084 1.0000156 0.9999998 1.0000019 1.000025 1.0000001 0.9999953
0.9967145 0.9973993 0.9999819 0.99997526 0.99999183 0.99998593 0.99998456 0.9999895 0.9990973 0.9986922 0.99997866 0.99998474 0.999999 0.99999356 0.9999908 0.99998873
0.9989148 0.9986615 0.9999863 0.9999882 0.99998176 1.000059 0.9999759 1.000044 0.9986941 0.9992802 0.99997735 0.99998033 0.99999744 1.000012 0.9999893 0.9999914
1.0033892 1.0015749 1.0000263 1.000048 1.0000414 1.0000238 1.000026 0.9999966 0.9988788 0.9995988 0.99997866 0.9999828 1.0000067 1.0000159 0.9999865 0.9999924
1.0019482 0.99982476 1.0000188 1.0000428 1.0000472 1.0000044 1.0000149 0.9999901 1.0000454 0.9991662 0.99998486 0.99997866 1.0000198 1.0000017 0.9999919 0.99999094
0.9989851 0.9987478 0.9999896 0.99999577 1.0000043 1.0000407 0.99998975 1.0000125 0.9991459 0.9990986 0.9999784 0.99997944 1.0000018 1.0000026 0.99999547 0.99999106
1.0022058 1.0008391 1.0000149 1.0000327 1.0000304 0.9999976 1.000002 0.9999917 0.99890447 0.9993135 0.9999777 0.9999797 1.0000012 1.0000057 0.99999017 0.99999166
1.0005896 0.9987307 1.0000011 1.000026 1.0000151 1.0 0.99999946 0.99999446 0.99963063 0.9988065 0.9999816 0.99997866 1.0000091 0.9999972 0.9999915 0.99998796
0.9988451 0.9983994 0.9999873 0.9999927 0.9999775 0.9999972 0.9999816 0.9999912 0.9987833 0.9985186 0.9999781 0.9999836 0.9999969 0.99999267 0.99998933 0.9999931
0.99676496 1.0005319 0.9999827 0.99997056 0.9999805 1.0000744 0.9999913 0.9999975 0.99659616 1.0007999 0.99997073 0.9999807 0.9999859 0.9999922 0.9999979 1.0000784
0.99975866 1.0056149 0.99998796 0.9999868 0.9999933 1.0000532 1.0000703 1.0000572 0.99652004 1.0028131 0.99996936 0.99997264 0.9999904 0.9999894 1.0000017 1.0001252
1.0040231 1.0001448 1.0000482 1.0000474 1.0000361 0.99999493 1.0000211 1.0000074 0.99669325 1.0035678 0.99997115 0.9999764 0.9999917 1.0000001 1.0000043 1.0001359
1.0013459 0.99876475 1.0000415 1.0000318 1.000018 1.0000364 0.9999887 0.9999887 0.9961993 1.0026163 0.9999767 0.99997264 0.9999863 1.0000056 0.9999994 1.0001194
0.9999282 1.0038573 1.0000067 0.9999949 0.9999943 1.0000138 1.0000408 1.0000305 0.9970368 1.0025504 0.99997306 0.999976 0.999988 1.0000006 0.9999994 1.0001197
1.0016826 0.99840176 1.0000267 1.00002 1.0000172 0.999992 0.99999624 0.99999434 0.9965892 1.0026116 0.99997425 0.99997383 0.99998856 0.99999684 0.999995 1.0001147
0.9998227 0.9991754 0.9999755 1.0000064 1.0000076 1.0000001 0.99999136 0.9999904 0.99658227 1.0006891 0.99997544 0.9999779 0.99998564 0.9999966 0.9999953 1.0000778
0.9962714 0.99959767 0.9999874 0.9999661 0.999978 1.0000002 0.9999937 0.999992 0.99628156 0.99910057 0.9999745 0.99997264 0.99998415 0.999989 0.9999876 1.00005
0.996309 1.0027052 0.99996847 0.99998903 0.9999896 0.99997014 1.0001239 1.0000029 0.9998484 1.0057354 0.999988 0.9999867 0.9999941 1.000071 1.0000592 1.0000547
1.0022321 1.0068827 0.99998623 1.0000688 0.99999905 0.9999993 1.0000978 1.0000939 1.0023195 1.0069246 0.9999998 0.99998665 0.9999988 1.0000707 1.0000942 1.0000973
1.0058072 1.0022681 1.0000473 1.0000196 1.0000975 1.0000687 1.0000173 1.0000359 1.003048 1.0072224 1.0000014 0.99999624 1.0000007 1.0000894 1.0001013 1.0001119
1.0034347 0.9996401 1.0000299 0.9999879 1.0000875 1.0000509 1.0000783 0.9999938 1.0020592 1.00677 0.9999942 1.0000019 0.9999954 1.0001017 1.000093 1.0000935
1.001157 1.0059837 0.9999941 1.0000395 1.0000435 1.0000008 1.0000578 1.0000675 1.0018662 1.0067892 0.9999983 0.9999967 0.9999952 1.0000958 1.0000873 1.0000947
1.0044395 1.0003585 1.0000194 0.9999953 1.0000678 1.0000424 1.000002 1.0000134 1.0020057 1.0066406 0.99999744 0.99999315 0.9999914 1.0000814 1.0000757 1.0000874
1.001764 0.99978673 1.0000062 0.9999904 0.9999833 1.0000498 1.000029 0.9999932 0.9999591 1.0057404 0.9999878 0.99999243 0.9999918 1.0000788 1.0000556 1.0000554
0.9962418 1.0005885 0.99996734 0.9999945 0.9999994 0.99996823 1.000024 0.99999833 1.0001888 1.0047741 0.99997956 0.9999947 0.99999374 1.0000613 1.0000579 1.0000275
0.9965107 1.0036176 0.99996865 0.9999997 0.9999909 0.9999729 1.0001383 1.000005 1.0041829 1.0003259 1.0000498 1.0000483 1.0000381 1.0000217 1.0000069 0.9999943
1.0032891 1.0072473 0.99999666 1.0000908 1.0000019 1.0000033 1.0001117 1.000101 1.0057924 1.0022851 1.000099 1.0000483 1.000068 1.0000213 1.0000366 1.0000175
1.0062178 1.0030881 1.0000646 1.0000327 1.000113 1.0000739 1.0000272 1.0000437 1.0061562 1.0030173 1.0001093 1.000065 1.0000738 1.000033 1.0000433 1.0000252
1.0041785 1.000292 1.0000448 0.9999916 1.0000983 1.000059 1.0000892 0.9999961 1.0056791 1.0020163 1.0000904 1.0000763 1.0000662 1.0000472 1.0000336 1.0000107
1.0018831 1.0061746 0.99999875 1.0000648 1.0000539 1.000002 1.0000668 1.0000714 1.0056787 1.0019542 1.0000912 1.0000687 1.0000618 1.0000354 1.0000299 1.0000125
1.004903 1.0009116 1.0000368 1.0000088 1.0000788 1.0000503 1.0000064 1.0000191 1.005495 1.0019435 1.0000864 1.0000584 1.0000551 1.0000266 1.000027 1.0000104
1.0023354 1.000161 1.0000232 0.9999913 0.9999847 1.0000573 1.0000322 0.9999958 1.0042734 1.00041 1.0000486 1.0000571 1.0000327 1.0000298 1.0000017 0.99999475
0.9964131 1.0010375 0.9999666 0.9999961 1.0000024 0.99997103 1.0000286 0.9999995 1.0028925 0.99888694 1.000041 1.0000399 1.0000361 1.0000098 1.0000058 0.9999831
0.9964076 1.0026969 0.99997365 1.0000073 0.9999867 0.9999707 1.0001211 1.0000012 1.0015376 0.9986153 1.0000446 1.0000334 1.0000185 0.9999884 0.9999889 1.0000393
1.002163 1.0068512 1.000004 1.0001029 0.99999523 0.9999983 1.0000932 1.0000938 1.0034637 0.99961 1.0000868 1.0000321 1.0000523 0.99998766 0.9999934 1.0000796
1.005711 1.0020047 1.0000764 1.0000478 1.0000926 1.0000682 1.0000088 1.0000345 1.0041324 1.0002152 1.0000979 1.0000463 1.0000575 0.9999912 0.9999962 1.0000894
1.0032362 0.99929625 1.0000614 0.9999974 1.0000813 1.0000488 1.0000696 0.9999916 1.0032233 0.9993374 1.0000807 1.0000598 1.0000466 0.999997 0.9999916 1.0000688
1.0008345 1.0057734 1.0000049 1.0000736 1.0000354 0.99999946 1.00005 1.0000662 1.0031604 0.9992551 1.0000832 1.0000501 1.0000418 0.9999931 0.99999064 1.0000709
1.0041177 0.9999097 1.0000521 1.0000207 1.0000602 1.000038 0.9999959 1.0000086 1.0031376 0.999451 1.0000768 1.0000355 1.000038 0.99998784 0.9999924 1.000068
1.0013468 0.9994333 1.0000335 0.999997 0.99998146 1.0000389 1.0000241 0.9999914 1.0015676 0.9989382 1.0000459 1.0000403 1.0000136 0.9999938 0.99998695 1.0000385
0.9964772 1.0003252 0.9999723 1.0000001 0.9999957 0.9999699 1.0000153 0.9999968 1.0002477 0.99863136 1.0000191 1.000022 1.0000194 0.9999909 0.9999899 1.0000165
0.9969376 1.0026511 0.9999719 1.000003 0.99998915 0.9999754 1.0001206 0.9999996 0.99994487 1.004114 1.0000069 0.9999959 0.9999945 1.0000434 1.000031 1.0000169
1.0020664 1.0068896 0.9999994 1.0000967 0.99999857 0.99999535 1.0000943 1.0000867 1.0011556 1.0060383 1.0000454 0.99999446 1.0000004 1.0000411 1.0000674 1.0000602
1.0057331 1.0019463 1.0000694 1.000037 1.0000911 1.0000625 1.0000122 1.0000298 1.0017962 1.0062821 1.000053 0.9999986 1.0000025 1.0000638 1.0000708 1.0000653
1.0031856 0.99926764 1.0000523 0.999993 1.0000833 1.0000429 1.0000722 0.9999907 1.0008533 1.0058451 1.0000342 1.0000048 0.9999987 1.0000726 1.0000644 1.0000507
1.0008124 1.005882 1.0000002 1.000068 1.0000378 0.9999983 1.0000527 1.0000633 1.0007806 1.0058078 1.0000358 1.0 0.99999803 1.0000664 1.0000612 1.0000521
1.0041593 0.9999882 1.0000403 1.0000117 1.0000628 1.000036 0.99999905 1.000007 1.0009197 1.0057787 1.0000342 0.9999959 0.9999993 1.0000576 1.0000484 1.000051
1.0014193 0.99957865 1.0000268 0.9999927 0.99998355 1.0000421 1.0000219 0.9999938 1.000123 1.004161 1.0000147 1.0000008 0.99999285 1.0000515 1.0000275 1.0000175
0.9970926 1.0002496 0.99997044 0.99999696 0.9999986 0.9999738 1.0000173 0.9999974 0.99858886 1.0015764 0.9999907 0.99999255 0.9999904 1.0000234 1.0000211 1.0
0.99644285 1.0025824 0.9999738 0.99999696 0.99998873 0.9999724 1.0001129 0.9999962 1.0018789 0.9986081 1.0000299 1.0000212 1.0000186 0.9999976 0.99999505 0.9999942
1.0020212 1.0067683 0.9999939 1.0000821 0.99999684 0.9999934 1.0000892 1.0000756 1.0044364 1.0003538 1.0000672 1.0000204 1.0000437 0.9999972 1.0000151 1.000003
1.0055826 1.0020363 1.0000582 1.0000275 1.0000858 1.0000547 1.0000107 1.0000274 1.0048972 1.0009003 1.0000784 1.000037 1.0000503 1.0000095 1.0000194 1.0000063
1.0032506 0.9994878 1.000036 0.9999881 1.0000788 1.0000374 1.0000706 0.9999924 1.0041052 0.9999184 1.0000604 1.0000526 1.0000371 1.0000217 1.0000091 0.9999956
1.0010034 1.0058827 0.99999607 1.0000588 1.000036 0.99999946 1.0000523 1.0000501 1.0041276 0.99994576 1.0000616 1.0000389 1.000035 1.000011 1.0000067 0.99999815
1.0042521 1.0001857 1.0000323 1.0000021 1.0000587 1.0000273 0.9999984 1.000003 1.0041475 1.0002158 1.0000578 1.0000316 1.0000267 1.0000018 1.0000025 0.9999978
1.0016503 0.99964374 1.0000179 0.99999267 0.9999818 1.0000426 1.0000169 0.9999934 1.0020409 0.9987711 1.0000312 1.0000285 1.0000155 1.0000054 0.99999344 0.99999386
0.99629027 1.0004833 0.99997234 0.9999958 0.9999973 0.99997085 1.000018 0.9999974 1.001214 0.9976664 1.0000085 1.0000216 1.0000198 0.9999967 0.9999953 0.9999906
0.9963972 1.0008992 0.99997467 0.9999978 0.9999855 0.9999773 1.0000789 0.9999955 1.0000085 0.9992527 0.99997973 1.0000087 1.0000098 1.0000013 0.99999136 0.9999918
1.0002422 1.0057385 0.9999947 1.0000781 0.9999878 0.9999929 1.0000551 1.0000529 1.0018002 0.9997971 0.99998313 1.00005 1.0000073 1.000029 0.9999907 0.9999938
1.0042906 1.0004784 1.0000572 1.0000297 1.0000519 1.0000314 0.99999344 1.0000029 1.0023135 1.0001317 0.9999853 1.0000575 1.0000246 1.0000323 0.99999225 0.99999547
1.0016395 0.9988254 1.0000399 0.9999944 1.0000447 1.0000131 1.0000408 0.99998647 1.0013752 0.9994248 0.99997973 1.0000389 1.0000334 1.0000246 0.9999968 0.9999912
1.0000701 1.0041195 1.000001 1.0000515 1.0000145 0.99999267 1.000017 1.0000279 1.0013744 0.9994758 0.99998134 1.0000422 1.0000262 1.0000225 0.99999267 0.9999926
1.0021092 0.9987057 1.0000296 1.0000052 1.0000311 1.0000147 0.9999932 0.99999243 1.0016346 0.9996193 0.99998164 1.0000408 1.0000173 1.0000163 0.9999914 0.9999934
1.0000399 0.99917287 1.00002 0.99999547 0.9999797 1.0000094 0.9999989 0.9999881 1.0000997 0.99908984 0.99998015 1.0000104 1.000019 0.9999998 0.9999951 0.9999889
0.99625033 0.999887 0.99997187 0.99999857 0.99998856 0.9999759 1.0000021 0.999992 0.9988887 0.9990082 0.99998635 0.99999994 1.0000025 1.0000014 0.9999928 0.99999106
0.9963355 0.99899083 0.9999749 0.9999882 0.9999727 0.9999891 0.9999824 1.000046 0.9961089 0.99967927 0.99996567 0.9999775 0.9999872 1.0000015 0.9999933 0.9999933
1.0001152 1.0046046 0.9999939 1.0000571 0.99999464 1.0000553 0.9999819 1.0000266 0.99627495 1.0006686 0.99996704 0.99997014 1.0 1.0000253 0.99999493 0.9999985
1.0028621 0.9988812 1.0000381 1.000009 1.0000334 1.0000062 1.0000377 0.9999839 0.99653465 1.0010337 0.9999687 0.9999743 1.0000014 1.000029 0.9999973 0.99999964
1.0002265 0.99870914 1.0000225 0.9999904 1.0000198 0.99998975 1.0000192 1.0000157 0.9961889 1.0003381 0.9999753 0.9999708 0.99999475 1.0000157 0.9999999 0.9999964
0.99857277 1.00151 0.9999908 1.0000237 0.99999005 1.0000232 0.99999124 0.9999995 0.9971638 1.0002487 0.9999712 0.9999744 0.9999986 1.0000165 0.9999971 0.9999973
1.0011637 0.997506 1.0000194 0.9999955 1.0000194 0.99999464 1.0000076 0.9999895 0.9963989 1.0005066 0.9999733 0.9999718 0.9999982 1.000019 0.9999957 0.9999973
0.9988161 0.9990252 1.0000019 0.9999916 1.0000015 0.9999906 0.99998504 1.0000011 0.996432 0.9998263 0.99997294 0.99997574 0.9999885 1.0000032 0.9999985 0.99999267
0.9971292 0.9993381 0.99997956 0.999993 0.9999775 0.99999255 0.9999829 0.9999961 0.9970525 0.9994365 0.9999795 0.99997616 0.99998057 0.9999976 0.99999464 0.9999926
1.0 1.0 1.0 1.0 1.0 1.0 1.0 1.0 1.0 1.0 1.0 1.0 1.0 1.0 1.0 1.0
1.0 1.0 1.0 1.0 1.0 1.0 1.0 1.0 1.0 1.0 1.0 1.0 1.0 1.0 1.0 1.0
1.0 1.0 1.0 1.0 1.0 1.0 1.0 1.0 1.0 1.0 1.0 1.0 1.0 1.0 1.0 1.0
1.0 1.0 1.0 1.0 1.0 1.0 1.0 1.0 1.0 1.0 1.0 1.0 1.0 1.0 1.0 1.0
1.0 1.0 1.0 1.0 1.0 1.0 1.0 1.0 1.0 1.0 1.0 1.0 1.0 1.0 1.0 1.0
1.0 1.0 1.0 1.0 1.0 1.0 1.0 1.0 1.0 1.0 1.0 1.0 1.0 1.0 1.0 1.0
1.0 1.0 1.0 1.0 1.0 1.0 1.0 1.0 1.0 1.0 1.0 1.0 1.0 1.0 1.0 1.0
1.0 1.0 1.0 1.0 1.0 1.0 1.0 1.0 1.0 1.0 1.0 1.0 1.0 1.0 1.0 1.0
1.0 1.0 1.0 1.0 1.0 1.0 1.0 1.0 1.0 1.0 1.0 1.0 1.0 1.0 1.0 1.0
1.0 1.0 1.0 1.0 1.0 1.0 1.0 1.0 1.0 1.0 1.0 1.0 1.0 1.0 1.0 1.0
1.0 1.0 1.0 1.0 1.0 1.0 1.0 1.0 1.0 1.0 1.0 1.0 1.0 1.0 1.0 1.0
1.0 1.0 1.0 1.0 1.0 1.0 1.0 1.0 1.0 1.0 1.0 1.0 1.0 1.0 1.0 1.0
1.0 1.0 1.0 1.0 1.0 1.0 1.0 1.0 1.0 1.0 1.0 1.0 1.0 1.0 1.0 1.0
1.0 1.0 1.0 1.0 1.0 1.0 1.0 1.0 1.0 1.0 1.0 1.0 1.0 1.0 1.0 1.0
1.0 1.0 1.0 1.0 1.0 1.0 1.0 1.0 1.0 1.0 1.0 1.0 1.0 1.0 1.0 1.0
1.0 1.0 1.0 1.0 1.0 1.0 1.0 1.0 1.0 1.0 1.0 1.0 1.0 1.0 1.0 1.0
1.0 1.0 1.0 1.0 1.0 1.0 1.0 1.0 1.0 1.0 1.0 1.0 1.0 1.0 1.0 1.0
1.0 1.0 1.0 1.0 1.0 1.0 1.0 1.0 1.0 1.0 1.0 1.0 1.0 1.0 1.0 1.0
1.0 1.0 1.0 1.0 1.0 1.0 1.0 1.0 1.0 1.0 1.0 1.0 1.0 1.0 1.0 1.0
1.0 1.0 1.0 1.0 1.0 1.0 1.0 1.0 1.0 1.0 1.0 1.0 1.0 1.0 1.0 1.0
1.0 1.0 1.0 1.0 1.0 1.0 1.0 1.0 1.0 1.0 1.0 1.0 1.0 1.0 1.0 1.0
1.0 1.0 1.0 1.0 1.0 1.0 1.0 1.0 1.0 1.0 1.0 1.0 1.0 1.0 1.0 1.0
1.0 1.0 1.0 1.0 1.0 1.0 1.0 1.0 1.0 1.0 1.0 1.0 1.0 1.0 1.0 1.0
1.0 1.0 1.0 1.0 1.0 1.0 1.0 1.0 1.0 1.0 1.0 1.0 1.0 1.0 1.0 1.0
1.0 1.0 1.0 1.0 1.0 1.0 1.0 1.0 1.0 1.0 1.0 1.0 1.0 1.0 1.0 1.0
1.0 1.0 1.0 1.0 1.0 1.0 1.0 1.0 1.0 1.0 1.0 1.0 1.0 1.0 1.0 1.0
1.0 1.0 1.0 1.0 1.0 1.0 1.0 1.0 1.0 1.0 1.0 1.0 1.0 1.0 1.0 1.0
1.0 1.0 1.0 1.0 1.0 1.0 1.0 1.0 1.0 1.0 1.0 1.0 1.0 1.0 1.0 1.0
1.0 1.0 1.0 1.0 1.0 1.0 1.0 1.0 1.0 1.0 1.0 1.0 1.0 1.0 1.0 1.0
1.0 1.0 1.0 1.0 1.0 1.0 1.0 1.0 1.0 1.0 1.0 1.0 1.0 1.0 1.0 1.0
1.0 1.0 1.0 1.0 1.0 1.0 1.0 1.0 1.0 1.0 1.0 1.0 1.0 1.0 1.0 1.0
1.0 1.0 1.0 1.0 1.0 1.0 1.0 1.0 1.0 1.0 1.0 1.0 1.0 1.0 1.0 1.0
1.0 1.0 1.0 1.0 1.0 1.0 1.0 1.0 1.0 1.0 1.0 1.0 1.0 1.0 1.0 1.0
1.0 1.0 1.0 1.0 1.0 1.0 1.0 1.0 1.0 1.0 1.0 1.0 1.0 1.0 1.0 1.0
1.0 1.0 1.0 1.0 1.0 1.0 1.0 1.0 1.0 1.0 1.0 1.0 1.0 1.0 1.0 1.0
1.0 1.0 1.0 1.0 1.0 1.0 1.0 1.0 1.0 1.0 1.0 1.0 1.0 1.0 1.0 1.0
1.0 1.0 1.0 1.0 1.0 1.0 1.0 1.0 1.0 1.0 1.0 1.0 1.0 1.0 1.0 1.0
1.0 1.0 1.0 1.0 1.0 1.0 1.0 1.0 1.0 1.0 1.0 1.0 1.0 1.0 1.0 1.0
1.0 1.0 1.0 1.0 1.0 1.0 1.0 1.0 1.0 1.0 1.0 1.0 1.0 1.0 1.0 1.0
1.0 1.0 1.0 1.0 1.0 1.0 1.0 1.0 1.0 1.0 1.0 1.0 1.0 1.0 1.0 1.0
1.0 1.0 1.0 1.0 1.0 1.0 1.0 1.0 1.0 1.0 1.0 1.0 1.0 1.0 1.0 1.0
1.0 1.0 1.0 1.0 1.0 1.0 1.0 1.0 1.0 1.0 1.0 1.0 1.0 1.0 1.0 1.0
1.0 1.0 1.0 1.0 1.0 1.0 1.0 1.0 1.0 1.0 1.0 1.0 1.0 1.0 1.0 1.0
1.0 1.0 1.0 1.0 1.0 1.0 1.0 1.0 1.0 1.0 1.0 1.0 1.0 1.0 1.0 1.0
1.0 1.0 1.0 1.0 1.0 1.0 1.0 1.0 1.0 1.0 1.0 1.0 1.0 1.0 1.0 1.0
1.0 1.0 1.0 1.0 1.0 1.0 1.0 1.0 1.0 1.0 1.0 1.0 1.0 1.0 1.0 1.0
1.0 1.0 1.0 1.0 1.0 1.0 1.0 1.0 1.0 1.0 1.0 1.0 1.0 1.0 1.0 1.0
1.0 1.0 1.0 1.0 1.0 1.0 1.0 1.0 1.0 1.0 1.0 1.0 1.0 1.0 1.0 1.0
1.0 1.0 1.0 1.0 1.0 1.0 1.0 1.0 1.0 1.0 1.0 1.0 1.0 1.0 1.0 1.0
1.0 1.0 1.0 1.0 1.0 1.0 1.0 1.0 1.0 1.0 1.0 1.0 1.0 1.0 1.0 1.0
1.0 1.0 1.0 1.0 1.0 1.0 1.0 1.0 1.0 1.0 1.0 1.0 1.0 1.0 1.0 1.0
1.0 1.0 1.0 1.0 1.0 1.0 1.0 1.0 1.0 1.0 1.0 1.0 1.0 1.0 1.0 1.0
1.0 1.0 1.0 1.0 1.0 1.0 1.0 1.0 1.0 1.0 1.0 1.0 1.0 1.0 1.0 1.0
1.0 1.0 1.0 1.0 1.0 1.0 1.0 1.0 1.0 1.0 1.0 1.0 1.0 1.0 1.0 1.0
1.0 1.0 1.0 1.0 1.0 1.0 1.0 1.0 1.0 1.0 1.0 1.0 1.0 1.0 1.0 1.0
1.0 1.0 1.0 1.0 1.0 1.0 1.0 1.0 1.0 1.0 1.0 1.0 1.0 1.0 1.0 1.0
1.0 1.0 1.0 1.0 1.0 1.0 1.0 1.0 1.0 1.0 1.0 1.0 1.0 1.0 1.0 1.0
1.0 1.0 1.0 1.0 1.0 1.0 1.0 1.0 1.0 1.0 1.0 1.0 1.0 1.0 1.0 1.0
1.0 1.0 1.0 1.0 1.0 1.0 1.0 1.0 1.0 1.0 1.0 1.0 1.0 1.0 1.0 1.0
1.0 1.0 1.0 1.0 1.0 1.0 1.0 1.0 1.0 1.0 1.0 1.0 1.0 1.0 1.0 1.0
1.0 1.0 1.0 1.0 1.0 1.0 1.0 1.0 1.0 1.0 1.0 1.0 1.0 1.0 1.0 1.0
1.0 1.0 1.0 1.0 1.0 1.0 1.0 1.0 1.0 1.0 1.0 1.0 1.0 1.0 1.0 1.0
1.0 1.0 1.0 1.0 1.0 1.0 1.0 1.0 1.0 1.0 1.0 1.0 1.0 1.0 1.0 1.0
1.0 1.0 1.0 1.0 1.0 1.0 1.0 1.0 1.0 1.0 1.0 1.0 1.0 1.0 1.0 1.0
1.0 1.0 1.0 1.0 1.0 1.0 1.0 1.0 1.0 1.0 1.0 1.0 1.0 1.0 1.0 1.0
1.0 1.0 1.0 1.0 1.0 1.0 1.0 1.0 1.0 1.0 1.0 1.0 1.0 1.0 1.0 1.0
1.0 1.0 1.0 1.0 1.0 1.0 1.0 1.0 1.0 1.0 1.0 1.0 1.0 1.0 1.0 1.0
1.0 1.0 1.0 1.0 1.0 1.0 1.0 1.0 1.0 1.0 1.0 1.0 1.0 1.0 1.0 1.0
1.0 1.0 1.0 1.0 1.0 1.0 1.0 1.0 1.0 1.0 1.0 1.0 1.0 1.0 1.0 1.0
1.0 1.0 1.0 1.0 1.0 1.0 1.0 1.0 1.0 1.0 1.0 1.0 1.0 1.0 1.0 1.0
1.0 1.0 1.0 1.0 1.0 1.0 1.0 1.0 1.0 1.0 1.0 1.0 1.0 1.0 1.0 1.0
1.0 1.0 1.0 1.0 1.0 1.0 1.0 1.0 1.0 1.0 1.0 1.0 1.0 1.0 1.0 1.0
1.0 1.0 1.0 1.0 1.0 1.0 1.0 1.0 1.0 1.0 1.0 1.0 1.0 1.0 1.0 1.0
1.0 1.0 1.0 1.0 1.0 1.0 1.0 1.0 1.0 1.0 1.0 1.0 1.0 1.0 1.0 1.0
1.0 1.0 1.0 1.0 1.0 1.0 1.0 1.0 1.0 1.0 1.0 1.0 1.0 1.0 1.0 1.0
1.0 1.0 1.0 1.0 1.0 1.0 1.0 1.0 1.0 1.0 1.0 1.0 1.0 1.0 1.0 1.0
1.0 1.0 1.0 1.0 1.0 1.0 1.0 1.0 1.0 1.0 1.0 1.0 1.0 1.0 1.0 1.0
1.0 1.0 1.0 1.0 1.0 1.0 1.0 1.0 1.0 1.0 1.0 1.0 1.0 1.0 1.0 1.0
1.0 1.0 1.0 1.0 1.0 1.0 1.0 1.0 1.0 1.0 1.0 1.0 1.0 1.0 1.0 1.0
1.0 1.0 1.0 1.0 1.0 1.0 1.0 1.0 1.0 1.0 1.0 1.0 1.0 1.0 1.0 1.0
1.0 1.0 1.0 1.0 1.0 1.0 1.0 1.0 1.0 1.0 1.0 1.0 1.0 1.0 1.0 1.0
1.0 1.0 1.0 1.0 1.0 1.0 1.0 1.0 1.0 1.0 1.0 1.0 1.0 1.0 1.0 1.0
1.0 1.0 1.0 1.0 1.0 1.0 1.0 1.0 1.0 1.0 1.0 1.0 1.0 1.0 1.0 1.0
1.0 1.0 1.0 1.0 1.0 1.0 1.0 1.0 1.0 1.0 1.0 1.0 1.0 1.0 1.0 1.0
1.0 1.0 1.0 1.0 1.0 1.0 1.0 1.0 1.0 1.0 1.0 1.0 1.0 1.0 1.0 1.0
1.0 1.0 1.0 1.0 1.0 1.0 1.0 1.0 1.0 1.0 1.0 1.0 1.0 1.0 1.0 1.0
1.0 1.0 1.0 1.0 1.0 1.0 1.0 1.0 1.0 1.0 1.0 1.0 1.0 1.0 1.0 1.0
1.0 1.0 1.0 1.0 1.0 1.0 1.0 1.0 1.0 1.0 1.0 1.0 1.0 1.0 1.0 1.0
1.0 1.0 1.0 1.0 1.0 1.0 1.0 1.0 1.0 1.0 1.0 1.0 1.0 1.0 1.0 1.0
1.0 1.0 1.0 1.0 1.0 1.0 1.0 1.0 1.0 1.0 1.0 1.0 1.0 1.0 1.0 1.0
1.0 1.0 1.0 1.0 1.0 1.0 1.0 1.0 1.0 1.0 1.0 1.0 1.0 1.0 1.0 1.0
1.0 1.0 1.0 1.0 1.0 1.0 1.0 1.0 1.0 1.0 1.0 1.0 1.0 1.0 1.0 1.0
1.0 1.0 1.0 1.0 1.0 1.0 1.0 1.0 1.0 1.0 1.0 1.0 1.0 1.0 1.0 1.0
1.0 1.0 1.0 1.0 1.0 1.0 1.0 1.0 1.0 1.0 1.0 1.0 1.0 1.0 1.0 1.0
1.0 1.0 1.0 1.0 1.0 1.0 1.0 1.0 1.0 1.0 1.0 1.0 1.0 1.0 1.0 1.0
1.0 1.0 1.0 1.0 1.0 1.0 1.0 1.0 1.0 1.0 1.0 1.0 1.0 1.0 1.0 1.0
1.0 1.0 1.0 1.0 1.0 1.0 1.0 1.0 1.0 1.0 1.0 1.0 1.0 1.0 1.0 1.0
1.0 1.0 1.0 1.0 1.0 1.0 1.0 1.0 1.0 1.0 1.0 1.0 1.0 1.0 1.0 1.0
1.0 1.0 1.0 1.0 1.0 1.0 1.0 1.0 1.0 1.0 1.0 1.0 1.0 1.0 1.0 1.0
1.0 1.0 1.0 1.0 1.0 1.0 1.0 1.0 1.0 1.0 1.0 1.0 1.0 1.0 1.0 1.0
1.0 1.0 1.0 1.0 1.0 1.0 1.0 1.0 1.0 1.0 1.0 1.0 1.0 1.0 1.0 1.0
1.0 1.0 1.0 1.0 1.0 1.0 1.0 1.0 1.0 1.0 1.0 1.0 1.0 1.0 1.0 1.0
1.0 1.0 1.0 1.0 1.0 1.0 1.0 1.0 1.0 1.0 1.0 1.0 1.0 1.0 1.0 1.0
1.0 1.0 1.0 1.0 1.0 1.0 1.0 1.0 1.0 1.0 1.0 1.0 1.0 1.0 1.0 1.0
1.0 1.0 1.0 1.0 1.0 1.0 1.0 1.0 1.0 1.0 1.0 1.0 1.0 1.0 1.0 1.0
1.0 1.0 1.0 1.0 1.0 1.0 1.0 1.0 1.0 1.0 1.0 1.0 1.0 1.0 1.0 1.0
1.0 1.0 1.0 1.0 1.0 1.0 1.0 1.0 1.0 1.0 1.0 1.0 1.0 1.0 1.0 1.0
1.0 1.0 1.0 1.0 1.0 1.0 1.0 1.0 1.0 1.0 1.0 1.0 1.0 1.0 1.0 1.0
1.0 1.0 1.0 1.0 1.0 1.0 1.0 1.0 1.0 1.0 1.0 1.0 1.0 1.0 1.0 1.0
1.0 1.0 1.0 1.0 1.0 1.0 1.0 1.0 1.0 1.0 1.0 1.0 1.0 1.0 1.0 1.0
1.0 1.0 1.0 1.0 1.0 1.0 1.0 1.0 1.0 1.0 1.0 1.0 1.0 1.0 1.0 1.0
1.0 1.0 1.0 1.0 1.0 1.0 1.0 1.0 1.0 1.0 1.0 1.0 1.0 1.0 1.0 1.0
1.0 1.0 1.0 1.0 1.0 1.0 1.0 1.0 1.0 1.0 1.0 1.0 1.0 1.0 1.0 1.0
1.0 1.0 1.0 1.0 1.0 1.0 1.0 1.0 1.0 1.0 1.0 1.0 1.0 1.0 1.0 1.0
1.0 1.0 1.0 1.0 1.0 1.0 1.0 1.0 1.0 1.0 1.0 1.0 1.0 1.0 1.0 1.0
1.0 1.0 1.0 1.0 1.0 1.0 1.0 1.0 1.0 1.0 1.0 1.0 1.0 1.0 1.0 1.0
1.0 1.0 1.0 1.0 1.0 1.0 1.0 1.0 1.0 1.0 1.0 1.0 1.0 1.0 1.0 1.0
1.0 1.0 1.0 1.0 1.0 1.0 1.0 1.0 1.0 1.0 1.0 1.0 1.0 1.0 1.0 1.0
1.0 1.0 1.0 1.0 1.0 1.0 1.0 1.0 1.0 1.0 1.0 1.0 1.0 1.0 1.0 1.0
1.0 1.0 1.0 1.0 1.0 1.0 1.0 1.0 1.0 1.0 1.0 1.0 1.0 1.0 1.0 1.0
1.0 1.0 1.0 1.0 1.0 1.0 1.0 1.0 1.0 1.0 1.0 1.0 1.0 1.0 1.0 1.0
1.0 1.0 1.0 1.0 1.0 1.0 1.0 1.0 1.0 1.0 1.0 1.0 1.0 1.0 1.0 1.0
1.0 1.0 1.0 1.0 1.0 1.0 1.0 1.0 1.0 1.0 1.0 1.0 1.0 1.0 1.0 1.0
1.0 1.0 1.0 1.0 1.0 1.0 1.0 1.0 1.0 1.0 1.0 1.0 1.0 1.0 1.0 1.0
1.0 1.0 1.0 1.0 1.0 1.0 1.0 1.0 1.0 1.0 1.0 1.0 1.0 1.0 1.0 1.0
1.0 1.0 1.0 1.0 1.0 1.0 1.0 1.0 1.0 1.0 1.0 1.0 1.0 1.0 1.0 1.0
1.0 1.0 1.0 1.0 1.0 1.0 1.0 1.0 1.0 1.0 1.0 1.0 1.0 1.0 1.0 1.0
1.0 1.0 1.0 1.0 1.0 1.0 1.0 1.0 1.0 1.0 1.0 1.0 1.0 1.0 1.0 1.0
1.0 1.0 1.0 1.0 1.0 1.0 1.0 1.0 1.0 1.0 1.0 1.0 1.0 1.0 1.0 1.0
1.0 1.0 1.0 1.0 1.0 1.0 1.0 1.0 1.0 1.0 1.0 1.0 1.0 1.0 1.0 1.0
1.0 1.0 1.0 1.0 1.0 1.0 1.0 1.0 1.0 1.0 1.0 1.0 1.0 1.0 1.0 1.0
1.0 1.0 1.0 1.0 1.0 1.0 1.0 1.0 1.0 1.0 1.0 1.0 1.0 1.0 1.0 1.0
1.0 1.0 1.0 1.0 1.0 1.0 1.0 1.0 1.0 1.0 1.0 1.0 1.0 1.0 1.0 1.0
1.0 1.0 1.0 1.0 1.0 1.0 1.0 1.0 1.0 1.0 1.0 1.0 1.0 1.0 1.0 1.0
1.0 1.0 1.0 1.0 1.0 1.0 1.0 1.0 1.0 1.0 1.0 1.0 1.0 1.0 1.0 1.0
1.0 1.0 1.0 1.0 1.0 1.0 1.0 1.0 1.0 1.0 1.0 1.0 1.0 1.0 1.0 1.0
1.0 1.0 1.0 1.0 1.0 1.0 1.0 1.0 1.0 1.0 1.0 1.0 1.0 1.0 1.0 1.0
1.0 1.0 1.0 1.0 1.0 1.0 1.0 1.0 1.0 1.0 1.0 1.0 1.0 1.0 1.0 1.0
1.0 1.0 1.0 1.0 1.0 1.0 1.0 1.0 1.0 1.0 1.0 1.0 1.0 1.0 1.0 1.0
1.0 1.0 1.0 1.0 1.0 1.0 1.0 1.0 1.0 1.0 1.0 1.0 1.0 1.0 1.0 1.0
1.0 1.0 1.0 1.0 1.0 1.0 1.0 1.0 1.0 1.0 1.0 1.0 1.0 1.0 1.0 1.0
1.0 1.0 1.0 1.0 1.0 1.0 1.0 1.0 1.0 1.0 1.0 1.0 1.0 1.0 1.0 1.0
1.0 1.0 1.0 1.0 1.0 1.0 1.0 1.0 1.0 1.0 1.0 1.0 1.0 1.0 1.0 1.0
1.0 1.0 1.0 1.0 1.0 1.0 1.0 1.0 1.0 1.0 1.0 1.0 1.0 1.0 1.0 1.0
1.0 1.0 1.0 1.0 1.0 1.0 1.0 1.0 1.0 1.0 1.0 1.0 1.0 1.0 1.0 1.0
1.0 1.0 1.0 1.0 1.0 1.0 1.0 1.0 1.0 1.0 1.0 1.0 1.0 1.0 1.0 1.0
1.0 1.0 1.0 1.0 1.0 1.0 1.0 1.0 1.0 1.0 1.0 1.0 1.0 1.0 1.0 1.0
1.0 1.0 1.0 1.0 1.0 1.0 1.0 1.0 1.0 1.0 1.0 1.0 1.0 1.0 1.0 1.0
1.0 1.0 1.0 1.0 1.0 1.0 1.0 1.0 1.0 1.0 1.0 1.0 1.0 1.0 1.0 1.0
1.0 1.0 1.0 1.0 1.0 1.0 1.0 1.0 1.0 1.0 1.0 1.0 1.0 1.0 1.0 1.0
1.0 1.0 1.0 1.0 1.0 1.0 1.0 1.0 1.0 1.0 1.0 1.0 1.0 1.0 1.0 1.0
1.0 1.0 1.0 1.0 1.0 1.0 1.0 1.0 1.0 1.0 1.0 1.0 1.0 1.0 1.0 1.0
1.0 1.0 1.0 1.0 1.0 1.0 1.0 1.0 1.0 1.0 1.0 1.0 1.0 1.0 1.0 1.0
1.0 1.0 1.0 1.0 1.0 1.0 1.0 1.0 1.0 1.0 1.0 1.0 1.0 1.0 1.0 1.0
1.0 1.0 1.0 1.0 1.0 1.0 1.0 1.0 1.0 1.0 1.0 1.0 1.0 1.0 1.0 1.0
1.0 1.0 1.0 1.0 1.0 1.0 1.0 1.0 1.0 1.0 1.0 1.0 1.0 1.0 1.0 1.0
1.0 1.0 1.0 1.0 1.0 1.0 1.0 1.0 1.0 1.0 1.0 1.0 1.0 1.0 1.0 1.0
1.0 1.0 1.0 1.0 1.0 1.0 1.0 1.0 1.0 1.0 1.0 1.0 1.0 1.0 1.0 1.0
1.0 1.0 1.0 1.0 1.0 1.0 1.0 1.0 1.0 1.0 1.0 1.0 1.0 1.0 1.0 1.0
1.0 1.0 1.0 1.0 1.0 1.0 1.0 1.0 1.0 1.0 1.0 1.0 1.0 1.0 1.0 1.0
1.0 1.0 1.0 1.0 1.0 1.0 1.0 1.0 1.0 1.0 1.0 1.0 1.0 1.0 1.0 1.0
1.0 1.0 1.0 1.0 1.0 1.0 1.0 1.0 1.0 1.0 1.0 1.0 1.0 1.0 1.0 1.0
1.0 1.0 1.0 1.0 1.0 1.0 1.0 1.0 1.0 1.0 1.0 1.0 1.0 1.0 1.0 1.0
1.0 1.0 1.0 1.0 1.0 1.0 1.0 1.0 1.0 1.0 1.0 1.0 1.0 1.0 1.0 1.0
1.0 1.0 1.0 1.0 1.0 1.0 1.0 1.0 1.0 1.0 1.0 1.0 1.0 1.0 1.0 1.0
1.0 1.0 1.0 1.0 1.0 1.0 1.0 1.0 1.0 1.0 1.0 1.0 1.0 1.0 1.0 1.0
1.0 1.0 1.0 1.0 1.0 1.0 1.0 1.0 1.0 1.0 1.0 1.0 1.0 1.0 1.0 1.0
1.0 1.0 1.0 1.0 1.0 1.0 1.0 1.0 1.0 1.0 1.0 1.0 1.0 1.0 1.0 1.0
1.0 1.0 1.0 1.0 1.0 1.0 1.0 1.0 1.0 1.0 1.0 1.0 1.0 1.0 1.0 1.0
1.0 1.0 1.0 1.0 1.0 1.0 1.0 1.0 1.0 1.0 1.0 1.0 1.0 1.0 1.0 1.0
1.0 1.0 1.0 1.0 1.0 1.0 1.0 1.0 1.0 1.0 1.0 1.0 1.0 1.0 1.0 1.0
1.0 1.0 1.0 1.0 1.0 1.0 1.0 1.0 1.0 1.0 1.0 1.0 1.0 1.0 1.0 1.0
1.0 1.0 1.0 1.0 1.0 1.0 1.0 1.0 1.0 1.0 1.0 1.0 1.0 1.0 1.0 1.0
1.0 1.0 1.0 1.0 1.0 1.0 1.0 1.0 1.0 1.0 1.0 1.0 1.0 1.0 1.0 1.0
1.0 1.0 1.0 1.0 1.0 1.0 1.0 1.0 1.0 1.0 1.0 1.0 1.0 1.0 1.0 1.0
1.0 1.0 1.0 1.0 1.0 1.0 1.0 1.0 1.0 1.0 1.0 1.0 1.0 1.0 1.0 1.0
1.0 1.0 1.0 1.0 1.0 1.0 1.0 1.0 1.0 1.0 1.0 1.0 1.0 1.0 1.0 1.0
1.0 1.0 1.0 1.0 1.0 1.0 1.0 1.0 1.0 1.0 1.0 1.0 1.0 1.0 1.0 1.0
1.0 1.0 1.0 1.0 1.0 1.0 1.0 1.0 1.0 1.0 1.0 1.0 1.0 1.0 1.0 1.0
1.0 1.0 1.0 1.0 1.0 1.0 1.0 1.0 1.0 1.0 1.0 1.0 1.0 1.0 1.0 1.0
1.0 1.0 1.0 1.0 1.0 1.0 1.0 1.0 1.0 1.0 1.0 1.0 1.0 1.0 1.0 1.0
1.0 1.0 1.0 1.0 1.0 1.0 1.0 1.0 1.0 1.0 1.0 1.0 1.0 1.0 1.0 1.0
1.0 1.0 1.0 1.0 1.0 1.0 1.0 1.0 1.0 1.0 1.0 1.0 1.0 1.0 1.0 1.0
1.0 1.0 1.0 1.0 1.0 1.0 1.0 1.0 1.0 1.0 1.0 1.0 1.0 1.0 1.0 1.0
1.0 1.0 1.0 1.0 1.0 1.0 1.0 1.0 1.0 1.0 1.0 1.0 1.0 1.0 1.0 1.0
1.0 1.0 1.0 1.0 1.0 1.0 1.0 1.0 1.0 1.0 1.0 1.0 1.0 1.0 1.0 1.0
1.0 1.0 1.0 1.0 1.0 1.0 1.0 1.0 1.0 1.0 1.0 1.0 1.0 1.0 1.0 1.0
1.0 1.0 1.0 1.0 1.0 1.0 1.0 1.0 1.0 1.0 1.0 1.0 1.0 1.0 1.0 1.0
1.0 1.0 1.0 1.0 1.0 1.0 1.0 1.0 1.0 1.0 1.0 1.0 1.0 1.0 1.0 1.0
1.0 1.0 1.0 1.0 1.0 1.0 1.0 1.0 1.0 1.0 1.0 1.0 1.0 1.0 1.0 1.0
1.0 1.0 1.0 1.0 1.0 1.0 1.0 1.0 1.0 1.0 1.0 1.0 1.0 1.0 1.0 1.0
1.0 1.0 1.0 1.0 1.0 1.0 1.0 1.0 1.0 1.0 1.0 1.0 1.0 1.0 1.0 1.0
1.0 1.0 1.0 1.0 1.0 1.0 1.0 1.0 1.0 1.0 1.0 1.0 1.0 1.0 1.0 1.0
1.0 1.0 1.0 1.0 1.0 1.0 1.0 1.0 1.0 1.0 1.0 1.0 1.0 1.0 1.0 1.0
1.0 1.0 1.0 1.0 1.0 1.0 1.0 1.0 1.0 1.0 1.0 1.0 1.0 1.0 1.0 1.0
1.0 1.0 1.0 1.0 1.0 1.0 1.0 1.0 1.0 1.0 1.0 1.0 1.0 1.0 1.0 1.0
1.0 1.0 1.0 1.0 1.0 1.0 1.0 1.0 1.0 1.0 1.0 1.0 1.0 1.0 1.0 1.0
1.0 1.0 1.0 1.0 1.0 1.0 1.0 1.0 1.0 1.0 1.0 1.0 1.0 1.0 1.0 1.0
1.0 1.0 1.0 1.0 1.0 1.0 1.0 1.0 1.0 1.0 1.0 1.0 1.0 1.0 1.0 1.0
1.0 1.0 1.0 1.0 1.0 1.0 1.0 1.0 1.0 1.0 1.0 1.0 1.0 1.0 1.0 1.0
1.0 1.0 1.0 1.0 1.0 1.0 1.0 1.0 1.0 1.0 1.0 1.0 1.0 1.0 1.0 1.0
1.0 1.0 1.0 1.0 1.0 1.0 1.0 1.0 1.0 1.0 1.0 1.0 1.0 1.0 1.0 1.0
1.0 1.0 1.0 1.0 1.0 1.0 1.0 1.0 1.0 1.0 1.0 1.0 1.0 1.0 1.0 1.0
1.0 1.0 1.0 1.0 1.0 1.0 1.0 1.0 1.0 1.0 1.0 1.0 1.0 1.0 1.0 1.0
1.0 1.0 1.0 1.0 1.0 1.0 1.0 1.0 1.0 1.0 1.0 1.0 1.0 1.0 1.0 1.0
1.0 1.0 1.0 1.0 1.0 1.0 1.0 1.0 1.0 1.0 1.0 1.0 1.0 1.0 1.0 1.0
1.0 1.0 1.0 1.0 1.0 1.0 1.0 1.0 1.0 1.0 1.0 1.0 1.0 1.0 1.0 1.0
1.0 1.0 1.0 1.0 1.0 1.0 1.0 1.0 1.0 1.0 1.0 1.0 1.0 1.0 1.0 1.0
1.0 1.0 1.0 1.0 1.0 1.0 1.0 1.0 1.0 1.0 1.0 1.0 1.0 1.0 1.0 1.0
1.0 1.0 1.0 1.0 1.0 1.0 1.0 1.0 1.0 1.0 1.0 1.0 1.0 1.0 1.0 1.0
1.0 1.0 1.0 1.0 1.0 1.0 1.0 1.0 1.0 1.0 1.0 1.0 1.0 1.0 1.0 1.0
1.0 1.0 1.0 1.0 1.0 1.0 1.0 1.0 1.0 1.0 1.0 1.0 1.0 1.0 1.0 1.0
1.0 1.0 1.0 1.0 1.0 1.0 1.0 1.0 1.0 1.0 1.0 1.0 1.0 1.0 1.0 1.0
1.0 1.0 1.0 1.0 1.0 1.0 1.0 1.0 1.0 1.0 1.0 1.0 1.0 1.0 1.0 1.0
1.0 1.0 1.0 1.0 1.0 1.0 1.0 1.0 1.0 1.0 1.0 1.0 1.0 1.0 1.0 1.0
1.0 1.0 1.0 1.0 1.0 1.0 1.0 1.0 1.0 1.0 1.0 1.0 1.0 1.0 1.0 1.0
1.0 1.0 1.0 1.0 1.0 1.0 1.0 1.0 1.0 1.0 1.0 1.0 1.0 1.0 1.0 1.0
1.0 1.0 1.0 1.0 1.0 1.0 1.0 1.0 1.0 1.0 1.0 1.0 1.0 1.0 1.0 1.0
1.0 1.0 1.0 1.0 1.0 1.0 1.0 1.0 1.0 1.0 1.0 1.0 1.0 1.0 1.0 1.0
1.0 1.0 1.0 1.0 1.0 1.0 1.0 1.0 1.0 1.0 1.0 1.0 1.0 1.0 1.0 1.0
1.0 1.0 1.0 1.0 1.0 1.0 1.0 1.0 1.0 1.0 1.0 1.0 1.0 1.0 1.0 1.0
1.0 1.0 1.0 1.0 1.0 1.0 1.0 1.0 1.0 1.0 1.0 1.0 1.0 1.0 1.0 1.0
1.0 1.0 1.0 1.0 1.0 1.0 1.0 1.0 1.0 1.0 1.0 1.0 1.0 1.0 1.0 1.0
1.0 1.0 1.0 1.0 1.0 1.0 1.0 1.0 1.0 1.0 1.0 1.0 1.0 1.0 1.0 1.0
1.0 1.0 1.0 1.0 1.0 1.0 1.0 1.0 1.0 1.0 1.0 1.0 1.0 1.0 1.0 1.0
1.0 1.0 1.0 1.0 1.0 1.0 1.0 1.0 1.0 1.0 1.0 1.0 1.0 1.0 1.0 1.0
1.0 1.0 1.0 1.0 1.0 1.0 1.0 1.0 1.0 1.0 1.0 1.0 1.0 1.0 1.0 1.0
1.0 1.0 1.0 1.0 1.0 1.0 1.0 1.0 1.0 1.0 1.0 1.0 1.0 1.0 1.0 1.0
1.0 1.0 1.0 1.0 1.0 1.0 1.0 1.0 1.0 1.0 1.0 1.0 1.0 1.0 1.0 1.0
1.0 1.0 1.0 1.0 1.0 1.0 1.0 1.0 1.0 1.0 1.0 1.0 1.0 1.0 1.0 1.0
1.0 1.0 1.0 1.0 1.0 1.0 1.0 1.0 1.0 1.0 1.0 1.0 1.0 1.0 1.0 1.0
1.0 1.0 1.0 1.0 1.0 1.0 1.0 1.0 1.0 1.0 1.0 1.0 1.0 1.0 1.0 1.0
1.0 1.0 1.0 1.0 1.0 1.0 1.0 1.0 1.0 1.0 1.0 1.0 1.0 1.0 1.0 1.0
1.0 1.0 1.0 1.0 1.0 1.0 1.0 1.0 1.0 1.0 1.0 1.0 1.0 1.0 1.0 1.0
1.0 1.0 1.0 1.0 1.0 1.0 1.0 1.0 1.0 1.0 1.0 1.0 1.0 1.0 1.0 1.0
1.0 1.0 1.0 1.0 1.0 1.0 1.0 1.0 1.0 1.0 1.0 1.0 1.0 1.0 1.0 1.0
1.0 1.0 1.0 1.0 1.0 1.0 1.0 1.0 1.0 1.0 1.0 1.0 1.0 1.0 1.0 1.0
1.0 1.0 1.0 1.0 1.0 1.0 1.0 1.0 1.0 1.0 1.0 1.0 1.0 1.0 1.0 1.0
1.0 1.0 1.0 1.0 1.0 1.0 1.0 1.0 1.0 1.0 1.0 1.0 1.0 1.0 1.0 1.0
1.0 1.0 1.0 1.0 1.0 1.0 1.0 1.0 1.0 1.0 1.0 1.0 1.0 1.0 1.0 1.0
1.0 1.0 1.0 1.0 1.0 1.0 1.0 1.0 1.0 1.0 1.0 1.0 1.0 1.0 1.0 1.0
1.0 1.0 1.0 1.0 1.0 1.0 1.0 1.0 1.0 1.0 1.0 1.0 1.0 1.0 1.0 1.0
1.0 1.0 1.0 1.0 1.0 1.0 1.0 1.0 1.0 1.0 1.0 1.0 1.0 1.0 1.0 1.0
1.0 1.0 1.0 1.0 1.0 1.0 1.0 1.0 1.0 1.0 1.0 1.0 1.0 1.0 1.0 1.0
1.0 1.0 1.0 1.0 1.0 1.0 1.0 1.0 1.0 1.0 1.0 1.0 1.0 1.0 1.0 1.0
1.0 1.0 1.0 1.0 1.0 1.0 1.0 1.0 1.0 1.0 1.0 1.0 1.0 1.0 1.0 1.0
1.0 1.0 1.0 1.0 1.0 1.0 1.0 1.0 1.0 1.0 1.0 1.0 1.0 1.0 1.0 1.0
1.0 1.0 1.0 1.0 1.0 1.0 1.0 1.0 1.0 1.0 1.0 1.0 1.0 1.0 1.0 1.0
1.0 1.0 1.0 1.0 1.0 1.0 1.0 1.0 1.0 1.0 1.0 1.0 1.0 1.0 1.0 1.0
1.0 1.0 1.0 1.0 1.0 1.0 1.0 1.0 1.0 1.0 1.0 1.0 1.0 1.0 1.0 1.0
1.0 1.0 1.0 1.0 1.0 1.0 1.0 1.0 1.0 1.0 1.0 1.0 1.0 1.0 1.0 1.0
1.0 1.0 1.0 1.0 1.0 1.0 1.0 1.0 1.0 1.0 1.0 1.0 1.0 1.0 1.0 1.0
1.0 1.0 1.0 1.0 1.0 1.0 1.0 1.0 1.0 1.0 1.0 1.0 1.0 1.0 1.0 1.0
1.0 1.0 1.0 1.0 1.0 1.0 1.0 1.0 1.0 1.0 1.0 1.0 1.0 1.0 1.0 1.0
1.0 1.0 1.0 1.0 1.0 1.0 1.0 1.0 1.0 1.0 1.0 1.0 1.0 1.0 1.0 1.0
1.0 1.0 1.0 1.0 1.0 1.0 1.0 1.0 1.0 1.0 1.0 1.0 1.0 1.0 1.0 1.0
1.0 1.0 1.0 1.0 1.0 1.0 1.0 1.0 1.0 1.0 1.0 1.0 1.0 1.0 1.0 1.0
1.0 1.0 1.0 1.0 1.0 1.0 1.0 1.0 1.0 1.0 1.0 1.0 1.0 1.0 1.0 1.0
1.0 1.0 1.0 1.0 1.0 1.0 1.0 1.0 1.0 1.0 1.0 1.0 1.0 1.0 1.0 1.0
1.0 1.0 1.0 1.0 1.0 1.0 1.0 1.0 1.0 1.0 1.0 1.0 1.0 1.0 1.0 1.0
1.0 1.0 1.0 1.0 1.0 1.0 1.0 1.0 1.0 1.0 1.0 1.0 1.0 1.0 1.0 1.0
1.0 1.0 1.0 1.0 1.0 1.0 1.0 1.0 1.0 1.0 1.0 1.0 1.0 1.0 1.0 1.0
1.0 1.0 1.0 1.0 1.0 1.0 1.0 1.0 1.0 1.0 1.0 1.0 1.0 1.0 1.0 1.0
1.0 1.0 1.0 1.0 1.0 1.0 1.0 1.0 1.0 1.0 1.0 1.0 1.0 1.0 1.0 1.0
1.0 1.0 1.0 1.0 1.0 1.0 1.0 1.0 1.0 1.0 1.0 1.0 1.0 1.0 1.0 1.0
1.0 1.0 1.0 1.0 1.0 1.0 1.0 1.0 1.0 1.0 1.0 1.0 1.0 1.0 1.0 1.0
1.0 1.0 1.0 1.0 1.0 1.0 1.0 1.0 1.0 1.0 1.0 1.0 1.0 1.0 1.0 1.0
1.0 1.0 1.0 1.0 1.0 1.0 1.0 1.0 1.0 1.0 1.0 1.0 1.0 1.0 1.0 1.0
1.0 1.0 1.0 1.0 1.0 1.0 1.0 1.0 1.0 1.0 1.0 1.0 1.0 1.0 1.0 1.0
1.0 1.0 1.0 1.0 1.0 1.0 1.0 1.0 1.0 1.0 1.0 1.0 1.0 1.0 1.0 1.0
1.0 1.0 1.0 1.0 1.0 1.0 1.0 1.0 1.0 1.0 1.0 1.0 1.0 1.0 1.0 1.0
1.0 1.0 1.0 1.0 1.0 1.0 1.0 1.0 1.0 1.0 1.0 1.0 1.0 1.0 1.0 1.0
1.0 1.0 1.0 1.0 1.0 1.0 1.0 1.0 1.0 1.0 1.0 1.0 1.0 1.0 1.0 1.0
1.0 1.0 1.0 1.0 1.0 1.0 1.0 1.0 1.0 1.0 1.0 1.0 1.0 1.0 1.0 1.0
1.0 1.0 1.0 1.0 1.0 1.0 1.0 1.0 1.0 1.0 1.0 1.0 1.0 1.0 1.0 1.0
1.0 1.0 1.0 1.0 1.0 1.0 1.0 1.0 1.0 1.0 1.0 1.0 1.0 1.0 1.0 1.0
1.0 1.0 1.0 1.0 1.0 1.0 1.0 1.0 1.0 1.0 1.0 1.0 1.0 1.0 1.0 1.0
1.0 1.0 1.0 1.0 1.0 1.0 1.0 1.0 1.0 1.0 1.0 1.0 1.0 1.0 1.0 1.0
1.0 1.0 1.0 1.0 1.0 1.0 1.0 1.0 1.0 1.0 1.0 1.0 1.0 1.0 1.0 1.0
1.0 1.0 1.0 1.0 1.0 1.0 1.0 1.0 1.0 1.0 1.0 1.0 1.0 1.0 1.0 1.0
1.0 1.0 1.0 1.0 1.0 1.0 1.0 1.0 1.0 1.0 1.0 1.0 1.0 1.0 1.0 1.0
1.0 1.0 1.0 1.0 1.0 1.0 1.0 1.0 1.0 1.0 1.0 1.0 1.0 1.0 1.0 1.0
1.0 1.0 1.0 1.0 1.0 1.0 1.0 1.0 1.0 1.0 1.0 1.0 1.0 1.0 1.0 1.0
1.0 1.0 1.0 1.0 1.0 1.0 1.0 1.0 1.0 1.0 1.0 1.0 1.0 1.0 1.0 1.0
1.0 1.0 1.0 1.0 1.0 1.0 1.0 1.0 1.0 1.0 1.0 1.0 1.0 1.0 1.0 1.0
1.0 1.0 1.0 1.0 1.0 1.0 1.0 1.0 1.0 1.0 1.0 1.0 1.0 1.0 1.0 1.0
1.0 1.0 1.0 1.0 1.0 1.0 1.0 1.0 1.0 1.0 1.0 1.0 1.0 1.0 1.0 1.0
1.0 1.0 1.0 1.0 1.0 1.0 1.0 1.0 1.0 1.0 1.0 1.0 1.0 1.0 1.0 1.0
1.0 1.0 1.0 1.0 1.0 1.0 1.0 1.0 1.0 1.0 1.0 1.0 1.0 1.0 1.0 1.0
1.0 1.0 1.0 1.0 1.0 1.0 1.0 1.0 1.0 1.0 1.0 1.0 1.0 1.0 1.0 1.0
1.0 1.0 1.0 1.0 1.0 1.0 1.0 1.0 1.0 1.0 1.0 1.0 1.0 1.0 1.0 1.0
1.0 1.0 1.0 1.0 1.0 1.0 1.0 1.0 1.0 1.0 1.0 1.0 1.0 1.0 1.0 1.0
1.0 1.0 1.0 1.0 1.0 1.0 1.0 1.0 1.0 1.0 1.0 1.0 1.0 1.0 1.0 1.0
1.0 1.0 1.0 1.0 1.0 1.0 1.0 1.0 1.0 1.0 1.0 1.0 1.0 1.0 1.0 1.0
1.0 1.0 1.0 1.0 1.0 1.0 1.0 1.0 1.0 1.0 1.0 1.0 1.0 1.0 1.0 1.0
1.0 1.0 1.0 1.0 1.0 1.0 1.0 1.0 1.0 1.0 1.0 1.0 1.0 1.0 1.0 1.0
1.0 1.0 1.0 1.0 1.0 1.0 1.0 1.0 1.0 1.0 1.0 1.0 1.0 1.0 1.0 1.0
1.0 1.0 1.0 1.0 1.0 1.0 1.0 1.0 1.0 1.0 1.0 1.0 1.0 1.0 1.0 1.0
1.0 1.0 1.0 1.0 1.0 1.0 1.0 1.0 1.0 1.0 1.0 1.0 1.0 1.0 1.0 1.0
1.0 1.0 1.0 1.0 1.0 1.0 1.0 1.0 1.0 1.0 1.0 1.0 1.0 1.0 1.0 1.0
1.0 1.0 1.0 1.0 1.0 1.0 1.0 1.0 1.0 1.0 1.0 1.0 1.0 1.0 1.0 1.0
1.0 1.0 1.0 1.0 1.0 1.0 1.0 1.0 1.0 1.0 1.0 1.0 1.0 1.0 1.0 1.0
1.0 1.0 1.0 1.0 1.0 1.0 1.0 1.0 1.0 1.0 1.0 1.0 1.0 1.0 1.0 1.0
1.0 1.0 1.0 1.0 1.0 1.0 1.0 1.0 1.0 1.0 1.0 1.0 1.0 1.0 1.0 1.0
1.0 1.0 1.0 1.0 1.0 1.0 1.0 1.0 1.0 1.0 1.0 1.0 1.0 1.0 1.0 1.0
1.0 1.0 1.0 1.0 1.0 1.0 1.0 1.0 1.0 1.0 1.0 1.0 1.0 1.0 1.0 1.0
1.0 1.0 1.0 1.0 1.0 1.0 1.0 1.0 1.0 1.0 1.0 1.0 1.0 1.0 1.0 1.0
1.0 1.0 1.0 1.0 1.0 1.0 1.0 1.0 1.0 1.0 1.0 1.0 1.0 1.0 1.0 1.0
1.0 1.0 1.0 1.0 1.0 1.0 1.0 1.0 1.0 1.0 1.0 1.0 1.0 1.0 1.0 1.0
1.0 1.0 1.0 1.0 1.0 1.0 1.0 1.0 1.0 1.0 1.0 1.0 1.0 1.0 1.0 1.0
1.0 1.0 1.0 1.0 1.0 1.0 1.0 1.0 1.0 1.0 1.0 1.0 1.0 1.0 1.0 1.0
1.0 1.0 1.0 1.0 1.0 1.0 1.0 1.0 1.0 1.0 1.0 1.0 1.0 1.0 1.0 1.0
1.0 1.0 1.0 1.0 1.0 1.0 1.0 1.0 1.0 1.0 1.0 1.0 1.0 1.0 1.0 1.0
1.0 1.0 1.0 1.0 1.0 1.0 1.0 1.0 1.0 1.0 1.0 1.0 1.0 1.0 1.0 1.0
1.0 1.0 1.0 1.0 1.0 1.0 1.0 1.0 1.0 1.0 1.0 1.0 1.0 1.0 1.0 1.0
1.0 1.0 1.0 1.0 1.0 1.0 1.0 1.0 1.0 1.0 1.0 1.0 1.0 1.0 1.0 1.0
1.0 1.0 1.0 1.0 1.0 1.0 1.0 1.0 1.0 1.0 1.0 1.0 1.0 1.0 1.0 1.0
1.0 1.0 1.0 1.0 1.0 1.0 1.0 1.0 1.0 1.0 1.0 1.0 1.0 1.0 1.0 1.0
1.0 1.0 1.0 1.0 1.0 1.0 1.0 1.0 1.0 1.0 1.0 1.0 1.0 1.0 1.0 1.0
1.0 1.0 1.0 1.0 1.0 1.0 1.0 1.0 1.0 1.0 1.0 1.0 1.0 1.0 1.0 1.0
1.0 1.0 1.0 1.0 1.0 1.0 1.0 1.0 1.0 1.0 1.0 1.0 1.0 1.0 1.0 1.0
1.0 1.0 1.0 1.0 1.0 1.0 1.0 1.0 1.0 1.0 1.0 1.0 1.0 1.0 1.0 1.0
1.0 1.0 1.0 1.0 1.0 1.0 1.0 1.0 1.0 1.0 1.0 1.0 1.0 1.0 1.0 1.0
1.0 1.0 1.0 1.0 1.0 1.0 1.0 1.0 1.0 1.0 1.0 1.0 1.0 1.0 1.0 1.0
1.0 1.0 1.0 1.0 1.0 1.0 1.0 1.0 1.0 1.0 1.0 1.0 1.0 1.0 1.0 1.0
1.0 1.0 1.0 1.0 1.0 1.0 1.0 1.0 1.0 1.0 1.0 1.0 1.0 1.0 1.0 1.0
1.0 1.0 1.0 1.0 1.0 1.0 1.0 1.0 1.0 1.0 1.0 1.0 1.0 1.0 1.0 1.0
1.0 1.0 1.0 1.0 1.0 1.0 1.0 1.0 1.0 1.0 1.0 1.0 1.0 1.0 1.0 1.0
1.0 1.0 1.0 1.0 1.0 1.0 1.0 1.0 1.0 1.0 1.0 1.0 1.0 1.0 1.0 1.0
1.0 1.0 1.0 1.0 1.0 1.0 1.0 1.0 1.0 1.0 1.0 1.0 1.0 1.0 1.0 1.0
1.0 1.0 1.0 1.0 1.0 1.0 1.0 1.0 1.0 1.0 1.0 1.0 1.0 1.0 1.0 1.0
1.0 1.0 1.0 1.0 1.0 1.0 1.0 1.0 1.0 1.0 1.0 1.0 1.0 1.0 1.0 1.0
1.0 1.0 1.0 1.0 1.0 1.0 1.0 1.0 1.0 1.0 1.0 1.0 1.0 1.0 1.0 1.0
1.0 1.0 1.0 1.0 1.0 1.0 1.0 1.0 1.0 1.0 1.0 1.0 1.0 1.0 1.0 1.0
1.0 1.0 1.0 1.0 1.0 1.0 1.0 1.0 1.0 1.0 1.0 1.0 1.0 1.0 1.0 1.0
1.0 1.0 1.0 1.0 1.0 1.0 1.0 1.0 1.0 1.0 1.0 1.0 1.0 1.0 1.0 1.0
1.0 1.0 1.0 1.0 1.0 1.0 1.0 1.0 1.0 1.0 1.0 1.0 1.0 1.0 1.0 1.0
1.0 1.0 1.0 1.0 1.0 1.0 1.0 1.0 1.0 1.0 1.0 1.0 1.0 1.0 1.0 1.0
1.0 1.0 1.0 1.0 1.0 1.0 1.0 1.0 1.0 1.0 1.0 1.0 1.0 1.0 1.0 1.0
1.0 1.0 1.0 1.0 1.0 1.0 1.0 1.0 1.0 1.0 1.0 1.0 1.0 1.0 1.0 1.0
1.0 1.0 1.0 1.0 1.0 1.0 1.0 1.0 1.0 1.0 1.0 1.0 1.0 1.0 1.0 1.0
1.0 1.0 1.0 1.0 1.0 1.0 1.0 1.0 1.0 1.0 1.0 1.0 1.0 1.0 1.0 1.0
1.0 1.0 1.0 1.0 1.0 1.0 1.0 1.0 1.0 1.0 1.0 1.0 1.0 1.0 1.0 1.0
1.0 1.0 1.0 1.0 1.0 1.0 1.0 1.0 1.0 1.0 1.0 1.0 1.0 1.0 1.0 1.0
1.0 1.0 1.0 1.0 1.0 1.0 1.0 1.0 1.0 1.0 1.0 1.0 1.0 1.0 1.0 1.0
1.0 1.0 1.0 1.0 1.0 1.0 1.0 1.0 1.0 1.0 1.0 1.0 1.0 1.0 1.0 1.0
1.0 1.0 1.0 1.0 1.0 1.0 1.0 1.0 1.0 1.0 1.0 1.0 1.0 1.0 1.0 1.0
1.0 1.0 1.0 1.0 1.0 1.0 1.0 1.0 1.0 1.0 1.0 1.0 1.0 1.0 1.0 1.0
1.0 1.0 1.0 1.0 1.0 1.0 1.0 1.0 1.0 1.0 1.0 1.0 1.0 1.0 1.0 1.0
1.0 1.0 1.0 1.0 1.0 1.0 1.0 1.0 1.0 1.0 1.0 1.0 1.0 1.0 1.0 1.0
1.0 1.0 1.0 1.0 1.0 1.0 1.0 1.0 1.0 1.0 1.0 1.0 1.0 1.0 1.0 1.0
1.0 1.0 1.0 1.0 1.0 1.0 1.0 1.0 1.0 1.0 1.0 1.0 1.0 1.0 1.0 1.0
1.0 1.0 1.0 1.0 1.0 1.0 1.0 1.0 1.0 1.0 1.0 1.0 1.0 1.0 1.0 1.0
1.0 1.0 1.0 1.0 1.0 1.0 1.0 1.0 1.0 1.0 1.0 1.0 1.0 1.0 1.0 1.0
1.0 1.0 1.0 1.0 1.0 1.0 1.0 1.0 1.0 1.0 1.0 1.0 1.0 1.0 1.0 1.0
1.0 1.0 1.0 1.0 1.0 1.0 1.0 1.0 1.0 1.0 1.0 1.0 1.0 1.0 1.0 1.0
1.0 1.0 1.0 1.0 1.0 1.0 1.0 1.0 1.0 1.0 1.0 1.0 1.0 1.0 1.0 1.0
1.0 1.0 1.0 1.0 1.0 1.0 1.0 1.0 1.0 1.0 1.0 1.0 1.0 1.0 1.0 1.0
1.0 1.0 1.0 1.0 1.0 1.0 1.0 1.0 1.0 1.0 1.0 1.0 1.0 1.0 1.0 1.0
1.0 1.0 1.0 1.0 1.0 1.0 1.0 1.0 1.0 1.0 1.0 1.0 1.0 1.0 1.0 1.0
1.0 1.0 1.0 1.0 1.0 1.0 1.0 1.0 1.0 1.0 1.0 1.0 1.0 1.0 1.0 1.0
1.0 1.0 1.0 1.0 1.0 1.0 1.0 1.0 1.0 1.0 1.0 1.0 1.0 1.0 1.0 1.0
1.0 1.0 1.0 1.0 1.0 1.0 1.0 1.0 1.0 1.0 1.0 1.0 1.0 1.0 1.0 1.0
1.0 1.0 1.0 1.0 1.0 1.0 1.0 1.0 1.0 1.0 1.0 1.0 1.0 1.0 1.0 1.0
1.0 1.0 1.0 1.0 1.0 1.0 1.0 1.0 1.0 1.0 1.0 1.0 1.0 1.0 1.0 1.0
1.0 1.0 1.0 1.0 1.0 1.0 1.0 1.0 1.0 1.0 1.0 1.0 1.0 1.0 1.0 1.0
1.0 1.0 1.0 1.0 1.0 1.0 1.0 1.0 1.0 1.0 1.0 1.0 1.0 1.0 1.0 1.0
1.0 1.0 1.0 1.0 1.0 1.0 1.0 1.0 1.0 1.0 1.0 1.0 1.0 1.0 1.0 1.0
1.0 1.0 1.0 1.0 1.0 1.0 1.0 1.0 1.0 1.0 1.0 1.0 1.0 1.0 1.0 1.0
1.0 1.0 1.0 1.0 1.0 1.0 1.0 1.0 1.0 1.0 1.0 1.0 1.0 1.0 1.0 1.0
1.0 1.0 1.0 1.0 1.0 1.0 1.0 1.0 1.0 1.0 1.0 1.0 1.0 1.0 1.0 1.0
1.0 1.0 1.0 1.0 1.0 1.0 1.0 1.0 1.0 1.0 1.0 1.0 1.0 1.0 1.0 1.0
1.0 1.0 1.0 1.0 1.0 1.0 1.0 1.0 1.0 1.0 1.0 1.0 1.0 1.0 1.0 1.0
1.0 1.0 1.0 1.0 1.0 1.0 1.0 1.0 1.0 1.0 1.0 1.0 1.0 1.0 1.0 1.0
1.0 1.0 1.0 1.0 1.0 1.0 1.0 1.0 1.0 1.0 1.0 1.0 1.0 1.0 1.0 1.0
1.0 1.0 1.0 1.0 1.0 1.0 1.0 1.0 1.0 1.0 1.0 1.0 1.0 1.0 1.0 1.0
1.0 1.0 1.0 1.0 1.0 1.0 1.0 1.0 1.0 1.0 1.0 1.0 1.0 1.0 1.0 1.0
1.0 1.0 1.0 1.0 1.0 1.0 1.0 1.0 1.0 1.0 1.0 1.0 1.0 1.0 1.0 1.0
1.0 1.0 1.0 1.0 1.0 1.0 1.0 1.0 1.0 1.0 1.0 1.0 1.0 1.0 1.0 1.0
1.0 1.0 1.0 1.0 1.0 1.0 1.0 1.0 1.0 1.0 1.0 1.0 1.0 1.0 1.0 1.0
1.0 1.0 1.0 1.0 1.0 1.0 1.0 1.0 1.0 1.0 1.0 1.0 1.0 1.0 1.0 1.0
1.0 1.0 1.0 1.0 1.0 1.0 1.0 1.0 1.0 1.0 1.0 1.0 1.0 1.0 1.0 1.0
1.0 1.0 1.0 1.0 1.0 1.0 1.0 1.0 1.0 1.0 1.0 1.0 1.0 1.0 1.0 1.0
1.0 1.0 1.0 1.0 1.0 1.0 1.0 1.0 1.0 1.0 1.0 1.0 1.0 1.0 1.0 1.0
1.0 1.0 1.0 1.0 1.0 1.0 1.0 1.0 1.0 1.0 1.0 1.0 1.0 1.0 1.0 1.0
1.0 1.0 1.0 1.0 1.0 1.0 1.0 1.0 1.0 1.0 1.0 1.0 1.0 1.0 1.0 1.0
1.0 1.0 1.0 1.0 1.0 1.0 1.0 1.0 1.0 1.0 1.0 1.0 1.0 1.0 1.0 1.0
1.0 1.0 1.0 1.0 1.0 1.0 1.0 1.0 1.0 1.0 1.0 1.0 1.0 1.0 1.0 1.0
1.0 1.0 1.0 1.0 1.0 1.0 1.0 1.0 1.0 1.0 1.0 1.0 1.0 1.0 1.0 1.0
1.0 1.0 1.0 1.0 1.0 1.0 1.0 1.0 1.0 1.0 1.0 1.0 1.0 1.0 1.0 1.0
1.0 1.0 1.0 1.0 1.0 1.0 1.0 1.0 1.0 1.0 1.0 1.0 1.0 1.0 1.0 1.0
1.0 1.0 1.0 1.0 1.0 1.0 1.0 1.0 1.0 1.0 1.0 1.0 1.0 1.0 1.0 1.0
1.0 1.0 1.0 1.0 1.0 1.0 1.0 1.0 1.0 1.0 1.0 1.0 1.0 1.0 1.0 1.0
1.0 1.0 1.0 1.0 1.0 1.0 1.0 1.0 1.0 1.0 1.0 1.0 1.0 1.0 1.0 1.0
1.0 1.0 1.0 1.0 1.0 1.0 1.0 1.0 1.0 1.0 1.0 1.0 1.0 1.0 1.0 1.0
1.0 1.0 1.0 1.0 1.0 1.0 1.0 1.0 1.0 1.0 1.0 1.0 1.0 1.0 1.0 1.0
1.0 1.0 1.0 1.0 1.0 1.0 1.0 1.0 1.0 1.0 1.0 1.0 1.0 1.0 1.0 1.0
1.0 1.0 1.0 1.0 1.0 1.0 1.0 1.0 1.0 1.0 1.0 1.0 1.0 1.0 1.0 1.0
1.0 1.0 1.0 1.0 1.0 1.0 1.0 1.0 1.0 1.0 1.0 1.0 1.0 1.0 1.0 1.0
1.0 1.0 1.0 1.0 1.0 1.0 1.0 1.0 1.0 1.0 1.0 1.0 1.0 1.0 1.0 1.0
1.0 1.0 1.0 1.0 1.0 1.0 1.0 1.0 1.0 1.0 1.0 1.0 1.0 1.0 1.0 1.0
1.0 1.0 1.0 1.0 1.0 1.0 1.0 1.0 1.0 1.0 1.0 1.0 1.0 1.0 1.0 1.0
1.0 1.0 1.0 1.0 1.0 1.0 1.0 1.0 1.0 1.0 1.0 1.0 1.0 1.0 1.0 1.0
1.0 1.0 1.0 1.0 1.0 1.0 1.0 1.0 1.0 1.0 1.0 1.0 1.0 1.0 1.0 1.0
1.0 1.0 1.0 1.0 1.0 1.0 1.0 1.0 1.0 1.0 1.0 1.0 1.0 1.0 1.0 1.0
1.0 1.0 1.0 1.0 1.0 1.0 1.0 1.0 1.0 1.0 1.0 1.0 1.0 1.0 1.0 1.0
1.0 1.0 1.0 1.0 1.0 1.0 1.0 1.0 1.0 1.0 1.0 1.0 1.0 1.0 1.0 1.0
1.0 1.0 1.0 1.0 1.0 1.0 1.0 1.0 1.0 1.0 1.0 1.0 1.0 1.0 1.0 1.0
1.0 1.0 1.0 1.0 1.0 1.0 1.0 1.0 1.0 1.0 1.0 1.0 1.0 1.0 1.0 1.0
1.0 1.0 1.0 1.0 1.0 1.0 1.0 1.0 1.0 1.0 1.0 1.0 1.0 1.0 1.0 1.0
1.0 1.0 1.0 1.0 1.0 1.0 1.0 1.0 1.0 1.0 1.0 1.0 1.0 1.0 1.0 1.0
1.0 1.0 1.0 1.0 1.0 1.0 1.0 1.0 1.0 1.0 1.0 1.0 1.0 1.0 1.0 1.0
1.0 1.0 1.0 1.0 1.0 1.0 1.0 1.0 1.0 1.0 1.0 1.0 1.0 1.0 1.0 1.0
1.0 1.0 1.0 1.0 1.0 1.0 1.0 1.0 1.0 1.0 1.0 1.0 1.0 1.0 1.0 1.0
1.0 1.0 1.0 1.0 1.0 1.0 1.0 1.0 1.0 1.0 1.0 1.0 1.0 1.0 1.0 1.0
1.0 1.0 1.0 1.0 1.0 1.0 1.0 1.0 1.0 1.0 1.0 1.0 1.0 1.0 1.0 1.0
1.0 1.0 1.0 1.0 1.0 1.0 1.0 1.0 1.0 1.0 1.0 1.0 1.0 1.0 1.0 1.0
1.0 1.0 1.0 1.0 1.0 1.0 1.0 1.0 1.0 1.0 1.0 1.0 1.0 1.0 1.0 1.0
1.0 1.0 1.0 1.0 1.0 1.0 1.0 1.0 1.0 1.0 1.0 1.0 1.0 1.0 1.0 1.0
1.0 1.0 1.0 1.0 1.0 1.0 1.0 1.0 1.0 1.0 1.0 1.0 1.0 1.0 1.0 1.0
1.0 1.0 1.0 1.0 1.0 1.0 1.0 1.0 1.0 1.0 1.0 1.0 1.0 1.0 1.0 1.0
1.0 1.0 1.0 1.0 1.0 1.0 1.0 1.0 1.0 1.0 1.0 1.0 1.0 1.0 1.0 1.0
1.0 1.0 1.0 1.0 1.0 1.0 1.0 1.0 1.0 1.0 1.0 1.0 1.0 1.0 1.0 1.0
1.0 1.0 1.0 1.0 1.0 1.0 1.0 1.0 1.0 1.0 1.0 1.0 1.0 1.0 1.0 1.0
1.0 1.0 1.0 1.0 1.0 1.0 1.0 1.0 1.0 1.0 1.0 1.0 1.0 1.0 1.0 1.0
1.0 1.0 1.0 1.0 1.0 1.0 1.0 1.0 1.0 1.0 1.0 1.0 1.0 1.0 1.0 1.0
1.0 1.0 1.0 1.0 1.0 1.0 1.0 1.0 1.0 1.0 1.0 1.0 1.0 1.0 1.0 1.0
1.0 1.0 1.0 1.0 1.0 1.0 1.0 1.0 1.0 1.0 1.0 1.0 1.0 1.0 1.0 1.0
1.0 1.0 1.0 1.0 1.0 1.0 1.0 1.0 1.0 1.0 1.0 1.0 1.0 1.0 1.0 1.0
1.0 1.0 1.0 1.0 1.0 1.0 1.0 1.0 1.0 1.0 1.0 1.0 1.0 1.0 1.0 1.0
1.0 1.0 1.0 1.0 1.0 1.0 1.0 1.0 1.0 1.0 1.0 1.0 1.0 1.0 1.0 1.0
1.0 1.0 1.0 1.0 1.0 1.0 1.0 1.0 1.0 1.0 1.0 1.0 1.0 1.0 1.0 1.0
1.0 1.0 1.0 1.0 1.0 1.0 1.0 1.0 1.0 1.0 1.0 1.0 1.0 1.0 1.0 1.0
1.0 1.0 1.0 1.0 1.0 1.0 1.0 1.0 1.0 1.0 1.0 1.0 1.0 1.0 1.0 1.0
1.0 1.0 1.0 1.0 1.0 1.0 1.0 1.0 1.0 1.0 1.0 1.0 1.0 1.0 1.0 1.0
1.0 1.0 1.0 1.0 1.0 1.0 1.0 1.0 1.0 1.0 1.0 1.0 1.0 1.0 1.0 1.0
1.0 1.0 1.0 1.0 1.0 1.0 1.0 1.0 1.0 1.0 1.0 1.0 1.0 1.0 1.0 1.0
1.0 1.0 1.0 1.0 1.0 1.0 1.0 1.0 1.0 1.0 1.0 1.0 1.0 1.0 1.0 1.0
1.0 1.0 1.0 1.0 1.0 1.0 1.0 1.0 1.0 1.0 1.0 1.0 1.0 1.0 1.0 1.0
1.0 1.0 1.0 1.0 1.0 1.0 1.0 1.0 1.0 1.0 1.0 1.0 1.0 1.0 1.0 1.0
1.0 1.0 1.0 1.0 1.0 1.0 1.0 1.0 1.0 1.0 1.0 1.0 1.0 1.0 1.0 1.0
1.0 1.0 1.0 1.0 1.0 1.0 1.0 1.0 1.0 1.0 1.0 1.0 1.0 1.0 1.0 1.0
1.0 1.0 1.0 1.0 1.0 1.0 1.0 1.0 1.0 1.0 1.0 1.0 1.0 1.0 1.0 1.0
1.0 1.0 1.0 1.0 1.0 1.0 1.0 1.0 1.0 1.0 1.0 1.0 1.0 1.0 1.0 1.0
1.0 1.0 1.0 1.0 1.0 1.0 1.0 1.0 1.0 1.0 1.0 1.0 1.0 1.0 1.0 1.0
1.0 1.0 1.0 1.0 1.0 1.0 1.0 1.0 1.0 1.0 1.0 1.0 1.0 1.0 1.0 1.0
1.0 1.0 1.0 1.0 1.0 1.0 1.0 1.0 1.0 1.0 1.0 1.0 1.0 1.0 1.0 1.0
1.0 1.0 1.0 1.0 1.0 1.0 1.0 1.0 1.0 1.0 1.0 1.0 1.0 1.0 1.0 1.0
1.0 1.0 1.0 1.0 1.0 1.0 1.0 1.0 1.0 1.0 1.0 1.0 1.0 1.0 1.0 1.0
1.0 1.0 1.0 1.0 1.0 1.0 1.0 1.0 1.0 1.0 1.0 1.0 1.0 1.0 1.0 1.0
1.0 1.0 1.0 1.0 1.0 1.0 1.0 1.0 1.0 1.0 1.0 1.0 1.0 1.0 1.0 1.0
1.0 1.0 1.0 1.0 1.0 1.0 1.0 1.0 1.0 1.0 1.0 1.0 1.0 1.0 1.0 1.0
1.0 1.0 1.0 1.0 1.0 1.0 1.0 1.0 1.0 1.0 1.0 1.0 1.0 1.0 1.0 1.0
1.0 1.0 1.0 1.0 1.0 1.0 1.0 1.0 1.0 1.0 1.0 1.0 1.0 1.0 1.0 1.0
1.0 1.0 1.0 1.0 1.0 1.0 1.0 1.0 1.0 1.0 1.0 1.0 1.0 1.0 1.0 1.0
1.0 1.0 1.0 1.0 1.0 1.0 1.0 1.0 1.0 1.0 1.0 1.0 1.0 1.0 1.0 1.0
1.0 1.0 1.0 1.0 1.0 1.0 1.0 1.0 1.0 1.0 1.0 1.0 1.0 1.0 1.0 1.0
1.0 1.0 1.0 1.0 1.0 1.0 1.0 1.0 1.0 1.0 1.0 1.0 1.0 1.0 1.0 1.0
1.0 1.0 1.0 1.0 1.0 1.0 1.0 1.0 1.0 1.0 1.0 1.0 1.0 1.0 1.0 1.0
1.0 1.0 1.0 1.0 1.0 1.0 1.0 1.0 1.0 1.0 1.0 1.0 1.0 1.0 1.0 1.0
1.0 1.0 1.0 1.0 1.0 1.0 1.0 1.0 1.0 1.0 1.0 1.0 1.0 1.0 1.0 1.0
1.0 1.0 1.0 1.0 1.0 1.0 1.0 1.0 1.0 1.0 1.0 1.0 1.0 1.0 1.0 1.0
1.0 1.0 1.0 1.0 1.0 1.0 1.0 1.0 1.0 1.0 1.0 1.0 1.0 1.0 1.0 1.0
1.0 1.0 1.0 1.0 1.0 1.0 1.0 1.0 1.0 1.0 1.0 1.0 1.0 1.0 1.0 1.0
1.0 1.0 1.0 1.0 1.0 1.0 1.0 1.0 1.0 1.0 1.0 1.0 1.0 1.0 1.0 1.0
1.0 1.0 1.0 1.0 1.0 1.0 1.0 1.0 1.0 1.0 1.0 1.0 1.0 1.0 1.0 1.0
1.0 1.0 1.0 1.0 1.0 1.0 1.0 1.0 1.0 1.0 1.0 1.0 1.0 1.0 1.0 1.0
1.0 1.0 1.0 1.0 1.0 1.0 1.0 1.0 1.0 1.0 1.0 1.0 1.0 1.0 1.0 1.0
1.0 1.0 1.0 1.0 1.0 1.0 1.0 1.0 1.0 1.0 1.0 1.0 1.0 1.0 1.0 1.0
1.0 1.0 1.0 1.0 1.0 1.0 1.0 1.0 1.0 1.0 1.0 1.0 1.0 1.0 1.0 1.0
1.0 1.0 1.0 1.0 1.0 1.0 1.0 1.0 1.0 1.0 1.0 1.0 1.0 1.0 1.0 1.0
1.0 1.0 1.0 1.0 1.0 1.0 1.0 1.0 1.0 1.0 1.0 1.0 1.0 1.0 1.0 1.0
1.0 1.0 1.0 1.0 1.0 1.0 1.0 1.0 1.0 1.0 1.0 1.0 1.0 1.0 1.0 1.0
1.0 1.0 1.0 1.0 1.0 1.0 1.0 1.0 1.0 1.0 1.0 1.0 1.0 1.0 1.0 1.0
1.0 1.0 1.0 1.0 1.0 1.0 1.0 1.0 1.0 1.0 1.0 1.0 1.0 1.0 1.0 1.0
1.0 1.0 1.0 1.0 1.0 1.0 1.0 1.0 1.0 1.0 1.0 1.0 1.0 1.0 1.0 1.0
1.0 1.0 1.0 1.0 1.0 1.0 1.0 1.0 1.0 1.0 1.0 1.0 1.0 1.0 1.0 1.0
1.0 1.0 1.0 1.0 1.0 1.0 1.0 1.0 1.0 1.0 1.0 1.0 1.0 1.0 1.0 1.0
1.0 1.0 1.0 1.0 1.0 1.0 1.0 1.0 1.0 1.0 1.0 1.0 1.0 1.0 1.0 1.0
1.0 1.0 1.0 1.0 1.0 1.0 1.0 1.0 1.0 1.0 1.0 1.0 1.0 1.0 1.0 1.0
1.0 1.0 1.0 1.0 1.0 1.0 1.0 1.0 1.0 1.0 1.0 1.0 1.0 1.0 1.0 1.0
1.0 1.0 1.0 1.0 1.0 1.0 1.0 1.0 1.0 1.0 1.0 1.0 1.0 1.0 1.0 1.0
1.0 1.0 1.0 1.0 1.0 1.0 1.0 1.0 1.0 1.0 1.0 1.0 1.0 1.0 1.0 1.0
1.0 1.0 1.0 1.0 1.0 1.0 1.0 1.0 1.0 1.0 1.0 1.0 1.0 1.0 1.0 1.0
1.0 1.0 1.0 1.0 1.0 1.0 1.0 1.0 1.0 1.0 1.0 1.0 1.0 1.0 1.0 1.0
1.0 1.0 1.0 1.0 1.0 1.0 1.0 1.0 1.0 1.0 1.0 1.0 1.0 1.0 1.0 1.0
1.0 1.0 1.0 1.0 1.0 1.0 1.0 1.0 1.0 1.0 1.0 1.0 1.0 1.0 1.0 1.0
1.0 1.0 1.0 1.0 1.0 1.0 1.0 1.0 1.0 1.0 1.0 1.0 1.0 1.0 1.0 1.0
1.0 1.0 1.0 1.0 1.0 1.0 1.0 1.0 1.0 1.0 1.0 1.0 1.0 1.0 1.0 1.0
1.0 1.0 1.0 1.0 1.0 1.0 1.0 1.0 1.0 1.0 1.0 1.0 1.0 1.0 1.0 1.0
1.0 1.0 1.0 1.0 1.0 1.0 1.0 1.0 1.0 1.0 1.0 1.0 1.0 1.0 1.0 1.0
1.0 1.0 1.0 1.0 1.0 1.0 1.0 1.0 1.0 1.0 1.0 1.0 1.0 1.0 1.0 1.0
1.0 1.0 1.0 1.0 1.0 1.0 1.0 1.0 1.0 1.0 1.0 1.0 1.0 1.0 1.0 1.0
1.0 1.0 1.0 1.0 1.0 1.0 1.0 1.0 1.0 1.0 1.0 1.0 1.0 1.0 1.0 1.0
1.0 1.0 1.0 1.0 1.0 1.0 1.0 1.0 1.0 1.0 1.0 1.0 1.0 1.0 1.0 1.0
1.0 1.0 1.0 1.0 1.0 1.0 1.0 1.0 1.0 1.0 1.0 1.0 1.0 1.0 1.0 1.0
1.0 1.0 1.0 1.0 1.0 1.0 1.0 1.0 1.0 1.0 1.0 1.0 1.0 1.0 1.0 1.0
1.0 1.0 1.0 1.0 1.0 1.0 1.0 1.0 1.0 1.0 1.0 1.0 1.0 1.0 1.0 1.0
1.0 1.0 1.0 1.0 1.0 1.0 1.0 1.0 1.0 1.0 1.0 1.0 1.0 1.0 1.0 1.0
1.0 1.0 1.0 1.0 1.0 1.0 1.0 1.0 1.0 1.0 1.0 1.0 1.0 1.0 1.0 1.0
1.0 1.0 1.0 1.0 1.0 1.0 1.0 1.0 1.0 1.0 1.0 1.0 1.0 1.0 1.0 1.0
1.0 1.0 1.0 1.0 1.0 1.0 1.0 1.0 1.0 1.0 1.0 1.0 1.0 1.0 1.0 1.0
1.0 1.0 1.0 1.0 1.0 1.0 1.0 1.0 1.0 1.0 1.0 1.0 1.0 1.0 1.0 1.0
1.0 1.0 1.0 1.0 1.0 1.0 1.0 1.0 1.0 1.0 1.0 1.0 1.0 1.0 1.0 1.0
1.0 1.0 1.0 1.0 1.0 1.0 1.0 1.0 1.0 1.0 1.0 1.0 1.0 1.0 1.0 1.0
1.0 1.0 1.0 1.0 1.0 1.0 1.0 1.0 1.0 1.0 1.0 1.0 1.0 1.0 1.0 1.0
1.0 1.0 1.0 1.0 1.0 1.0 1.0 1.0 1.0 1.0 1.0 1.0 1.0 1.0 1.0 1.0
1.0 1.0 1.0 1.0 1.0 1.0 1.0 1.0 1.0 1.0 1.0 1.0 1.0 1.0 1.0 1.0
1.0 1.0 1.0 1.0 1.0 1.0 1.0 1.0 1.0 1.0 1.0 1.0 1.0 1.0 1.0 1.0
1.0 1.0 1.0 1.0 1.0 1.0 1.0 1.0 1.0 1.0 1.0 1.0 1.0 1.0 1.0 1.0
1.0 1.0 1.0 1.0 1.0 1.0 1.0 1.0 1.0 1.0 1.0 1.0 1.0 1.0 1.0 1.0
1.0 1.0 1.0 1.0 1.0 1.0 1.0 1.0 1.0 1.0 1.0 1.0 1.0 1.0 1.0 1.0
1.0 1.0 1.0 1.0 1.0 1.0 1.0 1.0 1.0 1.0 1.0 1.0 1.0 1.0 1.0 1.0
1.0 1.0 1.0 1.0 1.0 1.0 1.0 1.0 1.0 1.0 1.0 1.0 1.0 1.0 1.0 1.0
1.0 1.0 1.0 1.0 1.0 1.0 1.0 1.0 1.0 1.0 1.0 1.0 1.0 1.0 1.0 1.0
1.0 1.0 1.0 1.0 1.0 1.0 1.0 1.0 1.0 1.0 1.0 1.0 1.0 1.0 1.0 1.0
1.0 1.0 1.0 1.0 1.0 1.0 1.0 1.0 1.0 1.0 1.0 1.0 1.0 1.0 1.0 1.0
1.0 1.0 1.0 1.0 1.0 1.0 1.0 1.0 1.0 1.0 1.0 1.0 1.0 1.0 1.0 1.0
1.0 1.0 1.0 1.0 1.0 1.0 1.0 1.0 1.0 1.0 1.0 1.0 1.0 1.0 1.0 1.0
1.0 1.0 1.0 1.0 1.0 1.0 1.0 1.0 1.0 1.0 1.0 1.0 1.0 1.0 1.0 1.0
1.0 1.0 1.0 1.0 1.0 1.0 1.0 1.0 1.0 1.0 1.0 1.0 1.0 1.0 1.0 1.0
1.0 1.0 1.0 1.0 1.0 1.0 1.0 1.0 1.0 1.0 1.0 1.0 1.0 1.0 1.0 1.0
1.0 1.0 1.0 1.0 1.0 1.0 1.0 1.0 1.0 1.0 1.0 1.0 1.0 1.0 1.0 1.0
1.0 1.0 1.0 1.0 1.0 1.0 1.0 1.0 1.0 1.0 1.0 1.0 1.0 1.0 1.0 1.0
1.0 1.0 1.0 1.0 1.0 1.0 1.0 1.0 1.0 1.0 1.0 1.0 1.0 1.0 1.0 1.0
1.0 1.0 1.0 1.0 1.0 1.0 1.0 1.0 1.0 1.0 1.0 1.0 1.0 1.0 1.0 1.0
1.0 1.0 1.0 1.0 1.0 1.0 1.0 1.0 1.0 1.0 1.0 1.0 1.0 1.0 1.0 1.0
1.0 1.0 1.0 1.0 1.0 1.0 1.0 1.0 1.0 1.0 1.0 1.0 1.0 1.0 1.0 1.0
1.0 1.0 1.0 1.0 1.0 1.0 1.0 1.0 1.0 1.0 1.0 1.0 1.0 1.0 1.0 1.0
1.0 1.0 1.0 1.0 1.0 1.0 1.0 1.0 1.0 1.0 1.0 1.0 1.0 1.0 1.0 1.0
1.0 1.0 1.0 1.0 1.0 1.0 1.0 1.0 1.0 1.0 1.0 1.0 1.0 1.0 1.0 1.0
1.0 1.0 1.0 1.0 1.0 1.0 1.0 1.0 1.0 1.0 1.0 1.0 1.0 1.0 1.0 1.0
1.0 1.0 1.0 1.0 1.0 1.0 1.0 1.0 1.0 1.0 1.0 1.0 1.0 1.0 1.0 1.0
1.0 1.0 1.0 1.0 1.0 1.0 1.0 1.0 1.0 1.0 1.0 1.0 1.0 1.0 1.0 1.0
1.0 1.0 1.0 1.0 1.0 1.0 1.0 1.0 1.0 1.0 1.0 1.0 1.0 1.0 1.0 1.0
1.0 1.0 1.0 1.0 1.0 1.0 1.0 1.0 1.0 1.0 1.0 1.0 1.0 1.0 1.0 1.0
1.0 1.0 1.0 1.0 1.0 1.0 1.0 1.0 1.0 1.0 1.0 1.0 1.0 1.0 1.0 1.0
1.0 1.0 1.0 1.0 1.0 1.0 1.0 1.0 1.0 1.0 1.0 1.0 1.0 1.0 1.0 1.0
1.0 1.0 1.0 1.0 1.0 1.0 1.0 1.0 1.0 1.0 1.0 1.0 1.0 1.0 1.0 1.0
1.0 1.0 1.0 1.0 1.0 1.0 1.0 1.0 1.0 1.0 1.0 1.0 1.0 1.0 1.0 1.0
1.0 1.0 1.0 1.0 1.0 1.0 1.0 1.0 1.0 1.0 1.0 1.0 1.0 1.0 1.0 1.0
1.0 1.0 1.0 1.0 1.0 1.0 1.0 1.0 1.0 1.0 1.0 1.0 1.0 1.0 1.0 1.0
1.0 1.0 1.0 1.0 1.0 1.0 1.0 1.0 1.0 1.0 1.0 1.0 1.0 1.0 1.0 1.0
1.0 1.0 1.0 1.0 1.0 1.0 1.0 1.0 1.0 1.0 1.0 1.0 1.0 1.0 1.0 1.0
1.0 1.0 1.0 1.0 1.0 1.0 1.0 1.0 1.0 1.0 1.0 1.0 1.0 1.0 1.0 1.0
1.0 1.0 1.0 1.0 1.0 1.0 1.0 1.0 1.0 1.0 1.0 1.0 1.0 1.0 1.0 1.0
1.0 1.0 1.0 1.0 1.0 1.0 1.0 1.0 1.0 1.0 1.0 1.0 1.0 1.0 1.0 1.0
1.0 1.0 1.0 1.0 1.0 1.0 1.0 1.0 1.0 1.0 1.0 1.0 1.0 1.0 1.0 1.0
1.0 1.0 1.0 1.0 1.0 1.0 1.0 1.0 1.0 1.0 1.0 1.0 1.0 1.0 1.0 1.0
1.0 1.0 1.0 1.0 1.0 1.0 1.0 1.0 1.0 1.0 1.0 1.0 1.0 1.0 1.0 1.0
1.0 1.0 1.0 1.0 1.0 1.0 1.0 1.0 1.0 1.0 1.0 1.0 1.0 1.0 1.0 1.0
1.0 1.0 1.0 1.0 1.0 1.0 1.0 1.0 1.0 1.0 1.0 1.0 1.0 1.0 1.0 1.0
1.0 1.0 1.0 1.0 1.0 1.0 1.0 1.0 1.0 1.0 1.0 1.0 1.0 1.0 1.0 1.0
1.0 1.0 1.0 1.0 1.0 1.0 1.0 1.0 1.0 1.0 1.0 1.0 1.0 1.0 1.0 1.0
1.0 1.0 1.0 1.0 1.0 1.0 1.0 1.0 1.0 1.0 1.0 1.0 1.0 1.0 1.0 1.0
1.0 1.0 1.0 1.0 1.0 1.0 1.0 1.0 1.0 1.0 1.0 1.0 1.0 1.0 1.0 1.0
1.0 1.0 1.0 1.0 1.0 1.0 1.0 1.0 1.0 1.0 1.0 1.0 1.0 1.0 1.0 1.0
1.0 1.0 1.0 1.0 1.0 1.0 1.0 1.0 1.0 1.0 1.0 1.0 1.0 1.0 1.0 1.0
1.0 1.0 1.0 1.0 1.0 1.0 1.0 1.0 1.0 1.0 1.0 1.0 1.0 1.0 1.0 1.0
1.0 1.0 1.0 1.0 1.0 1.0 1.0 1.0 1.0 1.0 1.0 1.0 1.0 1.0 1.0 1.0
1.0 1.0 1.0 1.0 1.0 1.0 1.0 1.0 1.0 1.0 1.0 1.0 1.0 1.0 1.0 1.0
1.0 1.0 1.0 1.0 1.0 1.0 1.0 1.0 1.0 1.0 1.0 1.0 1.0 1.0 1.0 1.0
1.0 1.0 1.0 1.0 1.0 1.0 1.0 1.0 1.0 1.0 1.0 1.0 1.0 1.0 1.0 1.0
1.0 1.0 1.0 1.0 1.0 1.0 1.0 1.0 1.0 1.0 1.0 1.0 1.0 1.0 1.0 1.0
1.0 1.0 1.0 1.0 1.0 1.0 1.0 1.0 1.0 1.0 1.0 1.0 1.0 1.0 1.0 1.0
1.0 1.0 1.0 1.0 1.0 1.0 1.0 1.0 1.0 1.0 1.0 1.0 1.0 1.0 1.0 1.0
1.0 1.0 1.0 1.0 1.0 1.0 1.0 1.0 1.0 1.0 1.0 1.0 1.0 1.0 1.0 1.0
1.0 1.0 1.0 1.0 1.0 1.0 1.0 1.0 1.0 1.0 1.0 1.0 1.0 1.0 1.0 1.0
1.0 1.0 1.0 1.0 1.0 1.0 1.0 1.0 1.0 1.0 1.0 1.0 1.0 1.0 1.0 1.0
1.0 1.0 1.0 1.0 1.0 1.0 1.0 1.0 1.0 1.0 1.0 1.0 1.0 1.0 1.0 1.0
1.0 1.0 1.0 1.0 1.0 1.0 1.0 1.0 1.0 1.0 1.0 1.0 1.0 1.0 1.0 1.0
1.0 1.0 1.0 1.0 1.0 1.0 1.0 1.0 1.0 1.0 1.0 1.0 1.0 1.0 1.0 1.0
1.0 1.0 1.0 1.0 1.0 1.0 1.0 1.0 1.0 1.0 1.0 1.0 1.0 1.0 1.0 1.0
1.0 1.0 1.0 1.0 1.0 1.0 1.0 1.0 1.0 1.0 1.0 1.0 1.0 1.0 1.0 1.0
1.0 1.0 1.0 1.0 1.0 1.0 1.0 1.0 1.0 1.0 1.0 1.0 1.0 1.0 1.0 1.0
1.0 1.0 1.0 1.0 1.0 1.0 1.0 1.0 1.0 1.0 1.0 1.0 1.0 1.0 1.0 1.0
1.0 1.0 1.0 1.0 1.0 1.0 1.0 1.0 1.0 1.0 1.0 1.0 1.0 1.0 1.0 1.0
1.0 1.0 1.0 1.0 1.0 1.0 1.0 1.0 1.0 1.0 1.0 1.0 1.0 1.0 1.0 1.0
1.0 1.0 1.0 1.0 1.0 1.0 1.0 1.0 1.0 1.0 1.0 1.0 1.0 1.0 1.0 1.0
1.0 1.0 1.0 1.0 1.0 1.0 1.0 1.0 1.0 1.0 1.0 1.0 1.0 1.0 1.0 1.0
1.0 1.0 1.0 1.0 1.0 1.0 1.0 1.0 1.0 1.0 1.0 1.0 1.0 1.0 1.0 1.0
1.0 1.0 1.0 1.0 1.0 1.0 1.0 1.0 1.0 1.0 1.0 1.0 1.0 1.0 1.0 1.0
1.0 1.0 1.0 1.0 1.0 1.0 1.0 1.0 1.0 1.0 1.0 1.0 1.0 1.0 1.0 1.0
1.0 1.0 1.0 1.0 1.0 1.0 1.0 1.0 1.0 1.0 1.0 1.0 1.0 1.0 1.0 1.0
1.0 1.0 1.0 1.0 1.0 1.0 1.0 1.0 1.0 1.0 1.0 1.0 1.0 1.0 1.0 1.0
1.0 1.0 1.0 1.0 1.0 1.0 1.0 1.0 1.0 1.0 1.0 1.0 1.0 1.0 1.0 1.0
1.0 1.0 1.0 1.0 1.0 1.0 1.0 1.0 1.0 1.0 1.0 1.0 1.0 1.0 1.0 1.0
1.0 1.0 1.0 1.0 1.0 1.0 1.0 1.0 1.0 1.0 1.0 1.0 1.0 1.0 1.0 1.0
1.0 1.0 1.0 1.0 1.0 1.0 1.0 1.0 1.0 1.0 1.0 1.0 1.0 1.0 1.0 1.0
1.0 1.0 1.0 1.0 1.0 1.0 1.0 1.0 1.0 1.0 1.0 1.0 1.0 1.0 1.0 1.0
1.0 1.0 1.0 1.0 1.0 1.0 1.0 1.0 1.0 1.0 1.0 1.0 1.0 1.0 1.0 1.0
1.0 1.0 1.0 1.0 1.0 1.0 1.0 1.0 1.0 1.0 1.0 1.0 1.0 1.0 1.0 1.0
1.0 1.0 1.0 1.0 1.0 1.0 1.0 1.0 1.0 1.0 1.0 1.0 1.0 1.0 1.0 1.0
1.0 1.0 1.0 1.0 1.0 1.0 1.0 1.0 1.0 1.0 1.0 1.0 1.0 1.0 1.0 1.0
1.0 1.0 1.0 1.0 1.0 1.0 1.0 1.0 1.0 1.0 1.0 1.0 1.0 1.0 1.0 1.0
1.0 1.0 1.0 1.0 1.0 1.0 1.0 1.0 1.0 1.0 1.0 1.0 1.0 1.0 1.0 1.0
1.0 1.0 1.0 1.0 1.0 1.0 1.0 1.0 1.0 1.0 1.0 1.0 1.0 1.0 1.0 1.0
1.0 1.0 1.0 1.0 1.0 1.0 1.0 1.0 1.0 1.0 1.0 1.0 1.0 1.0 1.0 1.0
1.0 1.0 1.0 1.0 1.0 1.0 1.0 1.0 1.0 1.0 1.0 1.0 1.0 1.0 1.0 1.0
1.0 1.0 1.0 1.0 1.0 1.0 1.0 1.0 1.0 1.0 1.0 1.0 1.0 1.0 1.0 1.0
1.0 1.0 1.0 1.0 1.0 1.0 1.0 1.0 1.0 1.0 1.0 1.0 1.0 1.0 1.0 1.0
1.0 1.0 1.0 1.0 1.0 1.0 1.0 1.0 1.0 1.0 1.0 1.0 1.0 1.0 1.0 1.0
1.0 1.0 1.0 1.0 1.0 1.0 1.0 1.0 1.0 1.0 1.0 1.0 1.0 1.0 1.0 1.0
1.0 1.0 1.0 1.0 1.0 1.0 1.0 1.0 1.0 1.0 1.0 1.0 1.0 1.0 1.0 1.0
1.0 1.0 1.0 1.0 1.0 1.0 1.0 1.0 1.0 1.0 1.0 1.0 1.0 1.0 1.0 1.0
1.0 1.0 1.0 1.0 1.0 1.0 1.0 1.0 1.0 1.0 1.0 1.0 1.0 1.0 1.0 1.0
1.0 1.0 1.0 1.0 1.0 1.0 1.0 1.0 1.0 1.0 1.0 1.0 1.0 1.0 1.0 1.0
1.0 1.0 1.0 1.0 1.0 1.0 1.0 1.0 1.0 1.0 1.0 1.0 1.0 1.0 1.0 1.0
1.0 1.0 1.0 1.0 1.0 1.0 1.0 1.0 1.0 1.0 1.0 1.0 1.0 1.0 1.0 1.0
1.0 1.0 1.0 1.0 1.0 1.0 1.0 1.0 1.0 1.0 1.0 1.0 1.0 1.0 1.0 1.0
1.0 1.0 1.0 1.0 1.0 1.0 1.0 1.0 1.0 1.0 1.0 1.0 1.0 1.0 1.0 1.0
1.0 1.0 1.0 1.0 1.0 1.0 1.0 1.0 1.0 1.0 1.0 1.0 1.0 1.0 1.0 1.0
1.0 1.0 1.0 1.0 1.0 1.0 1.0 1.0 1.0 1.0 1.0 1.0 1.0 1.0 1.0 1.0
1.0 1.0 1.0 1.0 1.0 1.0 1.0 1.0 1.0 1.0 1.0 1.0 1.0 1.0 1.0 1.0
1.0 1.0 1.0 1.0 1.0 1.0 1.0 1.0 1.0 1.0 1.0 1.0 1.0 1.0 1.0 1.0
1.0 1.0 1.0 1.0 1.0 1.0 1.0 1.0 1.0 1.0 1.0 1.0 1.0 1.0 1.0 1.0
1.0 1.0 1.0 1.0 1.0 1.0 1.0 1.0 1.0 1.0 1.0 1.0 1.0 1.0 1.0 1.0
1.0 1.0 1.0 1.0 1.0 1.0 1.0 1.0 1.0 1.0 1.0 1.0 1.0 1.0 1.0 1.0
1.0 1.0 1.0 1.0 1.0 1.0 1.0 1.0 1.0 1.0 1.0 1.0 1.0 1.0 1.0 1.0
1.0 1.0 1.0 1.0 1.0 1.0 1.0 1.0 1.0 1.0 1.0 1.0 1.0 1.0 1.0 1.0
1.0 1.0 1.0 1.0 1.0 1.0 1.0 1.0 1.0 1.0 1.0 1.0 1.0 1.0 1.0 1.0
1.0 1.0 1.0 1.0 1.0 1.0 1.0 1.0 1.0 1.0 1.0 1.0 1.0 1.0 1.0 1.0
1.0 1.0 1.0 1.0 1.0 1.0 1.0 1.0 1.0 1.0 1.0 1.0 1.0 1.0 1.0 1.0
1.0 1.0 1.0 1.0 1.0 1.0 1.0 1.0 1.0 1.0 1.0 1.0 1.0 1.0 1.0 1.0
1.0 1.0 1.0 1.0 1.0 1.0 1.0 1.0 1.0 1.0 1.0 1.0 1.0 1.0 1.0 1.0
1.0 1.0 1.0 1.0 1.0 1.0 1.0 1.0 1.0 1.0 1.0 1.0 1.0 1.0 1.0 1.0
1.0 1.0 1.0 1.0 1.0 1.0 1.0 1.0 1.0 1.0 1.0 1.0 1.0 1.0 1.0 1.0
1.0 1.0 1.0 1.0 1.0 1.0 1.0 1.0 1.0 1.0 1.0 1.0 1.0 1.0 1.0 1.0
1.0 1.0 1.0 1.0 1.0 1.0 1.0 1.0 1.0 1.0 1.0 1.0 1.0 1.0 1.0 1.0
1.0 1.0 1.0 1.0 1.0 1.0 1.0 1.0 1.0 1.0 1.0 1.0 1.0 1.0 1.0 1.0
1.0 1.0 1.0 1.0 1.0 1.0 1.0 1.0 1.0 1.0 1.0 1.0 1.0 1.0 1.0 1.0
1.0 1.0 1.0 1.0 1.0 1.0 1.0 1.0 1.0 1.0 1.0 1.0 1.0 1.0 1.0 1.0
1.0 1.0 1.0 1.0 1.0 1.0 1.0 1.0 1.0 1.0 1.0 1.0 1.0 1.0 1.0 1.0
1.0 1.0 1.0 1.0 1.0 1.0 1.0 1.0 1.0 1.0 1.0 1.0 1.0 1.0 1.0 1.0
1.0 1.0 1.0 1.0 1.0 1.0 1.0 1.0 1.0 1.0 1.0 1.0 1.0 1.0 1.0 1.0
1.0 1.0 1.0 1.0 1.0 1.0 1.0 1.0 1.0 1.0 1.0 1.0 1.0 1.0 1.0 1.0
1.0 1.0 1.0 1.0 1.0 1.0 1.0 1.0 1.0 1.0 1.0 1.0 1.0 1.0 1.0 1.0
1.0 1.0 1.0 1.0 1.0 1.0 1.0 1.0 1.0 1.0 1.0 1.0 1.0 1.0 1.0 1.0
1.0 1.0 1.0 1.0 1.0 1.0 1.0 1.0 1.0 1.0 1.0 1.0 1.0 1.0 1.0 1.0
1.0 1.0 1.0 1.0 1.0 1.0 1.0 1.0 1.0 1.0 1.0 1.0 1.0 1.0 1.0 1.0
1.0 1.0 1.0 1.0 1.0 1.0 1.0 1.0 1.0 1.0 1.0 1.0 1.0 1.0 1.0 1.0
1.0 1.0 1.0 1.0 1.0 1.0 1.0 1.0 1.0 1.0 1.0 1.0 1.0 1.0 1.0 1.0
1.0 1.0 1.0 1.0 1.0 1.0 1.0 1.0 1.0 1.0 1.0 1.0 1.0 1.0 1.0 1.0
1.0 1.0 1.0 1.0 1.0 1.0 1.0 1.0 1.0 1.0 1.0 1.0 1.0 1.0 1.0 1.0
1.0 1.0 1.0 1.0 1.0 1.0 1.0 1.0 1.0 1.0 1.0 1.0 1.0 1.0 1.0 1.0
1.0 1.0 1.0 1.0 1.0 1.0 1.0 1.0 1.0 1.0 1.0 1.0 1.0 1.0 1.0 1.0
1.0 1.0 1.0 1.0 1.0 1.0 1.0 1.0 1.0 1.0 1.0 1.0 1.0 1.0 1.0 1.0
1.0 1.0 1.0 1.0 1.0 1.0 1.0 1.0 1.0 1.0 1.0 1.0 1.0 1.0 1.0 1.0
1.0 1.0 1.0 1.0 1.0 1.0 1.0 1.0 1.0 1.0 1.0 1.0 1.0 1.0 1.0 1.0
1.0 1.0 1.0 1.0 1.0 1.0 1.0 1.0 1.0 1.0 1.0 1.0 1.0 1.0 1.0 1.0
1.0 1.0 1.0 1.0 1.0 1.0 1.0 1.0 1.0 1.0 1.0 1.0 1.0 1.0 1.0 1.0
1.0 1.0 1.0 1.0 1.0 1.0 1.0 1.0 1.0 1.0 1.0 1.0 1.0 1.0 1.0 1.0
1.0 1.0 1.0 1.0 1.0 1.0 1.0 1.0 1.0 1.0 1.0 1.0 1.0 1.0 1.0 1.0
1.0 1.0 1.0 1.0 1.0 1.0 1.0 1.0 1.0 1.0 1.0 1.0 1.0 1.0 1.0 1.0
1.0 1.0 1.0 1.0 1.0 1.0 1.0 1.0 1.0 1.0 1.0 1.0 1.0 1.0 1.0 1.0
1.0 1.0 1.0 1.0 1.0 1.0 1.0 1.0 1.0 1.0 1.0 1.0 1.0 1.0 1.0 1.0
1.0 1.0 1.0 1.0 1.0 1.0 1.0 1.0 1.0 1.0 1.0 1.0 1.0 1.0 1.0 1.0
1.0 1.0 1.0 1.0 1.0 1.0 1.0 1.0 1.0 1.0 1.0 1.0 1.0 1.0 1.0 1.0
1.0 1.0 1.0 1.0 1.0 1.0 1.0 1.0 1.0 1.0 1.0 1.0 1.0 1.0 1.0 1.0
1.0 1.0 1.0 1.0 1.0 1.0 1.0 1.0 1.0 1.0 1.0 1.0 1.0 1.0 1.0 1.0
1.0 1.0 1.0 1.0 1.0 1.0 1.0 1.0 1.0 1.0 1.0 1.0 1.0 1.0 1.0 1.0
1.0 1.0 1.0 1.0 1.0 1.0 1.0 1.0 1.0 1.0 1.0 1.0 1.0 1.0 1.0 1.0
1.0 1.0 1.0 1.0 1.0 1.0 1.0 1.0 1.0 1.0 1.0 1.0 1.0 1.0 1.0 1.0
1.0 1.0 1.0 1.0 1.0 1.0 1.0 1.0 1.0 1.0 1.0 1.0 1.0 1.0 1.0 1.0
1.0 1.0 1.0 1.0 1.0 1.0 1.0 1.0 1.0 1.0 1.0 1.0 1.0 1.0 1.0 1.0
1.0 1.0 1.0 1.0 1.0 1.0 1.0 1.0 1.0 1.0 1.0 1.0 1.0 1.0 1.0 1.0
1.0 1.0 1.0 1.0 1.0 1.0 1.0 1.0 1.0 1.0 1.0 1.0 1.0 1.0 1.0 1.0
1.0 1.0 1.0 1.0 1.0 1.0 1.0 1.0 1.0 1.0 1.0 1.0 1.0 1.0 1.0 1.0
1.0 1.0 1.0 1.0 1.0 1.0 1.0 1.0 1.0 1.0 1.0 1.0 1.0 1.0 1.0 1.0
1.0 1.0 1.0 1.0 1.0 1.0 1.0 1.0 1.0 1.0 1.0 1.0 1.0 1.0 1.0 1.0
1.0 1.0 1.0 1.0 1.0 1.0 1.0 1.0 1.0 1.0 1.0 1.0 1.0 1.0 1.0 1.0
1.0 1.0 1.0 1.0 1.0 1.0 1.0 1.0 1.0 1.0 1.0 1.0 1.0 1.0 1.0 1.0
1.0 1.0 1.0 1.0 1.0 1.0 1.0 1.0 1.0 1.0 1.0 1.0 1.0 1.0 1.0 1.0
1.0 1.0 1.0 1.0 1.0 1.0 1.0 1.0 1.0 1.0 1.0 1.0 1.0 1.0 1.0 1.0
1.0 1.0 1.0 1.0 1.0 1.0 1.0 1.0 1.0 1.0 1.0 1.0 1.0 1.0 1.0 1.0
1.0 1.0 1.0 1.0 1.0 1.0 1.0 1.0 1.0 1.0 1.0 1.0 1.0 1.0 1.0 1.0
1.0 1.0 1.0 1.0 1.0 1.0 1.0 1.0 1.0 1.0 1.0 1.0 1.0 1.0 1.0 1.0
1.0 1.0 1.0 1.0 1.0 1.0 1.0 1.0 1.0 1.0 1.0 1.0 1.0 1.0 1.0 1.0
1.0 1.0 1.0 1.0 1.0 1.0 1.0 1.0 1.0 1.0 1.0 1.0 1.0 1.0 1.0 1.0
1.0 1.0 1.0 1.0 1.0 1.0 1.0 1.0 1.0 1.0 1.0 1.0 1.0 1.0 1.0 1.0
1.0 1.0 1.0 1.0 1.0 1.0 1.0 1.0 1.0 1.0 1.0 1.0 1.0 1.0 1.0 1.0
1.0 1.0 1.0 1.0 1.0 1.0 1.0 1.0 1.0 1.0 1.0 1.0 1.0 1.0 1.0 1.0
1.0 1.0 1.0 1.0 1.0 1.0 1.0 1.0 1.0 1.0 1.0 1.0 1.0 1.0 1.0 1.0
1.0 1.0 1.0 1.0 1.0 1.0 1.0 1.0 1.0 1.0 1.0 1.0 1.0 1.0 1.0 1.0
1.0 1.0 1.0 1.0 1.0 1.0 1.0 1.0 1.0 1.0 1.0 1.0 1.0 1.0 1.0 1.0
1.0 1.0 1.0 1.0 1.0 1.0 1.0 1.0 1.0 1.0 1.0 1.0 1.0 1.0 1.0 1.0
1.0 1.0 1.0 1.0 1.0 1.0 1.0 1.0 1.0 1.0 1.0 1.0 1.0 1.0 1.0 1.0
1.0 1.0 1.0 1.0 1.0 1.0 1.0 1.0 1.0 1.0 1.0 1.0 1.0 1.0 1.0 1.0
1.0 1.0 1.0 1.0 1.0 1.0 1.0 1.0 1.0 1.0 1.0 1.0 1.0 1.0 1.0 1.0
1.0 1.0 1.0 1.0 1.0 1.0 1.0 1.0 1.0 1.0 1.0 1.0 1.0 1.0 1.0 1.0
1.0 1.0 1.0 1.0 1.0 1.0 1.0 1.0 1.0 1.0 1.0 1.0 1.0 1.0 1.0 1.0
1.0 1.0 1.0 1.0 1.0 1.0 1.0 1.0 1.0 1.0 1.0 1.0 1.0 1.0 1.0 1.0
1.0 1.0 1.0 1.0 1.0 1.0 1.0 1.0 1.0 1.0 1.0 1.0 1.0 1.0 1.0 1.0
1.0 1.0 1.0 1.0 1.0 1.0 1.0 1.0 1.0 1.0 1.0 1.0 1.0 1.0 1.0 1.0
1.0 1.0 1.0 1.0 1.0 1.0 1.0 1.0 1.0 1.0 1.0 1.0 1.0 1.0 1.0 1.0
1.0 1.0 1.0 1.0 1.0 1.0 1.0 1.0 1.0 1.0 1.0 1.0 1.0 1.0 1.0 1.0
1.0 1.0 1.0 1.0 1.0 1.0 1.0 1.0 1.0 1.0 1.0 1.0 1.0 1.0 1.0 1.0
1.0 1.0 1.0 1.0 1.0 1.0 1.0 1.0 1.0 1.0 1.0 1.0 1.0 1.0 1.0 1.0
1.0 1.0 1.0 1.0 1.0 1.0 1.0 1.0 1.0 1.0 1.0 1.0 1.0 1.0 1.0 1.0
1.0 1.0 1.0 1.0 1.0 1.0 1.0 1.0 1.0 1.0 1.0 1.0 1.0 1.0 1.0 1.0
1.0 1.0 1.0 1.0 1.0 1.0 1.0 1.0 1.0 1.0 1.0 1.0 1.0 1.0 1.0 1.0
1.0 1.0 1.0 1.0 1.0 1.0 1.0 1.0 1.0 1.0 1.0 1.0 1.0 1.0 1.0 1.0
1.0 1.0 1.0 1.0 1.0 1.0 1.0 1.0 1.0 1.0 1.0 1.0 1.0 1.0 1.0 1.0
1.0 1.0 1.0 1.0 1.0 1.0 1.0 1.0 1.0 1.0 1.0 1.0 1.0 1.0 1.0 1.0
1.0 1.0 1.0 1.0 1.0 1.0 1.0 1.0 1.0 1.0 1.0 1.0 1.0 1.0 1.0 1.0
1.0 1.0 1.0 1.0 1.0 1.0 1.0 1.0 1.0 1.0 1.0 1.0 1.0 1.0 1.0 1.0
1.0 1.0 1.0 1.0 1.0 1.0 1.0 1.0 1.0 1.0 1.0 1.0 1.0 1.0 1.0 1.0
1.0 1.0 1.0 1.0 1.0 1.0 1.0 1.0 1.0 1.0 1.0 1.0 1.0 1.0 1.0 1.0
1.0 1.0 1.0 1.0 1.0 1.0 1.0 1.0 1.0 1.0 1.0 1.0 1.0 1.0 1.0 1.0
1.0 1.0 1.0 1.0 1.0 1.0 1.0 1.0 1.0 1.0 1.0 1.0 1.0 1.0 1.0 1.0
1.0 1.0 1.0 1.0 1.0 1.0 1.0 1.0 1.0 1.0 1.0 1.0 1.0 1.0 1.0 1.0
1.0 1.0 1.0 1.0 1.0 1.0 1.0 1.0 1.0 1.0 1.0 1.0 1.0 1.0 1.0 1.0
1.0 1.0 1.0 1.0 1.0 1.0 1.0 1.0 1.0 1.0 1.0 1.0 1.0 1.0 1.0 1.0
1.0 1.0 1.0 1.0 1.0 1.0 1.0 1.0 1.0 1.0 1.0 1.0 1.0 1.0 1.0 1.0
1.0 1.0 1.0 1.0 1.0 1.0 1.0 1.0 1.0 1.0 1.0 1.0 1.0 1.0 1.0 1.0
1.0 1.0 1.0 1.0 1.0 1.0 1.0 1.0 1.0 1.0 1.0 1.0 1.0 1.0 1.0 1.0
1.0 1.0 1.0 1.0 1.0 1.0 1.0 1.0 1.0 1.0 1.0 1.0 1.0 1.0 1.0 1.0
1.0 1.0 1.0 1.0 1.0 1.0 1.0 1.0 1.0 1.0 1.0 1.0 1.0 1.0 1.0 1.0
1.0 1.0 1.0 1.0 1.0 1.0 1.0 1.0 1.0 1.0 1.0 1.0 1.0 1.0 1.0 1.0
1.0 1.0 1.0 1.0 1.0 1.0 1.0 1.0 1.0 1.0 1.0 1.0 1.0 1.0 1.0 1.0
1.0 1.0 1.0 1.0 1.0 1.0 1.0 1.0 1.0 1.0 1.0 1.0 1.0 1.0 1.0 1.0
1.0 1.0 1.0 1.0 1.0 1.0 1.0 1.0 1.0 1.0 1.0 1.0 1.0 1.0 1.0 1.0
1.0 1.0 1.0 1.0 1.0 1.0 1.0 1.0 1.0 1.0 1.0 1.0 1.0 1.0 1.0 1.0
1.0 1.0 1.0 1.0 1.0 1.0 1.0 1.0 1.0 1.0 1.0 1.0 1.0 1.0 1.0 1.0
1.0 1.0 1.0 1.0 1.0 1.0 1.0 1.0 1.0 1.0 1.0 1.0 1.0 1.0 1.0 1.0
1.0 1.0 1.0 1.0 1.0 1.0 1.0 1.0 1.0 1.0 1.0 1.0 1.0 1.0 1.0 1.0
1.0 1.0 1.0 1.0 1.0 1.0 1.0 1.0 1.0 1.0 1.0 1.0 1.0 1.0 1.0 1.0
1.0 1.0 1.0 1.0 1.0 1.0 1.0 1.0 1.0 1.0 1.0 1.0 1.0 1.0 1.0 1.0
1.0 1.0 1.0 1.0 1.0 1.0 1.0 1.0 1.0 1.0 1.0 1.0 1.0 1.0 1.0 1.0
1.0 1.0 1.0 1.0 1.0 1.0 1.0 1.0 1.0 1.0 1.0 1.0 1.0 1.0 1.0 1.0
1.0 1.0 1.0 1.0 1.0 1.0 1.0 1.0 1.0 1.0 1.0 1.0 1.0 1.0 1.0 1.0
1.0 1.0 1.0 1.0 1.0 1.0 1.0 1.0 1.0 1.0 1.0 1.0 1.0 1.0 1.0 1.0
1.0 1.0 1.0 1.0 1.0 1.0 1.0 1.0 1.0 1.0 1.0 1.0 1.0 1.0 1.0 1.0
1.0 1.0 1.0 1.0 1.0 1.0 1.0 1.0 1.0 1.0 1.0 1.0 1.0 1.0 1.0 1.0
1.0 1.0 1.0 1.0 1.0 1.0 1.0 1.0 1.0 1.0 1.0 1.0 1.0 1.0 1.0 1.0
1.0 1.0 1.0 1.0 1.0 1.0 1.0 1.0 1.0 1.0 1.0 1.0 1.0 1.0 1.0 1.0
1.0 1.0 1.0 1.0 1.0 1.0 1.0 1.0 1.0 1.0 1.0 1.0 1.0 1.0 1.0 1.0
1.0 1.0 1.0 1.0 1.0 1.0 1.0 1.0 1.0 1.0 1.0 1.0 1.0 1.0 1.0 1.0
1.0 1.0 1.0 1.0 1.0 1.0 1.0 1.0 1.0 1.0 1.0 1.0 1.0 1.0 1.0 1.0
1.0 1.0 1.0 1.0 1.0 1.0 1.0 1.0 1.0 1.0 1.0 1.0 1.0 1.0 1.0 1.0
1.0 1.0 1.0 1.0 1.0 1.0 1.0 1.0 1.0 1.0 1.0 1.0 1.0 1.0 1.0 1.0
1.0 1.0 1.0 1.0 1.0 1.0 1.0 1.0 1.0 1.0 1.0 1.0 1.0 1.0 1.0 1.0
1.0 1.0 1.0 1.0 1.0 1.0 1.0 1.0 1.0 1.0 1.0 1.0 1.0 1.0 1.0 1.0
1.0 1.0 1.0 1.0 1.0 1.0 1.0 1.0 1.0 1.0 1.0 1.0 1.0 1.0 1.0 1.0
1.0 1.0 1.0 1.0 1.0 1.0 1.0 1.0 1.0 1.0 1.0 1.0 1.0 1.0 1.0 1.0
1.0 1.0 1.0 1.0 1.0 1.0 1.0 1.0 1.0 1.0 1.0 1.0 1.0 1.0 1.0 1.0
1.0 1.0 1.0 1.0 1.0 1.0 1.0 1.0 1.0 1.0 1.0 1.0 1.0 1.0 1.0 1.0
1.0 1.0 1.0 1.0 1.0 1.0 1.0 1.0 1.0 1.0 1.0 1.0 1.0 1.0 1.0 1.0
1.0 1.0 1.0 1.0 1.0 1.0 1.0 1.0 1.0 1.0 1.0 1.0 1.0 1.0 1.0 1.0
1.0 1.0 1.0 1.0 1.0 1.0 1.0 1.0 1.0 1.0 1.0 1.0 1.0 1.0 1.0 1.0
1.0 1.0 1.0 1.0 1.0 1.0 1.0 1.0 1.0 1.0 1.0 1.0 1.0 1.0 1.0 1.0
1.0 1.0 1.0 1.0 1.0 1.0 1.0 1.0 1.0 1.0 1.0 1.0 1.0 1.0 1.0 1.0
1.0 1.0 1.0 1.0 1.0 1.0 1.0 1.0 1.0 1.0 1.0 1.0 1.0 1.0 1.0 1.0
1.0 1.0 1.0 1.0 1.0 1.0 1.0 1.0 1.0 1.0 1.0 1.0 1.0 1.0 1.0 1.0
1.0 1.0 1.0 1.0 1.0 1.0 1.0 1.0 1.0 1.0 1.0 1.0 1.0 1.0 1.0 1.0
1.0 1.0 1.0 1.0 1.0 1.0 1.0 1.0 1.0 1.0 1.0 1.0 1.0 1.0 1.0 1.0
1.0 1.0 1.0 1.0 1.0 1.0 1.0 1.0 1.0 1.0 1.0 1.0 1.0 1.0 1.0 1.0
1.0 1.0 1.0 1.0 1.0 1.0 1.0 1.0 1.0 1.0 1.0 1.0 1.0 1.0 1.0 1.0
1.0 1.0 1.0 1.0 1.0 1.0 1.0 1.0 1.0 1.0 1.0 1.0 1.0 1.0 1.0 1.0
1.0 1.0 1.0 1.0 1.0 1.0 1.0 1.0 1.0 1.0 1.0 1.0 1.0 1.0 1.0 1.0
1.0 1.0 1.0 1.0 1.0 1.0 1.0 1.0 1.0 1.0 1.0 1.0 1.0 1.0 1.0 1.0
1.0 1.0 1.0 1.0 1.0 1.0 1.0 1.0 1.0 1.0 1.0 1.0 1.0 1.0 1.0 1.0
1.0 1.0 1.0 1.0 1.0 1.0 1.0 1.0 1.0 1.0 1.0 1.0 1.0 1.0 1.0 1.0
1.0 1.0 1.0 1.0 1.0 1.0 1.0 1.0 1.0 1.0 1.0 1.0 1.0 1.0 1.0 1.0
1.0 1.0 1.0 1.0 1.0 1.0 1.0 1.0 1.0 1.0 1.0 1.0 1.0 1.0 1.0 1.0
1.0 1.0 1.0 1.0 1.0 1.0 1.0 1.0 1.0 1.0 1.0 1.0 1.0 1.0 1.0 1.0
1.0 1.0 1.0 1.0 1.0 1.0 1.0 1.0 1.0 1.0 1.0 1.0 1.0 1.0 1.0 1.0
1.0 1.0 1.0 1.0 1.0 1.0 1.0 1.0 1.0 1.0 1.0 1.0 1.0 1.0 1.0 1.0
1.0 1.0 1.0 1.0 1.0 1.0 1.0 1.0 1.0 1.0 1.0 1.0 1.0 1.0 1.0 1.0
1.0 1.0 1.0 1.0 1.0 1.0 1.0 1.0 1.0 1.0 1.0 1.0 1.0 1.0 1.0 1.0
1.0 1.0 1.0 1.0 1.0 1.0 1.0 1.0 1.0 1.0 1.0 1.0 1.0 1.0 1.0 1.0
1.0 1.0 1.0 1.0 1.0 1.0 1.0 1.0 1.0 1.0 1.0 1.0 1.0 1.0 1.0 1.0
1.0 1.0 1.0 1.0 1.0 1.0 1.0 1.0 1.0 1.0 1.0 1.0 1.0 1.0 1.0 1.0
1.0 1.0 1.0 1.0 1.0 1.0 1.0 1.0 1.0 1.0 1.0 1.0 1.0 1.0 1.0 1.0
1.0 1.0 1.0 1.0 1.0 1.0 1.0 1.0 1.0 1.0 1.0 1.0 1.0 1.0 1.0 1.0
1.0 1.0 1.0 1.0 1.0 1.0 1.0 1.0 1.0 1.0 1.0 1.0 1.0 1.0 1.0 1.0
1.0 1.0 1.0 1.0 1.0 1.0 1.0 1.0 1.0 1.0 1.0 1.0 1.0 1.0 1.0 1.0
1.0 1.0 1.0 1.0 1.0 1.0 1.0 1.0 1.0 1.0 1.0 1.0 1.0 1.0 1.0 1.0
1.0 1.0 1.0 1.0 1.0 1.0 1.0 1.0 1.0 1.0 1.0 1.0 1.0 1.0 1.0 1.0
1.0 1.0 1.0 1.0 1.0 1.0 1.0 1.0 1.0 1.0 1.0 1.0 1.0 1.0 1.0 1.0
1.0 1.0 1.0 1.0 1.0 1.0 1.0 1.0 1.0 1.0 1.0 1.0 1.0 1.0 1.0 1.0
1.0 1.0 1.0 1.0 1.0 1.0 1.0 1.0 1.0 1.0 1.0 1.0 1.0 1.0 1.0 1.0
1.0 1.0 1.0 1.0 1.0 1.0 1.0 1.0 1.0 1.0 1.0 1.0 1.0 1.0 1.0 1.0
1.0 1.0 1.0 1.0 1.0 1.0 1.0 1.0 1.0 1.0 1.0 1.0 1.0 1.0 1.0 1.0
1.0 1.0 1.0 1.0 1.0 1.0 1.0 1.0 1.0 1.0 1.0 1.0 1.0 1.0 1.0 1.0
1.0 1.0 1.0 1.0 1.0 1.0 1.0 1.0 1.0 1.0 1.0 1.0 1.0 1.0 1.0 1.0
1.0 1.0 1.0 1.0 1.0 1.0 1.0 1.0 1.0 1.0 1.0 1.0 1.0 1.0 1.0 1.0
1.0 1.0 1.0 1.0 1.0 1.0 1.0 1.0 1.0 1.0 1.0 1.0 1.0 1.0 1.0 1.0
1.0 1.0 1.0 1.0 1.0 1.0 1.0 1.0 1.0 1.0 1.0 1.0 1.0 1.0 1.0 1.0
1.0 1.0 1.0 1.0 1.0 1.0 1.0 1.0 1.0 1.0 1.0 1.0 1.0 1.0 1.0 1.0
1.0 1.0 1.0 1.0 1.0 1.0 1.0 1.0 1.0 1.0 1.0 1.0 1.0 1.0 1.0 1.0
1.0 1.0 1.0 1.0 1.0 1.0 1.0 1.0 1.0 1.0 1.0 1.0 1.0 1.0 1.0 1.0
1.0 1.0 1.0 1.0 1.0 1.0 1.0 1.0 1.0 1.0 1.0 1.0 1.0 1.0 1.0 1.0
1.0 1.0 1.0 1.0 1.0 1.0 1.0 1.0 1.0 1.0 1.0 1.0 1.0 1.0 1.0 1.0
1.0 1.0 1.0 1.0 1.0 1.0 1.0 1.0 1.0 1.0 1.0 1.0 1.0 1.0 1.0 1.0
1.0 1.0 1.0 1.0 1.0 1.0 1.0 1.0 1.0 1.0 1.0 1.0 1.0 1.0 1.0 1.0
1.0 1.0 1.0 1.0 1.0 1.0 1.0 1.0 1.0 1.0 1.0 1.0 1.0 1.0 1.0 1.0
1.0 1.0 1.0 1.0 1.0 1.0 1.0 1.0 1.0 1.0 1.0 1.0 1.0 1.0 1.0 1.0
1.0 1.0 1.0 1.0 1.0 1.0 1.0 1.0 1.0 1.0 1.0 1.0 1.0 1.0 1.0 1.0
1.0 1.0 1.0 1.0 1.0 1.0 1.0 1.0 1.0 1.0 1.0 1.0 1.0 1.0 1.0 1.0
1.0 1.0 1.0 1.0 1.0 1.0 1.0 1.0 1.0 1.0 1.0 1.0 1.0 1.0 1.0 1.0
1.0 1.0 1.0 1.0 1.0 1.0 1.0 1.0 1.0 1.0 1.0 1.0 1.0 1.0 1.0 1.0
1.0 1.0 1.0 1.0 1.0 1.0 1.0 1.0 1.0 1.0 1.0 1.0 1.0 1.0 1.0 1.0
1.0 1.0 1.0 1.0 1.0 1.0 1.0 1.0 1.0 1.0 1.0 1.0 1.0 1.0 1.0 1.0
1.0 1.0 1.0 1.0 1.0 1.0 1.0 1.0 1.0 1.0 1.0 1.0 1.0 1.0 1.0 1.0
1.0 1.0 1.0 1.0 1.0 1.0 1.0 1.0 1.0 1.0 1.0 1.0 1.0 1.0 1.0 1.0
1.0 1.0 1.0 1.0 1.0 1.0 1.0 1.0 1.0 1.0 1.0 1.0 1.0 1.0 1.0 1.0
1.0 1.0 1.0 1.0 1.0 1.0 1.0 1.0 1.0 1.0 1.0 1.0 1.0 1.0 1.0 1.0
1.0 1.0 1.0 1.0 1.0 1.0 1.0 1.0 1.0 1.0 1.0 1.0 1.0 1.0 1.0 1.0
1.0 1.0 1.0 1.0 1.0 1.0 1.0 1.0 1.0 1.0 1.0 1.0 1.0 1.0 1.0 1.0
1.0 1.0 1.0 1.0 1.0 1.0 1.0 1.0 1.0 1.0 1.0 1.0 1.0 1.0 1.0 1.0
1.0 1.0 1.0 1.0 1.0 1.0 1.0 1.0 1.0 1.0 1.0 1.0 1.0 1.0 1.0 1.0
1.0 1.0 1.0 1.0 1.0 1.0 1.0 1.0 1.0 1.0 1.0 1.0 1.0 1.0 1.0 1.0
1.0 1.0 1.0 1.0 1.0 1.0 1.0 1.0 1.0 1.0 1.0 1.0 1.0 1.0 1.0 1.0
1.0 1.0 1.0 1.0 1.0 1.0 1.0 1.0 1.0 1.0 1.0 1.0 1.0 1.0 1.0 1.0
1.0 1.0 1.0 1.0 1.0 1.0 1.0 1.0 1.0 1.0 1.0 1.0 1.0 1.0 1.0 1.0
1.0 1.0 1.0 1.0 1.0 1.0 1.0 1.0 1.0 1.0 1.0 1.0 1.0 1.0 1.0 1.0
1.0 1.0 1.0 1.0 1.0 1.0 1.0 1.0 1.0 1.0 1.0 1.0 1.0 1.0 1.0 1.0
1.0 1.0 1.0 1.0 1.0 1.0 1.0 1.0 1.0 1.0 1.0 1.0 1.0 1.0 1.0 1.0
1.0 1.0 1.0 1.0 1.0 1.0 1.0 1.0 1.0 1.0 1.0 1.0 1.0 1.0 1.0 1.0
1.0 1.0 1.0 1.0 1.0 1.0 1.0 1.0 1.0 1.0 1.0 1.0 1.0 1.0 1.0 1.0
1.0 1.0 1.0 1.0 1.0 1.0 1.0 1.0 1.0 1.0 1.0 1.0 1.0 1.0 1.0 1.0
1.0 1.0 1.0 1.0 1.0 1.0 1.0 1.0 1.0 1.0 1.0 1.0 1.0 1.0 1.0 1.0
1.0 1.0 1.0 1.0 1.0 1.0 1.0 1.0 1.0 1.0 1.0 1.0 1.0 1.0 1.0 1.0
1.0 1.0 1.0 1.0 1.0 1.0 1.0 1.0 1.0 1.0 1.0 1.0 1.0 1.0 1.0 1.0
1.0 1.0 1.0 1.0 1.0 1.0 1.0 1.0 1.0 1.0 1.0 1.0 1.0 1.0 1.0 1.0
1.0 1.0 1.0 1.0 1.0 1.0 1.0 1.0 1.0 1.0 1.0 1.0 1.0 1.0 1.0 1.0
1.0 1.0 1.0 1.0 1.0 1.0 1.0 1.0 1.0 1.0 1.0 1.0 1.0 1.0 1.0 1.0
1.0 1.0 1.0 1.0 1.0 1.0 1.0 1.0 1.0 1.0 1.0 1.0 1.0 1.0 1.0 1.0
1.0 1.0 1.0 1.0 1.0 1.0 1.0 1.0 1.0 1.0 1.0 1.0 1.0 1.0 1.0 1.0
1.0 1.0 1.0 1.0 1.0 1.0 1.0 1.0 1.0 1.0 1.0 1.0 1.0 1.0 1.0 1.0
1.0 1.0 1.0 1.0 1.0 1.0 1.0 1.0 1.0 1.0 1.0 1.0 1.0 1.0 1.0 1.0
1.0 1.0 1.0 1.0 1.0 1.0 1.0 1.0 1.0 1.0 1.0 1.0 1.0 1.0 1.0 1.0
1.0 1.0 1.0 1.0 1.0 1.0 1.0 1.0 1.0 1.0 1.0 1.0 1.0 1.0 1.0 1.0
1.0 1.0 1.0 1.0 1.0 1.0 1.0 1.0 1.0 1.0 1.0 1.0 1.0 1.0 1.0 1.0
1.0 1.0 1.0 1.0 1.0 1.0 1.0 1.0 1.0 1.0 1.0 1.0 1.0 1.0 1.0 1.0
1.0 1.0 1.0 1.0 1.0 1.0 1.0 1.0 1.0 1.0 1.0 1.0 1.0 1.0 1.0 1.0
1.0 1.0 1.0 1.0 1.0 1.0 1.0 1.0 1.0 1.0 1.0 1.0 1.0 1.0 1.0 1.0
1.0 1.0 1.0 1.0 1.0 1.0 1.0 1.0 1.0 1.0 1.0 1.0 1.0 1.0 1.0 1.0
1.0 1.0 1.0 1.0 1.0 1.0 1.0 1.0 1.0 1.0 1.0 1.0 1.0 1.0 1.0 1.0
1.0 1.0 1.0 1.0 1.0 1.0 1.0 1.0 1.0 1.0 1.0 1.0 1.0 1.0 1.0 1.0
1.0 1.0 1.0 1.0 1.0 1.0 1.0 1.0 1.0 1.0 1.0 1.0 1.0 1.0 1.0 1.0
1.0 1.0 1.0 1.0 1.0 1.0 1.0 1.0 1.0 1.0 1.0 1.0 1.0 1.0 1.0 1.0
1.0 1.0 1.0 1.0 1.0 1.0 1.0 1.0 1.0 1.0 1.0 1.0 1.0 1.0 1.0 1.0
1.0 1.0 1.0 1.0 1.0 1.0 1.0 1.0 1.0 1.0 1.0 1.0 1.0 1.0 1.0 1.0
1.0 1.0 1.0 1.0 1.0 1.0 1.0 1.0 1.0 1.0 1.0 1.0 1.0 1.0 1.0 1.0
1.0 1.0 1.0 1.0 1.0 1.0 1.0 1.0 1.0 1.0 1.0 1.0 1.0 1.0 1.0 1.0
1.0 1.0 1.0 1.0 1.0 1.0 1.0 1.0 1.0 1.0 1.0 1.0 1.0 1.0 1.0 1.0
1.0 1.0 1.0 1.0 1.0 1.0 1.0 1.0 1.0 1.0 1.0 1.0 1.0 1.0 1.0 1.0
1.0 1.0 1.0 1.0 1.0 1.0 1.0 1.0 1.0 1.0 1.0 1.0 1.0 1.0 1.0 1.0
1.0 1.0 1.0 1.0 1.0 1.0 1.0 1.0 1.0 1.0 1.0 1.0 1.0 1.0 1.0 1.0
1.0 1.0 1.0 1.0 1.0 1.0 1.0 1.0 1.0 1.0 1.0 1.0 1.0 1.0 1.0 1.0
1.0 1.0 1.0 1.0 1.0 1.0 1.0 1.0 1.0 1.0 1.0 1.0 1.0 1.0 1.0 1.0
1.0 1.0 1.0 1.0 1.0 1.0 1.0 1.0 1.0 1.0 1.0 1.0 1.0 1.0 1.0 1.0
1.0 1.0 1.0 1.0 1.0 1.0 1.0 1.0 1.0 1.0 1.0 1.0 1.0 1.0 1.0 1.0
1.0 1.0 1.0 1.0 1.0 1.0 1.0 1.0 1.0 1.0 1.0 1.0 1.0 1.0 1.0 1.0
1.0 1.0 1.0 1.0 1.0 1.0 1.0 1.0 1.0 1.0 1.0 1.0 1.0 1.0 1.0 1.0
1.0 1.0 1.0 1.0 1.0 1.0 1.0 1.0 1.0 1.0 1.0 1.0 1.0 1.0 1.0 1.0
1.0 1.0 1.0 1.0 1.0 1.0 1.0 1.0 1.0 1.0 1.0 1.0 1.0 1.0 1.0 1.0
1.0 1.0 1.0 1.0 1.0 1.0 1.0 1.0 1.0 1.0 1.0 1.0 1.0 1.0 1.0 1.0
1.0 1.0 1.0 1.0 1.0 1.0 1.0 1.0 1.0 1.0 1.0 1.0 1.0 1.0 1.0 1.0
1.0 1.0 1.0 1.0 1.0 1.0 1.0 1.0 1.0 1.0 1.0 1.0 1.0 1.0 1.0 1.0
1.0 1.0 1.0 1.0 1.0 1.0 1.0 1.0 1.0 1.0 1.0 1.0 1.0 1.0 1.0 1.0
1.0 1.0 1.0 1.0 1.0 1.0 1.0 1.0 1.0 1.0 1.0 1.0 1.0 1.0 1.0 1.0
1.0 1.0 1.0 1.0 1.0 1.0 1.0 1.0 1.0 1.0 1.0 1.0 1.0 1.0 1.0 1.0
1.0 1.0 1.0 1.0 1.0 1.0 1.0 1.0 1.0 1.0 1.0 1.0 1.0 1.0 1.0 1.0
1.0 1.0 1.0 1.0 1.0 1.0 1.0 1.0 1.0 1.0 1.0 1.0 1.0 1.0 1.0 1.0
1.0 1.0 1.0 1.0 1.0 1.0 1.0 1.0 1.0 1.0 1.0 1.0 1.0 1.0 1.0 1.0
1.0 1.0 1.0 1.0 1.0 1.0 1.0 1.0 1.0 1.0 1.0 1.0 1.0 1.0 1.0 1.0
1.0 1.0 1.0 1.0 1.0 1.0 1.0 1.0 1.0 1.0 1.0 1.0 1.0 1.0 1.0 1.0
1.0 1.0 1.0 1.0 1.0 1.0 1.0 1.0 1.0 1.0 1.0 1.0 1.0 1.0 1.0 1.0
1.0 1.0 1.0 1.0 1.0 1.0 1.0 1.0 1.0 1.0 1.0 1.0 1.0 1.0 1.0 1.0
1.0 1.0 1.0 1.0 1.0 1.0 1.0 1.0 1.0 1.0 1.0 1.0 1.0 1.0 1.0 1.0
1.0 1.0 1.0 1.0 1.0 1.0 1.0 1.0 1.0 1.0 1.0 1.0 1.0 1.0 1.0 1.0
1.0 1.0 1.0 1.0 1.0 1.0 1.0 1.0 1.0 1.0 1.0 1.0 1.0 1.0 1.0 1.0
1.0 1.0 1.0 1.0 1.0 1.0 1.0 1.0 1.0 1.0 1.0 1.0 1.0 1.0 1.0 1.0
1.0 1.0 1.0 1.0 1.0 1.0 1.0 1.0 1.0 1.0 1.0 1.0 1.0 1.0 1.0 1.0
1.0 1.0 1.0 1.0 1.0 1.0 1.0 1.0 1.0 1.0 1.0 1.0 1.0 1.0 1.0 1.0
1.0 1.0 1.0 1.0 1.0 1.0 1.0 1.0 1.0 1.0 1.0 1.0 1.0 1.0 1.0 1.0
1.0 1.0 1.0 1.0 1.0 1.0 1.0 1.0 1.0 1.0 1.0 1.0 1.0 1.0 1.0 1.0
1.0 1.0 1.0 1.0 1.0 1.0 1.0 1.0 1.0 1.0 1.0 1.0 1.0 1.0 1.0 1.0
1.0 1.0 1.0 1.0 1.0 1.0 1.0 1.0 1.0 1.0 1.0 1.0 1.0 1.0 1.0 1.0
1.0 1.0 1.0 1.0 1.0 1.0 1.0 1.0 1.0 1.0 1.0 1.0 1.0 1.0 1.0 1.0
1.0 1.0 1.0 1.0 1.0 1.0 1.0 1.0 1.0 1.0 1.0 1.0 1.0 1.0 1.0 1.0
1.0 1.0 1.0 1.0 1.0 1.0 1.0 1.0 1.0 1.0 1.0 1.0 1.0 1.0 1.0 1.0
1.0 1.0 1.0 1.0 1.0 1.0 1.0 1.0 1.0 1.0 1.0 1.0 1.0 1.0 1.0 1.0
1.0 1.0 1.0 1.0 1.0 1.0 1.0 1.0 1.0 1.0 1.0 1.0 1.0 1.0 1.0 1.0
1.0 1.0 1.0 1.0 1.0 1.0 1.0 1.0 1.0 1.0 1.0 1.0 1.0 1.0 1.0 1.0
1.0 1.0 1.0 1.0 1.0 1.0 1.0 1.0 1.0 1.0 1.0 1.0 1.0 1.0 1.0 1.0
1.0 1.0 1.0 1.0 1.0 1.0 1.0 1.0 1.0 1.0 1.0 1.0 1.0 1.0 1.0 1.0
1.0 1.0 1.0 1.0 1.0 1.0 1.0 1.0 1.0 1.0 1.0 1.0 1.0 1.0 1.0 1.0
1.0 1.0 1.0 1.0 1.0 1.0 1.0 1.0 1.0 1.0 1.0 1.0 1.0 1.0 1.0 1.0
1.0 1.0 1.0 1.0 1.0 1.0 1.0 1.0 1.0 1.0 1.0 1.0 1.0 1.0 1.0 1.0
1.0 1.0 1.0 1.0 1.0 1.0 1.0 1.0 1.0 1.0 1.0 1.0 1.0 1.0 1.0 1.0
1.0 1.0 1.0 1.0 1.0 1.0 1.0 1.0 1.0 1.0 1.0 1.0 1.0 1.0 1.0 1.0
1.0 1.0 1.0 1.0 1.0 1.0 1.0 1.0 1.0 1.0 1.0 1.0 1.0 1.0 1.0 1.0
1.0 1.0 1.0 1.0 1.0 1.0 1.0 1.0 1.0 1.0 1.0 1.0 1.0 1.0 1.0 1.0
1.0 1.0 1.0 1.0 1.0 1.0 1.0 1.0 1.0 1.0 1.0 1.0 1.0 1.0 1.0 1.0
1.0 1.0 1.0 1.0 1.0 1.0 1.0 1.0 1.0 1.0 1.0 1.0 1.0 1.0 1.0 1.0
1.0 1.0 1.0 1.0 1.0 1.0 1.0 1.0 1.0 1.0 1.0 1.0 1.0 1.0 1.0 1.0
1.0 1.0 1.0 1.0 1.0 1.0 1.0 1.0 1.0 1.0 1.0 1.0 1.0 1.0 1.0 1.0
1.0 1.0 1.0 1.0 1.0 1.0 1.0 1.0 1.0 1.0 1.0 1.0 1.0 1.0 1.0 1.0
1.0 1.0 1.0 1.0 1.0 1.0 1.0 1.0 1.0 1.0 1.0 1.0 1.0 1.0 1.0 1.0
1.0 1.0 1.0 1.0 1.0 1.0 1.0 1.0 1.0 1.0 1.0 1.0 1.0 1.0 1.0 1.0
1.0 1.0 1.0 1.0 1.0 1.0 1.0 1.0 1.0 1.0 1.0 1.0 1.0 1.0 1.0 1.0
1.0 1.0 1.0 1.0 1.0 1.0 1.0 1.0 1.0 1.0 1.0 1.0 1.0 1.0 1.0 1.0
1.0 1.0 1.0 1.0 1.0 1.0 1.0 1.0 1.0 1.0 1.0 1.0 1.0 1.0 1.0 1.0
1.0 1.0 1.0 1.0 1.0 1.0 1.0 1.0 1.0 1.0 1.0 1.0 1.0 1.0 1.0 1.0
1.0 1.0 1.0 1.0 1.0 1.0 1.0 1.0 1.0 1.0 1.0 1.0 1.0 1.0 1.0 1.0
1.0 1.0 1.0 1.0 1.0 1.0 1.0 1.0 1.0 1.0 1.0 1.0 1.0 1.0 1.0 1.0
1.0 1.0 1.0 1.0 1.0 1.0 1.0 1.0 1.0 1.0 1.0 1.0 1.0 1.0 1.0 1.0
1.0 1.0 1.0 1.0 1.0 1.0 1.0 1.0 1.0 1.0 1.0 1.0 1.0 1.0 1.0 1.0
1.0 1.0 1.0 1.0 1.0 1.0 1.0 1.0 1.0 1.0 1.0 1.0 1.0 1.0 1.0 1.0
1.0 1.0 1.0 1.0 1.0 1.0 1.0 1.0 1.0 1.0 1.0 1.0 1.0 1.0 1.0 1.0
1.0 1.0 1.0 1.0 1.0 1.0 1.0 1.0 1.0 1.0 1.0 1.0 1.0 1.0 1.0 1.0
1.0 1.0 1.0 1.0 1.0 1.0 1.0 1.0 1.0 1.0 1.0 1.0 1.0 1.0 1.0 1.0
1.0 1.0 1.0 1.0 1.0 1.0 1.0 1.0 1.0 1.0 1.0 1.0 1.0 1.0 1.0 1.0
1.0 1.0 1.0 1.0 1.0 1.0 1.0 1.0 1.0 1.0 1.0 1.0 1.0 1.0 1.0 1.0
1.0 1.0 1.0 1.0 1.0 1.0 1.0 1.0 1.0 1.0 1.0 1.0 1.0 1.0 1.0 1.0
1.0 1.0 1.0 1.0 1.0 1.0 1.0 1.0 1.0 1.0 1.0 1.0 1.0 1.0 1.0 1.0
1.0 1.0 1.0 1.0 1.0 1.0 1.0 1.0 1.0 1.0 1.0 1.0 1.0 1.0 1.0 1.0
1.0 1.0 1.0 1.0 1.0 1.0 1.0 1.0 1.0 1.0 1.0 1.0 1.0 1.0 1.0 1.0
1.0 1.0 1.0 1.0 1.0 1.0 1.0 1.0 1.0 1.0 1.0 1.0 1.0 1.0 1.0 1.0
1.0 1.0 1.0 1.0 1.0 1.0 1.0 1.0 1.0 1.0 1.0 1.0 1.0 1.0 1.0 1.0
1.0 1.0 1.0 1.0 1.0 1.0 1.0 1.0 1.0 1.0 1.0 1.0 1.0 1.0 1.0 1.0
1.0 1.0 1.0 1.0 1.0 1.0 1.0 1.0 1.0 1.0 1.0 1.0 1.0 1.0 1.0 1.0
1.0 1.0 1.0 1.0 1.0 1.0 1.0 1.0 1.0 1.0 1.0 1.0 1.0 1.0 1.0 1.0
1.0 1.0 1.0 1.0 1.0 1.0 1.0 1.0 1.0 1.0 1.0 1.0 1.0 1.0 1.0 1.0
1.0 1.0 1.0 1.0 1.0 1.0 1.0 1.0 1.0 1.0 1.0 1.0 1.0 1.0 1.0 1.0
1.0 1.0 1.0 1.0 1.0 1.0 1.0 1.0 1.0 1.0 1.0 1.0 1.0 1.0 1.0 1.0
1.0 1.0 1.0 1.0 1.0 1.0 1.0 1.0 1.0 1.0 1.0 1.0 1.0 1.0 1.0 1.0
1.0 1.0 1.0 1.0 1.0 1.0 1.0 1.0 1.0 1.0 1.0 1.0 1.0 1.0 1.0 1.0
1.0 1.0 1.0 1.0 1.0 1.0 1.0 1.0 1.0 1.0 1.0 1.0 1.0 1.0 1.0 1.0
1.0 1.0 1.0 1.0 1.0 1.0 1.0 1.0 1.0 1.0 1.0 1.0 1.0 1.0 1.0 1.0
1.0 1.0 1.0 1.0 1.0 1.0 1.0 1.0 1.0 1.0 1.0 1.0 1.0 1.0 1.0 1.0
1.0 1.0 1.0 1.0 1.0 1.0 1.0 1.0 1.0 1.0 1.0 1.0 1.0 1.0 1.0 1.0
1.0 1.0 1.0 1.0 1.0 1.0 1.0 1.0 1.0 1.0 1.0 1.0 1.0 1.0 1.0 1.0
1.0 1.0 1.0 1.0 1.0 1.0 1.0 1.0 1.0 1.0 1.0 1.0 1.0 1.0 1.0 1.0
1.0 1.0 1.0 1.0 1.0 1.0 1.0 1.0 1.0 1.0 1.0 1.0 1.0 1.0 1.0 1.0
1.0 1.0 1.0 1.0 1.0 1.0 1.0 1.0 1.0 1.0 1.0 1.0 1.0 1.0 1.0 1.0
1.0 1.0 1.0 1.0 1.0 1.0 1.0 1.0 1.0 1.0 1.0 1.0 1.0 1.0 1.0 1.0
1.0 1.0 1.0 1.0 1.0 1.0 1.0 1.0 1.0 1.0 1.0 1.0 1.0 1.0 1.0 1.0
1.0 1.0 1.0 1.0 1.0 1.0 1.0 1.0 1.0 1.0 1.0 1.0 1.0 1.0 1.0 1.0
1.0 1.0 1.0 1.0 1.0 1.0 1.0 1.0 1.0 1.0 1.0 1.0 1.0 1.0 1.0 1.0
1.0 1.0 1.0 1.0 1.0 1.0 1.0 1.0 1.0 1.0 1.0 1.0 1.0 1.0 1.0 1.0
1.0 1.0 1.0 1.0 1.0 1.0 1.0 1.0 1.0 1.0 1.0 1.0 1.0 1.0 1.0 1.0
1.0 1.0 1.0 1.0 1.0 1.0 1.0 1.0 1.0 1.0 1.0 1.0 1.0 1.0 1.0 1.0
1.0 1.0 1.0 1.0 1.0 1.0 1.0 1.0 1.0 1.0 1.0 1.0 1.0 1.0 1.0 1.0
1.0 1.0 1.0 1.0 1.0 1.0 1.0 1.0 1.0 1.0 1.0 1.0 1.0 1.0 1.0 1.0
1.0 1.0 1.0 1.0 1.0 1.0 1.0 1.0 1.0 1.0 1.0 1.0 1.0 1.0 1.0 1.0
1.0 1.0 1.0 1.0 1.0 1.0 1.0 1.0 1.0 1.0 1.0 1.0 1.0 1.0 1.0 1.0
1.0 1.0 1.0 1.0 1.0 1.0 1.0 1.0 1.0 1.0 1.0 1.0 1.0 1.0 1.0 1.0
1.0 1.0 1.0 1.0 1.0 1.0 1.0 1.0 1.0 1.0 1.0 1.0 1.0 1.0 1.0 1.0
1.0 1.0 1.0 1.0 1.0 1.0 1.0 1.0 1.0 1.0 1.0 1.0 1.0 1.0 1.0 1.0
1.0 1.0 1.0 1.0 1.0 1.0 1.0 1.0 1.0 1.0 1.0 1.0 1.0 1.0 1.0 1.0
1.0 1.0 1.0 1.0 1.0 1.0 1.0 1.0 1.0 1.0 1.0 1.0 1.0 1.0 1.0 1.0
1.0 1.0 1.0 1.0 1.0 1.0 1.0 1.0 1.0 1.0 1.0 1.0 1.0 1.0 1.0 1.0
1.0 1.0 1.0 1.0 1.0 1.0 1.0 1.0 1.0 1.0 1.0 1.0 1.0 1.0 1.0 1.0
1.0 1.0 1.0 1.0 1.0 1.0 1.0 1.0 1.0 1.0 1.0 1.0 1.0 1.0 1.0 1.0
1.0 1.0 1.0 1.0 1.0 1.0 1.0 1.0 1.0 1.0 1.0 1.0 1.0 1.0 1.0 1.0
1.0 1.0 1.0 1.0 1.0 1.0 1.0 1.0 1.0 1.0 1.0 1.0 1.0 1.0 1.0 1.0
1.0 1.0 1.0 1.0 1.0 1.0 1.0 1.0 1.0 1.0 1.0 1.0 1.0 1.0 1.0 1.0
1.0 1.0 1.0 1.0 1.0 1.0 1.0 1.0 1.0 1.0 1.0 1.0 1.0 1.0 1.0 1.0
1.0 1.0 1.0 1.0 1.0 1.0 1.0 1.0 1.0 1.0 1.0 1.0 1.0 1.0 1.0 1.0
1.0 1.0 1.0 1.0 1.0 1.0 1.0 1.0 1.0 1.0 1.0 1.0 1.0 1.0 1.0 1.0
1.0 1.0 1.0 1.0 1.0 1.0 1.0 1.0 1.0 1.0 1.0 1.0 1.0 1.0 1.0 1.0
1.0 1.0 1.0 1.0 1.0 1.0 1.0 1.0 1.0 1.0 1.0 1.0 1.0 1.0 1.0 1.0
1.0 1.0 1.0 1.0 1.0 1.0 1.0 1.0 1.0 1.0 1.0 1.0 1.0 1.0 1.0 1.0
1.0 1.0 1.0 1.0 1.0 1.0 1.0 1.0 1.0 1.0 1.0 1.0 1.0 1.0 1.0 1.0
1.0 1.0 1.0 1.0 1.0 1.0 1.0 1.0 1.0 1.0 1.0 1.0 1.0 1.0 1.0 1.0
1.0 1.0 1.0 1.0 1.0 1.0 1.0 1.0 1.0 1.0 1.0 1.0 1.0 1.0 1.0 1.0
1.0 1.0 1.0 1.0 1.0 1.0 1.0 1.0 1.0 1.0 1.0 1.0 1.0 1.0 1.0 1.0
1.0 1.0 1.0 1.0 1.0 1.0 1.0 1.0 1.0 1.0 1.0 1.0 1.0 1.0 1.0 1.0
1.0 1.0 1.0 1.0 1.0 1.0 1.0 1.0 1.0 1.0 1.0 1.0 1.0 1.0 1.0 1.0
1.0 1.0 1.0 1.0 1.0 1.0 1.0 1.0 1.0 1.0 1.0 1.0 1.0 1.0 1.0 1.0
1.0 1.0 1.0 1.0 1.0 1.0 1.0 1.0 1.0 1.0 1.0 1.0 1.0 1.0 1.0 1.0
1.0 1.0 1.0 1.0 1.0 1.0 1.0 1.0 1.0 1.0 1.0 1.0 1.0 1.0 1.0 1.0
1.0 1.0 1.0 1.0 1.0 1.0 1.0 1.0 1.0 1.0 1.0 1.0 1.0 1.0 1.0 1.0
1.0 1.0 1.0 1.0 1.0 1.0 1.0 1.0 1.0 1.0 1.0 1.0 1.0 1.0 1.0 1.0
1.0 1.0 1.0 1.0 1.0 1.0 1.0 1.0 1.0 1.0 1.0 1.0 1.0 1.0 1.0 1.0
1.0 1.0 1.0 1.0 1.0 1.0 1.0 1.0 1.0 1.0 1.0 1.0 1.0 1.0 1.0 1.0
1.0 1.0 1.0 1.0 1.0 1.0 1.0 1.0 1.0 1.0 1.0 1.0 1.0 1.0 1.0 1.0
1.0 1.0 1.0 1.0 1.0 1.0 1.0 1.0 1.0 1.0 1.0 1.0 1.0 1.0 1.0 1.0
1.0 1.0 1.0 1.0 1.0 1.0 1.0 1.0 1.0 1.0 1.0 1.0 1.0 1.0 1.0 1.0
1.0 1.0 1.0 1.0 1.0 1.0 1.0 1.0 1.0 1.0 1.0 1.0 1.0 1.0 1.0 1.0
1.0 1.0 1.0 1.0 1.0 1.0 1.0 1.0 1.0 1.0 1.0 1.0 1.0 1.0 1.0 1.0
1.0 1.0 1.0 1.0 1.0 1.0 1.0 1.0 1.0 1.0 1.0 1.0 1.0 1.0 1.0 1.0
1.0 1.0 1.0 1.0 1.0 1.0 1.0 1.0 1.0 1.0 1.0 1.0 1.0 1.0 1.0 1.0
1.0 1.0 1.0 1.0 1.0 1.0 1.0 1.0 1.0 1.0 1.0 1.0 1.0 1.0 1.0 1.0
1.0 1.0 1.0 1.0 1.0 1.0 1.0 1.0 1.0 1.0 1.0 1.0 1.0 1.0 1.0 1.0
1.0 1.0 1.0 1.0 1.0 1.0 1.0 1.0 1.0 1.0 1.0 1.0 1.0 1.0 1.0 1.0
1.0 1.0 1.0 1.0 1.0 1.0 1.0 1.0 1.0 1.0 1.0 1.0 1.0 1.0 1.0 1.0
1.0 1.0 1.0 1.0 1.0 1.0 1.0 1.0 1.0 1.0 1.0 1.0 1.0 1.0 1.0 1.0
1.0 1.0 1.0 1.0 1.0 1.0 1.0 1.0 1.0 1.0 1.0 1.0 1.0 1.0 1.0 1.0
1.0 1.0 1.0 1.0 1.0 1.0 1.0 1.0 1.0 1.0 1.0 1.0 1.0 1.0 1.0 1.0
1.0 1.0 1.0 1.0 1.0 1.0 1.0 1.0 1.0 1.0 1.0 1.0 1.0 1.0 1.0 1.0
1.0 1.0 1.0 1.0 1.0 1.0 1.0 1.0 1.0 1.0 1.0 1.0 1.0 1.0 1.0 1.0
1.0 1.0 1.0 1.0 1.0 1.0 1.0 1.0 1.0 1.0 1.0 1.0 1.0 1.0 1.0 1.0
1.0 1.0 1.0 1.0 1.0 1.0 1.0 1.0 1.0 1.0 1.0 1.0 1.0 1.0 1.0 1.0
1.0 1.0 1.0 1.0 1.0 1.0 1.0 1.0 1.0 1.0 1.0 1.0 1.0 1.0 1.0 1.0
1.0 1.0 1.0 1.0 1.0 1.0 1.0 1.0 1.0 1.0 1.0 1.0 1.0 1.0 1.0 1.0
1.0 1.0 1.0 1.0 1.0 1.0 1.0 1.0 1.0 1.0 1.0 1.0 1.0 1.0 1.0 1.0
1.0 1.0 1.0 1.0 1.0 1.0 1.0 1.0 1.0 1.0 1.0 1.0 1.0 1.0 1.0 1.0
1.0 1.0 1.0 1.0 1.0 1.0 1.0 1.0 1.0 1.0 1.0 1.0 1.0 1.0 1.0 1.0
1.0 1.0 1.0 1.0 1.0 1.0 1.0 1.0 1.0 1.0 1.0 1.0 1.0 1.0 1.0 1.0
1.0 1.0 1.0 1.0 1.0 1.0 1.0 1.0 1.0 1.0 1.0 1.0 1.0 1.0 1.0 1.0
1.0 1.0 1.0 1.0 1.0 1.0 1.0 1.0 1.0 1.0 1.0 1.0 1.0 1.0 1.0 1.0
1.0 1.0 1.0 1.0 1.0 1.0 1.0 1.0 1.0 1.0 1.0 1.0 1.0 1.0 1.0 1.0
1.0 1.0 1.0 1.0 1.0 1.0 1.0 1.0 1.0 1.0 1.0 1.0 1.0 1.0 1.0 1.0
1.0 1.0 1.0 1.0 1.0 1.0 1.0 1.0 1.0 1.0 1.0 1.0 1.0 1.0 1.0 1.0
1.0 1.0 1.0 1.0 1.0 1.0 1.0 1.0 1.0 1.0 1.0 1.0 1.0 1.0 1.0 1.0
1.0 1.0 1.0 1.0 1.0 1.0 1.0 1.0 1.0 1.0 1.0 1.0 1.0 1.0 1.0 1.0
1.0 1.0 1.0 1.0 1.0 1.0 1.0 1.0 1.0 1.0 1.0 1.0 1.0 1.0 1.0 1.0
1.0 1.0 1.0 1.0 1.0 1.0 1.0 1.0 1.0 1.0 1.0 1.0 1.0 1.0 1.0 1.0
1.0 1.0 1.0 1.0 1.0 1.0 1.0 1.0 1.0 1.0 1.0 1.0 1.0 1.0 1.0 1.0
1.0 1.0 1.0 1.0 1.0 1.0 1.0 1.0 1.0 1.0 1.0 1.0 1.0 1.0 1.0 1.0
1.0 1.0 1.0 1.0 1.0 1.0 1.0 1.0 1.0 1.0 1.0 1.0 1.0 1.0 1.0 1.0
1.0 1.0 1.0 1.0 1.0 1.0 1.0 1.0 1.0 1.0 1.0 1.0 1.0 1.0 1.0 1.0
1.0 1.0 1.0 1.0 1.0 1.0 1.0 1.0 1.0 1.0 1.0 1.0 1.0 1.0 1.0 1.0
1.0 1.0 1.0 1.0 1.0 1.0 1.0 1.0 1.0 1.0 1.0 1.0 1.0 1.0 1.0 1.0
1.0 1.0 1.0 1.0 1.0 1.0 1.0 1.0 1.0 1.0 1.0 1.0 1.0 1.0 1.0 1.0
1.0 1.0 1.0 1.0 1.0 1.0 1.0 1.0 1.0 1.0 1.0 1.0 1.0 1.0 1.0 1.0
1.0 1.0 1.0 1.0 1.0 1.0 1.0 1.0 1.0 1.0 1.0 1.0 1.0 1.0 1.0 1.0
1.0 1.0 1.0 1.0 1.0 1.0 1.0 1.0 1.0 1.0 1.0 1.0 1.0 1.0 1.0 1.0
1.0 1.0 1.0 1.0 1.0 1.0 1.0 1.0 1.0 1.0 1.0 1.0 1.0 1.0 1.0 1.0
1.0 1.0 1.0 1.0 1.0 1.0 1.0 1.0 1.0 1.0 1.0 1.0 1.0 1.0 1.0 1.0
1.0 1.0 1.0 1.0 1.0 1.0 1.0 1.0 1.0 1.0 1.0 1.0 1.0 1.0 1.0 1.0
1.0 1.0 1.0 1.0 1.0 1.0 1.0 1.0 1.0 1.0 1.0 1.0 1.0 1.0 1.0 1.0
1.0 1.0 1.0 1.0 1.0 1.0 1.0 1.0 1.0 1.0 1.0 1.0 1.0 1.0 1.0 1.0
1.0 1.0 1.0 1.0 1.0 1.0 1.0 1.0 1.0 1.0 1.0 1.0 1.0 1.0 1.0 1.0
1.0 1.0 1.0 1.0 1.0 1.0 1.0 1.0 1.0 1.0 1.0 1.0 1.0 1.0 1.0 1.0
1.0 1.0 1.0 1.0 1.0 1.0 1.0 1.0 1.0 1.0 1.0 1.0 1.0 1.0 1.0 1.0
1.0 1.0 1.0 1.0 1.0 1.0 1.0 1.0 1.0 1.0 1.0 1.0 1.0 1.0 1.0 1.0
1.0 1.0 1.0 1.0 1.0 1.0 1.0 1.0 1.0 1.0 1.0 1.0 1.0 1.0 1.0 1.0
1.0 1.0 1.0 1.0 1.0 1.0 1.0 1.0 1.0 1.0 1.0 1.0 1.0 1.0 1.0 1.0
1.0 1.0 1.0 1.0 1.0 1.0 1.0 1.0 1.0 1.0 1.0 1.0 1.0 1.0 1.0 1.0
1.0 1.0 1.0 1.0 1.0 1.0 1.0 1.0 1.0 1.0 1.0 1.0 1.0 1.0 1.0 1.0
1.0 1.0 1.0 1.0 1.0 1.0 1.0 1.0 1.0 1.0 1.0 1.0 1.0 1.0 1.0 1.0
1.0 1.0 1.0 1.0 1.0 1.0 1.0 1.0 1.0 1.0 1.0 1.0 1.0 1.0 1.0 1.0
1.0 1.0 1.0 1.0 1.0 1.0 1.0 1.0 1.0 1.0 1.0 1.0 1.0 1.0 1.0 1.0
1.0 1.0 1.0 1.0 1.0 1.0 1.0 1.0 1.0 1.0 1.0 1.0 1.0 1.0 1.0 1.0
1.0 1.0 1.0 1.0 1.0 1.0 1.0 1.0 1.0 1.0 1.0 1.0 1.0 1.0 1.0 1.0
1.0 1.0 1.0 1.0 1.0 1.0 1.0 1.0 1.0 1.0 1.0 1.0 1.0 1.0 1.0 1.0
1.0 1.0 1.0 1.0 1.0 1.0 1.0 1.0 1.0 1.0 1.0 1.0 1.0 1.0 1.0 1.0
1.0 1.0 1.0 1.0 1.0 1.0 1.0 1.0 1.0 1.0 1.0 1.0 1.0 1.0 1.0 1.0
1.0 1.0 1.0 1.0 1.0 1.0 1.0 1.0 1.0 1.0 1.0 1.0 1.0 1.0 1.0 1.0
1.0 1.0 1.0 1.0 1.0 1.0 1.0 1.0 1.0 1.0 1.0 1.0 1.0 1.0 1.0 1.0
1.0 1.0 1.0 1.0 1.0 1.0 1.0 1.0 1.0 1.0 1.0 1.0 1.0 1.0 1.0 1.0
1.0 1.0 1.0 1.0 1.0 1.0 1.0 1.0 1.0 1.0 1.0 1.0 1.0 1.0 1.0 1.0
1.0 1.0 1.0 1.0 1.0 1.0 1.0 1.0 1.0 1.0 1.0 1.0 1.0 1.0 1.0 1.0
1.0 1.0 1.0 1.0 1.0 1.0 1.0 1.0 1.0 1.0 1.0 1.0 1.0 1.0 1.0 1.0
1.0 1.0 1.0 1.0 1.0 1.0 1.0 1.0 1.0 1.0 1.0 1.0 1.0 1.0 1.0 1.0
1.0 1.0 1.0 1.0 1.0 1.0 1.0 1.0 1.0 1.0 1.0 1.0 1.0 1.0 1.0 1.0
1.0 1.0 1.0 1.0 1.0 1.0 1.0 1.0 1.0 1.0 1.0 1.0 1.0 1.0 1.0 1.0
1.0 1.0 1.0 1.0 1.0 1.0 1.0 1.0 1.0 1.0 1.0 1.0 1.0 1.0 1.0 1.0
1.0 1.0 1.0 1.0 1.0 1.0 1.0 1.0 1.0 1.0 1.0 1.0 1.0 1.0 1.0 1.0
1.0 1.0 1.0 1.0 1.0 1.0 1.0 1.0 1.0 1.0 1.0 1.0 1.0 1.0 1.0 1.0
1.0 1.0 1.0 1.0 1.0 1.0 1.0 1.0 1.0 1.0 1.0 1.0 1.0 1.0 1.0 1.0
1.0 1.0 1.0 1.0 1.0 1.0 1.0 1.0 1.0 1.0 1.0 1.0 1.0 1.0 1.0 1.0
1.0 1.0 1.0 1.0 1.0 1.0 1.0 1.0 1.0 1.0 1.0 1.0 1.0 1.0 1.0 1.0
1.0 1.0 1.0 1.0 1.0 1.0 1.0 1.0 1.0 1.0 1.0 1.0 1.0 1.0 1.0 1.0
1.0 1.0 1.0 1.0 1.0 1.0 1.0 1.0 1.0 1.0 1.0 1.0 1.0 1.0 1.0 1.0
1.0 1.0 1.0 1.0 1.0 1.0 1.0 1.0 1.0 1.0 1.0 1.0 1.0 1.0 1.0 1.0
1.0 1.0 1.0 1.0 1.0 1.0 1.0 1.0 1.0 1.0 1.0 1.0 1.0 1.0 1.0 1.0
1.0 1.0 1.0 1.0 1.0 1.0 1.0 1.0 1.0 1.0 1.0 1.0 1.0 1.0 1.0 1.0
1.0 1.0 1.0 1.0 1.0 1.0 1.0 1.0 1.0 1.0 1.0 1.0 1.0 1.0 1.0 1.0
1.0 1.0 1.0 1.0 1.0 1.0 1.0 1.0 1.0 1.0 1.0 1.0 1.0 1.0 1.0 1.0
1.0 1.0 1.0 1.0 1.0 1.0 1.0 1.0 1.0 1.0 1.0 1.0 1.0 1.0 1.0 1.0
1.0 1.0 1.0 1.0 1.0 1.0 1.0 1.0 1.0 1.0 1.0 1.0 1.0 1.0 1.0 1.0
1.0 1.0 1.0 1.0 1.0 1.0 1.0 1.0 1.0 1.0 1.0 1.0 1.0 1.0 1.0 1.0
1.0 1.0 1.0 1.0 1.0 1.0 1.0 1.0 1.0 1.0 1.0 1.0 1.0 1.0 1.0 1.0
1.0 1.0 1.0 1.0 1.0 1.0 1.0 1.0 1.0 1.0 1.0 1.0 1.0 1.0 1.0 1.0
1.0 1.0 1.0 1.0 1.0 1.0 1.0 1.0 1.0 1.0 1.0 1.0 1.0 1.0 1.0 1.0
1.0 1.0 1.0 1.0 1.0 1.0 1.0 1.0 1.0 1.0 1.0 1.0 1.0 1.0 1.0 1.0
1.0 1.0 1.0 1.0 1.0 1.0 1.0 1.0 1.0 1.0 1.0 1.0 1.0 1.0 1.0 1.0
1.0 1.0 1.0 1.0 1.0 1.0 1.0 1.0 1.0 1.0 1.0 1.0 1.0 1.0 1.0 1.0
1.0 1.0 1.0 1.0 1.0 1.0 1.0 1.0 1.0 1.0 1.0 1.0 1.0 1.0 1.0 1.0
1.0 1.0 1.0 1.0 1.0 1.0 1.0 1.0 1.0 1.0 1.0 1.0 1.0 1.0 1.0 1.0
1.0 1.0 1.0 1.0 1.0 1.0 1.0 1.0 1.0 1.0 1.0 1.0 1.0 1.0 1.0 1.0
1.0 1.0 1.0 1.0 1.0 1.0 1.0 1.0 1.0 1.0 1.0 1.0 1.0 1.0 1.0 1.0
1.0 1.0 1.0 1.0 1.0 1.0 1.0 1.0 1.0 1.0 1.0 1.0 1.0 1.0 1.0 1.0
1.0 1.0 1.0 1.0 1.0 1.0 1.0 1.0 1.0 1.0 1.0 1.0 1.0 1.0 1.0 1.0
1.0 1.0 1.0 1.0 1.0 1.0 1.0 1.0 1.0 1.0 1.0 1.0 1.0 1.0 1.0 1.0
1.0 1.0 1.0 1.0 1.0 1.0 1.0 1.0 1.0 1.0 1.0 1.0 1.0 1.0 1.0 1.0
1.0 1.0 1.0 1.0 1.0 1.0 1.0 1.0 1.0 1.0 1.0 1.0 1.0 1.0 1.0 1.0
1.0 1.0 1.0 1.0 1.0 1.0 1.0 1.0 1.0 1.0 1.0 1.0 1.0 1.0 1.0 1.0
1.0 1.0 1.0 1.0 1.0 1.0 1.0 1.0 1.0 1.0 1.0 1.0 1.0 1.0 1.0 1.0
1.0 1.0 1.0 1.0 1.0 1.0 1.0 1.0 1.0 1.0 1.0 1.0 1.0 1.0 1.0 1.0
1.0 1.0 1.0 1.0 1.0 1.0 1.0 1.0 1.0 1.0 1.0 1.0 1.0 1.0 1.0 1.0
1.0 1.0 1.0 1.0 1.0 1.0 1.0 1.0 1.0 1.0 1.0 1.0 1.0 1.0 1.0 1.0
1.0 1.0 1.0 1.0 1.0 1.0 1.0 1.0 1.0 1.0 1.0 1.0 1.0 1.0 1.0 1.0
1.0 1.0 1.0 1.0 1.0 1.0 1.0 1.0 1.0 1.0 1.0 1.0 1.0 1.0 1.0 1.0
1.0 1.0 1.0 1.0 1.0 1.0 1.0 1.0 1.0 1.0 1.0 1.0 1.0 1.0 1.0 1.0
1.0 1.0 1.0 1.0 1.0 1.0 1.0 1.0 1.0 1.0 1.0 1.0 1.0 1.0 1.0 1.0
1.0 1.0 1.0 1.0 1.0 1.0 1.0 1.0 1.0 1.0 1.0 1.0 1.0 1.0 1.0 1.0
1.0 1.0 1.0 1.0 1.0 1.0 1.0 1.0 1.0 1.0 1.0 1.0 1.0 1.0 1.0 1.0
1.0 1.0 1.0 1.0 1.0 1.0 1.0 1.0 1.0 1.0 1.0 1.0 1.0 1.0 1.0 1.0
1.0 1.0 1.0 1.0 1.0 1.0 1.0 1.0 1.0 1.0 1.0 1.0 1.0 1.0 1.0 1.0
1.0 1.0 1.0 1.0 1.0 1.0 1.0 1.0 1.0 1.0 1.0 1.0 1.0 1.0 1.0 1.0
1.0 1.0 1.0 1.0 1.0 1.0 1.0 1.0 1.0 1.0 1.0 1.0 1.0 1.0 1.0 1.0
1.0 1.0 1.0 1.0 1.0 1.0 1.0 1.0 1.0 1.0 1.0 1.0 1.0 1.0 1.0 1.0
1.0 1.0 1.0 1.0 1.0 1.0 1.0 1.0 1.0 1.0 1.0 1.0 1.0 1.0 1.0 1.0
1.0 1.0 1.0 1.0 1.0 1.0 1.0 1.0 1.0 1.0 1.0 1.0 1.0 1.0 1.0 1.0
1.0 1.0 1.0 1.0 1.0 1.0 1.0 1.0 1.0 1.0 1.0 1.0 1.0 1.0 1.0 1.0
1.0 1.0 1.0 1.0 1.0 1.0 1.0 1.0 1.0 1.0 1.0 1.0 1.0 1.0 1.0 1.0
1.0 1.0 1.0 1.0 1.0 1.0 1.0 1.0 1.0 1.0 1.0 1.0 1.0 1.0 1.0 1.0
1.0 1.0 1.0 1.0 1.0 1.0 1.0 1.0 1.0 1.0 1.0 1.0 1.0 1.0 1.0 1.0
1.0 1.0 1.0 1.0 1.0 1.0 1.0 1.0 1.0 1.0 1.0 1.0 1.0 1.0 1.0 1.0
1.0 1.0 1.0 1.0 1.0 1.0 1.0 1.0 1.0 1.0 1.0 1.0 1.0 1.0 1.0 1.0
1.0 1.0 1.0 1.0 1.0 1.0 1.0 1.0 1.0 1.0 1.0 1.0 1.0 1.0 1.0 1.0
1.0 1.0 1.0 1.0 1.0 1.0 1.0 1.0 1.0 1.0 1.0 1.0 1.0 1.0 1.0 1.0
1.0 1.0 1.0 1.0 1.0 1.0 1.0 1.0 1.0 1.0 1.0 1.0 1.0 1.0 1.0 1.0
1.0 1.0 1.0 1.0 1.0 1.0 1.0 1.0 1.0 1.0 1.0 1.0 1.0 1.0 1.0 1.0
1.0 1.0 1.0 1.0 1.0 1.0 1.0 1.0 1.0 1.0 1.0 1.0 1.0 1.0 1.0 1.0
1.0 1.0 1.0 1.0 1.0 1.0 1.0 1.0 1.0 1.0 1.0 1.0 1.0 1.0 1.0 1.0
1.0 1.0 1.0 1.0 1.0 1.0 1.0 1.0 1.0 1.0 1.0 1.0 1.0 1.0 1.0 1.0
1.0 1.0 1.0 1.0 1.0 1.0 1.0 1.0 1.0 1.0 1.0 1.0 1.0 1.0 1.0 1.0
1.0 1.0 1.0 1.0 1.0 1.0 1.0 1.0 1.0 1.0 1.0 1.0 1.0 1.0 1.0 1.0
1.0 1.0 1.0 1.0 1.0 1.0 1.0 1.0 1.0 1.0 1.0 1.0 1.0 1.0 1.0 1.0
1.0 1.0 1.0 1.0 1.0 1.0 1.0 1.0 1.0 1.0 1.0 1.0 1.0 1.0 1.0 1.0
1.0 1.0 1.0 1.0 1.0 1.0 1.0 1.0 1.0 1.0 1.0 1.0 1.0 1.0 1.0 1.0
1.0 1.0 1.0 1.0 1.0 1.0 1.0 1.0 1.0 1.0 1.0 1.0 1.0 1.0 1.0 1.0
1.0 1.0 1.0 1.0 1.0 1.0 1.0 1.0 1.0 1.0 1.0 1.0 1.0 1.0 1.0 1.0
1.0 1.0 1.0 1.0 1.0 1.0 1.0 1.0 1.0 1.0 1.0 1.0 1.0 1.0 1.0 1.0
1.0 1.0 1.0 1.0 1.0 1.0 1.0 1.0 1.0 1.0 1.0 1.0 1.0 1.0 1.0 1.0
1.0 1.0 1.0 1.0 1.0 1.0 1.0 1.0 1.0 1.0 1.0 1.0 1.0 1.0 1.0 1.0
1.0 1.0 1.0 1.0 1.0 1.0 1.0 1.0 1.0 1.0 1.0 1.0 1.0 1.0 1.0 1.0
1.0 1.0 1.0 1.0 1.0 1.0 1.0 1.0 1.0 1.0 1.0 1.0 1.0 1.0 1.0 1.0
1.0 1.0 1.0 1.0 1.0 1.0 1.0 1.0 1.0 1.0 1.0 1.0 1.0 1.0 1.0 1.0
1.0 1.0 1.0 1.0 1.0 1.0 1.0 1.0 1.0 1.0 1.0 1.0 1.0 1.0 1.0 1.0
1.0 1.0 1.0 1.0 1.0 1.0 1.0 1.0 1.0 1.0 1.0 1.0 1.0 1.0 1.0 1.0
1.0 1.0 1.0 1.0 1.0 1.0 1.0 1.0 1.0 1.0 1.0 1.0 1.0 1.0 1.0 1.0
1.0 1.0 1.0 1.0 1.0 1.0 1.0 1.0 1.0 1.0 1.0 1.0 1.0 1.0 1.0 1.0
1.0 1.0 1.0 1.0 1.0 1.0 1.0 1.0 1.0 1.0 1.0 1.0 1.0 1.0 1.0 1.0
1.0 1.0 1.0 1.0 1.0 1.0 1.0 1.0 1.0 1.0 1.0 1.0 1.0 1.0 1.0 1.0
1.0 1.0 1.0 1.0 1.0 1.0 1.0 1.0 1.0 1.0 1.0 1.0 1.0 1.0 1.0 1.0
1.0 1.0 1.0 1.0 1.0 1.0 1.0 1.0 1.0 1.0 1.0 1.0 1.0 1.0 1.0 1.0
1.0 1.0 1.0 1.0 1.0 1.0 1.0 1.0 1.0 1.0 1.0 1.0 1.0 1.0 1.0 1.0
1.0 1.0 1.0 1.0 1.0 1.0 1.0 1.0 1.0 1.0 1.0 1.0 1.0 1.0 1.0 1.0
1.0 1.0 1.0 1.0 1.0 1.0 1.0 1.0 1.0 1.0 1.0 1.0 1.0 1.0 1.0 1.0
1.0 1.0 1.0 1.0 1.0 1.0 1.0 1.0 1.0 1.0 1.0 1.0 1.0 1.0 1.0 1.0
1.0 1.0 1.0 1.0 1.0 1.0 1.0 1.0 1.0 1.0 1.0 1.0 1.0 1.0 1.0 1.0
1.0 1.0 1.0 1.0 1.0 1.0 1.0 1.0 1.0 1.0 1.0 1.0 1.0 1.0 1.0 1.0
1.0 1.0 1.0 1.0 1.0 1.0 1.0 1.0 1.0 1.0 1.0 1.0 1.0 1.0 1.0 1.0
1.0 1.0 1.0 1.0 1.0 1.0 1.0 1.0 1.0 1.0 1.0 1.0 1.0 1.0 1.0 1.0
1.0 1.0 1.0 1.0 1.0 1.0 1.0 1.0 1.0 1.0 1.0 1.0 1.0 1.0 1.0 1.0
1.0 1.0 1.0 1.0 1.0 1.0 1.0 1.0 1.0 1.0 1.0 1.0 1.0 1.0 1.0 1.0
1.0 1.0 1.0 1.0 1.0 1.0 1.0 1.0 1.0 1.0 1.0 1.0 1.0 1.0 1.0 1.0
1.0 1.0 1.0 1.0 1.0 1.0 1.0 1.0 1.0 1.0 1.0 1.0 1.0 1.0 1.0 1.0
1.0 1.0 1.0 1.0 1.0 1.0 1.0 1.0 1.0 1.0 1.0 1.0 1.0 1.0 1.0 1.0
1.0 1.0 1.0 1.0 1.0 1.0 1.0 1.0 1.0 1.0 1.0 1.0 1.0 1.0 1.0 1.0
1.0 1.0 1.0 1.0 1.0 1.0 1.0 1.0 1.0 1.0 1.0 1.0 1.0 1.0 1.0 1.0
1.0 1.0 1.0 1.0 1.0 1.0 1.0 1.0 1.0 1.0 1.0 1.0 1.0 1.0 1.0 1.0
1.0 1.0 1.0 1.0 1.0 1.0 1.0 1.0 1.0 1.0 1.0 1.0 1.0 1.0 1.0 1.0
1.0 1.0 1.0 1.0 1.0 1.0 1.0 1.0 1.0 1.0 1.0 1.0 1.0 1.0 1.0 1.0
1.0 1.0 1.0 1.0 1.0 1.0 1.0 1.0 1.0 1.0 1.0 1.0 1.0 1.0 1.0 1.0
1.0 1.0 1.0 1.0 1.0 1.0 1.0 1.0 1.0 1.0 1.0 1.0 1.0 1.0 1.0 1.0
1.0 1.0 1.0 1.0 1.0 1.0 1.0 1.0 1.0 1.0 1.0 1.0 1.0 1.0 1.0 1.0
1.0 1.0 1.0 1.0 1.0 1.0 1.0 1.0 1.0 1.0 1.0 1.0 1.0 1.0 1.0 1.0
1.0 1.0 1.0 1.0 1.0 1.0 1.0 1.0 1.0 1.0 1.0 1.0 1.0 1.0 1.0 1.0
1.0 1.0 1.0 1.0 1.0 1.0 1.0 1.0 1.0 1.0 1.0 1.0 1.0 1.0 1.0 1.0
1.0 1.0 1.0 1.0 1.0 1.0 1.0 1.0 1.0 1.0 1.0 1.0 1.0 1.0 1.0 1.0
1.0 1.0 1.0 1.0 1.0 1.0 1.0 1.0 1.0 1.0 1.0 1.0 1.0 1.0 1.0 1.0
1.0 1.0 1.0 1.0 1.0 1.0 1.0 1.0 1.0 1.0 1.0 1.0 1.0 1.0 1.0 1.0
1.0 1.0 1.0 1.0 1.0 1.0 1.0 1.0 1.0 1.0 1.0 1.0 1.0 1.0 1.0 1.0
1.0 1.0 1.0 1.0 1.0 1.0 1.0 1.0 1.0 1.0 1.0 1.0 1.0 1.0 1.0 1.0
1.0 1.0 1.0 1.0 1.0 1.0 1.0 1.0 1.0 1.0 1.0 1.0 1.0 1.0 1.0 1.0
1.0 1.0 1.0 1.0 1.0 1.0 1.0 1.0 1.0 1.0 1.0 1.0 1.0 1.0 1.0 1.0
1.0 1.0 1.0 1.0 1.0 1.0 1.0 1.0 1.0 1.0 1.0 1.0 1.0 1.0 1.0 1.0
1.0 1.0 1.0 1.0 1.0 1.0 1.0 1.0 1.0 1.0 1.0 1.0 1.0 1.0 1.0 1.0
1.0 1.0 1.0 1.0 1.0 1.0 1.0 1.0 1.0 1.0 1.0 1.0 1.0 1.0 1.0 1.0
1.0 1.0 1.0 1.0 1.0 1.0 1.0 1.0 1.0 1.0 1.0 1.0 1.0 1.0 1.0 1.0
1.0 1.0 1.0 1.0 1.0 1.0 1.0 1.0 1.0 1.0 1.0 1.0 1.0 1.0 1.0 1.0
1.0 1.0 1.0 1.0 1.0 1.0 1.0 1.0 1.0 1.0 1.0 1.0 1.0 1.0 1.0 1.0
1.0 1.0 1.0 1.0 1.0 1.0 1.0 1.0 1.0 1.0 1.0 1.0 1.0 1.0 1.0 1.0
1.0 1.0 1.0 1.0 1.0 1.0 1.0 1.0 1.0 1.0 1.0 1.0 1.0 1.0 1.0 1.0
1.0 1.0 1.0 1.0 1.0 1.0 1.0 1.0 1.0 1.0 1.0 1.0 1.0 1.0 1.0 1.0
1.0 1.0 1.0 1.0 1.0 1.0 1.0 1.0 1.0 1.0 1.0 1.0 1.0 1.0 1.0 1.0
1.0 1.0 1.0 1.0 1.0 1.0 1.0 1.0 1.0 1.0 1.0 1.0 1.0 1.0 1.0 1.0
1.0 1.0 1.0 1.0 1.0 1.0 1.0 1.0 1.0 1.0 1.0 1.0 1.0 1.0 1.0 1.0
1.0 1.0 1.0 1.0 1.0 1.0 1.0 1.0 1.0 1.0 1.0 1.0 1.0 1.0 1.0 1.0
1.0 1.0 1.0 1.0 1.0 1.0 1.0 1.0 1.0 1.0 1.0 1.0 1.0 1.0 1.0 1.0
1.0 1.0 1.0 1.0 1.0 1.0 1.0 1.0 1.0 1.0 1.0 1.0 1.0 1.0 1.0 1.0
1.0 1.0 1.0 1.0 1.0 1.0 1.0 1.0 1.0 1.0 1.0 1.0 1.0 1.0 1.0 1.0
1.0 1.0 1.0 1.0 1.0 1.0 1.0 1.0 1.0 1.0 1.0 1.0 1.0 1.0 1.0 1.0
1.0 1.0 1.0 1.0 1.0 1.0 1.0 1.0 1.0 1.0 1.0 1.0 1.0 1.0 1.0 1.0
1.0 1.0 1.0 1.0 1.0 1.0 1.0 1.0 1.0 1.0 1.0 1.0 1.0 1.0 1.0 1.0
1.0 1.0 1.0 1.0 1.0 1.0 1.0 1.0 1.0 1.0 1.0 1.0 1.0 1.0 1.0 1.0
1.0 1.0 1.0 1.0 1.0 1.0 1.0 1.0 1.0 1.0 1.0 1.0 1.0 1.0 1.0 1.0
1.0 1.0 1.0 1.0 1.0 1.0 1.0 1.0 1.0 1.0 1.0 1.0 1.0 1.0 1.0 1.0
1.0 1.0 1.0 1.0 1.0 1.0 1.0 1.0 1.0 1.0 1.0 1.0 1.0 1.0 1.0 1.0
1.0 1.0 1.0 1.0 1.0 1.0 1.0 1.0 1.0 1.0 1.0 1.0 1.0 1.0 1.0 1.0
1.0 1.0 1.0 1.0 1.0 1.0 1.0 1.0 1.0 1.0 1.0 1.0 1.0 1.0 1.0 1.0
1.0 1.0 1.0 1.0 1.0 1.0 1.0 1.0 1.0 1.0 1.0 1.0 1.0 1.0 1.0 1.0
1.0 1.0 1.0 1.0 1.0 1.0 1.0 1.0 1.0 1.0 1.0 1.0 1.0 1.0 1.0 1.0
1.0 1.0 1.0 1.0 1.0 1.0 1.0 1.0 1.0 1.0 1.0 1.0 1.0 1.0 1.0 1.0
1.0 1.0 1.0 1.0 1.0 1.0 1.0 1.0 1.0 1.0 1.0 1.0 1.0 1.0 1.0 1.0
1.0 1.0 1.0 1.0 1.0 1.0 1.0 1.0 1.0 1.0 1.0 1.0 1.0 1.0 1.0 1.0
1.0 1.0 1.0 1.0 1.0 1.0 1.0 1.0 1.0 1.0 1.0 1.0 1.0 1.0 1.0 1.0
1.0 1.0 1.0 1.0 1.0 1.0 1.0 1.0 1.0 1.0 1.0 1.0 1.0 1.0 1.0 1.0
1.0 1.0 1.0 1.0 1.0 1.0 1.0 1.0 1.0 1.0 1.0 1.0 1.0 1.0 1.0 1.0
1.0 1.0 1.0 1.0 1.0 1.0 1.0 1.0 1.0 1.0 1.0 1.0 1.0 1.0 1.0 1.0
1.0 1.0 1.0 1.0 1.0 1.0 1.0 1.0 1.0 1.0 1.0 1.0 1.0 1.0 1.0 1.0
1.0 1.0 1.0 1.0 1.0 1.0 1.0 1.0 1.0 1.0 1.0 1.0 1.0 1.0 1.0 1.0
1.0 1.0 1.0 1.0 1.0 1.0 1.0 1.0 1.0 1.0 1.0 1.0 1.0 1.0 1.0 1.0
1.0 1.0 1.0 1.0 1.0 1.0 1.0 1.0 1.0 1.0 1.0 1.0 1.0 1.0 1.0 1.0
1.0 1.0 1.0 1.0 1.0 1.0 1.0 1.0 1.0 1.0 1.0 1.0 1.0 1.0 1.0 1.0
1.0 1.0 1.0 1.0 1.0 1.0 1.0 1.0 1.0 1.0 1.0 1.0 1.0 1.0 1.0 1.0
1.0 1.0 1.0 1.0 1.0 1.0 1.0 1.0 1.0 1.0 1.0 1.0 1.0 1.0 1.0 1.0
1.0 1.0 1.0 1.0 1.0 1.0 1.0 1.0 1.0 1.0 1.0 1.0 1.0 1.0 1.0 1.0
1.0 1.0 1.0 1.0 1.0 1.0 1.0 1.0 1.0 1.0 1.0 1.0 1.0 1.0 1.0 1.0
1.0 1.0 1.0 1.0 1.0 1.0 1.0 1.0 1.0 1.0 1.0 1.0 1.0 1.0 1.0 1.0
1.0 1.0 1.0 1.0 1.0 1.0 1.0 1.0 1.0 1.0 1.0 1.0 1.0 1.0 1.0 1.0
1.0 1.0 1.0 1.0 1.0 1.0 1.0 1.0 1.0 1.0 1.0 1.0 1.0 1.0 1.0 1.0
1.0 1.0 1.0 1.0 1.0 1.0 1.0 1.0 1.0 1.0 1.0 1.0 1.0 1.0 1.0 1.0
1.0 1.0 1.0 1.0 1.0 1.0 1.0 1.0 1.0 1.0 1.0 1.0 1.0 1.0 1.0 1.0
1.0 1.0 1.0 1.0 1.0 1.0 1.0 1.0 1.0 1.0 1.0 1.0 1.0 1.0 1.0 1.0
1.0 1.0 1.0 1.0 1.0 1.0 1.0 1.0 1.0 1.0 1.0 1.0 1.0 1.0 1.0 1.0
1.0 1.0 1.0 1.0 1.0 1.0 1.0 1.0 1.0 1.0 1.0 1.0 1.0 1.0 1.0 1.0
1.0 1.0 1.0 1.0 1.0 1.0 1.0 1.0 1.0 1.0 1.0 1.0 1.0 1.0 1.0 1.0
1.0 1.0 1.0 1.0 1.0 1.0 1.0 1.0 1.0 1.0 1.0 1.0 1.0 1.0 1.0 1.0
1.0 1.0 1.0 1.0 1.0 1.0 1.0 1.0 1.0 1.0 1.0 1.0 1.0 1.0 1.0 1.0
1.0 1.0 1.0 1.0 1.0 1.0 1.0 1.0 1.0 1.0 1.0 1.0 1.0 1.0 1.0 1.0
1.0 1.0 1.0 1.0 1.0 1.0 1.0 1.0 1.0 1.0 1.0 1.0 1.0 1.0 1.0 1.0
1.0 1.0 1.0 1.0 1.0 1.0 1.0 1.0 1.0 1.0 1.0 1.0 1.0 1.0 1.0 1.0
1.0 1.0 1.0 1.0 1.0 1.0 1.0 1.0 1.0 1.0 1.0 1.0 1.0 1.0 1.0 1.0
1.0 1.0 1.0 1.0 1.0 1.0 1.0 1.0 1.0 1.0 1.0 1.0 1.0 1.0 1.0 1.0
1.0 1.0 1.0 1.0 1.0 1.0 1.0 1.0 1.0 1.0 1.0 1.0 1.0 1.0 1.0 1.0
1.0 1.0 1.0 1.0 1.0 1.0 1.0 1.0 1.0 1.0 1.0 1.0 1.0 1.0 1.0 1.0
1.0 1.0 1.0 1.0 1.0 1.0 1.0 1.0 1.0 1.0 1.0 1.0 1.0 1.0 1.0 1.0
1.0 1.0 1.0 1.0 1.0 1.0 1.0 1.0 1.0 1.0 1.0 1.0 1.0 1.0 1.0 1.0
1.0 1.0 1.0 1.0 1.0 1.0 1.0 1.0 1.0 1.0 1.0 1.0 1.0 1.0 1.0 1.0
1.0 1.0 1.0 1.0 1.0 1.0 1.0 1.0 1.0 1.0 1.0 1.0 1.0 1.0 1.0 1.0
1.0 1.0 1.0 1.0 1.0 1.0 1.0 1.0 1.0 1.0 1.0 1.0 1.0 1.0 1.0 1.0
1.0 1.0 1.0 1.0 1.0 1.0 1.0 1.0 1.0 1.0 1.0 1.0 1.0 1.0 1.0 1.0
1.0 1.0 1.0 1.0 1.0 1.0 1.0 1.0 1.0 1.0 1.0 1.0 1.0 1.0 1.0 1.0
1.0 1.0 1.0 1.0 1.0 1.0 1.0 1.0 1.0 1.0 1.0 1.0 1.0 1.0 1.0 1.0
1.0 1.0 1.0 1.0 1.0 1.0 1.0 1.0 1.0 1.0 1.0 1.0 1.0 1.0 1.0 1.0
1.0 1.0 1.0 1.0 1.0 1.0 1.0 1.0 1.0 1.0 1.0 1.0 1.0 1.0 1.0 1.0
1.0 1.0 1.0 1.0 1.0 1.0 1.0 1.0 1.0 1.0 1.0 1.0 1.0 1.0 1.0 1.0
1.0 1.0 1.0 1.0 1.0 1.0 1.0 1.0 1.0 1.0 1.0 1.0 1.0 1.0 1.0 1.0
1.0 1.0 1.0 1.0 1.0 1.0 1.0 1.0 1.0 1.0 1.0 1.0 1.0 1.0 1.0 1.0
1.0 1.0 1.0 1.0 1.0 1.0 1.0 1.0 1.0 1.0 1.0 1.0 1.0 1.0 1.0 1.0
1.0 1.0 1.0 1.0 1.0 1.0 1.0 1.0 1.0 1.0 1.0 1.0 1.0 1.0 1.0 1.0
1.0 1.0 1.0 1.0 1.0 1.0 1.0 1.0 1.0 1.0 1.0 1.0 1.0 1.0 1.0 1.0
1.0 1.0 1.0 1.0 1.0 1.0 1.0 1.0 1.0 1.0 1.0 1.0 1.0 1.0 1.0 1.0
1.0 1.0 1.0 1.0 1.0 1.0 1.0 1.0 1.0 1.0 1.0 1.0 1.0 1.0 1.0 1.0
1.0 1.0 1.0 1.0 1.0 1.0 1.0 1.0 1.0 1.0 1.0 1.0 1.0 1.0 1.0 1.0
1.0 1.0 1.0 1.0 1.0 1.0 1.0 1.0 1.0 1.0 1.0 1.0 1.0 1.0 1.0 1.0
1.0 1.0 1.0 1.0 1.0 1.0 1.0 1.0 1.0 1.0 1.0 1.0 1.0 1.0 1.0 1.0
1.0 1.0 1.0 1.0 1.0 1.0 1.0 1.0 1.0 1.0 1.0 1.0 1.0 1.0 1.0 1.0
1.0 1.0 1.0 1.0 1.0 1.0 1.0 1.0 1.0 1.0 1.0 1.0 1.0 1.0 1.0 1.0
1.0 1.0 1.0 1.0 1.0 1.0 1.0 1.0 1.0 1.0 1.0 1.0 1.0 1.0 1.0 1.0
1.0 1.0 1.0 1.0 1.0 1.0 1.0 1.0 1.0 1.0 1.0 1.0 1.0 1.0 1.0 1.0
1.0 1.0 1.0 1.0 1.0 1.0 1.0 1.0 1.0 1.0 1.0 1.0 1.0 1.0 1.0 1.0
1.0 1.0 1.0 1.0 1.0 1.0 1.0 1.0 1.0 1.0 1.0 1.0 1.0 1.0 1.0 1.0
1.0 1.0 1.0 1.0 1.0 1.0 1.0 1.0 1.0 1.0 1.0 1.0 1.0 1.0 1.0 1.0
1.0 1.0 1.0 1.0 1.0 1.0 1.0 1.0 1.0 1.0 1.0 1.0 1.0 1.0 1.0 1.0
1.0 1.0 1.0 1.0 1.0 1.0 1.0 1.0 1.0 1.0 1.0 1.0 1.0 1.0 1.0 1.0
1.0 1.0 1.0 1.0 1.0 1.0 1.0 1.0 1.0 1.0 1.0 1.0 1.0 1.0 1.0 1.0
1.0 1.0 1.0 1.0 1.0 1.0 1.0 1.0 1.0 1.0 1.0 1.0 1.0 1.0 1.0 1.0
1.0 1.0 1.0 1.0 1.0 1.0 1.0 1.0 1.0 1.0 1.0 1.0 1.0 1.0 1.0 1.0
1.0 1.0 1.0 1.0 1.0 1.0 1.0 1.0 1.0 1.0 1.0 1.0 1.0 1.0 1.0 1.0
1.0 1.0 1.0 1.0 1.0 1.0 1.0 1.0 1.0 1.0 1.0 1.0 1.0 1.0 1.0 1.0
1.0 1.0 1.0 1.0 1.0 1.0 1.0 1.0 1.0 1.0 1.0 1.0 1.0 1.0 1.0 1.0
1.0 1.0 1.0 1.0 1.0 1.0 1.0 1.0 1.0 1.0 1.0 1.0 1.0 1.0 1.0 1.0
1.0 1.0 1.0 1.0 1.0 1.0 1.0 1.0 1.0 1.0 1.0 1.0 1.0 1.0 1.0 1.0
1.0 1.0 1.0 1.0 1.0 1.0 1.0 1.0 1.0 1.0 1.0 1.0 1.0 1.0 1.0 1.0
1.0 1.0 1.0 1.0 1.0 1.0 1.0 1.0 1.0 1.0 1.0 1.0 1.0 1.0 1.0 1.0
1.0 1.0 1.0 1.0 1.0 1.0 1.0 1.0 1.0 1.0 1.0 1.0 1.0 1.0 1.0 1.0
1.0 1.0 1.0 1.0 1.0 1.0 1.0 1.0 1.0 1.0 1.0 1.0 1.0 1.0 1.0 1.0
1.0 1.0 1.0 1.0 1.0 1.0 1.0 1.0 1.0 1.0 1.0 1.0 1.0 1.0 1.0 1.0
1.0 1.0 1.0 1.0 1.0 1.0 1.0 1.0 1.0 1.0 1.0 1.0 1.0 1.0 1.0 1.0
1.0 1.0 1.0 1.0 1.0 1.0 1.0 1.0 1.0 1.0 1.0 1.0 1.0 1.0 1.0 1.0
1.0 1.0 1.0 1.0 1.0 1.0 1.0 1.0 1.0 1.0 1.0 1.0 1.0 1.0 1.0 1.0
1.0 1.0 1.0 1.0 1.0 1.0 1.0 1.0 1.0 1.0 1.0 1.0 1.0 1.0 1.0 1.0
1.0 1.0 1.0 1.0 1.0 1.0 1.0 1.0 1.0 1.0 1.0 1.0 1.0 1.0 1.0 1.0
1.0 1.0 1.0 1.0 1.0 1.0 1.0 1.0 1.0 1.0 1.0 1.0 1.0 1.0 1.0 1.0
1.0 1.0 1.0 1.0 1.0 1.0 1.0 1.0 1.0 1.0 1.0 1.0 1.0 1.0 1.0 1.0
1.0 1.0 1.0 1.0 1.0 1.0 1.0 1.0 1.0 1.0 1.0 1.0 1.0 1.0 1.0 1.0
