18
128 384
0.9936254620552063 0.9936254620552063 0.9936254620552063 0.9936254620552063 0
0.9936254620552063 0.9936254620552063 0.9936254620552063 0.9936254620552063 0
1.0049474239349365 1.0049474239349365 1.0049474239349365 1.0049474239349365 0
0.9936254620552063 0.9936254620552063 0.9936254620552063 0.9936254620552063 0
0.9936254620552063 0.9936254620552063 0.9936254620552063 0.9936254620552063 0
0.9937862753868103 0.9937862753868103 0.9937862753868103 0.9937862753868103 0
0.9936254620552063 0.9936254620552063 0.9936254620552063 0.9936254620552063 0
0.9936254620552063 0.9936254620552063 0.9936254620552063 0.9936254620552063 0
0.9936254620552063 0.9936254620552063 0.9936254620552063 0.9936254620552063 0
0.9936254620552063 0.9936254620552063 0.9936254620552063 0.9936254620552063 0
1.0063744783401489 1.0063744783401489 1.0063744783401489 1.0063744783401489 0
0.9936254620552063 0.9936254620552063 0.9936254620552063 0.9936254620552063 0
0.9936254620552063 0.9936254620552063 0.9936254620552063 0.9936254620552063 0
1.0063744783401489 1.0063744783401489 1.0063744783401489 1.0063744783401489 0
0.9936254620552063 0.9936254620552063 0.9936254620552063 0.9936254620552063 0
0.9936254620552063 0.9936254620552063 0.9936254620552063 0.9936254620552063 0
0.9936254620552063 0.9936254620552063 0.9936254620552063 0.9936254620552063 0
0.9936254620552063 0.9936254620552063 0.9936254620552063 0.9936254620552063 0
1.0063744783401489 1.0063744783401489 1.0063744783401489 1.0063744783401489 0
0.9942693114280701 0.9942693114280701 0.9942693114280701 0.9942693114280701 0
0.9936254620552063 0.9936254620552063 0.9936254620552063 0.9936254620552063 0
1.0063744783401489 1.0063744783401489 1.0063744783401489 1.0063744783401489 0
0.9936509132385254 0.9936509132385254 0.9936509132385254 0.9936509132385254 0
0.9936254620552063 0.9936254620552063 0.9936254620552063 0.9936254620552063 0
0.9936254620552063 0.9936254620552063 0.9936254620552063 0.9936254620552063 0
0.9936254620552063 0.9936254620552063 0.9936254620552063 0.9936254620552063 0
1.0063744783401489 1.0063744783401489 1.0063744783401489 1.0063744783401489 0
0.9936254620552063 0.9936254620552063 0.9936254620552063 0.9936254620552063 0
0.9936254620552063 0.9936254620552063 0.9936254620552063 0.9936254620552063 0
1.0063744783401489 1.0063744783401489 1.0063744783401489 1.0063744783401489 0
0.9936254620552063 0.9936254620552063 0.9936254620552063 0.9936254620552063 0
0.9936254620552063 0.9936254620552063 0.9936254620552063 0.9936254620552063 0
0.9936254620552063 0.9936254620552063 0.9936254620552063 0.9936254620552063 0
0.9936254620552063 0.9936254620552063 0.9936254620552063 0.9936254620552063 0
1.0063744783401489 1.0063744783401489 1.0063744783401489 1.0063744783401489 0
0.9936254620552063 0.9936254620552063 0.9936254620552063 0.9936254620552063 0
0.9936254620552063 0.9936254620552063 0.9936254620552063 0.9936254620552063 0
1.0063744783401489 1.0063744783401489 1.0063744783401489 1.0063744783401489 0
0.9936254620552063 0.9936254620552063 0.9936254620552063 0.9936254620552063 0
0.9936254620552063 0.9936254620552063 0.9936254620552063 0.9936254620552063 0
0.9936254620552063 0.9936254620552063 0.9936254620552063 0.9936254620552063 0
0.9936254620552063 0.9936254620552063 0.9936254620552063 0.9936254620552063 0
1.0063744783401489 1.0063744783401489 1.0063744783401489 1.0063744783401489 0
0.9938232302665710 0.9938232302665710 0.9938232302665710 0.9938232302665710 0
0.9936254620552063 0.9936254620552063 0.9936254620552063 0.9936254620552063 0
1.0063744783401489 1.0063744783401489 1.0063744783401489 1.0063744783401489 0
0.9936254620552063 0.9936254620552063 0.9936254620552063 0.9936254620552063 0
0.9936254620552063 0.9936254620552063 0.9936254620552063 0.9936254620552063 0
0.9936254620552063 0.9936254620552063 0.9936254620552063 0.9936254620552063 0
0.9936254620552063 0.9936254620552063 0.9936254620552063 0.9936254620552063 0
1.0063744783401489 1.0063744783401489 1.0063744783401489 1.0063744783401489 0
0.9936254620552063 0.9936254620552063 0.9936254620552063 0.9936254620552063 0
0.9936254620552063 0.9936254620552063 0.9936254620552063 0.9936254620552063 0
1.0063744783401489 1.0063744783401489 1.0063744783401489 1.0063744783401489 0
0.9936254620552063 0.9936254620552063 0.9936254620552063 0.9936254620552063 0
0.9936254620552063 0.9936254620552063 0.9936254620552063 0.9936254620552063 0
0.9936254620552063 0.9936254620552063 0.9936254620552063 0.9936254620552063 0
0.9936254620552063 0.9936254620552063 0.9936254620552063 0.9936254620552063 0
1.0006985664367676 1.0006985664367676 1.0006985664367676 1.0006985664367676 0
0.9936254620552063 0.9936254620552063 0.9936254620552063 0.9936254620552063 0
0.9936254620552063 0.9936254620552063 0.9936254620552063 0.9936254620552063 0
1.0008270740509033 1.0008270740509033 1.0008270740509033 1.0008270740509033 0
0.9936254620552063 0.9936254620552063 0.9936254620552063 0.9936254620552063 0
0.9936254620552063 0.9936254620552063 0.9936254620552063 0.9936254620552063 0
0.0936255007982254 0.0936255007982254 0.0936255007982254 0.0936255007982254 0.0936255007982254 0.0936255007982254
0.0936255007982254 0.0936255007982254 0.0936255007982254 0.0936255007982254 0.0936255007982254 0.0936255007982254
0.0936255007982254 0.0936255007982254 0.0936255007982254 0.0936255007982254 0.0936255007982254 0.0936255007982254
0.0936255007982254 0.0936255007982254 0.0936255007982254 0.0936255007982254 0.0936255007982254 0.0936255007982254
0.0944500416517258 0.0944500416517258 0.0944500416517258 0.0944500416517258 0.0944500416517258 0.0944500416517258
0.0936255007982254 0.0936255007982254 0.0936255007982254 0.0936255007982254 0.0936255007982254 0.0936255007982254
0.0936255007982254 0.0936255007982254 0.0936255007982254 0.0936255007982254 0.0936255007982254 0.0936255007982254
0.0942615941166878 0.0942615941166878 0.0942615941166878 0.0942615941166878 0.0942615941166878 0.0942615941166878
0.1011329069733620 0.1011329069733620 0.1011329069733620 0.1011329069733620 0.1011329069733620 0.1011329069733620
0.1000948250293732 0.1000948250293732 0.1000948250293732 0.1000948250293732 0.1000948250293732 0.1000948250293732
0.0936255007982254 0.0936255007982254 0.0936255007982254 0.0936255007982254 0.0936255007982254 0.0936255007982254
0.0958391353487968 0.0958391353487968 0.0958391353487968 0.0958391353487968 0.0958391353487968 0.0958391353487968
0.0942416787147522 0.0942416787147522 0.0942416787147522 0.0942416787147522 0.0942416787147522 0.0942416787147522
0.0966925844550133 0.0966925844550133 0.0966925844550133 0.0966925844550133 0.0966925844550133 0.0966925844550133
0.0936255007982254 0.0936255007982254 0.0936255007982254 0.0936255007982254 0.0936255007982254 0.0936255007982254
0.0936255007982254 0.0936255007982254 0.0936255007982254 0.0936255007982254 0.0936255007982254 0.0936255007982254
0.0936495289206505 0.0936495289206505 0.0936495289206505 0.0936495289206505 0.0936495289206505 0.0936495289206505
0.0982652530074120 0.0982652530074120 0.0982652530074120 0.0982652530074120 0.0982652530074120 0.0982652530074120
0.0989688634872437 0.0989688634872437 0.0989688634872437 0.0989688634872437 0.0989688634872437 0.0989688634872437
0.0936734601855278 0.0936734601855278 0.0936734601855278 0.0936734601855278 0.0936734601855278 0.0936734601855278
0.0943420231342316 0.0943420231342316 0.0943420231342316 0.0943420231342316 0.0943420231342316 0.0943420231342316
0.0936623513698578 0.0936623513698578 0.0936623513698578 0.0936623513698578 0.0936623513698578 0.0936623513698578
0.0936300233006477 0.0936300233006477 0.0936300233006477 0.0936300233006477 0.0936300233006477 0.0936300233006477
0.0936255007982254 0.0936255007982254 0.0936255007982254 0.0936255007982254 0.0936255007982254 0.0936255007982254
0.0936255007982254 0.0936255007982254 0.0936255007982254 0.0936255007982254 0.0936255007982254 0.0936255007982254
0.0936255007982254 0.0936255007982254 0.0936255007982254 0.0936255007982254 0.0936255007982254 0.0936255007982254
0.0936255007982254 0.0936255007982254 0.0936255007982254 0.0936255007982254 0.0936255007982254 0.0936255007982254
0.1021868512034416 0.1021868512034416 0.1021868512034416 0.1021868512034416 0.1021868512034416 0.1021868512034416
0.0936255007982254 0.0936255007982254 0.0936255007982254 0.0936255007982254 0.0936255007982254 0.0936255007982254
0.1010199934244156 0.1010199934244156 0.1010199934244156 0.1010199934244156 0.1010199934244156 0.1010199934244156
0.1056705713272095 0.1056705713272095 0.1056705713272095 0.1056705713272095 0.1056705713272095 0.1056705713272095
0.0936679914593697 0.0936679914593697 0.0936679914593697 0.0936679914593697 0.0936679914593697 0.0936679914593697
0.0998349860310555 0.0998349860310555 0.0998349860310555 0.0998349860310555 0.0998349860310555 0.0998349860310555
0.1027422696352005 0.1027422696352005 0.1027422696352005 0.1027422696352005 0.1027422696352005 0.1027422696352005
0.0936255007982254 0.0936255007982254 0.0936255007982254 0.0936255007982254 0.0936255007982254 0.0936255007982254
0.0986899510025978 0.0986899510025978 0.0986899510025978 0.0986899510025978 0.0986899510025978 0.0986899510025978
0.1029006317257881 0.1029006317257881 0.1029006317257881 0.1029006317257881 0.1029006317257881 0.1029006317257881
0.0960513725876808 0.0960513725876808 0.0960513725876808 0.0960513725876808 0.0960513725876808 0.0960513725876808
0.0980406478047371 0.0980406478047371 0.0980406478047371 0.0980406478047371 0.0980406478047371 0.0980406478047371
0.0937698781490326 0.0937698781490326 0.0937698781490326 0.0937698781490326 0.0937698781490326 0.0937698781490326
0.0936255007982254 0.0936255007982254 0.0936255007982254 0.0936255007982254 0.0936255007982254 0.0936255007982254
0.0936255007982254 0.0936255007982254 0.0936255007982254 0.0936255007982254 0.0936255007982254 0.0936255007982254
0.0936255007982254 0.0936255007982254 0.0936255007982254 0.0936255007982254 0.0936255007982254 0.0936255007982254
0.1030522808432579 0.1030522808432579 0.1030522808432579 0.1030522808432579 0.1030522808432579 0.1030522808432579
0.0936255007982254 0.0936255007982254 0.0936255007982254 0.0936255007982254 0.0936255007982254 0.0936255007982254
0.1022981032729149 0.1022981032729149 0.1022981032729149 0.1022981032729149 0.1022981032729149 0.1022981032729149
0.1062486544251442 0.1062486544251442 0.1062486544251442 0.1062486544251442 0.1062486544251442 0.1062486544251442
0.0938174277544022 0.0938174277544022 0.0938174277544022 0.0938174277544022 0.0938174277544022 0.0938174277544022
0.1011969521641731 0.1011969521641731 0.1011969521641731 0.1011969521641731 0.1011969521641731 0.1011969521641731
0.1039141342043877 0.1039141342043877 0.1039141342043877 0.1039141342043877 0.1039141342043877 0.1039141342043877
0.0936261564493179 0.0936261564493179 0.0936261564493179 0.0936261564493179 0.0936261564493179 0.0936261564493179
0.0997744351625443 0.0997744351625443 0.0997744351625443 0.0997744351625443 0.0997744351625443 0.0997744351625443
0.1042259633541107 0.1042259633541107 0.1042259633541107 0.1042259633541107 0.1042259633541107 0.1042259633541107
0.0973185673356056 0.0973185673356056 0.0973185673356056 0.0973185673356056 0.0973185673356056 0.0973185673356056
0.0993272140622139 0.0993272140622139 0.0993272140622139 0.0993272140622139 0.0993272140622139 0.0993272140622139
0.0949237719178200 0.0949237719178200 0.0949237719178200 0.0949237719178200 0.0949237719178200 0.0949237719178200
0.0936255007982254 0.0936255007982254 0.0936255007982254 0.0936255007982254 0.0936255007982254 0.0936255007982254
0.0936255007982254 0.0936255007982254 0.0936255007982254 0.0936255007982254 0.0936255007982254 0.0936255007982254
0.0936255007982254 0.0936255007982254 0.0936255007982254 0.0936255007982254 0.0936255007982254 0.0936255007982254
0.1001560539007187 0.1001560539007187 0.1001560539007187 0.1001560539007187 0.1001560539007187 0.1001560539007187
0.0936255007982254 0.0936255007982254 0.0936255007982254 0.0936255007982254 0.0936255007982254 0.0936255007982254
0.0994688645005226 0.0994688645005226 0.0994688645005226 0.0994688645005226 0.0994688645005226 0.0994688645005226
0.1052381545305252 0.1052381545305252 0.1052381545305252 0.1052381545305252 0.1052381545305252 0.1052381545305252
0.0936261042952538 0.0936261042952538 0.0936261042952538 0.0936261042952538 0.0936261042952538 0.0936261042952538
0.0994362458586693 0.0994362458586693 0.0994362458586693 0.0994362458586693 0.0994362458586693 0.0994362458586693
0.1010422930121422 0.1010422930121422 0.1010422930121422 0.1010422930121422 0.1010422930121422 0.1010422930121422
0.0936255007982254 0.0936255007982254 0.0936255007982254 0.0936255007982254 0.0936255007982254 0.0936255007982254
0.0969110131263733 0.0969110131263733 0.0969110131263733 0.0969110131263733 0.0969110131263733 0.0969110131263733
0.1023978516459465 0.1023978516459465 0.1023978516459465 0.1023978516459465 0.1023978516459465 0.1023978516459465
0.0947114378213882 0.0947114378213882 0.0947114378213882 0.0947114378213882 0.0947114378213882 0.0947114378213882
0.0975159257650375 0.0975159257650375 0.0975159257650375 0.0975159257650375 0.0975159257650375 0.0975159257650375
0.0937429592013359 0.0937429592013359 0.0937429592013359 0.0937429592013359 0.0937429592013359 0.0937429592013359
0.0936255007982254 0.0936255007982254 0.0936255007982254 0.0936255007982254 0.0936255007982254 0.0936255007982254
0.0936255007982254 0.0936255007982254 0.0936255007982254 0.0936255007982254 0.0936255007982254 0.0936255007982254
0.0936255007982254 0.0936255007982254 0.0936255007982254 0.0936255007982254 0.0936255007982254 0.0936255007982254
0.1012170538306236 0.1012170538306236 0.1012170538306236 0.1012170538306236 0.1012170538306236 0.1012170538306236
0.0936255007982254 0.0936255007982254 0.0936255007982254 0.0936255007982254 0.0936255007982254 0.0936255007982254
0.1000008285045624 0.1000008285045624 0.1000008285045624 0.1000008285045624 0.1000008285045624 0.1000008285045624
0.1050784066319466 0.1050784066319466 0.1050784066319466 0.1050784066319466 0.1050784066319466 0.1050784066319466
0.0936404168605804 0.0936404168605804 0.0936404168605804 0.0936404168605804 0.0936404168605804 0.0936404168605804
0.0993764996528625 0.0993764996528625 0.0993764996528625 0.0993764996528625 0.0993764996528625 0.0993764996528625
0.1017467752099037 0.1017467752099037 0.1017467752099037 0.1017467752099037 0.1017467752099037 0.1017467752099037
0.0936255007982254 0.0936255007982254 0.0936255007982254 0.0936255007982254 0.0936255007982254 0.0936255007982254
0.0976277515292168 0.0976277515292168 0.0976277515292168 0.0976277515292168 0.0976277515292168 0.0976277515292168
0.1023147329688072 0.1023147329688072 0.1023147329688072 0.1023147329688072 0.1023147329688072 0.1023147329688072
0.0958081558346748 0.0958081558346748 0.0958081558346748 0.0958081558346748 0.0958081558346748 0.0958081558346748
0.0974824279546738 0.0974824279546738 0.0974824279546738 0.0974824279546738 0.0974824279546738 0.0974824279546738
0.0938310027122498 0.0938310027122498 0.0938310027122498 0.0938310027122498 0.0938310027122498 0.0938310027122498
0.0936255007982254 0.0936255007982254 0.0936255007982254 0.0936255007982254 0.0936255007982254 0.0936255007982254
0.0936255007982254 0.0936255007982254 0.0936255007982254 0.0936255007982254 0.0936255007982254 0.0936255007982254
0.0936255007982254 0.0936255007982254 0.0936255007982254 0.0936255007982254 0.0936255007982254 0.0936255007982254
0.1031094342470169 0.1031094342470169 0.1031094342470169 0.1031094342470169 0.1031094342470169 0.1031094342470169
0.0936255007982254 0.0936255007982254 0.0936255007982254 0.0936255007982254 0.0936255007982254 0.0936255007982254
0.1017332971096039 0.1017332971096039 0.1017332971096039 0.1017332971096039 0.1017332971096039 0.1017332971096039
0.1051512733101845 0.1051512733101845 0.1051512733101845 0.1051512733101845 0.1051512733101845 0.1051512733101845
0.0937221273779869 0.0937221273779869 0.0937221273779869 0.0937221273779869 0.0937221273779869 0.0937221273779869
0.1000035628676414 0.1000035628676414 0.1000035628676414 0.1000035628676414 0.1000035628676414 0.1000035628676414
0.1035453453660011 0.1035453453660011 0.1035453453660011 0.1035453453660011 0.1035453453660011 0.1035453453660011
0.0936265364289284 0.0936265364289284 0.0936265364289284 0.0936265364289284 0.0936265364289284 0.0936265364289284
0.0993495732545853 0.0993495732545853 0.0993495732545853 0.0993495732545853 0.0993495732545853 0.0993495732545853
0.1023672223091125 0.1023672223091125 0.1023672223091125 0.1023672223091125 0.1023672223091125 0.1023672223091125
0.0969617217779160 0.0969617217779160 0.0969617217779160 0.0969617217779160 0.0969617217779160 0.0969617217779160
0.0983282253146172 0.0983282253146172 0.0983282253146172 0.0983282253146172 0.0983282253146172 0.0983282253146172
0.0946749523282051 0.0946749523282051 0.0946749523282051 0.0946749523282051 0.0946749523282051 0.0946749523282051
0.0936255007982254 0.0936255007982254 0.0936255007982254 0.0936255007982254 0.0936255007982254 0.0936255007982254
0.0936255007982254 0.0936255007982254 0.0936255007982254 0.0936255007982254 0.0936255007982254 0.0936255007982254
0.0936255007982254 0.0936255007982254 0.0936255007982254 0.0936255007982254 0.0936255007982254 0.0936255007982254
0.0971785560250282 0.0971785560250282 0.0971785560250282 0.0971785560250282 0.0971785560250282 0.0971785560250282
0.0936255007982254 0.0936255007982254 0.0936255007982254 0.0936255007982254 0.0936255007982254 0.0936255007982254
0.0971304997801781 0.0971304997801781 0.0971304997801781 0.0971304997801781 0.0971304997801781 0.0971304997801781
0.1015683710575104 0.1015683710575104 0.1015683710575104 0.1015683710575104 0.1015683710575104 0.1015683710575104
0.0936255007982254 0.0936255007982254 0.0936255007982254 0.0936255007982254 0.0936255007982254 0.0936255007982254
0.0957373604178429 0.0957373604178429 0.0957373604178429 0.0957373604178429 0.0957373604178429 0.0957373604178429
0.1001466959714890 0.1001466959714890 0.1001466959714890 0.1001466959714890 0.1001466959714890 0.1001466959714890
0.0936255007982254 0.0936255007982254 0.0936255007982254 0.0936255007982254 0.0936255007982254 0.0936255007982254
0.0952065065503120 0.0952065065503120 0.0952065065503120 0.0952065065503120 0.0952065065503120 0.0952065065503120
0.1004625037312508 0.1004625037312508 0.1004625037312508 0.1004625037312508 0.1004625037312508 0.1004625037312508
0.0947966501116753 0.0947966501116753 0.0947966501116753 0.0947966501116753 0.0947966501116753 0.0947966501116753
0.0941673666238785 0.0941673666238785 0.0941673666238785 0.0941673666238785 0.0941673666238785 0.0941673666238785
0.0936255007982254 0.0936255007982254 0.0936255007982254 0.0936255007982254 0.0936255007982254 0.0936255007982254
0.0936255007982254 0.0936255007982254 0.0936255007982254 0.0936255007982254 0.0936255007982254 0.0936255007982254
0.0936255007982254 0.0936255007982254 0.0936255007982254 0.0936255007982254 0.0936255007982254 0.0936255007982254
0.0958040878176689 0.0958040878176689 0.0958040878176689 0.0958040878176689 0.0958040878176689 0.0958040878176689
0.0936261191964149 0.0936261191964149 0.0936261191964149 0.0936261191964149 0.0936261191964149 0.0936261191964149
0.0936255007982254 0.0936255007982254 0.0936255007982254 0.0936255007982254 0.0936255007982254 0.0936255007982254
0.0953856259584427 0.0953856259584427 0.0953856259584427 0.0953856259584427 0.0953856259584427 0.0953856259584427
0.0936549678444862 0.0936549678444862 0.0936549678444862 0.0936549678444862 0.0936549678444862 0.0936549678444862
0.0936305522918701 0.0936305522918701 0.0936305522918701 0.0936305522918701 0.0936305522918701 0.0936305522918701
0.9936254620552063 0.9936254620552063 0.9936254620552063 0.9936254620552063 0
0.9936254620552063 0.9936254620552063 0.9936254620552063 0.9936254620552063 0
0.9936254620552063 0.9936254620552063 0.9936254620552063 0.9936254620552063 0
0.9936254620552063 0.9936254620552063 0.9936254620552063 0.9936254620552063 0
0.9936254620552063 0.9936254620552063 0.9936254620552063 0.9936254620552063 0
0.9936254620552063 0.9936254620552063 0.9936254620552063 0.9936254620552063 0
0.9936254620552063 0.9936254620552063 0.9936254620552063 0.9936254620552063 0
0.9936254620552063 0.9936254620552063 0.9936254620552063 0.9936254620552063 0
0.9936254620552063 0.9936254620552063 0.9936254620552063 0.9936254620552063 0
0.9936254620552063 0.9936254620552063 0.9936254620552063 0.9936254620552063 0
0.9936254620552063 0.9936254620552063 0.9936254620552063 0.9936254620552063 0
0.9936254620552063 0.9936254620552063 0.9936254620552063 0.9936254620552063 0
0.9936254620552063 0.9936254620552063 0.9936254620552063 0.9936254620552063 0
0.9936254620552063 0.9936254620552063 0.9936254620552063 0.9936254620552063 0
0.9936254620552063 0.9936254620552063 0.9936254620552063 0.9936254620552063 0
0.9936254620552063 0.9936254620552063 0.9936254620552063 0.9936254620552063 0
1.0051816701889038 1.0051816701889038 1.0051816701889038 1.0051816701889038 0
1.0063744783401489 1.0063744783401489 1.0063744783401489 1.0063744783401489 0
1.0063744783401489 1.0063744783401489 1.0063744783401489 1.0063744783401489 0
1.0063744783401489 1.0063744783401489 1.0063744783401489 1.0063744783401489 0
1.0063744783401489 1.0063744783401489 1.0063744783401489 1.0063744783401489 0
1.0063744783401489 1.0063744783401489 1.0063744783401489 1.0063744783401489 0
1.0063744783401489 1.0063744783401489 1.0063744783401489 1.0063744783401489 0
1.0011655092239380 1.0011655092239380 1.0011655092239380 1.0011655092239380 0
0.9936254620552063 0.9936254620552063 0.9936254620552063 0.9936254620552063 0
0.9936254620552063 0.9936254620552063 0.9936254620552063 0.9936254620552063 0
0.9942969679832458 0.9942969679832458 0.9942969679832458 0.9942969679832458 0
0.9936254620552063 0.9936254620552063 0.9936254620552063 0.9936254620552063 0
0.9936254620552063 0.9936254620552063 0.9936254620552063 0.9936254620552063 0
0.9938340187072754 0.9938340187072754 0.9938340187072754 0.9938340187072754 0
0.9936254620552063 0.9936254620552063 0.9936254620552063 0.9936254620552063 0
0.9936254620552063 0.9936254620552063 0.9936254620552063 0.9936254620552063 0
0.9936254620552063 0.9936254620552063 0.9936254620552063 0.9936254620552063 0
0.9936254620552063 0.9936254620552063 0.9936254620552063 0.9936254620552063 0
0.9936254620552063 0.9936254620552063 0.9936254620552063 0.9936254620552063 0
0.9936254620552063 0.9936254620552063 0.9936254620552063 0.9936254620552063 0
0.9936254620552063 0.9936254620552063 0.9936254620552063 0.9936254620552063 0
0.9936254620552063 0.9936254620552063 0.9936254620552063 0.9936254620552063 0
0.9936254620552063 0.9936254620552063 0.9936254620552063 0.9936254620552063 0
0.9936254620552063 0.9936254620552063 0.9936254620552063 0.9936254620552063 0
0.9938241839408875 0.9938241839408875 0.9938241839408875 0.9938241839408875 0
1.0063744783401489 1.0063744783401489 1.0063744783401489 1.0063744783401489 0
1.0063744783401489 1.0063744783401489 1.0063744783401489 1.0063744783401489 0
1.0063744783401489 1.0063744783401489 1.0063744783401489 1.0063744783401489 0
1.0063744783401489 1.0063744783401489 1.0063744783401489 1.0063744783401489 0
1.0063744783401489 1.0063744783401489 1.0063744783401489 1.0063744783401489 0
1.0063635110855103 1.0063635110855103 1.0063635110855103 1.0063635110855103 0
1.0018411874771118 1.0018411874771118 1.0018411874771118 1.0018411874771118 0
0.9936254620552063 0.9936254620552063 0.9936254620552063 0.9936254620552063 0
0.9936254620552063 0.9936254620552063 0.9936254620552063 0.9936254620552063 0
0.9936254620552063 0.9936254620552063 0.9936254620552063 0.9936254620552063 0
0.9936254620552063 0.9936254620552063 0.9936254620552063 0.9936254620552063 0
0.9936254620552063 0.9936254620552063 0.9936254620552063 0.9936254620552063 0
0.9936254620552063 0.9936254620552063 0.9936254620552063 0.9936254620552063 0
0.9936254620552063 0.9936254620552063 0.9936254620552063 0.9936254620552063 0
0.9936254620552063 0.9936254620552063 0.9936254620552063 0.9936254620552063 0
0.9936254620552063 0.9936254620552063 0.9936254620552063 0.9936254620552063 0
0.9936254620552063 0.9936254620552063 0.9936254620552063 0.9936254620552063 0
0.9936254620552063 0.9936254620552063 0.9936254620552063 0.9936254620552063 0
0.9936254620552063 0.9936254620552063 0.9936254620552063 0.9936254620552063 0
0.9936254620552063 0.9936254620552063 0.9936254620552063 0.9936254620552063 0
0.9936254620552063 0.9936254620552063 0.9936254620552063 0.9936254620552063 0
0.9936254620552063 0.9936254620552063 0.9936254620552063 0.9936254620552063 0
0.9936254620552063 0.9936254620552063 0.9936254620552063 0.9936254620552063 0
0.0936255007982254 0.0936255007982254 0.0936255007982254 0.0936255007982254 0.0936255007982254 0.0936255007982254
0.0936255007982254 0.0936255007982254 0.0936255007982254 0.0936255007982254 0.0936255007982254 0.0936255007982254
0.0936255007982254 0.0936255007982254 0.0936255007982254 0.0936255007982254 0.0936255007982254 0.0936255007982254
0.0936255007982254 0.0936255007982254 0.0936255007982254 0.0936255007982254 0.0936255007982254 0.0936255007982254
0.0936255007982254 0.0936255007982254 0.0936255007982254 0.0936255007982254 0.0936255007982254 0.0936255007982254
0.0936255007982254 0.0936255007982254 0.0936255007982254 0.0936255007982254 0.0936255007982254 0.0936255007982254
0.0936255007982254 0.0936255007982254 0.0936255007982254 0.0936255007982254 0.0936255007982254 0.0936255007982254
0.0936255007982254 0.0936255007982254 0.0936255007982254 0.0936255007982254 0.0936255007982254 0.0936255007982254
0.0936255007982254 0.0936255007982254 0.0936255007982254 0.0936255007982254 0.0936255007982254 0.0936255007982254
0.0936255007982254 0.0936255007982254 0.0936255007982254 0.0936255007982254 0.0936255007982254 0.0936255007982254
0.0936255007982254 0.0936255007982254 0.0936255007982254 0.0936255007982254 0.0936255007982254 0.0936255007982254
0.0936255007982254 0.0936255007982254 0.0936255007982254 0.0936255007982254 0.0936255007982254 0.0936255007982254
0.0936255007982254 0.0936255007982254 0.0936255007982254 0.0936255007982254 0.0936255007982254 0.0936255007982254
0.0936255007982254 0.0936255007982254 0.0936255007982254 0.0936255007982254 0.0936255007982254 0.0936255007982254
0.0936255007982254 0.0936255007982254 0.0936255007982254 0.0936255007982254 0.0936255007982254 0.0936255007982254
0.0936255007982254 0.0936255007982254 0.0936255007982254 0.0936255007982254 0.0936255007982254 0.0936255007982254
0.0936255007982254 0.0936255007982254 0.0936255007982254 0.0936255007982254 0.0936255007982254 0.0936255007982254
0.0936255007982254 0.0936255007982254 0.0936255007982254 0.0936255007982254 0.0936255007982254 0.0936255007982254
0.0936255007982254 0.0936255007982254 0.0936255007982254 0.0936255007982254 0.0936255007982254 0.0936255007982254
0.0936255007982254 0.0936255007982254 0.0936255007982254 0.0936255007982254 0.0936255007982254 0.0936255007982254
0.0936255007982254 0.0936255007982254 0.0936255007982254 0.0936255007982254 0.0936255007982254 0.0936255007982254
0.0936255007982254 0.0936255007982254 0.0936255007982254 0.0936255007982254 0.0936255007982254 0.0936255007982254
0.0936255007982254 0.0936255007982254 0.0936255007982254 0.0936255007982254 0.0936255007982254 0.0936255007982254
0.0936255007982254 0.0936255007982254 0.0936255007982254 0.0936255007982254 0.0936255007982254 0.0936255007982254
0.0936255007982254 0.0936255007982254 0.0936255007982254 0.0936255007982254 0.0936255007982254 0.0936255007982254
0.0936255007982254 0.0936255007982254 0.0936255007982254 0.0936255007982254 0.0936255007982254 0.0936255007982254
0.0943786576390266 0.0943786576390266 0.0943786576390266 0.0943786576390266 0.0943786576390266 0.0943786576390266
0.0936255007982254 0.0936255007982254 0.0936255007982254 0.0936255007982254 0.0936255007982254 0.0936255007982254
0.1020631194114685 0.1020631194114685 0.1020631194114685 0.1020631194114685 0.1020631194114685 0.1020631194114685
0.0936255007982254 0.0936255007982254 0.0936255007982254 0.0936255007982254 0.0936255007982254 0.0936255007982254
0.1030807197093964 0.1030807197093964 0.1030807197093964 0.1030807197093964 0.1030807197093964 0.1030807197093964
0.0936255007982254 0.0936255007982254 0.0936255007982254 0.0936255007982254 0.0936255007982254 0.0936255007982254
0.1001747474074364 0.1001747474074364 0.1001747474074364 0.1001747474074364 0.1001747474074364 0.1001747474074364
0.0936255007982254 0.0936255007982254 0.0936255007982254 0.0936255007982254 0.0936255007982254 0.0936255007982254
0.1009015291929245 0.1009015291929245 0.1009015291929245 0.1009015291929245 0.1009015291929245 0.1009015291929245
0.0936255007982254 0.0936255007982254 0.0936255007982254 0.0936255007982254 0.0936255007982254 0.0936255007982254
0.1026888638734818 0.1026888638734818 0.1026888638734818 0.1026888638734818 0.1026888638734818 0.1026888638734818
0.0936255007982254 0.0936255007982254 0.0936255007982254 0.0936255007982254 0.0936255007982254 0.0936255007982254
0.0970000848174095 0.0970000848174095 0.0970000848174095 0.0970000848174095 0.0970000848174095 0.0970000848174095
0.0958263650536537 0.0958263650536537 0.0958263650536537 0.0958263650536537 0.0958263650536537 0.0958263650536537
0.1011205986142159 0.1011205986142159 0.1011205986142159 0.1011205986142159 0.1011205986142159 0.1011205986142159
0.1001282855868340 0.1001282855868340 0.1001282855868340 0.1001282855868340 0.1001282855868340 0.1001282855868340
0.0941687896847725 0.0941687896847725 0.0941687896847725 0.0941687896847725 0.0941687896847725 0.0941687896847725
0.1056332141160965 0.1056332141160965 0.1056332141160965 0.1056332141160965 0.1056332141160965 0.1056332141160965
0.1009902805089951 0.1009902805089951 0.1009902805089951 0.1009902805089951 0.1009902805089951 0.1009902805089951
0.1062342077493668 0.1062342077493668 0.1062342077493668 0.1062342077493668 0.1062342077493668 0.1062342077493668
0.1021560579538345 0.1021560579538345 0.1021560579538345 0.1021560579538345 0.1021560579538345 0.1021560579538345
0.1051931083202362 0.1051931083202362 0.1051931083202362 0.1051931083202362 0.1051931083202362 0.1051931083202362
0.0992312505841255 0.0992312505841255 0.0992312505841255 0.0992312505841255 0.0992312505841255 0.0992312505841255
0.1050126925110817 0.1050126925110817 0.1050126925110817 0.1050126925110817 0.1050126925110817 0.1050126925110817
0.1000289544463158 0.1000289544463158 0.1000289544463158 0.1000289544463158 0.1000289544463158 0.1000289544463158
0.1051226928830147 0.1051226928830147 0.1051226928830147 0.1051226928830147 0.1051226928830147 0.1051226928830147
0.1017742380499840 0.1017742380499840 0.1017742380499840 0.1017742380499840 0.1017742380499840 0.1017742380499840
0.1016107127070427 0.1016107127070427 0.1016107127070427 0.1016107127070427 0.1016107127070427 0.1016107127070427
0.0969368964433670 0.0969368964433670 0.0969368964433670 0.0969368964433670 0.0969368964433670 0.0969368964433670
0.0936255007982254 0.0936255007982254 0.0936255007982254 0.0936255007982254 0.0936255007982254 0.0936255007982254
0.0959563031792641 0.0959563031792641 0.0959563031792641 0.0959563031792641 0.0959563031792641 0.0959563031792641
0.0943967700004578 0.0943967700004578 0.0943967700004578 0.0943967700004578 0.0943967700004578 0.0943967700004578
0.0936255007982254 0.0936255007982254 0.0936255007982254 0.0936255007982254 0.0936255007982254 0.0936255007982254
0.0998902320861816 0.0998902320861816 0.0998902320861816 0.0998902320861816 0.0998902320861816 0.0998902320861816
0.0936868712306023 0.0936868712306023 0.0936868712306023 0.0936868712306023 0.0936868712306023 0.0936868712306023
0.1011232063174248 0.1011232063174248 0.1011232063174248 0.1011232063174248 0.1011232063174248 0.1011232063174248
0.0937697887420654 0.0937697887420654 0.0937697887420654 0.0937697887420654 0.0937697887420654 0.0937697887420654
0.0994032770395279 0.0994032770395279 0.0994032770395279 0.0994032770395279 0.0994032770395279 0.0994032770395279
0.0936261191964149 0.0936261191964149 0.0936261191964149 0.0936261191964149 0.0936261191964149 0.0936261191964149
0.0992276519536972 0.0992276519536972 0.0992276519536972 0.0992276519536972 0.0992276519536972 0.0992276519536972
0.0936290100216866 0.0936290100216866 0.0936290100216866 0.0936290100216866 0.0936290100216866 0.0936290100216866
0.0999461188912392 0.0999461188912392 0.0999461188912392 0.0999461188912392 0.0999461188912392 0.0999461188912392
0.0937080383300781 0.0937080383300781 0.0937080383300781 0.0937080383300781 0.0937080383300781 0.0937080383300781
0.0958287194371223 0.0958287194371223 0.0958287194371223 0.0958287194371223 0.0958287194371223 0.0958287194371223
0.0936255007982254 0.0936255007982254 0.0936255007982254 0.0936255007982254 0.0936255007982254 0.0936255007982254
0.0936255007982254 0.0936255007982254 0.0936255007982254 0.0936255007982254 0.0936255007982254 0.0936255007982254
0.0936255007982254 0.0936255007982254 0.0936255007982254 0.0936255007982254 0.0936255007982254 0.0936255007982254
0.0936255007982254 0.0936255007982254 0.0936255007982254 0.0936255007982254 0.0936255007982254 0.0936255007982254
0.0968159437179565 0.0968159437179565 0.0968159437179565 0.0968159437179565 0.0968159437179565 0.0968159437179565
0.0936255007982254 0.0936255007982254 0.0936255007982254 0.0936255007982254 0.0936255007982254 0.0936255007982254
0.1029269620776176 0.1029269620776176 0.1029269620776176 0.1029269620776176 0.1029269620776176 0.1029269620776176
0.0936270356178284 0.0936270356178284 0.0936270356178284 0.0936270356178284 0.0936270356178284 0.0936270356178284
0.1039209291338921 0.1039209291338921 0.1039209291338921 0.1039209291338921 0.1039209291338921 0.1039209291338921
0.0936255007982254 0.0936255007982254 0.0936255007982254 0.0936255007982254 0.0936255007982254 0.0936255007982254
0.1009556427598000 0.1009556427598000 0.1009556427598000 0.1009556427598000 0.1009556427598000 0.1009556427598000
0.0936255007982254 0.0936255007982254 0.0936255007982254 0.0936255007982254 0.0936255007982254 0.0936255007982254
0.1016850471496582 0.1016850471496582 0.1016850471496582 0.1016850471496582 0.1016850471496582 0.1016850471496582
0.0936255007982254 0.0936255007982254 0.0936255007982254 0.0936255007982254 0.0936255007982254 0.0936255007982254
0.1033935993909836 0.1033935993909836 0.1033935993909836 0.1033935993909836 0.1033935993909836 0.1033935993909836
0.0936255007982254 0.0936255007982254 0.0936255007982254 0.0936255007982254 0.0936255007982254 0.0936255007982254
0.1001231223344803 0.1001231223344803 0.1001231223344803 0.1001231223344803 0.1001231223344803 0.1001231223344803
0.0954790040850639 0.0954790040850639 0.0954790040850639 0.0954790040850639 0.0954790040850639 0.0954790040850639
0.0982730314135551 0.0982730314135551 0.0982730314135551 0.0982730314135551 0.0982730314135551 0.0982730314135551
0.0990229174494743 0.0990229174494743 0.0990229174494743 0.0990229174494743 0.0990229174494743 0.0990229174494743
0.0936535149812698 0.0936535149812698 0.0936535149812698 0.0936535149812698 0.0936535149812698 0.0936535149812698
0.1029526740312576 0.1029526740312576 0.1029526740312576 0.1029526740312576 0.1029526740312576 0.1029526740312576
0.0987586900591850 0.0987586900591850 0.0987586900591850 0.0987586900591850 0.0987586900591850 0.0987586900591850
0.1041072160005569 0.1041072160005569 0.1041072160005569 0.1041072160005569 0.1041072160005569 0.1041072160005569
0.0996084064245224 0.0996084064245224 0.0996084064245224 0.0996084064245224 0.0996084064245224 0.0996084064245224
0.1023467108607292 0.1023467108607292 0.1023467108607292 0.1023467108607292 0.1023467108607292 0.1023467108607292
0.0967644676566124 0.0967644676566124 0.0967644676566124 0.0967644676566124 0.0967644676566124 0.0967644676566124
0.1022497937083244 0.1022497937083244 0.1022497937083244 0.1022497937083244 0.1022497937083244 0.1022497937083244
0.0974436849355698 0.0974436849355698 0.0974436849355698 0.0974436849355698 0.0974436849355698 0.0974436849355698
0.1022739484906197 0.1022739484906197 0.1022739484906197 0.1022739484906197 0.1022739484906197 0.1022739484906197
0.0992304608225822 0.0992304608225822 0.0992304608225822 0.0992304608225822 0.0992304608225822 0.0992304608225822
0.1005182713270187 0.1005182713270187 0.1005182713270187 0.1005182713270187 0.1005182713270187 0.1005182713270187
0.0952405780553818 0.0952405780553818 0.0952405780553818 0.0952405780553818 0.0952405780553818 0.0952405780553818
0.0936722382903099 0.0936722382903099 0.0936722382903099 0.0936722382903099 0.0936722382903099 0.0936722382903099
0.0942842960357666 0.0942842960357666 0.0942842960357666 0.0942842960357666 0.0942842960357666 0.0942842960357666
0.0936626419425011 0.0936626419425011 0.0936626419425011 0.0936626419425011 0.0936626419425011 0.0936626419425011
0.0936529412865639 0.0936529412865639 0.0936529412865639 0.0936529412865639 0.0936529412865639 0.0936529412865639
0.0980826765298843 0.0980826765298843 0.0980826765298843 0.0980826765298843 0.0980826765298843 0.0980826765298843
0.0961988344788551 0.0961988344788551 0.0961988344788551 0.0961988344788551 0.0961988344788551 0.0961988344788551
0.0993199348449707 0.0993199348449707 0.0993199348449707 0.0993199348449707 0.0993199348449707 0.0993199348449707
0.0973189026117325 0.0973189026117325 0.0973189026117325 0.0973189026117325 0.0973189026117325 0.0973189026117325
0.0974982604384422 0.0974982604384422 0.0974982604384422 0.0974982604384422 0.0974982604384422 0.0974982604384422
0.0947427973151207 0.0947427973151207 0.0947427973151207 0.0947427973151207 0.0947427973151207 0.0947427973151207
0.0973678603768349 0.0973678603768349 0.0973678603768349 0.0973678603768349 0.0973678603768349 0.0973678603768349
0.0957644134759903 0.0957644134759903 0.0957644134759903 0.0957644134759903 0.0957644134759903 0.0957644134759903
0.0982950329780579 0.0982950329780579 0.0982950329780579 0.0982950329780579 0.0982950329780579 0.0982950329780579
0.0969693437218666 0.0969693437218666 0.0969693437218666 0.0969693437218666 0.0969693437218666 0.0969693437218666
0.0941791832447052 0.0941791832447052 0.0941791832447052 0.0941791832447052 0.0941791832447052 0.0941791832447052
0.0948267355561256 0.0948267355561256 0.0948267355561256 0.0948267355561256 0.0948267355561256 0.0948267355561256
0.0936276912689209 0.0936276912689209 0.0936276912689209 0.0936276912689209 0.0936276912689209 0.0936276912689209
0.0936255007982254 0.0936255007982254 0.0936255007982254 0.0936255007982254 0.0936255007982254 0.0936255007982254
0.0936255007982254 0.0936255007982254 0.0936255007982254 0.0936255007982254 0.0936255007982254 0.0936255007982254
0.0937906354665756 0.0937906354665756 0.0937906354665756 0.0937906354665756 0.0937906354665756 0.0937906354665756
0.0948806330561638 0.0948806330561638 0.0948806330561638 0.0948806330561638 0.0948806330561638 0.0948806330561638
0.0937515720725060 0.0937515720725060 0.0937515720725060 0.0937515720725060 0.0937515720725060 0.0937515720725060
0.0937682688236237 0.0937682688236237 0.0937682688236237 0.0937682688236237 0.0937682688236237 0.0937682688236237
0.0947057381272316 0.0947057381272316 0.0947057381272316 0.0947057381272316 0.0947057381272316 0.0947057381272316
0.0936255007982254 0.0936255007982254 0.0936255007982254 0.0936255007982254 0.0936255007982254 0.0936255007982254
0.9999986886978149 0.9999986886978149 0.9999986886978149 0.9999986886978149 0
0.9999987483024597 0.9999987483024597 0.9999987483024597 0.9999987483024597 0
1.0000004768371582 1.0000004768371582 1.0000004768371582 1.0000004768371582 0
1.0000001192092896 1.0000001192092896 1.0000001192092896 1.0000001192092896 0
0.9999999403953552 0.9999999403953552 0.9999999403953552 0.9999999403953552 0
1.0000004768371582 1.0000004768371582 1.0000004768371582 1.0000004768371582 0
1.0000004768371582 1.0000004768371582 1.0000004768371582 1.0000004768371582 0
0.9999985098838806 0.9999985098838806 0.9999985098838806 0.9999985098838806 0
0.9999987483024597 0.9999987483024597 0.9999987483024597 0.9999987483024597 0
1.0000000000000000 1.0000000000000000 1.0000000000000000 1.0000000000000000 0
1.0000022649765015 1.0000022649765015 1.0000022649765015 1.0000022649765015 0
1.0000011920928955 1.0000011920928955 1.0000011920928955 1.0000011920928955 0
1.0000008344650269 1.0000008344650269 1.0000008344650269 1.0000008344650269 0
1.0000016689300537 1.0000016689300537 1.0000016689300537 1.0000016689300537 0
1.0000023841857910 1.0000023841857910 1.0000023841857910 1.0000023841857910 0
0.9999996423721313 0.9999996423721313 0.9999996423721313 0.9999996423721313 0
0.9999977946281433 0.9999977946281433 0.9999977946281433 0.9999977946281433 0
0.9999993443489075 0.9999993443489075 0.9999993443489075 0.9999993443489075 0
1.0000010728836060 1.0000010728836060 1.0000010728836060 1.0000010728836060 0
1.0000014305114746 1.0000014305114746 1.0000014305114746 1.0000014305114746 0
1.0000007152557373 1.0000007152557373 1.0000007152557373 1.0000007152557373 0
1.0000008344650269 1.0000008344650269 1.0000008344650269 1.0000008344650269 0
1.0000016689300537 1.0000016689300537 1.0000016689300537 1.0000016689300537 0
0.9999989271163940 0.9999989271163940 0.9999989271163940 0.9999989271163940 0
0.9999967813491821 0.9999967813491821 0.9999967813491821 0.9999967813491821 0
0.9999970197677612 0.9999970197677612 0.9999970197677612 0.9999970197677612 0
0.9999993443489075 0.9999993443489075 0.9999993443489075 0.9999993443489075 0
1.0000010728836060 1.0000010728836060 1.0000010728836060 1.0000010728836060 0
1.0000002384185791 1.0000002384185791 1.0000002384185791 1.0000002384185791 0
1.0000001192092896 1.0000001192092896 1.0000001192092896 1.0000001192092896 0
1.0000009536743164 1.0000009536743164 1.0000009536743164 1.0000009536743164 0
0.9999979734420776 0.9999979734420776 0.9999979734420776 0.9999979734420776 0
0.9999966621398926 0.9999966621398926 0.9999966621398926 0.9999966621398926 0
0.9999998211860657 0.9999998211860657 0.9999998211860657 0.9999998211860657 0
0.9999986290931702 0.9999986290931702 0.9999986290931702 0.9999986290931702 0
1.0000004768371582 1.0000004768371582 1.0000004768371582 1.0000004768371582 0
1.0000004768371582 1.0000004768371582 1.0000004768371582 1.0000004768371582 0
1.0000005960464478 1.0000005960464478 1.0000005960464478 1.0000005960464478 0
1.0000014305114746 1.0000014305114746 1.0000014305114746 1.0000014305114746 0
0.9999979734420776 0.9999979734420776 0.9999979734420776 0.9999979734420776 0
0.9999986886978149 0.9999986886978149 0.9999986886978149 0.9999986886978149 0
1.0000047683715820 1.0000047683715820 1.0000047683715820 1.0000047683715820 0
0.9999984502792358 0.9999984502792358 0.9999984502792358 0.9999984502792358 0
0.9999983906745911 0.9999983906745911 0.9999983906745911 0.9999983906745911 0
0.9999999403953552 0.9999999403953552 0.9999999403953552 0.9999999403953552 0
1.0000004768371582 1.0000004768371582 1.0000004768371582 1.0000004768371582 0
1.0000007152557373 1.0000007152557373 1.0000007152557373 1.0000007152557373 0
0.9999984502792358 0.9999984502792358 0.9999984502792358 0.9999984502792358 0
1.0000005960464478 1.0000005960464478 1.0000005960464478 1.0000005960464478 0
1.0000003576278687 1.0000003576278687 1.0000003576278687 1.0000003576278687 0
0.9999974370002747 0.9999974370002747 0.9999974370002747 0.9999974370002747 0
0.9999993443489075 0.9999993443489075 0.9999993443489075 0.9999993443489075 0
0.9999991655349731 0.9999991655349731 0.9999991655349731 0.9999991655349731 0
0.9999995827674866 0.9999995827674866 0.9999995827674866 0.9999995827674866 0
1.0000002384185791 1.0000002384185791 1.0000002384185791 1.0000002384185791 0
1.0000003576278687 1.0000003576278687 1.0000003576278687 1.0000003576278687 0
1.0000001192092896 1.0000001192092896 1.0000001192092896 1.0000001192092896 0
0.9999989271163940 0.9999989271163940 0.9999989271163940 0.9999989271163940 0
1.0000000000000000 1.0000000000000000 1.0000000000000000 1.0000000000000000 0
0.9999994039535522 0.9999994039535522 0.9999994039535522 0.9999994039535522 0
0.9999990463256836 0.9999990463256836 0.9999990463256836 0.9999990463256836 0
0.9999994635581970 0.9999994635581970 0.9999994635581970 0.9999994635581970 0
1.0000002384185791 1.0000002384185791 1.0000002384185791 1.0000002384185791 0
0.9999991059303284 0.9999991059303284 0.9999991059303284 0.9999991059303284 0
0.0999994501471519 0.0999994501471519 0.0999994501471519 0.0999994501471519 0.0999994501471519 0.0999994501471519
0.0999995321035385 0.0999995321035385 0.0999995321035385 0.0999995321035385 0.0999995321035385 0.0999995321035385
0.0999994426965714 0.0999994426965714 0.0999994426965714 0.0999994426965714 0.0999994426965714 0.0999994426965714
0.1000001430511475 0.1000001430511475 0.1000001430511475 0.1000001430511475 0.1000001430511475 0.1000001430511475
0.0999999567866325 0.0999999567866325 0.0999999567866325 0.0999999567866325 0.0999999567866325 0.0999999567866325
0.0999999642372131 0.0999999642372131 0.0999999642372131 0.0999999642372131 0.0999999642372131 0.0999999642372131
0.0999996811151505 0.0999996811151505 0.0999996811151505 0.0999996811151505 0.0999996811151505 0.0999996811151505
0.1000002026557922 0.1000002026557922 0.1000002026557922 0.1000002026557922 0.1000002026557922 0.1000002026557922
0.1000006496906281 0.1000006496906281 0.1000006496906281 0.1000006496906281 0.1000006496906281 0.1000006496906281
0.1000002473592758 0.1000002473592758 0.1000002473592758 0.1000002473592758 0.1000002473592758 0.1000002473592758
0.1000000387430191 0.1000000387430191 0.1000000387430191 0.1000000387430191 0.1000000387430191 0.1000000387430191
0.1000001952052116 0.1000001952052116 0.1000001952052116 0.1000001952052116 0.1000001952052116 0.1000001952052116
0.0999998450279236 0.0999998450279236 0.0999998450279236 0.0999998450279236 0.0999998450279236 0.0999998450279236
0.0999999269843102 0.0999999269843102 0.0999999269843102 0.0999999269843102 0.0999999269843102 0.0999999269843102
0.0999999642372131 0.0999999642372131 0.0999999642372131 0.0999999642372131 0.0999999642372131 0.0999999642372131
0.0999997258186340 0.0999997258186340 0.0999997258186340 0.0999997258186340 0.0999997258186340 0.0999997258186340
0.1000002920627594 0.1000002920627594 0.1000002920627594 0.1000002920627594 0.1000002920627594 0.1000002920627594
0.1000004485249519 0.1000004485249519 0.1000004485249519 0.1000004485249519 0.1000004485249519 0.1000004485249519
0.1000001803040504 0.1000001803040504 0.1000001803040504 0.1000001803040504 0.1000001803040504 0.1000001803040504
0.0999999269843102 0.0999999269843102 0.0999999269843102 0.0999999269843102 0.0999999269843102 0.0999999269843102
0.1000002920627594 0.1000002920627594 0.1000002920627594 0.1000002920627594 0.1000002920627594 0.1000002920627594
0.0999999865889549 0.0999999865889549 0.0999999865889549 0.0999999865889549 0.0999999865889549 0.0999999865889549
0.0999998673796654 0.0999998673796654 0.0999998673796654 0.0999998673796654 0.0999998673796654 0.0999998673796654
0.0999998152256012 0.0999998152256012 0.0999998152256012 0.0999998152256012 0.0999998152256012 0.0999998152256012
0.0999994799494743 0.0999994799494743 0.0999994799494743 0.0999994799494743 0.0999994799494743 0.0999994799494743
0.0999996736645699 0.0999996736645699 0.0999996736645699 0.0999996736645699 0.0999996736645699 0.0999996736645699
0.0999993085861206 0.0999993085861206 0.0999993085861206 0.0999993085861206 0.0999993085861206 0.0999993085861206
0.1000001579523087 0.1000001579523087 0.1000001579523087 0.1000001579523087 0.1000001579523087 0.1000001579523087
0.1000000312924385 0.1000000312924385 0.1000000312924385 0.1000000312924385 0.1000000312924385 0.1000000312924385
0.1000004783272743 0.1000004783272743 0.1000004783272743 0.1000004783272743 0.1000004783272743 0.1000004783272743
0.1000006571412086 0.1000006571412086 0.1000006571412086 0.1000006571412086 0.1000006571412086 0.1000006571412086
0.1000001877546310 0.1000001877546310 0.1000001877546310 0.1000001877546310 0.1000001877546310 0.1000001877546310
0.1000002622604370 0.1000002622604370 0.1000002622604370 0.1000002622604370 0.1000002622604370 0.1000002622604370
0.1000001132488251 0.1000001132488251 0.1000001132488251 0.1000001132488251 0.1000001132488251 0.1000001132488251
0.1000000387430191 0.1000000387430191 0.1000000387430191 0.1000000387430191 0.1000000387430191 0.1000000387430191
0.1000004634261131 0.1000004634261131 0.1000004634261131 0.1000004634261131 0.1000004634261131 0.1000004634261131
0.1000005304813385 0.1000005304813385 0.1000005304813385 0.1000005304813385 0.1000005304813385 0.1000005304813385
0.1000000983476639 0.1000000983476639 0.1000000983476639 0.1000000983476639 0.1000000983476639 0.1000000983476639
0.1000004261732101 0.1000004261732101 0.1000004261732101 0.1000004261732101 0.1000004261732101 0.1000004261732101
0.0999998748302460 0.0999998748302460 0.0999998748302460 0.0999998748302460 0.0999998748302460 0.0999998748302460
0.0999993979930878 0.0999993979930878 0.0999993979930878 0.0999993979930878 0.0999993979930878 0.0999993979930878
0.0999995395541191 0.0999995395541191 0.0999995395541191 0.0999995395541191 0.0999995395541191 0.0999995395541191
0.0999991297721863 0.0999991297721863 0.0999991297721863 0.0999991297721863 0.0999991297721863 0.0999991297721863
0.1000000685453415 0.1000000685453415 0.1000000685453415 0.1000000685453415 0.1000000685453415 0.1000000685453415
0.0999996289610863 0.0999996289610863 0.0999996289610863 0.0999996289610863 0.0999996289610863 0.0999996289610863
0.1000003665685654 0.1000003665685654 0.1000003665685654 0.1000003665685654 0.1000003665685654 0.1000003665685654
0.0999998822808266 0.0999998822808266 0.0999998822808266 0.0999998822808266 0.0999998822808266 0.0999998822808266
0.1000001579523087 0.1000001579523087 0.1000001579523087 0.1000001579523087 0.1000001579523087 0.1000001579523087
0.0999999642372131 0.0999999642372131 0.0999999642372131 0.0999999642372131 0.0999999642372131 0.0999999642372131
0.1000001281499863 0.1000001281499863 0.1000001281499863 0.1000001281499863 0.1000001281499863 0.1000001281499863
0.0999999344348907 0.0999999344348907 0.0999999344348907 0.0999999344348907 0.0999999344348907 0.0999999344348907
0.1000004187226295 0.1000004187226295 0.1000004187226295 0.1000004187226295 0.1000004187226295 0.1000004187226295
0.1000003591179848 0.1000003591179848 0.1000003591179848 0.1000003591179848 0.1000003591179848 0.1000003591179848
0.1000000610947609 0.1000000610947609 0.1000000610947609 0.1000000610947609 0.1000000610947609 0.1000000610947609
0.1000002399086952 0.1000002399086952 0.1000002399086952 0.1000002399086952 0.1000002399086952 0.1000002399086952
0.0999997258186340 0.0999997258186340 0.0999997258186340 0.0999997258186340 0.0999997258186340 0.0999997258186340
0.0999990850687027 0.0999990850687027 0.0999990850687027 0.0999990850687027 0.0999990850687027 0.0999990850687027
0.0999993160367012 0.0999993160367012 0.0999993160367012 0.0999993160367012 0.0999993160367012 0.0999993160367012
0.0999990403652191 0.0999990403652191 0.0999990403652191 0.0999990403652191 0.0999990403652191 0.0999990403652191
0.1000002101063728 0.1000002101063728 0.1000002101063728 0.1000002101063728 0.1000002101063728 0.1000002101063728
0.0999996438622475 0.0999996438622475 0.0999996438622475 0.0999996438622475 0.0999996438622475 0.0999996438622475
0.1000000387430191 0.1000000387430191 0.1000000387430191 0.1000000387430191 0.1000000387430191 0.1000000387430191
0.1000000163912773 0.1000000163912773 0.1000000163912773 0.1000000163912773 0.1000000163912773 0.1000000163912773
0.1000000685453415 0.1000000685453415 0.1000000685453415 0.1000000685453415 0.1000000685453415 0.1000000685453415
0.0999999940395355 0.0999999940395355 0.0999999940395355 0.0999999940395355 0.0999999940395355 0.0999999940395355
0.0999999865889549 0.0999999865889549 0.0999999865889549 0.0999999865889549 0.0999999865889549 0.0999999865889549
0.0999999195337296 0.0999999195337296 0.0999999195337296 0.0999999195337296 0.0999999195337296 0.0999999195337296
0.1000002548098564 0.1000002548098564 0.1000002548098564 0.1000002548098564 0.1000002548098564 0.1000002548098564
0.1000003516674042 0.1000003516674042 0.1000003516674042 0.1000003516674042 0.1000003516674042 0.1000003516674042
0.0999998822808266 0.0999998822808266 0.0999998822808266 0.0999998822808266 0.0999998822808266 0.0999998822808266
0.1000002026557922 0.1000002026557922 0.1000002026557922 0.1000002026557922 0.1000002026557922 0.1000002026557922
0.0999996587634087 0.0999996587634087 0.0999996587634087 0.0999996587634087 0.0999996587634087 0.0999996587634087
0.0999992936849594 0.0999992936849594 0.0999992936849594 0.0999992936849594 0.0999992936849594 0.0999992936849594
0.0999993681907654 0.0999993681907654 0.0999993681907654 0.0999993681907654 0.0999993681907654 0.0999993681907654
0.0999992936849594 0.0999992936849594 0.0999992936849594 0.0999992936849594 0.0999992936849594 0.0999992936849594
0.0999998226761818 0.0999998226761818 0.0999998226761818 0.0999998226761818 0.0999998226761818 0.0999998226761818
0.1000003442168236 0.1000003442168236 0.1000003442168236 0.1000003442168236 0.1000003442168236 0.1000003442168236
0.1000000983476639 0.1000000983476639 0.1000000983476639 0.1000000983476639 0.1000000983476639 0.1000000983476639
0.1000000685453415 0.1000000685453415 0.1000000685453415 0.1000000685453415 0.1000000685453415 0.1000000685453415
0.1000000312924385 0.1000000312924385 0.1000000312924385 0.1000000312924385 0.1000000312924385 0.1000000312924385
0.0999999120831490 0.0999999120831490 0.0999999120831490 0.0999999120831490 0.0999999120831490 0.0999999120831490
0.0999999791383743 0.0999999791383743 0.0999999791383743 0.0999999791383743 0.0999999791383743 0.0999999791383743
0.0999999120831490 0.0999999120831490 0.0999999120831490 0.0999999120831490 0.0999999120831490 0.0999999120831490
0.1000002697110176 0.1000002697110176 0.1000002697110176 0.1000002697110176 0.1000002697110176 0.1000002697110176
0.1000003889203072 0.1000003889203072 0.1000003889203072 0.1000003889203072 0.1000003889203072 0.1000003889203072
0.0999998748302460 0.0999998748302460 0.0999998748302460 0.0999998748302460 0.0999998748302460 0.0999998748302460
0.1000002026557922 0.1000002026557922 0.1000002026557922 0.1000002026557922 0.1000002026557922 0.1000002026557922
0.0999996736645699 0.0999996736645699 0.0999996736645699 0.0999996736645699 0.0999996736645699 0.0999996736645699
0.1000004112720490 0.1000004112720490 0.1000004112720490 0.1000004112720490 0.1000004112720490 0.1000004112720490
0.0999995544552803 0.0999995544552803 0.0999995544552803 0.0999995544552803 0.0999995544552803 0.0999995544552803
0.1000001281499863 0.1000001281499863 0.1000001281499863 0.1000001281499863 0.1000001281499863 0.1000001281499863
0.0999996811151505 0.0999996811151505 0.0999996811151505 0.0999996811151505 0.0999996811151505 0.0999996811151505
0.1000002771615982 0.1000002771615982 0.1000002771615982 0.1000002771615982 0.1000002771615982 0.1000002771615982
0.1000000983476639 0.1000000983476639 0.1000000983476639 0.1000000983476639 0.1000000983476639 0.1000000983476639
0.1000001281499863 0.1000001281499863 0.1000001281499863 0.1000001281499863 0.1000001281499863 0.1000001281499863
0.0999998822808266 0.0999998822808266 0.0999998822808266 0.0999998822808266 0.0999998822808266 0.0999998822808266
0.0999997779726982 0.0999997779726982 0.0999997779726982 0.0999997779726982 0.0999997779726982 0.0999997779726982
0.1000000014901161 0.1000000014901161 0.1000000014901161 0.1000000014901161 0.1000000014901161 0.1000000014901161
0.0999997854232788 0.0999997854232788 0.0999997854232788 0.0999997854232788 0.0999997854232788 0.0999997854232788
0.1000002920627594 0.1000002920627594 0.1000002920627594 0.1000002920627594 0.1000002920627594 0.1000002920627594
0.1000002771615982 0.1000002771615982 0.1000002771615982 0.1000002771615982 0.1000002771615982 0.1000002771615982
0.0999999344348907 0.0999999344348907 0.0999999344348907 0.0999999344348907 0.0999999344348907 0.0999999344348907
0.1000000610947609 0.1000000610947609 0.1000000610947609 0.1000000610947609 0.1000000610947609 0.1000000610947609
0.0999998450279236 0.0999998450279236 0.0999998450279236 0.0999998450279236 0.0999998450279236 0.0999998450279236
0.1000000014901161 0.1000000014901161 0.1000000014901161 0.1000000014901161 0.1000000014901161 0.1000000014901161
0.1000000089406967 0.1000000089406967 0.1000000089406967 0.1000000089406967 0.1000000089406967 0.1000000089406967
0.0999998003244400 0.0999998003244400 0.0999998003244400 0.0999998003244400 0.0999998003244400 0.0999998003244400
0.0999997705221176 0.0999997705221176 0.0999997705221176 0.0999997705221176 0.0999997705221176 0.0999997705221176
0.0999997630715370 0.0999997630715370 0.0999997630715370 0.0999997630715370 0.0999997630715370 0.0999997630715370
0.0999998673796654 0.0999998673796654 0.0999998673796654 0.0999998673796654 0.0999998673796654 0.0999998673796654
0.0999999567866325 0.0999999567866325 0.0999999567866325 0.0999999567866325 0.0999999567866325 0.0999999567866325
0.0999998226761818 0.0999998226761818 0.0999998226761818 0.0999998226761818 0.0999998226761818 0.0999998226761818
0.0999997407197952 0.0999997407197952 0.0999997407197952 0.0999997407197952 0.0999997407197952 0.0999997407197952
0.0999997928738594 0.0999997928738594 0.0999997928738594 0.0999997928738594 0.0999997928738594 0.0999997928738594
0.0999996140599251 0.0999996140599251 0.0999996140599251 0.0999996140599251 0.0999996140599251 0.0999996140599251
0.1000001132488251 0.1000001132488251 0.1000001132488251 0.1000001132488251 0.1000001132488251 0.1000001132488251
0.1000000983476639 0.1000000983476639 0.1000000983476639 0.1000000983476639 0.1000000983476639 0.1000000983476639
0.0999999940395355 0.0999999940395355 0.0999999940395355 0.0999999940395355 0.0999999940395355 0.0999999940395355
0.0999999269843102 0.0999999269843102 0.0999999269843102 0.0999999269843102 0.0999999269843102 0.0999999269843102
0.0999998897314072 0.0999998897314072 0.0999998897314072 0.0999998897314072 0.0999998897314072 0.0999998897314072
0.1000000834465027 0.1000000834465027 0.1000000834465027 0.1000000834465027 0.1000000834465027 0.1000000834465027
0.1000000834465027 0.1000000834465027 0.1000000834465027 0.1000000834465027 0.1000000834465027 0.1000000834465027
0.0999998152256012 0.0999998152256012 0.0999998152256012 0.0999998152256012 0.0999998152256012 0.0999998152256012
0.0999999940395355 0.0999999940395355 0.0999999940395355 0.0999999940395355 0.0999999940395355 0.0999999940395355
0.0999997556209564 0.0999997556209564 0.0999997556209564 0.0999997556209564 0.0999997556209564 0.0999997556209564
0.0999996885657310 0.0999996885657310 0.0999996885657310 0.0999996885657310 0.0999996885657310 0.0999996885657310
0.1000000461935997 0.1000000461935997 0.1000000461935997 0.1000000461935997 0.1000000461935997 0.1000000461935997
0.0999998375773430 0.0999998375773430 0.0999998375773430 0.0999998375773430 0.0999998375773430 0.0999998375773430
0.9999989867210388 0.9999989867210388 0.9999989867210388 0.9999989867210388 0
1.0000008344650269 1.0000008344650269 1.0000008344650269 1.0000008344650269 0
1.0000009536743164 1.0000009536743164 1.0000009536743164 1.0000009536743164 0
0.9999994039535522 0.9999994039535522 0.9999994039535522 0.9999994039535522 0
1.0000000000000000 1.0000000000000000 1.0000000000000000 1.0000000000000000 0
1.0000008344650269 1.0000008344650269 1.0000008344650269 1.0000008344650269 0
1.0000001192092896 1.0000001192092896 1.0000001192092896 1.0000001192092896 0
0.9999996423721313 0.9999996423721313 0.9999996423721313 0.9999996423721313 0
0.9999998807907104 0.9999998807907104 0.9999998807907104 0.9999998807907104 0
1.0000011920928955 1.0000011920928955 1.0000011920928955 1.0000011920928955 0
0.9999976158142090 0.9999976158142090 0.9999976158142090 0.9999976158142090 0
0.9999989867210388 0.9999989867210388 0.9999989867210388 0.9999989867210388 0
0.9999979138374329 0.9999979138374329 0.9999979138374329 0.9999979138374329 0
1.0000017881393433 1.0000017881393433 1.0000017881393433 1.0000017881393433 0
1.0000013113021851 1.0000013113021851 1.0000013113021851 1.0000013113021851 0
1.0000002384185791 1.0000002384185791 1.0000002384185791 1.0000002384185791 0
1.0000005960464478 1.0000005960464478 1.0000005960464478 1.0000005960464478 0
1.0000016689300537 1.0000016689300537 1.0000016689300537 1.0000016689300537 0
1.0000014305114746 1.0000014305114746 1.0000014305114746 1.0000014305114746 0
0.9999994635581970 0.9999994635581970 0.9999994635581970 0.9999994635581970 0
1.0000007152557373 1.0000007152557373 1.0000007152557373 1.0000007152557373 0
1.0000011920928955 1.0000011920928955 1.0000011920928955 1.0000011920928955 0
1.0000022649765015 1.0000022649765015 1.0000022649765015 1.0000022649765015 0
1.0000000000000000 1.0000000000000000 1.0000000000000000 1.0000000000000000 0
0.9999986290931702 0.9999986290931702 0.9999986290931702 0.9999986290931702 0
1.0000004768371582 1.0000004768371582 1.0000004768371582 1.0000004768371582 0
0.9999989867210388 0.9999989867210388 0.9999989867210388 0.9999989867210388 0
1.0000011920928955 1.0000011920928955 1.0000011920928955 1.0000011920928955 0
1.0000001192092896 1.0000001192092896 1.0000001192092896 1.0000001192092896 0
1.0000008344650269 1.0000008344650269 1.0000008344650269 1.0000008344650269 0
1.0000003576278687 1.0000003576278687 1.0000003576278687 1.0000003576278687 0
1.0000002384185791 1.0000002384185791 1.0000002384185791 1.0000002384185791 0
0.9999988675117493 0.9999988675117493 0.9999988675117493 0.9999988675117493 0
0.9999997615814209 0.9999997615814209 0.9999997615814209 0.9999997615814209 0
1.0000005960464478 1.0000005960464478 1.0000005960464478 1.0000005960464478 0
0.9999996423721313 0.9999996423721313 0.9999996423721313 0.9999996423721313 0
1.0000001192092896 1.0000001192092896 1.0000001192092896 1.0000001192092896 0
1.0000007152557373 1.0000007152557373 1.0000007152557373 1.0000007152557373 0
1.0000005960464478 1.0000005960464478 1.0000005960464478 1.0000005960464478 0
0.9999971985816956 0.9999971985816956 0.9999971985816956 0.9999971985816956 0
0.9999982714653015 0.9999982714653015 0.9999982714653015 0.9999982714653015 0
0.9999998211860657 0.9999998211860657 0.9999998211860657 0.9999998211860657 0
0.9999994039535522 0.9999994039535522 0.9999994039535522 0.9999994039535522 0
0.9999997615814209 0.9999997615814209 0.9999997615814209 0.9999997615814209 0
0.9999996423721313 0.9999996423721313 0.9999996423721313 0.9999996423721313 0
1.0000002384185791 1.0000002384185791 1.0000002384185791 1.0000002384185791 0
1.0000002384185791 1.0000002384185791 1.0000002384185791 1.0000002384185791 0
0.9999997019767761 0.9999997019767761 0.9999997019767761 0.9999997019767761 0
0.9999993443489075 0.9999993443489075 0.9999993443489075 0.9999993443489075 0
0.9999989867210388 0.9999989867210388 0.9999989867210388 0.9999989867210388 0
1.0000001192092896 1.0000001192092896 1.0000001192092896 1.0000001192092896 0
0.9999988675117493 0.9999988675117493 0.9999988675117493 0.9999988675117493 0
1.0000002384185791 1.0000002384185791 1.0000002384185791 1.0000002384185791 0
1.0000005960464478 1.0000005960464478 1.0000005960464478 1.0000005960464478 0
1.0000005960464478 1.0000005960464478 1.0000005960464478 1.0000005960464478 0
1.0000000000000000 1.0000000000000000 1.0000000000000000 1.0000000000000000 0
1.0000007152557373 1.0000007152557373 1.0000007152557373 1.0000007152557373 0
0.9999991655349731 0.9999991655349731 0.9999991655349731 0.9999991655349731 0
0.9999998807907104 0.9999998807907104 0.9999998807907104 0.9999998807907104 0
0.9999970197677612 0.9999970197677612 0.9999970197677612 0.9999970197677612 0
0.9999995827674866 0.9999995827674866 0.9999995827674866 0.9999995827674866 0
0.9999988675117493 0.9999988675117493 0.9999988675117493 0.9999988675117493 0
1.0000002384185791 1.0000002384185791 1.0000002384185791 1.0000002384185791 0
1.0000011920928955 1.0000011920928955 1.0000011920928955 1.0000011920928955 0
0.0999998003244400 0.0999998003244400 0.0999998003244400 0.0999998003244400 0.0999998003244400 0.0999998003244400
0.0999998822808266 0.0999998822808266 0.0999998822808266 0.0999998822808266 0.0999998822808266 0.0999998822808266
0.0999999195337296 0.0999999195337296 0.0999999195337296 0.0999999195337296 0.0999999195337296 0.0999999195337296
0.1000000983476639 0.1000000983476639 0.1000000983476639 0.1000000983476639 0.1000000983476639 0.1000000983476639
0.1000000089406967 0.1000000089406967 0.1000000089406967 0.1000000089406967 0.1000000089406967 0.1000000089406967
0.1000001057982445 0.1000001057982445 0.1000001057982445 0.1000001057982445 0.1000001057982445 0.1000001057982445
0.0999998301267624 0.0999998301267624 0.0999998301267624 0.0999998301267624 0.0999998301267624 0.0999998301267624
0.1000000908970833 0.1000000908970833 0.1000000908970833 0.1000000908970833 0.1000000908970833 0.1000000908970833
0.1000000834465027 0.1000000834465027 0.1000000834465027 0.1000000834465027 0.1000000834465027 0.1000000834465027
0.1000000014901161 0.1000000014901161 0.1000000014901161 0.1000000014901161 0.1000000014901161 0.1000000014901161
0.1000000089406967 0.1000000089406967 0.1000000089406967 0.1000000089406967 0.1000000089406967 0.1000000089406967
0.0999997481703758 0.0999997481703758 0.0999997481703758 0.0999997481703758 0.0999997481703758 0.0999997481703758
0.0999995917081833 0.0999995917081833 0.0999995917081833 0.0999995917081833 0.0999995917081833 0.0999995917081833
0.0999999344348907 0.0999999344348907 0.0999999344348907 0.0999999344348907 0.0999999344348907 0.0999999344348907
0.1000000461935997 0.1000000461935997 0.1000000461935997 0.1000000461935997 0.1000000461935997 0.1000000461935997
0.0999999865889549 0.0999999865889549 0.0999999865889549 0.0999999865889549 0.0999999865889549 0.0999999865889549
0.0999998897314072 0.0999998897314072 0.0999998897314072 0.0999998897314072 0.0999998897314072 0.0999998897314072
0.1000002250075340 0.1000002250075340 0.1000002250075340 0.1000002250075340 0.1000002250075340 0.1000002250075340
0.0999998897314072 0.0999998897314072 0.0999998897314072 0.0999998897314072 0.0999998897314072 0.0999998897314072
0.1000000461935997 0.1000000461935997 0.1000000461935997 0.1000000461935997 0.1000000461935997 0.1000000461935997
0.1000002399086952 0.1000002399086952 0.1000002399086952 0.1000002399086952 0.1000002399086952 0.1000002399086952
0.0999999269843102 0.0999999269843102 0.0999999269843102 0.0999999269843102 0.0999999269843102 0.0999999269843102
0.1000000089406967 0.1000000089406967 0.1000000089406967 0.1000000089406967 0.1000000089406967 0.1000000089406967
0.1000002101063728 0.1000002101063728 0.1000002101063728 0.1000002101063728 0.1000002101063728 0.1000002101063728
0.1000002697110176 0.1000002697110176 0.1000002697110176 0.1000002697110176 0.1000002697110176 0.1000002697110176
0.1000002026557922 0.1000002026557922 0.1000002026557922 0.1000002026557922 0.1000002026557922 0.1000002026557922
0.1000000014901161 0.1000000014901161 0.1000000014901161 0.1000000014901161 0.1000000014901161 0.1000000014901161
0.0999997630715370 0.0999997630715370 0.0999997630715370 0.0999997630715370 0.0999997630715370 0.0999997630715370
0.1000002324581146 0.1000002324581146 0.1000002324581146 0.1000002324581146 0.1000002324581146 0.1000002324581146
0.0999999716877937 0.0999999716877937 0.0999999716877937 0.0999999716877937 0.0999999716877937 0.0999999716877937
0.0999997556209564 0.0999997556209564 0.0999997556209564 0.0999997556209564 0.0999997556209564 0.0999997556209564
0.0999999269843102 0.0999999269843102 0.0999999269843102 0.0999999269843102 0.0999999269843102 0.0999999269843102
0.1000000685453415 0.1000000685453415 0.1000000685453415 0.1000000685453415 0.1000000685453415 0.1000000685453415
0.0999997034668922 0.0999997034668922 0.0999997034668922 0.0999997034668922 0.0999997034668922 0.0999997034668922
0.0999998003244400 0.0999998003244400 0.0999998003244400 0.0999998003244400 0.0999998003244400 0.0999998003244400
0.1000004261732101 0.1000004261732101 0.1000004261732101 0.1000004261732101 0.1000004261732101 0.1000004261732101
0.1000002920627594 0.1000002920627594 0.1000002920627594 0.1000002920627594 0.1000002920627594 0.1000002920627594
0.1000003814697266 0.1000003814697266 0.1000003814697266 0.1000003814697266 0.1000003814697266 0.1000003814697266
0.1000003665685654 0.1000003665685654 0.1000003665685654 0.1000003665685654 0.1000003665685654 0.1000003665685654
0.1000002622604370 0.1000002622604370 0.1000002622604370 0.1000002622604370 0.1000002622604370 0.1000002622604370
0.1000006422400475 0.1000006422400475 0.1000006422400475 0.1000006422400475 0.1000006422400475 0.1000006422400475
0.1000002399086952 0.1000002399086952 0.1000002399086952 0.1000002399086952 0.1000002399086952 0.1000002399086952
0.1000000461935997 0.1000000461935997 0.1000000461935997 0.1000000461935997 0.1000000461935997 0.1000000461935997
0.1000005155801773 0.1000005155801773 0.1000005155801773 0.1000005155801773 0.1000005155801773 0.1000005155801773
0.1000003367662430 0.1000003367662430 0.1000003367662430 0.1000003367662430 0.1000003367662430 0.1000003367662430
0.0999998375773430 0.0999998375773430 0.0999998375773430 0.0999998375773430 0.0999998375773430 0.0999998375773430
0.0999998748302460 0.0999998748302460 0.0999998748302460 0.0999998748302460 0.0999998748302460 0.0999998748302460
0.0999998897314072 0.0999998897314072 0.0999998897314072 0.0999998897314072 0.0999998897314072 0.0999998897314072
0.1000000461935997 0.1000000461935997 0.1000000461935997 0.1000000461935997 0.1000000461935997 0.1000000461935997
0.1000002995133400 0.1000002995133400 0.1000002995133400 0.1000002995133400 0.1000002995133400 0.1000002995133400
0.1000000461935997 0.1000000461935997 0.1000000461935997 0.1000000461935997 0.1000000461935997 0.1000000461935997
0.1000007465481758 0.1000007465481758 0.1000007465481758 0.1000007465481758 0.1000007465481758 0.1000007465481758
0.1000004038214684 0.1000004038214684 0.1000004038214684 0.1000004038214684 0.1000004038214684 0.1000004038214684
0.1000004410743713 0.1000004410743713 0.1000004410743713 0.1000004410743713 0.1000004410743713 0.1000004410743713
0.1000004485249519 0.1000004485249519 0.1000004485249519 0.1000004485249519 0.1000004485249519 0.1000004485249519
0.1000000685453415 0.1000000685453415 0.1000000685453415 0.1000000685453415 0.1000000685453415 0.1000000685453415
0.1000000089406967 0.1000000089406967 0.1000000089406967 0.1000000089406967 0.1000000089406967 0.1000000089406967
0.0999997705221176 0.0999997705221176 0.0999997705221176 0.0999997705221176 0.0999997705221176 0.0999997705221176
0.0999997183680534 0.0999997183680534 0.0999997183680534 0.0999997183680534 0.0999997183680534 0.0999997183680534
0.0999999418854713 0.0999999418854713 0.0999999418854713 0.0999999418854713 0.0999999418854713 0.0999999418854713
0.1000000759959221 0.1000000759959221 0.1000000759959221 0.1000000759959221 0.1000000759959221 0.1000000759959221
0.1000000163912773 0.1000000163912773 0.1000000163912773 0.1000000163912773 0.1000000163912773 0.1000000163912773
0.0999999791383743 0.0999999791383743 0.0999999791383743 0.0999999791383743 0.0999999791383743 0.0999999791383743
0.1000000387430191 0.1000000387430191 0.1000000387430191 0.1000000387430191 0.1000000387430191 0.1000000387430191
0.1000000610947609 0.1000000610947609 0.1000000610947609 0.1000000610947609 0.1000000610947609 0.1000000610947609
0.0999999418854713 0.0999999418854713 0.0999999418854713 0.0999999418854713 0.0999999418854713 0.0999999418854713
0.0999998152256012 0.0999998152256012 0.0999998152256012 0.0999998152256012 0.0999998152256012 0.0999998152256012
0.1000001952052116 0.1000001952052116 0.1000001952052116 0.1000001952052116 0.1000001952052116 0.1000001952052116
0.1000001654028893 0.1000001654028893 0.1000001654028893 0.1000001654028893 0.1000001654028893 0.1000001654028893
0.0999999791383743 0.0999999791383743 0.0999999791383743 0.0999999791383743 0.0999999791383743 0.0999999791383743
0.1000001206994057 0.1000001206994057 0.1000001206994057 0.1000001206994057 0.1000001206994057 0.1000001206994057
0.0999996587634087 0.0999996587634087 0.0999996587634087 0.0999996587634087 0.0999996587634087 0.0999996587634087
0.0999998748302460 0.0999998748302460 0.0999998748302460 0.0999998748302460 0.0999998748302460 0.0999998748302460
0.0999996215105057 0.0999996215105057 0.0999996215105057 0.0999996215105057 0.0999996215105057 0.0999996215105057
0.0999996066093445 0.0999996066093445 0.0999996066093445 0.0999996066093445 0.0999996066093445 0.0999996066093445
0.1000001206994057 0.1000001206994057 0.1000001206994057 0.1000001206994057 0.1000001206994057 0.1000001206994057
0.0999999195337296 0.0999999195337296 0.0999999195337296 0.0999999195337296 0.0999999195337296 0.0999999195337296
0.1000001430511475 0.1000001430511475 0.1000001430511475 0.1000001430511475 0.1000001430511475 0.1000001430511475
0.1000001057982445 0.1000001057982445 0.1000001057982445 0.1000001057982445 0.1000001057982445 0.1000001057982445
0.0999997630715370 0.0999997630715370 0.0999997630715370 0.0999997630715370 0.0999997630715370 0.0999997630715370
0.0999998524785042 0.0999998524785042 0.0999998524785042 0.0999998524785042 0.0999998524785042 0.0999998524785042
0.0999998599290848 0.0999998599290848 0.0999998599290848 0.0999998599290848 0.0999998599290848 0.0999998599290848
0.0999997481703758 0.0999997481703758 0.0999997481703758 0.0999997481703758 0.0999997481703758 0.0999997481703758
0.1000000834465027 0.1000000834465027 0.1000000834465027 0.1000000834465027 0.1000000834465027 0.1000000834465027
0.1000000610947609 0.1000000610947609 0.1000000610947609 0.1000000610947609 0.1000000610947609 0.1000000610947609
0.0999998152256012 0.0999998152256012 0.0999998152256012 0.0999998152256012 0.0999998152256012 0.0999998152256012
0.1000000089406967 0.1000000089406967 0.1000000089406967 0.1000000089406967 0.1000000089406967 0.1000000089406967
0.0999998748302460 0.0999998748302460 0.0999998748302460 0.0999998748302460 0.0999998748302460 0.0999998748302460
0.1000000685453415 0.1000000685453415 0.1000000685453415 0.1000000685453415 0.1000000685453415 0.1000000685453415
0.0999998524785042 0.0999998524785042 0.0999998524785042 0.0999998524785042 0.0999998524785042 0.0999998524785042
0.0999998450279236 0.0999998450279236 0.0999998450279236 0.0999998450279236 0.0999998450279236 0.0999998450279236
0.1000001356005669 0.1000001356005669 0.1000001356005669 0.1000001356005669 0.1000001356005669 0.1000001356005669
0.1000000759959221 0.1000000759959221 0.1000000759959221 0.1000000759959221 0.1000000759959221 0.1000000759959221
0.1000000238418579 0.1000000238418579 0.1000000238418579 0.1000000238418579 0.1000000238418579 0.1000000238418579
0.1000000908970833 0.1000000908970833 0.1000000908970833 0.1000000908970833 0.1000000908970833 0.1000000908970833
0.1000000759959221 0.1000000759959221 0.1000000759959221 0.1000000759959221 0.1000000759959221 0.1000000759959221
0.0999999642372131 0.0999999642372131 0.0999999642372131 0.0999999642372131 0.0999999642372131 0.0999999642372131
0.1000002175569534 0.1000002175569534 0.1000002175569534 0.1000002175569534 0.1000002175569534 0.1000002175569534
0.0999999940395355 0.0999999940395355 0.0999999940395355 0.0999999940395355 0.0999999940395355 0.0999999940395355
0.1000003591179848 0.1000003591179848 0.1000003591179848 0.1000003591179848 0.1000003591179848 0.1000003591179848
0.1000002697110176 0.1000002697110176 0.1000002697110176 0.1000002697110176 0.1000002697110176 0.1000002697110176
0.1000000536441803 0.1000000536441803 0.1000000536441803 0.1000000536441803 0.1000000536441803 0.1000000536441803
0.1000001877546310 0.1000001877546310 0.1000001877546310 0.1000001877546310 0.1000001877546310 0.1000001877546310
0.0999999418854713 0.0999999418854713 0.0999999418854713 0.0999999418854713 0.0999999418854713 0.0999999418854713
0.0999998450279236 0.0999998450279236 0.0999998450279236 0.0999998450279236 0.0999998450279236 0.0999998450279236
0.1000000089406967 0.1000000089406967 0.1000000089406967 0.1000000089406967 0.1000000089406967 0.1000000089406967
0.1000000834465027 0.1000000834465027 0.1000000834465027 0.1000000834465027 0.1000000834465027 0.1000000834465027
0.0999998748302460 0.0999998748302460 0.0999998748302460 0.0999998748302460 0.0999998748302460 0.0999998748302460
0.0999998077750206 0.0999998077750206 0.0999998077750206 0.0999998077750206 0.0999998077750206 0.0999998077750206
0.0999997481703758 0.0999997481703758 0.0999997481703758 0.0999997481703758 0.0999997481703758 0.0999997481703758
0.0999998971819878 0.0999998971819878 0.0999998971819878 0.0999998971819878 0.0999998971819878 0.0999998971819878
0.0999998077750206 0.0999998077750206 0.0999998077750206 0.0999998077750206 0.0999998077750206 0.0999998077750206
0.0999995991587639 0.0999995991587639 0.0999995991587639 0.0999995991587639 0.0999995991587639 0.0999995991587639
0.1000000163912773 0.1000000163912773 0.1000000163912773 0.1000000163912773 0.1000000163912773 0.1000000163912773
0.0999998375773430 0.0999998375773430 0.0999998375773430 0.0999998375773430 0.0999998375773430 0.0999998375773430
0.1000000983476639 0.1000000983476639 0.1000000983476639 0.1000000983476639 0.1000000983476639 0.1000000983476639
0.0999999865889549 0.0999999865889549 0.0999999865889549 0.0999999865889549 0.0999999865889549 0.0999999865889549
0.0999999120831490 0.0999999120831490 0.0999999120831490 0.0999999120831490 0.0999999120831490 0.0999999120831490
0.1000000461935997 0.1000000461935997 0.1000000461935997 0.1000000461935997 0.1000000461935997 0.1000000461935997
0.0999998673796654 0.0999998673796654 0.0999998673796654 0.0999998673796654 0.0999998673796654 0.0999998673796654
0.1000000685453415 0.1000000685453415 0.1000000685453415 0.1000000685453415 0.1000000685453415 0.1000000685453415
0.0999999865889549 0.0999999865889549 0.0999999865889549 0.0999999865889549 0.0999999865889549 0.0999999865889549
0.0999998748302460 0.0999998748302460 0.0999998748302460 0.0999998748302460 0.0999998748302460 0.0999998748302460
0.0999996885657310 0.0999996885657310 0.0999996885657310 0.0999996885657310 0.0999996885657310 0.0999996885657310
0.0999996960163116 0.0999996960163116 0.0999996960163116 0.0999996960163116 0.0999996960163116 0.0999996960163116
0.0999998524785042 0.0999998524785042 0.0999998524785042 0.0999998524785042 0.0999998524785042 0.0999998524785042
0.0999999120831490 0.0999999120831490 0.0999999120831490 0.0999999120831490 0.0999999120831490 0.0999999120831490
0.1000001877546310 0.1000001877546310 0.1000001877546310 0.1000001877546310 0.1000001877546310 0.1000001877546310
0.9999746680259705 0.9999746680259705 0.9999746680259705 0.9999746680259705 0
0.9999899268150330 0.9999899268150330 0.9999899268150330 0.9999899268150330 0
1.0000178813934326 1.0000178813934326 1.0000178813934326 1.0000178813934326 0
1.0000019073486328 1.0000019073486328 1.0000019073486328 1.0000019073486328 0
0.9999914169311523 0.9999914169311523 0.9999914169311523 0.9999914169311523 0
1.0000135898590088 1.0000135898590088 1.0000135898590088 1.0000135898590088 0
1.0000032186508179 1.0000032186508179 1.0000032186508179 1.0000032186508179 0
0.9999994039535522 0.9999994039535522 0.9999994039535522 0.9999994039535522 0
0.9999756813049316 0.9999756813049316 0.9999756813049316 0.9999756813049316 0
0.9999973177909851 0.9999973177909851 0.9999973177909851 0.9999973177909851 0
1.0000244379043579 1.0000244379043579 1.0000244379043579 1.0000244379043579 0
1.0000070333480835 1.0000070333480835 1.0000070333480835 1.0000070333480835 0
0.9999929070472717 0.9999929070472717 0.9999929070472717 0.9999929070472717 0
1.0000151395797729 1.0000151395797729 1.0000151395797729 1.0000151395797729 0
1.0000057220458984 1.0000057220458984 1.0000057220458984 1.0000057220458984 0
1.0000002384185791 1.0000002384185791 1.0000002384185791 1.0000002384185791 0
0.9999738335609436 0.9999738335609436 0.9999738335609436 0.9999738335609436 0
0.9999953508377075 0.9999953508377075 0.9999953508377075 0.9999953508377075 0
1.0000220537185669 1.0000220537185669 1.0000220537185669 1.0000220537185669 0
1.0000048875808716 1.0000048875808716 1.0000048875808716 1.0000048875808716 0
0.9999927878379822 0.9999927878379822 0.9999927878379822 0.9999927878379822 0
1.0000172853469849 1.0000172853469849 1.0000172853469849 1.0000172853469849 0
1.0000071525573730 1.0000071525573730 1.0000071525573730 1.0000071525573730 0
0.9999990463256836 0.9999990463256836 0.9999990463256836 0.9999990463256836 0
0.9999691247940063 0.9999691247940063 0.9999691247940063 0.9999691247940063 0
0.9999867081642151 0.9999867081642151 0.9999867081642151 0.9999867081642151 0
0.9999923706054688 0.9999923706054688 0.9999923706054688 0.9999923706054688 0
1.0000050067901611 1.0000050067901611 1.0000050067901611 1.0000050067901611 0
0.9999901652336121 0.9999901652336121 0.9999901652336121 0.9999901652336121 0
1.0000122785568237 1.0000122785568237 1.0000122785568237 1.0000122785568237 0
1.0000019073486328 1.0000019073486328 1.0000019073486328 1.0000019073486328 0
0.9999960064888000 0.9999960064888000 0.9999960064888000 0.9999960064888000 0
0.9999715685844421 0.9999715685844421 0.9999715685844421 0.9999715685844421 0
0.9999870061874390 0.9999870061874390 0.9999870061874390 0.9999870061874390 0
1.0000160932540894 1.0000160932540894 1.0000160932540894 1.0000160932540894 0
1.0000027418136597 1.0000027418136597 1.0000027418136597 1.0000027418136597 0
0.9999892115592957 0.9999892115592957 0.9999892115592957 0.9999892115592957 0
1.0000126361846924 1.0000126361846924 1.0000126361846924 1.0000126361846924 0
1.0000011920928955 1.0000011920928955 1.0000011920928955 1.0000011920928955 0
0.9999972581863403 0.9999972581863403 0.9999972581863403 0.9999972581863403 0
0.9999726414680481 0.9999726414680481 0.9999726414680481 0.9999726414680481 0
1.0000044107437134 1.0000044107437134 1.0000044107437134 1.0000044107437134 0
0.9999745488166809 0.9999745488166809 0.9999745488166809 0.9999745488166809 0
1.0000035762786865 1.0000035762786865 1.0000035762786865 1.0000035762786865 0
0.9999929666519165 0.9999929666519165 0.9999929666519165 0.9999929666519165 0
1.0000163316726685 1.0000163316726685 1.0000163316726685 1.0000163316726685 0
1.0000042915344238 1.0000042915344238 1.0000042915344238 1.0000042915344238 0
0.9999965429306030 0.9999965429306030 0.9999965429306030 0.9999965429306030 0
1.0000109672546387 1.0000109672546387 1.0000109672546387 1.0000109672546387 0
0.9999819397926331 0.9999819397926331 0.9999819397926331 0.9999819397926331 0
1.0000112056732178 1.0000112056732178 1.0000112056732178 1.0000112056732178 0
0.9999964833259583 0.9999964833259583 0.9999964833259583 0.9999964833259583 0
0.9999867677688599 0.9999867677688599 0.9999867677688599 0.9999867677688599 0
1.0000101327896118 1.0000101327896118 1.0000101327896118 1.0000101327896118 0
0.9999982714653015 0.9999982714653015 0.9999982714653015 0.9999982714653015 0
0.9999942779541016 0.9999942779541016 0.9999942779541016 0.9999942779541016 0
0.9999988675117493 0.9999988675117493 0.9999988675117493 0.9999988675117493 0
0.9999889731407166 0.9999889731407166 0.9999889731407166 0.9999889731407166 0
1.0000060796737671 1.0000060796737671 1.0000060796737671 1.0000060796737671 0
0.9999912977218628 0.9999912977218628 0.9999912977218628 0.9999912977218628 0
0.9999823570251465 0.9999823570251465 0.9999823570251465 0.9999823570251465 0
1.0000051259994507 1.0000051259994507 1.0000051259994507 1.0000051259994507 0
0.9999932050704956 0.9999932050704956 0.9999932050704956 0.9999932050704956 0
0.9999935626983643 0.9999935626983643 0.9999935626983643 0.9999935626983643 0
0.0999985039234161 0.0999985039234161 0.0999985039234161 0.0999985039234161 0.0999985039234161 0.0999985039234161
0.0999982804059982 0.0999982804059982 0.0999982804059982 0.0999982804059982 0.0999982804059982 0.0999982804059982
0.0999965369701385 0.0999965369701385 0.0999965369701385 0.0999965369701385 0.0999965369701385 0.0999965369701385
0.1000004559755325 0.1000004559755325 0.1000004559755325 0.1000004559755325 0.1000004559755325 0.1000004559755325
0.1000012755393982 0.1000012755393982 0.1000012755393982 0.1000012755393982 0.1000012755393982 0.1000012755393982
0.0999977514147758 0.0999977514147758 0.0999977514147758 0.0999977514147758 0.0999977514147758 0.0999977514147758
0.0999986678361893 0.0999986678361893 0.0999986678361893 0.0999986678361893 0.0999986678361893 0.0999986678361893
0.1000008881092072 0.1000008881092072 0.1000008881092072 0.1000008881092072 0.1000008881092072 0.1000008881092072
0.1000017002224922 0.1000017002224922 0.1000017002224922 0.1000017002224922 0.1000017002224922 0.1000017002224922
0.1000013723969460 0.1000013723969460 0.1000013723969460 0.1000013723969460 0.1000013723969460 0.1000013723969460
0.0999993532896042 0.0999993532896042 0.0999993532896042 0.0999993532896042 0.0999993532896042 0.0999993532896042
0.1000005900859833 0.1000005900859833 0.1000005900859833 0.1000005900859833 0.1000005900859833 0.1000005900859833
0.1000002697110176 0.1000002697110176 0.1000002697110176 0.1000002697110176 0.1000002697110176 0.1000002697110176
0.1000009551644325 0.1000009551644325 0.1000009551644325 0.1000009551644325 0.1000009551644325 0.1000009551644325
0.0999989360570908 0.0999989360570908 0.0999989360570908 0.0999989360570908 0.0999989360570908 0.0999989360570908
0.0999985337257385 0.0999985337257385 0.0999985337257385 0.0999985337257385 0.0999985337257385 0.0999985337257385
0.1000006720423698 0.1000006720423698 0.1000006720423698 0.1000006720423698 0.1000006720423698 0.1000006720423698
0.1000012159347534 0.1000012159347534 0.1000012159347534 0.1000012159347534 0.1000012159347534 0.1000012159347534
0.1000009179115295 0.1000009179115295 0.1000009179115295 0.1000009179115295 0.1000009179115295 0.1000009179115295
0.1000002101063728 0.1000002101063728 0.1000002101063728 0.1000002101063728 0.1000002101063728 0.1000002101063728
0.1000006645917892 0.1000006645917892 0.1000006645917892 0.1000006645917892 0.1000006645917892 0.1000006645917892
0.1000002399086952 0.1000002399086952 0.1000002399086952 0.1000002399086952 0.1000002399086952 0.1000002399086952
0.0999995917081833 0.0999995917081833 0.0999995917081833 0.0999995917081833 0.0999995917081833 0.0999995917081833
0.0999991595745087 0.0999991595745087 0.0999991595745087 0.0999991595745087 0.0999991595745087 0.0999991595745087
0.0999995544552803 0.0999995544552803 0.0999995544552803 0.0999995544552803 0.0999995544552803 0.0999995544552803
0.0999981984496117 0.0999981984496117 0.0999981984496117 0.0999981984496117 0.0999981984496117 0.0999981984496117
0.0999963507056236 0.0999963507056236 0.0999963507056236 0.0999963507056236 0.0999963507056236 0.0999963507056236
0.1000027433037758 0.1000027433037758 0.1000027433037758 0.1000027433037758 0.1000027433037758 0.1000027433037758
0.0999981313943863 0.0999981313943863 0.0999981313943863 0.0999981313943863 0.0999981313943863 0.0999981313943863
0.1000020429491997 0.1000020429491997 0.1000020429491997 0.1000020429491997 0.1000020429491997 0.1000020429491997
0.1000019088387489 0.1000019088387489 0.1000019088387489 0.1000019088387489 0.1000019088387489 0.1000019088387489
0.0999999791383743 0.0999999791383743 0.0999999791383743 0.0999999791383743 0.0999999791383743 0.0999999791383743
0.1000006571412086 0.1000006571412086 0.1000006571412086 0.1000006571412086 0.1000006571412086 0.1000006571412086
0.1000015735626221 0.1000015735626221 0.1000015735626221 0.1000015735626221 0.1000015735626221 0.1000015735626221
0.0999988466501236 0.0999988466501236 0.0999988466501236 0.0999988466501236 0.0999988466501236 0.0999988466501236
0.1000012308359146 0.1000012308359146 0.1000012308359146 0.1000012308359146 0.1000012308359146 0.1000012308359146
0.1000012829899788 0.1000012829899788 0.1000012829899788 0.1000012829899788 0.1000012829899788 0.1000012829899788
0.1000007763504982 0.1000007763504982 0.1000007763504982 0.1000007763504982 0.1000007763504982 0.1000007763504982
0.1000008061528206 0.1000008061528206 0.1000008061528206 0.1000008061528206 0.1000008061528206 0.1000008061528206
0.0999996140599251 0.0999996140599251 0.0999996140599251 0.0999996140599251 0.0999996140599251 0.0999996140599251
0.0999990850687027 0.0999990850687027 0.0999990850687027 0.0999990850687027 0.0999990850687027 0.0999990850687027
0.0999980568885803 0.0999980568885803 0.0999980568885803 0.0999980568885803 0.0999980568885803 0.0999980568885803
0.0999960303306580 0.0999960303306580 0.0999960303306580 0.0999960303306580 0.0999960303306580 0.0999960303306580
0.1000020503997803 0.1000020503997803 0.1000020503997803 0.1000020503997803 0.1000020503997803 0.1000020503997803
0.0999981611967087 0.0999981611967087 0.0999981611967087 0.0999981611967087 0.0999981611967087 0.0999981611967087
0.1000012829899788 0.1000012829899788 0.1000012829899788 0.1000012829899788 0.1000012829899788 0.1000012829899788
0.0999991223216057 0.0999991223216057 0.0999991223216057 0.0999991223216057 0.0999991223216057 0.0999991223216057
0.0999999269843102 0.0999999269843102 0.0999999269843102 0.0999999269843102 0.0999999269843102 0.0999999269843102
0.0999999046325684 0.0999999046325684 0.0999999046325684 0.0999999046325684 0.0999999046325684 0.0999999046325684
0.1000014021992683 0.1000014021992683 0.1000014021992683 0.1000014021992683 0.1000014021992683 0.1000014021992683
0.0999990701675415 0.0999990701675415 0.0999990701675415 0.0999990701675415 0.0999990701675415 0.0999990701675415
0.1000012680888176 0.1000012680888176 0.1000012680888176 0.1000012680888176 0.1000012680888176 0.1000012680888176
0.1000015363097191 0.1000015363097191 0.1000015363097191 0.1000015363097191 0.1000015363097191 0.1000015363097191
0.1000005304813385 0.1000005304813385 0.1000005304813385 0.1000005304813385 0.1000005304813385 0.1000005304813385
0.1000009551644325 0.1000009551644325 0.1000009551644325 0.1000009551644325 0.1000009551644325 0.1000009551644325
0.0999995023012161 0.0999995023012161 0.0999995023012161 0.0999995023012161 0.0999995023012161 0.0999995023012161
0.0999984070658684 0.0999984070658684 0.0999984070658684 0.0999984070658684 0.0999984070658684 0.0999984070658684
0.0999975278973579 0.0999975278973579 0.0999975278973579 0.0999975278973579 0.0999975278973579 0.0999975278973579
0.0999957546591759 0.0999957546591759 0.0999957546591759 0.0999957546591759 0.0999957546591759 0.0999957546591759
0.0999998375773430 0.0999998375773430 0.0999998375773430 0.0999998375773430 0.0999998375773430 0.0999998375773430
0.0999977961182594 0.0999977961182594 0.0999977961182594 0.0999977961182594 0.0999977961182594 0.0999977961182594
0.1000005230307579 0.1000005230307579 0.1000005230307579 0.1000005230307579 0.1000005230307579 0.1000005230307579
0.0999994277954102 0.0999994277954102 0.0999994277954102 0.0999994277954102 0.0999994277954102 0.0999994277954102
0.1000009328126907 0.1000009328126907 0.1000009328126907 0.1000009328126907 0.1000009328126907 0.1000009328126907
0.1000000759959221 0.1000000759959221 0.1000000759959221 0.1000000759959221 0.1000000759959221 0.1000000759959221
0.1000008359551430 0.1000008359551430 0.1000008359551430 0.1000008359551430 0.1000008359551430 0.1000008359551430
0.0999987721443176 0.0999987721443176 0.0999987721443176 0.0999987721443176 0.0999987721443176 0.0999987721443176
0.1000005006790161 0.1000005006790161 0.1000005006790161 0.1000005006790161 0.1000005006790161 0.1000005006790161
0.1000011190772057 0.1000011190772057 0.1000011190772057 0.1000011190772057 0.1000011190772057 0.1000011190772057
0.0999999567866325 0.0999999567866325 0.0999999567866325 0.0999999567866325 0.0999999567866325 0.0999999567866325
0.1000004932284355 0.1000004932284355 0.1000004932284355 0.1000004932284355 0.1000004932284355 0.1000004932284355
0.0999992340803146 0.0999992340803146 0.0999992340803146 0.0999992340803146 0.0999992340803146 0.0999992340803146
0.0999985784292221 0.0999985784292221 0.0999985784292221 0.0999985784292221 0.0999985784292221 0.0999985784292221
0.0999975576996803 0.0999975576996803 0.0999975576996803 0.0999975576996803 0.0999975576996803 0.0999975576996803
0.0999964773654938 0.0999964773654938 0.0999964773654938 0.0999964773654938 0.0999964773654938 0.0999964773654938
0.1000009402632713 0.1000009402632713 0.1000009402632713 0.1000009402632713 0.1000009402632713 0.1000009402632713
0.1000012978911400 0.1000012978911400 0.1000012978911400 0.1000012978911400 0.1000012978911400 0.1000012978911400
0.1000007539987564 0.1000007539987564 0.1000007539987564 0.1000007539987564 0.1000007539987564 0.1000007539987564
0.0999984294176102 0.0999984294176102 0.0999984294176102 0.0999984294176102 0.0999984294176102 0.0999984294176102
0.0999995172023773 0.0999995172023773 0.0999995172023773 0.0999995172023773 0.0999995172023773 0.0999995172023773
0.1000006422400475 0.1000006422400475 0.1000006422400475 0.1000006422400475 0.1000006422400475 0.1000006422400475
0.1000011786818504 0.1000011786818504 0.1000011786818504 0.1000011786818504 0.1000011786818504 0.1000011786818504
0.0999986156821251 0.0999986156821251 0.0999986156821251 0.0999986156821251 0.0999986156821251 0.0999986156821251
0.1000006347894669 0.1000006347894669 0.1000006347894669 0.1000006347894669 0.1000006347894669 0.1000006347894669
0.1000011414289474 0.1000011414289474 0.1000011414289474 0.1000011414289474 0.1000011414289474 0.1000011414289474
0.1000001803040504 0.1000001803040504 0.1000001803040504 0.1000001803040504 0.1000001803040504 0.1000001803040504
0.1000004038214684 0.1000004038214684 0.1000004038214684 0.1000004038214684 0.1000004038214684 0.1000004038214684
0.0999993234872818 0.0999993234872818 0.0999993234872818 0.0999993234872818 0.0999993234872818 0.0999993234872818
0.1000005602836609 0.1000005602836609 0.1000005602836609 0.1000005602836609 0.1000005602836609 0.1000005602836609
0.0999977663159370 0.0999977663159370 0.0999977663159370 0.0999977663159370 0.0999977663159370 0.0999977663159370
0.1000013276934624 0.1000013276934624 0.1000013276934624 0.1000013276934624 0.1000013276934624 0.1000013276934624
0.1000005453824997 0.1000005453824997 0.1000005453824997 0.1000005453824997 0.1000005453824997 0.1000005453824997
0.1000013798475266 0.1000013798475266 0.1000013798475266 0.1000013798475266 0.1000013798475266 0.1000013798475266
0.0999986305832863 0.0999986305832863 0.0999986305832863 0.0999986305832863 0.0999986305832863 0.0999986305832863
0.0999985039234161 0.0999985039234161 0.0999985039234161 0.0999985039234161 0.0999985039234161 0.0999985039234161
0.0999995842576027 0.0999995842576027 0.0999995842576027 0.0999995842576027 0.0999995842576027 0.0999995842576027
0.1000003665685654 0.1000003665685654 0.1000003665685654 0.1000003665685654 0.1000003665685654 0.1000003665685654
0.1000016182661057 0.1000016182661057 0.1000016182661057 0.1000016182661057 0.1000016182661057 0.1000016182661057
0.0999986082315445 0.0999986082315445 0.0999986082315445 0.0999986082315445 0.0999986082315445 0.0999986082315445
0.1000009477138519 0.1000009477138519 0.1000009477138519 0.1000009477138519 0.1000009477138519 0.1000009477138519
0.1000011712312698 0.1000011712312698 0.1000011712312698 0.1000011712312698 0.1000011712312698 0.1000011712312698
0.1000000759959221 0.1000000759959221 0.1000000759959221 0.1000000759959221 0.1000000759959221 0.1000000759959221
0.1000004708766937 0.1000004708766937 0.1000004708766937 0.1000004708766937 0.1000004708766937 0.1000004708766937
0.0999992713332176 0.0999992713332176 0.0999992713332176 0.0999992713332176 0.0999992713332176 0.0999992713332176
0.1000003665685654 0.1000003665685654 0.1000003665685654 0.1000003665685654 0.1000003665685654 0.1000003665685654
0.1000006571412086 0.1000006571412086 0.1000006571412086 0.1000006571412086 0.1000006571412086 0.1000006571412086
0.0999981164932251 0.0999981164932251 0.0999981164932251 0.0999981164932251 0.0999981164932251 0.0999981164932251
0.0999997630715370 0.0999997630715370 0.0999997630715370 0.0999997630715370 0.0999997630715370 0.0999997630715370
0.0999983400106430 0.0999983400106430 0.0999983400106430 0.0999983400106430 0.0999983400106430 0.0999983400106430
0.1000000536441803 0.1000000536441803 0.1000000536441803 0.1000000536441803 0.1000000536441803 0.1000000536441803
0.1000009477138519 0.1000009477138519 0.1000009477138519 0.1000009477138519 0.1000009477138519 0.1000009477138519
0.0999984294176102 0.0999984294176102 0.0999984294176102 0.0999984294176102 0.0999984294176102 0.0999984294176102
0.0999999567866325 0.0999999567866325 0.0999999567866325 0.0999999567866325 0.0999999567866325 0.0999999567866325
0.1000006571412086 0.1000006571412086 0.1000006571412086 0.1000006571412086 0.1000006571412086 0.1000006571412086
0.0999982059001923 0.0999982059001923 0.0999982059001923 0.0999982059001923 0.0999982059001923 0.0999982059001923
0.0999999791383743 0.0999999791383743 0.0999999791383743 0.0999999791383743 0.0999999791383743 0.0999999791383743
0.1000006645917892 0.1000006645917892 0.1000006645917892 0.1000006645917892 0.1000006645917892 0.1000006645917892
0.0999994799494743 0.0999994799494743 0.0999994799494743 0.0999994799494743 0.0999994799494743 0.0999994799494743
0.0999999195337296 0.0999999195337296 0.0999999195337296 0.0999999195337296 0.0999999195337296 0.0999999195337296
0.0999991670250893 0.0999991670250893 0.0999991670250893 0.0999991670250893 0.0999991670250893 0.0999991670250893
0.1000005751848221 0.1000005751848221 0.1000005751848221 0.1000005751848221 0.1000005751848221 0.1000005751848221
0.0999997779726982 0.0999997779726982 0.0999997779726982 0.0999997779726982 0.0999997779726982 0.0999997779726982
0.1000002548098564 0.1000002548098564 0.1000002548098564 0.1000002548098564 0.1000002548098564 0.1000002548098564
0.0999991521239281 0.0999991521239281 0.0999991521239281 0.0999991521239281 0.0999991521239281 0.0999991521239281
0.0999979227781296 0.0999979227781296 0.0999979227781296 0.0999979227781296 0.0999979227781296 0.0999979227781296
0.0999999344348907 0.0999999344348907 0.0999999344348907 0.0999999344348907 0.0999999344348907 0.0999999344348907
0.0999993756413460 0.0999993756413460 0.0999993756413460 0.0999993756413460 0.0999993756413460 0.0999993756413460
0.0999993085861206 0.0999993085861206 0.0999993085861206 0.0999993085861206 0.0999993085861206 0.0999993085861206
0.9999910593032837 0.9999910593032837 0.9999910593032837 0.9999910593032837 0
0.9999848604202271 0.9999848604202271 0.9999848604202271 0.9999848604202271 0
1.0000159740447998 1.0000159740447998 1.0000159740447998 1.0000159740447998 0
0.9999805092811584 0.9999805092811584 0.9999805092811584 0.9999805092811584 0
1.0000114440917969 1.0000114440917969 1.0000114440917969 1.0000114440917969 0
0.9999892711639404 0.9999892711639404 0.9999892711639404 0.9999892711639404 0
0.9999967813491821 0.9999967813491821 0.9999967813491821 0.9999967813491821 0
1.0000022649765015 1.0000022649765015 1.0000022649765015 1.0000022649765015 0
1.0000032186508179 1.0000032186508179 1.0000032186508179 1.0000032186508179 0
1.0000053644180298 1.0000053644180298 1.0000053644180298 1.0000053644180298 0
1.0000011920928955 1.0000011920928955 1.0000011920928955 1.0000011920928955 0
0.9999868273735046 0.9999868273735046 0.9999868273735046 0.9999868273735046 0
1.0000090599060059 1.0000090599060059 1.0000090599060059 1.0000090599060059 0
1.0000036954879761 1.0000036954879761 1.0000036954879761 1.0000036954879761 0
1.0000127553939819 1.0000127553939819 1.0000127553939819 1.0000127553939819 0
1.0000094175338745 1.0000094175338745 1.0000094175338745 1.0000094175338745 0
1.0000097751617432 1.0000097751617432 1.0000097751617432 1.0000097751617432 0
1.0000230073928833 1.0000230073928833 1.0000230073928833 1.0000230073928833 0
1.0000134706497192 1.0000134706497192 1.0000134706497192 1.0000134706497192 0
1.0000026226043701 1.0000026226043701 1.0000026226043701 1.0000026226043701 0
1.0000004768371582 1.0000004768371582 1.0000004768371582 1.0000004768371582 0
1.0000212192535400 1.0000212192535400 1.0000212192535400 1.0000212192535400 0
1.0000188350677490 1.0000188350677490 1.0000188350677490 1.0000188350677490 0
1.0000102519989014 1.0000102519989014 1.0000102519989014 1.0000102519989014 0
0.9999961256980896 0.9999961256980896 0.9999961256980896 0.9999961256980896 0
1.0000064373016357 1.0000064373016357 1.0000064373016357 1.0000064373016357 0
0.9999945163726807 0.9999945163726807 0.9999945163726807 0.9999945163726807 0
1.0000120401382446 1.0000120401382446 1.0000120401382446 1.0000120401382446 0
0.9999879002571106 0.9999879002571106 0.9999879002571106 0.9999879002571106 0
1.0000060796737671 1.0000060796737671 1.0000060796737671 1.0000060796737671 0
1.0000059604644775 1.0000059604644775 1.0000059604644775 1.0000059604644775 0
0.9999876022338867 0.9999876022338867 0.9999876022338867 0.9999876022338867 0
0.9999877810478210 0.9999877810478210 0.9999877810478210 0.9999877810478210 0
0.9999995827674866 0.9999995827674866 0.9999995827674866 0.9999995827674866 0
0.9999870061874390 0.9999870061874390 0.9999870061874390 0.9999870061874390 0
0.9999919533729553 0.9999919533729553 0.9999919533729553 0.9999919533729553 0
0.9999808669090271 0.9999808669090271 0.9999808669090271 0.9999808669090271 0
0.9999954104423523 0.9999954104423523 0.9999954104423523 0.9999954104423523 0
0.9999974966049194 0.9999974966049194 0.9999974966049194 0.9999974966049194 0
0.9999969601631165 0.9999969601631165 0.9999969601631165 0.9999969601631165 0
0.9999995827674866 0.9999995827674866 0.9999995827674866 0.9999995827674866 0
1.0000114440917969 1.0000114440917969 1.0000114440917969 1.0000114440917969 0
1.0000134706497192 1.0000134706497192 1.0000134706497192 1.0000134706497192 0
1.0000028610229492 1.0000028610229492 1.0000028610229492 1.0000028610229492 0
1.0000048875808716 1.0000048875808716 1.0000048875808716 1.0000048875808716 0
1.0000175237655640 1.0000175237655640 1.0000175237655640 1.0000175237655640 0
1.0000090599060059 1.0000090599060059 1.0000090599060059 1.0000090599060059 0
0.9999995231628418 0.9999995231628418 0.9999995231628418 0.9999995231628418 0
0.9999904036521912 0.9999904036521912 0.9999904036521912 0.9999904036521912 0
1.0000004768371582 1.0000004768371582 1.0000004768371582 1.0000004768371582 0
0.9999938607215881 0.9999938607215881 0.9999938607215881 0.9999938607215881 0
0.9999933242797852 0.9999933242797852 0.9999933242797852 0.9999933242797852 0
0.9999930262565613 0.9999930262565613 0.9999930262565613 0.9999930262565613 0
1.0000045299530029 1.0000045299530029 1.0000045299530029 1.0000045299530029 0
0.9999984502792358 0.9999984502792358 0.9999984502792358 0.9999984502792358 0
1.0000096559524536 1.0000096559524536 1.0000096559524536 1.0000096559524536 0
1.0000030994415283 1.0000030994415283 1.0000030994415283 1.0000030994415283 0
0.9999954104423523 0.9999954104423523 0.9999954104423523 0.9999954104423523 0
0.9999937415122986 0.9999937415122986 0.9999937415122986 0.9999937415122986 0
0.9999931454658508 0.9999931454658508 0.9999931454658508 0.9999931454658508 0
0.9999915361404419 0.9999915361404419 0.9999915361404419 0.9999915361404419 0
0.9999992847442627 0.9999992847442627 0.9999992847442627 0.9999992847442627 0
0.9999966025352478 0.9999966025352478 0.9999966025352478 0.9999966025352478 0
1.0000100135803223 1.0000100135803223 1.0000100135803223 1.0000100135803223 0
0.0999990180134773 0.0999990180134773 0.0999990180134773 0.0999990180134773 0.0999990180134773 0.0999990180134773
0.0999995544552803 0.0999995544552803 0.0999995544552803 0.0999995544552803 0.0999995544552803 0.0999995544552803
0.0999992191791534 0.0999992191791534 0.0999992191791534 0.0999992191791534 0.0999992191791534 0.0999992191791534
0.1000003665685654 0.1000003665685654 0.1000003665685654 0.1000003665685654 0.1000003665685654 0.1000003665685654
0.1000012159347534 0.1000012159347534 0.1000012159347534 0.1000012159347534 0.1000012159347534 0.1000012159347534
0.0999989807605743 0.0999989807605743 0.0999989807605743 0.0999989807605743 0.0999989807605743 0.0999989807605743
0.0999990329146385 0.0999990329146385 0.0999990329146385 0.0999990329146385 0.0999990329146385 0.0999990329146385
0.1000012233853340 0.1000012233853340 0.1000012233853340 0.1000012233853340 0.1000012233853340 0.1000012233853340
0.0999988242983818 0.0999988242983818 0.0999988242983818 0.0999988242983818 0.0999988242983818 0.0999988242983818
0.1000010222196579 0.1000010222196579 0.1000010222196579 0.1000010222196579 0.1000010222196579 0.1000010222196579
0.1000009626150131 0.1000009626150131 0.1000009626150131 0.1000009626150131 0.1000009626150131 0.1000009626150131
0.0999979525804520 0.0999979525804520 0.0999979525804520 0.0999979525804520 0.0999979525804520 0.0999979525804520
0.0999982655048370 0.0999982655048370 0.0999982655048370 0.0999982655048370 0.0999982655048370 0.0999982655048370
0.1000006645917892 0.1000006645917892 0.1000006645917892 0.1000006645917892 0.1000006645917892 0.1000006645917892
0.0999979749321938 0.0999979749321938 0.0999979749321938 0.0999979749321938 0.0999979749321938 0.0999979749321938
0.1000005975365639 0.1000005975365639 0.1000005975365639 0.1000005975365639 0.1000005975365639 0.1000005975365639
0.0999997705221176 0.0999997705221176 0.0999997705221176 0.0999997705221176 0.0999997705221176 0.0999997705221176
0.0999988168478012 0.0999988168478012 0.0999988168478012 0.0999988168478012 0.0999988168478012 0.0999988168478012
0.0999994203448296 0.0999994203448296 0.0999994203448296 0.0999994203448296 0.0999994203448296 0.0999994203448296
0.0999994277954102 0.0999994277954102 0.0999994277954102 0.0999994277954102 0.0999994277954102 0.0999994277954102
0.1000001430511475 0.1000001430511475 0.1000001430511475 0.1000001430511475 0.1000001430511475 0.1000001430511475
0.1000000759959221 0.1000000759959221 0.1000000759959221 0.1000000759959221 0.1000000759959221 0.1000000759959221
0.1000016555190086 0.1000016555190086 0.1000016555190086 0.1000016555190086 0.1000016555190086 0.1000016555190086
0.1000005155801773 0.1000005155801773 0.1000005155801773 0.1000005155801773 0.1000005155801773 0.1000005155801773
0.0999999418854713 0.0999999418854713 0.0999999418854713 0.0999999418854713 0.0999999418854713 0.0999999418854713
0.1000007465481758 0.1000007465481758 0.1000007465481758 0.1000007465481758 0.1000007465481758 0.1000007465481758
0.1000021845102310 0.1000021845102310 0.1000021845102310 0.1000021845102310 0.1000021845102310 0.1000021845102310
0.1000001579523087 0.1000001579523087 0.1000001579523087 0.1000001579523087 0.1000001579523087 0.1000001579523087
0.1000030189752579 0.1000030189752579 0.1000030189752579 0.1000030189752579 0.1000030189752579 0.1000030189752579
0.1000006422400475 0.1000006422400475 0.1000006422400475 0.1000006422400475 0.1000006422400475 0.1000006422400475
0.0999988541007042 0.0999988541007042 0.0999988541007042 0.0999988541007042 0.0999988541007042 0.0999988541007042
0.1000003740191460 0.1000003740191460 0.1000003740191460 0.1000003740191460 0.1000003740191460 0.1000003740191460
0.1000006198883057 0.1000006198883057 0.1000006198883057 0.1000006198883057 0.1000006198883057 0.1000006198883057
0.1000000387430191 0.1000000387430191 0.1000000387430191 0.1000000387430191 0.1000000387430191 0.1000000387430191
0.0999999046325684 0.0999999046325684 0.0999999046325684 0.0999999046325684 0.0999999046325684 0.0999999046325684
0.1000004112720490 0.1000004112720490 0.1000004112720490 0.1000004112720490 0.1000004112720490 0.1000004112720490
0.1000025048851967 0.1000025048851967 0.1000025048851967 0.1000025048851967 0.1000025048851967 0.1000025048851967
0.1000008955597878 0.1000008955597878 0.1000008955597878 0.1000008955597878 0.1000008955597878 0.1000008955597878
0.1000035628676414 0.1000035628676414 0.1000035628676414 0.1000035628676414 0.1000035628676414 0.1000035628676414
0.1000009700655937 0.1000009700655937 0.1000009700655937 0.1000009700655937 0.1000009700655937 0.1000009700655937
0.1000009104609489 0.1000009104609489 0.1000009104609489 0.1000009104609489 0.1000009104609489 0.1000009104609489
0.1000017970800400 0.1000017970800400 0.1000017970800400 0.1000017970800400 0.1000017970800400 0.1000017970800400
0.0999999940395355 0.0999999940395355 0.0999999940395355 0.0999999940395355 0.0999999940395355 0.0999999940395355
0.1000012531876564 0.1000012531876564 0.1000012531876564 0.1000012531876564 0.1000012531876564 0.1000012531876564
0.1000017151236534 0.1000017151236534 0.1000017151236534 0.1000017151236534 0.1000017151236534 0.1000017151236534
0.0999999046325684 0.0999999046325684 0.0999999046325684 0.0999999046325684 0.0999999046325684 0.0999999046325684
0.0999993979930878 0.0999993979930878 0.0999993979930878 0.0999993979930878 0.0999993979930878 0.0999993979930878
0.1000000089406967 0.1000000089406967 0.1000000089406967 0.1000000089406967 0.1000000089406967 0.1000000089406967
0.0999995544552803 0.0999995544552803 0.0999995544552803 0.0999995544552803 0.0999995544552803 0.0999995544552803
0.1000008061528206 0.1000008061528206 0.1000008061528206 0.1000008061528206 0.1000008061528206 0.1000008061528206
0.0999987721443176 0.0999987721443176 0.0999987721443176 0.0999987721443176 0.0999987721443176 0.0999987721443176
0.1000013425946236 0.1000013425946236 0.1000013425946236 0.1000013425946236 0.1000013425946236 0.1000013425946236
0.1000014320015907 0.1000014320015907 0.1000014320015907 0.1000014320015907 0.1000014320015907 0.1000014320015907
0.1000018939375877 0.1000018939375877 0.1000018939375877 0.1000018939375877 0.1000018939375877 0.1000018939375877
0.1000013723969460 0.1000013723969460 0.1000013723969460 0.1000013723969460 0.1000013723969460 0.1000013723969460
0.0999996438622475 0.0999996438622475 0.0999996438622475 0.0999996438622475 0.0999996438622475 0.0999996438622475
0.1000001505017281 0.1000001505017281 0.1000001505017281 0.1000001505017281 0.1000001505017281 0.1000001505017281
0.0999996587634087 0.0999996587634087 0.0999996587634087 0.0999996587634087 0.0999996587634087 0.0999996587634087
0.0999988019466400 0.0999988019466400 0.0999988019466400 0.0999988019466400 0.0999988019466400 0.0999988019466400
0.0999994799494743 0.0999994799494743 0.0999994799494743 0.0999994799494743 0.0999994799494743 0.0999994799494743
0.1000004857778549 0.1000004857778549 0.1000004857778549 0.1000004857778549 0.1000004857778549 0.1000004857778549
0.0999998822808266 0.0999998822808266 0.0999998822808266 0.0999998822808266 0.0999998822808266 0.0999998822808266
0.1000007167458534 0.1000007167458534 0.1000007167458534 0.1000007167458534 0.1000007167458534 0.1000007167458534
0.1000005230307579 0.1000005230307579 0.1000005230307579 0.1000005230307579 0.1000005230307579 0.1000005230307579
0.1000012010335922 0.1000012010335922 0.1000012010335922 0.1000012010335922 0.1000012010335922 0.1000012010335922
0.1000000163912773 0.1000000163912773 0.1000000163912773 0.1000000163912773 0.1000000163912773 0.1000000163912773
0.0999977365136147 0.0999977365136147 0.0999977365136147 0.0999977365136147 0.0999977365136147 0.0999977365136147
0.1000006645917892 0.1000006645917892 0.1000006645917892 0.1000006645917892 0.1000006645917892 0.1000006645917892
0.0999998301267624 0.0999998301267624 0.0999998301267624 0.0999998301267624 0.0999998301267624 0.0999998301267624
0.0999998375773430 0.0999998375773430 0.0999998375773430 0.0999998375773430 0.0999998375773430 0.0999998375773430
0.1000001654028893 0.1000001654028893 0.1000001654028893 0.1000001654028893 0.1000001654028893 0.1000001654028893
0.0999994277954102 0.0999994277954102 0.0999994277954102 0.0999994277954102 0.0999994277954102 0.0999994277954102
0.0999991372227669 0.0999991372227669 0.0999991372227669 0.0999991372227669 0.0999991372227669 0.0999991372227669
0.0999991968274117 0.0999991968274117 0.0999991968274117 0.0999991968274117 0.0999991968274117 0.0999991968274117
0.1000000387430191 0.1000000387430191 0.1000000387430191 0.1000000387430191 0.1000000387430191 0.1000000387430191
0.0999996662139893 0.0999996662139893 0.0999996662139893 0.0999996662139893 0.0999996662139893 0.0999996662139893
0.1000015884637833 0.1000015884637833 0.1000015884637833 0.1000015884637833 0.1000015884637833 0.1000015884637833
0.0999998226761818 0.0999998226761818 0.0999998226761818 0.0999998226761818 0.0999998226761818 0.0999998226761818
0.0999990329146385 0.0999990329146385 0.0999990329146385 0.0999990329146385 0.0999990329146385 0.0999990329146385
0.0999989733099937 0.0999989733099937 0.0999989733099937 0.0999989733099937 0.0999989733099937 0.0999989733099937
0.1000001281499863 0.1000001281499863 0.1000001281499863 0.1000001281499863 0.1000001281499863 0.1000001281499863
0.0999983921647072 0.0999983921647072 0.0999983921647072 0.0999983921647072 0.0999983921647072 0.0999983921647072
0.0999997854232788 0.0999997854232788 0.0999997854232788 0.0999997854232788 0.0999997854232788 0.0999997854232788
0.0999992415308952 0.0999992415308952 0.0999992415308952 0.0999992415308952 0.0999992415308952 0.0999992415308952
0.1000018641352654 0.1000018641352654 0.1000018641352654 0.1000018641352654 0.1000018641352654 0.1000018641352654
0.0999993756413460 0.0999993756413460 0.0999993756413460 0.0999993756413460 0.0999993756413460 0.0999993756413460
0.1000014394521713 0.1000014394521713 0.1000014394521713 0.1000014394521713 0.1000014394521713 0.1000014394521713
0.0999990254640579 0.0999990254640579 0.0999990254640579 0.0999990254640579 0.0999990254640579 0.0999990254640579
0.0999996811151505 0.0999996811151505 0.0999996811151505 0.0999996811151505 0.0999996811151505 0.0999996811151505
0.1000005304813385 0.1000005304813385 0.1000005304813385 0.1000005304813385 0.1000005304813385 0.1000005304813385
0.0999988615512848 0.0999988615512848 0.0999988615512848 0.0999988615512848 0.0999988615512848 0.0999988615512848
0.1000014543533325 0.1000014543533325 0.1000014543533325 0.1000014543533325 0.1000014543533325 0.1000014543533325
0.1000001654028893 0.1000001654028893 0.1000001654028893 0.1000001654028893 0.1000001654028893 0.1000001654028893
0.1000012680888176 0.1000012680888176 0.1000012680888176 0.1000012680888176 0.1000012680888176 0.1000012680888176
0.1000002250075340 0.1000002250075340 0.1000002250075340 0.1000002250075340 0.1000002250075340 0.1000002250075340
0.1000002324581146 0.1000002324581146 0.1000002324581146 0.1000002324581146 0.1000002324581146 0.1000002324581146
0.0999989360570908 0.0999989360570908 0.0999989360570908 0.0999989360570908 0.0999989360570908 0.0999989360570908
0.1000008881092072 0.1000008881092072 0.1000008881092072 0.1000008881092072 0.1000008881092072 0.1000008881092072
0.0999994352459908 0.0999994352459908 0.0999994352459908 0.0999994352459908 0.0999994352459908 0.0999994352459908
0.1000007688999176 0.1000007688999176 0.1000007688999176 0.1000007688999176 0.1000007688999176 0.1000007688999176
0.1000010371208191 0.1000010371208191 0.1000010371208191 0.1000010371208191 0.1000010371208191 0.1000010371208191
0.1000007018446922 0.1000007018446922 0.1000007018446922 0.1000007018446922 0.1000007018446922 0.1000007018446922
0.0999998748302460 0.0999998748302460 0.0999998748302460 0.0999998748302460 0.0999998748302460 0.0999998748302460
0.1000006347894669 0.1000006347894669 0.1000006347894669 0.1000006347894669 0.1000006347894669 0.1000006347894669
0.0999993234872818 0.0999993234872818 0.0999993234872818 0.0999993234872818 0.0999993234872818 0.0999993234872818
0.1000002026557922 0.1000002026557922 0.1000002026557922 0.1000002026557922 0.1000002026557922 0.1000002026557922
0.1000004559755325 0.1000004559755325 0.1000004559755325 0.1000004559755325 0.1000004559755325 0.1000004559755325
0.0999998971819878 0.0999998971819878 0.0999998971819878 0.0999998971819878 0.0999998971819878 0.0999998971819878
0.0999998897314072 0.0999998897314072 0.0999998897314072 0.0999998897314072 0.0999998897314072 0.0999998897314072
0.0999997258186340 0.0999997258186340 0.0999997258186340 0.0999997258186340 0.0999997258186340 0.0999997258186340
0.0999993309378624 0.0999993309378624 0.0999993309378624 0.0999993309378624 0.0999993309378624 0.0999993309378624
0.0999995246529579 0.0999995246529579 0.0999995246529579 0.0999995246529579 0.0999995246529579 0.0999995246529579
0.0999990254640579 0.0999990254640579 0.0999990254640579 0.0999990254640579 0.0999990254640579 0.0999990254640579
0.0999999791383743 0.0999999791383743 0.0999999791383743 0.0999999791383743 0.0999999791383743 0.0999999791383743
0.0999992489814758 0.0999992489814758 0.0999992489814758 0.0999992489814758 0.0999992489814758 0.0999992489814758
0.1000002548098564 0.1000002548098564 0.1000002548098564 0.1000002548098564 0.1000002548098564 0.1000002548098564
0.1000002846121788 0.1000002846121788 0.1000002846121788 0.1000002846121788 0.1000002846121788 0.1000002846121788
0.1000001505017281 0.1000001505017281 0.1000001505017281 0.1000001505017281 0.1000001505017281 0.1000001505017281
0.0999996811151505 0.0999996811151505 0.0999996811151505 0.0999996811151505 0.0999996811151505 0.0999996811151505
0.1000003740191460 0.1000003740191460 0.1000003740191460 0.1000003740191460 0.1000003740191460 0.1000003740191460
0.1000004932284355 0.1000004932284355 0.1000004932284355 0.1000004932284355 0.1000004932284355 0.1000004932284355
0.0999999046325684 0.0999999046325684 0.0999999046325684 0.0999999046325684 0.0999999046325684 0.0999999046325684
0.0999989882111549 0.0999989882111549 0.0999989882111549 0.0999989882111549 0.0999989882111549 0.0999989882111549
0.0999990478157997 0.0999990478157997 0.0999990478157997 0.0999990478157997 0.0999990478157997 0.0999990478157997
0.0999987795948982 0.0999987795948982 0.0999987795948982 0.0999987795948982 0.0999987795948982 0.0999987795948982
0.0999989286065102 0.0999989286065102 0.0999989286065102 0.0999989286065102 0.0999989286065102 0.0999989286065102
0.0999995842576027 0.0999995842576027 0.0999995842576027 0.0999995842576027 0.0999995842576027 0.0999995842576027
0.1000006198883057 0.1000006198883057 0.1000006198883057 0.1000006198883057 0.1000006198883057 0.1000006198883057
1.0000000000000000 1.0000000000000000 1.0000000000000000 1.0000000000000000 0
1.0000000000000000 1.0000000000000000 1.0000000000000000 1.0000000000000000 0
1.0000000000000000 1.0000000000000000 1.0000000000000000 1.0000000000000000 0
1.0000000000000000 1.0000000000000000 1.0000000000000000 1.0000000000000000 0
1.0000000000000000 1.0000000000000000 1.0000000000000000 1.0000000000000000 0
1.0000000000000000 1.0000000000000000 1.0000000000000000 1.0000000000000000 0
1.0000000000000000 1.0000000000000000 1.0000000000000000 1.0000000000000000 0
1.0000000000000000 1.0000000000000000 1.0000000000000000 1.0000000000000000 0
1.0000000000000000 1.0000000000000000 1.0000000000000000 1.0000000000000000 0
1.0000000000000000 1.0000000000000000 1.0000000000000000 1.0000000000000000 0
1.0000000000000000 1.0000000000000000 1.0000000000000000 1.0000000000000000 0
1.0000000000000000 1.0000000000000000 1.0000000000000000 1.0000000000000000 0
1.0000000000000000 1.0000000000000000 1.0000000000000000 1.0000000000000000 0
1.0000000000000000 1.0000000000000000 1.0000000000000000 1.0000000000000000 0
1.0000000000000000 1.0000000000000000 1.0000000000000000 1.0000000000000000 0
1.0000000000000000 1.0000000000000000 1.0000000000000000 1.0000000000000000 0
1.0000000000000000 1.0000000000000000 1.0000000000000000 1.0000000000000000 0
1.0000000000000000 1.0000000000000000 1.0000000000000000 1.0000000000000000 0
1.0000000000000000 1.0000000000000000 1.0000000000000000 1.0000000000000000 0
1.0000000000000000 1.0000000000000000 1.0000000000000000 1.0000000000000000 0
1.0000000000000000 1.0000000000000000 1.0000000000000000 1.0000000000000000 0
1.0000000000000000 1.0000000000000000 1.0000000000000000 1.0000000000000000 0
1.0000000000000000 1.0000000000000000 1.0000000000000000 1.0000000000000000 0
1.0000000000000000 1.0000000000000000 1.0000000000000000 1.0000000000000000 0
1.0000000000000000 1.0000000000000000 1.0000000000000000 1.0000000000000000 0
1.0000000000000000 1.0000000000000000 1.0000000000000000 1.0000000000000000 0
1.0000000000000000 1.0000000000000000 1.0000000000000000 1.0000000000000000 0
1.0000000000000000 1.0000000000000000 1.0000000000000000 1.0000000000000000 0
1.0000000000000000 1.0000000000000000 1.0000000000000000 1.0000000000000000 0
1.0000000000000000 1.0000000000000000 1.0000000000000000 1.0000000000000000 0
1.0000000000000000 1.0000000000000000 1.0000000000000000 1.0000000000000000 0
1.0000000000000000 1.0000000000000000 1.0000000000000000 1.0000000000000000 0
1.0000000000000000 1.0000000000000000 1.0000000000000000 1.0000000000000000 0
1.0000000000000000 1.0000000000000000 1.0000000000000000 1.0000000000000000 0
1.0000000000000000 1.0000000000000000 1.0000000000000000 1.0000000000000000 0
1.0000000000000000 1.0000000000000000 1.0000000000000000 1.0000000000000000 0
1.0000000000000000 1.0000000000000000 1.0000000000000000 1.0000000000000000 0
1.0000000000000000 1.0000000000000000 1.0000000000000000 1.0000000000000000 0
1.0000000000000000 1.0000000000000000 1.0000000000000000 1.0000000000000000 0
1.0000000000000000 1.0000000000000000 1.0000000000000000 1.0000000000000000 0
1.0000000000000000 1.0000000000000000 1.0000000000000000 1.0000000000000000 0
1.0000000000000000 1.0000000000000000 1.0000000000000000 1.0000000000000000 0
1.0000000000000000 1.0000000000000000 1.0000000000000000 1.0000000000000000 0
1.0000000000000000 1.0000000000000000 1.0000000000000000 1.0000000000000000 0
1.0000000000000000 1.0000000000000000 1.0000000000000000 1.0000000000000000 0
1.0000000000000000 1.0000000000000000 1.0000000000000000 1.0000000000000000 0
1.0000000000000000 1.0000000000000000 1.0000000000000000 1.0000000000000000 0
1.0000000000000000 1.0000000000000000 1.0000000000000000 1.0000000000000000 0
1.0000000000000000 1.0000000000000000 1.0000000000000000 1.0000000000000000 0
1.0000000000000000 1.0000000000000000 1.0000000000000000 1.0000000000000000 0
1.0000000000000000 1.0000000000000000 1.0000000000000000 1.0000000000000000 0
1.0000000000000000 1.0000000000000000 1.0000000000000000 1.0000000000000000 0
1.0000000000000000 1.0000000000000000 1.0000000000000000 1.0000000000000000 0
1.0000000000000000 1.0000000000000000 1.0000000000000000 1.0000000000000000 0
1.0000000000000000 1.0000000000000000 1.0000000000000000 1.0000000000000000 0
1.0000000000000000 1.0000000000000000 1.0000000000000000 1.0000000000000000 0
1.0000000000000000 1.0000000000000000 1.0000000000000000 1.0000000000000000 0
1.0000000000000000 1.0000000000000000 1.0000000000000000 1.0000000000000000 0
1.0000000000000000 1.0000000000000000 1.0000000000000000 1.0000000000000000 0
1.0000000000000000 1.0000000000000000 1.0000000000000000 1.0000000000000000 0
1.0000000000000000 1.0000000000000000 1.0000000000000000 1.0000000000000000 0
1.0000000000000000 1.0000000000000000 1.0000000000000000 1.0000000000000000 0
1.0000000000000000 1.0000000000000000 1.0000000000000000 1.0000000000000000 0
1.0000000000000000 1.0000000000000000 1.0000000000000000 1.0000000000000000 0
0.1000000014901161 0.1000000014901161 0.1000000014901161 0.1000000014901161 0.1000000014901161 0.1000000014901161
0.1000000014901161 0.1000000014901161 0.1000000014901161 0.1000000014901161 0.1000000014901161 0.1000000014901161
0.1000000014901161 0.1000000014901161 0.1000000014901161 0.1000000014901161 0.1000000014901161 0.1000000014901161
0.1000000014901161 0.1000000014901161 0.1000000014901161 0.1000000014901161 0.1000000014901161 0.1000000014901161
0.1000000014901161 0.1000000014901161 0.1000000014901161 0.1000000014901161 0.1000000014901161 0.1000000014901161
0.1000000014901161 0.1000000014901161 0.1000000014901161 0.1000000014901161 0.1000000014901161 0.1000000014901161
0.1000000014901161 0.1000000014901161 0.1000000014901161 0.1000000014901161 0.1000000014901161 0.1000000014901161
0.1000000014901161 0.1000000014901161 0.1000000014901161 0.1000000014901161 0.1000000014901161 0.1000000014901161
0.1000000014901161 0.1000000014901161 0.1000000014901161 0.1000000014901161 0.1000000014901161 0.1000000014901161
0.1000000014901161 0.1000000014901161 0.1000000014901161 0.1000000014901161 0.1000000014901161 0.1000000014901161
0.1000000014901161 0.1000000014901161 0.1000000014901161 0.1000000014901161 0.1000000014901161 0.1000000014901161
0.1000000014901161 0.1000000014901161 0.1000000014901161 0.1000000014901161 0.1000000014901161 0.1000000014901161
0.1000000014901161 0.1000000014901161 0.1000000014901161 0.1000000014901161 0.1000000014901161 0.1000000014901161
0.1000000014901161 0.1000000014901161 0.1000000014901161 0.1000000014901161 0.1000000014901161 0.1000000014901161
0.1000000014901161 0.1000000014901161 0.1000000014901161 0.1000000014901161 0.1000000014901161 0.1000000014901161
0.1000000014901161 0.1000000014901161 0.1000000014901161 0.1000000014901161 0.1000000014901161 0.1000000014901161
0.1000000014901161 0.1000000014901161 0.1000000014901161 0.1000000014901161 0.1000000014901161 0.1000000014901161
0.1000000014901161 0.1000000014901161 0.1000000014901161 0.1000000014901161 0.1000000014901161 0.1000000014901161
0.1000000014901161 0.1000000014901161 0.1000000014901161 0.1000000014901161 0.1000000014901161 0.1000000014901161
0.1000000014901161 0.1000000014901161 0.1000000014901161 0.1000000014901161 0.1000000014901161 0.1000000014901161
0.1000000014901161 0.1000000014901161 0.1000000014901161 0.1000000014901161 0.1000000014901161 0.1000000014901161
0.1000000014901161 0.1000000014901161 0.1000000014901161 0.1000000014901161 0.1000000014901161 0.1000000014901161
0.1000000014901161 0.1000000014901161 0.1000000014901161 0.1000000014901161 0.1000000014901161 0.1000000014901161
0.1000000014901161 0.1000000014901161 0.1000000014901161 0.1000000014901161 0.1000000014901161 0.1000000014901161
0.1000000014901161 0.1000000014901161 0.1000000014901161 0.1000000014901161 0.1000000014901161 0.1000000014901161
0.1000000014901161 0.1000000014901161 0.1000000014901161 0.1000000014901161 0.1000000014901161 0.1000000014901161
0.1000000014901161 0.1000000014901161 0.1000000014901161 0.1000000014901161 0.1000000014901161 0.1000000014901161
0.1000000014901161 0.1000000014901161 0.1000000014901161 0.1000000014901161 0.1000000014901161 0.1000000014901161
0.1000000014901161 0.1000000014901161 0.1000000014901161 0.1000000014901161 0.1000000014901161 0.1000000014901161
0.1000000014901161 0.1000000014901161 0.1000000014901161 0.1000000014901161 0.1000000014901161 0.1000000014901161
0.1000000014901161 0.1000000014901161 0.1000000014901161 0.1000000014901161 0.1000000014901161 0.1000000014901161
0.1000000014901161 0.1000000014901161 0.1000000014901161 0.1000000014901161 0.1000000014901161 0.1000000014901161
0.1000000014901161 0.1000000014901161 0.1000000014901161 0.1000000014901161 0.1000000014901161 0.1000000014901161
0.1000000014901161 0.1000000014901161 0.1000000014901161 0.1000000014901161 0.1000000014901161 0.1000000014901161
0.1000000014901161 0.1000000014901161 0.1000000014901161 0.1000000014901161 0.1000000014901161 0.1000000014901161
0.1000000014901161 0.1000000014901161 0.1000000014901161 0.1000000014901161 0.1000000014901161 0.1000000014901161
0.1000000014901161 0.1000000014901161 0.1000000014901161 0.1000000014901161 0.1000000014901161 0.1000000014901161
0.1000000014901161 0.1000000014901161 0.1000000014901161 0.1000000014901161 0.1000000014901161 0.1000000014901161
0.1000000014901161 0.1000000014901161 0.1000000014901161 0.1000000014901161 0.1000000014901161 0.1000000014901161
0.1000000014901161 0.1000000014901161 0.1000000014901161 0.1000000014901161 0.1000000014901161 0.1000000014901161
0.1000000014901161 0.1000000014901161 0.1000000014901161 0.1000000014901161 0.1000000014901161 0.1000000014901161
0.1000000014901161 0.1000000014901161 0.1000000014901161 0.1000000014901161 0.1000000014901161 0.1000000014901161
0.1000000014901161 0.1000000014901161 0.1000000014901161 0.1000000014901161 0.1000000014901161 0.1000000014901161
0.1000000014901161 0.1000000014901161 0.1000000014901161 0.1000000014901161 0.1000000014901161 0.1000000014901161
0.1000000014901161 0.1000000014901161 0.1000000014901161 0.1000000014901161 0.1000000014901161 0.1000000014901161
0.1000000014901161 0.1000000014901161 0.1000000014901161 0.1000000014901161 0.1000000014901161 0.1000000014901161
0.1000000014901161 0.1000000014901161 0.1000000014901161 0.1000000014901161 0.1000000014901161 0.1000000014901161
0.1000000014901161 0.1000000014901161 0.1000000014901161 0.1000000014901161 0.1000000014901161 0.1000000014901161
0.1000000014901161 0.1000000014901161 0.1000000014901161 0.1000000014901161 0.1000000014901161 0.1000000014901161
0.1000000014901161 0.1000000014901161 0.1000000014901161 0.1000000014901161 0.1000000014901161 0.1000000014901161
0.1000000014901161 0.1000000014901161 0.1000000014901161 0.1000000014901161 0.1000000014901161 0.1000000014901161
0.1000000014901161 0.1000000014901161 0.1000000014901161 0.1000000014901161 0.1000000014901161 0.1000000014901161
0.1000000014901161 0.1000000014901161 0.1000000014901161 0.1000000014901161 0.1000000014901161 0.1000000014901161
0.1000000014901161 0.1000000014901161 0.1000000014901161 0.1000000014901161 0.1000000014901161 0.1000000014901161
0.1000000014901161 0.1000000014901161 0.1000000014901161 0.1000000014901161 0.1000000014901161 0.1000000014901161
0.1000000014901161 0.1000000014901161 0.1000000014901161 0.1000000014901161 0.1000000014901161 0.1000000014901161
0.1000000014901161 0.1000000014901161 0.1000000014901161 0.1000000014901161 0.1000000014901161 0.1000000014901161
0.1000000014901161 0.1000000014901161 0.1000000014901161 0.1000000014901161 0.1000000014901161 0.1000000014901161
0.1000000014901161 0.1000000014901161 0.1000000014901161 0.1000000014901161 0.1000000014901161 0.1000000014901161
0.1000000014901161 0.1000000014901161 0.1000000014901161 0.1000000014901161 0.1000000014901161 0.1000000014901161
0.1000000014901161 0.1000000014901161 0.1000000014901161 0.1000000014901161 0.1000000014901161 0.1000000014901161
0.1000000014901161 0.1000000014901161 0.1000000014901161 0.1000000014901161 0.1000000014901161 0.1000000014901161
0.1000000014901161 0.1000000014901161 0.1000000014901161 0.1000000014901161 0.1000000014901161 0.1000000014901161
0.1000000014901161 0.1000000014901161 0.1000000014901161 0.1000000014901161 0.1000000014901161 0.1000000014901161
0.1000000014901161 0.1000000014901161 0.1000000014901161 0.1000000014901161 0.1000000014901161 0.1000000014901161
0.1000000014901161 0.1000000014901161 0.1000000014901161 0.1000000014901161 0.1000000014901161 0.1000000014901161
0.1000000014901161 0.1000000014901161 0.1000000014901161 0.1000000014901161 0.1000000014901161 0.1000000014901161
0.1000000014901161 0.1000000014901161 0.1000000014901161 0.1000000014901161 0.1000000014901161 0.1000000014901161
0.1000000014901161 0.1000000014901161 0.1000000014901161 0.1000000014901161 0.1000000014901161 0.1000000014901161
0.1000000014901161 0.1000000014901161 0.1000000014901161 0.1000000014901161 0.1000000014901161 0.1000000014901161
0.1000000014901161 0.1000000014901161 0.1000000014901161 0.1000000014901161 0.1000000014901161 0.1000000014901161
0.1000000014901161 0.1000000014901161 0.1000000014901161 0.1000000014901161 0.1000000014901161 0.1000000014901161
0.1000000014901161 0.1000000014901161 0.1000000014901161 0.1000000014901161 0.1000000014901161 0.1000000014901161
0.1000000014901161 0.1000000014901161 0.1000000014901161 0.1000000014901161 0.1000000014901161 0.1000000014901161
0.1000000014901161 0.1000000014901161 0.1000000014901161 0.1000000014901161 0.1000000014901161 0.1000000014901161
0.1000000014901161 0.1000000014901161 0.1000000014901161 0.1000000014901161 0.1000000014901161 0.1000000014901161
0.1000000014901161 0.1000000014901161 0.1000000014901161 0.1000000014901161 0.1000000014901161 0.1000000014901161
0.1000000014901161 0.1000000014901161 0.1000000014901161 0.1000000014901161 0.1000000014901161 0.1000000014901161
0.1000000014901161 0.1000000014901161 0.1000000014901161 0.1000000014901161 0.1000000014901161 0.1000000014901161
0.1000000014901161 0.1000000014901161 0.1000000014901161 0.1000000014901161 0.1000000014901161 0.1000000014901161
0.1000000014901161 0.1000000014901161 0.1000000014901161 0.1000000014901161 0.1000000014901161 0.1000000014901161
0.1000000014901161 0.1000000014901161 0.1000000014901161 0.1000000014901161 0.1000000014901161 0.1000000014901161
0.1000000014901161 0.1000000014901161 0.1000000014901161 0.1000000014901161 0.1000000014901161 0.1000000014901161
0.1000000014901161 0.1000000014901161 0.1000000014901161 0.1000000014901161 0.1000000014901161 0.1000000014901161
0.1000000014901161 0.1000000014901161 0.1000000014901161 0.1000000014901161 0.1000000014901161 0.1000000014901161
0.1000000014901161 0.1000000014901161 0.1000000014901161 0.1000000014901161 0.1000000014901161 0.1000000014901161
0.1000000014901161 0.1000000014901161 0.1000000014901161 0.1000000014901161 0.1000000014901161 0.1000000014901161
0.1000000014901161 0.1000000014901161 0.1000000014901161 0.1000000014901161 0.1000000014901161 0.1000000014901161
0.1000000014901161 0.1000000014901161 0.1000000014901161 0.1000000014901161 0.1000000014901161 0.1000000014901161
0.1000000014901161 0.1000000014901161 0.1000000014901161 0.1000000014901161 0.1000000014901161 0.1000000014901161
0.1000000014901161 0.1000000014901161 0.1000000014901161 0.1000000014901161 0.1000000014901161 0.1000000014901161
0.1000000014901161 0.1000000014901161 0.1000000014901161 0.1000000014901161 0.1000000014901161 0.1000000014901161
0.1000000014901161 0.1000000014901161 0.1000000014901161 0.1000000014901161 0.1000000014901161 0.1000000014901161
0.1000000014901161 0.1000000014901161 0.1000000014901161 0.1000000014901161 0.1000000014901161 0.1000000014901161
0.1000000014901161 0.1000000014901161 0.1000000014901161 0.1000000014901161 0.1000000014901161 0.1000000014901161
0.1000000014901161 0.1000000014901161 0.1000000014901161 0.1000000014901161 0.1000000014901161 0.1000000014901161
0.1000000014901161 0.1000000014901161 0.1000000014901161 0.1000000014901161 0.1000000014901161 0.1000000014901161
0.1000000014901161 0.1000000014901161 0.1000000014901161 0.1000000014901161 0.1000000014901161 0.1000000014901161
0.1000000014901161 0.1000000014901161 0.1000000014901161 0.1000000014901161 0.1000000014901161 0.1000000014901161
0.1000000014901161 0.1000000014901161 0.1000000014901161 0.1000000014901161 0.1000000014901161 0.1000000014901161
0.1000000014901161 0.1000000014901161 0.1000000014901161 0.1000000014901161 0.1000000014901161 0.1000000014901161
0.1000000014901161 0.1000000014901161 0.1000000014901161 0.1000000014901161 0.1000000014901161 0.1000000014901161
0.1000000014901161 0.1000000014901161 0.1000000014901161 0.1000000014901161 0.1000000014901161 0.1000000014901161
0.1000000014901161 0.1000000014901161 0.1000000014901161 0.1000000014901161 0.1000000014901161 0.1000000014901161
0.1000000014901161 0.1000000014901161 0.1000000014901161 0.1000000014901161 0.1000000014901161 0.1000000014901161
0.1000000014901161 0.1000000014901161 0.1000000014901161 0.1000000014901161 0.1000000014901161 0.1000000014901161
0.1000000014901161 0.1000000014901161 0.1000000014901161 0.1000000014901161 0.1000000014901161 0.1000000014901161
0.1000000014901161 0.1000000014901161 0.1000000014901161 0.1000000014901161 0.1000000014901161 0.1000000014901161
0.1000000014901161 0.1000000014901161 0.1000000014901161 0.1000000014901161 0.1000000014901161 0.1000000014901161
0.1000000014901161 0.1000000014901161 0.1000000014901161 0.1000000014901161 0.1000000014901161 0.1000000014901161
0.1000000014901161 0.1000000014901161 0.1000000014901161 0.1000000014901161 0.1000000014901161 0.1000000014901161
0.1000000014901161 0.1000000014901161 0.1000000014901161 0.1000000014901161 0.1000000014901161 0.1000000014901161
0.1000000014901161 0.1000000014901161 0.1000000014901161 0.1000000014901161 0.1000000014901161 0.1000000014901161
0.1000000014901161 0.1000000014901161 0.1000000014901161 0.1000000014901161 0.1000000014901161 0.1000000014901161
0.1000000014901161 0.1000000014901161 0.1000000014901161 0.1000000014901161 0.1000000014901161 0.1000000014901161
0.1000000014901161 0.1000000014901161 0.1000000014901161 0.1000000014901161 0.1000000014901161 0.1000000014901161
0.1000000014901161 0.1000000014901161 0.1000000014901161 0.1000000014901161 0.1000000014901161 0.1000000014901161
0.1000000014901161 0.1000000014901161 0.1000000014901161 0.1000000014901161 0.1000000014901161 0.1000000014901161
0.1000000014901161 0.1000000014901161 0.1000000014901161 0.1000000014901161 0.1000000014901161 0.1000000014901161
0.1000000014901161 0.1000000014901161 0.1000000014901161 0.1000000014901161 0.1000000014901161 0.1000000014901161
0.1000000014901161 0.1000000014901161 0.1000000014901161 0.1000000014901161 0.1000000014901161 0.1000000014901161
0.1000000014901161 0.1000000014901161 0.1000000014901161 0.1000000014901161 0.1000000014901161 0.1000000014901161
0.1000000014901161 0.1000000014901161 0.1000000014901161 0.1000000014901161 0.1000000014901161 0.1000000014901161
0.1000000014901161 0.1000000014901161 0.1000000014901161 0.1000000014901161 0.1000000014901161 0.1000000014901161
0.1000000014901161 0.1000000014901161 0.1000000014901161 0.1000000014901161 0.1000000014901161 0.1000000014901161
0.1000000014901161 0.1000000014901161 0.1000000014901161 0.1000000014901161 0.1000000014901161 0.1000000014901161
0.1000000014901161 0.1000000014901161 0.1000000014901161 0.1000000014901161 0.1000000014901161 0.1000000014901161
0.1000000014901161 0.1000000014901161 0.1000000014901161 0.1000000014901161 0.1000000014901161 0.1000000014901161
1.0000000000000000 1.0000000000000000 1.0000000000000000 1.0000000000000000 0
1.0000000000000000 1.0000000000000000 1.0000000000000000 1.0000000000000000 0
1.0000000000000000 1.0000000000000000 1.0000000000000000 1.0000000000000000 0
1.0000000000000000 1.0000000000000000 1.0000000000000000 1.0000000000000000 0
1.0000000000000000 1.0000000000000000 1.0000000000000000 1.0000000000000000 0
1.0000000000000000 1.0000000000000000 1.0000000000000000 1.0000000000000000 0
1.0000000000000000 1.0000000000000000 1.0000000000000000 1.0000000000000000 0
1.0000000000000000 1.0000000000000000 1.0000000000000000 1.0000000000000000 0
1.0000000000000000 1.0000000000000000 1.0000000000000000 1.0000000000000000 0
1.0000000000000000 1.0000000000000000 1.0000000000000000 1.0000000000000000 0
1.0000000000000000 1.0000000000000000 1.0000000000000000 1.0000000000000000 0
1.0000000000000000 1.0000000000000000 1.0000000000000000 1.0000000000000000 0
1.0000000000000000 1.0000000000000000 1.0000000000000000 1.0000000000000000 0
1.0000000000000000 1.0000000000000000 1.0000000000000000 1.0000000000000000 0
1.0000000000000000 1.0000000000000000 1.0000000000000000 1.0000000000000000 0
1.0000000000000000 1.0000000000000000 1.0000000000000000 1.0000000000000000 0
1.0000000000000000 1.0000000000000000 1.0000000000000000 1.0000000000000000 0
1.0000000000000000 1.0000000000000000 1.0000000000000000 1.0000000000000000 0
1.0000000000000000 1.0000000000000000 1.0000000000000000 1.0000000000000000 0
1.0000000000000000 1.0000000000000000 1.0000000000000000 1.0000000000000000 0
1.0000000000000000 1.0000000000000000 1.0000000000000000 1.0000000000000000 0
1.0000000000000000 1.0000000000000000 1.0000000000000000 1.0000000000000000 0
1.0000000000000000 1.0000000000000000 1.0000000000000000 1.0000000000000000 0
1.0000000000000000 1.0000000000000000 1.0000000000000000 1.0000000000000000 0
1.0000000000000000 1.0000000000000000 1.0000000000000000 1.0000000000000000 0
1.0000000000000000 1.0000000000000000 1.0000000000000000 1.0000000000000000 0
1.0000000000000000 1.0000000000000000 1.0000000000000000 1.0000000000000000 0
1.0000000000000000 1.0000000000000000 1.0000000000000000 1.0000000000000000 0
1.0000000000000000 1.0000000000000000 1.0000000000000000 1.0000000000000000 0
1.0000000000000000 1.0000000000000000 1.0000000000000000 1.0000000000000000 0
1.0000000000000000 1.0000000000000000 1.0000000000000000 1.0000000000000000 0
1.0000000000000000 1.0000000000000000 1.0000000000000000 1.0000000000000000 0
1.0000000000000000 1.0000000000000000 1.0000000000000000 1.0000000000000000 0
1.0000000000000000 1.0000000000000000 1.0000000000000000 1.0000000000000000 0
1.0000000000000000 1.0000000000000000 1.0000000000000000 1.0000000000000000 0
1.0000000000000000 1.0000000000000000 1.0000000000000000 1.0000000000000000 0
1.0000000000000000 1.0000000000000000 1.0000000000000000 1.0000000000000000 0
1.0000000000000000 1.0000000000000000 1.0000000000000000 1.0000000000000000 0
1.0000000000000000 1.0000000000000000 1.0000000000000000 1.0000000000000000 0
1.0000000000000000 1.0000000000000000 1.0000000000000000 1.0000000000000000 0
1.0000000000000000 1.0000000000000000 1.0000000000000000 1.0000000000000000 0
1.0000000000000000 1.0000000000000000 1.0000000000000000 1.0000000000000000 0
1.0000000000000000 1.0000000000000000 1.0000000000000000 1.0000000000000000 0
1.0000000000000000 1.0000000000000000 1.0000000000000000 1.0000000000000000 0
1.0000000000000000 1.0000000000000000 1.0000000000000000 1.0000000000000000 0
1.0000000000000000 1.0000000000000000 1.0000000000000000 1.0000000000000000 0
1.0000000000000000 1.0000000000000000 1.0000000000000000 1.0000000000000000 0
1.0000000000000000 1.0000000000000000 1.0000000000000000 1.0000000000000000 0
1.0000000000000000 1.0000000000000000 1.0000000000000000 1.0000000000000000 0
1.0000000000000000 1.0000000000000000 1.0000000000000000 1.0000000000000000 0
1.0000000000000000 1.0000000000000000 1.0000000000000000 1.0000000000000000 0
1.0000000000000000 1.0000000000000000 1.0000000000000000 1.0000000000000000 0
1.0000000000000000 1.0000000000000000 1.0000000000000000 1.0000000000000000 0
1.0000000000000000 1.0000000000000000 1.0000000000000000 1.0000000000000000 0
1.0000000000000000 1.0000000000000000 1.0000000000000000 1.0000000000000000 0
1.0000000000000000 1.0000000000000000 1.0000000000000000 1.0000000000000000 0
1.0000000000000000 1.0000000000000000 1.0000000000000000 1.0000000000000000 0
1.0000000000000000 1.0000000000000000 1.0000000000000000 1.0000000000000000 0
1.0000000000000000 1.0000000000000000 1.0000000000000000 1.0000000000000000 0
1.0000000000000000 1.0000000000000000 1.0000000000000000 1.0000000000000000 0
1.0000000000000000 1.0000000000000000 1.0000000000000000 1.0000000000000000 0
1.0000000000000000 1.0000000000000000 1.0000000000000000 1.0000000000000000 0
1.0000000000000000 1.0000000000000000 1.0000000000000000 1.0000000000000000 0
1.0000000000000000 1.0000000000000000 1.0000000000000000 1.0000000000000000 0
0.1000000014901161 0.1000000014901161 0.1000000014901161 0.1000000014901161 0.1000000014901161 0.1000000014901161
0.1000000014901161 0.1000000014901161 0.1000000014901161 0.1000000014901161 0.1000000014901161 0.1000000014901161
0.1000000014901161 0.1000000014901161 0.1000000014901161 0.1000000014901161 0.1000000014901161 0.1000000014901161
0.1000000014901161 0.1000000014901161 0.1000000014901161 0.1000000014901161 0.1000000014901161 0.1000000014901161
0.1000000014901161 0.1000000014901161 0.1000000014901161 0.1000000014901161 0.1000000014901161 0.1000000014901161
0.1000000014901161 0.1000000014901161 0.1000000014901161 0.1000000014901161 0.1000000014901161 0.1000000014901161
0.1000000014901161 0.1000000014901161 0.1000000014901161 0.1000000014901161 0.1000000014901161 0.1000000014901161
0.1000000014901161 0.1000000014901161 0.1000000014901161 0.1000000014901161 0.1000000014901161 0.1000000014901161
0.1000000014901161 0.1000000014901161 0.1000000014901161 0.1000000014901161 0.1000000014901161 0.1000000014901161
0.1000000014901161 0.1000000014901161 0.1000000014901161 0.1000000014901161 0.1000000014901161 0.1000000014901161
0.1000000014901161 0.1000000014901161 0.1000000014901161 0.1000000014901161 0.1000000014901161 0.1000000014901161
0.1000000014901161 0.1000000014901161 0.1000000014901161 0.1000000014901161 0.1000000014901161 0.1000000014901161
0.1000000014901161 0.1000000014901161 0.1000000014901161 0.1000000014901161 0.1000000014901161 0.1000000014901161
0.1000000014901161 0.1000000014901161 0.1000000014901161 0.1000000014901161 0.1000000014901161 0.1000000014901161
0.1000000014901161 0.1000000014901161 0.1000000014901161 0.1000000014901161 0.1000000014901161 0.1000000014901161
0.1000000014901161 0.1000000014901161 0.1000000014901161 0.1000000014901161 0.1000000014901161 0.1000000014901161
0.1000000014901161 0.1000000014901161 0.1000000014901161 0.1000000014901161 0.1000000014901161 0.1000000014901161
0.1000000014901161 0.1000000014901161 0.1000000014901161 0.1000000014901161 0.1000000014901161 0.1000000014901161
0.1000000014901161 0.1000000014901161 0.1000000014901161 0.1000000014901161 0.1000000014901161 0.1000000014901161
0.1000000014901161 0.1000000014901161 0.1000000014901161 0.1000000014901161 0.1000000014901161 0.1000000014901161
0.1000000014901161 0.1000000014901161 0.1000000014901161 0.1000000014901161 0.1000000014901161 0.1000000014901161
0.1000000014901161 0.1000000014901161 0.1000000014901161 0.1000000014901161 0.1000000014901161 0.1000000014901161
0.1000000014901161 0.1000000014901161 0.1000000014901161 0.1000000014901161 0.1000000014901161 0.1000000014901161
0.1000000014901161 0.1000000014901161 0.1000000014901161 0.1000000014901161 0.1000000014901161 0.1000000014901161
0.1000000014901161 0.1000000014901161 0.1000000014901161 0.1000000014901161 0.1000000014901161 0.1000000014901161
0.1000000014901161 0.1000000014901161 0.1000000014901161 0.1000000014901161 0.1000000014901161 0.1000000014901161
0.1000000014901161 0.1000000014901161 0.1000000014901161 0.1000000014901161 0.1000000014901161 0.1000000014901161
0.1000000014901161 0.1000000014901161 0.1000000014901161 0.1000000014901161 0.1000000014901161 0.1000000014901161
0.1000000014901161 0.1000000014901161 0.1000000014901161 0.1000000014901161 0.1000000014901161 0.1000000014901161
0.1000000014901161 0.1000000014901161 0.1000000014901161 0.1000000014901161 0.1000000014901161 0.1000000014901161
0.1000000014901161 0.1000000014901161 0.1000000014901161 0.1000000014901161 0.1000000014901161 0.1000000014901161
0.1000000014901161 0.1000000014901161 0.1000000014901161 0.1000000014901161 0.1000000014901161 0.1000000014901161
0.1000000014901161 0.1000000014901161 0.1000000014901161 0.1000000014901161 0.1000000014901161 0.1000000014901161
0.1000000014901161 0.1000000014901161 0.1000000014901161 0.1000000014901161 0.1000000014901161 0.1000000014901161
0.1000000014901161 0.1000000014901161 0.1000000014901161 0.1000000014901161 0.1000000014901161 0.1000000014901161
0.1000000014901161 0.1000000014901161 0.1000000014901161 0.1000000014901161 0.1000000014901161 0.1000000014901161
0.1000000014901161 0.1000000014901161 0.1000000014901161 0.1000000014901161 0.1000000014901161 0.1000000014901161
0.1000000014901161 0.1000000014901161 0.1000000014901161 0.1000000014901161 0.1000000014901161 0.1000000014901161
0.1000000014901161 0.1000000014901161 0.1000000014901161 0.1000000014901161 0.1000000014901161 0.1000000014901161
0.1000000014901161 0.1000000014901161 0.1000000014901161 0.1000000014901161 0.1000000014901161 0.1000000014901161
0.1000000014901161 0.1000000014901161 0.1000000014901161 0.1000000014901161 0.1000000014901161 0.1000000014901161
0.1000000014901161 0.1000000014901161 0.1000000014901161 0.1000000014901161 0.1000000014901161 0.1000000014901161
0.1000000014901161 0.1000000014901161 0.1000000014901161 0.1000000014901161 0.1000000014901161 0.1000000014901161
0.1000000014901161 0.1000000014901161 0.1000000014901161 0.1000000014901161 0.1000000014901161 0.1000000014901161
0.1000000014901161 0.1000000014901161 0.1000000014901161 0.1000000014901161 0.1000000014901161 0.1000000014901161
0.1000000014901161 0.1000000014901161 0.1000000014901161 0.1000000014901161 0.1000000014901161 0.1000000014901161
0.1000000014901161 0.1000000014901161 0.1000000014901161 0.1000000014901161 0.1000000014901161 0.1000000014901161
0.1000000014901161 0.1000000014901161 0.1000000014901161 0.1000000014901161 0.1000000014901161 0.1000000014901161
0.1000000014901161 0.1000000014901161 0.1000000014901161 0.1000000014901161 0.1000000014901161 0.1000000014901161
0.1000000014901161 0.1000000014901161 0.1000000014901161 0.1000000014901161 0.1000000014901161 0.1000000014901161
0.1000000014901161 0.1000000014901161 0.1000000014901161 0.1000000014901161 0.1000000014901161 0.1000000014901161
0.1000000014901161 0.1000000014901161 0.1000000014901161 0.1000000014901161 0.1000000014901161 0.1000000014901161
0.1000000014901161 0.1000000014901161 0.1000000014901161 0.1000000014901161 0.1000000014901161 0.1000000014901161
0.1000000014901161 0.1000000014901161 0.1000000014901161 0.1000000014901161 0.1000000014901161 0.1000000014901161
0.1000000014901161 0.1000000014901161 0.1000000014901161 0.1000000014901161 0.1000000014901161 0.1000000014901161
0.1000000014901161 0.1000000014901161 0.1000000014901161 0.1000000014901161 0.1000000014901161 0.1000000014901161
0.1000000014901161 0.1000000014901161 0.1000000014901161 0.1000000014901161 0.1000000014901161 0.1000000014901161
0.1000000014901161 0.1000000014901161 0.1000000014901161 0.1000000014901161 0.1000000014901161 0.1000000014901161
0.1000000014901161 0.1000000014901161 0.1000000014901161 0.1000000014901161 0.1000000014901161 0.1000000014901161
0.1000000014901161 0.1000000014901161 0.1000000014901161 0.1000000014901161 0.1000000014901161 0.1000000014901161
0.1000000014901161 0.1000000014901161 0.1000000014901161 0.1000000014901161 0.1000000014901161 0.1000000014901161
0.1000000014901161 0.1000000014901161 0.1000000014901161 0.1000000014901161 0.1000000014901161 0.1000000014901161
0.1000000014901161 0.1000000014901161 0.1000000014901161 0.1000000014901161 0.1000000014901161 0.1000000014901161
0.1000000014901161 0.1000000014901161 0.1000000014901161 0.1000000014901161 0.1000000014901161 0.1000000014901161
0.1000000014901161 0.1000000014901161 0.1000000014901161 0.1000000014901161 0.1000000014901161 0.1000000014901161
0.1000000014901161 0.1000000014901161 0.1000000014901161 0.1000000014901161 0.1000000014901161 0.1000000014901161
0.1000000014901161 0.1000000014901161 0.1000000014901161 0.1000000014901161 0.1000000014901161 0.1000000014901161
0.1000000014901161 0.1000000014901161 0.1000000014901161 0.1000000014901161 0.1000000014901161 0.1000000014901161
0.1000000014901161 0.1000000014901161 0.1000000014901161 0.1000000014901161 0.1000000014901161 0.1000000014901161
0.1000000014901161 0.1000000014901161 0.1000000014901161 0.1000000014901161 0.1000000014901161 0.1000000014901161
0.1000000014901161 0.1000000014901161 0.1000000014901161 0.1000000014901161 0.1000000014901161 0.1000000014901161
0.1000000014901161 0.1000000014901161 0.1000000014901161 0.1000000014901161 0.1000000014901161 0.1000000014901161
0.1000000014901161 0.1000000014901161 0.1000000014901161 0.1000000014901161 0.1000000014901161 0.1000000014901161
0.1000000014901161 0.1000000014901161 0.1000000014901161 0.1000000014901161 0.1000000014901161 0.1000000014901161
0.1000000014901161 0.1000000014901161 0.1000000014901161 0.1000000014901161 0.1000000014901161 0.1000000014901161
0.1000000014901161 0.1000000014901161 0.1000000014901161 0.1000000014901161 0.1000000014901161 0.1000000014901161
0.1000000014901161 0.1000000014901161 0.1000000014901161 0.1000000014901161 0.1000000014901161 0.1000000014901161
0.1000000014901161 0.1000000014901161 0.1000000014901161 0.1000000014901161 0.1000000014901161 0.1000000014901161
0.1000000014901161 0.1000000014901161 0.1000000014901161 0.1000000014901161 0.1000000014901161 0.1000000014901161
0.1000000014901161 0.1000000014901161 0.1000000014901161 0.1000000014901161 0.1000000014901161 0.1000000014901161
0.1000000014901161 0.1000000014901161 0.1000000014901161 0.1000000014901161 0.1000000014901161 0.1000000014901161
0.1000000014901161 0.1000000014901161 0.1000000014901161 0.1000000014901161 0.1000000014901161 0.1000000014901161
0.1000000014901161 0.1000000014901161 0.1000000014901161 0.1000000014901161 0.1000000014901161 0.1000000014901161
0.1000000014901161 0.1000000014901161 0.1000000014901161 0.1000000014901161 0.1000000014901161 0.1000000014901161
0.1000000014901161 0.1000000014901161 0.1000000014901161 0.1000000014901161 0.1000000014901161 0.1000000014901161
0.1000000014901161 0.1000000014901161 0.1000000014901161 0.1000000014901161 0.1000000014901161 0.1000000014901161
0.1000000014901161 0.1000000014901161 0.1000000014901161 0.1000000014901161 0.1000000014901161 0.1000000014901161
0.1000000014901161 0.1000000014901161 0.1000000014901161 0.1000000014901161 0.1000000014901161 0.1000000014901161
0.1000000014901161 0.1000000014901161 0.1000000014901161 0.1000000014901161 0.1000000014901161 0.1000000014901161
0.1000000014901161 0.1000000014901161 0.1000000014901161 0.1000000014901161 0.1000000014901161 0.1000000014901161
0.1000000014901161 0.1000000014901161 0.1000000014901161 0.1000000014901161 0.1000000014901161 0.1000000014901161
0.1000000014901161 0.1000000014901161 0.1000000014901161 0.1000000014901161 0.1000000014901161 0.1000000014901161
0.1000000014901161 0.1000000014901161 0.1000000014901161 0.1000000014901161 0.1000000014901161 0.1000000014901161
0.1000000014901161 0.1000000014901161 0.1000000014901161 0.1000000014901161 0.1000000014901161 0.1000000014901161
0.1000000014901161 0.1000000014901161 0.1000000014901161 0.1000000014901161 0.1000000014901161 0.1000000014901161
0.1000000014901161 0.1000000014901161 0.1000000014901161 0.1000000014901161 0.1000000014901161 0.1000000014901161
0.1000000014901161 0.1000000014901161 0.1000000014901161 0.1000000014901161 0.1000000014901161 0.1000000014901161
0.1000000014901161 0.1000000014901161 0.1000000014901161 0.1000000014901161 0.1000000014901161 0.1000000014901161
0.1000000014901161 0.1000000014901161 0.1000000014901161 0.1000000014901161 0.1000000014901161 0.1000000014901161
0.1000000014901161 0.1000000014901161 0.1000000014901161 0.1000000014901161 0.1000000014901161 0.1000000014901161
0.1000000014901161 0.1000000014901161 0.1000000014901161 0.1000000014901161 0.1000000014901161 0.1000000014901161
0.1000000014901161 0.1000000014901161 0.1000000014901161 0.1000000014901161 0.1000000014901161 0.1000000014901161
0.1000000014901161 0.1000000014901161 0.1000000014901161 0.1000000014901161 0.1000000014901161 0.1000000014901161
0.1000000014901161 0.1000000014901161 0.1000000014901161 0.1000000014901161 0.1000000014901161 0.1000000014901161
0.1000000014901161 0.1000000014901161 0.1000000014901161 0.1000000014901161 0.1000000014901161 0.1000000014901161
0.1000000014901161 0.1000000014901161 0.1000000014901161 0.1000000014901161 0.1000000014901161 0.1000000014901161
0.1000000014901161 0.1000000014901161 0.1000000014901161 0.1000000014901161 0.1000000014901161 0.1000000014901161
0.1000000014901161 0.1000000014901161 0.1000000014901161 0.1000000014901161 0.1000000014901161 0.1000000014901161
0.1000000014901161 0.1000000014901161 0.1000000014901161 0.1000000014901161 0.1000000014901161 0.1000000014901161
0.1000000014901161 0.1000000014901161 0.1000000014901161 0.1000000014901161 0.1000000014901161 0.1000000014901161
0.1000000014901161 0.1000000014901161 0.1000000014901161 0.1000000014901161 0.1000000014901161 0.1000000014901161
0.1000000014901161 0.1000000014901161 0.1000000014901161 0.1000000014901161 0.1000000014901161 0.1000000014901161
0.1000000014901161 0.1000000014901161 0.1000000014901161 0.1000000014901161 0.1000000014901161 0.1000000014901161
0.1000000014901161 0.1000000014901161 0.1000000014901161 0.1000000014901161 0.1000000014901161 0.1000000014901161
0.1000000014901161 0.1000000014901161 0.1000000014901161 0.1000000014901161 0.1000000014901161 0.1000000014901161
0.1000000014901161 0.1000000014901161 0.1000000014901161 0.1000000014901161 0.1000000014901161 0.1000000014901161
0.1000000014901161 0.1000000014901161 0.1000000014901161 0.1000000014901161 0.1000000014901161 0.1000000014901161
0.1000000014901161 0.1000000014901161 0.1000000014901161 0.1000000014901161 0.1000000014901161 0.1000000014901161
0.1000000014901161 0.1000000014901161 0.1000000014901161 0.1000000014901161 0.1000000014901161 0.1000000014901161
0.1000000014901161 0.1000000014901161 0.1000000014901161 0.1000000014901161 0.1000000014901161 0.1000000014901161
0.1000000014901161 0.1000000014901161 0.1000000014901161 0.1000000014901161 0.1000000014901161 0.1000000014901161
0.1000000014901161 0.1000000014901161 0.1000000014901161 0.1000000014901161 0.1000000014901161 0.1000000014901161
0.1000000014901161 0.1000000014901161 0.1000000014901161 0.1000000014901161 0.1000000014901161 0.1000000014901161
0.1000000014901161 0.1000000014901161 0.1000000014901161 0.1000000014901161 0.1000000014901161 0.1000000014901161
0.1000000014901161 0.1000000014901161 0.1000000014901161 0.1000000014901161 0.1000000014901161 0.1000000014901161
0.1000000014901161 0.1000000014901161 0.1000000014901161 0.1000000014901161 0.1000000014901161 0.1000000014901161
0.1000000014901161 0.1000000014901161 0.1000000014901161 0.1000000014901161 0.1000000014901161 0.1000000014901161
0.1000000014901161 0.1000000014901161 0.1000000014901161 0.1000000014901161 0.1000000014901161 0.1000000014901161
1.0000000000000000 1.0000000000000000 1.0000000000000000 1.0000000000000000 0
1.0000000000000000 1.0000000000000000 1.0000000000000000 1.0000000000000000 0
1.0000000000000000 1.0000000000000000 1.0000000000000000 1.0000000000000000 0
1.0000000000000000 1.0000000000000000 1.0000000000000000 1.0000000000000000 0
1.0000000000000000 1.0000000000000000 1.0000000000000000 1.0000000000000000 0
1.0000000000000000 1.0000000000000000 1.0000000000000000 1.0000000000000000 0
1.0000000000000000 1.0000000000000000 1.0000000000000000 1.0000000000000000 0
1.0000000000000000 1.0000000000000000 1.0000000000000000 1.0000000000000000 0
1.0000000000000000 1.0000000000000000 1.0000000000000000 1.0000000000000000 0
1.0000000000000000 1.0000000000000000 1.0000000000000000 1.0000000000000000 0
1.0000000000000000 1.0000000000000000 1.0000000000000000 1.0000000000000000 0
1.0000000000000000 1.0000000000000000 1.0000000000000000 1.0000000000000000 0
1.0000000000000000 1.0000000000000000 1.0000000000000000 1.0000000000000000 0
1.0000000000000000 1.0000000000000000 1.0000000000000000 1.0000000000000000 0
1.0000000000000000 1.0000000000000000 1.0000000000000000 1.0000000000000000 0
1.0000000000000000 1.0000000000000000 1.0000000000000000 1.0000000000000000 0
1.0000000000000000 1.0000000000000000 1.0000000000000000 1.0000000000000000 0
1.0000000000000000 1.0000000000000000 1.0000000000000000 1.0000000000000000 0
1.0000000000000000 1.0000000000000000 1.0000000000000000 1.0000000000000000 0
1.0000000000000000 1.0000000000000000 1.0000000000000000 1.0000000000000000 0
1.0000000000000000 1.0000000000000000 1.0000000000000000 1.0000000000000000 0
1.0000000000000000 1.0000000000000000 1.0000000000000000 1.0000000000000000 0
1.0000000000000000 1.0000000000000000 1.0000000000000000 1.0000000000000000 0
1.0000000000000000 1.0000000000000000 1.0000000000000000 1.0000000000000000 0
1.0000000000000000 1.0000000000000000 1.0000000000000000 1.0000000000000000 0
1.0000000000000000 1.0000000000000000 1.0000000000000000 1.0000000000000000 0
1.0000000000000000 1.0000000000000000 1.0000000000000000 1.0000000000000000 0
1.0000000000000000 1.0000000000000000 1.0000000000000000 1.0000000000000000 0
1.0000000000000000 1.0000000000000000 1.0000000000000000 1.0000000000000000 0
1.0000000000000000 1.0000000000000000 1.0000000000000000 1.0000000000000000 0
1.0000000000000000 1.0000000000000000 1.0000000000000000 1.0000000000000000 0
1.0000000000000000 1.0000000000000000 1.0000000000000000 1.0000000000000000 0
1.0000000000000000 1.0000000000000000 1.0000000000000000 1.0000000000000000 0
1.0000000000000000 1.0000000000000000 1.0000000000000000 1.0000000000000000 0
1.0000000000000000 1.0000000000000000 1.0000000000000000 1.0000000000000000 0
1.0000000000000000 1.0000000000000000 1.0000000000000000 1.0000000000000000 0
1.0000000000000000 1.0000000000000000 1.0000000000000000 1.0000000000000000 0
1.0000000000000000 1.0000000000000000 1.0000000000000000 1.0000000000000000 0
1.0000000000000000 1.0000000000000000 1.0000000000000000 1.0000000000000000 0
1.0000000000000000 1.0000000000000000 1.0000000000000000 1.0000000000000000 0
1.0000000000000000 1.0000000000000000 1.0000000000000000 1.0000000000000000 0
1.0000000000000000 1.0000000000000000 1.0000000000000000 1.0000000000000000 0
1.0000000000000000 1.0000000000000000 1.0000000000000000 1.0000000000000000 0
1.0000000000000000 1.0000000000000000 1.0000000000000000 1.0000000000000000 0
1.0000000000000000 1.0000000000000000 1.0000000000000000 1.0000000000000000 0
1.0000000000000000 1.0000000000000000 1.0000000000000000 1.0000000000000000 0
1.0000000000000000 1.0000000000000000 1.0000000000000000 1.0000000000000000 0
1.0000000000000000 1.0000000000000000 1.0000000000000000 1.0000000000000000 0
1.0000000000000000 1.0000000000000000 1.0000000000000000 1.0000000000000000 0
1.0000000000000000 1.0000000000000000 1.0000000000000000 1.0000000000000000 0
1.0000000000000000 1.0000000000000000 1.0000000000000000 1.0000000000000000 0
1.0000000000000000 1.0000000000000000 1.0000000000000000 1.0000000000000000 0
1.0000000000000000 1.0000000000000000 1.0000000000000000 1.0000000000000000 0
1.0000000000000000 1.0000000000000000 1.0000000000000000 1.0000000000000000 0
1.0000000000000000 1.0000000000000000 1.0000000000000000 1.0000000000000000 0
1.0000000000000000 1.0000000000000000 1.0000000000000000 1.0000000000000000 0
1.0000000000000000 1.0000000000000000 1.0000000000000000 1.0000000000000000 0
1.0000000000000000 1.0000000000000000 1.0000000000000000 1.0000000000000000 0
1.0000000000000000 1.0000000000000000 1.0000000000000000 1.0000000000000000 0
1.0000000000000000 1.0000000000000000 1.0000000000000000 1.0000000000000000 0
1.0000000000000000 1.0000000000000000 1.0000000000000000 1.0000000000000000 0
1.0000000000000000 1.0000000000000000 1.0000000000000000 1.0000000000000000 0
1.0000000000000000 1.0000000000000000 1.0000000000000000 1.0000000000000000 0
1.0000000000000000 1.0000000000000000 1.0000000000000000 1.0000000000000000 0
0.1000000014901161 0.1000000014901161 0.1000000014901161 0.1000000014901161 0.1000000014901161 0.1000000014901161
0.1000000014901161 0.1000000014901161 0.1000000014901161 0.1000000014901161 0.1000000014901161 0.1000000014901161
0.1000000014901161 0.1000000014901161 0.1000000014901161 0.1000000014901161 0.1000000014901161 0.1000000014901161
0.1000000014901161 0.1000000014901161 0.1000000014901161 0.1000000014901161 0.1000000014901161 0.1000000014901161
0.1000000014901161 0.1000000014901161 0.1000000014901161 0.1000000014901161 0.1000000014901161 0.1000000014901161
0.1000000014901161 0.1000000014901161 0.1000000014901161 0.1000000014901161 0.1000000014901161 0.1000000014901161
0.1000000014901161 0.1000000014901161 0.1000000014901161 0.1000000014901161 0.1000000014901161 0.1000000014901161
0.1000000014901161 0.1000000014901161 0.1000000014901161 0.1000000014901161 0.1000000014901161 0.1000000014901161
0.1000000238418579 0.1000000238418579 0.1000000238418579 0.1000000238418579 0.1000000238418579 0.1000000238418579
0.1000000014901161 0.1000000014901161 0.1000000014901161 0.1000000014901161 0.1000000014901161 0.1000000014901161
0.1000000014901161 0.1000000014901161 0.1000000014901161 0.1000000014901161 0.1000000014901161 0.1000000014901161
0.1000000536441803 0.1000000536441803 0.1000000536441803 0.1000000536441803 0.1000000536441803 0.1000000536441803
0.1000000014901161 0.1000000014901161 0.1000000014901161 0.1000000014901161 0.1000000014901161 0.1000000014901161
0.1000000014901161 0.1000000014901161 0.1000000014901161 0.1000000014901161 0.1000000014901161 0.1000000014901161
0.1000000536441803 0.1000000536441803 0.1000000536441803 0.1000000536441803 0.1000000536441803 0.1000000536441803
0.1000000014901161 0.1000000014901161 0.1000000014901161 0.1000000014901161 0.1000000014901161 0.1000000014901161
0.1000000014901161 0.1000000014901161 0.1000000014901161 0.1000000014901161 0.1000000014901161 0.1000000014901161
0.1000000014901161 0.1000000014901161 0.1000000014901161 0.1000000014901161 0.1000000014901161 0.1000000014901161
0.1000000014901161 0.1000000014901161 0.1000000014901161 0.1000000014901161 0.1000000014901161 0.1000000014901161
0.1000000014901161 0.1000000014901161 0.1000000014901161 0.1000000014901161 0.1000000014901161 0.1000000014901161
0.1000000014901161 0.1000000014901161 0.1000000014901161 0.1000000014901161 0.1000000014901161 0.1000000014901161
0.1000000014901161 0.1000000014901161 0.1000000014901161 0.1000000014901161 0.1000000014901161 0.1000000014901161
0.1000000014901161 0.1000000014901161 0.1000000014901161 0.1000000014901161 0.1000000014901161 0.1000000014901161
0.1000000014901161 0.1000000014901161 0.1000000014901161 0.1000000014901161 0.1000000014901161 0.1000000014901161
0.1000000014901161 0.1000000014901161 0.1000000014901161 0.1000000014901161 0.1000000014901161 0.1000000014901161
0.1000000014901161 0.1000000014901161 0.1000000014901161 0.1000000014901161 0.1000000014901161 0.1000000014901161
0.1000000014901161 0.1000000014901161 0.1000000014901161 0.1000000014901161 0.1000000014901161 0.1000000014901161
0.1000000163912773 0.1000000163912773 0.1000000163912773 0.1000000163912773 0.1000000163912773 0.1000000163912773
0.1000000163912773 0.1000000163912773 0.1000000163912773 0.1000000163912773 0.1000000163912773 0.1000000163912773
0.1000001132488251 0.1000001132488251 0.1000001132488251 0.1000001132488251 0.1000001132488251 0.1000001132488251
0.1000001430511475 0.1000001430511475 0.1000001430511475 0.1000001430511475 0.1000001430511475 0.1000001430511475
0.1000001430511475 0.1000001430511475 0.1000001430511475 0.1000001430511475 0.1000001430511475 0.1000001430511475
0.1000002101063728 0.1000002101063728 0.1000002101063728 0.1000002101063728 0.1000002101063728 0.1000002101063728
0.1000000759959221 0.1000000759959221 0.1000000759959221 0.1000000759959221 0.1000000759959221 0.1000000759959221
0.1000002026557922 0.1000002026557922 0.1000002026557922 0.1000002026557922 0.1000002026557922 0.1000002026557922
0.1000000014901161 0.1000000014901161 0.1000000014901161 0.1000000014901161 0.1000000014901161 0.1000000014901161
0.1000000908970833 0.1000000908970833 0.1000000908970833 0.1000000908970833 0.1000000908970833 0.1000000908970833
0.1000000014901161 0.1000000014901161 0.1000000014901161 0.1000000014901161 0.1000000014901161 0.1000000014901161
0.1000000014901161 0.1000000014901161 0.1000000014901161 0.1000000014901161 0.1000000014901161 0.1000000014901161
0.1000000014901161 0.1000000014901161 0.1000000014901161 0.1000000014901161 0.1000000014901161 0.1000000014901161
0.1000000014901161 0.1000000014901161 0.1000000014901161 0.1000000014901161 0.1000000014901161 0.1000000014901161
0.1000000014901161 0.1000000014901161 0.1000000014901161 0.1000000014901161 0.1000000014901161 0.1000000014901161
0.1000000014901161 0.1000000014901161 0.1000000014901161 0.1000000014901161 0.1000000014901161 0.1000000014901161
0.1000001206994057 0.1000001206994057 0.1000001206994057 0.1000001206994057 0.1000001206994057 0.1000001206994057
0.1000000387430191 0.1000000387430191 0.1000000387430191 0.1000000387430191 0.1000000387430191 0.1000000387430191
0.1000002771615982 0.1000002771615982 0.1000002771615982 0.1000002771615982 0.1000002771615982 0.1000002771615982
0.1000002250075340 0.1000002250075340 0.1000002250075340 0.1000002250075340 0.1000002250075340 0.1000002250075340
0.1000002920627594 0.1000002920627594 0.1000002920627594 0.1000002920627594 0.1000002920627594 0.1000002920627594
0.1000003293156624 0.1000003293156624 0.1000003293156624 0.1000003293156624 0.1000003293156624 0.1000003293156624
0.1000002250075340 0.1000002250075340 0.1000002250075340 0.1000002250075340 0.1000002250075340 0.1000002250075340
0.1000002995133400 0.1000002995133400 0.1000002995133400 0.1000002995133400 0.1000002995133400 0.1000002995133400
0.1000000834465027 0.1000000834465027 0.1000000834465027 0.1000000834465027 0.1000000834465027 0.1000000834465027
0.1000001877546310 0.1000001877546310 0.1000001877546310 0.1000001877546310 0.1000001877546310 0.1000001877546310
0.1000000014901161 0.1000000014901161 0.1000000014901161 0.1000000014901161 0.1000000014901161 0.1000000014901161
0.1000000238418579 0.1000000238418579 0.1000000238418579 0.1000000238418579 0.1000000238418579 0.1000000238418579
0.1000000014901161 0.1000000014901161 0.1000000014901161 0.1000000014901161 0.1000000014901161 0.1000000014901161
0.1000000163912773 0.1000000163912773 0.1000000163912773 0.1000000163912773 0.1000000163912773 0.1000000163912773
0.1000000014901161 0.1000000014901161 0.1000000014901161 0.1000000014901161 0.1000000014901161 0.1000000014901161
0.1000000014901161 0.1000000014901161 0.1000000014901161 0.1000000014901161 0.1000000014901161 0.1000000014901161
0.1000001430511475 0.1000001430511475 0.1000001430511475 0.1000001430511475 0.1000001430511475 0.1000001430511475
0.1000000312924385 0.1000000312924385 0.1000000312924385 0.1000000312924385 0.1000000312924385 0.1000000312924385
0.1000002920627594 0.1000002920627594 0.1000002920627594 0.1000002920627594 0.1000002920627594 0.1000002920627594
0.1000002026557922 0.1000002026557922 0.1000002026557922 0.1000002026557922 0.1000002026557922 0.1000002026557922
0.1000003293156624 0.1000003293156624 0.1000003293156624 0.1000003293156624 0.1000003293156624 0.1000003293156624
0.1000003218650818 0.1000003218650818 0.1000003218650818 0.1000003218650818 0.1000003218650818 0.1000003218650818
0.1000002548098564 0.1000002548098564 0.1000002548098564 0.1000002548098564 0.1000002548098564 0.1000002548098564
0.1000002697110176 0.1000002697110176 0.1000002697110176 0.1000002697110176 0.1000002697110176 0.1000002697110176
0.1000000908970833 0.1000000908970833 0.1000000908970833 0.1000000908970833 0.1000000908970833 0.1000000908970833
0.1000001654028893 0.1000001654028893 0.1000001654028893 0.1000001654028893 0.1000001654028893 0.1000001654028893
0.1000000163912773 0.1000000163912773 0.1000000163912773 0.1000000163912773 0.1000000163912773 0.1000000163912773
0.1000000238418579 0.1000000238418579 0.1000000238418579 0.1000000238418579 0.1000000238418579 0.1000000238418579
0.1000000014901161 0.1000000014901161 0.1000000014901161 0.1000000014901161 0.1000000014901161 0.1000000014901161
0.1000000089406967 0.1000000089406967 0.1000000089406967 0.1000000089406967 0.1000000089406967 0.1000000089406967
0.1000000014901161 0.1000000014901161 0.1000000014901161 0.1000000014901161 0.1000000014901161 0.1000000014901161
0.1000000014901161 0.1000000014901161 0.1000000014901161 0.1000000014901161 0.1000000014901161 0.1000000014901161
0.1000000834465027 0.1000000834465027 0.1000000834465027 0.1000000834465027 0.1000000834465027 0.1000000834465027
0.1000000163912773 0.1000000163912773 0.1000000163912773 0.1000000163912773 0.1000000163912773 0.1000000163912773
0.1000002250075340 0.1000002250075340 0.1000002250075340 0.1000002250075340 0.1000002250075340 0.1000002250075340
0.1000001057982445 0.1000001057982445 0.1000001057982445 0.1000001057982445 0.1000001057982445 0.1000001057982445
0.1000002548098564 0.1000002548098564 0.1000002548098564 0.1000002548098564 0.1000002548098564 0.1000002548098564
0.1000001877546310 0.1000001877546310 0.1000001877546310 0.1000001877546310 0.1000001877546310 0.1000001877546310
0.1000001952052116 0.1000001952052116 0.1000001952052116 0.1000001952052116 0.1000001952052116 0.1000001952052116
0.1000001505017281 0.1000001505017281 0.1000001505017281 0.1000001505017281 0.1000001505017281 0.1000001505017281
0.1000000387430191 0.1000000387430191 0.1000000387430191 0.1000000387430191 0.1000000387430191 0.1000000387430191
0.1000000536441803 0.1000000536441803 0.1000000536441803 0.1000000536441803 0.1000000536441803 0.1000000536441803
0.1000000089406967 0.1000000089406967 0.1000000089406967 0.1000000089406967 0.1000000089406967 0.1000000089406967
0.1000000089406967 0.1000000089406967 0.1000000089406967 0.1000000089406967 0.1000000089406967 0.1000000089406967
0.1000000014901161 0.1000000014901161 0.1000000014901161 0.1000000014901161 0.1000000014901161 0.1000000014901161
0.1000000014901161 0.1000000014901161 0.1000000014901161 0.1000000014901161 0.1000000014901161 0.1000000014901161
0.1000000014901161 0.1000000014901161 0.1000000014901161 0.1000000014901161 0.1000000014901161 0.1000000014901161
0.1000000014901161 0.1000000014901161 0.1000000014901161 0.1000000014901161 0.1000000014901161 0.1000000014901161
0.1000000238418579 0.1000000238418579 0.1000000238418579 0.1000000238418579 0.1000000238418579 0.1000000238418579
0.1000000014901161 0.1000000014901161 0.1000000014901161 0.1000000014901161 0.1000000014901161 0.1000000014901161
0.1000000834465027 0.1000000834465027 0.1000000834465027 0.1000000834465027 0.1000000834465027 0.1000000834465027
0.1000000089406967 0.1000000089406967 0.1000000089406967 0.1000000089406967 0.1000000089406967 0.1000000089406967
0.1000000834465027 0.1000000834465027 0.1000000834465027 0.1000000834465027 0.1000000834465027 0.1000000834465027
0.1000000461935997 0.1000000461935997 0.1000000461935997 0.1000000461935997 0.1000000461935997 0.1000000461935997
0.1000000387430191 0.1000000387430191 0.1000000387430191 0.1000000387430191 0.1000000387430191 0.1000000387430191
0.1000000312924385 0.1000000312924385 0.1000000312924385 0.1000000312924385 0.1000000312924385 0.1000000312924385
0.1000000089406967 0.1000000089406967 0.1000000089406967 0.1000000089406967 0.1000000089406967 0.1000000089406967
0.1000000089406967 0.1000000089406967 0.1000000089406967 0.1000000089406967 0.1000000089406967 0.1000000089406967
0.1000000014901161 0.1000000014901161 0.1000000014901161 0.1000000014901161 0.1000000014901161 0.1000000014901161
0.1000000014901161 0.1000000014901161 0.1000000014901161 0.1000000014901161 0.1000000014901161 0.1000000014901161
0.1000000014901161 0.1000000014901161 0.1000000014901161 0.1000000014901161 0.1000000014901161 0.1000000014901161
0.1000000014901161 0.1000000014901161 0.1000000014901161 0.1000000014901161 0.1000000014901161 0.1000000014901161
0.1000000014901161 0.1000000014901161 0.1000000014901161 0.1000000014901161 0.1000000014901161 0.1000000014901161
0.1000000014901161 0.1000000014901161 0.1000000014901161 0.1000000014901161 0.1000000014901161 0.1000000014901161
0.1000000014901161 0.1000000014901161 0.1000000014901161 0.1000000014901161 0.1000000014901161 0.1000000014901161
0.1000000014901161 0.1000000014901161 0.1000000014901161 0.1000000014901161 0.1000000014901161 0.1000000014901161
0.1000000089406967 0.1000000089406967 0.1000000089406967 0.1000000089406967 0.1000000089406967 0.1000000089406967
0.1000000014901161 0.1000000014901161 0.1000000014901161 0.1000000014901161 0.1000000014901161 0.1000000014901161
0.1000000089406967 0.1000000089406967 0.1000000089406967 0.1000000089406967 0.1000000089406967 0.1000000089406967
0.1000000014901161 0.1000000014901161 0.1000000014901161 0.1000000014901161 0.1000000014901161 0.1000000014901161
0.1000000014901161 0.1000000014901161 0.1000000014901161 0.1000000014901161 0.1000000014901161 0.1000000014901161
0.1000000014901161 0.1000000014901161 0.1000000014901161 0.1000000014901161 0.1000000014901161 0.1000000014901161
0.1000000014901161 0.1000000014901161 0.1000000014901161 0.1000000014901161 0.1000000014901161 0.1000000014901161
0.1000000014901161 0.1000000014901161 0.1000000014901161 0.1000000014901161 0.1000000014901161 0.1000000014901161
0.1000000014901161 0.1000000014901161 0.1000000014901161 0.1000000014901161 0.1000000014901161 0.1000000014901161
0.1000000014901161 0.1000000014901161 0.1000000014901161 0.1000000014901161 0.1000000014901161 0.1000000014901161
0.1000000014901161 0.1000000014901161 0.1000000014901161 0.1000000014901161 0.1000000014901161 0.1000000014901161
0.1000000014901161 0.1000000014901161 0.1000000014901161 0.1000000014901161 0.1000000014901161 0.1000000014901161
0.1000000014901161 0.1000000014901161 0.1000000014901161 0.1000000014901161 0.1000000014901161 0.1000000014901161
0.1000000014901161 0.1000000014901161 0.1000000014901161 0.1000000014901161 0.1000000014901161 0.1000000014901161
0.1000000014901161 0.1000000014901161 0.1000000014901161 0.1000000014901161 0.1000000014901161 0.1000000014901161
0.1000000014901161 0.1000000014901161 0.1000000014901161 0.1000000014901161 0.1000000014901161 0.1000000014901161
0.1000000014901161 0.1000000014901161 0.1000000014901161 0.1000000014901161 0.1000000014901161 0.1000000014901161
0.1000000014901161 0.1000000014901161 0.1000000014901161 0.1000000014901161 0.1000000014901161 0.1000000014901161
0.1000000014901161 0.1000000014901161 0.1000000014901161 0.1000000014901161 0.1000000014901161 0.1000000014901161
1.0000000000000000 1.0000000000000000 1.0000000000000000 1.0000000000000000 0
1.0000000000000000 1.0000000000000000 1.0000000000000000 1.0000000000000000 0
1.0000000000000000 1.0000000000000000 1.0000000000000000 1.0000000000000000 0
1.0000000000000000 1.0000000000000000 1.0000000000000000 1.0000000000000000 0
1.0000000000000000 1.0000000000000000 1.0000000000000000 1.0000000000000000 0
1.0000000000000000 1.0000000000000000 1.0000000000000000 1.0000000000000000 0
1.0000000000000000 1.0000000000000000 1.0000000000000000 1.0000000000000000 0
1.0000000000000000 1.0000000000000000 1.0000000000000000 1.0000000000000000 0
1.0000000000000000 1.0000000000000000 1.0000000000000000 1.0000000000000000 0
1.0000000000000000 1.0000000000000000 1.0000000000000000 1.0000000000000000 0
1.0000000000000000 1.0000000000000000 1.0000000000000000 1.0000000000000000 0
1.0000000000000000 1.0000000000000000 1.0000000000000000 1.0000000000000000 0
1.0000000000000000 1.0000000000000000 1.0000000000000000 1.0000000000000000 0
1.0000000000000000 1.0000000000000000 1.0000000000000000 1.0000000000000000 0
1.0000000000000000 1.0000000000000000 1.0000000000000000 1.0000000000000000 0
1.0000000000000000 1.0000000000000000 1.0000000000000000 1.0000000000000000 0
1.0000000000000000 1.0000000000000000 1.0000000000000000 1.0000000000000000 0
1.0000000000000000 1.0000000000000000 1.0000000000000000 1.0000000000000000 0
1.0000000000000000 1.0000000000000000 1.0000000000000000 1.0000000000000000 0
1.0000000000000000 1.0000000000000000 1.0000000000000000 1.0000000000000000 0
1.0000000000000000 1.0000000000000000 1.0000000000000000 1.0000000000000000 0
1.0000000000000000 1.0000000000000000 1.0000000000000000 1.0000000000000000 0
1.0000000000000000 1.0000000000000000 1.0000000000000000 1.0000000000000000 0
1.0000000000000000 1.0000000000000000 1.0000000000000000 1.0000000000000000 0
1.0000000000000000 1.0000000000000000 1.0000000000000000 1.0000000000000000 0
1.0000000000000000 1.0000000000000000 1.0000000000000000 1.0000000000000000 0
1.0000000000000000 1.0000000000000000 1.0000000000000000 1.0000000000000000 0
1.0000000000000000 1.0000000000000000 1.0000000000000000 1.0000000000000000 0
1.0000000000000000 1.0000000000000000 1.0000000000000000 1.0000000000000000 0
1.0000000000000000 1.0000000000000000 1.0000000000000000 1.0000000000000000 0
1.0000000000000000 1.0000000000000000 1.0000000000000000 1.0000000000000000 0
1.0000000000000000 1.0000000000000000 1.0000000000000000 1.0000000000000000 0
1.0000000000000000 1.0000000000000000 1.0000000000000000 1.0000000000000000 0
1.0000000000000000 1.0000000000000000 1.0000000000000000 1.0000000000000000 0
1.0000000000000000 1.0000000000000000 1.0000000000000000 1.0000000000000000 0
1.0000000000000000 1.0000000000000000 1.0000000000000000 1.0000000000000000 0
1.0000000000000000 1.0000000000000000 1.0000000000000000 1.0000000000000000 0
1.0000000000000000 1.0000000000000000 1.0000000000000000 1.0000000000000000 0
1.0000000000000000 1.0000000000000000 1.0000000000000000 1.0000000000000000 0
1.0000000000000000 1.0000000000000000 1.0000000000000000 1.0000000000000000 0
1.0000000000000000 1.0000000000000000 1.0000000000000000 1.0000000000000000 0
1.0000000000000000 1.0000000000000000 1.0000000000000000 1.0000000000000000 0
1.0000000000000000 1.0000000000000000 1.0000000000000000 1.0000000000000000 0
1.0000000000000000 1.0000000000000000 1.0000000000000000 1.0000000000000000 0
1.0000000000000000 1.0000000000000000 1.0000000000000000 1.0000000000000000 0
1.0000000000000000 1.0000000000000000 1.0000000000000000 1.0000000000000000 0
1.0000000000000000 1.0000000000000000 1.0000000000000000 1.0000000000000000 0
1.0000000000000000 1.0000000000000000 1.0000000000000000 1.0000000000000000 0
1.0000000000000000 1.0000000000000000 1.0000000000000000 1.0000000000000000 0
1.0000000000000000 1.0000000000000000 1.0000000000000000 1.0000000000000000 0
1.0000000000000000 1.0000000000000000 1.0000000000000000 1.0000000000000000 0
1.0000000000000000 1.0000000000000000 1.0000000000000000 1.0000000000000000 0
1.0000000000000000 1.0000000000000000 1.0000000000000000 1.0000000000000000 0
1.0000000000000000 1.0000000000000000 1.0000000000000000 1.0000000000000000 0
1.0000000000000000 1.0000000000000000 1.0000000000000000 1.0000000000000000 0
1.0000000000000000 1.0000000000000000 1.0000000000000000 1.0000000000000000 0
1.0000000000000000 1.0000000000000000 1.0000000000000000 1.0000000000000000 0
1.0000000000000000 1.0000000000000000 1.0000000000000000 1.0000000000000000 0
1.0000000000000000 1.0000000000000000 1.0000000000000000 1.0000000000000000 0
1.0000000000000000 1.0000000000000000 1.0000000000000000 1.0000000000000000 0
1.0000000000000000 1.0000000000000000 1.0000000000000000 1.0000000000000000 0
1.0000000000000000 1.0000000000000000 1.0000000000000000 1.0000000000000000 0
1.0000000000000000 1.0000000000000000 1.0000000000000000 1.0000000000000000 0
1.0000000000000000 1.0000000000000000 1.0000000000000000 1.0000000000000000 0
0.1000000014901161 0.1000000014901161 0.1000000014901161 0.1000000014901161 0.1000000014901161 0.1000000014901161
0.1000000014901161 0.1000000014901161 0.1000000014901161 0.1000000014901161 0.1000000014901161 0.1000000014901161
0.1000000014901161 0.1000000014901161 0.1000000014901161 0.1000000014901161 0.1000000014901161 0.1000000014901161
0.1000000014901161 0.1000000014901161 0.1000000014901161 0.1000000014901161 0.1000000014901161 0.1000000014901161
0.1000000014901161 0.1000000014901161 0.1000000014901161 0.1000000014901161 0.1000000014901161 0.1000000014901161
0.1000000014901161 0.1000000014901161 0.1000000014901161 0.1000000014901161 0.1000000014901161 0.1000000014901161
0.1000000014901161 0.1000000014901161 0.1000000014901161 0.1000000014901161 0.1000000014901161 0.1000000014901161
0.1000000014901161 0.1000000014901161 0.1000000014901161 0.1000000014901161 0.1000000014901161 0.1000000014901161
0.1000000163912773 0.1000000163912773 0.1000000163912773 0.1000000163912773 0.1000000163912773 0.1000000163912773
0.1000000014901161 0.1000000014901161 0.1000000014901161 0.1000000014901161 0.1000000014901161 0.1000000014901161
0.1000000014901161 0.1000000014901161 0.1000000014901161 0.1000000014901161 0.1000000014901161 0.1000000014901161
0.1000000163912773 0.1000000163912773 0.1000000163912773 0.1000000163912773 0.1000000163912773 0.1000000163912773
0.1000000014901161 0.1000000014901161 0.1000000014901161 0.1000000014901161 0.1000000014901161 0.1000000014901161
0.1000000014901161 0.1000000014901161 0.1000000014901161 0.1000000014901161 0.1000000014901161 0.1000000014901161
0.1000000014901161 0.1000000014901161 0.1000000014901161 0.1000000014901161 0.1000000014901161 0.1000000014901161
0.1000000014901161 0.1000000014901161 0.1000000014901161 0.1000000014901161 0.1000000014901161 0.1000000014901161
0.1000000014901161 0.1000000014901161 0.1000000014901161 0.1000000014901161 0.1000000014901161 0.1000000014901161
0.1000000014901161 0.1000000014901161 0.1000000014901161 0.1000000014901161 0.1000000014901161 0.1000000014901161
0.1000000014901161 0.1000000014901161 0.1000000014901161 0.1000000014901161 0.1000000014901161 0.1000000014901161
0.1000000014901161 0.1000000014901161 0.1000000014901161 0.1000000014901161 0.1000000014901161 0.1000000014901161
0.1000000014901161 0.1000000014901161 0.1000000014901161 0.1000000014901161 0.1000000014901161 0.1000000014901161
0.1000000014901161 0.1000000014901161 0.1000000014901161 0.1000000014901161 0.1000000014901161 0.1000000014901161
0.1000000014901161 0.1000000014901161 0.1000000014901161 0.1000000014901161 0.1000000014901161 0.1000000014901161
0.1000000014901161 0.1000000014901161 0.1000000014901161 0.1000000014901161 0.1000000014901161 0.1000000014901161
0.1000000014901161 0.1000000014901161 0.1000000014901161 0.1000000014901161 0.1000000014901161 0.1000000014901161
0.1000000014901161 0.1000000014901161 0.1000000014901161 0.1000000014901161 0.1000000014901161 0.1000000014901161
0.1000000014901161 0.1000000014901161 0.1000000014901161 0.1000000014901161 0.1000000014901161 0.1000000014901161
0.1000000238418579 0.1000000238418579 0.1000000238418579 0.1000000238418579 0.1000000238418579 0.1000000238418579
0.1000000238418579 0.1000000238418579 0.1000000238418579 0.1000000238418579 0.1000000238418579 0.1000000238418579
0.1000000759959221 0.1000000759959221 0.1000000759959221 0.1000000759959221 0.1000000759959221 0.1000000759959221
0.1000001430511475 0.1000001430511475 0.1000001430511475 0.1000001430511475 0.1000001430511475 0.1000001430511475
0.1000000387430191 0.1000000387430191 0.1000000387430191 0.1000000387430191 0.1000000387430191 0.1000000387430191
0.1000001281499863 0.1000001281499863 0.1000001281499863 0.1000001281499863 0.1000001281499863 0.1000001281499863
0.1000000014901161 0.1000000014901161 0.1000000014901161 0.1000000014901161 0.1000000014901161 0.1000000014901161
0.1000000759959221 0.1000000759959221 0.1000000759959221 0.1000000759959221 0.1000000759959221 0.1000000759959221
0.1000000014901161 0.1000000014901161 0.1000000014901161 0.1000000014901161 0.1000000014901161 0.1000000014901161
0.1000000014901161 0.1000000014901161 0.1000000014901161 0.1000000014901161 0.1000000014901161 0.1000000014901161
0.1000000014901161 0.1000000014901161 0.1000000014901161 0.1000000014901161 0.1000000014901161 0.1000000014901161
0.1000000014901161 0.1000000014901161 0.1000000014901161 0.1000000014901161 0.1000000014901161 0.1000000014901161
0.1000000014901161 0.1000000014901161 0.1000000014901161 0.1000000014901161 0.1000000014901161 0.1000000014901161
0.1000000163912773 0.1000000163912773 0.1000000163912773 0.1000000163912773 0.1000000163912773 0.1000000163912773
0.1000000014901161 0.1000000014901161 0.1000000014901161 0.1000000014901161 0.1000000014901161 0.1000000014901161
0.1000000014901161 0.1000000014901161 0.1000000014901161 0.1000000014901161 0.1000000014901161 0.1000000014901161
0.1000001505017281 0.1000001505017281 0.1000001505017281 0.1000001505017281 0.1000001505017281 0.1000001505017281
0.1000000983476639 0.1000000983476639 0.1000000983476639 0.1000000983476639 0.1000000983476639 0.1000000983476639
0.1000002324581146 0.1000002324581146 0.1000002324581146 0.1000002324581146 0.1000002324581146 0.1000002324581146
0.1000002697110176 0.1000002697110176 0.1000002697110176 0.1000002697110176 0.1000002697110176 0.1000002697110176
0.1000002175569534 0.1000002175569534 0.1000002175569534 0.1000002175569534 0.1000002175569534 0.1000002175569534
0.1000002995133400 0.1000002995133400 0.1000002995133400 0.1000002995133400 0.1000002995133400 0.1000002995133400
0.1000000983476639 0.1000000983476639 0.1000000983476639 0.1000000983476639 0.1000000983476639 0.1000000983476639
0.1000002250075340 0.1000002250075340 0.1000002250075340 0.1000002250075340 0.1000002250075340 0.1000002250075340
0.1000000014901161 0.1000000014901161 0.1000000014901161 0.1000000014901161 0.1000000014901161 0.1000000014901161
0.1000000908970833 0.1000000908970833 0.1000000908970833 0.1000000908970833 0.1000000908970833 0.1000000908970833
0.1000000014901161 0.1000000014901161 0.1000000014901161 0.1000000014901161 0.1000000014901161 0.1000000014901161
0.1000000014901161 0.1000000014901161 0.1000000014901161 0.1000000014901161 0.1000000014901161 0.1000000014901161
0.1000000014901161 0.1000000014901161 0.1000000014901161 0.1000000014901161 0.1000000014901161 0.1000000014901161
0.1000000312924385 0.1000000312924385 0.1000000312924385 0.1000000312924385 0.1000000312924385 0.1000000312924385
0.1000000014901161 0.1000000014901161 0.1000000014901161 0.1000000014901161 0.1000000014901161 0.1000000014901161
0.1000000089406967 0.1000000089406967 0.1000000089406967 0.1000000089406967 0.1000000089406967 0.1000000089406967
0.1000002101063728 0.1000002101063728 0.1000002101063728 0.1000002101063728 0.1000002101063728 0.1000002101063728
0.1000001430511475 0.1000001430511475 0.1000001430511475 0.1000001430511475 0.1000001430511475 0.1000001430511475
0.1000003293156624 0.1000003293156624 0.1000003293156624 0.1000003293156624 0.1000003293156624 0.1000003293156624
0.1000002920627594 0.1000002920627594 0.1000002920627594 0.1000002920627594 0.1000002920627594 0.1000002920627594
0.1000002995133400 0.1000002995133400 0.1000002995133400 0.1000002995133400 0.1000002995133400 0.1000002995133400
0.1000003144145012 0.1000003144145012 0.1000003144145012 0.1000003144145012 0.1000003144145012 0.1000003144145012
0.1000001877546310 0.1000001877546310 0.1000001877546310 0.1000001877546310 0.1000001877546310 0.1000001877546310
0.1000002622604370 0.1000002622604370 0.1000002622604370 0.1000002622604370 0.1000002622604370 0.1000002622604370
0.1000000163912773 0.1000000163912773 0.1000000163912773 0.1000000163912773 0.1000000163912773 0.1000000163912773
0.1000000759959221 0.1000000759959221 0.1000000759959221 0.1000000759959221 0.1000000759959221 0.1000000759959221
0.1000000014901161 0.1000000014901161 0.1000000014901161 0.1000000014901161 0.1000000014901161 0.1000000014901161
0.1000000089406967 0.1000000089406967 0.1000000089406967 0.1000000089406967 0.1000000089406967 0.1000000089406967
0.1000000014901161 0.1000000014901161 0.1000000014901161 0.1000000014901161 0.1000000014901161 0.1000000014901161
0.1000000312924385 0.1000000312924385 0.1000000312924385 0.1000000312924385 0.1000000312924385 0.1000000312924385
0.1000000014901161 0.1000000014901161 0.1000000014901161 0.1000000014901161 0.1000000014901161 0.1000000014901161
0.1000000014901161 0.1000000014901161 0.1000000014901161 0.1000000014901161 0.1000000014901161 0.1000000014901161
0.1000001803040504 0.1000001803040504 0.1000001803040504 0.1000001803040504 0.1000001803040504 0.1000001803040504
0.1000000983476639 0.1000000983476639 0.1000000983476639 0.1000000983476639 0.1000000983476639 0.1000000983476639
0.1000003144145012 0.1000003144145012 0.1000003144145012 0.1000003144145012 0.1000003144145012 0.1000003144145012
0.1000002250075340 0.1000002250075340 0.1000002250075340 0.1000002250075340 0.1000002250075340 0.1000002250075340
0.1000002697110176 0.1000002697110176 0.1000002697110176 0.1000002697110176 0.1000002697110176 0.1000002697110176
0.1000002324581146 0.1000002324581146 0.1000002324581146 0.1000002324581146 0.1000002324581146 0.1000002324581146
0.1000001654028893 0.1000001654028893 0.1000001654028893 0.1000001654028893 0.1000001654028893 0.1000001654028893
0.1000002175569534 0.1000002175569534 0.1000002175569534 0.1000002175569534 0.1000002175569534 0.1000002175569534
0.1000000238418579 0.1000000238418579 0.1000000238418579 0.1000000238418579 0.1000000238418579 0.1000000238418579
0.1000000461935997 0.1000000461935997 0.1000000461935997 0.1000000461935997 0.1000000461935997 0.1000000461935997
0.1000000089406967 0.1000000089406967 0.1000000089406967 0.1000000089406967 0.1000000089406967 0.1000000089406967
0.1000000089406967 0.1000000089406967 0.1000000089406967 0.1000000089406967 0.1000000089406967 0.1000000089406967
0.1000000014901161 0.1000000014901161 0.1000000014901161 0.1000000014901161 0.1000000014901161 0.1000000014901161
0.1000000163912773 0.1000000163912773 0.1000000163912773 0.1000000163912773 0.1000000163912773 0.1000000163912773
0.1000000014901161 0.1000000014901161 0.1000000014901161 0.1000000014901161 0.1000000014901161 0.1000000014901161
0.1000000014901161 0.1000000014901161 0.1000000014901161 0.1000000014901161 0.1000000014901161 0.1000000014901161
0.1000001057982445 0.1000001057982445 0.1000001057982445 0.1000001057982445 0.1000001057982445 0.1000001057982445
0.1000000238418579 0.1000000238418579 0.1000000238418579 0.1000000238418579 0.1000000238418579 0.1000000238418579
0.1000001728534698 0.1000001728534698 0.1000001728534698 0.1000001728534698 0.1000001728534698 0.1000001728534698
0.1000000983476639 0.1000000983476639 0.1000000983476639 0.1000000983476639 0.1000000983476639 0.1000000983476639
0.1000001505017281 0.1000001505017281 0.1000001505017281 0.1000001505017281 0.1000001505017281 0.1000001505017281
0.1000001132488251 0.1000001132488251 0.1000001132488251 0.1000001132488251 0.1000001132488251 0.1000001132488251
0.1000000461935997 0.1000000461935997 0.1000000461935997 0.1000000461935997 0.1000000461935997 0.1000000461935997
0.1000000536441803 0.1000000536441803 0.1000000536441803 0.1000000536441803 0.1000000536441803 0.1000000536441803
0.1000000089406967 0.1000000089406967 0.1000000089406967 0.1000000089406967 0.1000000089406967 0.1000000089406967
0.1000000089406967 0.1000000089406967 0.1000000089406967 0.1000000089406967 0.1000000089406967 0.1000000089406967
0.1000000014901161 0.1000000014901161 0.1000000014901161 0.1000000014901161 0.1000000014901161 0.1000000014901161
0.1000000014901161 0.1000000014901161 0.1000000014901161 0.1000000014901161 0.1000000014901161 0.1000000014901161
0.1000000014901161 0.1000000014901161 0.1000000014901161 0.1000000014901161 0.1000000014901161 0.1000000014901161
0.1000000014901161 0.1000000014901161 0.1000000014901161 0.1000000014901161 0.1000000014901161 0.1000000014901161
0.1000000014901161 0.1000000014901161 0.1000000014901161 0.1000000014901161 0.1000000014901161 0.1000000014901161
0.1000000014901161 0.1000000014901161 0.1000000014901161 0.1000000014901161 0.1000000014901161 0.1000000014901161
0.1000000238418579 0.1000000238418579 0.1000000238418579 0.1000000238418579 0.1000000238418579 0.1000000238418579
0.1000000014901161 0.1000000014901161 0.1000000014901161 0.1000000014901161 0.1000000014901161 0.1000000014901161
0.1000000387430191 0.1000000387430191 0.1000000387430191 0.1000000387430191 0.1000000387430191 0.1000000387430191
0.1000000163912773 0.1000000163912773 0.1000000163912773 0.1000000163912773 0.1000000163912773 0.1000000163912773
0.1000000312924385 0.1000000312924385 0.1000000312924385 0.1000000312924385 0.1000000312924385 0.1000000312924385
0.1000000089406967 0.1000000089406967 0.1000000089406967 0.1000000089406967 0.1000000089406967 0.1000000089406967
0.1000000014901161 0.1000000014901161 0.1000000014901161 0.1000000014901161 0.1000000014901161 0.1000000014901161
0.1000000014901161 0.1000000014901161 0.1000000014901161 0.1000000014901161 0.1000000014901161 0.1000000014901161
0.1000000014901161 0.1000000014901161 0.1000000014901161 0.1000000014901161 0.1000000014901161 0.1000000014901161
0.1000000014901161 0.1000000014901161 0.1000000014901161 0.1000000014901161 0.1000000014901161 0.1000000014901161
0.1000000014901161 0.1000000014901161 0.1000000014901161 0.1000000014901161 0.1000000014901161 0.1000000014901161
0.1000000014901161 0.1000000014901161 0.1000000014901161 0.1000000014901161 0.1000000014901161 0.1000000014901161
0.1000000014901161 0.1000000014901161 0.1000000014901161 0.1000000014901161 0.1000000014901161 0.1000000014901161
0.1000000014901161 0.1000000014901161 0.1000000014901161 0.1000000014901161 0.1000000014901161 0.1000000014901161
0.1000000014901161 0.1000000014901161 0.1000000014901161 0.1000000014901161 0.1000000014901161 0.1000000014901161
0.1000000014901161 0.1000000014901161 0.1000000014901161 0.1000000014901161 0.1000000014901161 0.1000000014901161
0.1000000014901161 0.1000000014901161 0.1000000014901161 0.1000000014901161 0.1000000014901161 0.1000000014901161
0.1000000014901161 0.1000000014901161 0.1000000014901161 0.1000000014901161 0.1000000014901161 0.1000000014901161
0.1000000014901161 0.1000000014901161 0.1000000014901161 0.1000000014901161 0.1000000014901161 0.1000000014901161
0.1000000014901161 0.1000000014901161 0.1000000014901161 0.1000000014901161 0.1000000014901161 0.1000000014901161
0.1000000014901161 0.1000000014901161 0.1000000014901161 0.1000000014901161 0.1000000014901161 0.1000000014901161
1.0000000000000000 1.0000000000000000 1.0000000000000000 1.0000000000000000 0
1.0000000000000000 1.0000000000000000 1.0000000000000000 1.0000000000000000 0
1.0000000000000000 1.0000000000000000 1.0000000000000000 1.0000000000000000 0
1.0000000000000000 1.0000000000000000 1.0000000000000000 1.0000000000000000 0
1.0000000000000000 1.0000000000000000 1.0000000000000000 1.0000000000000000 0
1.0000000000000000 1.0000000000000000 1.0000000000000000 1.0000000000000000 0
1.0000000000000000 1.0000000000000000 1.0000000000000000 1.0000000000000000 0
1.0000000000000000 1.0000000000000000 1.0000000000000000 1.0000000000000000 0
1.0000000000000000 1.0000000000000000 1.0000000000000000 1.0000000000000000 0
1.0000000000000000 1.0000000000000000 1.0000000000000000 1.0000000000000000 0
1.0000008344650269 1.0000008344650269 1.0000008344650269 1.0000008344650269 0
1.0000022649765015 1.0000022649765015 1.0000022649765015 1.0000022649765015 0
1.0000015497207642 1.0000015497207642 1.0000015497207642 1.0000015497207642 0
1.0000002384185791 1.0000002384185791 1.0000002384185791 1.0000002384185791 0
1.0000000000000000 1.0000000000000000 1.0000000000000000 1.0000000000000000 0
1.0000000000000000 1.0000000000000000 1.0000000000000000 1.0000000000000000 0
1.0000000000000000 1.0000000000000000 1.0000000000000000 1.0000000000000000 0
1.0000004768371582 1.0000004768371582 1.0000004768371582 1.0000004768371582 0
1.0000030994415283 1.0000030994415283 1.0000030994415283 1.0000030994415283 0
1.0000050067901611 1.0000050067901611 1.0000050067901611 1.0000050067901611 0
1.0000044107437134 1.0000044107437134 1.0000044107437134 1.0000044107437134 0
1.0000023841857910 1.0000023841857910 1.0000023841857910 1.0000023841857910 0
1.0000001192092896 1.0000001192092896 1.0000001192092896 1.0000001192092896 0
1.0000000000000000 1.0000000000000000 1.0000000000000000 1.0000000000000000 0
1.0000000000000000 1.0000000000000000 1.0000000000000000 1.0000000000000000 0
1.0000004768371582 1.0000004768371582 1.0000004768371582 1.0000004768371582 0
1.0000034570693970 1.0000034570693970 1.0000034570693970 1.0000034570693970 0
1.0000053644180298 1.0000053644180298 1.0000053644180298 1.0000053644180298 0
1.0000047683715820 1.0000047683715820 1.0000047683715820 1.0000047683715820 0
1.0000029802322388 1.0000029802322388 1.0000029802322388 1.0000029802322388 0
1.0000003576278687 1.0000003576278687 1.0000003576278687 1.0000003576278687 0
1.0000000000000000 1.0000000000000000 1.0000000000000000 1.0000000000000000 0
1.0000000000000000 1.0000000000000000 1.0000000000000000 1.0000000000000000 0
1.0000003576278687 1.0000003576278687 1.0000003576278687 1.0000003576278687 0
1.0000025033950806 1.0000025033950806 1.0000025033950806 1.0000025033950806 0
1.0000040531158447 1.0000040531158447 1.0000040531158447 1.0000040531158447 0
1.0000039339065552 1.0000039339065552 1.0000039339065552 1.0000039339065552 0
1.0000015497207642 1.0000015497207642 1.0000015497207642 1.0000015497207642 0
1.0000002384185791 1.0000002384185791 1.0000002384185791 1.0000002384185791 0
1.0000000000000000 1.0000000000000000 1.0000000000000000 1.0000000000000000 0
1.0000000000000000 1.0000000000000000 1.0000000000000000 1.0000000000000000 0
1.0000000000000000 1.0000000000000000 1.0000000000000000 1.0000000000000000 0
1.0000008344650269 1.0000008344650269 1.0000008344650269 1.0000008344650269 0
1.0000013113021851 1.0000013113021851 1.0000013113021851 1.0000013113021851 0
1.0000013113021851 1.0000013113021851 1.0000013113021851 1.0000013113021851 0
1.0000002384185791 1.0000002384185791 1.0000002384185791 1.0000002384185791 0
1.0000000000000000 1.0000000000000000 1.0000000000000000 1.0000000000000000 0
1.0000000000000000 1.0000000000000000 1.0000000000000000 1.0000000000000000 0
1.0000000000000000 1.0000000000000000 1.0000000000000000 1.0000000000000000 0
1.0000000000000000 1.0000000000000000 1.0000000000000000 1.0000000000000000 0
1.0000000000000000 1.0000000000000000 1.0000000000000000 1.0000000000000000 0
1.0000000000000000 1.0000000000000000 1.0000000000000000 1.0000000000000000 0
1.0000000000000000 1.0000000000000000 1.0000000000000000 1.0000000000000000 0
1.0000000000000000 1.0000000000000000 1.0000000000000000 1.0000000000000000 0
1.0000000000000000 1.0000000000000000 1.0000000000000000 1.0000000000000000 0
1.0000000000000000 1.0000000000000000 1.0000000000000000 1.0000000000000000 0
1.0000000000000000 1.0000000000000000 1.0000000000000000 1.0000000000000000 0
1.0000000000000000 1.0000000000000000 1.0000000000000000 1.0000000000000000 0
1.0000000000000000 1.0000000000000000 1.0000000000000000 1.0000000000000000 0
1.0000000000000000 1.0000000000000000 1.0000000000000000 1.0000000000000000 0
1.0000000000000000 1.0000000000000000 1.0000000000000000 1.0000000000000000 0
1.0000000000000000 1.0000000000000000 1.0000000000000000 1.0000000000000000 0
1.0000000000000000 1.0000000000000000 1.0000000000000000 1.0000000000000000 0
1.0000000000000000 1.0000000000000000 1.0000000000000000 1.0000000000000000 0
0.1000000759959221 0.1000000759959221 0.1000000759959221 0.1000000759959221 0.1000000759959221 0.1000000759959221
0.1000000089406967 0.1000000089406967 0.1000000089406967 0.1000000089406967 0.1000000089406967 0.1000000089406967
0.1000000908970833 0.1000000908970833 0.1000000908970833 0.1000000908970833 0.1000000908970833 0.1000000908970833
0.1000000089406967 0.1000000089406967 0.1000000089406967 0.1000000089406967 0.1000000089406967 0.1000000089406967
0.1000004187226295 0.1000004187226295 0.1000004187226295 0.1000004187226295 0.1000004187226295 0.1000004187226295
0.1000004410743713 0.1000004410743713 0.1000004410743713 0.1000004410743713 0.1000004410743713 0.1000004410743713
0.1000001057982445 0.1000001057982445 0.1000001057982445 0.1000001057982445 0.1000001057982445 0.1000001057982445
0.1000006496906281 0.1000006496906281 0.1000006496906281 0.1000006496906281 0.1000006496906281 0.1000006496906281
0.1000007614493370 0.1000007614493370 0.1000007614493370 0.1000007614493370 0.1000007614493370 0.1000007614493370
0.1000004783272743 0.1000004783272743 0.1000004783272743 0.1000004783272743 0.1000004783272743 0.1000004783272743
0.1000006571412086 0.1000006571412086 0.1000006571412086 0.1000006571412086 0.1000006571412086 0.1000006571412086
0.1000009551644325 0.1000009551644325 0.1000009551644325 0.1000009551644325 0.1000009551644325 0.1000009551644325
0.1000005751848221 0.1000005751848221 0.1000005751848221 0.1000005751848221 0.1000005751848221 0.1000005751848221
0.1000005528330803 0.1000005528330803 0.1000005528330803 0.1000005528330803 0.1000005528330803 0.1000005528330803
0.1000008359551430 0.1000008359551430 0.1000008359551430 0.1000008359551430 0.1000008359551430 0.1000008359551430
0.1000003889203072 0.1000003889203072 0.1000003889203072 0.1000003889203072 0.1000003889203072 0.1000003889203072
0.1000002026557922 0.1000002026557922 0.1000002026557922 0.1000002026557922 0.1000002026557922 0.1000002026557922
0.1000006422400475 0.1000006422400475 0.1000006422400475 0.1000006422400475 0.1000006422400475 0.1000006422400475
0.1000002473592758 0.1000002473592758 0.1000002473592758 0.1000002473592758 0.1000002473592758 0.1000002473592758
0.1000000089406967 0.1000000089406967 0.1000000089406967 0.1000000089406967 0.1000000089406967 0.1000000089406967
0.1000001952052116 0.1000001952052116 0.1000001952052116 0.1000001952052116 0.1000001952052116 0.1000001952052116
0.1000000089406967 0.1000000089406967 0.1000000089406967 0.1000000089406967 0.1000000089406967 0.1000000089406967
0.1000000238418579 0.1000000238418579 0.1000000238418579 0.1000000238418579 0.1000000238418579 0.1000000238418579
0.1000000014901161 0.1000000014901161 0.1000000014901161 0.1000000014901161 0.1000000014901161 0.1000000014901161
0.1000004112720490 0.1000004112720490 0.1000004112720490 0.1000004112720490 0.1000004112720490 0.1000004112720490
0.1000002101063728 0.1000002101063728 0.1000002101063728 0.1000002101063728 0.1000002101063728 0.1000002101063728
0.1000003740191460 0.1000003740191460 0.1000003740191460 0.1000003740191460 0.1000003740191460 0.1000003740191460
0.1000007838010788 0.1000007838010788 0.1000007838010788 0.1000007838010788 0.1000007838010788 0.1000007838010788
0.1000007316470146 0.1000007316470146 0.1000007316470146 0.1000007316470146 0.1000007316470146 0.1000007316470146
0.1000010743737221 0.1000010743737221 0.1000010743737221 0.1000010743737221 0.1000010743737221 0.1000010743737221
0.1000011935830116 0.1000011935830116 0.1000011935830116 0.1000011935830116 0.1000011935830116 0.1000011935830116
0.1000011935830116 0.1000011935830116 0.1000011935830116 0.1000011935830116 0.1000011935830116 0.1000011935830116
0.1000014692544937 0.1000014692544937 0.1000014692544937 0.1000014692544937 0.1000014692544937 0.1000014692544937
0.1000010520219803 0.1000010520219803 0.1000010520219803 0.1000010520219803 0.1000010520219803 0.1000010520219803
0.1000013872981071 0.1000013872981071 0.1000013872981071 0.1000013872981071 0.1000013872981071 0.1000013872981071
0.1000006422400475 0.1000006422400475 0.1000006422400475 0.1000006422400475 0.1000006422400475 0.1000006422400475
0.1000010594725609 0.1000010594725609 0.1000010594725609 0.1000010594725609 0.1000010594725609 0.1000010594725609
0.1000002548098564 0.1000002548098564 0.1000002548098564 0.1000002548098564 0.1000002548098564 0.1000002548098564
0.1000005900859833 0.1000005900859833 0.1000005900859833 0.1000005900859833 0.1000005900859833 0.1000005900859833
0.1000002473592758 0.1000002473592758 0.1000002473592758 0.1000002473592758 0.1000002473592758 0.1000002473592758
0.1000006720423698 0.1000006720423698 0.1000006720423698 0.1000006720423698 0.1000006720423698 0.1000006720423698
0.1000004261732101 0.1000004261732101 0.1000004261732101 0.1000004261732101 0.1000004261732101 0.1000004261732101
0.1000005081295967 0.1000005081295967 0.1000005081295967 0.1000005081295967 0.1000005081295967 0.1000005081295967
0.1000011339783669 0.1000011339783669 0.1000011339783669 0.1000011339783669 0.1000011339783669 0.1000011339783669
0.1000009328126907 0.1000009328126907 0.1000009328126907 0.1000009328126907 0.1000009328126907 0.1000009328126907
0.1000015512108803 0.1000015512108803 0.1000015512108803 0.1000015512108803 0.1000015512108803 0.1000015512108803
0.1000015065073967 0.1000015065073967 0.1000015065073967 0.1000015065073967 0.1000015065073967 0.1000015065073967
0.1000016331672668 0.1000016331672668 0.1000016331672668 0.1000016331672668 0.1000016331672668 0.1000016331672668
0.1000017300248146 0.1000017300248146 0.1000017300248146 0.1000017300248146 0.1000017300248146 0.1000017300248146
0.1000014469027519 0.1000014469027519 0.1000014469027519 0.1000014469027519 0.1000014469027519 0.1000014469027519
0.1000016555190086 0.1000016555190086 0.1000016555190086 0.1000016555190086 0.1000016555190086 0.1000016555190086
0.1000009924173355 0.1000009924173355 0.1000009924173355 0.1000009924173355 0.1000009924173355 0.1000009924173355
0.1000013127923012 0.1000013127923012 0.1000013127923012 0.1000013127923012 0.1000013127923012 0.1000013127923012
0.1000005453824997 0.1000005453824997 0.1000005453824997 0.1000005453824997 0.1000005453824997 0.1000005453824997
0.1000007688999176 0.1000007688999176 0.1000007688999176 0.1000007688999176 0.1000007688999176 0.1000007688999176
0.1000004187226295 0.1000004187226295 0.1000004187226295 0.1000004187226295 0.1000004187226295 0.1000004187226295
0.1000006720423698 0.1000006720423698 0.1000006720423698 0.1000006720423698 0.1000006720423698 0.1000006720423698
0.1000004336237907 0.1000004336237907 0.1000004336237907 0.1000004336237907 0.1000004336237907 0.1000004336237907
0.1000004038214684 0.1000004038214684 0.1000004038214684 0.1000004038214684 0.1000004038214684 0.1000004038214684
0.1000012382864952 0.1000012382864952 0.1000012382864952 0.1000012382864952 0.1000012382864952 0.1000012382864952
0.1000008806586266 0.1000008806586266 0.1000008806586266 0.1000008806586266 0.1000008806586266 0.1000008806586266
0.1000016704201698 0.1000016704201698 0.1000016704201698 0.1000016704201698 0.1000016704201698 0.1000016704201698
0.1000014543533325 0.1000014543533325 0.1000014543533325 0.1000014543533325 0.1000014543533325 0.1000014543533325
0.1000018045306206 0.1000018045306206 0.1000018045306206 0.1000018045306206 0.1000018045306206 0.1000018045306206
0.1000017076730728 0.1000017076730728 0.1000017076730728 0.1000017076730728 0.1000017076730728 0.1000017076730728
0.1000015661120415 0.1000015661120415 0.1000015661120415 0.1000015661120415 0.1000015661120415 0.1000015661120415
0.1000015959143639 0.1000015959143639 0.1000015959143639 0.1000015959143639 0.1000015959143639 0.1000015959143639
0.1000011041760445 0.1000011041760445 0.1000011041760445 0.1000011041760445 0.1000011041760445 0.1000011041760445
0.1000012606382370 0.1000012606382370 0.1000012606382370 0.1000012606382370 0.1000012606382370 0.1000012606382370
0.1000005975365639 0.1000005975365639 0.1000005975365639 0.1000005975365639 0.1000005975365639 0.1000005975365639
0.1000006720423698 0.1000006720423698 0.1000006720423698 0.1000006720423698 0.1000006720423698 0.1000006720423698
0.1000003069639206 0.1000003069639206 0.1000003069639206 0.1000003069639206 0.1000003069639206 0.1000003069639206
0.1000005453824997 0.1000005453824997 0.1000005453824997 0.1000005453824997 0.1000005453824997 0.1000005453824997
0.1000003069639206 0.1000003069639206 0.1000003069639206 0.1000003069639206 0.1000003069639206 0.1000003069639206
0.1000002250075340 0.1000002250075340 0.1000002250075340 0.1000002250075340 0.1000002250075340 0.1000002250075340
0.1000010371208191 0.1000010371208191 0.1000010371208191 0.1000010371208191 0.1000010371208191 0.1000010371208191
0.1000006347894669 0.1000006347894669 0.1000006347894669 0.1000006347894669 0.1000006347894669 0.1000006347894669
0.1000014394521713 0.1000014394521713 0.1000014394521713 0.1000014394521713 0.1000014394521713 0.1000014394521713
0.1000010967254639 0.1000010967254639 0.1000010967254639 0.1000010967254639 0.1000010967254639 0.1000010967254639
0.1000015363097191 0.1000015363097191 0.1000015363097191 0.1000015363097191 0.1000015363097191 0.1000015363097191
0.1000013053417206 0.1000013053417206 0.1000013053417206 0.1000013053417206 0.1000013053417206 0.1000013053417206
0.1000013276934624 0.1000013276934624 0.1000013276934624 0.1000013276934624 0.1000013276934624 0.1000013276934624
0.1000012010335922 0.1000012010335922 0.1000012010335922 0.1000012010335922 0.1000012010335922 0.1000012010335922
0.1000008732080460 0.1000008732080460 0.1000008732080460 0.1000008732080460 0.1000008732080460 0.1000008732080460
0.1000009477138519 0.1000009477138519 0.1000009477138519 0.1000009477138519 0.1000009477138519 0.1000009477138519
0.1000004485249519 0.1000004485249519 0.1000004485249519 0.1000004485249519 0.1000004485249519 0.1000004485249519
0.1000004708766937 0.1000004708766937 0.1000004708766937 0.1000004708766937 0.1000004708766937 0.1000004708766937
0.1000001057982445 0.1000001057982445 0.1000001057982445 0.1000001057982445 0.1000001057982445 0.1000001057982445
0.1000002399086952 0.1000002399086952 0.1000002399086952 0.1000002399086952 0.1000002399086952 0.1000002399086952
0.1000000536441803 0.1000000536441803 0.1000000536441803 0.1000000536441803 0.1000000536441803 0.1000000536441803
0.1000000163912773 0.1000000163912773 0.1000000163912773 0.1000000163912773 0.1000000163912773 0.1000000163912773
0.1000006720423698 0.1000006720423698 0.1000006720423698 0.1000006720423698 0.1000006720423698 0.1000006720423698
0.1000002622604370 0.1000002622604370 0.1000002622604370 0.1000002622604370 0.1000002622604370 0.1000002622604370
0.1000009924173355 0.1000009924173355 0.1000009924173355 0.1000009924173355 0.1000009924173355 0.1000009924173355
0.1000006869435310 0.1000006869435310 0.1000006869435310 0.1000006869435310 0.1000006869435310 0.1000006869435310
0.1000010296702385 0.1000010296702385 0.1000010296702385 0.1000010296702385 0.1000010296702385 0.1000010296702385
0.1000008136034012 0.1000008136034012 0.1000008136034012 0.1000008136034012 0.1000008136034012 0.1000008136034012
0.1000008508563042 0.1000008508563042 0.1000008508563042 0.1000008508563042 0.1000008508563042 0.1000008508563042
0.1000006943941116 0.1000006943941116 0.1000006943941116 0.1000006943941116 0.1000006943941116 0.1000006943941116
0.1000005379319191 0.1000005379319191 0.1000005379319191 0.1000005379319191 0.1000005379319191 0.1000005379319191
0.1000004857778549 0.1000004857778549 0.1000004857778549 0.1000004857778549 0.1000004857778549 0.1000004857778549
0.1000001057982445 0.1000001057982445 0.1000001057982445 0.1000001057982445 0.1000001057982445 0.1000001057982445
0.1000000536441803 0.1000000536441803 0.1000000536441803 0.1000000536441803 0.1000000536441803 0.1000000536441803
0.1000000089406967 0.1000000089406967 0.1000000089406967 0.1000000089406967 0.1000000089406967 0.1000000089406967
0.1000000238418579 0.1000000238418579 0.1000000238418579 0.1000000238418579 0.1000000238418579 0.1000000238418579
0.1000000014901161 0.1000000014901161 0.1000000014901161 0.1000000014901161 0.1000000014901161 0.1000000014901161
0.1000000014901161 0.1000000014901161 0.1000000014901161 0.1000000014901161 0.1000000014901161 0.1000000014901161
0.1000002846121788 0.1000002846121788 0.1000002846121788 0.1000002846121788 0.1000002846121788 0.1000002846121788
0.1000000834465027 0.1000000834465027 0.1000000834465027 0.1000000834465027 0.1000000834465027 0.1000000834465027
0.1000005304813385 0.1000005304813385 0.1000005304813385 0.1000005304813385 0.1000005304813385 0.1000005304813385
0.1000004336237907 0.1000004336237907 0.1000004336237907 0.1000004336237907 0.1000004336237907 0.1000004336237907
0.1000005304813385 0.1000005304813385 0.1000005304813385 0.1000005304813385 0.1000005304813385 0.1000005304813385
0.1000005230307579 0.1000005230307579 0.1000005230307579 0.1000005230307579 0.1000005230307579 0.1000005230307579
0.1000003963708878 0.1000003963708878 0.1000003963708878 0.1000003963708878 0.1000003963708878 0.1000003963708878
0.1000003665685654 0.1000003665685654 0.1000003665685654 0.1000003665685654 0.1000003665685654 0.1000003665685654
0.1000000908970833 0.1000000908970833 0.1000000908970833 0.1000000908970833 0.1000000908970833 0.1000000908970833
0.1000001505017281 0.1000001505017281 0.1000001505017281 0.1000001505017281 0.1000001505017281 0.1000001505017281
0.1000000014901161 0.1000000014901161 0.1000000014901161 0.1000000014901161 0.1000000014901161 0.1000000014901161
0.1000000014901161 0.1000000014901161 0.1000000014901161 0.1000000014901161 0.1000000014901161 0.1000000014901161
0.1000000014901161 0.1000000014901161 0.1000000014901161 0.1000000014901161 0.1000000014901161 0.1000000014901161
0.1000000089406967 0.1000000089406967 0.1000000089406967 0.1000000089406967 0.1000000089406967 0.1000000089406967
0.1000000014901161 0.1000000014901161 0.1000000014901161 0.1000000014901161 0.1000000014901161 0.1000000014901161
0.1000001430511475 0.1000001430511475 0.1000001430511475 0.1000001430511475 0.1000001430511475 0.1000001430511475
0.1000003963708878 0.1000003963708878 0.1000003963708878 0.1000003963708878 0.1000003963708878 0.1000003963708878
0.1000003144145012 0.1000003144145012 0.1000003144145012 0.1000003144145012 0.1000003144145012 0.1000003144145012
0.1000002250075340 0.1000002250075340 0.1000002250075340 0.1000002250075340 0.1000002250075340 0.1000002250075340
0.1000000238418579 0.1000000238418579 0.1000000238418579 0.1000000238418579 0.1000000238418579 0.1000000238418579
0.1000000014901161 0.1000000014901161 0.1000000014901161 0.1000000014901161 0.1000000014901161 0.1000000014901161
1.0000000000000000 1.0000000000000000 1.0000000000000000 1.0000000000000000 0
1.0000000000000000 1.0000000000000000 1.0000000000000000 1.0000000000000000 0
1.0000000000000000 1.0000000000000000 1.0000000000000000 1.0000000000000000 0
1.0000000000000000 1.0000000000000000 1.0000000000000000 1.0000000000000000 0
1.0000000000000000 1.0000000000000000 1.0000000000000000 1.0000000000000000 0
1.0000000000000000 1.0000000000000000 1.0000000000000000 1.0000000000000000 0
1.0000000000000000 1.0000000000000000 1.0000000000000000 1.0000000000000000 0
1.0000000000000000 1.0000000000000000 1.0000000000000000 1.0000000000000000 0
1.0000000000000000 1.0000000000000000 1.0000000000000000 1.0000000000000000 0
1.0000000000000000 1.0000000000000000 1.0000000000000000 1.0000000000000000 0
1.0000005960464478 1.0000005960464478 1.0000005960464478 1.0000005960464478 0
1.0000009536743164 1.0000009536743164 1.0000009536743164 1.0000009536743164 0
1.0000000000000000 1.0000000000000000 1.0000000000000000 1.0000000000000000 0
1.0000000000000000 1.0000000000000000 1.0000000000000000 1.0000000000000000 0
1.0000000000000000 1.0000000000000000 1.0000000000000000 1.0000000000000000 0
1.0000000000000000 1.0000000000000000 1.0000000000000000 1.0000000000000000 0
1.0000000000000000 1.0000000000000000 1.0000000000000000 1.0000000000000000 0
1.0000007152557373 1.0000007152557373 1.0000007152557373 1.0000007152557373 0
1.0000032186508179 1.0000032186508179 1.0000032186508179 1.0000032186508179 0
1.0000038146972656 1.0000038146972656 1.0000038146972656 1.0000038146972656 0
1.0000025033950806 1.0000025033950806 1.0000025033950806 1.0000025033950806 0
1.0000002384185791 1.0000002384185791 1.0000002384185791 1.0000002384185791 0
1.0000000000000000 1.0000000000000000 1.0000000000000000 1.0000000000000000 0
1.0000000000000000 1.0000000000000000 1.0000000000000000 1.0000000000000000 0
1.0000001192092896 1.0000001192092896 1.0000001192092896 1.0000001192092896 0
1.0000020265579224 1.0000020265579224 1.0000020265579224 1.0000020265579224 0
1.0000051259994507 1.0000051259994507 1.0000051259994507 1.0000051259994507 0
1.0000051259994507 1.0000051259994507 1.0000051259994507 1.0000051259994507 0
1.0000044107437134 1.0000044107437134 1.0000044107437134 1.0000044107437134 0
1.0000013113021851 1.0000013113021851 1.0000013113021851 1.0000013113021851 0
1.0000000000000000 1.0000000000000000 1.0000000000000000 1.0000000000000000 0
1.0000000000000000 1.0000000000000000 1.0000000000000000 1.0000000000000000 0
1.0000001192092896 1.0000001192092896 1.0000001192092896 1.0000001192092896 0
1.0000017881393433 1.0000017881393433 1.0000017881393433 1.0000017881393433 0
1.0000041723251343 1.0000041723251343 1.0000041723251343 1.0000041723251343 0
1.0000048875808716 1.0000048875808716 1.0000048875808716 1.0000048875808716 0
1.0000039339065552 1.0000039339065552 1.0000039339065552 1.0000039339065552 0
1.0000008344650269 1.0000008344650269 1.0000008344650269 1.0000008344650269 0
1.0000001192092896 1.0000001192092896 1.0000001192092896 1.0000001192092896 0
1.0000000000000000 1.0000000000000000 1.0000000000000000 1.0000000000000000 0
1.0000000000000000 1.0000000000000000 1.0000000000000000 1.0000000000000000 0
1.0000007152557373 1.0000007152557373 1.0000007152557373 1.0000007152557373 0
1.0000026226043701 1.0000026226043701 1.0000026226043701 1.0000026226043701 0
1.0000030994415283 1.0000030994415283 1.0000030994415283 1.0000030994415283 0
1.0000015497207642 1.0000015497207642 1.0000015497207642 1.0000015497207642 0
1.0000002384185791 1.0000002384185791 1.0000002384185791 1.0000002384185791 0
1.0000000000000000 1.0000000000000000 1.0000000000000000 1.0000000000000000 0
1.0000000000000000 1.0000000000000000 1.0000000000000000 1.0000000000000000 0
1.0000000000000000 1.0000000000000000 1.0000000000000000 1.0000000000000000 0
1.0000000000000000 1.0000000000000000 1.0000000000000000 1.0000000000000000 0
1.0000003576278687 1.0000003576278687 1.0000003576278687 1.0000003576278687 0
1.0000005960464478 1.0000005960464478 1.0000005960464478 1.0000005960464478 0
1.0000000000000000 1.0000000000000000 1.0000000000000000 1.0000000000000000 0
1.0000000000000000 1.0000000000000000 1.0000000000000000 1.0000000000000000 0
1.0000000000000000 1.0000000000000000 1.0000000000000000 1.0000000000000000 0
1.0000000000000000 1.0000000000000000 1.0000000000000000 1.0000000000000000 0
1.0000000000000000 1.0000000000000000 1.0000000000000000 1.0000000000000000 0
1.0000000000000000 1.0000000000000000 1.0000000000000000 1.0000000000000000 0
1.0000000000000000 1.0000000000000000 1.0000000000000000 1.0000000000000000 0
1.0000000000000000 1.0000000000000000 1.0000000000000000 1.0000000000000000 0
1.0000000000000000 1.0000000000000000 1.0000000000000000 1.0000000000000000 0
1.0000000000000000 1.0000000000000000 1.0000000000000000 1.0000000000000000 0
1.0000000000000000 1.0000000000000000 1.0000000000000000 1.0000000000000000 0
1.0000000000000000 1.0000000000000000 1.0000000000000000 1.0000000000000000 0
0.1000000834465027 0.1000000834465027 0.1000000834465027 0.1000000834465027 0.1000000834465027 0.1000000834465027
0.1000000089406967 0.1000000089406967 0.1000000089406967 0.1000000089406967 0.1000000089406967 0.1000000089406967
0.1000000685453415 0.1000000685453415 0.1000000685453415 0.1000000685453415 0.1000000685453415 0.1000000685453415
0.1000000312924385 0.1000000312924385 0.1000000312924385 0.1000000312924385 0.1000000312924385 0.1000000312924385
0.1000003591179848 0.1000003591179848 0.1000003591179848 0.1000003591179848 0.1000003591179848 0.1000003591179848
0.1000004485249519 0.1000004485249519 0.1000004485249519 0.1000004485249519 0.1000004485249519 0.1000004485249519
0.1000001952052116 0.1000001952052116 0.1000001952052116 0.1000001952052116 0.1000001952052116 0.1000001952052116
0.1000005230307579 0.1000005230307579 0.1000005230307579 0.1000005230307579 0.1000005230307579 0.1000005230307579
0.1000006869435310 0.1000006869435310 0.1000006869435310 0.1000006869435310 0.1000006869435310 0.1000006869435310
0.1000004857778549 0.1000004857778549 0.1000004857778549 0.1000004857778549 0.1000004857778549 0.1000004857778549
0.1000004559755325 0.1000004559755325 0.1000004559755325 0.1000004559755325 0.1000004559755325 0.1000004559755325
0.1000007167458534 0.1000007167458534 0.1000007167458534 0.1000007167458534 0.1000007167458534 0.1000007167458534
0.1000004783272743 0.1000004783272743 0.1000004783272743 0.1000004783272743 0.1000004783272743 0.1000004783272743
0.1000002250075340 0.1000002250075340 0.1000002250075340 0.1000002250075340 0.1000002250075340 0.1000002250075340
0.1000005602836609 0.1000005602836609 0.1000005602836609 0.1000005602836609 0.1000005602836609 0.1000005602836609
0.1000003367662430 0.1000003367662430 0.1000003367662430 0.1000003367662430 0.1000003367662430 0.1000003367662430
0.1000000089406967 0.1000000089406967 0.1000000089406967 0.1000000089406967 0.1000000089406967 0.1000000089406967
0.1000002324581146 0.1000002324581146 0.1000002324581146 0.1000002324581146 0.1000002324581146 0.1000002324581146
0.1000000461935997 0.1000000461935997 0.1000000461935997 0.1000000461935997 0.1000000461935997 0.1000000461935997
0.1000000014901161 0.1000000014901161 0.1000000014901161 0.1000000014901161 0.1000000014901161 0.1000000014901161
0.1000000089406967 0.1000000089406967 0.1000000089406967 0.1000000089406967 0.1000000089406967 0.1000000089406967
0.1000000014901161 0.1000000014901161 0.1000000014901161 0.1000000014901161 0.1000000014901161 0.1000000014901161
0.1000000089406967 0.1000000089406967 0.1000000089406967 0.1000000089406967 0.1000000089406967 0.1000000089406967
0.1000000014901161 0.1000000014901161 0.1000000014901161 0.1000000014901161 0.1000000014901161 0.1000000014901161
0.1000004410743713 0.1000004410743713 0.1000004410743713 0.1000004410743713 0.1000004410743713 0.1000004410743713
0.1000001057982445 0.1000001057982445 0.1000001057982445 0.1000001057982445 0.1000001057982445 0.1000001057982445
0.1000004187226295 0.1000004187226295 0.1000004187226295 0.1000004187226295 0.1000004187226295 0.1000004187226295
0.1000007241964340 0.1000007241964340 0.1000007241964340 0.1000007241964340 0.1000007241964340 0.1000007241964340
0.1000007987022400 0.1000007987022400 0.1000007987022400 0.1000007987022400 0.1000007987022400 0.1000007987022400
0.1000009477138519 0.1000009477138519 0.1000009477138519 0.1000009477138519 0.1000009477138519 0.1000009477138519
0.1000011414289474 0.1000011414289474 0.1000011414289474 0.1000011414289474 0.1000011414289474 0.1000011414289474
0.1000008359551430 0.1000008359551430 0.1000008359551430 0.1000008359551430 0.1000008359551430 0.1000008359551430
0.1000012680888176 0.1000012680888176 0.1000012680888176 0.1000012680888176 0.1000012680888176 0.1000012680888176
0.1000005900859833 0.1000005900859833 0.1000005900859833 0.1000005900859833 0.1000005900859833 0.1000005900859833
0.1000010743737221 0.1000010743737221 0.1000010743737221 0.1000010743737221 0.1000010743737221 0.1000010743737221
0.1000002548098564 0.1000002548098564 0.1000002548098564 0.1000002548098564 0.1000002548098564 0.1000002548098564
0.1000006198883057 0.1000006198883057 0.1000006198883057 0.1000006198883057 0.1000006198883057 0.1000006198883057
0.1000000908970833 0.1000000908970833 0.1000000908970833 0.1000000908970833 0.1000000908970833 0.1000000908970833
0.1000002250075340 0.1000002250075340 0.1000002250075340 0.1000002250075340 0.1000002250075340 0.1000002250075340
0.1000001281499863 0.1000001281499863 0.1000001281499863 0.1000001281499863 0.1000001281499863 0.1000001281499863
0.1000007763504982 0.1000007763504982 0.1000007763504982 0.1000007763504982 0.1000007763504982 0.1000007763504982
0.1000004485249519 0.1000004485249519 0.1000004485249519 0.1000004485249519 0.1000004485249519 0.1000004485249519
0.1000006869435310 0.1000006869435310 0.1000006869435310 0.1000006869435310 0.1000006869435310 0.1000006869435310
0.1000012084841728 0.1000012084841728 0.1000012084841728 0.1000012084841728 0.1000012084841728 0.1000012084841728
0.1000011041760445 0.1000011041760445 0.1000011041760445 0.1000011041760445 0.1000011041760445 0.1000011041760445
0.1000015214085579 0.1000015214085579 0.1000015214085579 0.1000015214085579 0.1000015214085579 0.1000015214085579
0.1000015884637833 0.1000015884637833 0.1000015884637833 0.1000015884637833 0.1000015884637833 0.1000015884637833
0.1000014171004295 0.1000014171004295 0.1000014171004295 0.1000014171004295 0.1000014171004295 0.1000014171004295
0.1000017002224922 0.1000017002224922 0.1000017002224922 0.1000017002224922 0.1000017002224922 0.1000017002224922
0.1000010967254639 0.1000010967254639 0.1000010967254639 0.1000010967254639 0.1000010967254639 0.1000010967254639
0.1000014245510101 0.1000014245510101 0.1000014245510101 0.1000014245510101 0.1000014245510101 0.1000014245510101
0.1000006571412086 0.1000006571412086 0.1000006571412086 0.1000006571412086 0.1000006571412086 0.1000006571412086
0.1000009849667549 0.1000009849667549 0.1000009849667549 0.1000009849667549 0.1000009849667549 0.1000009849667549
0.1000003814697266 0.1000003814697266 0.1000003814697266 0.1000003814697266 0.1000003814697266 0.1000003814697266
0.1000005379319191 0.1000005379319191 0.1000005379319191 0.1000005379319191 0.1000005379319191 0.1000005379319191
0.1000003963708878 0.1000003963708878 0.1000003963708878 0.1000003963708878 0.1000003963708878 0.1000003963708878
0.1000009179115295 0.1000009179115295 0.1000009179115295 0.1000009179115295 0.1000009179115295 0.1000009179115295
0.1000005975365639 0.1000005975365639 0.1000005975365639 0.1000005975365639 0.1000005975365639 0.1000005975365639
0.1000006720423698 0.1000006720423698 0.1000006720423698 0.1000006720423698 0.1000006720423698 0.1000006720423698
0.1000015214085579 0.1000015214085579 0.1000015214085579 0.1000015214085579 0.1000015214085579 0.1000015214085579
0.1000011861324310 0.1000011861324310 0.1000011861324310 0.1000011861324310 0.1000011861324310 0.1000011861324310
0.1000017300248146 0.1000017300248146 0.1000017300248146 0.1000017300248146 0.1000017300248146 0.1000017300248146
0.1000016480684280 0.1000016480684280 0.1000016480684280 0.1000016480684280 0.1000016480684280 0.1000016480684280
0.1000017002224922 0.1000017002224922 0.1000017002224922 0.1000017002224922 0.1000017002224922 0.1000017002224922
0.1000017821788788 0.1000017821788788 0.1000017821788788 0.1000017821788788 0.1000017821788788 0.1000017821788788
0.1000013351440430 0.1000013351440430 0.1000013351440430 0.1000013351440430 0.1000013351440430 0.1000013351440430
0.1000015735626221 0.1000015735626221 0.1000015735626221 0.1000015735626221 0.1000015735626221 0.1000015735626221
0.1000008061528206 0.1000008061528206 0.1000008061528206 0.1000008061528206 0.1000008061528206 0.1000008061528206
0.1000010892748833 0.1000010892748833 0.1000010892748833 0.1000010892748833 0.1000010892748833 0.1000010892748833
0.1000005081295967 0.1000005081295967 0.1000005081295967 0.1000005081295967 0.1000005081295967 0.1000005081295967
0.1000005826354027 0.1000005826354027 0.1000005826354027 0.1000005826354027 0.1000005826354027 0.1000005826354027
0.1000003144145012 0.1000003144145012 0.1000003144145012 0.1000003144145012 0.1000003144145012 0.1000003144145012
0.1000008583068848 0.1000008583068848 0.1000008583068848 0.1000008583068848 0.1000008583068848 0.1000008583068848
0.1000004410743713 0.1000004410743713 0.1000004410743713 0.1000004410743713 0.1000004410743713 0.1000004410743713
0.1000005453824997 0.1000005453824997 0.1000005453824997 0.1000005453824997 0.1000005453824997 0.1000005453824997
0.1000014469027519 0.1000014469027519 0.1000014469027519 0.1000014469027519 0.1000014469027519 0.1000014469027519
0.1000009924173355 0.1000009924173355 0.1000009924173355 0.1000009924173355 0.1000009924173355 0.1000009924173355
0.1000016927719116 0.1000016927719116 0.1000016927719116 0.1000016927719116 0.1000016927719116 0.1000016927719116
0.1000014469027519 0.1000014469027519 0.1000014469027519 0.1000014469027519 0.1000014469027519 0.1000014469027519
0.1000016406178474 0.1000016406178474 0.1000016406178474 0.1000016406178474 0.1000016406178474 0.1000016406178474
0.1000015288591385 0.1000015288591385 0.1000015288591385 0.1000015288591385 0.1000015288591385 0.1000015288591385
0.1000012755393982 0.1000012755393982 0.1000012755393982 0.1000012755393982 0.1000012755393982 0.1000012755393982
0.1000013127923012 0.1000013127923012 0.1000013127923012 0.1000013127923012 0.1000013127923012 0.1000013127923012
0.1000007390975952 0.1000007390975952 0.1000007390975952 0.1000007390975952 0.1000007390975952 0.1000007390975952
0.1000008285045624 0.1000008285045624 0.1000008285045624 0.1000008285045624 0.1000008285045624 0.1000008285045624
0.1000003814697266 0.1000003814697266 0.1000003814697266 0.1000003814697266 0.1000003814697266 0.1000003814697266
0.1000004336237907 0.1000004336237907 0.1000004336237907 0.1000004336237907 0.1000004336237907 0.1000004336237907
0.1000002771615982 0.1000002771615982 0.1000002771615982 0.1000002771615982 0.1000002771615982 0.1000002771615982
0.1000006422400475 0.1000006422400475 0.1000006422400475 0.1000006422400475 0.1000006422400475 0.1000006422400475
0.1000002846121788 0.1000002846121788 0.1000002846121788 0.1000002846121788 0.1000002846121788 0.1000002846121788
0.1000002399086952 0.1000002399086952 0.1000002399086952 0.1000002399086952 0.1000002399086952 0.1000002399086952
0.1000010520219803 0.1000010520219803 0.1000010520219803 0.1000010520219803 0.1000010520219803 0.1000010520219803
0.1000007018446922 0.1000007018446922 0.1000007018446922 0.1000007018446922 0.1000007018446922 0.1000007018446922
0.1000012904405594 0.1000012904405594 0.1000012904405594 0.1000012904405594 0.1000012904405594 0.1000012904405594
0.1000009626150131 0.1000009626150131 0.1000009626150131 0.1000009626150131 0.1000009626150131 0.1000009626150131
0.1000012010335922 0.1000012010335922 0.1000012010335922 0.1000012010335922 0.1000012010335922 0.1000012010335922
0.1000010222196579 0.1000010222196579 0.1000010222196579 0.1000010222196579 0.1000010222196579 0.1000010222196579
0.1000009328126907 0.1000009328126907 0.1000009328126907 0.1000009328126907 0.1000009328126907 0.1000009328126907
0.1000008508563042 0.1000008508563042 0.1000008508563042 0.1000008508563042 0.1000008508563042 0.1000008508563042
0.1000005379319191 0.1000005379319191 0.1000005379319191 0.1000005379319191 0.1000005379319191 0.1000005379319191
0.1000004857778549 0.1000004857778549 0.1000004857778549 0.1000004857778549 0.1000004857778549 0.1000004857778549
0.1000001952052116 0.1000001952052116 0.1000001952052116 0.1000001952052116 0.1000001952052116 0.1000001952052116
0.1000000759959221 0.1000000759959221 0.1000000759959221 0.1000000759959221 0.1000000759959221 0.1000000759959221
0.1000000461935997 0.1000000461935997 0.1000000461935997 0.1000000461935997 0.1000000461935997 0.1000000461935997
0.1000002175569534 0.1000002175569534 0.1000002175569534 0.1000002175569534 0.1000002175569534 0.1000002175569534
0.1000000312924385 0.1000000312924385 0.1000000312924385 0.1000000312924385 0.1000000312924385 0.1000000312924385
0.1000000238418579 0.1000000238418579 0.1000000238418579 0.1000000238418579 0.1000000238418579 0.1000000238418579
0.1000006124377251 0.1000006124377251 0.1000006124377251 0.1000006124377251 0.1000006124377251 0.1000006124377251
0.1000002697110176 0.1000002697110176 0.1000002697110176 0.1000002697110176 0.1000002697110176 0.1000002697110176
0.1000007465481758 0.1000007465481758 0.1000007465481758 0.1000007465481758 0.1000007465481758 0.1000007465481758
0.1000005602836609 0.1000005602836609 0.1000005602836609 0.1000005602836609 0.1000005602836609 0.1000005602836609
0.1000007018446922 0.1000007018446922 0.1000007018446922 0.1000007018446922 0.1000007018446922 0.1000007018446922
0.1000005826354027 0.1000005826354027 0.1000005826354027 0.1000005826354027 0.1000005826354027 0.1000005826354027
0.1000004559755325 0.1000004559755325 0.1000004559755325 0.1000004559755325 0.1000004559755325 0.1000004559755325
0.1000004336237907 0.1000004336237907 0.1000004336237907 0.1000004336237907 0.1000004336237907 0.1000004336237907
0.1000000685453415 0.1000000685453415 0.1000000685453415 0.1000000685453415 0.1000000685453415 0.1000000685453415
0.1000001057982445 0.1000001057982445 0.1000001057982445 0.1000001057982445 0.1000001057982445 0.1000001057982445
0.1000000014901161 0.1000000014901161 0.1000000014901161 0.1000000014901161 0.1000000014901161 0.1000000014901161
0.1000000014901161 0.1000000014901161 0.1000000014901161 0.1000000014901161 0.1000000014901161 0.1000000014901161
0.1000000014901161 0.1000000014901161 0.1000000014901161 0.1000000014901161 0.1000000014901161 0.1000000014901161
0.1000000461935997 0.1000000461935997 0.1000000461935997 0.1000000461935997 0.1000000461935997 0.1000000461935997
0.1000000014901161 0.1000000014901161 0.1000000014901161 0.1000000014901161 0.1000000014901161 0.1000000014901161
0.1000002697110176 0.1000002697110176 0.1000002697110176 0.1000002697110176 0.1000002697110176 0.1000002697110176
0.1000004336237907 0.1000004336237907 0.1000004336237907 0.1000004336237907 0.1000004336237907 0.1000004336237907
0.1000003591179848 0.1000003591179848 0.1000003591179848 0.1000003591179848 0.1000003591179848 0.1000003591179848
0.1000001356005669 0.1000001356005669 0.1000001356005669 0.1000001356005669 0.1000001356005669 0.1000001356005669
0.1000000014901161 0.1000000014901161 0.1000000014901161 0.1000000014901161 0.1000000014901161 0.1000000014901161
0.1000000014901161 0.1000000014901161 0.1000000014901161 0.1000000014901161 0.1000000014901161 0.1000000014901161
1.0000001192092896 1.0000001192092896 1.0000001192092896 1.0000001192092896 0
1.0000020265579224 1.0000020265579224 1.0000020265579224 1.0000020265579224 0
1.0000095367431641 1.0000095367431641 1.0000095367431641 1.0000095367431641 0
1.0000110864639282 1.0000110864639282 1.0000110864639282 1.0000110864639282 0
1.0000098943710327 1.0000098943710327 1.0000098943710327 1.0000098943710327 0
1.0000061988830566 1.0000061988830566 1.0000061988830566 1.0000061988830566 0
1.0000002384185791 1.0000002384185791 1.0000002384185791 1.0000002384185791 0
1.0000000000000000 1.0000000000000000 1.0000000000000000 1.0000000000000000 0
1.0000029802322388 1.0000029802322388 1.0000029802322388 1.0000029802322388 0
1.0000094175338745 1.0000094175338745 1.0000094175338745 1.0000094175338745 0
1.0000146627426147 1.0000146627426147 1.0000146627426147 1.0000146627426147 0
1.0000194311141968 1.0000194311141968 1.0000194311141968 1.0000194311141968 0
1.0000183582305908 1.0000183582305908 1.0000183582305908 1.0000183582305908 0
1.0000135898590088 1.0000135898590088 1.0000135898590088 1.0000135898590088 0
1.0000047683715820 1.0000047683715820 1.0000047683715820 1.0000047683715820 0
1.0000017881393433 1.0000017881393433 1.0000017881393433 1.0000017881393433 0
1.0000073909759521 1.0000073909759521 1.0000073909759521 1.0000073909759521 0
1.0000137090682983 1.0000137090682983 1.0000137090682983 1.0000137090682983 0
1.0000222921371460 1.0000222921371460 1.0000222921371460 1.0000222921371460 0
1.0000268220901489 1.0000268220901489 1.0000268220901489 1.0000268220901489 0
1.0000257492065430 1.0000257492065430 1.0000257492065430 1.0000257492065430 0
1.0000195503234863 1.0000195503234863 1.0000195503234863 1.0000195503234863 0
1.0000102519989014 1.0000102519989014 1.0000102519989014 1.0000102519989014 0
1.0000057220458984 1.0000057220458984 1.0000057220458984 1.0000057220458984 0
1.0000082254409790 1.0000082254409790 1.0000082254409790 1.0000082254409790 0
1.0000152587890625 1.0000152587890625 1.0000152587890625 1.0000152587890625 0
1.0000245571136475 1.0000245571136475 1.0000245571136475 1.0000245571136475 0
1.0000295639038086 1.0000295639038086 1.0000295639038086 1.0000295639038086 0
1.0000286102294922 1.0000286102294922 1.0000286102294922 1.0000286102294922 0
1.0000218152999878 1.0000218152999878 1.0000218152999878 1.0000218152999878 0
1.0000115633010864 1.0000115633010864 1.0000115633010864 1.0000115633010864 0
1.0000063180923462 1.0000063180923462 1.0000063180923462 1.0000063180923462 0
1.0000053644180298 1.0000053644180298 1.0000053644180298 1.0000053644180298 0
1.0000123977661133 1.0000123977661133 1.0000123977661133 1.0000123977661133 0
1.0000206232070923 1.0000206232070923 1.0000206232070923 1.0000206232070923 0
1.0000251531600952 1.0000251531600952 1.0000251531600952 1.0000251531600952 0
1.0000245571136475 1.0000245571136475 1.0000245571136475 1.0000245571136475 0
1.0000185966491699 1.0000185966491699 1.0000185966491699 1.0000185966491699 0
1.0000090599060059 1.0000090599060059 1.0000090599060059 1.0000090599060059 0
1.0000034570693970 1.0000034570693970 1.0000034570693970 1.0000034570693970 0
1.0000007152557373 1.0000007152557373 1.0000007152557373 1.0000007152557373 0
1.0000057220458984 1.0000057220458984 1.0000057220458984 1.0000057220458984 0
1.0000131130218506 1.0000131130218506 1.0000131130218506 1.0000131130218506 0
1.0000165700912476 1.0000165700912476 1.0000165700912476 1.0000165700912476 0
1.0000152587890625 1.0000152587890625 1.0000152587890625 1.0000152587890625 0
1.0000101327896118 1.0000101327896118 1.0000101327896118 1.0000101327896118 0
1.0000020265579224 1.0000020265579224 1.0000020265579224 1.0000020265579224 0
1.0000003576278687 1.0000003576278687 1.0000003576278687 1.0000003576278687 0
0.9999997019767761 0.9999997019767761 0.9999997019767761 0.9999997019767761 0
1.0000009536743164 1.0000009536743164 1.0000009536743164 1.0000009536743164 0
1.0000065565109253 1.0000065565109253 1.0000065565109253 1.0000065565109253 0
1.0000083446502686 1.0000083446502686 1.0000083446502686 1.0000083446502686 0
1.0000076293945312 1.0000076293945312 1.0000076293945312 1.0000076293945312 0
1.0000029802322388 1.0000029802322388 1.0000029802322388 1.0000029802322388 0
0.9999999403953552 0.9999999403953552 0.9999999403953552 0.9999999403953552 0
0.9999995231628418 0.9999995231628418 0.9999995231628418 0.9999995231628418 0
0.9999994635581970 0.9999994635581970 0.9999994635581970 0.9999994635581970 0
1.0000004768371582 1.0000004768371582 1.0000004768371582 1.0000004768371582 0
1.0000041723251343 1.0000041723251343 1.0000041723251343 1.0000041723251343 0
1.0000075101852417 1.0000075101852417 1.0000075101852417 1.0000075101852417 0
1.0000039339065552 1.0000039339065552 1.0000039339065552 1.0000039339065552 0
1.0000019073486328 1.0000019073486328 1.0000019073486328 1.0000019073486328 0
0.9999998807907104 0.9999998807907104 0.9999998807907104 0.9999998807907104 0
0.9999991655349731 0.9999991655349731 0.9999991655349731 0.9999991655349731 0
0.1000004708766937 0.1000004708766937 0.1000004708766937 0.1000004708766937 0.1000004708766937 0.1000004708766937
0.0999999865889549 0.0999999865889549 0.0999999865889549 0.0999999865889549 0.0999999865889549 0.0999999865889549
0.1000004857778549 0.1000004857778549 0.1000004857778549 0.1000004857778549 0.1000004857778549 0.1000004857778549
0.0999998003244400 0.0999998003244400 0.0999998003244400 0.0999998003244400 0.0999998003244400 0.0999998003244400
0.1000016182661057 0.1000016182661057 0.1000016182661057 0.1000016182661057 0.1000016182661057 0.1000016182661057
0.1000015884637833 0.1000015884637833 0.1000015884637833 0.1000015884637833 0.1000015884637833 0.1000015884637833
0.1000006571412086 0.1000006571412086 0.1000006571412086 0.1000006571412086 0.1000006571412086 0.1000006571412086
0.1000025197863579 0.1000025197863579 0.1000025197863579 0.1000025197863579 0.1000025197863579 0.1000025197863579
0.1000027731060982 0.1000027731060982 0.1000027731060982 0.1000027731060982 0.1000027731060982 0.1000027731060982
0.1000016927719116 0.1000016927719116 0.1000016927719116 0.1000016927719116 0.1000016927719116 0.1000016927719116
0.1000026687979698 0.1000026687979698 0.1000026687979698 0.1000026687979698 0.1000026687979698 0.1000026687979698
0.1000036895275116 0.1000036895275116 0.1000036895275116 0.1000036895275116 0.1000036895275116 0.1000036895275116
0.1000022888183594 0.1000022888183594 0.1000022888183594 0.1000022888183594 0.1000022888183594 0.1000022888183594
0.1000021174550056 0.1000021174550056 0.1000021174550056 0.1000021174550056 0.1000021174550056 0.1000021174550056
0.1000032350420952 0.1000032350420952 0.1000032350420952 0.1000032350420952 0.1000032350420952 0.1000032350420952
0.1000016331672668 0.1000016331672668 0.1000016331672668 0.1000016331672668 0.1000016331672668 0.1000016331672668
0.1000009924173355 0.1000009924173355 0.1000009924173355 0.1000009924173355 0.1000009924173355 0.1000009924173355
0.1000022739171982 0.1000022739171982 0.1000022739171982 0.1000022739171982 0.1000022739171982 0.1000022739171982
0.1000011041760445 0.1000011041760445 0.1000011041760445 0.1000011041760445 0.1000011041760445 0.1000011041760445
0.1000000685453415 0.1000000685453415 0.1000000685453415 0.1000000685453415 0.1000000685453415 0.1000000685453415
0.1000009104609489 0.1000009104609489 0.1000009104609489 0.1000009104609489 0.1000009104609489 0.1000009104609489
0.1000000834465027 0.1000000834465027 0.1000000834465027 0.1000000834465027 0.1000000834465027 0.1000000834465027
0.1000002324581146 0.1000002324581146 0.1000002324581146 0.1000002324581146 0.1000002324581146 0.1000002324581146
0.0999996811151505 0.0999996811151505 0.0999996811151505 0.0999996811151505 0.0999996811151505 0.0999996811151505
0.1000016182661057 0.1000016182661057 0.1000016182661057 0.1000016182661057 0.1000016182661057 0.1000016182661057
0.1000009477138519 0.1000009477138519 0.1000009477138519 0.1000009477138519 0.1000009477138519 0.1000009477138519
0.1000014245510101 0.1000014245510101 0.1000014245510101 0.1000014245510101 0.1000014245510101 0.1000014245510101
0.1000030040740967 0.1000030040740967 0.1000030040740967 0.1000030040740967 0.1000030040740967 0.1000030040740967
0.1000027954578400 0.1000027954578400 0.1000027954578400 0.1000027954578400 0.1000027954578400 0.1000027954578400
0.1000042185187340 0.1000042185187340 0.1000042185187340 0.1000042185187340 0.1000042185187340 0.1000042185187340
0.1000042930245399 0.1000042930245399 0.1000042930245399 0.1000042930245399 0.1000042930245399 0.1000042930245399
0.1000046133995056 0.1000046133995056 0.1000046133995056 0.1000046133995056 0.1000046133995056 0.1000046133995056
0.1000055074691772 0.1000055074691772 0.1000055074691772 0.1000055074691772 0.1000055074691772 0.1000055074691772
0.1000038385391235 0.1000038385391235 0.1000038385391235 0.1000038385391235 0.1000038385391235 0.1000038385391235
0.1000052914023399 0.1000052914023399 0.1000052914023399 0.1000052914023399 0.1000052914023399 0.1000052914023399
0.1000023409724236 0.1000023409724236 0.1000023409724236 0.1000023409724236 0.1000023409724236 0.1000023409724236
0.1000038534402847 0.1000038534402847 0.1000038534402847 0.1000038534402847 0.1000038534402847 0.1000038534402847
0.1000010892748833 0.1000010892748833 0.1000010892748833 0.1000010892748833 0.1000010892748833 0.1000010892748833
0.1000019982457161 0.1000019982457161 0.1000019982457161 0.1000019982457161 0.1000019982457161 0.1000019982457161
0.1000011041760445 0.1000011041760445 0.1000011041760445 0.1000011041760445 0.1000011041760445 0.1000011041760445
0.1000025868415833 0.1000025868415833 0.1000025868415833 0.1000025868415833 0.1000025868415833 0.1000025868415833
0.1000016927719116 0.1000016927719116 0.1000016927719116 0.1000016927719116 0.1000016927719116 0.1000016927719116
0.1000019311904907 0.1000019311904907 0.1000019311904907 0.1000019311904907 0.1000019311904907 0.1000019311904907
0.1000043377280235 0.1000043377280235 0.1000043377280235 0.1000043377280235 0.1000043377280235 0.1000043377280235
0.1000035554170609 0.1000035554170609 0.1000035554170609 0.1000035554170609 0.1000035554170609 0.1000035554170609
0.1000059172511101 0.1000059172511101 0.1000059172511101 0.1000059172511101 0.1000059172511101 0.1000059172511101
0.1000054478645325 0.1000054478645325 0.1000054478645325 0.1000054478645325 0.1000054478645325 0.1000054478645325
0.1000064536929131 0.1000064536929131 0.1000064536929131 0.1000064536929131 0.1000064536929131 0.1000064536929131
0.1000069454312325 0.1000069454312325 0.1000069454312325 0.1000069454312325 0.1000069454312325 0.1000069454312325
0.1000055521726608 0.1000055521726608 0.1000055521726608 0.1000055521726608 0.1000055521726608 0.1000055521726608
0.1000066101551056 0.1000066101551056 0.1000066101551056 0.1000066101551056 0.1000066101551056 0.1000066101551056
0.1000036001205444 0.1000036001205444 0.1000036001205444 0.1000036001205444 0.1000036001205444 0.1000036001205444
0.1000049337744713 0.1000049337744713 0.1000049337744713 0.1000049337744713 0.1000049337744713 0.1000049337744713
0.1000019609928131 0.1000019609928131 0.1000019609928131 0.1000019609928131 0.1000019609928131 0.1000019609928131
0.1000027880072594 0.1000027880072594 0.1000027880072594 0.1000027880072594 0.1000027880072594 0.1000027880072594
0.1000016555190086 0.1000016555190086 0.1000016555190086 0.1000016555190086 0.1000016555190086 0.1000016555190086
0.1000027358531952 0.1000027358531952 0.1000027358531952 0.1000027358531952 0.1000027358531952 0.1000027358531952
0.1000018268823624 0.1000018268823624 0.1000018268823624 0.1000018268823624 0.1000018268823624 0.1000018268823624
0.1000016108155251 0.1000016108155251 0.1000016108155251 0.1000016108155251 0.1000016108155251 0.1000016108155251
0.1000048443675041 0.1000048443675041 0.1000048443675041 0.1000048443675041 0.1000048443675041 0.1000048443675041
0.1000033617019653 0.1000033617019653 0.1000033617019653 0.1000033617019653 0.1000033617019653 0.1000033617019653
0.1000065803527832 0.1000065803527832 0.1000065803527832 0.1000065803527832 0.1000065803527832 0.1000065803527832
0.1000052988529205 0.1000052988529205 0.1000052988529205 0.1000052988529205 0.1000052988529205 0.1000052988529205
0.1000072360038757 0.1000072360038757 0.1000072360038757 0.1000072360038757 0.1000072360038757 0.1000072360038757
0.1000068038702011 0.1000068038702011 0.1000068038702011 0.1000068038702011 0.1000068038702011 0.1000068038702011
0.1000062078237534 0.1000062078237534 0.1000062078237534 0.1000062078237534 0.1000062078237534 0.1000062078237534
0.1000064909458160 0.1000064909458160 0.1000064909458160 0.1000064909458160 0.1000064909458160 0.1000064909458160
0.1000039651989937 0.1000039651989937 0.1000039651989937 0.1000039651989937 0.1000039651989937 0.1000039651989937
0.1000047326087952 0.1000047326087952 0.1000047326087952 0.1000047326087952 0.1000047326087952 0.1000047326087952
0.1000021770596504 0.1000021770596504 0.1000021770596504 0.1000021770596504 0.1000021770596504 0.1000021770596504
0.1000024452805519 0.1000024452805519 0.1000024452805519 0.1000024452805519 0.1000024452805519 0.1000024452805519
0.1000013500452042 0.1000013500452042 0.1000013500452042 0.1000013500452042 0.1000013500452042 0.1000013500452042
0.1000020653009415 0.1000020653009415 0.1000020653009415 0.1000020653009415 0.1000020653009415 0.1000020653009415
0.1000012159347534 0.1000012159347534 0.1000012159347534 0.1000012159347534 0.1000012159347534 0.1000012159347534
0.1000009551644325 0.1000009551644325 0.1000009551644325 0.1000009551644325 0.1000009551644325 0.1000009551644325
0.1000040024518967 0.1000040024518967 0.1000040024518967 0.1000040024518967 0.1000040024518967 0.1000040024518967
0.1000023633241653 0.1000023633241653 0.1000023633241653 0.1000023633241653 0.1000023633241653 0.1000023633241653
0.1000055968761444 0.1000055968761444 0.1000055968761444 0.1000055968761444 0.1000055968761444 0.1000055968761444
0.1000039428472519 0.1000039428472519 0.1000039428472519 0.1000039428472519 0.1000039428472519 0.1000039428472519
0.1000061184167862 0.1000061184167862 0.1000061184167862 0.1000061184167862 0.1000061184167862 0.1000061184167862
0.1000051274895668 0.1000051274895668 0.1000051274895668 0.1000051274895668 0.1000051274895668 0.1000051274895668
0.1000051721930504 0.1000051721930504 0.1000051721930504 0.1000051721930504 0.1000051721930504 0.1000051721930504
0.1000048369169235 0.1000048369169235 0.1000048369169235 0.1000048369169235 0.1000048369169235 0.1000048369169235
0.1000031977891922 0.1000031977891922 0.1000031977891922 0.1000031977891922 0.1000031977891922 0.1000031977891922
0.1000033468008041 0.1000033468008041 0.1000033468008041 0.1000033468008041 0.1000033468008041 0.1000033468008041
0.1000014916062355 0.1000014916062355 0.1000014916062355 0.1000014916062355 0.1000014916062355 0.1000014916062355
0.1000015661120415 0.1000015661120415 0.1000015661120415 0.1000015661120415 0.1000015661120415 0.1000015661120415
0.1000007018446922 0.1000007018446922 0.1000007018446922 0.1000007018446922 0.1000007018446922 0.1000007018446922
0.1000010669231415 0.1000010669231415 0.1000010669231415 0.1000010669231415 0.1000010669231415 0.1000010669231415
0.1000003665685654 0.1000003665685654 0.1000003665685654 0.1000003665685654 0.1000003665685654 0.1000003665685654
0.1000000834465027 0.1000000834465027 0.1000000834465027 0.1000000834465027 0.1000000834465027 0.1000000834465027
0.1000024303793907 0.1000024303793907 0.1000024303793907 0.1000024303793907 0.1000024303793907 0.1000024303793907
0.1000011190772057 0.1000011190772057 0.1000011190772057 0.1000011190772057 0.1000011190772057 0.1000011190772057
0.1000036597251892 0.1000036597251892 0.1000036597251892 0.1000036597251892 0.1000036597251892 0.1000036597251892
0.1000023186206818 0.1000023186206818 0.1000023186206818 0.1000023186206818 0.1000023186206818 0.1000023186206818
0.1000039950013161 0.1000039950013161 0.1000039950013161 0.1000039950013161 0.1000039950013161 0.1000039950013161
0.1000031530857086 0.1000031530857086 0.1000031530857086 0.1000031530857086 0.1000031530857086 0.1000031530857086
0.1000031381845474 0.1000031381845474 0.1000031381845474 0.1000031381845474 0.1000031381845474 0.1000031381845474
0.1000027284026146 0.1000027284026146 0.1000027284026146 0.1000027284026146 0.1000027284026146 0.1000027284026146
0.1000017672777176 0.1000017672777176 0.1000017672777176 0.1000017672777176 0.1000017672777176 0.1000017672777176
0.1000018045306206 0.1000018045306206 0.1000018045306206 0.1000018045306206 0.1000018045306206 0.1000018045306206
0.1000005677342415 0.1000005677342415 0.1000005677342415 0.1000005677342415 0.1000005677342415 0.1000005677342415
0.1000005081295967 0.1000005081295967 0.1000005081295967 0.1000005081295967 0.1000005081295967 0.1000005081295967
0.0999999865889549 0.0999999865889549 0.0999999865889549 0.0999999865889549 0.0999999865889549 0.0999999865889549
0.1000000834465027 0.1000000834465027 0.1000000834465027 0.1000000834465027 0.1000000834465027 0.1000000834465027
0.0999997556209564 0.0999997556209564 0.0999997556209564 0.0999997556209564 0.0999997556209564 0.0999997556209564
0.0999996662139893 0.0999996662139893 0.0999996662139893 0.0999996662139893 0.0999996662139893 0.0999996662139893
0.1000011116266251 0.1000011116266251 0.1000011116266251 0.1000011116266251 0.1000011116266251 0.1000011116266251
0.1000004559755325 0.1000004559755325 0.1000004559755325 0.1000004559755325 0.1000004559755325 0.1000004559755325
0.1000019833445549 0.1000019833445549 0.1000019833445549 0.1000019833445549 0.1000019833445549 0.1000019833445549
0.1000014096498489 0.1000014096498489 0.1000014096498489 0.1000014096498489 0.1000014096498489 0.1000014096498489
0.1000020727515221 0.1000020727515221 0.1000020727515221 0.1000020727515221 0.1000020727515221 0.1000020727515221
0.1000020280480385 0.1000020280480385 0.1000020280480385 0.1000020280480385 0.1000020280480385 0.1000020280480385
0.1000016406178474 0.1000016406178474 0.1000016406178474 0.1000016406178474 0.1000016406178474 0.1000016406178474
0.1000014543533325 0.1000014543533325 0.1000014543533325 0.1000014543533325 0.1000014543533325 0.1000014543533325
0.1000005826354027 0.1000005826354027 0.1000005826354027 0.1000005826354027 0.1000005826354027 0.1000005826354027
0.1000008061528206 0.1000008061528206 0.1000008061528206 0.1000008061528206 0.1000008061528206 0.1000008061528206
0.0999998375773430 0.0999998375773430 0.0999998375773430 0.0999998375773430 0.0999998375773430 0.0999998375773430
0.0999999195337296 0.0999999195337296 0.0999999195337296 0.0999999195337296 0.0999999195337296 0.0999999195337296
0.0999995768070221 0.0999995768070221 0.0999995768070221 0.0999995768070221 0.0999995768070221 0.0999995768070221
0.0999999195337296 0.0999999195337296 0.0999999195337296 0.0999999195337296 0.0999999195337296 0.0999999195337296
0.0999995619058609 0.0999995619058609 0.0999995619058609 0.0999995619058609 0.0999995619058609 0.0999995619058609
0.1000008210539818 0.1000008210539818 0.1000008210539818 0.1000008210539818 0.1000008210539818 0.1000008210539818
0.1000015810132027 0.1000015810132027 0.1000015810132027 0.1000015810132027 0.1000015810132027 0.1000015810132027
0.1000013202428818 0.1000013202428818 0.1000013202428818 0.1000013202428818 0.1000013202428818 0.1000013202428818
0.1000012457370758 0.1000012457370758 0.1000012457370758 0.1000012457370758 0.1000012457370758 0.1000012457370758
0.1000002846121788 0.1000002846121788 0.1000002846121788 0.1000002846121788 0.1000002846121788 0.1000002846121788
0.0999996140599251 0.0999996140599251 0.0999996140599251 0.0999996140599251 0.0999996140599251 0.0999996140599251
1.0000002384185791 1.0000002384185791 1.0000002384185791 1.0000002384185791 0
1.0000025033950806 1.0000025033950806 1.0000025033950806 1.0000025033950806 0
1.0000085830688477 1.0000085830688477 1.0000085830688477 1.0000085830688477 0
1.0000081062316895 1.0000081062316895 1.0000081062316895 1.0000081062316895 0
1.0000059604644775 1.0000059604644775 1.0000059604644775 1.0000059604644775 0
1.0000003576278687 1.0000003576278687 1.0000003576278687 1.0000003576278687 0
0.9999996423721313 0.9999996423721313 0.9999996423721313 0.9999996423721313 0
0.9999995827674866 0.9999995827674866 0.9999995827674866 0.9999995827674866 0
1.0000025033950806 1.0000025033950806 1.0000025033950806 1.0000025033950806 0
1.0000094175338745 1.0000094175338745 1.0000094175338745 1.0000094175338745 0
1.0000134706497192 1.0000134706497192 1.0000134706497192 1.0000134706497192 0
1.0000152587890625 1.0000152587890625 1.0000152587890625 1.0000152587890625 0
1.0000120401382446 1.0000120401382446 1.0000120401382446 1.0000120401382446 0
1.0000054836273193 1.0000054836273193 1.0000054836273193 1.0000054836273193 0
1.0000007152557373 1.0000007152557373 1.0000007152557373 1.0000007152557373 0
1.0000004768371582 1.0000004768371582 1.0000004768371582 1.0000004768371582 0
1.0000088214874268 1.0000088214874268 1.0000088214874268 1.0000088214874268 0
1.0000150203704834 1.0000150203704834 1.0000150203704834 1.0000150203704834 0
1.0000225305557251 1.0000225305557251 1.0000225305557251 1.0000225305557251 0
1.0000241994857788 1.0000241994857788 1.0000241994857788 1.0000241994857788 0
1.0000209808349609 1.0000209808349609 1.0000209808349609 1.0000209808349609 0
1.0000125169754028 1.0000125169754028 1.0000125169754028 1.0000125169754028 0
1.0000054836273193 1.0000054836273193 1.0000054836273193 1.0000054836273193 0
1.0000040531158447 1.0000040531158447 1.0000040531158447 1.0000040531158447 0
1.0000115633010864 1.0000115633010864 1.0000115633010864 1.0000115633010864 0
1.0000190734863281 1.0000190734863281 1.0000190734863281 1.0000190734863281 0
1.0000269412994385 1.0000269412994385 1.0000269412994385 1.0000269412994385 0
1.0000299215316772 1.0000299215316772 1.0000299215316772 1.0000299215316772 0
1.0000258684158325 1.0000258684158325 1.0000258684158325 1.0000258684158325 0
1.0000165700912476 1.0000165700912476 1.0000165700912476 1.0000165700912476 0
1.0000087022781372 1.0000087022781372 1.0000087022781372 1.0000087022781372 0
1.0000069141387939 1.0000069141387939 1.0000069141387939 1.0000069141387939 0
1.0000104904174805 1.0000104904174805 1.0000104904174805 1.0000104904174805 0
1.0000176429748535 1.0000176429748535 1.0000176429748535 1.0000176429748535 0
1.0000259876251221 1.0000259876251221 1.0000259876251221 1.0000259876251221 0
1.0000287294387817 1.0000287294387817 1.0000287294387817 1.0000287294387817 0
1.0000246763229370 1.0000246763229370 1.0000246763229370 1.0000246763229370 0
1.0000162124633789 1.0000162124633789 1.0000162124633789 1.0000162124633789 0
1.0000077486038208 1.0000077486038208 1.0000077486038208 1.0000077486038208 0
1.0000046491622925 1.0000046491622925 1.0000046491622925 1.0000046491622925 0
1.0000059604644775 1.0000059604644775 1.0000059604644775 1.0000059604644775 0
1.0000137090682983 1.0000137090682983 1.0000137090682983 1.0000137090682983 0
1.0000194311141968 1.0000194311141968 1.0000194311141968 1.0000194311141968 0
1.0000215768814087 1.0000215768814087 1.0000215768814087 1.0000215768814087 0
1.0000183582305908 1.0000183582305908 1.0000183582305908 1.0000183582305908 0
1.0000102519989014 1.0000102519989014 1.0000102519989014 1.0000102519989014 0
1.0000034570693970 1.0000034570693970 1.0000034570693970 1.0000034570693970 0
1.0000019073486328 1.0000019073486328 1.0000019073486328 1.0000019073486328 0
1.0000003576278687 1.0000003576278687 1.0000003576278687 1.0000003576278687 0
1.0000054836273193 1.0000054836273193 1.0000054836273193 1.0000054836273193 0
1.0000107288360596 1.0000107288360596 1.0000107288360596 1.0000107288360596 0
1.0000118017196655 1.0000118017196655 1.0000118017196655 1.0000118017196655 0
1.0000084638595581 1.0000084638595581 1.0000084638595581 1.0000084638595581 0
1.0000017881393433 1.0000017881393433 1.0000017881393433 1.0000017881393433 0
0.9999999403953552 0.9999999403953552 0.9999999403953552 0.9999999403953552 0
1.0000000000000000 1.0000000000000000 1.0000000000000000 1.0000000000000000 0
1.0000000000000000 1.0000000000000000 1.0000000000000000 1.0000000000000000 0
1.0000019073486328 1.0000019073486328 1.0000019073486328 1.0000019073486328 0
1.0000064373016357 1.0000064373016357 1.0000064373016357 1.0000064373016357 0
1.0000066757202148 1.0000066757202148 1.0000066757202148 1.0000066757202148 0
1.0000032186508179 1.0000032186508179 1.0000032186508179 1.0000032186508179 0
1.0000001192092896 1.0000001192092896 1.0000001192092896 1.0000001192092896 0
0.9999993443489075 0.9999993443489075 0.9999993443489075 0.9999993443489075 0
0.9999992251396179 0.9999992251396179 0.9999992251396179 0.9999992251396179 0
0.1000004634261131 0.1000004634261131 0.1000004634261131 0.1000004634261131 0.1000004634261131 0.1000004634261131
0.0999998226761818 0.0999998226761818 0.0999998226761818 0.0999998226761818 0.0999998226761818 0.0999998226761818
0.1000004857778549 0.1000004857778549 0.1000004857778549 0.1000004857778549 0.1000004857778549 0.1000004857778549
0.1000000014901161 0.1000000014901161 0.1000000014901161 0.1000000014901161 0.1000000014901161 0.1000000014901161
0.1000014618039131 0.1000014618039131 0.1000014618039131 0.1000014618039131 0.1000014618039131 0.1000014618039131
0.1000016480684280 0.1000016480684280 0.1000016480684280 0.1000016480684280 0.1000016480684280 0.1000016480684280
0.1000009402632713 0.1000009402632713 0.1000009402632713 0.1000009402632713 0.1000009402632713 0.1000009402632713
0.1000019013881683 0.1000019013881683 0.1000019013881683 0.1000019013881683 0.1000019013881683 0.1000019013881683
0.1000026240944862 0.1000026240944862 0.1000026240944862 0.1000026240944862 0.1000026240944862 0.1000026240944862
0.1000018119812012 0.1000018119812012 0.1000018119812012 0.1000018119812012 0.1000018119812012 0.1000018119812012
0.1000016480684280 0.1000016480684280 0.1000016480684280 0.1000016480684280 0.1000016480684280 0.1000016480684280
0.1000027656555176 0.1000027656555176 0.1000027656555176 0.1000027656555176 0.1000027656555176 0.1000027656555176
0.1000018790364265 0.1000018790364265 0.1000018790364265 0.1000018790364265 0.1000018790364265 0.1000018790364265
0.1000009626150131 0.1000009626150131 0.1000009626150131 0.1000009626150131 0.1000009626150131 0.1000009626150131
0.1000020429491997 0.1000020429491997 0.1000020429491997 0.1000020429491997 0.1000020429491997 0.1000020429491997
0.1000012978911400 0.1000012978911400 0.1000012978911400 0.1000012978911400 0.1000012978911400 0.1000012978911400
0.1000001430511475 0.1000001430511475 0.1000001430511475 0.1000001430511475 0.1000001430511475 0.1000001430511475
0.1000010669231415 0.1000010669231415 0.1000010669231415 0.1000010669231415 0.1000010669231415 0.1000010669231415
0.1000003218650818 0.1000003218650818 0.1000003218650818 0.1000003218650818 0.1000003218650818 0.1000003218650818
0.0999997109174728 0.0999997109174728 0.0999997109174728 0.0999997109174728 0.0999997109174728 0.0999997109174728
0.1000001057982445 0.1000001057982445 0.1000001057982445 0.1000001057982445 0.1000001057982445 0.1000001057982445
0.0999996960163116 0.0999996960163116 0.0999996960163116 0.0999996960163116 0.0999996960163116 0.0999996960163116
0.0999998971819878 0.0999998971819878 0.0999998971819878 0.0999998971819878 0.0999998971819878 0.0999998971819878
0.0999995395541191 0.0999995395541191 0.0999995395541191 0.0999995395541191 0.0999995395541191 0.0999995395541191
0.1000015810132027 0.1000015810132027 0.1000015810132027 0.1000015810132027 0.1000015810132027 0.1000015810132027
0.1000006571412086 0.1000006571412086 0.1000006571412086 0.1000006571412086 0.1000006571412086 0.1000006571412086
0.1000015884637833 0.1000015884637833 0.1000015884637833 0.1000015884637833 0.1000015884637833 0.1000015884637833
0.1000027656555176 0.1000027656555176 0.1000027656555176 0.1000027656555176 0.1000027656555176 0.1000027656555176
0.1000030264258385 0.1000030264258385 0.1000030264258385 0.1000030264258385 0.1000030264258385 0.1000030264258385
0.1000035926699638 0.1000035926699638 0.1000035926699638 0.1000035926699638 0.1000035926699638 0.1000035926699638
0.1000044122338295 0.1000044122338295 0.1000044122338295 0.1000044122338295 0.1000044122338295 0.1000044122338295
0.1000033468008041 0.1000033468008041 0.1000033468008041 0.1000033468008041 0.1000033468008041 0.1000033468008041
0.1000047698616982 0.1000047698616982 0.1000047698616982 0.1000047698616982 0.1000047698616982 0.1000047698616982
0.1000022441148758 0.1000022441148758 0.1000022441148758 0.1000022441148758 0.1000022441148758 0.1000022441148758
0.1000039204955101 0.1000039204955101 0.1000039204955101 0.1000039204955101 0.1000039204955101 0.1000039204955101
0.1000010594725609 0.1000010594725609 0.1000010594725609 0.1000010594725609 0.1000010594725609 0.1000010594725609
0.1000023558735847 0.1000023558735847 0.1000023558735847 0.1000023558735847 0.1000023558735847 0.1000023558735847
0.1000004187226295 0.1000004187226295 0.1000004187226295 0.1000004187226295 0.1000004187226295 0.1000004187226295
0.1000010669231415 0.1000010669231415 0.1000010669231415 0.1000010669231415 0.1000010669231415 0.1000010669231415
0.1000007763504982 0.1000007763504982 0.1000007763504982 0.1000007763504982 0.1000007763504982 0.1000007763504982
0.1000028550624847 0.1000028550624847 0.1000028550624847 0.1000028550624847 0.1000028550624847 0.1000028550624847
0.1000015512108803 0.1000015512108803 0.1000015512108803 0.1000015512108803 0.1000015512108803 0.1000015512108803
0.1000025644898415 0.1000025644898415 0.1000025644898415 0.1000025644898415 0.1000025644898415 0.1000025644898415
0.1000044196844101 0.1000044196844101 0.1000044196844101 0.1000044196844101 0.1000044196844101 0.1000044196844101
0.1000043526291847 0.1000043526291847 0.1000043526291847 0.1000043526291847 0.1000043526291847 0.1000043526291847
0.1000054180622101 0.1000054180622101 0.1000054180622101 0.1000054180622101 0.1000054180622101 0.1000054180622101
0.1000059619545937 0.1000059619545937 0.1000059619545937 0.1000059619545937 0.1000059619545937 0.1000059619545937
0.1000051945447922 0.1000051945447922 0.1000051945447922 0.1000051945447922 0.1000051945447922 0.1000051945447922
0.1000065058469772 0.1000065058469772 0.1000065058469772 0.1000065058469772 0.1000065058469772 0.1000065058469772
0.1000037863850594 0.1000037863850594 0.1000037863850594 0.1000037863850594 0.1000037863850594 0.1000037863850594
0.1000055670738220 0.1000055670738220 0.1000055670738220 0.1000055670738220 0.1000055670738220 0.1000055670738220
0.1000022143125534 0.1000022143125534 0.1000022143125534 0.1000022143125534 0.1000022143125534 0.1000022143125534
0.1000035405158997 0.1000035405158997 0.1000035405158997 0.1000035405158997 0.1000035405158997 0.1000035405158997
0.1000013649463654 0.1000013649463654 0.1000013649463654 0.1000013649463654 0.1000013649463654 0.1000013649463654
0.1000019460916519 0.1000019460916519 0.1000019460916519 0.1000019460916519 0.1000019460916519 0.1000019460916519
0.1000014841556549 0.1000014841556549 0.1000014841556549 0.1000014841556549 0.1000014841556549 0.1000014841556549
0.1000036746263504 0.1000036746263504 0.1000036746263504 0.1000036746263504 0.1000036746263504 0.1000036746263504
0.1000022888183594 0.1000022888183594 0.1000022888183594 0.1000022888183594 0.1000022888183594 0.1000022888183594
0.1000027209520340 0.1000027209520340 0.1000027209520340 0.1000027209520340 0.1000027209520340 0.1000027209520340
0.1000056266784668 0.1000056266784668 0.1000056266784668 0.1000056266784668 0.1000056266784668 0.1000056266784668
0.1000047102570534 0.1000047102570534 0.1000047102570534 0.1000047102570534 0.1000047102570534 0.1000047102570534
0.1000070050358772 0.1000070050358772 0.1000070050358772 0.1000070050358772 0.1000070050358772 0.1000070050358772
0.1000066325068474 0.1000066325068474 0.1000066325068474 0.1000066325068474 0.1000066325068474 0.1000066325068474
0.1000067517161369 0.1000067517161369 0.1000067517161369 0.1000067517161369 0.1000067517161369 0.1000067517161369
0.1000072583556175 0.1000072583556175 0.1000072583556175 0.1000072583556175 0.1000072583556175 0.1000072583556175
0.1000050976872444 0.1000050976872444 0.1000050976872444 0.1000050976872444 0.1000050976872444 0.1000050976872444
0.1000061184167862 0.1000061184167862 0.1000061184167862 0.1000061184167862 0.1000061184167862 0.1000061184167862
0.1000030860304832 0.1000030860304832 0.1000030860304832 0.1000030860304832 0.1000030860304832 0.1000030860304832
0.1000039950013161 0.1000039950013161 0.1000039950013161 0.1000039950013161 0.1000039950013161 0.1000039950013161
0.1000019609928131 0.1000019609928131 0.1000019609928131 0.1000019609928131 0.1000019609928131 0.1000019609928131
0.1000020653009415 0.1000020653009415 0.1000020653009415 0.1000020653009415 0.1000020653009415 0.1000020653009415
0.1000013202428818 0.1000013202428818 0.1000013202428818 0.1000013202428818 0.1000013202428818 0.1000013202428818
0.1000033691525459 0.1000033691525459 0.1000033691525459 0.1000033691525459 0.1000033691525459 0.1000033691525459
0.1000018045306206 0.1000018045306206 0.1000018045306206 0.1000018045306206 0.1000018045306206 0.1000018045306206
0.1000022292137146 0.1000022292137146 0.1000022292137146 0.1000022292137146 0.1000022292137146 0.1000022292137146
0.1000054255127907 0.1000054255127907 0.1000054255127907 0.1000054255127907 0.1000054255127907 0.1000054255127907
0.1000039651989937 0.1000039651989937 0.1000039651989937 0.1000039651989937 0.1000039651989937 0.1000039651989937
0.1000067368149757 0.1000067368149757 0.1000067368149757 0.1000067368149757 0.1000067368149757 0.1000067368149757
0.1000056341290474 0.1000056341290474 0.1000056341290474 0.1000056341290474 0.1000056341290474 0.1000056341290474
0.1000065058469772 0.1000065058469772 0.1000065058469772 0.1000065058469772 0.1000065058469772 0.1000065058469772
0.1000062376260757 0.1000062376260757 0.1000062376260757 0.1000062376260757 0.1000062376260757 0.1000062376260757
0.1000048816204071 0.1000048816204071 0.1000048816204071 0.1000048816204071 0.1000048816204071 0.1000048816204071
0.1000052094459534 0.1000052094459534 0.1000052094459534 0.1000052094459534 0.1000052094459534 0.1000052094459534
0.1000027433037758 0.1000027433037758 0.1000027433037758 0.1000027433037758 0.1000027433037758 0.1000027433037758
0.1000032797455788 0.1000032797455788 0.1000032797455788 0.1000032797455788 0.1000032797455788 0.1000032797455788
0.1000015437602997 0.1000015437602997 0.1000015437602997 0.1000015437602997 0.1000015437602997 0.1000015437602997
0.1000015884637833 0.1000015884637833 0.1000015884637833 0.1000015884637833 0.1000015884637833 0.1000015884637833
0.1000012382864952 0.1000012382864952 0.1000012382864952 0.1000012382864952 0.1000012382864952 0.1000012382864952
0.1000023782253265 0.1000023782253265 0.1000023782253265 0.1000023782253265 0.1000023782253265 0.1000023782253265
0.1000011861324310 0.1000011861324310 0.1000011861324310 0.1000011861324310 0.1000011861324310 0.1000011861324310
0.1000011339783669 0.1000011339783669 0.1000011339783669 0.1000011339783669 0.1000011339783669 0.1000011339783669
0.1000039055943489 0.1000039055943489 0.1000039055943489 0.1000039055943489 0.1000039055943489 0.1000039055943489
0.1000024378299713 0.1000024378299713 0.1000024378299713 0.1000024378299713 0.1000024378299713 0.1000024378299713
0.1000049188733101 0.1000049188733101 0.1000049188733101 0.1000049188733101 0.1000049188733101 0.1000049188733101
0.1000036224722862 0.1000036224722862 0.1000036224722862 0.1000036224722862 0.1000036224722862 0.1000036224722862
0.1000047326087952 0.1000047326087952 0.1000047326087952 0.1000047326087952 0.1000047326087952 0.1000047326087952
0.1000039577484131 0.1000039577484131 0.1000039577484131 0.1000039577484131 0.1000039577484131 0.1000039577484131
0.1000033915042877 0.1000033915042877 0.1000033915042877 0.1000033915042877 0.1000033915042877 0.1000033915042877
0.1000031903386116 0.1000031903386116 0.1000031903386116 0.1000031903386116 0.1000031903386116 0.1000031903386116
0.1000017821788788 0.1000017821788788 0.1000017821788788 0.1000017821788788 0.1000017821788788 0.1000017821788788
0.1000017076730728 0.1000017076730728 0.1000017076730728 0.1000017076730728 0.1000017076730728 0.1000017076730728
0.1000008583068848 0.1000008583068848 0.1000008583068848 0.1000008583068848 0.1000008583068848 0.1000008583068848
0.1000005826354027 0.1000005826354027 0.1000005826354027 0.1000005826354027 0.1000005826354027 0.1000005826354027
0.1000003069639206 0.1000003069639206 0.1000003069639206 0.1000003069639206 0.1000003069639206 0.1000003069639206
0.1000009179115295 0.1000009179115295 0.1000009179115295 0.1000009179115295 0.1000009179115295 0.1000009179115295
0.1000001281499863 0.1000001281499863 0.1000001281499863 0.1000001281499863 0.1000001281499863 0.1000001281499863
0.1000001654028893 0.1000001654028893 0.1000001654028893 0.1000001654028893 0.1000001654028893 0.1000001654028893
0.1000020578503609 0.1000020578503609 0.1000020578503609 0.1000020578503609 0.1000020578503609 0.1000020578503609
0.1000011116266251 0.1000011116266251 0.1000011116266251 0.1000011116266251 0.1000011116266251 0.1000011116266251
0.1000027358531952 0.1000027358531952 0.1000027358531952 0.1000027358531952 0.1000027358531952 0.1000027358531952
0.1000020876526833 0.1000020876526833 0.1000020876526833 0.1000020876526833 0.1000020876526833 0.1000020876526833
0.1000024676322937 0.1000024676322937 0.1000024676322937 0.1000024676322937 0.1000024676322937 0.1000024676322937
0.1000022143125534 0.1000022143125534 0.1000022143125534 0.1000022143125534 0.1000022143125534 0.1000022143125534
0.1000014990568161 0.1000014990568161 0.1000014990568161 0.1000014990568161 0.1000014990568161 0.1000014990568161
0.1000015512108803 0.1000015512108803 0.1000015512108803 0.1000015512108803 0.1000015512108803 0.1000015512108803
0.1000004485249519 0.1000004485249519 0.1000004485249519 0.1000004485249519 0.1000004485249519 0.1000004485249519
0.1000005006790161 0.1000005006790161 0.1000005006790161 0.1000005006790161 0.1000005006790161 0.1000005006790161
0.0999999493360519 0.0999999493360519 0.0999999493360519 0.0999999493360519 0.0999999493360519 0.0999999493360519
0.0999998077750206 0.0999998077750206 0.0999998077750206 0.0999998077750206 0.0999998077750206 0.0999998077750206
0.0999996513128281 0.0999996513128281 0.0999996513128281 0.0999996513128281 0.0999996513128281 0.0999996513128281
0.1000002697110176 0.1000002697110176 0.1000002697110176 0.1000002697110176 0.1000002697110176 0.1000002697110176
0.0999997109174728 0.0999997109174728 0.0999997109174728 0.0999997109174728 0.0999997109174728 0.0999997109174728
0.1000012233853340 0.1000012233853340 0.1000012233853340 0.1000012233853340 0.1000012233853340 0.1000012233853340
0.1000016629695892 0.1000016629695892 0.1000016629695892 0.1000016629695892 0.1000016629695892 0.1000016629695892
0.1000013947486877 0.1000013947486877 0.1000013947486877 0.1000013947486877 0.1000013947486877 0.1000013947486877
0.1000006794929504 0.1000006794929504 0.1000006794929504 0.1000006794929504 0.1000006794929504 0.1000006794929504
0.0999999716877937 0.0999999716877937 0.0999999716877937 0.0999999716877937 0.0999999716877937 0.0999999716877937
0.0999995246529579 0.0999995246529579 0.0999995246529579 0.0999995246529579 0.0999995246529579 0.0999995246529579
0.9999974370002747 0.9999974370002747 0.9999974370002747 0.9999974370002747 0
1.0000143051147461 1.0000143051147461 1.0000143051147461 1.0000143051147461 0
1.0000306367874146 1.0000306367874146 1.0000306367874146 1.0000306367874146 0
1.0000479221343994 1.0000479221343994 1.0000479221343994 1.0000479221343994 0
1.0000402927398682 1.0000402927398682 1.0000402927398682 1.0000402927398682 0
1.0000244379043579 1.0000244379043579 1.0000244379043579 1.0000244379043579 0
1.0000019073486328 1.0000019073486328 1.0000019073486328 1.0000019073486328 0
0.9999935030937195 0.9999935030937195 0.9999935030937195 0.9999935030937195 0
1.0000138282775879 1.0000138282775879 1.0000138282775879 1.0000138282775879 0
1.0000343322753906 1.0000343322753906 1.0000343322753906 1.0000343322753906 0
1.0000542402267456 1.0000542402267456 1.0000542402267456 1.0000542402267456 0
1.0000760555267334 1.0000760555267334 1.0000760555267334 1.0000760555267334 0
1.0000720024108887 1.0000720024108887 1.0000720024108887 1.0000720024108887 0
1.0000479221343994 1.0000479221343994 1.0000479221343994 1.0000479221343994 0
1.0000169277191162 1.0000169277191162 1.0000169277191162 1.0000169277191162 0
1.0000085830688477 1.0000085830688477 1.0000085830688477 1.0000085830688477 0
1.0000267028808594 1.0000267028808594 1.0000267028808594 1.0000267028808594 0
1.0000540018081665 1.0000540018081665 1.0000540018081665 1.0000540018081665 0
1.0000764131546021 1.0000764131546021 1.0000764131546021 1.0000764131546021 0
1.0001081228256226 1.0001081228256226 1.0001081228256226 1.0001081228256226 0
1.0001016855239868 1.0001016855239868 1.0001016855239868 1.0001016855239868 0
1.0000728368759155 1.0000728368759155 1.0000728368759155 1.0000728368759155 0
1.0000358819961548 1.0000358819961548 1.0000358819961548 1.0000358819961548 0
1.0000215768814087 1.0000215768814087 1.0000215768814087 1.0000215768814087 0
1.0000317096710205 1.0000317096710205 1.0000317096710205 1.0000317096710205 0
1.0000613927841187 1.0000613927841187 1.0000613927841187 1.0000613927841187 0
1.0000905990600586 1.0000905990600586 1.0000905990600586 1.0000905990600586 0
1.0001230239868164 1.0001230239868164 1.0001230239868164 1.0001230239868164 0
1.0001174211502075 1.0001174211502075 1.0001174211502075 1.0001174211502075 0
1.0000838041305542 1.0000838041305542 1.0000838041305542 1.0000838041305542 0
1.0000443458557129 1.0000443458557129 1.0000443458557129 1.0000443458557129 0
1.0000265836715698 1.0000265836715698 1.0000265836715698 1.0000265836715698 0
1.0000187158584595 1.0000187158584595 1.0000187158584595 1.0000187158584595 0
1.0000474452972412 1.0000474452972412 1.0000474452972412 1.0000474452972412 0
1.0000721216201782 1.0000721216201782 1.0000721216201782 1.0000721216201782 0
1.0001014471054077 1.0001014471054077 1.0001014471054077 1.0001014471054077 0
1.0000959634780884 1.0000959634780884 1.0000959634780884 1.0000959634780884 0
1.0000674724578857 1.0000674724578857 1.0000674724578857 1.0000674724578857 0
1.0000288486480713 1.0000288486480713 1.0000288486480713 1.0000288486480713 0
1.0000139474868774 1.0000139474868774 1.0000139474868774 1.0000139474868774 0
1.0000057220458984 1.0000057220458984 1.0000057220458984 1.0000057220458984 0
1.0000244379043579 1.0000244379043579 1.0000244379043579 1.0000244379043579 0
1.0000458955764771 1.0000458955764771 1.0000458955764771 1.0000458955764771 0
1.0000656843185425 1.0000656843185425 1.0000656843185425 1.0000656843185425 0
1.0000617504119873 1.0000617504119873 1.0000617504119873 1.0000617504119873 0
1.0000387430191040 1.0000387430191040 1.0000387430191040 1.0000387430191040 0
1.0000108480453491 1.0000108480453491 1.0000108480453491 1.0000108480453491 0
1.0000021457672119 1.0000021457672119 1.0000021457672119 1.0000021457672119 0
0.9999926686286926 0.9999926686286926 0.9999926686286926 0.9999926686286926 0
1.0000073909759521 1.0000073909759521 1.0000073909759521 1.0000073909759521 0
1.0000197887420654 1.0000197887420654 1.0000197887420654 1.0000197887420654 0
1.0000385046005249 1.0000385046005249 1.0000385046005249 1.0000385046005249 0
1.0000314712524414 1.0000314712524414 1.0000314712524414 1.0000314712524414 0
1.0000137090682983 1.0000137090682983 1.0000137090682983 1.0000137090682983 0
0.9999969005584717 0.9999969005584717 0.9999969005584717 0.9999969005584717 0
0.9999901652336121 0.9999901652336121 0.9999901652336121 0.9999901652336121 0
0.9999886155128479 0.9999886155128479 0.9999886155128479 0.9999886155128479 0
1.0000022649765015 1.0000022649765015 1.0000022649765015 1.0000022649765015 0
1.0000160932540894 1.0000160932540894 1.0000160932540894 1.0000160932540894 0
1.0000269412994385 1.0000269412994385 1.0000269412994385 1.0000269412994385 0
1.0000162124633789 1.0000162124633789 1.0000162124633789 1.0000162124633789 0
1.0000077486038208 1.0000077486038208 1.0000077486038208 1.0000077486038208 0
0.9999911785125732 0.9999911785125732 0.9999911785125732 0.9999911785125732 0
0.9999855160713196 0.9999855160713196 0.9999855160713196 0.9999855160713196 0
0.1000000014901161 0.1000000014901161 0.1000000014901161 0.1000000014901161 0.1000000014901161 0.1000000014901161
0.0999977141618729 0.0999977141618729 0.0999977141618729 0.0999977141618729 0.0999977141618729 0.0999977141618729
0.1000004634261131 0.1000004634261131 0.1000004634261131 0.1000004634261131 0.1000004634261131 0.1000004634261131
0.0999970957636833 0.0999970957636833 0.0999970957636833 0.0999970957636833 0.0999970957636833 0.0999970957636833
0.1000043228268623 0.1000043228268623 0.1000043228268623 0.1000043228268623 0.1000043228268623 0.1000043228268623
0.1000059619545937 0.1000059619545937 0.1000059619545937 0.1000059619545937 0.1000059619545937 0.1000059619545937
0.1000013127923012 0.1000013127923012 0.1000013127923012 0.1000013127923012 0.1000013127923012 0.1000013127923012
0.1000087186694145 0.1000087186694145 0.1000087186694145 0.1000087186694145 0.1000087186694145 0.1000087186694145
0.1000104993581772 0.1000104993581772 0.1000104993581772 0.1000104993581772 0.1000104993581772 0.1000104993581772
0.1000048518180847 0.1000048518180847 0.1000048518180847 0.1000048518180847 0.1000048518180847 0.1000048518180847
0.1000094488263130 0.1000094488263130 0.1000094488263130 0.1000094488263130 0.1000094488263130 0.1000094488263130
0.1000147685408592 0.1000147685408592 0.1000147685408592 0.1000147685408592 0.1000147685408592 0.1000147685408592
0.1000080108642578 0.1000080108642578 0.1000080108642578 0.1000080108642578 0.1000080108642578 0.1000080108642578
0.1000064089894295 0.1000064089894295 0.1000064089894295 0.1000064089894295 0.1000064089894295 0.1000064089894295
0.1000132113695145 0.1000132113695145 0.1000132113695145 0.1000132113695145 0.1000132113695145 0.1000132113695145
0.1000049933791161 0.1000049933791161 0.1000049933791161 0.1000049933791161 0.1000049933791161 0.1000049933791161
0.1000023707747459 0.1000023707747459 0.1000023707747459 0.1000023707747459 0.1000023707747459 0.1000023707747459
0.1000077277421951 0.1000077277421951 0.1000077277421951 0.1000077277421951 0.1000077277421951 0.1000077277421951
0.1000020056962967 0.1000020056962967 0.1000020056962967 0.1000020056962967 0.1000020056962967 0.1000020056962967
0.0999984145164490 0.0999984145164490 0.0999984145164490 0.0999984145164490 0.0999984145164490 0.0999984145164490
0.1000028699636459 0.1000028699636459 0.1000028699636459 0.1000028699636459 0.1000028699636459 0.1000028699636459
0.0999992564320564 0.0999992564320564 0.0999992564320564 0.0999992564320564 0.0999992564320564 0.0999992564320564
0.0999987348914146 0.0999987348914146 0.0999987348914146 0.0999987348914146 0.0999987348914146 0.0999987348914146
0.0999960750341415 0.0999960750341415 0.0999960750341415 0.0999960750341415 0.0999960750341415 0.0999960750341415
0.1000047028064728 0.1000047028064728 0.1000047028064728 0.1000047028064728 0.1000047028064728 0.1000047028064728
0.1000018417835236 0.1000018417835236 0.1000018417835236 0.1000018417835236 0.1000018417835236 0.1000018417835236
0.1000043377280235 0.1000043377280235 0.1000043377280235 0.1000043377280235 0.1000043377280235 0.1000043377280235
0.1000103056430817 0.1000103056430817 0.1000103056430817 0.1000103056430817 0.1000103056430817 0.1000103056430817
0.1000110208988190 0.1000110208988190 0.1000110208988190 0.1000110208988190 0.1000110208988190 0.1000110208988190
0.1000161990523338 0.1000161990523338 0.1000161990523338 0.1000161990523338 0.1000161990523338 0.1000161990523338
0.1000170335173607 0.1000170335173607 0.1000170335173607 0.1000170335173607 0.1000170335173607 0.1000170335173607
0.1000183299183846 0.1000183299183846 0.1000183299183846 0.1000183299183846 0.1000183299183846 0.1000183299183846
0.1000229865312576 0.1000229865312576 0.1000229865312576 0.1000229865312576 0.1000229865312576 0.1000229865312576
0.1000142544507980 0.1000142544507980 0.1000142544507980 0.1000142544507980 0.1000142544507980 0.1000142544507980
0.1000221595168114 0.1000221595168114 0.1000221595168114 0.1000221595168114 0.1000221595168114 0.1000221595168114
0.1000079363584518 0.1000079363584518 0.1000079363584518 0.1000079363584518 0.1000079363584518 0.1000079363584518
0.1000143736600876 0.1000143736600876 0.1000143736600876 0.1000143736600876 0.1000143736600876 0.1000143736600876
0.1000027060508728 0.1000027060508728 0.1000027060508728 0.1000027060508728 0.1000027060508728 0.1000027060508728
0.1000076532363892 0.1000076532363892 0.1000076532363892 0.1000076532363892 0.1000076532363892 0.1000076532363892
0.1000026315450668 0.1000026315450668 0.1000026315450668 0.1000026315450668 0.1000026315450668 0.1000026315450668
0.1000084131956100 0.1000084131956100 0.1000084131956100 0.1000084131956100 0.1000084131956100 0.1000084131956100
0.1000048145651817 0.1000048145651817 0.1000048145651817 0.1000048145651817 0.1000048145651817 0.1000048145651817
0.1000056341290474 0.1000056341290474 0.1000056341290474 0.1000056341290474 0.1000056341290474 0.1000056341290474
0.1000157445669174 0.1000157445669174 0.1000157445669174 0.1000157445669174 0.1000157445669174 0.1000157445669174
0.1000137031078339 0.1000137031078339 0.1000137031078339 0.1000137031078339 0.1000137031078339 0.1000137031078339
0.1000232249498367 0.1000232249498367 0.1000232249498367 0.1000232249498367 0.1000232249498367 0.1000232249498367
0.1000210791826248 0.1000210791826248 0.1000210791826248 0.1000210791826248 0.1000210791826248 0.1000210791826248
0.1000260934233665 0.1000260934233665 0.1000260934233665 0.1000260934233665 0.1000260934233665 0.1000260934233665
0.1000279486179352 0.1000279486179352 0.1000279486179352 0.1000279486179352 0.1000279486179352 0.1000279486179352
0.1000211238861084 0.1000211238861084 0.1000211238861084 0.1000211238861084 0.1000211238861084 0.1000211238861084
0.1000267490744591 0.1000267490744591 0.1000267490744591 0.1000267490744591 0.1000267490744591 0.1000267490744591
0.1000133380293846 0.1000133380293846 0.1000133380293846 0.1000133380293846 0.1000133380293846 0.1000133380293846
0.1000179573893547 0.1000179573893547 0.1000179573893547 0.1000179573893547 0.1000179573893547 0.1000179573893547
0.1000063419342041 0.1000063419342041 0.1000063419342041 0.1000063419342041 0.1000063419342041 0.1000063419342041
0.1000102981925011 0.1000102981925011 0.1000102981925011 0.1000102981925011 0.1000102981925011 0.1000102981925011
0.1000041142106056 0.1000041142106056 0.1000041142106056 0.1000041142106056 0.1000041142106056 0.1000041142106056
0.1000091731548309 0.1000091731548309 0.1000091731548309 0.1000091731548309 0.1000091731548309 0.1000091731548309
0.1000050753355026 0.1000050753355026 0.1000050753355026 0.1000050753355026 0.1000050753355026 0.1000050753355026
0.1000044941902161 0.1000044941902161 0.1000044941902161 0.1000044941902161 0.1000044941902161 0.1000044941902161
0.1000177040696144 0.1000177040696144 0.1000177040696144 0.1000177040696144 0.1000177040696144 0.1000177040696144
0.1000129729509354 0.1000129729509354 0.1000129729509354 0.1000129729509354 0.1000129729509354 0.1000129729509354
0.1000257655978203 0.1000257655978203 0.1000257655978203 0.1000257655978203 0.1000257655978203 0.1000257655978203
0.1000203043222427 0.1000203043222427 0.1000203043222427 0.1000203043222427 0.1000203043222427 0.1000203043222427
0.1000287234783173 0.1000287234783173 0.1000287234783173 0.1000287234783173 0.1000287234783173 0.1000287234783173
0.1000271216034889 0.1000271216034889 0.1000271216034889 0.1000271216034889 0.1000271216034889 0.1000271216034889
0.1000232547521591 0.1000232547521591 0.1000232547521591 0.1000232547521591 0.1000232547521591 0.1000232547521591
0.1000259146094322 0.1000259146094322 0.1000259146094322 0.1000259146094322 0.1000259146094322 0.1000259146094322
0.1000149548053741 0.1000149548053741 0.1000149548053741 0.1000149548053741 0.1000149548053741 0.1000149548053741
0.1000171601772308 0.1000171601772308 0.1000171601772308 0.1000171601772308 0.1000171601772308 0.1000171601772308
0.1000071093440056 0.1000071093440056 0.1000071093440056 0.1000071093440056 0.1000071093440056 0.1000071093440056
0.1000093296170235 0.1000093296170235 0.1000093296170235 0.1000093296170235 0.1000093296170235 0.1000093296170235
0.1000028997659683 0.1000028997659683 0.1000028997659683 0.1000028997659683 0.1000028997659683 0.1000028997659683
0.1000059321522713 0.1000059321522713 0.1000059321522713 0.1000059321522713 0.1000059321522713 0.1000059321522713
0.1000025719404221 0.1000025719404221 0.1000025719404221 0.1000025719404221 0.1000025719404221 0.1000025719404221
0.1000021249055862 0.1000021249055862 0.1000021249055862 0.1000021249055862 0.1000021249055862 0.1000021249055862
0.1000136360526085 0.1000136360526085 0.1000136360526085 0.1000136360526085 0.1000136360526085 0.1000136360526085
0.1000089123845100 0.1000089123845100 0.1000089123845100 0.1000089123845100 0.1000089123845100 0.1000089123845100
0.1000209748744965 0.1000209748744965 0.1000209748744965 0.1000209748744965 0.1000209748744965 0.1000209748744965
0.1000148206949234 0.1000148206949234 0.1000148206949234 0.1000148206949234 0.1000148206949234 0.1000148206949234
0.1000237092375755 0.1000237092375755 0.1000237092375755 0.1000237092375755 0.1000237092375755 0.1000237092375755
0.1000206023454666 0.1000206023454666 0.1000206023454666 0.1000206023454666 0.1000206023454666 0.1000206023454666
0.1000185608863831 0.1000185608863831 0.1000185608863831 0.1000185608863831 0.1000185608863831 0.1000185608863831
0.1000195890665054 0.1000195890665054 0.1000195890665054 0.1000195890665054 0.1000195890665054 0.1000195890665054
0.1000109836459160 0.1000109836459160 0.1000109836459160 0.1000109836459160 0.1000109836459160 0.1000109836459160
0.1000119745731354 0.1000119745731354 0.1000119745731354 0.1000119745731354 0.1000119745731354 0.1000119745731354
0.1000041291117668 0.1000041291117668 0.1000041291117668 0.1000041291117668 0.1000041291117668 0.1000041291117668
0.1000056639313698 0.1000056639313698 0.1000056639313698 0.1000056639313698 0.1000056639313698 0.1000056639313698
0.1000007614493370 0.1000007614493370 0.1000007614493370 0.1000007614493370 0.1000007614493370 0.1000007614493370
0.1000028327107430 0.1000028327107430 0.1000028327107430 0.1000028327107430 0.1000028327107430 0.1000028327107430
0.1000002324581146 0.1000002324581146 0.1000002324581146 0.1000002324581146 0.1000002324581146 0.1000002324581146
0.0999992191791534 0.0999992191791534 0.0999992191791534 0.0999992191791534 0.0999992191791534 0.0999992191791534
0.1000082790851593 0.1000082790851593 0.1000082790851593 0.1000082790851593 0.1000082790851593 0.1000082790851593
0.1000041216611862 0.1000041216611862 0.1000041216611862 0.1000041216611862 0.1000041216611862 0.1000041216611862
0.1000141054391861 0.1000141054391861 0.1000141054391861 0.1000141054391861 0.1000141054391861 0.1000141054391861
0.1000083088874817 0.1000083088874817 0.1000083088874817 0.1000083088874817 0.1000083088874817 0.1000083088874817
0.1000162065029144 0.1000162065029144 0.1000162065029144 0.1000162065029144 0.1000162065029144 0.1000162065029144
0.1000126674771309 0.1000126674771309 0.1000126674771309 0.1000126674771309 0.1000126674771309 0.1000126674771309
0.1000120043754578 0.1000120043754578 0.1000120043754578 0.1000120043754578 0.1000120043754578 0.1000120043754578
0.1000112816691399 0.1000112816691399 0.1000112816691399 0.1000112816691399 0.1000112816691399 0.1000112816691399
0.1000061556696892 0.1000061556696892 0.1000061556696892 0.1000061556696892 0.1000061556696892 0.1000061556696892
0.1000058352947235 0.1000058352947235 0.1000058352947235 0.1000058352947235 0.1000058352947235 0.1000058352947235
0.1000012829899788 0.1000012829899788 0.1000012829899788 0.1000012829899788 0.1000012829899788 0.1000012829899788
0.1000014990568161 0.1000014990568161 0.1000014990568161 0.1000014990568161 0.1000014990568161 0.1000014990568161
0.0999980494379997 0.0999980494379997 0.0999980494379997 0.0999980494379997 0.0999980494379997 0.0999980494379997
0.0999991297721863 0.0999991297721863 0.0999991297721863 0.0999991297721863 0.0999991297721863 0.0999991297721863
0.0999974980950356 0.0999974980950356 0.0999974980950356 0.0999974980950356 0.0999974980950356 0.0999974980950356
0.0999968945980072 0.0999968945980072 0.0999968945980072 0.0999968945980072 0.0999968945980072 0.0999968945980072
0.1000032201409340 0.1000032201409340 0.1000032201409340 0.1000032201409340 0.1000032201409340 0.1000032201409340
0.1000006869435310 0.1000006869435310 0.1000006869435310 0.1000006869435310 0.1000006869435310 0.1000006869435310
0.1000073477625847 0.1000073477625847 0.1000073477625847 0.1000073477625847 0.1000073477625847 0.1000073477625847
0.1000040620565414 0.1000040620565414 0.1000040620565414 0.1000040620565414 0.1000040620565414 0.1000040620565414
0.1000082790851593 0.1000082790851593 0.1000082790851593 0.1000082790851593 0.1000082790851593 0.1000082790851593
0.1000073030591011 0.1000073030591011 0.1000073030591011 0.1000073030591011 0.1000073030591011 0.1000073030591011
0.1000052541494370 0.1000052541494370 0.1000052541494370 0.1000052541494370 0.1000052541494370 0.1000052541494370
0.1000045388936996 0.1000045388936996 0.1000045388936996 0.1000045388936996 0.1000045388936996 0.1000045388936996
0.1000014692544937 0.1000014692544937 0.1000014692544937 0.1000014692544937 0.1000014692544937 0.1000014692544937
0.1000012680888176 0.1000012680888176 0.1000012680888176 0.1000012680888176 0.1000012680888176 0.1000012680888176
0.0999979898333549 0.0999979898333549 0.0999979898333549 0.0999979898333549 0.0999979898333549 0.0999979898333549
0.0999987199902534 0.0999987199902534 0.0999987199902534 0.0999987199902534 0.0999987199902534 0.0999987199902534
0.0999961122870445 0.0999961122870445 0.0999961122870445 0.0999961122870445 0.0999961122870445 0.0999961122870445
0.0999975502490997 0.0999975502490997 0.0999975502490997 0.0999975502490997 0.0999975502490997 0.0999975502490997
0.0999957621097565 0.0999957621097565 0.0999957621097565 0.0999957621097565 0.0999957621097565 0.0999957621097565
0.1000009030103683 0.1000009030103683 0.1000009030103683 0.1000009030103683 0.1000009030103683 0.1000009030103683
0.1000044271349907 0.1000044271349907 0.1000044271349907 0.1000044271349907 0.1000044271349907 0.1000044271349907
0.1000032648444176 0.1000032648444176 0.1000032648444176 0.1000032648444176 0.1000032648444176 0.1000032648444176
0.1000024452805519 0.1000024452805519 0.1000024452805519 0.1000024452805519 0.1000024452805519 0.1000024452805519
0.0999996140599251 0.0999996140599251 0.0999996140599251 0.0999996140599251 0.0999996140599251 0.0999996140599251
0.0999964401125908 0.0999964401125908 0.0999964401125908 0.0999964401125908 0.0999964401125908 0.0999964401125908
0.9999976754188538 0.9999976754188538 0.9999976754188538 0.9999976754188538 0
1.0000143051147461 1.0000143051147461 1.0000143051147461 1.0000143051147461 0
1.0000278949737549 1.0000278949737549 1.0000278949737549 1.0000278949737549 0
1.0000314712524414 1.0000314712524414 1.0000314712524414 1.0000314712524414 0
1.0000193119049072 1.0000193119049072 1.0000193119049072 1.0000193119049072 0
1.0000056028366089 1.0000056028366089 1.0000056028366089 1.0000056028366089 0
0.9999916553497314 0.9999916553497314 0.9999916553497314 0.9999916553497314 0
0.9999890923500061 0.9999890923500061 0.9999890923500061 0.9999890923500061 0
1.0000144243240356 1.0000144243240356 1.0000144243240356 1.0000144243240356 0
1.0000345706939697 1.0000345706939697 1.0000345706939697 1.0000345706939697 0
1.0000555515289307 1.0000555515289307 1.0000555515289307 1.0000555515289307 0
1.0000613927841187 1.0000613927841187 1.0000613927841187 1.0000613927841187 0
1.0000461339950562 1.0000461339950562 1.0000461339950562 1.0000461339950562 0
1.0000252723693848 1.0000252723693848 1.0000252723693848 1.0000252723693848 0
1.0000067949295044 1.0000067949295044 1.0000067949295044 1.0000067949295044 0
1.0000014305114746 1.0000014305114746 1.0000014305114746 1.0000014305114746 0
1.0000318288803101 1.0000318288803101 1.0000318288803101 1.0000318288803101 0
1.0000551939010620 1.0000551939010620 1.0000551939010620 1.0000551939010620 0
1.0000762939453125 1.0000762939453125 1.0000762939453125 1.0000762939453125 0
1.0000895261764526 1.0000895261764526 1.0000895261764526 1.0000895261764526 0
1.0000704526901245 1.0000704526901245 1.0000704526901245 1.0000704526901245 0
1.0000433921813965 1.0000433921813965 1.0000433921813965 1.0000433921813965 0
1.0000184774398804 1.0000184774398804 1.0000184774398804 1.0000184774398804 0
1.0000153779983521 1.0000153779983521 1.0000153779983521 1.0000153779983521 0
1.0000482797622681 1.0000482797622681 1.0000482797622681 1.0000482797622681 0
1.0000773668289185 1.0000773668289185 1.0000773668289185 1.0000773668289185 0
1.0001096725463867 1.0001096725463867 1.0001096725463867 1.0001096725463867 0
1.0001219511032104 1.0001219511032104 1.0001219511032104 1.0001219511032104 0
1.0001012086868286 1.0001012086868286 1.0001012086868286 1.0001012086868286 0
1.0000654458999634 1.0000654458999634 1.0000654458999634 1.0000654458999634 0
1.0000377893447876 1.0000377893447876 1.0000377893447876 1.0000377893447876 0
1.0000261068344116 1.0000261068344116 1.0000261068344116 1.0000261068344116 0
1.0000413656234741 1.0000413656234741 1.0000413656234741 1.0000413656234741 0
1.0000734329223633 1.0000734329223633 1.0000734329223633 1.0000734329223633 0
1.0001046657562256 1.0001046657562256 1.0001046657562256 1.0001046657562256 0
1.0001187324523926 1.0001187324523926 1.0001187324523926 1.0001187324523926 0
1.0000964403152466 1.0000964403152466 1.0000964403152466 1.0000964403152466 0
1.0000621080398560 1.0000621080398560 1.0000621080398560 1.0000621080398560 0
1.0000309944152832 1.0000309944152832 1.0000309944152832 1.0000309944152832 0
1.0000172853469849 1.0000172853469849 1.0000172853469849 1.0000172853469849 0
1.0000255107879639 1.0000255107879639 1.0000255107879639 1.0000255107879639 0
1.0000498294830322 1.0000498294830322 1.0000498294830322 1.0000498294830322 0
1.0000730752944946 1.0000730752944946 1.0000730752944946 1.0000730752944946 0
1.0000829696655273 1.0000829696655273 1.0000829696655273 1.0000829696655273 0
1.0000681877136230 1.0000681877136230 1.0000681877136230 1.0000681877136230 0
1.0000383853912354 1.0000383853912354 1.0000383853912354 1.0000383853912354 0
1.0000141859054565 1.0000141859054565 1.0000141859054565 1.0000141859054565 0
1.0000092983245850 1.0000092983245850 1.0000092983245850 1.0000092983245850 0
1.0000042915344238 1.0000042915344238 1.0000042915344238 1.0000042915344238 0
1.0000190734863281 1.0000190734863281 1.0000190734863281 1.0000190734863281 0
1.0000367164611816 1.0000367164611816 1.0000367164611816 1.0000367164611816 0
1.0000427961349487 1.0000427961349487 1.0000427961349487 1.0000427961349487 0
1.0000288486480713 1.0000288486480713 1.0000288486480713 1.0000288486480713 0
1.0000106096267700 1.0000106096267700 1.0000106096267700 1.0000106096267700 0
0.9999967813491821 0.9999967813491821 0.9999967813491821 0.9999967813491821 0
0.9999914169311523 0.9999914169311523 0.9999914169311523 0.9999914169311523 0
0.9999945759773254 0.9999945759773254 0.9999945759773254 0.9999945759773254 0
1.0000090599060059 1.0000090599060059 1.0000090599060059 1.0000090599060059 0
1.0000233650207520 1.0000233650207520 1.0000233650207520 1.0000233650207520 0
1.0000264644622803 1.0000264644622803 1.0000264644622803 1.0000264644622803 0
1.0000143051147461 1.0000143051147461 1.0000143051147461 1.0000143051147461 0
1.0000008344650269 1.0000008344650269 1.0000008344650269 1.0000008344650269 0
0.9999894499778748 0.9999894499778748 0.9999894499778748 0.9999894499778748 0
0.9999859929084778 0.9999859929084778 0.9999859929084778 0.9999859929084778 0
0.1000004187226295 0.1000004187226295 0.1000004187226295 0.1000004187226295 0.1000004187226295 0.1000004187226295
0.0999970287084579 0.0999970287084579 0.0999970287084579 0.0999970287084579 0.0999970287084579 0.0999970287084579
0.1000000163912773 0.1000000163912773 0.1000000163912773 0.1000000163912773 0.1000000163912773 0.1000000163912773
0.0999978333711624 0.0999978333711624 0.0999978333711624 0.0999978333711624 0.0999978333711624 0.0999978333711624
0.1000045537948608 0.1000045537948608 0.1000045537948608 0.1000045537948608 0.1000045537948608 0.1000045537948608
0.1000047326087952 0.1000047326087952 0.1000047326087952 0.1000047326087952 0.1000047326087952 0.1000047326087952
0.1000018492341042 0.1000018492341042 0.1000018492341042 0.1000018492341042 0.1000018492341042 0.1000018492341042
0.1000059321522713 0.1000059321522713 0.1000059321522713 0.1000059321522713 0.1000059321522713 0.1000059321522713
0.1000088751316071 0.1000088751316071 0.1000088751316071 0.1000088751316071 0.1000088751316071 0.1000088751316071
0.1000052392482758 0.1000052392482758 0.1000052392482758 0.1000052392482758 0.1000052392482758 0.1000052392482758
0.1000044792890549 0.1000044792890549 0.1000044792890549 0.1000044792890549 0.1000044792890549 0.1000044792890549
0.1000092104077339 0.1000092104077339 0.1000092104077339 0.1000092104077339 0.1000092104077339 0.1000092104077339
0.1000050604343414 0.1000050604343414 0.1000050604343414 0.1000050604343414 0.1000050604343414 0.1000050604343414
0.1000021547079086 0.1000021547079086 0.1000021547079086 0.1000021547079086 0.1000021547079086 0.1000021547079086
0.1000060066580772 0.1000060066580772 0.1000060066580772 0.1000060066580772 0.1000060066580772 0.1000060066580772
0.1000026166439056 0.1000026166439056 0.1000026166439056 0.1000026166439056 0.1000026166439056 0.1000026166439056
0.0999992713332176 0.0999992713332176 0.0999992713332176 0.0999992713332176 0.0999992713332176 0.0999992713332176
0.1000028625130653 0.1000028625130653 0.1000028625130653 0.1000028625130653 0.1000028625130653 0.1000028625130653
0.1000000089406967 0.1000000089406967 0.1000000089406967 0.1000000089406967 0.1000000089406967 0.1000000089406967
0.0999967008829117 0.0999967008829117 0.0999967008829117 0.0999967008829117 0.0999967008829117 0.0999967008829117
0.0999990776181221 0.0999990776181221 0.0999990776181221 0.0999990776181221 0.0999990776181221 0.0999990776181221
0.0999970436096191 0.0999970436096191 0.0999970436096191 0.0999970436096191 0.0999970436096191 0.0999970436096191
0.0999974459409714 0.0999974459409714 0.0999974459409714 0.0999974459409714 0.0999974459409714 0.0999974459409714
0.0999958142638206 0.0999958142638206 0.0999958142638206 0.0999958142638206 0.0999958142638206 0.0999958142638206
0.1000058427453041 0.1000058427453041 0.1000058427453041 0.1000058427453041 0.1000058427453041 0.1000058427453041
0.1000011190772057 0.1000011190772057 0.1000011190772057 0.1000011190772057 0.1000011190772057 0.1000011190772057
0.1000044718384743 0.1000044718384743 0.1000044718384743 0.1000044718384743 0.1000044718384743 0.1000044718384743
0.1000111177563667 0.1000111177563667 0.1000111177563667 0.1000111177563667 0.1000111177563667 0.1000111177563667
0.1000102981925011 0.1000102981925011 0.1000102981925011 0.1000102981925011 0.1000102981925011 0.1000102981925011
0.1000138968229294 0.1000138968229294 0.1000138968229294 0.1000138968229294 0.1000138968229294 0.1000138968229294
0.1000159233808517 0.1000159233808517 0.1000159233808517 0.1000159233808517 0.1000159233808517 0.1000159233808517
0.1000127941370010 0.1000127941370010 0.1000127941370010 0.1000127941370010 0.1000127941370010 0.1000127941370010
0.1000176370143890 0.1000176370143890 0.1000176370143890 0.1000176370143890 0.1000176370143890 0.1000176370143890
0.1000086143612862 0.1000086143612862 0.1000086143612862 0.1000086143612862 0.1000086143612862 0.1000086143612862
0.1000132858753204 0.1000132858753204 0.1000132858753204 0.1000132858753204 0.1000132858753204 0.1000132858753204
0.1000039726495743 0.1000039726495743 0.1000039726495743 0.1000039726495743 0.1000039726495743 0.1000039726495743
0.1000079959630966 0.1000079959630966 0.1000079959630966 0.1000079959630966 0.1000079959630966 0.1000079959630966
0.1000003740191460 0.1000003740191460 0.1000003740191460 0.1000003740191460 0.1000003740191460 0.1000003740191460
0.1000029295682907 0.1000029295682907 0.1000029295682907 0.1000029295682907 0.1000029295682907 0.1000029295682907
0.1000010147690773 0.1000010147690773 0.1000010147690773 0.1000010147690773 0.1000010147690773 0.1000010147690773
0.1000104844570160 0.1000104844570160 0.1000104844570160 0.1000104844570160 0.1000104844570160 0.1000104844570160
0.1000047102570534 0.1000047102570534 0.1000047102570534 0.1000047102570534 0.1000047102570534 0.1000047102570534
0.1000088304281235 0.1000088304281235 0.1000088304281235 0.1000088304281235 0.1000088304281235 0.1000088304281235
0.1000172868371010 0.1000172868371010 0.1000172868371010 0.1000172868371010 0.1000172868371010 0.1000172868371010
0.1000164598226547 0.1000164598226547 0.1000164598226547 0.1000164598226547 0.1000164598226547 0.1000164598226547
0.1000210195779800 0.1000210195779800 0.1000210195779800 0.1000210195779800 0.1000210195779800 0.1000210195779800
0.1000234186649323 0.1000234186649323 0.1000234186649323 0.1000234186649323 0.1000234186649323 0.1000234186649323
0.1000201255083084 0.1000201255083084 0.1000201255083084 0.1000201255083084 0.1000201255083084 0.1000201255083084
0.1000256314873695 0.1000256314873695 0.1000256314873695 0.1000256314873695 0.1000256314873695 0.1000256314873695
0.1000143587589264 0.1000143587589264 0.1000143587589264 0.1000143587589264 0.1000143587589264 0.1000143587589264
0.1000206321477890 0.1000206321477890 0.1000206321477890 0.1000206321477890 0.1000206321477890 0.1000206321477890
0.1000081151723862 0.1000081151723862 0.1000081151723862 0.1000081151723862 0.1000081151723862 0.1000081151723862
0.1000137403607368 0.1000137403607368 0.1000137403607368 0.1000137403607368 0.1000137403607368 0.1000137403607368
0.1000038385391235 0.1000038385391235 0.1000038385391235 0.1000038385391235 0.1000038385391235 0.1000038385391235
0.1000071093440056 0.1000071093440056 0.1000071093440056 0.1000071093440056 0.1000071093440056 0.1000071093440056
0.1000044122338295 0.1000044122338295 0.1000044122338295 0.1000044122338295 0.1000044122338295 0.1000044122338295
0.1000147834420204 0.1000147834420204 0.1000147834420204 0.1000147834420204 0.1000147834420204 0.1000147834420204
0.1000077128410339 0.1000077128410339 0.1000077128410339 0.1000077128410339 0.1000077128410339 0.1000077128410339
0.1000096574425697 0.1000096574425697 0.1000096574425697 0.1000096574425697 0.1000096574425697 0.1000096574425697
0.1000236198306084 0.1000236198306084 0.1000236198306084 0.1000236198306084 0.1000236198306084 0.1000236198306084
0.1000189334154129 0.1000189334154129 0.1000189334154129 0.1000189334154129 0.1000189334154129 0.1000189334154129
0.1000280156731606 0.1000280156731606 0.1000280156731606 0.1000280156731606 0.1000280156731606 0.1000280156731606
0.1000265702605247 0.1000265702605247 0.1000265702605247 0.1000265702605247 0.1000265702605247 0.1000265702605247
0.1000268459320068 0.1000268459320068 0.1000268459320068 0.1000268459320068 0.1000268459320068 0.1000268459320068
0.1000287160277367 0.1000287160277367 0.1000287160277367 0.1000287160277367 0.1000287160277367 0.1000287160277367
0.1000202596187592 0.1000202596187592 0.1000202596187592 0.1000202596187592 0.1000202596187592 0.1000202596187592
0.1000236198306084 0.1000236198306084 0.1000236198306084 0.1000236198306084 0.1000236198306084 0.1000236198306084
0.1000123694539070 0.1000123694539070 0.1000123694539070 0.1000123694539070 0.1000123694539070 0.1000123694539070
0.1000161021947861 0.1000161021947861 0.1000161021947861 0.1000161021947861 0.1000161021947861 0.1000161021947861
0.1000070199370384 0.1000070199370384 0.1000070199370384 0.1000070199370384 0.1000070199370384 0.1000070199370384
0.1000081598758698 0.1000081598758698 0.1000081598758698 0.1000081598758698 0.1000081598758698 0.1000081598758698
0.1000034734606743 0.1000034734606743 0.1000034734606743 0.1000034734606743 0.1000034734606743 0.1000034734606743
0.1000136882066727 0.1000136882066727 0.1000136882066727 0.1000136882066727 0.1000136882066727 0.1000136882066727
0.1000055223703384 0.1000055223703384 0.1000055223703384 0.1000055223703384 0.1000055223703384 0.1000055223703384
0.1000068113207817 0.1000068113207817 0.1000068113207817 0.1000068113207817 0.1000068113207817 0.1000068113207817
0.1000229865312576 0.1000229865312576 0.1000229865312576 0.1000229865312576 0.1000229865312576 0.1000229865312576
0.1000146716833115 0.1000146716833115 0.1000146716833115 0.1000146716833115 0.1000146716833115 0.1000146716833115
0.1000271663069725 0.1000271663069725 0.1000271663069725 0.1000271663069725 0.1000271663069725 0.1000271663069725
0.1000214368104935 0.1000214368104935 0.1000214368104935 0.1000214368104935 0.1000214368104935 0.1000214368104935
0.1000260934233665 0.1000260934233665 0.1000260934233665 0.1000260934233665 0.1000260934233665 0.1000260934233665
0.1000234112143517 0.1000234112143517 0.1000234112143517 0.1000234112143517 0.1000234112143517 0.1000234112143517
0.1000197678804398 0.1000197678804398 0.1000197678804398 0.1000197678804398 0.1000197678804398 0.1000197678804398
0.1000188216567039 0.1000188216567039 0.1000188216567039 0.1000188216567039 0.1000188216567039 0.1000188216567039
0.1000111028552055 0.1000111028552055 0.1000111028552055 0.1000111028552055 0.1000111028552055 0.1000111028552055
0.1000120565295219 0.1000120565295219 0.1000120565295219 0.1000120565295219 0.1000120565295219 0.1000120565295219
0.1000047475099564 0.1000047475099564 0.1000047475099564 0.1000047475099564 0.1000047475099564 0.1000047475099564
0.1000052466988564 0.1000052466988564 0.1000052466988564 0.1000052466988564 0.1000052466988564 0.1000052466988564
0.1000026762485504 0.1000026762485504 0.1000026762485504 0.1000026762485504 0.1000026762485504 0.1000026762485504
0.1000080257654190 0.1000080257654190 0.1000080257654190 0.1000080257654190 0.1000080257654190 0.1000080257654190
0.1000023186206818 0.1000023186206818 0.1000023186206818 0.1000023186206818 0.1000023186206818 0.1000023186206818
0.1000027954578400 0.1000027954578400 0.1000027954578400 0.1000027954578400 0.1000027954578400 0.1000027954578400
0.1000147759914398 0.1000147759914398 0.1000147759914398 0.1000147759914398 0.1000147759914398 0.1000147759914398
0.1000082716345787 0.1000082716345787 0.1000082716345787 0.1000082716345787 0.1000082716345787 0.1000082716345787
0.1000181213021278 0.1000181213021278 0.1000181213021278 0.1000181213021278 0.1000181213021278 0.1000181213021278
0.1000135466456413 0.1000135466456413 0.1000135466456413 0.1000135466456413 0.1000135466456413 0.1000135466456413
0.1000172346830368 0.1000172346830368 0.1000172346830368 0.1000172346830368 0.1000172346830368 0.1000172346830368
0.1000148877501488 0.1000148877501488 0.1000148877501488 0.1000148877501488 0.1000148877501488 0.1000148877501488
0.1000120565295219 0.1000120565295219 0.1000120565295219 0.1000120565295219 0.1000120565295219 0.1000120565295219
0.1000109761953354 0.1000109761953354 0.1000109761953354 0.1000109761953354 0.1000109761953354 0.1000109761953354
0.1000059023499489 0.1000059023499489 0.1000059023499489 0.1000059023499489 0.1000059023499489 0.1000059023499489
0.1000059917569160 0.1000059917569160 0.1000059917569160 0.1000059917569160 0.1000059917569160 0.1000059917569160
0.1000015512108803 0.1000015512108803 0.1000015512108803 0.1000015512108803 0.1000015512108803 0.1000015512108803
0.1000015288591385 0.1000015288591385 0.1000015288591385 0.1000015288591385 0.1000015288591385 0.1000015288591385
0.0999998077750206 0.0999998077750206 0.0999998077750206 0.0999998077750206 0.0999998077750206 0.0999998077750206
0.1000031679868698 0.1000031679868698 0.1000031679868698 0.1000031679868698 0.1000031679868698 0.1000031679868698
0.0999995097517967 0.0999995097517967 0.0999995097517967 0.0999995097517967 0.0999995097517967 0.0999995097517967
0.0999988019466400 0.0999988019466400 0.0999988019466400 0.0999988019466400 0.0999988019466400 0.0999988019466400
0.1000079363584518 0.1000079363584518 0.1000079363584518 0.1000079363584518 0.1000079363584518 0.1000079363584518
0.1000028923153877 0.1000028923153877 0.1000028923153877 0.1000028923153877 0.1000028923153877 0.1000028923153877
0.1000102236866951 0.1000102236866951 0.1000102236866951 0.1000102236866951 0.1000102236866951 0.1000102236866951
0.1000067964196205 0.1000067964196205 0.1000067964196205 0.1000067964196205 0.1000067964196205 0.1000067964196205
0.1000092923641205 0.1000092923641205 0.1000092923641205 0.1000092923641205 0.1000092923641205 0.1000092923641205
0.1000071763992310 0.1000071763992310 0.1000071763992310 0.1000071763992310 0.1000071763992310 0.1000071763992310
0.1000054553151131 0.1000054553151131 0.1000054553151131 0.1000054553151131 0.1000054553151131 0.1000054553151131
0.1000040397047997 0.1000040397047997 0.1000040397047997 0.1000040397047997 0.1000040397047997 0.1000040397047997
0.1000014543533325 0.1000014543533325 0.1000014543533325 0.1000014543533325 0.1000014543533325 0.1000014543533325
0.1000010818243027 0.1000010818243027 0.1000010818243027 0.1000010818243027 0.1000010818243027 0.1000010818243027
0.0999987646937370 0.0999987646937370 0.0999987646937370 0.0999987646937370 0.0999987646937370 0.0999987646937370
0.0999979004263878 0.0999979004263878 0.0999979004263878 0.0999979004263878 0.0999979004263878 0.0999979004263878
0.0999965891242027 0.0999965891242027 0.0999965891242027 0.0999965891242027 0.0999965891242027 0.0999965891242027
0.0999990403652191 0.0999990403652191 0.0999990403652191 0.0999990403652191 0.0999990403652191 0.0999990403652191
0.0999962836503983 0.0999962836503983 0.0999962836503983 0.0999962836503983 0.0999962836503983 0.0999962836503983
0.1000028401613235 0.1000028401613235 0.1000028401613235 0.1000028401613235 0.1000028401613235 0.1000028401613235
0.1000041291117668 0.1000041291117668 0.1000041291117668 0.1000041291117668 0.1000041291117668 0.1000041291117668
0.1000029891729355 0.1000029891729355 0.1000029891729355 0.1000029891729355 0.1000029891729355 0.1000029891729355
0.1000005900859833 0.1000005900859833 0.1000005900859833 0.1000005900859833 0.1000005900859833 0.1000005900859833
0.0999978929758072 0.0999978929758072 0.0999978929758072 0.0999978929758072 0.0999978929758072 0.0999978929758072
0.0999959632754326 0.0999959632754326 0.0999959632754326 0.0999959632754326 0.0999959632754326 0.0999959632754326
0.9999464154243469 0.9999464154243469 0.9999464154243469 0.9999464154243469 0
1.0000331401824951 1.0000331401824951 1.0000331401824951 1.0000331401824951 0
1.0000982284545898 1.0000982284545898 1.0000982284545898 1.0000982284545898 0
1.0001659393310547 1.0001659393310547 1.0001659393310547 1.0001659393310547 0
1.0001373291015625 1.0001373291015625 1.0001373291015625 1.0001373291015625 0
1.0000392198562622 1.0000392198562622 1.0000392198562622 1.0000392198562622 0
1.0000107288360596 1.0000107288360596 1.0000107288360596 1.0000107288360596 0
0.9999104142189026 0.9999104142189026 0.9999104142189026 0.9999104142189026 0
1.0000263452529907 1.0000263452529907 1.0000263452529907 1.0000263452529907 0
1.0001429319381714 1.0001429319381714 1.0001429319381714 1.0001429319381714 0
1.0002073049545288 1.0002073049545288 1.0002073049545288 1.0002073049545288 0
1.0003291368484497 1.0003291368484497 1.0003291368484497 1.0003291368484497 0
1.0003191232681274 1.0003191232681274 1.0003191232681274 1.0003191232681274 0
1.0001626014709473 1.0001626014709473 1.0001626014709473 1.0001626014709473 0
1.0000969171524048 1.0000969171524048 1.0000969171524048 1.0000969171524048 0
0.9999799132347107 0.9999799132347107 0.9999799132347107 0.9999799132347107 0
1.0000762939453125 1.0000762939453125 1.0000762939453125 1.0000762939453125 0
1.0002055168151855 1.0002055168151855 1.0002055168151855 1.0002055168151855 0
1.0003244876861572 1.0003244876861572 1.0003244876861572 1.0003244876861572 0
1.0004477500915527 1.0004477500915527 1.0004477500915527 1.0004477500915527 0
1.0004385709762573 1.0004385709762573 1.0004385709762573 1.0004385709762573 0
1.0002485513687134 1.0002485513687134 1.0002485513687134 1.0002485513687134 0
1.0001786947250366 1.0001786947250366 1.0001786947250366 1.0001786947250366 0
1.0000348091125488 1.0000348091125488 1.0000348091125488 1.0000348091125488 0
1.0000704526901245 1.0000704526901245 1.0000704526901245 1.0000704526901245 0
1.0002331733703613 1.0002331733703613 1.0002331733703613 1.0002331733703613 0
1.0003558397293091 1.0003558397293091 1.0003558397293091 1.0003558397293091 0
1.0004671812057495 1.0004671812057495 1.0004671812057495 1.0004671812057495 0
1.0004509687423706 1.0004509687423706 1.0004509687423706 1.0004509687423706 0
1.0002733469009399 1.0002733469009399 1.0002733469009399 1.0002733469009399 0
1.0002009868621826 1.0002009868621826 1.0002009868621826 1.0002009868621826 0
1.0000320672988892 1.0000320672988892 1.0000320672988892 1.0000320672988892 0
1.0000243186950684 1.0000243186950684 1.0000243186950684 1.0000243186950684 0
1.0001642704010010 1.0001642704010010 1.0001642704010010 1.0001642704010010 0
1.0002709627151489 1.0002709627151489 1.0002709627151489 1.0002709627151489 0
1.0003807544708252 1.0003807544708252 1.0003807544708252 1.0003807544708252 0
1.0003776550292969 1.0003776550292969 1.0003776550292969 1.0003776550292969 0
1.0001951456069946 1.0001951456069946 1.0001951456069946 1.0001951456069946 0
1.0001310110092163 1.0001310110092163 1.0001310110092163 1.0001310110092163 0
0.9999913573265076 0.9999913573265076 0.9999913573265076 0.9999913573265076 0
1.0000010728836060 1.0000010728836060 1.0000010728836060 1.0000010728836060 0
1.0001155138015747 1.0001155138015747 1.0001155138015747 1.0001155138015747 0
1.0001742839813232 1.0001742839813232 1.0001742839813232 1.0001742839813232 0
1.0002949237823486 1.0002949237823486 1.0002949237823486 1.0002949237823486 0
1.0002809762954712 1.0002809762954712 1.0002809762954712 1.0002809762954712 0
1.0001281499862671 1.0001281499862671 1.0001281499862671 1.0001281499862671 0
1.0000712871551514 1.0000712871551514 1.0000712871551514 1.0000712871551514 0
0.9999626278877258 0.9999626278877258 0.9999626278877258 0.9999626278877258 0
0.9999468922615051 0.9999468922615051 0.9999468922615051 0.9999468922615051 0
1.0000218152999878 1.0000218152999878 1.0000218152999878 1.0000218152999878 0
1.0000859498977661 1.0000859498977661 1.0000859498977661 1.0000859498977661 0
1.0001567602157593 1.0001567602157593 1.0001567602157593 1.0001567602157593 0
1.0001298189163208 1.0001298189163208 1.0001298189163208 1.0001298189163208 0
1.0000308752059937 1.0000308752059937 1.0000308752059937 1.0000308752059937 0
1.0000004768371582 1.0000004768371582 1.0000004768371582 1.0000004768371582 0
0.9999212026596069 0.9999212026596069 0.9999212026596069 0.9999212026596069 0
0.9999080896377563 0.9999080896377563 0.9999080896377563 0.9999080896377563 0
0.9999780654907227 0.9999780654907227 0.9999780654907227 0.9999780654907227 0
1.0000076293945312 1.0000076293945312 1.0000076293945312 1.0000076293945312 0
1.0000842809677124 1.0000842809677124 1.0000842809677124 1.0000842809677124 0
1.0000272989273071 1.0000272989273071 1.0000272989273071 1.0000272989273071 0
0.9999682307243347 0.9999682307243347 0.9999682307243347 0.9999682307243347 0
0.9999595284461975 0.9999595284461975 0.9999595284461975 0.9999595284461975 0
0.9998745322227478 0.9998745322227478 0.9998745322227478 0.9998745322227478 0
0.0999869927763939 0.0999869927763939 0.0999869927763939 0.0999869927763939 0.0999869927763939 0.0999869927763939
0.0999746173620224 0.0999746173620224 0.0999746173620224 0.0999746173620224 0.0999746173620224 0.0999746173620224
0.0999839678406715 0.0999839678406715 0.0999839678406715 0.0999839678406715 0.0999839678406715 0.0999839678406715
0.0999739244580269 0.0999739244580269 0.0999739244580269 0.0999739244580269 0.0999739244580269 0.0999739244580269
0.1000184416770935 0.1000184416770935 0.1000184416770935 0.1000184416770935 0.1000184416770935 0.1000184416770935
0.1000103577971458 0.1000103577971458 0.1000103577971458 0.1000103577971458 0.1000103577971458 0.1000103577971458
0.0999925509095192 0.0999925509095192 0.0999925509095192 0.0999925509095192 0.0999925509095192 0.0999925509095192
0.1000315472483635 0.1000315472483635 0.1000315472483635 0.1000315472483635 0.1000315472483635 0.1000315472483635
0.1000417396426201 0.1000417396426201 0.1000417396426201 0.1000417396426201 0.1000417396426201 0.1000417396426201
0.1000145077705383 0.1000145077705383 0.1000145077705383 0.1000145077705383 0.1000145077705383 0.1000145077705383
0.1000273376703262 0.1000273376703262 0.1000273376703262 0.1000273376703262 0.1000273376703262 0.1000273376703262
0.1000546142458916 0.1000546142458916 0.1000546142458916 0.1000546142458916 0.1000546142458916 0.1000546142458916
0.1000237390398979 0.1000237390398979 0.1000237390398979 0.1000237390398979 0.1000237390398979 0.1000237390398979
0.1000200435519218 0.1000200435519218 0.1000200435519218 0.1000200435519218 0.1000200435519218 0.1000200435519218
0.1000404506921768 0.1000404506921768 0.1000404506921768 0.1000404506921768 0.1000404506921768 0.1000404506921768
0.1000052616000175 0.1000052616000175 0.1000052616000175 0.1000052616000175 0.1000052616000175 0.1000052616000175
0.1000027656555176 0.1000027656555176 0.1000027656555176 0.1000027656555176 0.1000027656555176 0.1000027656555176
0.1000217720866203 0.1000217720866203 0.1000217720866203 0.1000217720866203 0.1000217720866203 0.1000217720866203
0.0999984443187714 0.0999984443187714 0.0999984443187714 0.0999984443187714 0.0999984443187714 0.0999984443187714
0.0999846979975700 0.0999846979975700 0.0999846979975700 0.0999846979975700 0.0999846979975700 0.0999846979975700
0.1000107377767563 0.1000107377767563 0.1000107377767563 0.1000107377767563 0.1000107377767563 0.1000107377767563
0.0999929755926132 0.0999929755926132 0.0999929755926132 0.0999929755926132 0.0999929755926132 0.0999929755926132
0.0999816134572029 0.0999816134572029 0.0999816134572029 0.0999816134572029 0.0999816134572029 0.0999816134572029
0.0999711528420448 0.0999711528420448 0.0999711528420448 0.0999711528420448 0.0999711528420448 0.0999711528420448
0.1000160351395607 0.1000160351395607 0.1000160351395607 0.1000160351395607 0.1000160351395607 0.1000160351395607
0.0999980494379997 0.0999980494379997 0.0999980494379997 0.0999980494379997 0.0999980494379997 0.0999980494379997
0.1000011488795280 0.1000011488795280 0.1000011488795280 0.1000011488795280 0.1000011488795280 0.1000011488795280
0.1000603735446930 0.1000603735446930 0.1000603735446930 0.1000603735446930 0.1000603735446930 0.1000603735446930
0.1000364795327187 0.1000364795327187 0.1000364795327187 0.1000364795327187 0.1000364795327187 0.1000364795327187
0.1000808402895927 0.1000808402895927 0.1000808402895927 0.1000808402895927 0.1000808402895927 0.1000808402895927
0.1000762432813644 0.1000762432813644 0.1000762432813644 0.1000762432813644 0.1000762432813644 0.1000762432813644
0.1000815182924271 0.1000815182924271 0.1000815182924271 0.1000815182924271 0.1000815182924271 0.1000815182924271
0.1000948324799538 0.1000948324799538 0.1000948324799538 0.1000948324799538 0.1000948324799538 0.1000948324799538
0.1000691279768944 0.1000691279768944 0.1000691279768944 0.1000691279768944 0.1000691279768944 0.1000691279768944
0.1000819206237793 0.1000819206237793 0.1000819206237793 0.1000819206237793 0.1000819206237793 0.1000819206237793
0.1000421643257141 0.1000421643257141 0.1000421643257141 0.1000421643257141 0.1000421643257141 0.1000421643257141
0.1000546514987946 0.1000546514987946 0.1000546514987946 0.1000546514987946 0.1000546514987946 0.1000546514987946
0.1000126227736473 0.1000126227736473 0.1000126227736473 0.1000126227736473 0.1000126227736473 0.1000126227736473
0.1000393778085709 0.1000393778085709 0.1000393778085709 0.1000393778085709 0.1000393778085709 0.1000393778085709
0.0999993830919266 0.0999993830919266 0.0999993830919266 0.0999993830919266 0.0999993830919266 0.0999993830919266
0.1000266596674919 0.1000266596674919 0.1000266596674919 0.1000266596674919 0.1000266596674919 0.1000266596674919
0.1000058203935623 0.1000058203935623 0.1000058203935623 0.1000058203935623 0.1000058203935623 0.1000058203935623
0.1000035554170609 0.1000035554170609 0.1000035554170609 0.1000035554170609 0.1000035554170609 0.1000035554170609
0.1000786200165749 0.1000786200165749 0.1000786200165749 0.1000786200165749 0.1000786200165749 0.1000786200165749
0.1000437214970589 0.1000437214970589 0.1000437214970589 0.1000437214970589 0.1000437214970589 0.1000437214970589
0.1001051589846611 0.1001051589846611 0.1001051589846611 0.1001051589846611 0.1001051589846611 0.1001051589846611
0.1000902205705643 0.1000902205705643 0.1000902205705643 0.1000902205705643 0.1000902205705643 0.1000902205705643
0.1001058891415596 0.1001058891415596 0.1001058891415596 0.1001058891415596 0.1001058891415596 0.1001058891415596
0.1001082733273506 0.1001082733273506 0.1001082733273506 0.1001082733273506 0.1001082733273506 0.1001082733273506
0.1000905260443687 0.1000905260443687 0.1000905260443687 0.1000905260443687 0.1000905260443687 0.1000905260443687
0.1000927686691284 0.1000927686691284 0.1000927686691284 0.1000927686691284 0.1000927686691284 0.1000927686691284
0.1000591516494751 0.1000591516494751 0.1000591516494751 0.1000591516494751 0.1000591516494751 0.1000591516494751
0.1000644862651825 0.1000644862651825 0.1000644862651825 0.1000644862651825 0.1000644862651825 0.1000644862651825
0.1000246033072472 0.1000246033072472 0.1000246033072472 0.1000246033072472 0.1000246033072472 0.1000246033072472
0.1000477001070976 0.1000477001070976 0.1000477001070976 0.1000477001070976 0.1000477001070976 0.1000477001070976
0.1000022217631340 0.1000022217631340 0.1000022217631340 0.1000022217631340 0.1000022217631340 0.1000022217631340
0.1000210493803024 0.1000210493803024 0.1000210493803024 0.1000210493803024 0.1000210493803024 0.1000210493803024
0.1000003144145012 0.1000003144145012 0.1000003144145012 0.1000003144145012 0.1000003144145012 0.1000003144145012
0.0999955385923386 0.0999955385923386 0.0999955385923386 0.0999955385923386 0.0999955385923386 0.0999955385923386
0.1000742241740227 0.1000742241740227 0.1000742241740227 0.1000742241740227 0.1000742241740227 0.1000742241740227
0.1000351980328560 0.1000351980328560 0.1000351980328560 0.1000351980328560 0.1000351980328560 0.1000351980328560
0.1000993102788925 0.1000993102788925 0.1000993102788925 0.1000993102788925 0.1000993102788925 0.1000993102788925
0.1000787094235420 0.1000787094235420 0.1000787094235420 0.1000787094235420 0.1000787094235420 0.1000787094235420
0.1000986322760582 0.1000986322760582 0.1000986322760582 0.1000986322760582 0.1000986322760582 0.1000986322760582
0.1000960841774940 0.1000960841774940 0.1000960841774940 0.1000960841774940 0.1000960841774940 0.1000960841774940
0.1000836715102196 0.1000836715102196 0.1000836715102196 0.1000836715102196 0.1000836715102196 0.1000836715102196
0.1000813543796539 0.1000813543796539 0.1000813543796539 0.1000813543796539 0.1000813543796539 0.1000813543796539
0.1000533550977707 0.1000533550977707 0.1000533550977707 0.1000533550977707 0.1000533550977707 0.1000533550977707
0.1000531613826752 0.1000531613826752 0.1000531613826752 0.1000531613826752 0.1000531613826752 0.1000531613826752
0.1000186800956726 0.1000186800956726 0.1000186800956726 0.1000186800956726 0.1000186800956726 0.1000186800956726
0.1000377386808395 0.1000377386808395 0.1000377386808395 0.1000377386808395 0.1000377386808395 0.1000377386808395
0.0999954044818878 0.0999954044818878 0.0999954044818878 0.0999954044818878 0.0999954044818878 0.0999954044818878
0.1000139638781548 0.1000139638781548 0.1000139638781548 0.1000139638781548 0.1000139638781548 0.1000139638781548
0.0999954119324684 0.0999954119324684 0.0999954119324684 0.0999954119324684 0.0999954119324684 0.0999954119324684
0.0999928861856461 0.0999928861856461 0.0999928861856461 0.0999928861856461 0.0999928861856461 0.0999928861856461
0.1000653952360153 0.1000653952360153 0.1000653952360153 0.1000653952360153 0.1000653952360153 0.1000653952360153
0.1000267565250397 0.1000267565250397 0.1000267565250397 0.1000267565250397 0.1000267565250397 0.1000267565250397
0.1000889390707016 0.1000889390707016 0.1000889390707016 0.1000889390707016 0.1000889390707016 0.1000889390707016
0.1000652164220810 0.1000652164220810 0.1000652164220810 0.1000652164220810 0.1000652164220810 0.1000652164220810
0.1000890210270882 0.1000890210270882 0.1000890210270882 0.1000890210270882 0.1000890210270882 0.1000890210270882
0.1000821515917778 0.1000821515917778 0.1000821515917778 0.1000821515917778 0.1000821515917778 0.1000821515917778
0.1000741273164749 0.1000741273164749 0.1000741273164749 0.1000741273164749 0.1000741273164749 0.1000741273164749
0.1000690460205078 0.1000690460205078 0.1000690460205078 0.1000690460205078 0.1000690460205078 0.1000690460205078
0.1000452339649200 0.1000452339649200 0.1000452339649200 0.1000452339649200 0.1000452339649200 0.1000452339649200
0.1000432670116425 0.1000432670116425 0.1000432670116425 0.1000432670116425 0.1000432670116425 0.1000432670116425
0.1000130772590637 0.1000130772590637 0.1000130772590637 0.1000130772590637 0.1000130772590637 0.1000130772590637
0.1000290811061859 0.1000290811061859 0.1000290811061859 0.1000290811061859 0.1000290811061859 0.1000290811061859
0.0999926179647446 0.0999926179647446 0.0999926179647446 0.0999926179647446 0.0999926179647446 0.0999926179647446
0.1000055670738220 0.1000055670738220 0.1000055670738220 0.1000055670738220 0.1000055670738220 0.1000055670738220
0.0999889895319939 0.0999889895319939 0.0999889895319939 0.0999889895319939 0.0999889895319939 0.0999889895319939
0.0999832376837730 0.0999832376837730 0.0999832376837730 0.0999832376837730 0.0999832376837730 0.0999832376837730
0.1000469624996185 0.1000469624996185 0.1000469624996185 0.1000469624996185 0.1000469624996185 0.1000469624996185
0.1000096872448921 0.1000096872448921 0.1000096872448921 0.1000096872448921 0.1000096872448921 0.1000096872448921
0.1000665202736855 0.1000665202736855 0.1000665202736855 0.1000665202736855 0.1000665202736855 0.1000665202736855
0.1000399664044380 0.1000399664044380 0.1000399664044380 0.1000399664044380 0.1000399664044380 0.1000399664044380
0.1000672802329063 0.1000672802329063 0.1000672802329063 0.1000672802329063 0.1000672802329063 0.1000672802329063
0.1000539064407349 0.1000539064407349 0.1000539064407349 0.1000539064407349 0.1000539064407349 0.1000539064407349
0.1000549495220184 0.1000549495220184 0.1000549495220184 0.1000549495220184 0.1000549495220184 0.1000549495220184
0.1000397205352783 0.1000397205352783 0.1000397205352783 0.1000397205352783 0.1000397205352783 0.1000397205352783
0.1000300869345665 0.1000300869345665 0.1000300869345665 0.1000300869345665 0.1000300869345665 0.1000300869345665
0.1000221371650696 0.1000221371650696 0.1000221371650696 0.1000221371650696 0.1000221371650696 0.1000221371650696
0.1000032350420952 0.1000032350420952 0.1000032350420952 0.1000032350420952 0.1000032350420952 0.1000032350420952
0.1000117063522339 0.1000117063522339 0.1000117063522339 0.1000117063522339 0.1000117063522339 0.1000117063522339
0.0999831706285477 0.0999831706285477 0.0999831706285477 0.0999831706285477 0.0999831706285477 0.0999831706285477
0.0999894812703133 0.0999894812703133 0.0999894812703133 0.0999894812703133 0.0999894812703133 0.0999894812703133
0.0999795719981194 0.0999795719981194 0.0999795719981194 0.0999795719981194 0.0999795719981194 0.0999795719981194
0.0999755635857582 0.0999755635857582 0.0999755635857582 0.0999755635857582 0.0999755635857582 0.0999755635857582
0.1000214293599129 0.1000214293599129 0.1000214293599129 0.1000214293599129 0.1000214293599129 0.1000214293599129
0.0999950021505356 0.0999950021505356 0.0999950021505356 0.0999950021505356 0.0999950021505356 0.0999950021505356
0.1000346541404724 0.1000346541404724 0.1000346541404724 0.1000346541404724 0.1000346541404724 0.1000346541404724
0.1000179946422577 0.1000179946422577 0.1000179946422577 0.1000179946422577 0.1000179946422577 0.1000179946422577
0.1000302881002426 0.1000302881002426 0.1000302881002426 0.1000302881002426 0.1000302881002426 0.1000302881002426
0.1000273153185844 0.1000273153185844 0.1000273153185844 0.1000273153185844 0.1000273153185844 0.1000273153185844
0.1000230759382248 0.1000230759382248 0.1000230759382248 0.1000230759382248 0.1000230759382248 0.1000230759382248
0.1000080630183220 0.1000080630183220 0.1000080630183220 0.1000080630183220 0.1000080630183220 0.1000080630183220
0.1000060886144638 0.1000060886144638 0.1000060886144638 0.1000060886144638 0.1000060886144638 0.1000060886144638
0.1000009551644325 0.1000009551644325 0.1000009551644325 0.1000009551644325 0.1000009551644325 0.1000009551644325
0.0999894067645073 0.0999894067645073 0.0999894067645073 0.0999894067645073 0.0999894067645073 0.0999894067645073
0.0999962463974953 0.0999962463974953 0.0999962463974953 0.0999962463974953 0.0999962463974953 0.0999962463974953
0.0999748408794403 0.0999748408794403 0.0999748408794403 0.0999748408794403 0.0999748408794403 0.0999748408794403
0.0999765396118164 0.0999765396118164 0.0999765396118164 0.0999765396118164 0.0999765396118164 0.0999765396118164
0.0999712646007538 0.0999712646007538 0.0999712646007538 0.0999712646007538 0.0999712646007538 0.0999712646007538
0.1000020578503609 0.1000020578503609 0.1000020578503609 0.1000020578503609 0.1000020578503609 0.1000020578503609
0.1000111103057861 0.1000111103057861 0.1000111103057861 0.1000111103057861 0.1000111103057861 0.1000111103057861
0.1000015437602997 0.1000015437602997 0.1000015437602997 0.1000015437602997 0.1000015437602997 0.1000015437602997
0.1000009700655937 0.1000009700655937 0.1000009700655937 0.1000009700655937 0.1000009700655937 0.1000009700655937
0.0999907404184341 0.0999907404184341 0.0999907404184341 0.0999907404184341 0.0999907404184341 0.0999907404184341
0.0999778732657433 0.0999778732657433 0.0999778732657433 0.0999778732657433 0.0999778732657433 0.0999778732657433
0.9999485015869141 0.9999485015869141 0.9999485015869141 0.9999485015869141 0
1.0000272989273071 1.0000272989273071 1.0000272989273071 1.0000272989273071 0
1.0000854730606079 1.0000854730606079 1.0000854730606079 1.0000854730606079 0
1.0000759363174438 1.0000759363174438 1.0000759363174438 1.0000759363174438 0
1.0000264644622803 1.0000264644622803 1.0000264644622803 1.0000264644622803 0
1.0000023841857910 1.0000023841857910 1.0000023841857910 1.0000023841857910 0
0.9999408721923828 0.9999408721923828 0.9999408721923828 0.9999408721923828 0
0.9999064803123474 0.9999064803123474 0.9999064803123474 0.9999064803123474 0
1.0000356435775757 1.0000356435775757 1.0000356435775757 1.0000356435775757 0
1.0001430511474609 1.0001430511474609 1.0001430511474609 1.0001430511474609 0
1.0002077817916870 1.0002077817916870 1.0002077817916870 1.0002077817916870 0
1.0002330541610718 1.0002330541610718 1.0002330541610718 1.0002330541610718 0
1.0001605749130249 1.0001605749130249 1.0001605749130249 1.0001605749130249 0
1.0001096725463867 1.0001096725463867 1.0001096725463867 1.0001096725463867 0
1.0000119209289551 1.0000119209289551 1.0000119209289551 1.0000119209289551 0
0.9999743700027466 0.9999743700027466 0.9999743700027466 0.9999743700027466 0
1.0001012086868286 1.0001012086868286 1.0001012086868286 1.0001012086868286 0
1.0002102851867676 1.0002102851867676 1.0002102851867676 1.0002102851867676 0
1.0003240108489990 1.0003240108489990 1.0003240108489990 1.0003240108489990 0
1.0003522634506226 1.0003522634506226 1.0003522634506226 1.0003522634506226 0
1.0002653598785400 1.0002653598785400 1.0002653598785400 1.0002653598785400 0
1.0001643896102905 1.0001643896102905 1.0001643896102905 1.0001643896102905 0
1.0000809431076050 1.0000809431076050 1.0000809431076050 1.0000809431076050 0
1.0000140666961670 1.0000140666961670 1.0000140666961670 1.0000140666961670 0
1.0001666545867920 1.0001666545867920 1.0001666545867920 1.0001666545867920 0
1.0003355741500854 1.0003355741500854 1.0003355741500854 1.0003355741500854 0
1.0004516839981079 1.0004516839981079 1.0004516839981079 1.0004516839981079 0
1.0004644393920898 1.0004644393920898 1.0004644393920898 1.0004644393920898 0
1.0003743171691895 1.0003743171691895 1.0003743171691895 1.0003743171691895 0
1.0002883672714233 1.0002883672714233 1.0002883672714233 1.0002883672714233 0
1.0001537799835205 1.0001537799835205 1.0001537799835205 1.0001537799835205 0
1.0000830888748169 1.0000830888748169 1.0000830888748169 1.0000830888748169 0
1.0001413822174072 1.0001413822174072 1.0001413822174072 1.0001413822174072 0
1.0003329515457153 1.0003329515457153 1.0003329515457153 1.0003329515457153 0
1.0004478693008423 1.0004478693008423 1.0004478693008423 1.0004478693008423 0
1.0004547834396362 1.0004547834396362 1.0004547834396362 1.0004547834396362 0
1.0003774166107178 1.0003774166107178 1.0003774166107178 1.0003774166107178 0
1.0002818107604980 1.0002818107604980 1.0002818107604980 1.0002818107604980 0
1.0001280307769775 1.0001280307769775 1.0001280307769775 1.0001280307769775 0
1.0000298023223877 1.0000298023223877 1.0000298023223877 1.0000298023223877 0
1.0000418424606323 1.0000418424606323 1.0000418424606323 1.0000418424606323 0
1.0001678466796875 1.0001678466796875 1.0001678466796875 1.0001678466796875 0
1.0002528429031372 1.0002528429031372 1.0002528429031372 1.0002528429031372 0
1.0002737045288086 1.0002737045288086 1.0002737045288086 1.0002737045288086 0
1.0001983642578125 1.0001983642578125 1.0001983642578125 1.0001983642578125 0
1.0001293420791626 1.0001293420791626 1.0001293420791626 1.0001293420791626 0
1.0000326633453369 1.0000326633453369 1.0000326633453369 1.0000326633453369 0
0.9999699592590332 0.9999699592590332 0.9999699592590332 0.9999699592590332 0
1.0000205039978027 1.0000205039978027 1.0000205039978027 1.0000205039978027 0
1.0001032352447510 1.0001032352447510 1.0001032352447510 1.0001032352447510 0
1.0001813173294067 1.0001813173294067 1.0001813173294067 1.0001813173294067 0
1.0001960992813110 1.0001960992813110 1.0001960992813110 1.0001960992813110 0
1.0001316070556641 1.0001316070556641 1.0001316070556641 1.0001316070556641 0
1.0000686645507812 1.0000686645507812 1.0000686645507812 1.0000686645507812 0
1.0000016689300537 1.0000016689300537 1.0000016689300537 1.0000016689300537 0
0.9999608397483826 0.9999608397483826 0.9999608397483826 0.9999608397483826 0
0.9999198317527771 0.9999198317527771 0.9999198317527771 0.9999198317527771 0
0.9999774694442749 0.9999774694442749 0.9999774694442749 0.9999774694442749 0
1.0000393390655518 1.0000393390655518 1.0000393390655518 1.0000393390655518 0
1.0000306367874146 1.0000306367874146 1.0000306367874146 1.0000306367874146 0
0.9999877810478210 0.9999877810478210 0.9999877810478210 0.9999877810478210 0
0.9999589323997498 0.9999589323997498 0.9999589323997498 0.9999589323997498 0
0.9999147057533264 0.9999147057533264 0.9999147057533264 0.9999147057533264 0
0.9998766183853149 0.9998766183853149 0.9998766183853149 0.9998766183853149 0
0.0999837890267372 0.0999837890267372 0.0999837890267372 0.0999837890267372 0.0999837890267372 0.0999837890267372
0.0999727100133896 0.0999727100133896 0.0999727100133896 0.0999727100133896 0.0999727100133896 0.0999727100133896
0.0999873802065849 0.0999873802065849 0.0999873802065849 0.0999873802065849 0.0999873802065849 0.0999873802065849
0.0999758839607239 0.0999758839607239 0.0999758839607239 0.0999758839607239 0.0999758839607239 0.0999758839607239
0.1000019833445549 0.1000019833445549 0.1000019833445549 0.1000019833445549 0.1000019833445549 0.1000019833445549
0.1000165417790413 0.1000165417790413 0.1000165417790413 0.1000165417790413 0.1000165417790413 0.1000165417790413
0.0999981239438057 0.0999981239438057 0.0999981239438057 0.0999981239438057 0.0999981239438057 0.0999981239438057
0.1000043526291847 0.1000043526291847 0.1000043526291847 0.1000043526291847 0.1000043526291847 0.1000043526291847
0.1000290736556053 0.1000290736556053 0.1000290736556053 0.1000290736556053 0.1000290736556053 0.1000290736556053
0.1000067293643951 0.1000067293643951 0.1000067293643951 0.1000067293643951 0.1000067293643951 0.1000067293643951
0.0999956354498863 0.0999956354498863 0.0999956354498863 0.0999956354498863 0.0999956354498863 0.0999956354498863
0.1000216752290726 0.1000216752290726 0.1000216752290726 0.1000216752290726 0.1000216752290726 0.1000216752290726
0.1000003516674042 0.1000003516674042 0.1000003516674042 0.1000003516674042 0.1000003516674042 0.1000003516674042
0.0999928861856461 0.0999928861856461 0.0999928861856461 0.0999928861856461 0.0999928861856461 0.0999928861856461
0.1000142246484756 0.1000142246484756 0.1000142246484756 0.1000142246484756 0.1000142246484756 0.1000142246484756
0.0999951660633087 0.0999951660633087 0.0999951660633087 0.0999951660633087 0.0999951660633087 0.0999951660633087
0.0999825373291969 0.0999825373291969 0.0999825373291969 0.0999825373291969 0.0999825373291969 0.0999825373291969
0.1000058799982071 0.1000058799982071 0.1000058799982071 0.1000058799982071 0.1000058799982071 0.1000058799982071
0.0999884679913521 0.0999884679913521 0.0999884679913521 0.0999884679913521 0.0999884679913521 0.0999884679913521
0.0999734923243523 0.0999734923243523 0.0999734923243523 0.0999734923243523 0.0999734923243523 0.0999734923243523
0.0999890491366386 0.0999890491366386 0.0999890491366386 0.0999890491366386 0.0999890491366386 0.0999890491366386
0.0999768897891045 0.0999768897891045 0.0999768897891045 0.0999768897891045 0.0999768897891045 0.0999768897891045
0.0999759286642075 0.0999759286642075 0.0999759286642075 0.0999759286642075 0.0999759286642075 0.0999759286642075
0.0999714136123657 0.0999714136123657 0.0999714136123657 0.0999714136123657 0.0999714136123657 0.0999714136123657
0.1000101342797279 0.1000101342797279 0.1000101342797279 0.1000101342797279 0.1000101342797279 0.1000101342797279
0.0999918654561043 0.0999918654561043 0.0999918654561043 0.0999918654561043 0.0999918654561043 0.0999918654561043
0.1000186875462532 0.1000186875462532 0.1000186875462532 0.1000186875462532 0.1000186875462532 0.1000186875462532
0.1000366732478142 0.1000366732478142 0.1000366732478142 0.1000366732478142 0.1000366732478142 0.1000366732478142
0.1000603958964348 0.1000603958964348 0.1000603958964348 0.1000603958964348 0.1000603958964348 0.1000603958964348
0.1000445261597633 0.1000445261597633 0.1000445261597633 0.1000445261597633 0.1000445261597633 0.1000445261597633
0.1000797078013420 0.1000797078013420 0.1000797078013420 0.1000797078013420 0.1000797078013420 0.1000797078013420
0.1000351533293724 0.1000351533293724 0.1000351533293724 0.1000351533293724 0.1000351533293724 0.1000351533293724
0.1000740751624107 0.1000740751624107 0.1000740751624107 0.1000740751624107 0.1000740751624107 0.1000740751624107
0.1000256314873695 0.1000256314873695 0.1000256314873695 0.1000256314873695 0.1000256314873695 0.1000256314873695
0.1000636443495750 0.1000636443495750 0.1000636443495750 0.1000636443495750 0.1000636443495750 0.1000636443495750
0.1000081971287727 0.1000081971287727 0.1000081971287727 0.1000081971287727 0.1000081971287727 0.1000081971287727
0.1000454425811768 0.1000454425811768 0.1000454425811768 0.1000454425811768 0.1000454425811768 0.1000454425811768
0.0999930649995804 0.0999930649995804 0.0999930649995804 0.0999930649995804 0.0999930649995804 0.0999930649995804
0.1000195667147636 0.1000195667147636 0.1000195667147636 0.1000195667147636 0.1000195667147636 0.1000195667147636
0.1000032126903534 0.1000032126903534 0.1000032126903534 0.1000032126903534 0.1000032126903534 0.1000032126903534
0.1000413671135902 0.1000413671135902 0.1000413671135902 0.1000413671135902 0.1000413671135902 0.1000413671135902
0.1000148728489876 0.1000148728489876 0.1000148728489876 0.1000148728489876 0.1000148728489876 0.1000148728489876
0.1000315099954605 0.1000315099954605 0.1000315099954605 0.1000315099954605 0.1000315099954605 0.1000315099954605
0.1000769734382629 0.1000769734382629 0.1000769734382629 0.1000769734382629 0.1000769734382629 0.1000769734382629
0.1000817492604256 0.1000817492604256 0.1000817492604256 0.1000817492604256 0.1000817492604256 0.1000817492604256
0.1000898778438568 0.1000898778438568 0.1000898778438568 0.1000898778438568 0.1000898778438568 0.1000898778438568
0.1001057550311089 0.1001057550311089 0.1001057550311089 0.1001057550311089 0.1001057550311089 0.1001057550311089
0.1000776812434196 0.1000776812434196 0.1000776812434196 0.1000776812434196 0.1000776812434196 0.1000776812434196
0.1000986397266388 0.1000986397266388 0.1000986397266388 0.1000986397266388 0.1000986397266388 0.1000986397266388
0.1000629067420959 0.1000629067420959 0.1000629067420959 0.1000629067420959 0.1000629067420959 0.1000629067420959
0.1000870391726494 0.1000870391726494 0.1000870391726494 0.1000870391726494 0.1000870391726494 0.1000870391726494
0.1000390425324440 0.1000390425324440 0.1000390425324440 0.1000390425324440 0.1000390425324440 0.1000390425324440
0.1000641882419586 0.1000641882419586 0.1000641882419586 0.1000641882419586 0.1000641882419586 0.1000641882419586
0.1000175848603249 0.1000175848603249 0.1000175848603249 0.1000175848603249 0.1000175848603249 0.1000175848603249
0.1000334918498993 0.1000334918498993 0.1000334918498993 0.1000334918498993 0.1000334918498993 0.1000334918498993
0.1000119671225548 0.1000119671225548 0.1000119671225548 0.1000119671225548 0.1000119671225548 0.1000119671225548
0.1000544130802155 0.1000544130802155 0.1000544130802155 0.1000544130802155 0.1000544130802155 0.1000544130802155
0.1000232100486755 0.1000232100486755 0.1000232100486755 0.1000232100486755 0.1000232100486755 0.1000232100486755
0.1000274941325188 0.1000274941325188 0.1000274941325188 0.1000274941325188 0.1000274941325188 0.1000274941325188
0.1000969409942627 0.1000969409942627 0.1000969409942627 0.1000969409942627 0.1000969409942627 0.1000969409942627
0.1000844836235046 0.1000844836235046 0.1000844836235046 0.1000844836235046 0.1000844836235046 0.1000844836235046
0.1001082956790924 0.1001082956790924 0.1001082956790924 0.1001082956790924 0.1001082956790924 0.1001082956790924
0.1001079902052879 0.1001079902052879 0.1001079902052879 0.1001079902052879 0.1001079902052879 0.1001079902052879
0.1000950410962105 0.1000950410962105 0.1000950410962105 0.1000950410962105 0.1000950410962105 0.1000950410962105
0.1000985279679298 0.1000985279679298 0.1000985279679298 0.1000985279679298 0.1000985279679298 0.1000985279679298
0.1000804528594017 0.1000804528594017 0.1000804528594017 0.1000804528594017 0.1000804528594017 0.1000804528594017
0.1000882163643837 0.1000882163643837 0.1000882163643837 0.1000882163643837 0.1000882163643837 0.1000882163643837
0.1000521555542946 0.1000521555542946 0.1000521555542946 0.1000521555542946 0.1000521555542946 0.1000521555542946
0.1000668406486511 0.1000668406486511 0.1000668406486511 0.1000668406486511 0.1000668406486511 0.1000668406486511
0.1000260934233665 0.1000260934233665 0.1000260934233665 0.1000260934233665 0.1000260934233665 0.1000260934233665
0.1000300794839859 0.1000300794839859 0.1000300794839859 0.1000300794839859 0.1000300794839859 0.1000300794839859
0.1000034734606743 0.1000034734606743 0.1000034734606743 0.1000034734606743 0.1000034734606743 0.1000034734606743
0.1000417098402977 0.1000417098402977 0.1000417098402977 0.1000417098402977 0.1000417098402977 0.1000417098402977
0.1000066921114922 0.1000066921114922 0.1000066921114922 0.1000066921114922 0.1000066921114922 0.1000066921114922
0.1000205725431442 0.1000205725431442 0.1000205725431442 0.1000205725431442 0.1000205725431442 0.1000205725431442
0.1000851616263390 0.1000851616263390 0.1000851616263390 0.1000851616263390 0.1000851616263390 0.1000851616263390
0.1000714749097824 0.1000714749097824 0.1000714749097824 0.1000714749097824 0.1000714749097824 0.1000714749097824
0.1000943705439568 0.1000943705439568 0.1000943705439568 0.1000943705439568 0.1000943705439568 0.1000943705439568
0.1000923365354538 0.1000923365354538 0.1000923365354538 0.1000923365354538 0.1000923365354538 0.1000923365354538
0.1000816449522972 0.1000816449522972 0.1000816449522972 0.1000816449522972 0.1000816449522972 0.1000816449522972
0.1000841259956360 0.1000841259956360 0.1000841259956360 0.1000841259956360 0.1000841259956360 0.1000841259956360
0.1000697463750839 0.1000697463750839 0.1000697463750839 0.1000697463750839 0.1000697463750839 0.1000697463750839
0.1000747457146645 0.1000747457146645 0.1000747457146645 0.1000747457146645 0.1000747457146645 0.1000747457146645
0.1000389382243156 0.1000389382243156 0.1000389382243156 0.1000389382243156 0.1000389382243156 0.1000389382243156
0.1000551730394363 0.1000551730394363 0.1000551730394363 0.1000551730394363 0.1000551730394363 0.1000551730394363
0.1000085175037384 0.1000085175037384 0.1000085175037384 0.1000085175037384 0.1000085175037384 0.1000085175037384
0.1000232473015785 0.1000232473015785 0.1000232473015785 0.1000232473015785 0.1000232473015785 0.1000232473015785
0.1000010445713997 0.1000010445713997 0.1000010445713997 0.1000010445713997 0.1000010445713997 0.1000010445713997
0.1000227406620979 0.1000227406620979 0.1000227406620979 0.1000227406620979 0.1000227406620979 0.1000227406620979
0.0999992042779922 0.0999992042779922 0.0999992042779922 0.0999992042779922 0.0999992042779922 0.0999992042779922
0.1000043675303459 0.1000043675303459 0.1000043675303459 0.1000043675303459 0.1000043675303459 0.1000043675303459
0.1000560894608498 0.1000560894608498 0.1000560894608498 0.1000560894608498 0.1000560894608498 0.1000560894608498
0.1000436395406723 0.1000436395406723 0.1000436395406723 0.1000436395406723 0.1000436395406723 0.1000436395406723
0.1000649705529213 0.1000649705529213 0.1000649705529213 0.1000649705529213 0.1000649705529213 0.1000649705529213
0.1000602915883064 0.1000602915883064 0.1000602915883064 0.1000602915883064 0.1000602915883064 0.1000602915883064
0.1000535115599632 0.1000535115599632 0.1000535115599632 0.1000535115599632 0.1000535115599632 0.1000535115599632
0.1000531241297722 0.1000531241297722 0.1000531241297722 0.1000531241297722 0.1000531241297722 0.1000531241297722
0.1000437363982201 0.1000437363982201 0.1000437363982201 0.1000437363982201 0.1000437363982201 0.1000437363982201
0.1000452041625977 0.1000452041625977 0.1000452041625977 0.1000452041625977 0.1000452041625977 0.1000452041625977
0.1000221967697144 0.1000221967697144 0.1000221967697144 0.1000221967697144 0.1000221967697144 0.1000221967697144
0.1000295877456665 0.1000295877456665 0.1000295877456665 0.1000295877456665 0.1000295877456665 0.1000295877456665
0.1000017151236534 0.1000017151236534 0.1000017151236534 0.1000017151236534 0.1000017151236534 0.1000017151236534
0.1000063940882683 0.1000063940882683 0.1000063940882683 0.1000063940882683 0.1000063940882683 0.1000063940882683
0.0999915301799774 0.0999915301799774 0.0999915301799774 0.0999915301799774 0.0999915301799774 0.0999915301799774
0.1000121831893921 0.1000121831893921 0.1000121831893921 0.1000121831893921 0.1000121831893921 0.1000121831893921
0.0999943763017654 0.0999943763017654 0.0999943763017654 0.0999943763017654 0.0999943763017654 0.0999943763017654
0.0999868214130402 0.0999868214130402 0.0999868214130402 0.0999868214130402 0.0999868214130402 0.0999868214130402
0.1000404134392738 0.1000404134392738 0.1000404134392738 0.1000404134392738 0.1000404134392738 0.1000404134392738
0.1000134497880936 0.1000134497880936 0.1000134497880936 0.1000134497880936 0.1000134497880936 0.1000134497880936
0.1000473424792290 0.1000473424792290 0.1000473424792290 0.1000473424792290 0.1000473424792290 0.1000473424792290
0.1000266894698143 0.1000266894698143 0.1000266894698143 0.1000266894698143 0.1000266894698143 0.1000266894698143
0.1000374779105186 0.1000374779105186 0.1000374779105186 0.1000374779105186 0.1000374779105186 0.1000374779105186
0.1000186279416084 0.1000186279416084 0.1000186279416084 0.1000186279416084 0.1000186279416084 0.1000186279416084
0.1000283658504486 0.1000283658504486 0.1000283658504486 0.1000283658504486 0.1000283658504486 0.1000283658504486
0.1000126227736473 0.1000126227736473 0.1000126227736473 0.1000126227736473 0.1000126227736473 0.1000126227736473
0.1000116094946861 0.1000116094946861 0.1000116094946861 0.1000116094946861 0.1000116094946861 0.1000116094946861
0.1000029668211937 0.1000029668211937 0.1000029668211937 0.1000029668211937 0.1000029668211937 0.1000029668211937
0.0999964326620102 0.0999964326620102 0.0999964326620102 0.0999964326620102 0.0999964326620102 0.0999964326620102
0.0999885872006416 0.0999885872006416 0.0999885872006416 0.0999885872006416 0.0999885872006416 0.0999885872006416
0.0999779701232910 0.0999779701232910 0.0999779701232910 0.0999779701232910 0.0999779701232910 0.0999779701232910
0.0999825149774551 0.0999825149774551 0.0999825149774551 0.0999825149774551 0.0999825149774551 0.0999825149774551
0.0999723747372627 0.0999723747372627 0.0999723747372627 0.0999723747372627 0.0999723747372627 0.0999723747372627
0.0999996215105057 0.0999996215105057 0.0999996215105057 0.0999996215105057 0.0999996215105057 0.0999996215105057
0.1000020280480385 0.1000020280480385 0.1000020280480385 0.1000020280480385 0.1000020280480385 0.1000020280480385
0.0999954044818878 0.0999954044818878 0.0999954044818878 0.0999954044818878 0.0999954044818878 0.0999954044818878
0.0999922528862953 0.0999922528862953 0.0999922528862953 0.0999922528862953 0.0999922528862953 0.0999922528862953
0.0999821349978447 0.0999821349978447 0.0999821349978447 0.0999821349978447 0.0999821349978447 0.0999821349978447
0.0999739095568657 0.0999739095568657 0.0999739095568657 0.0999739095568657 0.0999739095568657 0.0999739095568657
0.9993515014648438 0.9993515014648438 0.9993515014648438 0.9993515014648438 0
0.9998550415039062 0.9998550415039062 0.9998550415039062 0.9998550415039062 0
1.0003702640533447 1.0003702640533447 1.0003702640533447 1.0003702640533447 0
1.0003929138183594 1.0003929138183594 1.0003929138183594 1.0003929138183594 0
1.0001814365386963 1.0001814365386963 1.0001814365386963 1.0001814365386963 0
0.9999909996986389 0.9999909996986389 0.9999909996986389 0.9999909996986389 0
0.9998613595962524 0.9998613595962524 0.9998613595962524 0.9998613595962524 0
0.9992050528526306 0.9992050528526306 0.9992050528526306 0.9992050528526306 0
0.9998244643211365 0.9998244643211365 0.9998244643211365 0.9998244643211365 0
1.0005344152450562 1.0005344152450562 1.0005344152450562 1.0005344152450562 0
1.0015643835067749 1.0015643835067749 1.0015643835067749 1.0015643835067749 0
1.0015094280242920 1.0015094280242920 1.0015094280242920 1.0015094280242920 0
1.0012850761413574 1.0012850761413574 1.0012850761413574 1.0012850761413574 0
1.0009061098098755 1.0009061098098755 1.0009061098098755 1.0009061098098755 0
1.0008198022842407 1.0008198022842407 1.0008198022842407 1.0008198022842407 0
0.9998071193695068 0.9998071193695068 0.9998071193695068 0.9998071193695068 0
0.9998911023139954 0.9998911023139954 0.9998911023139954 0.9998911023139954 0
1.0007802248001099 1.0007802248001099 1.0007802248001099 1.0007802248001099 0
1.0019507408142090 1.0019507408142090 1.0019507408142090 1.0019507408142090 0
1.0018599033355713 1.0018599033355713 1.0018599033355713 1.0018599033355713 0
1.0015090703964233 1.0015090703964233 1.0015090703964233 1.0015090703964233 0
1.0012279748916626 1.0012279748916626 1.0012279748916626 1.0012279748916626 0
1.0010790824890137 1.0010790824890137 1.0010790824890137 1.0010790824890137 0
0.9998810887336731 0.9998810887336731 0.9998810887336731 0.9998810887336731 0
0.9996771812438965 0.9996771812438965 0.9996771812438965 0.9996771812438965 0
1.0004993677139282 1.0004993677139282 1.0004993677139282 1.0004993677139282 0
1.0015275478363037 1.0015275478363037 1.0015275478363037 1.0015275478363037 0
1.0014187097549438 1.0014187097549438 1.0014187097549438 1.0014187097549438 0
1.0010681152343750 1.0010681152343750 1.0010681152343750 1.0010681152343750 0
1.0008183717727661 1.0008183717727661 1.0008183717727661 1.0008183717727661 0
1.0007302761077881 1.0007302761077881 1.0007302761077881 1.0007302761077881 0
0.9996808171272278 0.9996808171272278 0.9996808171272278 0.9996808171272278 0
0.9997254610061646 0.9997254610061646 0.9997254610061646 0.9997254610061646 0
1.0005763769149780 1.0005763769149780 1.0005763769149780 1.0005763769149780 0
1.0015819072723389 1.0015819072723389 1.0015819072723389 1.0015819072723389 0
1.0014828443527222 1.0014828443527222 1.0014828443527222 1.0014828443527222 0
1.0011529922485352 1.0011529922485352 1.0011529922485352 1.0011529922485352 0
1.0009053945541382 1.0009053945541382 1.0009053945541382 1.0009053945541382 0
1.0007925033569336 1.0007925033569336 1.0007925033569336 1.0007925033569336 0
0.9997192025184631 0.9997192025184631 0.9997192025184631 0.9997192025184631 0
0.9996164441108704 0.9996164441108704 0.9996164441108704 0.9996164441108704 0
1.0002746582031250 1.0002746582031250 1.0002746582031250 1.0002746582031250 0
1.0013020038604736 1.0013020038604736 1.0013020038604736 1.0013020038604736 0
1.0012323856353760 1.0012323856353760 1.0012323856353760 1.0012323856353760 0
1.0009793043136597 1.0009793043136597 1.0009793043136597 1.0009793043136597 0
1.0006488561630249 1.0006488561630249 1.0006488561630249 1.0006488561630249 0
1.0005686283111572 1.0005686283111572 1.0005686283111572 1.0005686283111572 0
0.9996247291564941 0.9996247291564941 0.9996247291564941 0.9996247291564941 0
0.9995494484901428 0.9995494484901428 0.9995494484901428 0.9995494484901428 0
1.0001149177551270 1.0001149177551270 1.0001149177551270 1.0001149177551270 0
1.0006854534149170 1.0006854534149170 1.0006854534149170 1.0006854534149170 0
1.0006663799285889 1.0006663799285889 1.0006663799285889 1.0006663799285889 0
1.0004349946975708 1.0004349946975708 1.0004349946975708 1.0004349946975708 0
1.0002945661544800 1.0002945661544800 1.0002945661544800 1.0002945661544800 0
1.0001282691955566 1.0001282691955566 1.0001282691955566 1.0001282691955566 0
0.9994375705718994 0.9994375705718994 0.9994375705718994 0.9994375705718994 0
0.9993202090263367 0.9993202090263367 0.9993202090263367 0.9993202090263367 0
0.9995604753494263 0.9995604753494263 0.9995604753494263 0.9995604753494263 0
1.0002313852310181 1.0002313852310181 1.0002313852310181 1.0002313852310181 0
1.0001561641693115 1.0001561641693115 1.0001561641693115 1.0001561641693115 0
0.9998062252998352 0.9998062252998352 0.9998062252998352 0.9998062252998352 0
0.9997829198837280 0.9997829198837280 0.9997829198837280 0.9997829198837280 0
0.9998170733451843 0.9998170733451843 0.9998170733451843 0.9998170733451843 0
0.9993343353271484 0.9993343353271484 0.9993343353271484 0.9993343353271484 0
0.0998215898871422 0.0998215898871422 0.0998215898871422 0.0998215898871422 0.0998215898871422 0.0998215898871422
0.0998265445232391 0.0998265445232391 0.0998265445232391 0.0998265445232391 0.0998265445232391 0.0998265445232391
0.0998163893818855 0.0998163893818855 0.0998163893818855 0.0998163893818855 0.0998163893818855 0.0998163893818855
0.0997978672385216 0.0997978672385216 0.0997978672385216 0.0997978672385216 0.0997978672385216 0.0997978672385216
0.1000137776136398 0.1000137776136398 0.1000137776136398 0.1000137776136398 0.1000137776136398 0.1000137776136398
0.1000835597515106 0.1000835597515106 0.1000835597515106 0.1000835597515106 0.1000835597515106 0.1000835597515106
0.0999483913183212 0.0999483913183212 0.0999483913183212 0.0999483913183212 0.0999483913183212 0.0999483913183212
0.1001595109701157 0.1001595109701157 0.1001595109701157 0.1001595109701157 0.1001595109701157 0.1001595109701157
0.1004064455628395 0.1004064455628395 0.1004064455628395 0.1004064455628395 0.1004064455628395 0.1004064455628395
0.1002096161246300 0.1002096161246300 0.1002096161246300 0.1002096161246300 0.1002096161246300 0.1002096161246300
0.1000432074069977 0.1000432074069977 0.1000432074069977 0.1000432074069977 0.1000432074069977 0.1000432074069977
0.1002251729369164 0.1002251729369164 0.1002251729369164 0.1002251729369164 0.1002251729369164 0.1002251729369164
0.1000478416681290 0.1000478416681290 0.1000478416681290 0.1000478416681290 0.1000478416681290 0.1000478416681290
0.0999808907508850 0.0999808907508850 0.0999808907508850 0.0999808907508850 0.0999808907508850 0.0999808907508850
0.1001096814870834 0.1001096814870834 0.1001096814870834 0.1001096814870834 0.1001096814870834 0.1001096814870834
0.0999573543667793 0.0999573543667793 0.0999573543667793 0.0999573543667793 0.0999573543667793 0.0999573543667793
0.1000326946377754 0.1000326946377754 0.1000326946377754 0.1000326946377754 0.1000326946377754 0.1000326946377754
0.1002286747097969 0.1002286747097969 0.1002286747097969 0.1002286747097969 0.1002286747097969 0.1002286747097969
0.1000450775027275 0.1000450775027275 0.1000450775027275 0.1000450775027275 0.1000450775027275 0.1000450775027275
0.0998951643705368 0.0998951643705368 0.0998951643705368 0.0998951643705368 0.0998951643705368 0.0998951643705368
0.1000627353787422 0.1000627353787422 0.1000627353787422 0.1000627353787422 0.1000627353787422 0.1000627353787422
0.0999306738376617 0.0999306738376617 0.0999306738376617 0.0999306738376617 0.0999306738376617 0.0999306738376617
0.0999200195074081 0.0999200195074081 0.0999200195074081 0.0999200195074081 0.0999200195074081 0.0999200195074081
0.0998728051781654 0.0998728051781654 0.0998728051781654 0.0998728051781654 0.0998728051781654 0.0998728051781654
0.0999202057719231 0.0999202057719231 0.0999202057719231 0.0999202057719231 0.0999202057719231 0.0999202057719231
0.0998826399445534 0.0998826399445534 0.0998826399445534 0.0998826399445534 0.0998826399445534 0.0998826399445534
0.0998548567295074 0.0998548567295074 0.0998548567295074 0.0998548567295074 0.0998548567295074 0.0998548567295074
0.1001956760883331 0.1001956760883331 0.1001956760883331 0.1001956760883331 0.1001956760883331 0.1001956760883331
0.1002038046717644 0.1002038046717644 0.1002038046717644 0.1002038046717644 0.1002038046717644 0.1002038046717644
0.1003882437944412 0.1003882437944412 0.1003882437944412 0.1003882437944412 0.1003882437944412 0.1003882437944412
0.1005970835685730 0.1005970835685730 0.1005970835685730 0.1005970835685730 0.1005970835685730 0.1005970835685730
0.1002539098262787 0.1002539098262787 0.1002539098262787 0.1002539098262787 0.1002539098262787 0.1002539098262787
0.1003937944769859 0.1003937944769859 0.1003937944769859 0.1003937944769859 0.1003937944769859 0.1003937944769859
0.1001636311411858 0.1001636311411858 0.1001636311411858 0.1001636311411858 0.1001636311411858 0.1001636311411858
0.1002575457096100 0.1002575457096100 0.1002575457096100 0.1002575457096100 0.1002575457096100 0.1002575457096100
0.1002244427800179 0.1002244427800179 0.1002244427800179 0.1002244427800179 0.1002244427800179 0.1002244427800179
0.1003909185528755 0.1003909185528755 0.1003909185528755 0.1003909185528755 0.1003909185528755 0.1003909185528755
0.1000293865799904 0.1000293865799904 0.1000293865799904 0.1000293865799904 0.1000293865799904 0.1000293865799904
0.1001979410648346 0.1001979410648346 0.1001979410648346 0.1001979410648346 0.1001979410648346 0.1001979410648346
0.0999847203493118 0.0999847203493118 0.0999847203493118 0.0999847203493118 0.0999847203493118 0.0999847203493118
0.0999808758497238 0.0999808758497238 0.0999808758497238 0.0999808758497238 0.0999808758497238 0.0999808758497238
0.0999268591403961 0.0999268591403961 0.0999268591403961 0.0999268591403961 0.0999268591403961 0.0999268591403961
0.0998396575450897 0.0998396575450897 0.0998396575450897 0.0998396575450897 0.0998396575450897 0.0998396575450897
0.1002936586737633 0.1002936586737633 0.1002936586737633 0.1002936586737633 0.1002936586737633 0.1002936586737633
0.1001913025975227 0.1001913025975227 0.1001913025975227 0.1001913025975227 0.1001913025975227 0.1001913025975227
0.1005064770579338 0.1005064770579338 0.1005064770579338 0.1005064770579338 0.1005064770579338 0.1005064770579338
0.1005979627370834 0.1005979627370834 0.1005979627370834 0.1005979627370834 0.1005979627370834 0.1005979627370834
0.1003529205918312 0.1003529205918312 0.1003529205918312 0.1003529205918312 0.1003529205918312 0.1003529205918312
0.1003836989402771 0.1003836989402771 0.1003836989402771 0.1003836989402771 0.1003836989402771 0.1003836989402771
0.1002593338489532 0.1002593338489532 0.1002593338489532 0.1002593338489532 0.1002593338489532 0.1002593338489532
0.1002314835786819 0.1002314835786819 0.1002314835786819 0.1002314835786819 0.1002314835786819 0.1002314835786819
0.1003191322088242 0.1003191322088242 0.1003191322088242 0.1003191322088242 0.1003191322088242 0.1003191322088242
0.1003765165805817 0.1003765165805817 0.1003765165805817 0.1003765165805817 0.1003765165805817 0.1003765165805817
0.1000877544283867 0.1000877544283867 0.1000877544283867 0.1000877544283867 0.1000877544283867 0.1000877544283867
0.1001786664128304 0.1001786664128304 0.1001786664128304 0.1001786664128304 0.1001786664128304 0.1001786664128304
0.0999641939997673 0.0999641939997673 0.0999641939997673 0.0999641939997673 0.0999641939997673 0.0999641939997673
0.0999270528554916 0.0999270528554916 0.0999270528554916 0.0999270528554916 0.0999270528554916 0.0999270528554916
0.0998809561133385 0.0998809561133385 0.0998809561133385 0.0998809561133385 0.0998809561133385 0.0998809561133385
0.0998336374759674 0.0998336374759674 0.0998336374759674 0.0998336374759674 0.0998336374759674 0.0998336374759674
0.1002175584435463 0.1002175584435463 0.1002175584435463 0.1002175584435463 0.1002175584435463 0.1002175584435463
0.1001723557710648 0.1001723557710648 0.1001723557710648 0.1001723557710648 0.1001723557710648 0.1001723557710648
0.1004181578755379 0.1004181578755379 0.1004181578755379 0.1004181578755379 0.1004181578755379 0.1004181578755379
0.1005642488598824 0.1005642488598824 0.1005642488598824 0.1005642488598824 0.1005642488598824 0.1005642488598824
0.1002625450491905 0.1002625450491905 0.1002625450491905 0.1002625450491905 0.1002625450491905 0.1002625450491905
0.1003503799438477 0.1003503799438477 0.1003503799438477 0.1003503799438477 0.1003503799438477 0.1003503799438477
0.1001694351434708 0.1001694351434708 0.1001694351434708 0.1001694351434708 0.1001694351434708 0.1001694351434708
0.1002004966139793 0.1002004966139793 0.1002004966139793 0.1002004966139793 0.1002004966139793 0.1002004966139793
0.1002360433340073 0.1002360433340073 0.1002360433340073 0.1002360433340073 0.1002360433340073 0.1002360433340073
0.1003448739647865 0.1003448739647865 0.1003448739647865 0.1003448739647865 0.1003448739647865 0.1003448739647865
0.1000272482633591 0.1000272482633591 0.1000272482633591 0.1000272482633591 0.1000272482633591 0.1000272482633591
0.1001514643430710 0.1001514643430710 0.1001514643430710 0.1001514643430710 0.1001514643430710 0.1001514643430710
0.0999544784426689 0.0999544784426689 0.0999544784426689 0.0999544784426689 0.0999544784426689 0.0999544784426689
0.0999181866645813 0.0999181866645813 0.0999181866645813 0.0999181866645813 0.0999181866645813 0.0999181866645813
0.0998899191617966 0.0998899191617966 0.0998899191617966 0.0998899191617966 0.0998899191617966 0.0998899191617966
0.0998330339789391 0.0998330339789391 0.0998330339789391 0.0998330339789391 0.0998330339789391 0.0998330339789391
0.1001980379223824 0.1001980379223824 0.1001980379223824 0.1001980379223824 0.1001980379223824 0.1001980379223824
0.1001477912068367 0.1001477912068367 0.1001477912068367 0.1001477912068367 0.1001477912068367 0.1001477912068367
0.1003955900669098 0.1003955900669098 0.1003955900669098 0.1003955900669098 0.1003955900669098 0.1003955900669098
0.1005293875932693 0.1005293875932693 0.1005293875932693 0.1005293875932693 0.1005293875932693 0.1005293875932693
0.1002441719174385 0.1002441719174385 0.1002441719174385 0.1002441719174385 0.1002441719174385 0.1002441719174385
0.1003207787871361 0.1003207787871361 0.1003207787871361 0.1003207787871361 0.1003207787871361 0.1003207787871361
0.1001540571451187 0.1001540571451187 0.1001540571451187 0.1001540571451187 0.1001540571451187 0.1001540571451187
0.1001849398016930 0.1001849398016930 0.1001849398016930 0.1001849398016930 0.1001849398016930 0.1001849398016930
0.1002184748649597 0.1002184748649597 0.1002184748649597 0.1002184748649597 0.1002184748649597 0.1002184748649597
0.1003212481737137 0.1003212481737137 0.1003212481737137 0.1003212481737137 0.1003212481737137 0.1003212481737137
0.1000174358487129 0.1000174358487129 0.1000174358487129 0.1000174358487129 0.1000174358487129 0.1000174358487129
0.1001400798559189 0.1001400798559189 0.1001400798559189 0.1001400798559189 0.1001400798559189 0.1001400798559189
0.0999506041407585 0.0999506041407585 0.0999506041407585 0.0999506041407585 0.0999506041407585 0.0999506041407585
0.0999137237668037 0.0999137237668037 0.0999137237668037 0.0999137237668037 0.0999137237668037 0.0999137237668037
0.0998816490173340 0.0998816490173340 0.0998816490173340 0.0998816490173340 0.0998816490173340 0.0998816490173340
0.0998149812221527 0.0998149812221527 0.0998149812221527 0.0998149812221527 0.0998149812221527 0.0998149812221527
0.1001780778169632 0.1001780778169632 0.1001780778169632 0.1001780778169632 0.1001780778169632 0.1001780778169632
0.1000661402940750 0.1000661402940750 0.1000661402940750 0.1000661402940750 0.1000661402940750 0.1000661402940750
0.1003773882985115 0.1003773882985115 0.1003773882985115 0.1003773882985115 0.1003773882985115 0.1003773882985115
0.1003924980759621 0.1003924980759621 0.1003924980759621 0.1003924980759621 0.1003924980759621 0.1003924980759621
0.1002373918890953 0.1002373918890953 0.1002373918890953 0.1002373918890953 0.1002373918890953 0.1002373918890953
0.1002061963081360 0.1002061963081360 0.1002061963081360 0.1002061963081360 0.1002061963081360 0.1002061963081360
0.1001513227820396 0.1001513227820396 0.1001513227820396 0.1001513227820396 0.1001513227820396 0.1001513227820396
0.1000988632440567 0.1000988632440567 0.1000988632440567 0.1000988632440567 0.1000988632440567 0.1000988632440567
0.1002104058861732 0.1002104058861732 0.1002104058861732 0.1002104058861732 0.1002104058861732 0.1002104058861732
0.1002185121178627 0.1002185121178627 0.1002185121178627 0.1002185121178627 0.1002185121178627 0.1002185121178627
0.1000220701098442 0.1000220701098442 0.1000220701098442 0.1000220701098442 0.1000220701098442 0.1000220701098442
0.1000544130802155 0.1000544130802155 0.1000544130802155 0.1000544130802155 0.1000544130802155 0.1000544130802155
0.0999187454581261 0.0999187454581261 0.0999187454581261 0.0999187454581261 0.0999187454581261 0.0999187454581261
0.0998642593622208 0.0998642593622208 0.0998642593622208 0.0998642593622208 0.0998642593622208 0.0998642593622208
0.0998580306768417 0.0998580306768417 0.0998580306768417 0.0998580306768417 0.0998580306768417 0.0998580306768417
0.0998129323124886 0.0998129323124886 0.0998129323124886 0.0998129323124886 0.0998129323124886 0.0998129323124886
0.1000750064849854 0.1000750064849854 0.1000750064849854 0.1000750064849854 0.1000750064849854 0.1000750064849854
0.0999661535024643 0.0999661535024643 0.0999661535024643 0.0999661535024643 0.0999661535024643 0.0999661535024643
0.1002236604690552 0.1002236604690552 0.1002236604690552 0.1002236604690552 0.1002236604690552 0.1002236604690552
0.1002358719706535 0.1002358719706535 0.1002358719706535 0.1002358719706535 0.1002358719706535 0.1002358719706535
0.1000984460115433 0.1000984460115433 0.1000984460115433 0.1000984460115433 0.1000984460115433 0.1000984460115433
0.1000720933079720 0.1000720933079720 0.1000720933079720 0.1000720933079720 0.1000720933079720 0.1000720933079720
0.1000442281365395 0.1000442281365395 0.1000442281365395 0.1000442281365395 0.1000442281365395 0.1000442281365395
0.0999731719493866 0.0999731719493866 0.0999731719493866 0.0999731719493866 0.0999731719493866 0.0999731719493866
0.1000918149948120 0.1000918149948120 0.1000918149948120 0.1000918149948120 0.1000918149948120 0.1000918149948120
0.1000628769397736 0.1000628769397736 0.1000628769397736 0.1000628769397736 0.1000628769397736 0.1000628769397736
0.0999429970979691 0.0999429970979691 0.0999429970979691 0.0999429970979691 0.0999429970979691 0.0999429970979691
0.0999517813324928 0.0999517813324928 0.0999517813324928 0.0999517813324928 0.0999517813324928 0.0999517813324928
0.0998965054750443 0.0998965054750443 0.0998965054750443 0.0998965054750443 0.0998965054750443 0.0998965054750443
0.0998827591538429 0.0998827591538429 0.0998827591538429 0.0998827591538429 0.0998827591538429 0.0998827591538429
0.0998344048857689 0.0998344048857689 0.0998344048857689 0.0998344048857689 0.0998344048857689 0.0998344048857689
0.0999706387519836 0.0999706387519836 0.0999706387519836 0.0999706387519836 0.0999706387519836 0.0999706387519836
0.1000969931483269 0.1000969931483269 0.1000969931483269 0.1000969931483269 0.1000969931483269 0.1000969931483269
0.0999564826488495 0.0999564826488495 0.0999564826488495 0.0999564826488495 0.0999564826488495 0.0999564826488495
0.0999573543667793 0.0999573543667793 0.0999573543667793 0.0999573543667793 0.0999573543667793 0.0999573543667793
0.0999919474124908 0.0999919474124908 0.0999919474124908 0.0999919474124908 0.0999919474124908 0.0999919474124908
0.0998916402459145 0.0998916402459145 0.0998916402459145 0.0998916402459145 0.0998916402459145 0.0998916402459145
0.9993845820426941 0.9993845820426941 0.9993845820426941 0.9993845820426941 0
0.9998351931571960 0.9998351931571960 0.9998351931571960 0.9998351931571960 0
0.9999147653579712 0.9999147653579712 0.9999147653579712 0.9999147653579712 0
0.9997206926345825 0.9997206926345825 0.9997206926345825 0.9997206926345825 0
0.9997717738151550 0.9997717738151550 0.9997717738151550 0.9997717738151550 0
0.9996252059936523 0.9996252059936523 0.9996252059936523 0.9996252059936523 0
0.9994983673095703 0.9994983673095703 0.9994983673095703 0.9994983673095703 0
0.9992818236351013 0.9992818236351013 0.9992818236351013 0.9992818236351013 0
0.9998642206192017 0.9998642206192017 0.9998642206192017 0.9998642206192017 0
1.0005271434783936 1.0005271434783936 1.0005271434783936 1.0005271434783936 0
1.0008171796798706 1.0008171796798706 1.0008171796798706 1.0008171796798706 0
1.0004776716232300 1.0004776716232300 1.0004776716232300 1.0004776716232300 0
1.0005483627319336 1.0005483627319336 1.0005483627319336 1.0005483627319336 0
1.0002664327621460 1.0002664327621460 1.0002664327621460 1.0002664327621460 0
1.0000880956649780 1.0000880956649780 1.0000880956649780 1.0000880956649780 0
0.9995685815811157 0.9995685815811157 0.9995685815811157 0.9995685815811157 0
1.0003815889358521 1.0003815889358521 1.0003815889358521 1.0003815889358521 0
1.0015928745269775 1.0015928745269775 1.0015928745269775 1.0015928745269775 0
1.0019514560699463 1.0019514560699463 1.0019514560699463 1.0019514560699463 0
1.0015122890472412 1.0015122890472412 1.0015122890472412 1.0015122890472412 0
1.0015462636947632 1.0015462636947632 1.0015462636947632 1.0015462636947632 0
1.0012367963790894 1.0012367963790894 1.0012367963790894 1.0012367963790894 0
1.0006513595581055 1.0006513595581055 1.0006513595581055 1.0006513595581055 0
1.0002344846725464 1.0002344846725464 1.0002344846725464 1.0002344846725464 0
1.0003801584243774 1.0003801584243774 1.0003801584243774 1.0003801584243774 0
1.0015500783920288 1.0015500783920288 1.0015500783920288 1.0015500783920288 0
1.0018751621246338 1.0018751621246338 1.0018751621246338 1.0018751621246338 0
1.0014065504074097 1.0014065504074097 1.0014065504074097 1.0014065504074097 0
1.0014681816101074 1.0014681816101074 1.0014681816101074 1.0014681816101074 0
1.0011762380599976 1.0011762380599976 1.0011762380599976 1.0011762380599976 0
1.0006543397903442 1.0006543397903442 1.0006543397903442 1.0006543397903442 0
1.0001562833786011 1.0001562833786011 1.0001562833786011 1.0001562833786011 0
1.0001657009124756 1.0001657009124756 1.0001657009124756 1.0001657009124756 0
1.0013161897659302 1.0013161897659302 1.0013161897659302 1.0013161897659302 0
1.0015441179275513 1.0015441179275513 1.0015441179275513 1.0015441179275513 0
1.0010633468627930 1.0010633468627930 1.0010633468627930 1.0010633468627930 0
1.0011534690856934 1.0011534690856934 1.0011534690856934 1.0011534690856934 0
1.0009846687316895 1.0009846687316895 1.0009846687316895 1.0009846687316895 0
1.0004264116287231 1.0004264116287231 1.0004264116287231 1.0004264116287231 0
0.9997712373733521 0.9997712373733521 0.9997712373733521 0.9997712373733521 0
1.0000098943710327 1.0000098943710327 1.0000098943710327 1.0000098943710327 0
1.0009382963180542 1.0009382963180542 1.0009382963180542 1.0009382963180542 0
1.0012553930282593 1.0012553930282593 1.0012553930282593 1.0012553930282593 0
1.0008180141448975 1.0008180141448975 1.0008180141448975 1.0008180141448975 0
1.0009238719940186 1.0009238719940186 1.0009238719940186 1.0009238719940186 0
1.0006541013717651 1.0006541013717651 1.0006541013717651 1.0006541013717651 0
1.0003143548965454 1.0003143548965454 1.0003143548965454 1.0003143548965454 0
0.9997982978820801 0.9997982978820801 0.9997982978820801 0.9997982978820801 0
0.9998958110809326 0.9998958110809326 0.9998958110809326 0.9998958110809326 0
1.0008473396301270 1.0008473396301270 1.0008473396301270 1.0008473396301270 0
1.0011024475097656 1.0011024475097656 1.0011024475097656 1.0011024475097656 0
1.0007129907608032 1.0007129907608032 1.0007129907608032 1.0007129907608032 0
1.0007890462875366 1.0007890462875366 1.0007890462875366 1.0007890462875366 0
1.0005588531494141 1.0005588531494141 1.0005588531494141 1.0005588531494141 0
1.0001254081726074 1.0001254081726074 1.0001254081726074 1.0001254081726074 0
0.9998179674148560 0.9998179674148560 0.9998179674148560 0.9998179674148560 0
0.9992760419845581 0.9992760419845581 0.9992760419845581 0.9992760419845581 0
0.9997962117195129 0.9997962117195129 0.9997962117195129 0.9997962117195129 0
0.9998672604560852 0.9998672604560852 0.9998672604560852 0.9998672604560852 0
0.9996691942214966 0.9996691942214966 0.9996691942214966 0.9996691942214966 0
0.9997064471244812 0.9997064471244812 0.9997064471244812 0.9997064471244812 0
0.9996039867401123 0.9996039867401123 0.9996039867401123 0.9996039867401123 0
0.9994087815284729 0.9994087815284729 0.9994087815284729 0.9994087815284729 0
0.9993436932563782 0.9993436932563782 0.9993436932563782 0.9993436932563782 0
0.0998212471604347 0.0998212471604347 0.0998212471604347 0.0998212471604347 0.0998212471604347 0.0998212471604347
0.0997849255800247 0.0997849255800247 0.0997849255800247 0.0997849255800247 0.0997849255800247 0.0997849255800247
0.0998270958662033 0.0998270958662033 0.0998270958662033 0.0998270958662033 0.0998270958662033 0.0998270958662033
0.0998377203941345 0.0998377203941345 0.0998377203941345 0.0998377203941345 0.0998377203941345 0.0998377203941345
0.0998549461364746 0.0998549461364746 0.0998549461364746 0.0998549461364746 0.0998549461364746 0.0998549461364746
0.0999210253357887 0.0999210253357887 0.0999210253357887 0.0999210253357887 0.0999210253357887 0.0999210253357887
0.0998809635639191 0.0998809635639191 0.0998809635639191 0.0998809635639191 0.0998809635639191 0.0998809635639191
0.0998414680361748 0.0998414680361748 0.0998414680361748 0.0998414680361748 0.0998414680361748 0.0998414680361748
0.0999849513173103 0.0999849513173103 0.0999849513173103 0.0999849513173103 0.0999849513173103 0.0999849513173103
0.0999223440885544 0.0999223440885544 0.0999223440885544 0.0999223440885544 0.0999223440885544 0.0999223440885544
0.0998407080769539 0.0998407080769539 0.0998407080769539 0.0998407080769539 0.0998407080769539 0.0998407080769539
0.0999261662364006 0.0999261662364006 0.0999261662364006 0.0999261662364006 0.0999261662364006 0.0999261662364006
0.0998825058341026 0.0998825058341026 0.0998825058341026 0.0998825058341026 0.0998825058341026 0.0998825058341026
0.0998299121856689 0.0998299121856689 0.0998299121856689 0.0998299121856689 0.0998299121856689 0.0998299121856689
0.0999202430248260 0.0999202430248260 0.0999202430248260 0.0999202430248260 0.0999202430248260 0.0999202430248260
0.0998871847987175 0.0998871847987175 0.0998871847987175 0.0998871847987175 0.0998871847987175 0.0998871847987175
0.0997989252209663 0.0997989252209663 0.0997989252209663 0.0997989252209663 0.0997989252209663 0.0997989252209663
0.0999156162142754 0.0999156162142754 0.0999156162142754 0.0999156162142754 0.0999156162142754 0.0999156162142754
0.0998817011713982 0.0998817011713982 0.0998817011713982 0.0998817011713982 0.0998817011713982 0.0998817011713982
0.0997996330261230 0.0997996330261230 0.0997996330261230 0.0997996330261230 0.0997996330261230 0.0997996330261230
0.0998542830348015 0.0998542830348015 0.0998542830348015 0.0998542830348015 0.0998542830348015 0.0998542830348015
0.0998423323035240 0.0998423323035240 0.0998423323035240 0.0998423323035240 0.0998423323035240 0.0998423323035240
0.0998782068490982 0.0998782068490982 0.0998782068490982 0.0998782068490982 0.0998782068490982 0.0998782068490982
0.0998364761471748 0.0998364761471748 0.0998364761471748 0.0998364761471748 0.0998364761471748 0.0998364761471748
0.1000825092196465 0.1000825092196465 0.1000825092196465 0.1000825092196465 0.1000825092196465 0.1000825092196465
0.0999459996819496 0.0999459996819496 0.0999459996819496 0.0999459996819496 0.0999459996819496 0.0999459996819496
0.1000178307294846 0.1000178307294846 0.1000178307294846 0.1000178307294846 0.1000178307294846 0.1000178307294846
0.1002085059881210 0.1002085059881210 0.1002085059881210 0.1002085059881210 0.1002085059881210 0.1002085059881210
0.1001959219574928 0.1001959219574928 0.1001959219574928 0.1001959219574928 0.1001959219574928 0.1001959219574928
0.1001965254545212 0.1001965254545212 0.1001965254545212 0.1001965254545212 0.1001965254545212 0.1001965254545212
0.1003001779317856 0.1003001779317856 0.1003001779317856 0.1003001779317856 0.1003001779317856 0.1003001779317856
0.1001674979925156 0.1001674979925156 0.1001674979925156 0.1001674979925156 0.1001674979925156 0.1001674979925156
0.1002150997519493 0.1002150997519493 0.1002150997519493 0.1002150997519493 0.1002150997519493 0.1002150997519493
0.1001431569457054 0.1001431569457054 0.1001431569457054 0.1001431569457054 0.1001431569457054 0.1001431569457054
0.1001915410161018 0.1001915410161018 0.1001915410161018 0.1001915410161018 0.1001915410161018 0.1001915410161018
0.1000633910298347 0.1000633910298347 0.1000633910298347 0.1000633910298347 0.1000633910298347 0.1000633910298347
0.1001707315444946 0.1001707315444946 0.1001707315444946 0.1001707315444946 0.1001707315444946 0.1001707315444946
0.0999573245644569 0.0999573245644569 0.0999573245644569 0.0999573245644569 0.0999573245644569 0.0999573245644569
0.1000660359859467 0.1000660359859467 0.1000660359859467 0.1000660359859467 0.1000660359859467 0.1000660359859467
0.0999806076288223 0.0999806076288223 0.0999806076288223 0.0999806076288223 0.0999806076288223 0.0999806076288223
0.1004049777984619 0.1004049777984619 0.1004049777984619 0.1004049777984619 0.1004049777984619 0.1004049777984619
0.1001996770501137 0.1001996770501137 0.1001996770501137 0.1001996770501137 0.1001996770501137 0.1001996770501137
0.1001581996679306 0.1001581996679306 0.1001581996679306 0.1001581996679306 0.1001581996679306 0.1001581996679306
0.1006097495555878 0.1006097495555878 0.1006097495555878 0.1006097495555878 0.1006097495555878 0.1006097495555878
0.1003949567675591 0.1003949567675591 0.1003949567675591 0.1003949567675591 0.1003949567675591 0.1003949567675591
0.1005959287285805 0.1005959287285805 0.1005959287285805 0.1005959287285805 0.1005959287285805 0.1005959287285805
0.1005124747753143 0.1005124747753143 0.1005124747753143 0.1005124747753143 0.1005124747753143 0.1005124747753143
0.1005499511957169 0.1005499511957169 0.1005499511957169 0.1005499511957169 0.1005499511957169 0.1005499511957169
0.1004139855504036 0.1004139855504036 0.1004139855504036 0.1004139855504036 0.1004139855504036 0.1004139855504036
0.1005130037665367 0.1005130037665367 0.1005130037665367 0.1005130037665367 0.1005130037665367 0.1005130037665367
0.1003879457712173 0.1003879457712173 0.1003879457712173 0.1003879457712173 0.1003879457712173 0.1003879457712173
0.1003834456205368 0.1003834456205368 0.1003834456205368 0.1003834456205368 0.1003834456205368 0.1003834456205368
0.1003659516572952 0.1003659516572952 0.1003659516572952 0.1003659516572952 0.1003659516572952 0.1003659516572952
0.1002251058816910 0.1002251058816910 0.1002251058816910 0.1002251058816910 0.1002251058816910 0.1002251058816910
0.1002169176936150 0.1002169176936150 0.1002169176936150 0.1002169176936150 0.1002169176936150 0.1002169176936150
0.1000958383083344 0.1000958383083344 0.1000958383083344 0.1000958383083344 0.1000958383083344 0.1000958383083344
0.1002212017774582 0.1002212017774582 0.1002212017774582 0.1002212017774582 0.1002212017774582 0.1002212017774582
0.1000440642237663 0.1000440642237663 0.1000440642237663 0.1000440642237663 0.1000440642237663 0.1000440642237663
0.1000430062413216 0.1000430062413216 0.1000430062413216 0.1000430062413216 0.1000430062413216 0.1000430062413216
0.1004047021269798 0.1004047021269798 0.1004047021269798 0.1004047021269798 0.1004047021269798 0.1004047021269798
0.1002602130174637 0.1002602130174637 0.1002602130174637 0.1002602130174637 0.1002602130174637 0.1002602130174637
0.1003842055797577 0.1003842055797577 0.1003842055797577 0.1003842055797577 0.1003842055797577 0.1003842055797577
0.1003599911928177 0.1003599911928177 0.1003599911928177 0.1003599911928177 0.1003599911928177 0.1003599911928177
0.1003425270318985 0.1003425270318985 0.1003425270318985 0.1003425270318985 0.1003425270318985 0.1003425270318985
0.1002593189477921 0.1002593189477921 0.1002593189477921 0.1002593189477921 0.1002593189477921 0.1002593189477921
0.1003129035234451 0.1003129035234451 0.1003129035234451 0.1003129035234451 0.1003129035234451 0.1003129035234451
0.1002406850457191 0.1002406850457191 0.1002406850457191 0.1002406850457191 0.1002406850457191 0.1002406850457191
0.1002011820673943 0.1002011820673943 0.1002011820673943 0.1002011820673943 0.1002011820673943 0.1002011820673943
0.1002349331974983 0.1002349331974983 0.1002349331974983 0.1002349331974983 0.1002349331974983 0.1002349331974983
0.1000687479972839 0.1000687479972839 0.1000687479972839 0.1000687479972839 0.1000687479972839 0.1000687479972839
0.1000992357730865 0.1000992357730865 0.1000992357730865 0.1000992357730865 0.1000992357730865 0.1000992357730865
0.0999660342931747 0.0999660342931747 0.0999660342931747 0.0999660342931747 0.0999660342931747 0.0999660342931747
0.1001095771789551 0.1001095771789551 0.1001095771789551 0.1001095771789551 0.1001095771789551 0.1001095771789551
0.0999528616666794 0.0999528616666794 0.0999528616666794 0.0999528616666794 0.0999528616666794 0.0999528616666794
0.0999809578061104 0.0999809578061104 0.0999809578061104 0.0999809578061104 0.0999809578061104 0.0999809578061104
0.1002693176269531 0.1002693176269531 0.1002693176269531 0.1002693176269531 0.1002693176269531 0.1002693176269531
0.1001701131463051 0.1001701131463051 0.1001701131463051 0.1001701131463051 0.1001701131463051 0.1001701131463051
0.1002350300550461 0.1002350300550461 0.1002350300550461 0.1002350300550461 0.1002350300550461 0.1002350300550461
0.1002656668424606 0.1002656668424606 0.1002656668424606 0.1002656668424606 0.1002656668424606 0.1002656668424606
0.1001971736550331 0.1001971736550331 0.1001971736550331 0.1001971736550331 0.1001971736550331 0.1001971736550331
0.1001690849661827 0.1001690849661827 0.1001690849661827 0.1001690849661827 0.1001690849661827 0.1001690849661827
0.1001864299178123 0.1001864299178123 0.1001864299178123 0.1001864299178123 0.1001864299178123 0.1001864299178123
0.1001534014940262 0.1001534014940262 0.1001534014940262 0.1001534014940262 0.1001534014940262 0.1001534014940262
0.1000926271080971 0.1000926271080971 0.1000926271080971 0.1000926271080971 0.1000926271080971 0.1000926271080971
0.1001527756452560 0.1001527756452560 0.1001527756452560 0.1001527756452560 0.1001527756452560 0.1001527756452560
0.0999717712402344 0.0999717712402344 0.0999717712402344 0.0999717712402344 0.0999717712402344 0.0999717712402344
0.1000431030988693 0.1000431030988693 0.1000431030988693 0.1000431030988693 0.1000431030988693 0.1000431030988693
0.0999586656689644 0.0999586656689644 0.0999586656689644 0.0999586656689644 0.0999586656689644 0.0999586656689644
0.1002337783575058 0.1002337783575058 0.1002337783575058 0.1002337783575058 0.1002337783575058 0.1002337783575058
0.1000432595610619 0.1000432595610619 0.1000432595610619 0.1000432595610619 0.1000432595610619 0.1000432595610619
0.1000377684831619 0.1000377684831619 0.1000377684831619 0.1000377684831619 0.1000377684831619 0.1000377684831619
0.1003995016217232 0.1003995016217232 0.1003995016217232 0.1003995016217232 0.1003995016217232 0.1003995016217232
0.1002279594540596 0.1002279594540596 0.1002279594540596 0.1002279594540596 0.1002279594540596 0.1002279594540596
0.1003795117139816 0.1003795117139816 0.1003795117139816 0.1003795117139816 0.1003795117139816 0.1003795117139816
0.1003259271383286 0.1003259271383286 0.1003259271383286 0.1003259271383286 0.1003259271383286 0.1003259271383286
0.1003447696566582 0.1003447696566582 0.1003447696566582 0.1003447696566582 0.1003447696566582 0.1003447696566582
0.1002336367964745 0.1002336367964745 0.1002336367964745 0.1002336367964745 0.1002336367964745 0.1002336367964745
0.1003252118825912 0.1003252118825912 0.1003252118825912 0.1003252118825912 0.1003252118825912 0.1003252118825912
0.1002184301614761 0.1002184301614761 0.1002184301614761 0.1002184301614761 0.1002184301614761 0.1002184301614761
0.1002211570739746 0.1002211570739746 0.1002211570739746 0.1002211570739746 0.1002211570739746 0.1002211570739746
0.1002084836363792 0.1002084836363792 0.1002084836363792 0.1002084836363792 0.1002084836363792 0.1002084836363792
0.1000669449567795 0.1000669449567795 0.1000669449567795 0.1000669449567795 0.1000669449567795 0.1000669449567795
0.1000934243202209 0.1000934243202209 0.1000934243202209 0.1000934243202209 0.1000934243202209 0.1000934243202209
0.0999915003776550 0.0999915003776550 0.0999915003776550 0.0999915003776550 0.0999915003776550 0.0999915003776550
0.1000670269131660 0.1000670269131660 0.1000670269131660 0.1000670269131660 0.1000670269131660 0.1000670269131660
0.0999325141310692 0.0999325141310692 0.0999325141310692 0.0999325141310692 0.0999325141310692 0.0999325141310692
0.0999043881893158 0.0999043881893158 0.0999043881893158 0.0999043881893158 0.0999043881893158 0.0999043881893158
0.1002043783664703 0.1002043783664703 0.1002043783664703 0.1002043783664703 0.1002043783664703 0.1002043783664703
0.1000309586524963 0.1000309586524963 0.1000309586524963 0.1000309586524963 0.1000309586524963 0.1000309586524963
0.1001799032092094 0.1001799032092094 0.1001799032092094 0.1001799032092094 0.1001799032092094 0.1001799032092094
0.1000955924391747 0.1000955924391747 0.1000955924391747 0.1000955924391747 0.1000955924391747 0.1000955924391747
0.1001499593257904 0.1001499593257904 0.1001499593257904 0.1001499593257904 0.1001499593257904 0.1001499593257904
0.1000257208943367 0.1000257208943367 0.1000257208943367 0.1000257208943367 0.1000257208943367 0.1000257208943367
0.1001375615596771 0.1001375615596771 0.1001375615596771 0.1001375615596771 0.1001375615596771 0.1001375615596771
0.1000170111656189 0.1000170111656189 0.1000170111656189 0.1000170111656189 0.1000170111656189 0.1000170111656189
0.1000555679202080 0.1000555679202080 0.1000555679202080 0.1000555679202080 0.1000555679202080 0.1000555679202080
0.1000212803483009 0.1000212803483009 0.1000212803483009 0.1000212803483009 0.1000212803483009 0.1000212803483009
0.0999540686607361 0.0999540686607361 0.0999540686607361 0.0999540686607361 0.0999540686607361 0.0999540686607361
0.0999425277113914 0.0999425277113914 0.0999425277113914 0.0999425277113914 0.0999425277113914 0.0999425277113914
0.0998915955424309 0.0998915955424309 0.0998915955424309 0.0998915955424309 0.0998915955424309 0.0998915955424309
0.0999221801757812 0.0999221801757812 0.0999221801757812 0.0999221801757812 0.0999221801757812 0.0999221801757812
0.0998769551515579 0.0998769551515579 0.0998769551515579 0.0998769551515579 0.0998769551515579 0.0998769551515579
0.0999831631779671 0.0999831631779671 0.0999831631779671 0.0999831631779671 0.0999831631779671 0.0999831631779671
0.0999654978513718 0.0999654978513718 0.0999654978513718 0.0999654978513718 0.0999654978513718 0.0999654978513718
0.0999530330300331 0.0999530330300331 0.0999530330300331 0.0999530330300331 0.0999530330300331 0.0999530330300331
0.0999515503644943 0.0999515503644943 0.0999515503644943 0.0999515503644943 0.0999515503644943 0.0999515503644943
0.0999142304062843 0.0999142304062843 0.0999142304062843 0.0999142304062843 0.0999142304062843 0.0999142304062843
0.0998937040567398 0.0998937040567398 0.0998937040567398 0.0998937040567398 0.0998937040567398 0.0998937040567398
0.9954783320426941 0.9954783320426941 0.9954783320426941 0.9954783320426941 0
0.9977866411209106 0.9977866411209106 0.9977866411209106 0.9977866411209106 0
1.0049037933349609 1.0049037933349609 1.0049037933349609 1.0049037933349609 0
1.0016084909439087 1.0016084909439087 1.0016084909439087 1.0016084909439087 0
0.9978581666946411 0.9978581666946411 0.9978581666946411 0.9978581666946411 0
1.0031980276107788 1.0031980276107788 1.0031980276107788 1.0031980276107788 0
0.9988128542900085 0.9988128542900085 0.9988128542900085 0.9988128542900085 0
0.9981409907341003 0.9981409907341003 0.9981409907341003 0.9981409907341003 0
0.9953242540359497 0.9953242540359497 0.9953242540359497 0.9953242540359497 0
1.0009123086929321 1.0009123086929321 1.0009123086929321 1.0009123086929321 0
1.0053675174713135 1.0053675174713135 1.0053675174713135 1.0053675174713135 0
1.0040893554687500 1.0040893554687500 1.0040893554687500 1.0040893554687500 0
0.9994395971298218 0.9994395971298218 0.9994395971298218 0.9994395971298218 0
1.0050032138824463 1.0050032138824463 1.0050032138824463 1.0050032138824463 0
1.0019086599349976 1.0019086599349976 1.0019086599349976 1.0019086599349976 0
0.9992289543151855 0.9992289543151855 0.9992289543151855 0.9992289543151855 0
0.9955962300300598 0.9955962300300598 0.9955962300300598 0.9955962300300598 0
1.0028430223464966 1.0028430223464966 1.0028430223464966 1.0028430223464966 0
1.0056219100952148 1.0056219100952148 1.0056219100952148 1.0056219100952148 0
1.0047485828399658 1.0047485828399658 1.0047485828399658 1.0047485828399658 0
1.0010116100311279 1.0010116100311279 1.0010116100311279 1.0010116100311279 0
1.0052174329757690 1.0052174329757690 1.0052174329757690 1.0052174329757690 0
1.0031623840332031 1.0031623840332031 1.0031623840332031 1.0031623840332031 0
1.0001941919326782 1.0001941919326782 1.0001941919326782 1.0001941919326782 0
0.9954128265380859 0.9954128265380859 0.9954128265380859 0.9954128265380859 0
1.0012232065200806 1.0012232065200806 1.0012232065200806 1.0012232065200806 0
1.0054166316986084 1.0054166316986084 1.0054166316986084 1.0054166316986084 0
1.0041226148605347 1.0041226148605347 1.0041226148605347 1.0041226148605347 0
0.9992643594741821 0.9992643594741821 0.9992643594741821 0.9992643594741821 0
1.0049952268600464 1.0049952268600464 1.0049952268600464 1.0049952268600464 0
1.0016005039215088 1.0016005039215088 1.0016005039215088 1.0016005039215088 0
0.9990937709808350 0.9990937709808350 0.9990937709808350 0.9990937709808350 0
0.9956373572349548 0.9956373572349548 0.9956373572349548 0.9956373572349548 0
1.0006917715072632 1.0006917715072632 1.0006917715072632 1.0006917715072632 0
1.0053862333297729 1.0053862333297729 1.0053862333297729 1.0053862333297729 0
1.0037978887557983 1.0037978887557983 1.0037978887557983 1.0037978887557983 0
0.9987294673919678 0.9987294673919678 0.9987294673919678 0.9987294673919678 0
1.0049299001693726 1.0049299001693726 1.0049299001693726 1.0049299001693726 0
1.0013247728347778 1.0013247728347778 1.0013247728347778 1.0013247728347778 0
0.9990929961204529 0.9990929961204529 0.9990929961204529 0.9990929961204529 0
0.9955564737319946 0.9955564737319946 0.9955564737319946 0.9955564737319946 0
1.0012432336807251 1.0012432336807251 1.0012432336807251 1.0012432336807251 0
1.0054230690002441 1.0054230690002441 1.0054230690002441 1.0054230690002441 0
1.0040739774703979 1.0040739774703979 1.0040739774703979 1.0040739774703979 0
0.9996835589408875 0.9996835589408875 0.9996835589408875 0.9996835589408875 0
1.0048553943634033 1.0048553943634033 1.0048553943634033 1.0048553943634033 0
1.0021584033966064 1.0021584033966064 1.0021584033966064 1.0021584033966064 0
0.9994927644729614 0.9994927644729614 0.9994927644729614 0.9994927644729614 0
0.9958074688911438 0.9958074688911438 0.9958074688911438 0.9958074688911438 0
0.9983207583427429 0.9983207583427429 0.9983207583427429 0.9983207583427429 0
1.0048377513885498 1.0048377513885498 1.0048377513885498 1.0048377513885498 0
1.0021224021911621 1.0021224021911621 1.0021224021911621 1.0021224021911621 0
0.9985461235046387 0.9985461235046387 0.9985461235046387 0.9985461235046387 0
1.0035386085510254 1.0035386085510254 1.0035386085510254 1.0035386085510254 0
0.9995347857475281 0.9995347857475281 0.9995347857475281 0.9995347857475281 0
0.9983479976654053 0.9983479976654053 0.9983479976654053 0.9983479976654053 0
0.9960761666297913 0.9960761666297913 0.9960761666297913 0.9960761666297913 0
0.9981899857521057 0.9981899857521057 0.9981899857521057 0.9981899857521057 0
1.0040383338928223 1.0040383338928223 1.0040383338928223 1.0040383338928223 0
0.9994119405746460 0.9994119405746460 0.9994119405746460 0.9994119405746460 0
0.9976112842559814 0.9976112842559814 0.9976112842559814 0.9976112842559814 0
1.0019196271896362 1.0019196271896362 1.0019196271896362 1.0019196271896362 0
0.9971137046813965 0.9971137046813965 0.9971137046813965 0.9971137046813965 0
0.9978445172309875 0.9978445172309875 0.9978445172309875 0.9978445172309875 0
0.0995396375656128 0.0995396375656128 0.0995396375656128 0.0995396375656128 0.0995396375656128 0.0995396375656128
0.0994390845298767 0.0994390845298767 0.0994390845298767 0.0994390845298767 0.0994390845298767 0.0994390845298767
0.0991793423891068 0.0991793423891068 0.0991793423891068 0.0991793423891068 0.0991793423891068 0.0991793423891068
0.0994356051087379 0.0994356051087379 0.0994356051087379 0.0994356051087379 0.0994356051087379 0.0994356051087379
0.1007102429866791 0.1007102429866791 0.1007102429866791 0.1007102429866791 0.1007102429866791 0.1007102429866791
0.0995346680283546 0.0995346680283546 0.0995346680283546 0.0995346680283546 0.0995346680283546 0.0995346680283546
0.0996643155813217 0.0996643155813217 0.0996643155813217 0.0996643155813217 0.0996643155813217 0.0996643155813217
0.1005256474018097 0.1005256474018097 0.1005256474018097 0.1005256474018097 0.1005256474018097 0.1005256474018097
0.1007800847291946 0.1007800847291946 0.1007800847291946 0.1007800847291946 0.1007800847291946 0.1007800847291946
0.1006086617708206 0.1006086617708206 0.1006086617708206 0.1006086617708206 0.1006086617708206 0.1006086617708206
0.0999750494956970 0.0999750494956970 0.0999750494956970 0.0999750494956970 0.0999750494956970 0.0999750494956970
0.1003851518034935 0.1003851518034935 0.1003851518034935 0.1003851518034935 0.1003851518034935 0.1003851518034935
0.1002096682786942 0.1002096682786942 0.1002096682786942 0.1002096682786942 0.1002096682786942 0.1002096682786942
0.1004527136683464 0.1004527136683464 0.1004527136683464 0.1004527136683464 0.1004527136683464 0.1004527136683464
0.0997164547443390 0.0997164547443390 0.0997164547443390 0.0997164547443390 0.0997164547443390 0.0997164547443390
0.0997718498110771 0.0997718498110771 0.0997718498110771 0.0997718498110771 0.0997718498110771 0.0997718498110771
0.0999934673309326 0.0999934673309326 0.0999934673309326 0.0999934673309326 0.0999934673309326 0.0999934673309326
0.1003480181097984 0.1003480181097984 0.1003480181097984 0.1003480181097984 0.1003480181097984 0.1003480181097984
0.1002813056111336 0.1002813056111336 0.1002813056111336 0.1002813056111336 0.1002813056111336 0.1002813056111336
0.0998699814081192 0.0998699814081192 0.0998699814081192 0.0998699814081192 0.0998699814081192 0.0998699814081192
0.1000374704599380 0.1000374704599380 0.1000374704599380 0.1000374704599380 0.1000374704599380 0.1000374704599380
0.0999010652303696 0.0999010652303696 0.0999010652303696 0.0999010652303696 0.0999010652303696 0.0999010652303696
0.0997425392270088 0.0997425392270088 0.0997425392270088 0.0997425392270088 0.0997425392270088 0.0997425392270088
0.0997298061847687 0.0997298061847687 0.0997298061847687 0.0997298061847687 0.0997298061847687 0.0997298061847687
0.0997820645570755 0.0997820645570755 0.0997820645570755 0.0997820645570755 0.0997820645570755 0.0997820645570755
0.0995658338069916 0.0995658338069916 0.0995658338069916 0.0995658338069916 0.0995658338069916 0.0995658338069916
0.0991617143154144 0.0991617143154144 0.0991617143154144 0.0991617143154144 0.0991617143154144 0.0991617143154144
0.1014377847313881 0.1014377847313881 0.1014377847313881 0.1014377847313881 0.1014377847313881 0.1014377847313881
0.0997736006975174 0.0997736006975174 0.0997736006975174 0.0997736006975174 0.0997736006975174 0.0997736006975174
0.1011669039726257 0.1011669039726257 0.1011669039726257 0.1011669039726257 0.1011669039726257 0.1011669039726257
0.1011085882782936 0.1011085882782936 0.1011085882782936 0.1011085882782936 0.1011085882782936 0.1011085882782936
0.1003769338130951 0.1003769338130951 0.1003769338130951 0.1003769338130951 0.1003769338130951 0.1003769338130951
0.1006699800491333 0.1006699800491333 0.1006699800491333 0.1006699800491333 0.1006699800491333 0.1006699800491333
0.1010520905256271 0.1010520905256271 0.1010520905256271 0.1010520905256271 0.1010520905256271 0.1010520905256271
0.0998293831944466 0.0998293831944466 0.0998293831944466 0.0998293831944466 0.0998293831944466 0.0998293831944466
0.1006003692746162 0.1006003692746162 0.1006003692746162 0.1006003692746162 0.1006003692746162 0.1006003692746162
0.1007289141416550 0.1007289141416550 0.1007289141416550 0.1007289141416550 0.1007289141416550 0.1007289141416550
0.1001635715365410 0.1001635715365410 0.1001635715365410 0.1001635715365410 0.1001635715365410 0.1001635715365410
0.1003197729587555 0.1003197729587555 0.1003197729587555 0.1003197729587555 0.1003197729587555 0.1003197729587555
0.0998258218169212 0.0998258218169212 0.0998258218169212 0.0998258218169212 0.0998258218169212 0.0998258218169212
0.0999134108424187 0.0999134108424187 0.0999134108424187 0.0999134108424187 0.0999134108424187 0.0999134108424187
0.0996662080287933 0.0996662080287933 0.0996662080287933 0.0996662080287933 0.0996662080287933 0.0996662080287933
0.0992748439311981 0.0992748439311981 0.0992748439311981 0.0992748439311981 0.0992748439311981 0.0992748439311981
0.1017073839902878 0.1017073839902878 0.1017073839902878 0.1017073839902878 0.1017073839902878 0.1017073839902878
0.0999120250344276 0.0999120250344276 0.0999120250344276 0.0999120250344276 0.0999120250344276 0.0999120250344276
0.1014201715588570 0.1014201715588570 0.1014201715588570 0.1014201715588570 0.1014201715588570 0.1014201715588570
0.1013166904449463 0.1013166904449463 0.1013166904449463 0.1013166904449463 0.1013166904449463 0.1013166904449463
0.1005696207284927 0.1005696207284927 0.1005696207284927 0.1005696207284927 0.1005696207284927 0.1005696207284927
0.1008434891700745 0.1008434891700745 0.1008434891700745 0.1008434891700745 0.1008434891700745 0.1008434891700745
0.1012647002935410 0.1012647002935410 0.1012647002935410 0.1012647002935410 0.1012647002935410 0.1012647002935410
0.0999538972973824 0.0999538972973824 0.0999538972973824 0.0999538972973824 0.0999538972973824 0.0999538972973824
0.1007667183876038 0.1007667183876038 0.1007667183876038 0.1007667183876038 0.1007667183876038 0.1007667183876038
0.1008742228150368 0.1008742228150368 0.1008742228150368 0.1008742228150368 0.1008742228150368 0.1008742228150368
0.1002578362822533 0.1002578362822533 0.1002578362822533 0.1002578362822533 0.1002578362822533 0.1002578362822533
0.1004308089613914 0.1004308089613914 0.1004308089613914 0.1004308089613914 0.1004308089613914 0.1004308089613914
0.0998992845416069 0.0998992845416069 0.0998992845416069 0.0998992845416069 0.0998992845416069 0.0998992845416069
0.0997470021247864 0.0997470021247864 0.0997470021247864 0.0997470021247864 0.0997470021247864 0.0997470021247864
0.0995635241270065 0.0995635241270065 0.0995635241270065 0.0995635241270065 0.0995635241270065 0.0995635241270065
0.0992256924510002 0.0992256924510002 0.0992256924510002 0.0992256924510002 0.0992256924510002 0.0992256924510002
0.1014385521411896 0.1014385521411896 0.1014385521411896 0.1014385521411896 0.1014385521411896 0.1014385521411896
0.0997704192996025 0.0997704192996025 0.0997704192996025 0.0997704192996025 0.0997704192996025 0.0997704192996025
0.1011499986052513 0.1011499986052513 0.1011499986052513 0.1011499986052513 0.1011499986052513 0.1011499986052513
0.1011387854814529 0.1011387854814529 0.1011387854814529 0.1011387854814529 0.1011387854814529 0.1011387854814529
0.1003032252192497 0.1003032252192497 0.1003032252192497 0.1003032252192497 0.1003032252192497 0.1003032252192497
0.1006892248988152 0.1006892248988152 0.1006892248988152 0.1006892248988152 0.1006892248988152 0.1006892248988152
0.1009965464472771 0.1009965464472771 0.1009965464472771 0.1009965464472771 0.1009965464472771 0.1009965464472771
0.0997951105237007 0.0997951105237007 0.0997951105237007 0.0997951105237007 0.0997951105237007 0.0997951105237007
0.1004992350935936 0.1004992350935936 0.1004992350935936 0.1004992350935936 0.1004992350935936 0.1004992350935936
0.1007153987884521 0.1007153987884521 0.1007153987884521 0.1007153987884521 0.1007153987884521 0.1007153987884521
0.1000730097293854 0.1000730097293854 0.1000730097293854 0.1000730097293854 0.1000730097293854 0.1000730097293854
0.1002763286232948 0.1002763286232948 0.1002763286232948 0.1002763286232948 0.1002763286232948 0.1002763286232948
0.0998152717947960 0.0998152717947960 0.0998152717947960 0.0998152717947960 0.0998152717947960 0.0998152717947960
0.0997893437743187 0.0997893437743187 0.0997893437743187 0.0997893437743187 0.0997893437743187 0.0997893437743187
0.0995808169245720 0.0995808169245720 0.0995808169245720 0.0995808169245720 0.0995808169245720 0.0995808169245720
0.0992538109421730 0.0992538109421730 0.0992538109421730 0.0992538109421730 0.0992538109421730 0.0992538109421730
0.1013942509889603 0.1013942509889603 0.1013942509889603 0.1013942509889603 0.1013942509889603 0.1013942509889603
0.0996835008263588 0.0996835008263588 0.0996835008263588 0.0996835008263588 0.0996835008263588 0.0996835008263588
0.1011245250701904 0.1011245250701904 0.1011245250701904 0.1011245250701904 0.1011245250701904 0.1011245250701904
0.1010331138968468 0.1010331138968468 0.1010331138968468 0.1010331138968468 0.1010331138968468 0.1010331138968468
0.1002901047468185 0.1002901047468185 0.1002901047468185 0.1002901047468185 0.1002901047468185 0.1002901047468185
0.1005789190530777 0.1005789190530777 0.1005789190530777 0.1005789190530777 0.1005789190530777 0.1005789190530777
0.1009785756468773 0.1009785756468773 0.1009785756468773 0.1009785756468773 0.1009785756468773 0.1009785756468773
0.0997280552983284 0.0997280552983284 0.0997280552983284 0.0997280552983284 0.0997280552983284 0.0997280552983284
0.1005090028047562 0.1005090028047562 0.1005090028047562 0.1005090028047562 0.1005090028047562 0.1005090028047562
0.1006234362721443 0.1006234362721443 0.1006234362721443 0.1006234362721443 0.1006234362721443 0.1006234362721443
0.1000936776399612 0.1000936776399612 0.1000936776399612 0.1000936776399612 0.1000936776399612 0.1000936776399612
0.1002227962017059 0.1002227962017059 0.1002227962017059 0.1002227962017059 0.1002227962017059 0.1002227962017059
0.0998180434107780 0.0998180434107780 0.0998180434107780 0.0998180434107780 0.0998180434107780 0.0998180434107780
0.0997523665428162 0.0997523665428162 0.0997523665428162 0.0997523665428162 0.0997523665428162 0.0997523665428162
0.0995903536677361 0.0995903536677361 0.0995903536677361 0.0995903536677361 0.0995903536677361 0.0995903536677361
0.0992763787508011 0.0992763787508011 0.0992763787508011 0.0992763787508011 0.0992763787508011 0.0992763787508011
0.1013757959008217 0.1013757959008217 0.1013757959008217 0.1013757959008217 0.1013757959008217 0.1013757959008217
0.0996586903929710 0.0996586903929710 0.0996586903929710 0.0996586903929710 0.0996586903929710 0.0996586903929710
0.1011018380522728 0.1011018380522728 0.1011018380522728 0.1011018380522728 0.1011018380522728 0.1011018380522728
0.1009736061096191 0.1009736061096191 0.1009736061096191 0.1009736061096191 0.1009736061096191 0.1009736061096191
0.1003058329224586 0.1003058329224586 0.1003058329224586 0.1003058329224586 0.1003058329224586 0.1003058329224586
0.1005610451102257 0.1005610451102257 0.1005610451102257 0.1005610451102257 0.1005610451102257 0.1005610451102257
0.1009829044342041 0.1009829044342041 0.1009829044342041 0.1009829044342041 0.1009829044342041 0.1009829044342041
0.0998815894126892 0.0998815894126892 0.0998815894126892 0.0998815894126892 0.0998815894126892 0.0998815894126892
0.1005404889583588 0.1005404889583588 0.1005404889583588 0.1005404889583588 0.1005404889583588 0.1005404889583588
0.1005327180027962 0.1005327180027962 0.1005327180027962 0.1005327180027962 0.1005327180027962 0.1005327180027962
0.1001222059130669 0.1001222059130669 0.1001222059130669 0.1001222059130669 0.1001222059130669 0.1001222059130669
0.1001969054341316 0.1001969054341316 0.1001969054341316 0.1001969054341316 0.1001969054341316 0.1001969054341316
0.0998238399624825 0.0998238399624825 0.0998238399624825 0.0998238399624825 0.0998238399624825 0.0998238399624825
0.0996001958847046 0.0996001958847046 0.0996001958847046 0.0996001958847046 0.0996001958847046 0.0996001958847046
0.0995456501841545 0.0995456501841545 0.0995456501841545 0.0995456501841545 0.0995456501841545 0.0995456501841545
0.0994380936026573 0.0994380936026573 0.0994380936026573 0.0994380936026573 0.0994380936026573 0.0994380936026573
0.1008045300841331 0.1008045300841331 0.1008045300841331 0.1008045300841331 0.1008045300841331 0.1008045300841331
0.0996452271938324 0.0996452271938324 0.0996452271938324 0.0996452271938324 0.0996452271938324 0.0996452271938324
0.1006105318665504 0.1006105318665504 0.1006105318665504 0.1006105318665504 0.1006105318665504 0.1006105318665504
0.1005860716104507 0.1005860716104507 0.1005860716104507 0.1005860716104507 0.1005860716104507 0.1005860716104507
0.1000256761908531 0.1000256761908531 0.1000256761908531 0.1000256761908531 0.1000256761908531 0.1000256761908531
0.1001774668693542 0.1001774668693542 0.1001774668693542 0.1001774668693542 0.1001774668693542 0.1001774668693542
0.1005366668105125 0.1005366668105125 0.1005366668105125 0.1005366668105125 0.1005366668105125 0.1005366668105125
0.0997465699911118 0.0997465699911118 0.0997465699911118 0.0997465699911118 0.0997465699911118 0.0997465699911118
0.1000766679644585 0.1000766679644585 0.1000766679644585 0.1000766679644585 0.1000766679644585 0.1000766679644585
0.1002762317657471 0.1002762317657471 0.1002762317657471 0.1002762317657471 0.1002762317657471 0.1002762317657471
0.0998912900686264 0.0998912900686264 0.0998912900686264 0.0998912900686264 0.0998912900686264 0.0998912900686264
0.0998890325427055 0.0998890325427055 0.0998890325427055 0.0998890325427055 0.0998890325427055 0.0998890325427055
0.0997171774506569 0.0997171774506569 0.0997171774506569 0.0997171774506569 0.0997171774506569 0.0997171774506569
0.0994767919182777 0.0994767919182777 0.0994767919182777 0.0994767919182777 0.0994767919182777 0.0994767919182777
0.0996029973030090 0.0996029973030090 0.0996029973030090 0.0996029973030090 0.0996029973030090 0.0996029973030090
0.1005566492676735 0.1005566492676735 0.1005566492676735 0.1005566492676735 0.1005566492676735 0.1005566492676735
0.1001728996634483 0.1001728996634483 0.1001728996634483 0.1001728996634483 0.1001728996634483 0.1001728996634483
0.0996797978878021 0.0996797978878021 0.0996797978878021 0.0996797978878021 0.0996797978878021 0.0996797978878021
0.1001254394650459 0.1001254394650459 0.1001254394650459 0.1001254394650459 0.1001254394650459 0.1001254394650459
0.0998500436544418 0.0998500436544418 0.0998500436544418 0.0998500436544418 0.0998500436544418 0.0998500436544418
0.0997731536626816 0.0997731536626816 0.0997731536626816 0.0997731536626816 0.0997731536626816 0.0997731536626816
0.9957197308540344 0.9957197308540344 0.9957197308540344 0.9957197308540344 0
0.9953613281250000 0.9953613281250000 0.9953613281250000 0.9953613281250000 0
0.9953830242156982 0.9953830242156982 0.9953830242156982 0.9953830242156982 0
0.9954210519790649 0.9954210519790649 0.9954210519790649 0.9954210519790649 0
0.9960088729858398 0.9960088729858398 0.9960088729858398 0.9960088729858398 0
0.9954234361648560 0.9954234361648560 0.9954234361648560 0.9954234361648560 0
0.9955412149429321 0.9955412149429321 0.9955412149429321 0.9955412149429321 0
0.9961844682693481 0.9961844682693481 0.9961844682693481 0.9961844682693481 0
0.9978093504905701 0.9978093504905701 0.9978093504905701 0.9978093504905701 0
1.0011509656906128 1.0011509656906128 1.0011509656906128 1.0011509656906128 0
1.0028053522109985 1.0028053522109985 1.0028053522109985 1.0028053522109985 0
1.0011606216430664 1.0011606216430664 1.0011606216430664 1.0011606216430664 0
1.0006052255630493 1.0006052255630493 1.0006052255630493 1.0006052255630493 0
1.0011367797851562 1.0011367797851562 1.0011367797851562 1.0011367797851562 0
0.9982967376708984 0.9982967376708984 0.9982967376708984 0.9982967376708984 0
0.9981958866119385 0.9981958866119385 0.9981958866119385 0.9981958866119385 0
1.0048916339874268 1.0048916339874268 1.0048916339874268 1.0048916339874268 0
1.0054686069488525 1.0054686069488525 1.0054686069488525 1.0054686069488525 0
1.0056060552597046 1.0056060552597046 1.0056060552597046 1.0056060552597046 0
1.0053964853286743 1.0053964853286743 1.0053964853286743 1.0053964853286743 0
1.0053209066390991 1.0053209066390991 1.0053209066390991 1.0053209066390991 0
1.0054119825363159 1.0054119825363159 1.0054119825363159 1.0054119825363159 0
1.0049684047698975 1.0049684047698975 1.0049684047698975 1.0049684047698975 0
1.0038809776306152 1.0038809776306152 1.0038809776306152 1.0038809776306152 0
1.0013833045959473 1.0013833045959473 1.0013833045959473 1.0013833045959473 0
1.0040874481201172 1.0040874481201172 1.0040874481201172 1.0040874481201172 0
1.0048564672470093 1.0048564672470093 1.0048564672470093 1.0048564672470093 0
1.0039988756179810 1.0039988756179810 1.0039988756179810 1.0039988756179810 0
1.0036567449569702 1.0036567449569702 1.0036567449569702 1.0036567449569702 0
1.0041360855102539 1.0041360855102539 1.0041360855102539 1.0041360855102539 0
1.0020353794097900 1.0020353794097900 1.0020353794097900 1.0020353794097900 0
0.9993525147438049 0.9993525147438049 0.9993525147438049 0.9993525147438049 0
0.9977166056632996 0.9977166056632996 0.9977166056632996 0.9977166056632996 0
0.9993984699249268 0.9993984699249268 0.9993984699249268 0.9993984699249268 0
1.0010776519775391 1.0010776519775391 1.0010776519775391 1.0010776519775391 0
0.9992001056671143 0.9992001056671143 0.9992001056671143 0.9992001056671143 0
0.9987155199050903 0.9987155199050903 0.9987155199050903 0.9987155199050903 0
0.9996833205223083 0.9996833205223083 0.9996833205223083 0.9996833205223083 0
0.9984999299049377 0.9984999299049377 0.9984999299049377 0.9984999299049377 0
0.9976804852485657 0.9976804852485657 0.9976804852485657 0.9976804852485657 0
1.0030272006988525 1.0030272006988525 1.0030272006988525 1.0030272006988525 0
1.0050806999206543 1.0050806999206543 1.0050806999206543 1.0050806999206543 0
1.0052595138549805 1.0052595138549805 1.0052595138549805 1.0052595138549805 0
1.0049058198928833 1.0049058198928833 1.0049058198928833 1.0049058198928833 0
1.0048725605010986 1.0048725605010986 1.0048725605010986 1.0048725605010986 0
1.0051268339157104 1.0051268339157104 1.0051268339157104 1.0051268339157104 0
1.0035883188247681 1.0035883188247681 1.0035883188247681 1.0035883188247681 0
1.0019130706787109 1.0019130706787109 1.0019130706787109 1.0019130706787109 0
0.9988836646080017 0.9988836646080017 0.9988836646080017 0.9988836646080017 0
1.0018846988677979 1.0018846988677979 1.0018846988677979 1.0018846988677979 0
1.0032433271408081 1.0032433271408081 1.0032433271408081 1.0032433271408081 0
1.0015976428985596 1.0015976428985596 1.0015976428985596 1.0015976428985596 0
1.0012575387954712 1.0012575387954712 1.0012575387954712 1.0012575387954712 0
1.0020511150360107 1.0020511150360107 1.0020511150360107 1.0020511150360107 0
0.9995586872100830 0.9995586872100830 0.9995586872100830 0.9995586872100830 0
0.9970481395721436 0.9970481395721436 0.9970481395721436 0.9970481395721436 0
0.9981592893600464 0.9981592893600464 0.9981592893600464 0.9981592893600464 0
0.9992116093635559 0.9992116093635559 0.9992116093635559 0.9992116093635559 0
1.0003076791763306 1.0003076791763306 1.0003076791763306 1.0003076791763306 0
0.9990717768669128 0.9990717768669128 0.9990717768669128 0.9990717768669128 0
0.9990959763526917 0.9990959763526917 0.9990959763526917 0.9990959763526917 0
0.9994943141937256 0.9994943141937256 0.9994943141937256 0.9994943141937256 0
0.9984088540077209 0.9984088540077209 0.9984088540077209 0.9984088540077209 0
0.9978636503219604 0.9978636503219604 0.9978636503219604 0.9978636503219604 0
0.0991939529776573 0.0991939529776573 0.0991939529776573 0.0991939529776573 0.0991939529776573 0.0991939529776573
0.0994212180376053 0.0994212180376053 0.0994212180376053 0.0994212180376053 0.0994212180376053 0.0994212180376053
0.0995718389749527 0.0995718389749527 0.0995718389749527 0.0995718389749527 0.0995718389749527 0.0995718389749527
0.0994948595762253 0.0994948595762253 0.0994948595762253 0.0994948595762253 0.0994948595762253 0.0994948595762253
0.0991325378417969 0.0991325378417969 0.0991325378417969 0.0991325378417969 0.0991325378417969 0.0991325378417969
0.0997907072305679 0.0997907072305679 0.0997907072305679 0.0997907072305679 0.0997907072305679 0.0997907072305679
0.0995755642652512 0.0995755642652512 0.0995755642652512 0.0995755642652512 0.0995755642652512 0.0995755642652512
0.0992612019181252 0.0992612019181252 0.0992612019181252 0.0992612019181252 0.0992612019181252 0.0992612019181252
0.0999294444918633 0.0999294444918633 0.0999294444918633 0.0999294444918633 0.0999294444918633 0.0999294444918633
0.0996404811739922 0.0996404811739922 0.0996404811739922 0.0996404811739922 0.0996404811739922 0.0996404811739922
0.0992960706353188 0.0992960706353188 0.0992960706353188 0.0992960706353188 0.0992960706353188 0.0992960706353188
0.0997398346662521 0.0997398346662521 0.0997398346662521 0.0997398346662521 0.0997398346662521 0.0997398346662521
0.0995617434382439 0.0995617434382439 0.0995617434382439 0.0995617434382439 0.0995617434382439 0.0995617434382439
0.0992718189954758 0.0992718189954758 0.0992718189954758 0.0992718189954758 0.0992718189954758 0.0992718189954758
0.0998011752963066 0.0998011752963066 0.0998011752963066 0.0998011752963066 0.0998011752963066 0.0998011752963066
0.0995758473873138 0.0995758473873138 0.0995758473873138 0.0995758473873138 0.0995758473873138 0.0995758473873138
0.0992023721337318 0.0992023721337318 0.0992023721337318 0.0992023721337318 0.0992023721337318 0.0992023721337318
0.0997610166668892 0.0997610166668892 0.0997610166668892 0.0997610166668892 0.0997610166668892 0.0997610166668892
0.0995725169777870 0.0995725169777870 0.0995725169777870 0.0995725169777870 0.0995725169777870 0.0995725169777870
0.0993983373045921 0.0993983373045921 0.0993983373045921 0.0993983373045921 0.0993983373045921 0.0993983373045921
0.0995801687240601 0.0995801687240601 0.0995801687240601 0.0995801687240601 0.0995801687240601 0.0995801687240601
0.0994996801018715 0.0994996801018715 0.0994996801018715 0.0994996801018715 0.0994996801018715 0.0994996801018715
0.0994831845164299 0.0994831845164299 0.0994831845164299 0.0994831845164299 0.0994831845164299 0.0994831845164299
0.0996286422014236 0.0996286422014236 0.0996286422014236 0.0996286422014236 0.0996286422014236 0.0996286422014236
0.0995201095938683 0.0995201095938683 0.0995201095938683 0.0995201095938683 0.0995201095938683 0.0995201095938683
0.0996908470988274 0.0996908470988274 0.0996908470988274 0.0996908470988274 0.0996908470988274 0.0996908470988274
0.1007117852568626 0.1007117852568626 0.1007117852568626 0.1007117852568626 0.1007117852568626 0.1007117852568626
0.0997693315148354 0.0997693315148354 0.0997693315148354 0.0997693315148354 0.0997693315148354 0.0997693315148354
0.1014700308442116 0.1014700308442116 0.1014700308442116 0.1014700308442116 0.1014700308442116 0.1014700308442116
0.0999124944210052 0.0999124944210052 0.0999124944210052 0.0999124944210052 0.0999124944210052 0.0999124944210052
0.1017491891980171 0.1017491891980171 0.1017491891980171 0.1017491891980171 0.1017491891980171 0.1017491891980171
0.0997619181871414 0.0997619181871414 0.0997619181871414 0.0997619181871414 0.0997619181871414 0.0997619181871414
0.1014083847403526 0.1014083847403526 0.1014083847403526 0.1014083847403526 0.1014083847403526 0.1014083847403526
0.0996768325567245 0.0996768325567245 0.0996768325567245 0.0996768325567245 0.0996768325567245 0.0996768325567245
0.1013567969202995 0.1013567969202995 0.1013567969202995 0.1013567969202995 0.1013567969202995 0.1013567969202995
0.0996520966291428 0.0996520966291428 0.0996520966291428 0.0996520966291428 0.0996520966291428 0.0996520966291428
0.1013601645827293 0.1013601645827293 0.1013601645827293 0.1013601645827293 0.1013601645827293 0.1013601645827293
0.0996520370244980 0.0996520370244980 0.0996520370244980 0.0996520370244980 0.0996520370244980 0.0996520370244980
0.1007881984114647 0.1007881984114647 0.1007881984114647 0.1007881984114647 0.1007881984114647 0.1007881984114647
0.1005331724882126 0.1005331724882126 0.1005331724882126 0.1005331724882126 0.1005331724882126 0.1005331724882126
0.1007816940546036 0.1007816940546036 0.1007816940546036 0.1007816940546036 0.1007816940546036 0.1007816940546036
0.1005928590893745 0.1005928590893745 0.1005928590893745 0.1005928590893745 0.1005928590893745 0.1005928590893745
0.1005058735609055 0.1005058735609055 0.1005058735609055 0.1005058735609055 0.1005058735609055 0.1005058735609055
0.1011319160461426 0.1011319160461426 0.1011319160461426 0.1011319160461426 0.1011319160461426 0.1011319160461426
0.1011834815144539 0.1011834815144539 0.1011834815144539 0.1011834815144539 0.1011834815144539 0.1011834815144539
0.1012959033250809 0.1012959033250809 0.1012959033250809 0.1012959033250809 0.1012959033250809 0.1012959033250809
0.1014468967914581 0.1014468967914581 0.1014468967914581 0.1014468967914581 0.1014468967914581 0.1014468967914581
0.1011267900466919 0.1011267900466919 0.1011267900466919 0.1011267900466919 0.1011267900466919 0.1011267900466919
0.1011273711919785 0.1011273711919785 0.1011273711919785 0.1011273711919785 0.1011273711919785 0.1011273711919785
0.1009799763560295 0.1009799763560295 0.1009799763560295 0.1009799763560295 0.1009799763560295 0.1009799763560295
0.1010974273085594 0.1010974273085594 0.1010974273085594 0.1010974273085594 0.1010974273085594 0.1010974273085594
0.1009290516376495 0.1009290516376495 0.1009290516376495 0.1009290516376495 0.1009290516376495 0.1009290516376495
0.1010689511895180 0.1010689511895180 0.1010689511895180 0.1010689511895180 0.1010689511895180 0.1010689511895180
0.1005594730377197 0.1005594730377197 0.1005594730377197 0.1005594730377197 0.1005594730377197 0.1005594730377197
0.1005977168679237 0.1005977168679237 0.1005977168679237 0.1005977168679237 0.1005977168679237 0.1005977168679237
0.1001565307378769 0.1001565307378769 0.1001565307378769 0.1001565307378769 0.1001565307378769 0.1001565307378769
0.1003774479031563 0.1003774479031563 0.1003774479031563 0.1003774479031563 0.1003774479031563 0.1003774479031563
0.1001981943845749 0.1001981943845749 0.1001981943845749 0.1001981943845749 0.1001981943845749 0.1001981943845749
0.0999396890401840 0.0999396890401840 0.0999396890401840 0.0999396890401840 0.0999396890401840 0.0999396890401840
0.1006901711225510 0.1006901711225510 0.1006901711225510 0.1006901711225510 0.1006901711225510 0.1006901711225510
0.1003752276301384 0.1003752276301384 0.1003752276301384 0.1003752276301384 0.1003752276301384 0.1003752276301384
0.1008421108126640 0.1008421108126640 0.1008421108126640 0.1008421108126640 0.1008421108126640 0.1008421108126640
0.1005919724702835 0.1005919724702835 0.1005919724702835 0.1005919724702835 0.1005919724702835 0.1005919724702835
0.1006774306297302 0.1006774306297302 0.1006774306297302 0.1006774306297302 0.1006774306297302 0.1006774306297302
0.1002909988164902 0.1002909988164902 0.1002909988164902 0.1002909988164902 0.1002909988164902 0.1002909988164902
0.1005593538284302 0.1005593538284302 0.1005593538284302 0.1005593538284302 0.1005593538284302 0.1005593538284302
0.1002734526991844 0.1002734526991844 0.1002734526991844 0.1002734526991844 0.1002734526991844 0.1002734526991844
0.1005382463335991 0.1005382463335991 0.1005382463335991 0.1005382463335991 0.1005382463335991 0.1005382463335991
0.1003030613064766 0.1003030613064766 0.1003030613064766 0.1003030613064766 0.1003030613064766 0.1003030613064766
0.1001582518219948 0.1001582518219948 0.1001582518219948 0.1001582518219948 0.1001582518219948 0.1001582518219948
0.1000250428915024 0.1000250428915024 0.1000250428915024 0.1000250428915024 0.1000250428915024 0.1000250428915024
0.0997111052274704 0.0997111052274704 0.0997111052274704 0.0997111052274704 0.0997111052274704 0.0997111052274704
0.0996970087289810 0.0996970087289810 0.0996970087289810 0.0996970087289810 0.0996970087289810 0.0996970087289810
0.0997612401843071 0.0997612401843071 0.0997612401843071 0.0997612401843071 0.0997612401843071 0.0997612401843071
0.1004484593868256 0.1004484593868256 0.1004484593868256 0.1004484593868256 0.1004484593868256 0.1004484593868256
0.0998137295246124 0.0998137295246124 0.0998137295246124 0.0998137295246124 0.0998137295246124 0.0998137295246124
0.1010775193572044 0.1010775193572044 0.1010775193572044 0.1010775193572044 0.1010775193572044 0.1010775193572044
0.0999505817890167 0.0999505817890167 0.0999505817890167 0.0999505817890167 0.0999505817890167 0.0999505817890167
0.1013065725564957 0.1013065725564957 0.1013065725564957 0.1013065725564957 0.1013065725564957 0.1013065725564957
0.0997976958751678 0.0997976958751678 0.0997976958751678 0.0997976958751678 0.0997976958751678 0.0997976958751678
0.1009873598814011 0.1009873598814011 0.1009873598814011 0.1009873598814011 0.1009873598814011 0.1009873598814011
0.0997238457202911 0.0997238457202911 0.0997238457202911 0.0997238457202911 0.0997238457202911 0.0997238457202911
0.1009772270917892 0.1009772270917892 0.1009772270917892 0.1009772270917892 0.1009772270917892 0.1009772270917892
0.0998699143528938 0.0998699143528938 0.0998699143528938 0.0998699143528938 0.0998699143528938 0.0998699143528938
0.1010001152753830 0.1010001152753830 0.1010001152753830 0.1010001152753830 0.1010001152753830 0.1010001152753830
0.0997406467795372 0.0997406467795372 0.0997406467795372 0.0997406467795372 0.0997406467795372 0.0997406467795372
0.1005368828773499 0.1005368828773499 0.1005368828773499 0.1005368828773499 0.1005368828773499 0.1005368828773499
0.1001053676009178 0.1001053676009178 0.1001053676009178 0.1001053676009178 0.1001053676009178 0.1001053676009178
0.1003550067543983 0.1003550067543983 0.1003550067543983 0.1003550067543983 0.1003550067543983 0.1003550067543983
0.1003048568964005 0.1003048568964005 0.1003048568964005 0.1003048568964005 0.1003048568964005 0.1003048568964005
0.0999948382377625 0.0999948382377625 0.0999948382377625 0.0999948382377625 0.0999948382377625 0.0999948382377625
0.1007435098290443 0.1007435098290443 0.1007435098290443 0.1007435098290443 0.1007435098290443 0.1007435098290443
0.1006160527467728 0.1006160527467728 0.1006160527467728 0.1006160527467728 0.1006160527467728 0.1006160527467728
0.1008686646819115 0.1008686646819115 0.1008686646819115 0.1008686646819115 0.1008686646819115 0.1008686646819115
0.1007860302925110 0.1007860302925110 0.1007860302925110 0.1007860302925110 0.1007860302925110 0.1007860302925110
0.1007149666547775 0.1007149666547775 0.1007149666547775 0.1007149666547775 0.1007149666547775 0.1007149666547775
0.1004960462450981 0.1004960462450981 0.1004960462450981 0.1004960462450981 0.1004960462450981 0.1004960462450981
0.1006378680467606 0.1006378680467606 0.1006378680467606 0.1006378680467606 0.1006378680467606 0.1006378680467606
0.1005016788840294 0.1005016788840294 0.1005016788840294 0.1005016788840294 0.1005016788840294 0.1005016788840294
0.1005347892642021 0.1005347892642021 0.1005347892642021 0.1005347892642021 0.1005347892642021 0.1005347892642021
0.1005451455712318 0.1005451455712318 0.1005451455712318 0.1005451455712318 0.1005451455712318 0.1005451455712318
0.1002908572554588 0.1002908572554588 0.1002908572554588 0.1002908572554588 0.1002908572554588 0.1002908572554588
0.1000896617770195 0.1000896617770195 0.1000896617770195 0.1000896617770195 0.1000896617770195 0.1000896617770195
0.0998480245471001 0.0998480245471001 0.0998480245471001 0.0998480245471001 0.0998480245471001 0.0998480245471001
0.1000422462821007 0.1000422462821007 0.1000422462821007 0.1000422462821007 0.1000422462821007 0.1000422462821007
0.0999012440443039 0.0999012440443039 0.0999012440443039 0.0999012440443039 0.0999012440443039 0.0999012440443039
0.0998755693435669 0.0998755693435669 0.0998755693435669 0.0998755693435669 0.0998755693435669 0.0998755693435669
0.1003208383917809 0.1003208383917809 0.1003208383917809 0.1003208383917809 0.1003208383917809 0.1003208383917809
0.1001586392521858 0.1001586392521858 0.1001586392521858 0.1001586392521858 0.1001586392521858 0.1001586392521858
0.1004227250814438 0.1004227250814438 0.1004227250814438 0.1004227250814438 0.1004227250814438 0.1004227250814438
0.1002839356660843 0.1002839356660843 0.1002839356660843 0.1002839356660843 0.1002839356660843 0.1002839356660843
0.1002770885825157 0.1002770885825157 0.1002770885825157 0.1002770885825157 0.1002770885825157 0.1002770885825157
0.1000649705529213 0.1000649705529213 0.1000649705529213 0.1000649705529213 0.1000649705529213 0.1000649705529213
0.1002107113599777 0.1002107113599777 0.1002107113599777 0.1002107113599777 0.1002107113599777 0.1002107113599777
0.1000908687710762 0.1000908687710762 0.1000908687710762 0.1000908687710762 0.1000908687710762 0.1000908687710762
0.1001926735043526 0.1001926735043526 0.1001926735043526 0.1001926735043526 0.1001926735043526 0.1001926735043526
0.1001196727156639 0.1001196727156639 0.1001196727156639 0.1001196727156639 0.1001196727156639 0.1001196727156639
0.0998805612325668 0.0998805612325668 0.0998805612325668 0.0998805612325668 0.0998805612325668 0.0998805612325668
0.0999070182442665 0.0999070182442665 0.0999070182442665 0.0999070182442665 0.0999070182442665 0.0999070182442665
0.0997470170259476 0.0997470170259476 0.0997470170259476 0.0997470170259476 0.0997470170259476 0.0997470170259476
0.0997349843382835 0.0997349843382835 0.0997349843382835 0.0997349843382835 0.0997349843382835 0.0997349843382835
0.0997558385133743 0.0997558385133743 0.0997558385133743 0.0997558385133743 0.0997558385133743 0.0997558385133743
0.0998170450329781 0.0998170450329781 0.0998170450329781 0.0998170450329781 0.0998170450329781 0.0998170450329781
0.0999088138341904 0.0999088138341904 0.0999088138341904 0.0999088138341904 0.0999088138341904 0.0999088138341904
0.0998108237981796 0.0998108237981796 0.0998108237981796 0.0998108237981796 0.0998108237981796 0.0998108237981796
0.0998227819800377 0.0998227819800377 0.0998227819800377 0.0998227819800377 0.0998227819800377 0.0998227819800377
0.0998198240995407 0.0998198240995407 0.0998198240995407 0.0998198240995407 0.0998198240995407 0.0998198240995407
0.0997135341167450 0.0997135341167450 0.0997135341167450 0.0997135341167450 0.0997135341167450 0.0997135341167450
1.0000000000000000 1.0000000000000000 1.0000000000000000 1.0000000000000000 0
1.0000000000000000 1.0000000000000000 1.0000000000000000 1.0000000000000000 0
1.0000000000000000 1.0000000000000000 1.0000000000000000 1.0000000000000000 0
1.0000000000000000 1.0000000000000000 1.0000000000000000 1.0000000000000000 0
1.0000000000000000 1.0000000000000000 1.0000000000000000 1.0000000000000000 0
1.0000000000000000 1.0000000000000000 1.0000000000000000 1.0000000000000000 0
1.0000000000000000 1.0000000000000000 1.0000000000000000 1.0000000000000000 0
1.0000000000000000 1.0000000000000000 1.0000000000000000 1.0000000000000000 0
1.0000000000000000 1.0000000000000000 1.0000000000000000 1.0000000000000000 0
1.0000000000000000 1.0000000000000000 1.0000000000000000 1.0000000000000000 0
1.0000000000000000 1.0000000000000000 1.0000000000000000 1.0000000000000000 0
1.0000000000000000 1.0000000000000000 1.0000000000000000 1.0000000000000000 0
1.0000000000000000 1.0000000000000000 1.0000000000000000 1.0000000000000000 0
1.0000000000000000 1.0000000000000000 1.0000000000000000 1.0000000000000000 0
1.0000000000000000 1.0000000000000000 1.0000000000000000 1.0000000000000000 0
1.0000000000000000 1.0000000000000000 1.0000000000000000 1.0000000000000000 0
1.0000000000000000 1.0000000000000000 1.0000000000000000 1.0000000000000000 0
1.0000000000000000 1.0000000000000000 1.0000000000000000 1.0000000000000000 0
1.0000000000000000 1.0000000000000000 1.0000000000000000 1.0000000000000000 0
1.0000000000000000 1.0000000000000000 1.0000000000000000 1.0000000000000000 0
1.0000000000000000 1.0000000000000000 1.0000000000000000 1.0000000000000000 0
1.0000000000000000 1.0000000000000000 1.0000000000000000 1.0000000000000000 0
1.0000000000000000 1.0000000000000000 1.0000000000000000 1.0000000000000000 0
1.0000000000000000 1.0000000000000000 1.0000000000000000 1.0000000000000000 0
1.0000000000000000 1.0000000000000000 1.0000000000000000 1.0000000000000000 0
1.0000000000000000 1.0000000000000000 1.0000000000000000 1.0000000000000000 0
1.0000000000000000 1.0000000000000000 1.0000000000000000 1.0000000000000000 0
1.0000000000000000 1.0000000000000000 1.0000000000000000 1.0000000000000000 0
1.0000000000000000 1.0000000000000000 1.0000000000000000 1.0000000000000000 0
1.0000000000000000 1.0000000000000000 1.0000000000000000 1.0000000000000000 0
1.0000000000000000 1.0000000000000000 1.0000000000000000 1.0000000000000000 0
1.0000000000000000 1.0000000000000000 1.0000000000000000 1.0000000000000000 0
1.0000000000000000 1.0000000000000000 1.0000000000000000 1.0000000000000000 0
1.0000000000000000 1.0000000000000000 1.0000000000000000 1.0000000000000000 0
1.0000000000000000 1.0000000000000000 1.0000000000000000 1.0000000000000000 0
1.0000000000000000 1.0000000000000000 1.0000000000000000 1.0000000000000000 0
1.0000000000000000 1.0000000000000000 1.0000000000000000 1.0000000000000000 0
1.0000000000000000 1.0000000000000000 1.0000000000000000 1.0000000000000000 0
1.0000000000000000 1.0000000000000000 1.0000000000000000 1.0000000000000000 0
1.0000000000000000 1.0000000000000000 1.0000000000000000 1.0000000000000000 0
1.0000000000000000 1.0000000000000000 1.0000000000000000 1.0000000000000000 0
1.0000000000000000 1.0000000000000000 1.0000000000000000 1.0000000000000000 0
1.0000000000000000 1.0000000000000000 1.0000000000000000 1.0000000000000000 0
1.0000000000000000 1.0000000000000000 1.0000000000000000 1.0000000000000000 0
1.0000000000000000 1.0000000000000000 1.0000000000000000 1.0000000000000000 0
1.0000000000000000 1.0000000000000000 1.0000000000000000 1.0000000000000000 0
1.0000000000000000 1.0000000000000000 1.0000000000000000 1.0000000000000000 0
1.0000000000000000 1.0000000000000000 1.0000000000000000 1.0000000000000000 0
1.0000000000000000 1.0000000000000000 1.0000000000000000 1.0000000000000000 0
1.0000000000000000 1.0000000000000000 1.0000000000000000 1.0000000000000000 0
1.0000000000000000 1.0000000000000000 1.0000000000000000 1.0000000000000000 0
1.0000000000000000 1.0000000000000000 1.0000000000000000 1.0000000000000000 0
1.0000000000000000 1.0000000000000000 1.0000000000000000 1.0000000000000000 0
1.0000000000000000 1.0000000000000000 1.0000000000000000 1.0000000000000000 0
1.0000000000000000 1.0000000000000000 1.0000000000000000 1.0000000000000000 0
1.0000000000000000 1.0000000000000000 1.0000000000000000 1.0000000000000000 0
1.0000000000000000 1.0000000000000000 1.0000000000000000 1.0000000000000000 0
1.0000000000000000 1.0000000000000000 1.0000000000000000 1.0000000000000000 0
1.0000000000000000 1.0000000000000000 1.0000000000000000 1.0000000000000000 0
1.0000000000000000 1.0000000000000000 1.0000000000000000 1.0000000000000000 0
1.0000000000000000 1.0000000000000000 1.0000000000000000 1.0000000000000000 0
1.0000000000000000 1.0000000000000000 1.0000000000000000 1.0000000000000000 0
1.0000000000000000 1.0000000000000000 1.0000000000000000 1.0000000000000000 0
1.0000000000000000 1.0000000000000000 1.0000000000000000 1.0000000000000000 0
0.1000000014901161 0.1000000014901161 0.1000000014901161 0.1000000014901161 0.1000000014901161 0.1000000014901161
0.1000000014901161 0.1000000014901161 0.1000000014901161 0.1000000014901161 0.1000000014901161 0.1000000014901161
0.1000000014901161 0.1000000014901161 0.1000000014901161 0.1000000014901161 0.1000000014901161 0.1000000014901161
0.1000000014901161 0.1000000014901161 0.1000000014901161 0.1000000014901161 0.1000000014901161 0.1000000014901161
0.1000000014901161 0.1000000014901161 0.1000000014901161 0.1000000014901161 0.1000000014901161 0.1000000014901161
0.1000000014901161 0.1000000014901161 0.1000000014901161 0.1000000014901161 0.1000000014901161 0.1000000014901161
0.1000000014901161 0.1000000014901161 0.1000000014901161 0.1000000014901161 0.1000000014901161 0.1000000014901161
0.1000000014901161 0.1000000014901161 0.1000000014901161 0.1000000014901161 0.1000000014901161 0.1000000014901161
0.1000000014901161 0.1000000014901161 0.1000000014901161 0.1000000014901161 0.1000000014901161 0.1000000014901161
0.1000000014901161 0.1000000014901161 0.1000000014901161 0.1000000014901161 0.1000000014901161 0.1000000014901161
0.1000000014901161 0.1000000014901161 0.1000000014901161 0.1000000014901161 0.1000000014901161 0.1000000014901161
0.1000000014901161 0.1000000014901161 0.1000000014901161 0.1000000014901161 0.1000000014901161 0.1000000014901161
0.1000000014901161 0.1000000014901161 0.1000000014901161 0.1000000014901161 0.1000000014901161 0.1000000014901161
0.1000000014901161 0.1000000014901161 0.1000000014901161 0.1000000014901161 0.1000000014901161 0.1000000014901161
0.1000000014901161 0.1000000014901161 0.1000000014901161 0.1000000014901161 0.1000000014901161 0.1000000014901161
0.1000000014901161 0.1000000014901161 0.1000000014901161 0.1000000014901161 0.1000000014901161 0.1000000014901161
0.1000000014901161 0.1000000014901161 0.1000000014901161 0.1000000014901161 0.1000000014901161 0.1000000014901161
0.1000000014901161 0.1000000014901161 0.1000000014901161 0.1000000014901161 0.1000000014901161 0.1000000014901161
0.1000000014901161 0.1000000014901161 0.1000000014901161 0.1000000014901161 0.1000000014901161 0.1000000014901161
0.1000000014901161 0.1000000014901161 0.1000000014901161 0.1000000014901161 0.1000000014901161 0.1000000014901161
0.1000000014901161 0.1000000014901161 0.1000000014901161 0.1000000014901161 0.1000000014901161 0.1000000014901161
0.1000000014901161 0.1000000014901161 0.1000000014901161 0.1000000014901161 0.1000000014901161 0.1000000014901161
0.1000000014901161 0.1000000014901161 0.1000000014901161 0.1000000014901161 0.1000000014901161 0.1000000014901161
0.1000000014901161 0.1000000014901161 0.1000000014901161 0.1000000014901161 0.1000000014901161 0.1000000014901161
0.1000000014901161 0.1000000014901161 0.1000000014901161 0.1000000014901161 0.1000000014901161 0.1000000014901161
0.1000000014901161 0.1000000014901161 0.1000000014901161 0.1000000014901161 0.1000000014901161 0.1000000014901161
0.1000000014901161 0.1000000014901161 0.1000000014901161 0.1000000014901161 0.1000000014901161 0.1000000014901161
0.1000000014901161 0.1000000014901161 0.1000000014901161 0.1000000014901161 0.1000000014901161 0.1000000014901161
0.1000000014901161 0.1000000014901161 0.1000000014901161 0.1000000014901161 0.1000000014901161 0.1000000014901161
0.1000000014901161 0.1000000014901161 0.1000000014901161 0.1000000014901161 0.1000000014901161 0.1000000014901161
0.1000000014901161 0.1000000014901161 0.1000000014901161 0.1000000014901161 0.1000000014901161 0.1000000014901161
0.1000000014901161 0.1000000014901161 0.1000000014901161 0.1000000014901161 0.1000000014901161 0.1000000014901161
0.1000000014901161 0.1000000014901161 0.1000000014901161 0.1000000014901161 0.1000000014901161 0.1000000014901161
0.1000000014901161 0.1000000014901161 0.1000000014901161 0.1000000014901161 0.1000000014901161 0.1000000014901161
0.1000000014901161 0.1000000014901161 0.1000000014901161 0.1000000014901161 0.1000000014901161 0.1000000014901161
0.1000000014901161 0.1000000014901161 0.1000000014901161 0.1000000014901161 0.1000000014901161 0.1000000014901161
0.1000000014901161 0.1000000014901161 0.1000000014901161 0.1000000014901161 0.1000000014901161 0.1000000014901161
0.1000000014901161 0.1000000014901161 0.1000000014901161 0.1000000014901161 0.1000000014901161 0.1000000014901161
0.1000000014901161 0.1000000014901161 0.1000000014901161 0.1000000014901161 0.1000000014901161 0.1000000014901161
0.1000000014901161 0.1000000014901161 0.1000000014901161 0.1000000014901161 0.1000000014901161 0.1000000014901161
0.1000000014901161 0.1000000014901161 0.1000000014901161 0.1000000014901161 0.1000000014901161 0.1000000014901161
0.1000000014901161 0.1000000014901161 0.1000000014901161 0.1000000014901161 0.1000000014901161 0.1000000014901161
0.1000000014901161 0.1000000014901161 0.1000000014901161 0.1000000014901161 0.1000000014901161 0.1000000014901161
0.1000000014901161 0.1000000014901161 0.1000000014901161 0.1000000014901161 0.1000000014901161 0.1000000014901161
0.1000000014901161 0.1000000014901161 0.1000000014901161 0.1000000014901161 0.1000000014901161 0.1000000014901161
0.1000000014901161 0.1000000014901161 0.1000000014901161 0.1000000014901161 0.1000000014901161 0.1000000014901161
0.1000000014901161 0.1000000014901161 0.1000000014901161 0.1000000014901161 0.1000000014901161 0.1000000014901161
0.1000000014901161 0.1000000014901161 0.1000000014901161 0.1000000014901161 0.1000000014901161 0.1000000014901161
0.1000000014901161 0.1000000014901161 0.1000000014901161 0.1000000014901161 0.1000000014901161 0.1000000014901161
0.1000000014901161 0.1000000014901161 0.1000000014901161 0.1000000014901161 0.1000000014901161 0.1000000014901161
0.1000000014901161 0.1000000014901161 0.1000000014901161 0.1000000014901161 0.1000000014901161 0.1000000014901161
0.1000000014901161 0.1000000014901161 0.1000000014901161 0.1000000014901161 0.1000000014901161 0.1000000014901161
0.1000000014901161 0.1000000014901161 0.1000000014901161 0.1000000014901161 0.1000000014901161 0.1000000014901161
0.1000000014901161 0.1000000014901161 0.1000000014901161 0.1000000014901161 0.1000000014901161 0.1000000014901161
0.1000000014901161 0.1000000014901161 0.1000000014901161 0.1000000014901161 0.1000000014901161 0.1000000014901161
0.1000000014901161 0.1000000014901161 0.1000000014901161 0.1000000014901161 0.1000000014901161 0.1000000014901161
0.1000000014901161 0.1000000014901161 0.1000000014901161 0.1000000014901161 0.1000000014901161 0.1000000014901161
0.1000000014901161 0.1000000014901161 0.1000000014901161 0.1000000014901161 0.1000000014901161 0.1000000014901161
0.1000000014901161 0.1000000014901161 0.1000000014901161 0.1000000014901161 0.1000000014901161 0.1000000014901161
0.1000000014901161 0.1000000014901161 0.1000000014901161 0.1000000014901161 0.1000000014901161 0.1000000014901161
0.1000000014901161 0.1000000014901161 0.1000000014901161 0.1000000014901161 0.1000000014901161 0.1000000014901161
0.1000000014901161 0.1000000014901161 0.1000000014901161 0.1000000014901161 0.1000000014901161 0.1000000014901161
0.1000000014901161 0.1000000014901161 0.1000000014901161 0.1000000014901161 0.1000000014901161 0.1000000014901161
0.1000000014901161 0.1000000014901161 0.1000000014901161 0.1000000014901161 0.1000000014901161 0.1000000014901161
0.1000000014901161 0.1000000014901161 0.1000000014901161 0.1000000014901161 0.1000000014901161 0.1000000014901161
0.1000000014901161 0.1000000014901161 0.1000000014901161 0.1000000014901161 0.1000000014901161 0.1000000014901161
0.1000000014901161 0.1000000014901161 0.1000000014901161 0.1000000014901161 0.1000000014901161 0.1000000014901161
0.1000000014901161 0.1000000014901161 0.1000000014901161 0.1000000014901161 0.1000000014901161 0.1000000014901161
0.1000000014901161 0.1000000014901161 0.1000000014901161 0.1000000014901161 0.1000000014901161 0.1000000014901161
0.1000000014901161 0.1000000014901161 0.1000000014901161 0.1000000014901161 0.1000000014901161 0.1000000014901161
0.1000000014901161 0.1000000014901161 0.1000000014901161 0.1000000014901161 0.1000000014901161 0.1000000014901161
0.1000000014901161 0.1000000014901161 0.1000000014901161 0.1000000014901161 0.1000000014901161 0.1000000014901161
0.1000000014901161 0.1000000014901161 0.1000000014901161 0.1000000014901161 0.1000000014901161 0.1000000014901161
0.1000000014901161 0.1000000014901161 0.1000000014901161 0.1000000014901161 0.1000000014901161 0.1000000014901161
0.1000000014901161 0.1000000014901161 0.1000000014901161 0.1000000014901161 0.1000000014901161 0.1000000014901161
0.1000000014901161 0.1000000014901161 0.1000000014901161 0.1000000014901161 0.1000000014901161 0.1000000014901161
0.1000000014901161 0.1000000014901161 0.1000000014901161 0.1000000014901161 0.1000000014901161 0.1000000014901161
0.1000000014901161 0.1000000014901161 0.1000000014901161 0.1000000014901161 0.1000000014901161 0.1000000014901161
0.1000000014901161 0.1000000014901161 0.1000000014901161 0.1000000014901161 0.1000000014901161 0.1000000014901161
0.1000000014901161 0.1000000014901161 0.1000000014901161 0.1000000014901161 0.1000000014901161 0.1000000014901161
0.1000000014901161 0.1000000014901161 0.1000000014901161 0.1000000014901161 0.1000000014901161 0.1000000014901161
0.1000000014901161 0.1000000014901161 0.1000000014901161 0.1000000014901161 0.1000000014901161 0.1000000014901161
0.1000000014901161 0.1000000014901161 0.1000000014901161 0.1000000014901161 0.1000000014901161 0.1000000014901161
0.1000000014901161 0.1000000014901161 0.1000000014901161 0.1000000014901161 0.1000000014901161 0.1000000014901161
0.1000000014901161 0.1000000014901161 0.1000000014901161 0.1000000014901161 0.1000000014901161 0.1000000014901161
0.1000000014901161 0.1000000014901161 0.1000000014901161 0.1000000014901161 0.1000000014901161 0.1000000014901161
0.1000000014901161 0.1000000014901161 0.1000000014901161 0.1000000014901161 0.1000000014901161 0.1000000014901161
0.1000000014901161 0.1000000014901161 0.1000000014901161 0.1000000014901161 0.1000000014901161 0.1000000014901161
0.1000000014901161 0.1000000014901161 0.1000000014901161 0.1000000014901161 0.1000000014901161 0.1000000014901161
0.1000000014901161 0.1000000014901161 0.1000000014901161 0.1000000014901161 0.1000000014901161 0.1000000014901161
0.1000000014901161 0.1000000014901161 0.1000000014901161 0.1000000014901161 0.1000000014901161 0.1000000014901161
0.1000000014901161 0.1000000014901161 0.1000000014901161 0.1000000014901161 0.1000000014901161 0.1000000014901161
0.1000000014901161 0.1000000014901161 0.1000000014901161 0.1000000014901161 0.1000000014901161 0.1000000014901161
0.1000000014901161 0.1000000014901161 0.1000000014901161 0.1000000014901161 0.1000000014901161 0.1000000014901161
0.1000000014901161 0.1000000014901161 0.1000000014901161 0.1000000014901161 0.1000000014901161 0.1000000014901161
0.1000000014901161 0.1000000014901161 0.1000000014901161 0.1000000014901161 0.1000000014901161 0.1000000014901161
0.1000000014901161 0.1000000014901161 0.1000000014901161 0.1000000014901161 0.1000000014901161 0.1000000014901161
0.1000000014901161 0.1000000014901161 0.1000000014901161 0.1000000014901161 0.1000000014901161 0.1000000014901161
0.1000000014901161 0.1000000014901161 0.1000000014901161 0.1000000014901161 0.1000000014901161 0.1000000014901161
0.1000000014901161 0.1000000014901161 0.1000000014901161 0.1000000014901161 0.1000000014901161 0.1000000014901161
0.1000000014901161 0.1000000014901161 0.1000000014901161 0.1000000014901161 0.1000000014901161 0.1000000014901161
0.1000000014901161 0.1000000014901161 0.1000000014901161 0.1000000014901161 0.1000000014901161 0.1000000014901161
0.1000000014901161 0.1000000014901161 0.1000000014901161 0.1000000014901161 0.1000000014901161 0.1000000014901161
0.1000000014901161 0.1000000014901161 0.1000000014901161 0.1000000014901161 0.1000000014901161 0.1000000014901161
0.1000000014901161 0.1000000014901161 0.1000000014901161 0.1000000014901161 0.1000000014901161 0.1000000014901161
0.1000000014901161 0.1000000014901161 0.1000000014901161 0.1000000014901161 0.1000000014901161 0.1000000014901161
0.1000000014901161 0.1000000014901161 0.1000000014901161 0.1000000014901161 0.1000000014901161 0.1000000014901161
0.1000000014901161 0.1000000014901161 0.1000000014901161 0.1000000014901161 0.1000000014901161 0.1000000014901161
0.1000000014901161 0.1000000014901161 0.1000000014901161 0.1000000014901161 0.1000000014901161 0.1000000014901161
0.1000000014901161 0.1000000014901161 0.1000000014901161 0.1000000014901161 0.1000000014901161 0.1000000014901161
0.1000000014901161 0.1000000014901161 0.1000000014901161 0.1000000014901161 0.1000000014901161 0.1000000014901161
0.1000000014901161 0.1000000014901161 0.1000000014901161 0.1000000014901161 0.1000000014901161 0.1000000014901161
0.1000000014901161 0.1000000014901161 0.1000000014901161 0.1000000014901161 0.1000000014901161 0.1000000014901161
0.1000000014901161 0.1000000014901161 0.1000000014901161 0.1000000014901161 0.1000000014901161 0.1000000014901161
0.1000000014901161 0.1000000014901161 0.1000000014901161 0.1000000014901161 0.1000000014901161 0.1000000014901161
0.1000000014901161 0.1000000014901161 0.1000000014901161 0.1000000014901161 0.1000000014901161 0.1000000014901161
0.1000000014901161 0.1000000014901161 0.1000000014901161 0.1000000014901161 0.1000000014901161 0.1000000014901161
0.1000000014901161 0.1000000014901161 0.1000000014901161 0.1000000014901161 0.1000000014901161 0.1000000014901161
0.1000000014901161 0.1000000014901161 0.1000000014901161 0.1000000014901161 0.1000000014901161 0.1000000014901161
0.1000000014901161 0.1000000014901161 0.1000000014901161 0.1000000014901161 0.1000000014901161 0.1000000014901161
0.1000000014901161 0.1000000014901161 0.1000000014901161 0.1000000014901161 0.1000000014901161 0.1000000014901161
0.1000000014901161 0.1000000014901161 0.1000000014901161 0.1000000014901161 0.1000000014901161 0.1000000014901161
0.1000000014901161 0.1000000014901161 0.1000000014901161 0.1000000014901161 0.1000000014901161 0.1000000014901161
0.1000000014901161 0.1000000014901161 0.1000000014901161 0.1000000014901161 0.1000000014901161 0.1000000014901161
0.1000000014901161 0.1000000014901161 0.1000000014901161 0.1000000014901161 0.1000000014901161 0.1000000014901161
0.1000000014901161 0.1000000014901161 0.1000000014901161 0.1000000014901161 0.1000000014901161 0.1000000014901161
0.1000000014901161 0.1000000014901161 0.1000000014901161 0.1000000014901161 0.1000000014901161 0.1000000014901161
0.1000000014901161 0.1000000014901161 0.1000000014901161 0.1000000014901161 0.1000000014901161 0.1000000014901161
1.0000000000000000 1.0000000000000000 1.0000000000000000 1.0000000000000000 0
1.0000000000000000 1.0000000000000000 1.0000000000000000 1.0000000000000000 0
1.0000000000000000 1.0000000000000000 1.0000000000000000 1.0000000000000000 0
1.0000000000000000 1.0000000000000000 1.0000000000000000 1.0000000000000000 0
1.0000000000000000 1.0000000000000000 1.0000000000000000 1.0000000000000000 0
1.0000000000000000 1.0000000000000000 1.0000000000000000 1.0000000000000000 0
1.0000000000000000 1.0000000000000000 1.0000000000000000 1.0000000000000000 0
1.0000000000000000 1.0000000000000000 1.0000000000000000 1.0000000000000000 0
1.0000000000000000 1.0000000000000000 1.0000000000000000 1.0000000000000000 0
1.0000000000000000 1.0000000000000000 1.0000000000000000 1.0000000000000000 0
1.0000000000000000 1.0000000000000000 1.0000000000000000 1.0000000000000000 0
1.0000000000000000 1.0000000000000000 1.0000000000000000 1.0000000000000000 0
1.0000000000000000 1.0000000000000000 1.0000000000000000 1.0000000000000000 0
1.0000000000000000 1.0000000000000000 1.0000000000000000 1.0000000000000000 0
1.0000000000000000 1.0000000000000000 1.0000000000000000 1.0000000000000000 0
1.0000000000000000 1.0000000000000000 1.0000000000000000 1.0000000000000000 0
1.0000000000000000 1.0000000000000000 1.0000000000000000 1.0000000000000000 0
1.0000000000000000 1.0000000000000000 1.0000000000000000 1.0000000000000000 0
1.0000000000000000 1.0000000000000000 1.0000000000000000 1.0000000000000000 0
1.0000000000000000 1.0000000000000000 1.0000000000000000 1.0000000000000000 0
1.0000000000000000 1.0000000000000000 1.0000000000000000 1.0000000000000000 0
1.0000000000000000 1.0000000000000000 1.0000000000000000 1.0000000000000000 0
1.0000000000000000 1.0000000000000000 1.0000000000000000 1.0000000000000000 0
1.0000000000000000 1.0000000000000000 1.0000000000000000 1.0000000000000000 0
1.0000000000000000 1.0000000000000000 1.0000000000000000 1.0000000000000000 0
1.0000000000000000 1.0000000000000000 1.0000000000000000 1.0000000000000000 0
1.0000000000000000 1.0000000000000000 1.0000000000000000 1.0000000000000000 0
1.0000000000000000 1.0000000000000000 1.0000000000000000 1.0000000000000000 0
1.0000000000000000 1.0000000000000000 1.0000000000000000 1.0000000000000000 0
1.0000000000000000 1.0000000000000000 1.0000000000000000 1.0000000000000000 0
1.0000000000000000 1.0000000000000000 1.0000000000000000 1.0000000000000000 0
1.0000000000000000 1.0000000000000000 1.0000000000000000 1.0000000000000000 0
1.0000000000000000 1.0000000000000000 1.0000000000000000 1.0000000000000000 0
1.0000000000000000 1.0000000000000000 1.0000000000000000 1.0000000000000000 0
1.0000000000000000 1.0000000000000000 1.0000000000000000 1.0000000000000000 0
1.0000000000000000 1.0000000000000000 1.0000000000000000 1.0000000000000000 0
1.0000000000000000 1.0000000000000000 1.0000000000000000 1.0000000000000000 0
1.0000000000000000 1.0000000000000000 1.0000000000000000 1.0000000000000000 0
1.0000000000000000 1.0000000000000000 1.0000000000000000 1.0000000000000000 0
1.0000000000000000 1.0000000000000000 1.0000000000000000 1.0000000000000000 0
1.0000000000000000 1.0000000000000000 1.0000000000000000 1.0000000000000000 0
1.0000000000000000 1.0000000000000000 1.0000000000000000 1.0000000000000000 0
1.0000000000000000 1.0000000000000000 1.0000000000000000 1.0000000000000000 0
1.0000000000000000 1.0000000000000000 1.0000000000000000 1.0000000000000000 0
1.0000000000000000 1.0000000000000000 1.0000000000000000 1.0000000000000000 0
1.0000000000000000 1.0000000000000000 1.0000000000000000 1.0000000000000000 0
1.0000000000000000 1.0000000000000000 1.0000000000000000 1.0000000000000000 0
1.0000000000000000 1.0000000000000000 1.0000000000000000 1.0000000000000000 0
1.0000000000000000 1.0000000000000000 1.0000000000000000 1.0000000000000000 0
1.0000000000000000 1.0000000000000000 1.0000000000000000 1.0000000000000000 0
1.0000000000000000 1.0000000000000000 1.0000000000000000 1.0000000000000000 0
1.0000000000000000 1.0000000000000000 1.0000000000000000 1.0000000000000000 0
1.0000000000000000 1.0000000000000000 1.0000000000000000 1.0000000000000000 0
1.0000000000000000 1.0000000000000000 1.0000000000000000 1.0000000000000000 0
1.0000000000000000 1.0000000000000000 1.0000000000000000 1.0000000000000000 0
1.0000000000000000 1.0000000000000000 1.0000000000000000 1.0000000000000000 0
1.0000000000000000 1.0000000000000000 1.0000000000000000 1.0000000000000000 0
1.0000000000000000 1.0000000000000000 1.0000000000000000 1.0000000000000000 0
1.0000000000000000 1.0000000000000000 1.0000000000000000 1.0000000000000000 0
1.0000000000000000 1.0000000000000000 1.0000000000000000 1.0000000000000000 0
1.0000000000000000 1.0000000000000000 1.0000000000000000 1.0000000000000000 0
1.0000000000000000 1.0000000000000000 1.0000000000000000 1.0000000000000000 0
1.0000000000000000 1.0000000000000000 1.0000000000000000 1.0000000000000000 0
1.0000000000000000 1.0000000000000000 1.0000000000000000 1.0000000000000000 0
0.1000000014901161 0.1000000014901161 0.1000000014901161 0.1000000014901161 0.1000000014901161 0.1000000014901161
0.1000000014901161 0.1000000014901161 0.1000000014901161 0.1000000014901161 0.1000000014901161 0.1000000014901161
0.1000000014901161 0.1000000014901161 0.1000000014901161 0.1000000014901161 0.1000000014901161 0.1000000014901161
0.1000000014901161 0.1000000014901161 0.1000000014901161 0.1000000014901161 0.1000000014901161 0.1000000014901161
0.1000000014901161 0.1000000014901161 0.1000000014901161 0.1000000014901161 0.1000000014901161 0.1000000014901161
0.1000000014901161 0.1000000014901161 0.1000000014901161 0.1000000014901161 0.1000000014901161 0.1000000014901161
0.1000000014901161 0.1000000014901161 0.1000000014901161 0.1000000014901161 0.1000000014901161 0.1000000014901161
0.1000000014901161 0.1000000014901161 0.1000000014901161 0.1000000014901161 0.1000000014901161 0.1000000014901161
0.1000000014901161 0.1000000014901161 0.1000000014901161 0.1000000014901161 0.1000000014901161 0.1000000014901161
0.1000000014901161 0.1000000014901161 0.1000000014901161 0.1000000014901161 0.1000000014901161 0.1000000014901161
0.1000000014901161 0.1000000014901161 0.1000000014901161 0.1000000014901161 0.1000000014901161 0.1000000014901161
0.1000000014901161 0.1000000014901161 0.1000000014901161 0.1000000014901161 0.1000000014901161 0.1000000014901161
0.1000000014901161 0.1000000014901161 0.1000000014901161 0.1000000014901161 0.1000000014901161 0.1000000014901161
0.1000000014901161 0.1000000014901161 0.1000000014901161 0.1000000014901161 0.1000000014901161 0.1000000014901161
0.1000000014901161 0.1000000014901161 0.1000000014901161 0.1000000014901161 0.1000000014901161 0.1000000014901161
0.1000000014901161 0.1000000014901161 0.1000000014901161 0.1000000014901161 0.1000000014901161 0.1000000014901161
0.1000000014901161 0.1000000014901161 0.1000000014901161 0.1000000014901161 0.1000000014901161 0.1000000014901161
0.1000000014901161 0.1000000014901161 0.1000000014901161 0.1000000014901161 0.1000000014901161 0.1000000014901161
0.1000000014901161 0.1000000014901161 0.1000000014901161 0.1000000014901161 0.1000000014901161 0.1000000014901161
0.1000000014901161 0.1000000014901161 0.1000000014901161 0.1000000014901161 0.1000000014901161 0.1000000014901161
0.1000000014901161 0.1000000014901161 0.1000000014901161 0.1000000014901161 0.1000000014901161 0.1000000014901161
0.1000000014901161 0.1000000014901161 0.1000000014901161 0.1000000014901161 0.1000000014901161 0.1000000014901161
0.1000000014901161 0.1000000014901161 0.1000000014901161 0.1000000014901161 0.1000000014901161 0.1000000014901161
0.1000000014901161 0.1000000014901161 0.1000000014901161 0.1000000014901161 0.1000000014901161 0.1000000014901161
0.1000000014901161 0.1000000014901161 0.1000000014901161 0.1000000014901161 0.1000000014901161 0.1000000014901161
0.1000000014901161 0.1000000014901161 0.1000000014901161 0.1000000014901161 0.1000000014901161 0.1000000014901161
0.1000000014901161 0.1000000014901161 0.1000000014901161 0.1000000014901161 0.1000000014901161 0.1000000014901161
0.1000000014901161 0.1000000014901161 0.1000000014901161 0.1000000014901161 0.1000000014901161 0.1000000014901161
0.1000000014901161 0.1000000014901161 0.1000000014901161 0.1000000014901161 0.1000000014901161 0.1000000014901161
0.1000000014901161 0.1000000014901161 0.1000000014901161 0.1000000014901161 0.1000000014901161 0.1000000014901161
0.1000000014901161 0.1000000014901161 0.1000000014901161 0.1000000014901161 0.1000000014901161 0.1000000014901161
0.1000000014901161 0.1000000014901161 0.1000000014901161 0.1000000014901161 0.1000000014901161 0.1000000014901161
0.1000000014901161 0.1000000014901161 0.1000000014901161 0.1000000014901161 0.1000000014901161 0.1000000014901161
0.1000000014901161 0.1000000014901161 0.1000000014901161 0.1000000014901161 0.1000000014901161 0.1000000014901161
0.1000000014901161 0.1000000014901161 0.1000000014901161 0.1000000014901161 0.1000000014901161 0.1000000014901161
0.1000000014901161 0.1000000014901161 0.1000000014901161 0.1000000014901161 0.1000000014901161 0.1000000014901161
0.1000000014901161 0.1000000014901161 0.1000000014901161 0.1000000014901161 0.1000000014901161 0.1000000014901161
0.1000000014901161 0.1000000014901161 0.1000000014901161 0.1000000014901161 0.1000000014901161 0.1000000014901161
0.1000000014901161 0.1000000014901161 0.1000000014901161 0.1000000014901161 0.1000000014901161 0.1000000014901161
0.1000000014901161 0.1000000014901161 0.1000000014901161 0.1000000014901161 0.1000000014901161 0.1000000014901161
0.1000000014901161 0.1000000014901161 0.1000000014901161 0.1000000014901161 0.1000000014901161 0.1000000014901161
0.1000000014901161 0.1000000014901161 0.1000000014901161 0.1000000014901161 0.1000000014901161 0.1000000014901161
0.1000000014901161 0.1000000014901161 0.1000000014901161 0.1000000014901161 0.1000000014901161 0.1000000014901161
0.1000000014901161 0.1000000014901161 0.1000000014901161 0.1000000014901161 0.1000000014901161 0.1000000014901161
0.1000000014901161 0.1000000014901161 0.1000000014901161 0.1000000014901161 0.1000000014901161 0.1000000014901161
0.1000000014901161 0.1000000014901161 0.1000000014901161 0.1000000014901161 0.1000000014901161 0.1000000014901161
0.1000000014901161 0.1000000014901161 0.1000000014901161 0.1000000014901161 0.1000000014901161 0.1000000014901161
0.1000000014901161 0.1000000014901161 0.1000000014901161 0.1000000014901161 0.1000000014901161 0.1000000014901161
0.1000000014901161 0.1000000014901161 0.1000000014901161 0.1000000014901161 0.1000000014901161 0.1000000014901161
0.1000000014901161 0.1000000014901161 0.1000000014901161 0.1000000014901161 0.1000000014901161 0.1000000014901161
0.1000000014901161 0.1000000014901161 0.1000000014901161 0.1000000014901161 0.1000000014901161 0.1000000014901161
0.1000000014901161 0.1000000014901161 0.1000000014901161 0.1000000014901161 0.1000000014901161 0.1000000014901161
0.1000000014901161 0.1000000014901161 0.1000000014901161 0.1000000014901161 0.1000000014901161 0.1000000014901161
0.1000000014901161 0.1000000014901161 0.1000000014901161 0.1000000014901161 0.1000000014901161 0.1000000014901161
0.1000000014901161 0.1000000014901161 0.1000000014901161 0.1000000014901161 0.1000000014901161 0.1000000014901161
0.1000000014901161 0.1000000014901161 0.1000000014901161 0.1000000014901161 0.1000000014901161 0.1000000014901161
0.1000000014901161 0.1000000014901161 0.1000000014901161 0.1000000014901161 0.1000000014901161 0.1000000014901161
0.1000000014901161 0.1000000014901161 0.1000000014901161 0.1000000014901161 0.1000000014901161 0.1000000014901161
0.1000000014901161 0.1000000014901161 0.1000000014901161 0.1000000014901161 0.1000000014901161 0.1000000014901161
0.1000000014901161 0.1000000014901161 0.1000000014901161 0.1000000014901161 0.1000000014901161 0.1000000014901161
0.1000000014901161 0.1000000014901161 0.1000000014901161 0.1000000014901161 0.1000000014901161 0.1000000014901161
0.1000000014901161 0.1000000014901161 0.1000000014901161 0.1000000014901161 0.1000000014901161 0.1000000014901161
0.1000000014901161 0.1000000014901161 0.1000000014901161 0.1000000014901161 0.1000000014901161 0.1000000014901161
0.1000000014901161 0.1000000014901161 0.1000000014901161 0.1000000014901161 0.1000000014901161 0.1000000014901161
0.1000000014901161 0.1000000014901161 0.1000000014901161 0.1000000014901161 0.1000000014901161 0.1000000014901161
0.1000000014901161 0.1000000014901161 0.1000000014901161 0.1000000014901161 0.1000000014901161 0.1000000014901161
0.1000000014901161 0.1000000014901161 0.1000000014901161 0.1000000014901161 0.1000000014901161 0.1000000014901161
0.1000000014901161 0.1000000014901161 0.1000000014901161 0.1000000014901161 0.1000000014901161 0.1000000014901161
0.1000000014901161 0.1000000014901161 0.1000000014901161 0.1000000014901161 0.1000000014901161 0.1000000014901161
0.1000000014901161 0.1000000014901161 0.1000000014901161 0.1000000014901161 0.1000000014901161 0.1000000014901161
0.1000000014901161 0.1000000014901161 0.1000000014901161 0.1000000014901161 0.1000000014901161 0.1000000014901161
0.1000000014901161 0.1000000014901161 0.1000000014901161 0.1000000014901161 0.1000000014901161 0.1000000014901161
0.1000000014901161 0.1000000014901161 0.1000000014901161 0.1000000014901161 0.1000000014901161 0.1000000014901161
0.1000000014901161 0.1000000014901161 0.1000000014901161 0.1000000014901161 0.1000000014901161 0.1000000014901161
0.1000000014901161 0.1000000014901161 0.1000000014901161 0.1000000014901161 0.1000000014901161 0.1000000014901161
0.1000000014901161 0.1000000014901161 0.1000000014901161 0.1000000014901161 0.1000000014901161 0.1000000014901161
0.1000000014901161 0.1000000014901161 0.1000000014901161 0.1000000014901161 0.1000000014901161 0.1000000014901161
0.1000000014901161 0.1000000014901161 0.1000000014901161 0.1000000014901161 0.1000000014901161 0.1000000014901161
0.1000000014901161 0.1000000014901161 0.1000000014901161 0.1000000014901161 0.1000000014901161 0.1000000014901161
0.1000000014901161 0.1000000014901161 0.1000000014901161 0.1000000014901161 0.1000000014901161 0.1000000014901161
0.1000000014901161 0.1000000014901161 0.1000000014901161 0.1000000014901161 0.1000000014901161 0.1000000014901161
0.1000000014901161 0.1000000014901161 0.1000000014901161 0.1000000014901161 0.1000000014901161 0.1000000014901161
0.1000000014901161 0.1000000014901161 0.1000000014901161 0.1000000014901161 0.1000000014901161 0.1000000014901161
0.1000000014901161 0.1000000014901161 0.1000000014901161 0.1000000014901161 0.1000000014901161 0.1000000014901161
0.1000000014901161 0.1000000014901161 0.1000000014901161 0.1000000014901161 0.1000000014901161 0.1000000014901161
0.1000000014901161 0.1000000014901161 0.1000000014901161 0.1000000014901161 0.1000000014901161 0.1000000014901161
0.1000000014901161 0.1000000014901161 0.1000000014901161 0.1000000014901161 0.1000000014901161 0.1000000014901161
0.1000000014901161 0.1000000014901161 0.1000000014901161 0.1000000014901161 0.1000000014901161 0.1000000014901161
0.1000000014901161 0.1000000014901161 0.1000000014901161 0.1000000014901161 0.1000000014901161 0.1000000014901161
0.1000000014901161 0.1000000014901161 0.1000000014901161 0.1000000014901161 0.1000000014901161 0.1000000014901161
0.1000000014901161 0.1000000014901161 0.1000000014901161 0.1000000014901161 0.1000000014901161 0.1000000014901161
0.1000000014901161 0.1000000014901161 0.1000000014901161 0.1000000014901161 0.1000000014901161 0.1000000014901161
0.1000000014901161 0.1000000014901161 0.1000000014901161 0.1000000014901161 0.1000000014901161 0.1000000014901161
0.1000000014901161 0.1000000014901161 0.1000000014901161 0.1000000014901161 0.1000000014901161 0.1000000014901161
0.1000000014901161 0.1000000014901161 0.1000000014901161 0.1000000014901161 0.1000000014901161 0.1000000014901161
0.1000000014901161 0.1000000014901161 0.1000000014901161 0.1000000014901161 0.1000000014901161 0.1000000014901161
0.1000000014901161 0.1000000014901161 0.1000000014901161 0.1000000014901161 0.1000000014901161 0.1000000014901161
0.1000000014901161 0.1000000014901161 0.1000000014901161 0.1000000014901161 0.1000000014901161 0.1000000014901161
0.1000000014901161 0.1000000014901161 0.1000000014901161 0.1000000014901161 0.1000000014901161 0.1000000014901161
0.1000000014901161 0.1000000014901161 0.1000000014901161 0.1000000014901161 0.1000000014901161 0.1000000014901161
0.1000000014901161 0.1000000014901161 0.1000000014901161 0.1000000014901161 0.1000000014901161 0.1000000014901161
0.1000000014901161 0.1000000014901161 0.1000000014901161 0.1000000014901161 0.1000000014901161 0.1000000014901161
0.1000000014901161 0.1000000014901161 0.1000000014901161 0.1000000014901161 0.1000000014901161 0.1000000014901161
0.1000000014901161 0.1000000014901161 0.1000000014901161 0.1000000014901161 0.1000000014901161 0.1000000014901161
0.1000000014901161 0.1000000014901161 0.1000000014901161 0.1000000014901161 0.1000000014901161 0.1000000014901161
0.1000000014901161 0.1000000014901161 0.1000000014901161 0.1000000014901161 0.1000000014901161 0.1000000014901161
0.1000000014901161 0.1000000014901161 0.1000000014901161 0.1000000014901161 0.1000000014901161 0.1000000014901161
0.1000000014901161 0.1000000014901161 0.1000000014901161 0.1000000014901161 0.1000000014901161 0.1000000014901161
0.1000000014901161 0.1000000014901161 0.1000000014901161 0.1000000014901161 0.1000000014901161 0.1000000014901161
0.1000000014901161 0.1000000014901161 0.1000000014901161 0.1000000014901161 0.1000000014901161 0.1000000014901161
0.1000000014901161 0.1000000014901161 0.1000000014901161 0.1000000014901161 0.1000000014901161 0.1000000014901161
0.1000000014901161 0.1000000014901161 0.1000000014901161 0.1000000014901161 0.1000000014901161 0.1000000014901161
0.1000000014901161 0.1000000014901161 0.1000000014901161 0.1000000014901161 0.1000000014901161 0.1000000014901161
0.1000000014901161 0.1000000014901161 0.1000000014901161 0.1000000014901161 0.1000000014901161 0.1000000014901161
0.1000000014901161 0.1000000014901161 0.1000000014901161 0.1000000014901161 0.1000000014901161 0.1000000014901161
0.1000000014901161 0.1000000014901161 0.1000000014901161 0.1000000014901161 0.1000000014901161 0.1000000014901161
0.1000000014901161 0.1000000014901161 0.1000000014901161 0.1000000014901161 0.1000000014901161 0.1000000014901161
0.1000000014901161 0.1000000014901161 0.1000000014901161 0.1000000014901161 0.1000000014901161 0.1000000014901161
0.1000000014901161 0.1000000014901161 0.1000000014901161 0.1000000014901161 0.1000000014901161 0.1000000014901161
0.1000000014901161 0.1000000014901161 0.1000000014901161 0.1000000014901161 0.1000000014901161 0.1000000014901161
0.1000000014901161 0.1000000014901161 0.1000000014901161 0.1000000014901161 0.1000000014901161 0.1000000014901161
0.1000000014901161 0.1000000014901161 0.1000000014901161 0.1000000014901161 0.1000000014901161 0.1000000014901161
0.1000000014901161 0.1000000014901161 0.1000000014901161 0.1000000014901161 0.1000000014901161 0.1000000014901161
0.1000000014901161 0.1000000014901161 0.1000000014901161 0.1000000014901161 0.1000000014901161 0.1000000014901161
0.1000000014901161 0.1000000014901161 0.1000000014901161 0.1000000014901161 0.1000000014901161 0.1000000014901161
0.1000000014901161 0.1000000014901161 0.1000000014901161 0.1000000014901161 0.1000000014901161 0.1000000014901161
0.1000000014901161 0.1000000014901161 0.1000000014901161 0.1000000014901161 0.1000000014901161 0.1000000014901161
0.1000000014901161 0.1000000014901161 0.1000000014901161 0.1000000014901161 0.1000000014901161 0.1000000014901161
1.0000000000000000 1.0000000000000000 1.0000000000000000 1.0000000000000000 0
1.0000000000000000 1.0000000000000000 1.0000000000000000 1.0000000000000000 0
1.0000000000000000 1.0000000000000000 1.0000000000000000 1.0000000000000000 0
1.0000000000000000 1.0000000000000000 1.0000000000000000 1.0000000000000000 0
1.0000000000000000 1.0000000000000000 1.0000000000000000 1.0000000000000000 0
1.0000000000000000 1.0000000000000000 1.0000000000000000 1.0000000000000000 0
1.0000000000000000 1.0000000000000000 1.0000000000000000 1.0000000000000000 0
1.0000000000000000 1.0000000000000000 1.0000000000000000 1.0000000000000000 0
1.0000000000000000 1.0000000000000000 1.0000000000000000 1.0000000000000000 0
1.0000000000000000 1.0000000000000000 1.0000000000000000 1.0000000000000000 0
1.0000000000000000 1.0000000000000000 1.0000000000000000 1.0000000000000000 0
1.0000000000000000 1.0000000000000000 1.0000000000000000 1.0000000000000000 0
1.0000000000000000 1.0000000000000000 1.0000000000000000 1.0000000000000000 0
1.0000000000000000 1.0000000000000000 1.0000000000000000 1.0000000000000000 0
1.0000000000000000 1.0000000000000000 1.0000000000000000 1.0000000000000000 0
1.0000000000000000 1.0000000000000000 1.0000000000000000 1.0000000000000000 0
1.0000000000000000 1.0000000000000000 1.0000000000000000 1.0000000000000000 0
1.0000000000000000 1.0000000000000000 1.0000000000000000 1.0000000000000000 0
1.0000000000000000 1.0000000000000000 1.0000000000000000 1.0000000000000000 0
1.0000000000000000 1.0000000000000000 1.0000000000000000 1.0000000000000000 0
1.0000000000000000 1.0000000000000000 1.0000000000000000 1.0000000000000000 0
1.0000000000000000 1.0000000000000000 1.0000000000000000 1.0000000000000000 0
1.0000000000000000 1.0000000000000000 1.0000000000000000 1.0000000000000000 0
1.0000000000000000 1.0000000000000000 1.0000000000000000 1.0000000000000000 0
1.0000000000000000 1.0000000000000000 1.0000000000000000 1.0000000000000000 0
1.0000000000000000 1.0000000000000000 1.0000000000000000 1.0000000000000000 0
1.0000000000000000 1.0000000000000000 1.0000000000000000 1.0000000000000000 0
1.0000000000000000 1.0000000000000000 1.0000000000000000 1.0000000000000000 0
1.0000000000000000 1.0000000000000000 1.0000000000000000 1.0000000000000000 0
1.0000000000000000 1.0000000000000000 1.0000000000000000 1.0000000000000000 0
1.0000000000000000 1.0000000000000000 1.0000000000000000 1.0000000000000000 0
1.0000000000000000 1.0000000000000000 1.0000000000000000 1.0000000000000000 0
1.0000000000000000 1.0000000000000000 1.0000000000000000 1.0000000000000000 0
1.0000000000000000 1.0000000000000000 1.0000000000000000 1.0000000000000000 0
1.0000000000000000 1.0000000000000000 1.0000000000000000 1.0000000000000000 0
1.0000000000000000 1.0000000000000000 1.0000000000000000 1.0000000000000000 0
1.0000000000000000 1.0000000000000000 1.0000000000000000 1.0000000000000000 0
1.0000000000000000 1.0000000000000000 1.0000000000000000 1.0000000000000000 0
1.0000000000000000 1.0000000000000000 1.0000000000000000 1.0000000000000000 0
1.0000000000000000 1.0000000000000000 1.0000000000000000 1.0000000000000000 0
1.0000000000000000 1.0000000000000000 1.0000000000000000 1.0000000000000000 0
1.0000000000000000 1.0000000000000000 1.0000000000000000 1.0000000000000000 0
1.0000000000000000 1.0000000000000000 1.0000000000000000 1.0000000000000000 0
1.0000000000000000 1.0000000000000000 1.0000000000000000 1.0000000000000000 0
1.0000000000000000 1.0000000000000000 1.0000000000000000 1.0000000000000000 0
1.0000000000000000 1.0000000000000000 1.0000000000000000 1.0000000000000000 0
1.0000000000000000 1.0000000000000000 1.0000000000000000 1.0000000000000000 0
1.0000000000000000 1.0000000000000000 1.0000000000000000 1.0000000000000000 0
1.0000000000000000 1.0000000000000000 1.0000000000000000 1.0000000000000000 0
1.0000000000000000 1.0000000000000000 1.0000000000000000 1.0000000000000000 0
1.0000000000000000 1.0000000000000000 1.0000000000000000 1.0000000000000000 0
1.0000000000000000 1.0000000000000000 1.0000000000000000 1.0000000000000000 0
1.0000000000000000 1.0000000000000000 1.0000000000000000 1.0000000000000000 0
1.0000000000000000 1.0000000000000000 1.0000000000000000 1.0000000000000000 0
1.0000000000000000 1.0000000000000000 1.0000000000000000 1.0000000000000000 0
1.0000000000000000 1.0000000000000000 1.0000000000000000 1.0000000000000000 0
1.0000000000000000 1.0000000000000000 1.0000000000000000 1.0000000000000000 0
1.0000000000000000 1.0000000000000000 1.0000000000000000 1.0000000000000000 0
1.0000000000000000 1.0000000000000000 1.0000000000000000 1.0000000000000000 0
1.0000000000000000 1.0000000000000000 1.0000000000000000 1.0000000000000000 0
1.0000000000000000 1.0000000000000000 1.0000000000000000 1.0000000000000000 0
1.0000000000000000 1.0000000000000000 1.0000000000000000 1.0000000000000000 0
1.0000000000000000 1.0000000000000000 1.0000000000000000 1.0000000000000000 0
1.0000000000000000 1.0000000000000000 1.0000000000000000 1.0000000000000000 0
0.1000000014901161 0.1000000014901161 0.1000000014901161 0.1000000014901161 0.1000000014901161 0.1000000014901161
0.1000000014901161 0.1000000014901161 0.1000000014901161 0.1000000014901161 0.1000000014901161 0.1000000014901161
0.1000000014901161 0.1000000014901161 0.1000000014901161 0.1000000014901161 0.1000000014901161 0.1000000014901161
0.1000000014901161 0.1000000014901161 0.1000000014901161 0.1000000014901161 0.1000000014901161 0.1000000014901161
0.1000000014901161 0.1000000014901161 0.1000000014901161 0.1000000014901161 0.1000000014901161 0.1000000014901161
0.1000000014901161 0.1000000014901161 0.1000000014901161 0.1000000014901161 0.1000000014901161 0.1000000014901161
0.1000000014901161 0.1000000014901161 0.1000000014901161 0.1000000014901161 0.1000000014901161 0.1000000014901161
0.1000000014901161 0.1000000014901161 0.1000000014901161 0.1000000014901161 0.1000000014901161 0.1000000014901161
0.1000000014901161 0.1000000014901161 0.1000000014901161 0.1000000014901161 0.1000000014901161 0.1000000014901161
0.1000000014901161 0.1000000014901161 0.1000000014901161 0.1000000014901161 0.1000000014901161 0.1000000014901161
0.1000000014901161 0.1000000014901161 0.1000000014901161 0.1000000014901161 0.1000000014901161 0.1000000014901161
0.1000000014901161 0.1000000014901161 0.1000000014901161 0.1000000014901161 0.1000000014901161 0.1000000014901161
0.1000000014901161 0.1000000014901161 0.1000000014901161 0.1000000014901161 0.1000000014901161 0.1000000014901161
0.1000000014901161 0.1000000014901161 0.1000000014901161 0.1000000014901161 0.1000000014901161 0.1000000014901161
0.1000000014901161 0.1000000014901161 0.1000000014901161 0.1000000014901161 0.1000000014901161 0.1000000014901161
0.1000000014901161 0.1000000014901161 0.1000000014901161 0.1000000014901161 0.1000000014901161 0.1000000014901161
0.1000000014901161 0.1000000014901161 0.1000000014901161 0.1000000014901161 0.1000000014901161 0.1000000014901161
0.1000000014901161 0.1000000014901161 0.1000000014901161 0.1000000014901161 0.1000000014901161 0.1000000014901161
0.1000000014901161 0.1000000014901161 0.1000000014901161 0.1000000014901161 0.1000000014901161 0.1000000014901161
0.1000000014901161 0.1000000014901161 0.1000000014901161 0.1000000014901161 0.1000000014901161 0.1000000014901161
0.1000000014901161 0.1000000014901161 0.1000000014901161 0.1000000014901161 0.1000000014901161 0.1000000014901161
0.1000000014901161 0.1000000014901161 0.1000000014901161 0.1000000014901161 0.1000000014901161 0.1000000014901161
0.1000000014901161 0.1000000014901161 0.1000000014901161 0.1000000014901161 0.1000000014901161 0.1000000014901161
0.1000000014901161 0.1000000014901161 0.1000000014901161 0.1000000014901161 0.1000000014901161 0.1000000014901161
0.1000000014901161 0.1000000014901161 0.1000000014901161 0.1000000014901161 0.1000000014901161 0.1000000014901161
0.1000000014901161 0.1000000014901161 0.1000000014901161 0.1000000014901161 0.1000000014901161 0.1000000014901161
0.1000000014901161 0.1000000014901161 0.1000000014901161 0.1000000014901161 0.1000000014901161 0.1000000014901161
0.1000000014901161 0.1000000014901161 0.1000000014901161 0.1000000014901161 0.1000000014901161 0.1000000014901161
0.1000000014901161 0.1000000014901161 0.1000000014901161 0.1000000014901161 0.1000000014901161 0.1000000014901161
0.1000000014901161 0.1000000014901161 0.1000000014901161 0.1000000014901161 0.1000000014901161 0.1000000014901161
0.1000000014901161 0.1000000014901161 0.1000000014901161 0.1000000014901161 0.1000000014901161 0.1000000014901161
0.1000000014901161 0.1000000014901161 0.1000000014901161 0.1000000014901161 0.1000000014901161 0.1000000014901161
0.1000000014901161 0.1000000014901161 0.1000000014901161 0.1000000014901161 0.1000000014901161 0.1000000014901161
0.1000000014901161 0.1000000014901161 0.1000000014901161 0.1000000014901161 0.1000000014901161 0.1000000014901161
0.1000000014901161 0.1000000014901161 0.1000000014901161 0.1000000014901161 0.1000000014901161 0.1000000014901161
0.1000000014901161 0.1000000014901161 0.1000000014901161 0.1000000014901161 0.1000000014901161 0.1000000014901161
0.1000000014901161 0.1000000014901161 0.1000000014901161 0.1000000014901161 0.1000000014901161 0.1000000014901161
0.1000000014901161 0.1000000014901161 0.1000000014901161 0.1000000014901161 0.1000000014901161 0.1000000014901161
0.1000000014901161 0.1000000014901161 0.1000000014901161 0.1000000014901161 0.1000000014901161 0.1000000014901161
0.1000000014901161 0.1000000014901161 0.1000000014901161 0.1000000014901161 0.1000000014901161 0.1000000014901161
0.1000000014901161 0.1000000014901161 0.1000000014901161 0.1000000014901161 0.1000000014901161 0.1000000014901161
0.1000000014901161 0.1000000014901161 0.1000000014901161 0.1000000014901161 0.1000000014901161 0.1000000014901161
0.1000000014901161 0.1000000014901161 0.1000000014901161 0.1000000014901161 0.1000000014901161 0.1000000014901161
0.1000000014901161 0.1000000014901161 0.1000000014901161 0.1000000014901161 0.1000000014901161 0.1000000014901161
0.1000000014901161 0.1000000014901161 0.1000000014901161 0.1000000014901161 0.1000000014901161 0.1000000014901161
0.1000000014901161 0.1000000014901161 0.1000000014901161 0.1000000014901161 0.1000000014901161 0.1000000014901161
0.1000000014901161 0.1000000014901161 0.1000000014901161 0.1000000014901161 0.1000000014901161 0.1000000014901161
0.1000000014901161 0.1000000014901161 0.1000000014901161 0.1000000014901161 0.1000000014901161 0.1000000014901161
0.1000000014901161 0.1000000014901161 0.1000000014901161 0.1000000014901161 0.1000000014901161 0.1000000014901161
0.1000000014901161 0.1000000014901161 0.1000000014901161 0.1000000014901161 0.1000000014901161 0.1000000014901161
0.1000000014901161 0.1000000014901161 0.1000000014901161 0.1000000014901161 0.1000000014901161 0.1000000014901161
0.1000000014901161 0.1000000014901161 0.1000000014901161 0.1000000014901161 0.1000000014901161 0.1000000014901161
0.1000000014901161 0.1000000014901161 0.1000000014901161 0.1000000014901161 0.1000000014901161 0.1000000014901161
0.1000000014901161 0.1000000014901161 0.1000000014901161 0.1000000014901161 0.1000000014901161 0.1000000014901161
0.1000000014901161 0.1000000014901161 0.1000000014901161 0.1000000014901161 0.1000000014901161 0.1000000014901161
0.1000000014901161 0.1000000014901161 0.1000000014901161 0.1000000014901161 0.1000000014901161 0.1000000014901161
0.1000000014901161 0.1000000014901161 0.1000000014901161 0.1000000014901161 0.1000000014901161 0.1000000014901161
0.1000000014901161 0.1000000014901161 0.1000000014901161 0.1000000014901161 0.1000000014901161 0.1000000014901161
0.1000000014901161 0.1000000014901161 0.1000000014901161 0.1000000014901161 0.1000000014901161 0.1000000014901161
0.1000000014901161 0.1000000014901161 0.1000000014901161 0.1000000014901161 0.1000000014901161 0.1000000014901161
0.1000000014901161 0.1000000014901161 0.1000000014901161 0.1000000014901161 0.1000000014901161 0.1000000014901161
0.1000000014901161 0.1000000014901161 0.1000000014901161 0.1000000014901161 0.1000000014901161 0.1000000014901161
0.1000000014901161 0.1000000014901161 0.1000000014901161 0.1000000014901161 0.1000000014901161 0.1000000014901161
0.1000000014901161 0.1000000014901161 0.1000000014901161 0.1000000014901161 0.1000000014901161 0.1000000014901161
0.1000000014901161 0.1000000014901161 0.1000000014901161 0.1000000014901161 0.1000000014901161 0.1000000014901161
0.1000000014901161 0.1000000014901161 0.1000000014901161 0.1000000014901161 0.1000000014901161 0.1000000014901161
0.1000000014901161 0.1000000014901161 0.1000000014901161 0.1000000014901161 0.1000000014901161 0.1000000014901161
0.1000000014901161 0.1000000014901161 0.1000000014901161 0.1000000014901161 0.1000000014901161 0.1000000014901161
0.1000000014901161 0.1000000014901161 0.1000000014901161 0.1000000014901161 0.1000000014901161 0.1000000014901161
0.1000000014901161 0.1000000014901161 0.1000000014901161 0.1000000014901161 0.1000000014901161 0.1000000014901161
0.1000000014901161 0.1000000014901161 0.1000000014901161 0.1000000014901161 0.1000000014901161 0.1000000014901161
0.1000000014901161 0.1000000014901161 0.1000000014901161 0.1000000014901161 0.1000000014901161 0.1000000014901161
0.1000000014901161 0.1000000014901161 0.1000000014901161 0.1000000014901161 0.1000000014901161 0.1000000014901161
0.1000000014901161 0.1000000014901161 0.1000000014901161 0.1000000014901161 0.1000000014901161 0.1000000014901161
0.1000000014901161 0.1000000014901161 0.1000000014901161 0.1000000014901161 0.1000000014901161 0.1000000014901161
0.1000000014901161 0.1000000014901161 0.1000000014901161 0.1000000014901161 0.1000000014901161 0.1000000014901161
0.1000000014901161 0.1000000014901161 0.1000000014901161 0.1000000014901161 0.1000000014901161 0.1000000014901161
0.1000000014901161 0.1000000014901161 0.1000000014901161 0.1000000014901161 0.1000000014901161 0.1000000014901161
0.1000000014901161 0.1000000014901161 0.1000000014901161 0.1000000014901161 0.1000000014901161 0.1000000014901161
0.1000000014901161 0.1000000014901161 0.1000000014901161 0.1000000014901161 0.1000000014901161 0.1000000014901161
0.1000000014901161 0.1000000014901161 0.1000000014901161 0.1000000014901161 0.1000000014901161 0.1000000014901161
0.1000000014901161 0.1000000014901161 0.1000000014901161 0.1000000014901161 0.1000000014901161 0.1000000014901161
0.1000000014901161 0.1000000014901161 0.1000000014901161 0.1000000014901161 0.1000000014901161 0.1000000014901161
0.1000000014901161 0.1000000014901161 0.1000000014901161 0.1000000014901161 0.1000000014901161 0.1000000014901161
0.1000000014901161 0.1000000014901161 0.1000000014901161 0.1000000014901161 0.1000000014901161 0.1000000014901161
0.1000000014901161 0.1000000014901161 0.1000000014901161 0.1000000014901161 0.1000000014901161 0.1000000014901161
0.1000000014901161 0.1000000014901161 0.1000000014901161 0.1000000014901161 0.1000000014901161 0.1000000014901161
0.1000000014901161 0.1000000014901161 0.1000000014901161 0.1000000014901161 0.1000000014901161 0.1000000014901161
0.1000000014901161 0.1000000014901161 0.1000000014901161 0.1000000014901161 0.1000000014901161 0.1000000014901161
0.1000000014901161 0.1000000014901161 0.1000000014901161 0.1000000014901161 0.1000000014901161 0.1000000014901161
0.1000000014901161 0.1000000014901161 0.1000000014901161 0.1000000014901161 0.1000000014901161 0.1000000014901161
0.1000000014901161 0.1000000014901161 0.1000000014901161 0.1000000014901161 0.1000000014901161 0.1000000014901161
0.1000000014901161 0.1000000014901161 0.1000000014901161 0.1000000014901161 0.1000000014901161 0.1000000014901161
0.1000000014901161 0.1000000014901161 0.1000000014901161 0.1000000014901161 0.1000000014901161 0.1000000014901161
0.1000000014901161 0.1000000014901161 0.1000000014901161 0.1000000014901161 0.1000000014901161 0.1000000014901161
0.1000000014901161 0.1000000014901161 0.1000000014901161 0.1000000014901161 0.1000000014901161 0.1000000014901161
0.1000000014901161 0.1000000014901161 0.1000000014901161 0.1000000014901161 0.1000000014901161 0.1000000014901161
0.1000000014901161 0.1000000014901161 0.1000000014901161 0.1000000014901161 0.1000000014901161 0.1000000014901161
0.1000000014901161 0.1000000014901161 0.1000000014901161 0.1000000014901161 0.1000000014901161 0.1000000014901161
0.1000000014901161 0.1000000014901161 0.1000000014901161 0.1000000014901161 0.1000000014901161 0.1000000014901161
0.1000000014901161 0.1000000014901161 0.1000000014901161 0.1000000014901161 0.1000000014901161 0.1000000014901161
0.1000000014901161 0.1000000014901161 0.1000000014901161 0.1000000014901161 0.1000000014901161 0.1000000014901161
0.1000000014901161 0.1000000014901161 0.1000000014901161 0.1000000014901161 0.1000000014901161 0.1000000014901161
0.1000000014901161 0.1000000014901161 0.1000000014901161 0.1000000014901161 0.1000000014901161 0.1000000014901161
0.1000000014901161 0.1000000014901161 0.1000000014901161 0.1000000014901161 0.1000000014901161 0.1000000014901161
0.1000000014901161 0.1000000014901161 0.1000000014901161 0.1000000014901161 0.1000000014901161 0.1000000014901161
0.1000000014901161 0.1000000014901161 0.1000000014901161 0.1000000014901161 0.1000000014901161 0.1000000014901161
0.1000000014901161 0.1000000014901161 0.1000000014901161 0.1000000014901161 0.1000000014901161 0.1000000014901161
0.1000000014901161 0.1000000014901161 0.1000000014901161 0.1000000014901161 0.1000000014901161 0.1000000014901161
0.1000000014901161 0.1000000014901161 0.1000000014901161 0.1000000014901161 0.1000000014901161 0.1000000014901161
0.1000000014901161 0.1000000014901161 0.1000000014901161 0.1000000014901161 0.1000000014901161 0.1000000014901161
0.1000000014901161 0.1000000014901161 0.1000000014901161 0.1000000014901161 0.1000000014901161 0.1000000014901161
0.1000000014901161 0.1000000014901161 0.1000000014901161 0.1000000014901161 0.1000000014901161 0.1000000014901161
0.1000000014901161 0.1000000014901161 0.1000000014901161 0.1000000014901161 0.1000000014901161 0.1000000014901161
0.1000000014901161 0.1000000014901161 0.1000000014901161 0.1000000014901161 0.1000000014901161 0.1000000014901161
0.1000000014901161 0.1000000014901161 0.1000000014901161 0.1000000014901161 0.1000000014901161 0.1000000014901161
0.1000000014901161 0.1000000014901161 0.1000000014901161 0.1000000014901161 0.1000000014901161 0.1000000014901161
0.1000000014901161 0.1000000014901161 0.1000000014901161 0.1000000014901161 0.1000000014901161 0.1000000014901161
0.1000000014901161 0.1000000014901161 0.1000000014901161 0.1000000014901161 0.1000000014901161 0.1000000014901161
0.1000000014901161 0.1000000014901161 0.1000000014901161 0.1000000014901161 0.1000000014901161 0.1000000014901161
0.1000000014901161 0.1000000014901161 0.1000000014901161 0.1000000014901161 0.1000000014901161 0.1000000014901161
0.1000000014901161 0.1000000014901161 0.1000000014901161 0.1000000014901161 0.1000000014901161 0.1000000014901161
0.1000000014901161 0.1000000014901161 0.1000000014901161 0.1000000014901161 0.1000000014901161 0.1000000014901161
0.1000000014901161 0.1000000014901161 0.1000000014901161 0.1000000014901161 0.1000000014901161 0.1000000014901161
0.1000000014901161 0.1000000014901161 0.1000000014901161 0.1000000014901161 0.1000000014901161 0.1000000014901161
0.1000000014901161 0.1000000014901161 0.1000000014901161 0.1000000014901161 0.1000000014901161 0.1000000014901161
0.1000000014901161 0.1000000014901161 0.1000000014901161 0.1000000014901161 0.1000000014901161 0.1000000014901161
0.1000000014901161 0.1000000014901161 0.1000000014901161 0.1000000014901161 0.1000000014901161 0.1000000014901161
1.0000000000000000 1.0000000000000000 1.0000000000000000 1.0000000000000000 0
1.0000000000000000 1.0000000000000000 1.0000000000000000 1.0000000000000000 0
1.0000000000000000 1.0000000000000000 1.0000000000000000 1.0000000000000000 0
1.0000000000000000 1.0000000000000000 1.0000000000000000 1.0000000000000000 0
1.0000000000000000 1.0000000000000000 1.0000000000000000 1.0000000000000000 0
1.0000000000000000 1.0000000000000000 1.0000000000000000 1.0000000000000000 0
1.0000000000000000 1.0000000000000000 1.0000000000000000 1.0000000000000000 0
1.0000000000000000 1.0000000000000000 1.0000000000000000 1.0000000000000000 0
1.0000000000000000 1.0000000000000000 1.0000000000000000 1.0000000000000000 0
1.0000000000000000 1.0000000000000000 1.0000000000000000 1.0000000000000000 0
1.0000000000000000 1.0000000000000000 1.0000000000000000 1.0000000000000000 0
1.0000000000000000 1.0000000000000000 1.0000000000000000 1.0000000000000000 0
1.0000000000000000 1.0000000000000000 1.0000000000000000 1.0000000000000000 0
1.0000000000000000 1.0000000000000000 1.0000000000000000 1.0000000000000000 0
1.0000000000000000 1.0000000000000000 1.0000000000000000 1.0000000000000000 0
1.0000000000000000 1.0000000000000000 1.0000000000000000 1.0000000000000000 0
1.0000000000000000 1.0000000000000000 1.0000000000000000 1.0000000000000000 0
1.0000000000000000 1.0000000000000000 1.0000000000000000 1.0000000000000000 0
1.0000000000000000 1.0000000000000000 1.0000000000000000 1.0000000000000000 0
1.0000000000000000 1.0000000000000000 1.0000000000000000 1.0000000000000000 0
1.0000000000000000 1.0000000000000000 1.0000000000000000 1.0000000000000000 0
1.0000000000000000 1.0000000000000000 1.0000000000000000 1.0000000000000000 0
1.0000000000000000 1.0000000000000000 1.0000000000000000 1.0000000000000000 0
1.0000000000000000 1.0000000000000000 1.0000000000000000 1.0000000000000000 0
1.0000000000000000 1.0000000000000000 1.0000000000000000 1.0000000000000000 0
1.0000000000000000 1.0000000000000000 1.0000000000000000 1.0000000000000000 0
1.0000000000000000 1.0000000000000000 1.0000000000000000 1.0000000000000000 0
1.0000000000000000 1.0000000000000000 1.0000000000000000 1.0000000000000000 0
1.0000000000000000 1.0000000000000000 1.0000000000000000 1.0000000000000000 0
1.0000000000000000 1.0000000000000000 1.0000000000000000 1.0000000000000000 0
1.0000000000000000 1.0000000000000000 1.0000000000000000 1.0000000000000000 0
1.0000000000000000 1.0000000000000000 1.0000000000000000 1.0000000000000000 0
1.0000000000000000 1.0000000000000000 1.0000000000000000 1.0000000000000000 0
1.0000000000000000 1.0000000000000000 1.0000000000000000 1.0000000000000000 0
1.0000000000000000 1.0000000000000000 1.0000000000000000 1.0000000000000000 0
1.0000000000000000 1.0000000000000000 1.0000000000000000 1.0000000000000000 0
1.0000000000000000 1.0000000000000000 1.0000000000000000 1.0000000000000000 0
1.0000000000000000 1.0000000000000000 1.0000000000000000 1.0000000000000000 0
1.0000000000000000 1.0000000000000000 1.0000000000000000 1.0000000000000000 0
1.0000000000000000 1.0000000000000000 1.0000000000000000 1.0000000000000000 0
1.0000000000000000 1.0000000000000000 1.0000000000000000 1.0000000000000000 0
1.0000000000000000 1.0000000000000000 1.0000000000000000 1.0000000000000000 0
1.0000000000000000 1.0000000000000000 1.0000000000000000 1.0000000000000000 0
1.0000000000000000 1.0000000000000000 1.0000000000000000 1.0000000000000000 0
1.0000000000000000 1.0000000000000000 1.0000000000000000 1.0000000000000000 0
1.0000000000000000 1.0000000000000000 1.0000000000000000 1.0000000000000000 0
1.0000000000000000 1.0000000000000000 1.0000000000000000 1.0000000000000000 0
1.0000000000000000 1.0000000000000000 1.0000000000000000 1.0000000000000000 0
1.0000000000000000 1.0000000000000000 1.0000000000000000 1.0000000000000000 0
1.0000000000000000 1.0000000000000000 1.0000000000000000 1.0000000000000000 0
1.0000000000000000 1.0000000000000000 1.0000000000000000 1.0000000000000000 0
1.0000000000000000 1.0000000000000000 1.0000000000000000 1.0000000000000000 0
1.0000000000000000 1.0000000000000000 1.0000000000000000 1.0000000000000000 0
1.0000000000000000 1.0000000000000000 1.0000000000000000 1.0000000000000000 0
1.0000000000000000 1.0000000000000000 1.0000000000000000 1.0000000000000000 0
1.0000000000000000 1.0000000000000000 1.0000000000000000 1.0000000000000000 0
1.0000000000000000 1.0000000000000000 1.0000000000000000 1.0000000000000000 0
1.0000000000000000 1.0000000000000000 1.0000000000000000 1.0000000000000000 0
1.0000000000000000 1.0000000000000000 1.0000000000000000 1.0000000000000000 0
1.0000000000000000 1.0000000000000000 1.0000000000000000 1.0000000000000000 0
1.0000000000000000 1.0000000000000000 1.0000000000000000 1.0000000000000000 0
1.0000000000000000 1.0000000000000000 1.0000000000000000 1.0000000000000000 0
1.0000000000000000 1.0000000000000000 1.0000000000000000 1.0000000000000000 0
1.0000000000000000 1.0000000000000000 1.0000000000000000 1.0000000000000000 0
0.1000000014901161 0.1000000014901161 0.1000000014901161 0.1000000014901161 0.1000000014901161 0.1000000014901161
0.1000000014901161 0.1000000014901161 0.1000000014901161 0.1000000014901161 0.1000000014901161 0.1000000014901161
0.1000000014901161 0.1000000014901161 0.1000000014901161 0.1000000014901161 0.1000000014901161 0.1000000014901161
0.1000000014901161 0.1000000014901161 0.1000000014901161 0.1000000014901161 0.1000000014901161 0.1000000014901161
0.1000000014901161 0.1000000014901161 0.1000000014901161 0.1000000014901161 0.1000000014901161 0.1000000014901161
0.1000000014901161 0.1000000014901161 0.1000000014901161 0.1000000014901161 0.1000000014901161 0.1000000014901161
0.1000000014901161 0.1000000014901161 0.1000000014901161 0.1000000014901161 0.1000000014901161 0.1000000014901161
0.1000000014901161 0.1000000014901161 0.1000000014901161 0.1000000014901161 0.1000000014901161 0.1000000014901161
0.1000000014901161 0.1000000014901161 0.1000000014901161 0.1000000014901161 0.1000000014901161 0.1000000014901161
0.1000000014901161 0.1000000014901161 0.1000000014901161 0.1000000014901161 0.1000000014901161 0.1000000014901161
0.1000000014901161 0.1000000014901161 0.1000000014901161 0.1000000014901161 0.1000000014901161 0.1000000014901161
0.1000000014901161 0.1000000014901161 0.1000000014901161 0.1000000014901161 0.1000000014901161 0.1000000014901161
0.1000000014901161 0.1000000014901161 0.1000000014901161 0.1000000014901161 0.1000000014901161 0.1000000014901161
0.1000000014901161 0.1000000014901161 0.1000000014901161 0.1000000014901161 0.1000000014901161 0.1000000014901161
0.1000000014901161 0.1000000014901161 0.1000000014901161 0.1000000014901161 0.1000000014901161 0.1000000014901161
0.1000000014901161 0.1000000014901161 0.1000000014901161 0.1000000014901161 0.1000000014901161 0.1000000014901161
0.1000000014901161 0.1000000014901161 0.1000000014901161 0.1000000014901161 0.1000000014901161 0.1000000014901161
0.1000000014901161 0.1000000014901161 0.1000000014901161 0.1000000014901161 0.1000000014901161 0.1000000014901161
0.1000000014901161 0.1000000014901161 0.1000000014901161 0.1000000014901161 0.1000000014901161 0.1000000014901161
0.1000000014901161 0.1000000014901161 0.1000000014901161 0.1000000014901161 0.1000000014901161 0.1000000014901161
0.1000000014901161 0.1000000014901161 0.1000000014901161 0.1000000014901161 0.1000000014901161 0.1000000014901161
0.1000000014901161 0.1000000014901161 0.1000000014901161 0.1000000014901161 0.1000000014901161 0.1000000014901161
0.1000000014901161 0.1000000014901161 0.1000000014901161 0.1000000014901161 0.1000000014901161 0.1000000014901161
0.1000000014901161 0.1000000014901161 0.1000000014901161 0.1000000014901161 0.1000000014901161 0.1000000014901161
0.1000000014901161 0.1000000014901161 0.1000000014901161 0.1000000014901161 0.1000000014901161 0.1000000014901161
0.1000000014901161 0.1000000014901161 0.1000000014901161 0.1000000014901161 0.1000000014901161 0.1000000014901161
0.1000000014901161 0.1000000014901161 0.1000000014901161 0.1000000014901161 0.1000000014901161 0.1000000014901161
0.1000000014901161 0.1000000014901161 0.1000000014901161 0.1000000014901161 0.1000000014901161 0.1000000014901161
0.1000000014901161 0.1000000014901161 0.1000000014901161 0.1000000014901161 0.1000000014901161 0.1000000014901161
0.1000000014901161 0.1000000014901161 0.1000000014901161 0.1000000014901161 0.1000000014901161 0.1000000014901161
0.1000000014901161 0.1000000014901161 0.1000000014901161 0.1000000014901161 0.1000000014901161 0.1000000014901161
0.1000000014901161 0.1000000014901161 0.1000000014901161 0.1000000014901161 0.1000000014901161 0.1000000014901161
0.1000000014901161 0.1000000014901161 0.1000000014901161 0.1000000014901161 0.1000000014901161 0.1000000014901161
0.1000000014901161 0.1000000014901161 0.1000000014901161 0.1000000014901161 0.1000000014901161 0.1000000014901161
0.1000000014901161 0.1000000014901161 0.1000000014901161 0.1000000014901161 0.1000000014901161 0.1000000014901161
0.1000000014901161 0.1000000014901161 0.1000000014901161 0.1000000014901161 0.1000000014901161 0.1000000014901161
0.1000000014901161 0.1000000014901161 0.1000000014901161 0.1000000014901161 0.1000000014901161 0.1000000014901161
0.1000000014901161 0.1000000014901161 0.1000000014901161 0.1000000014901161 0.1000000014901161 0.1000000014901161
0.1000000014901161 0.1000000014901161 0.1000000014901161 0.1000000014901161 0.1000000014901161 0.1000000014901161
0.1000000014901161 0.1000000014901161 0.1000000014901161 0.1000000014901161 0.1000000014901161 0.1000000014901161
0.1000000014901161 0.1000000014901161 0.1000000014901161 0.1000000014901161 0.1000000014901161 0.1000000014901161
0.1000000014901161 0.1000000014901161 0.1000000014901161 0.1000000014901161 0.1000000014901161 0.1000000014901161
0.1000000014901161 0.1000000014901161 0.1000000014901161 0.1000000014901161 0.1000000014901161 0.1000000014901161
0.1000000014901161 0.1000000014901161 0.1000000014901161 0.1000000014901161 0.1000000014901161 0.1000000014901161
0.1000000014901161 0.1000000014901161 0.1000000014901161 0.1000000014901161 0.1000000014901161 0.1000000014901161
0.1000000014901161 0.1000000014901161 0.1000000014901161 0.1000000014901161 0.1000000014901161 0.1000000014901161
0.1000000014901161 0.1000000014901161 0.1000000014901161 0.1000000014901161 0.1000000014901161 0.1000000014901161
0.1000000014901161 0.1000000014901161 0.1000000014901161 0.1000000014901161 0.1000000014901161 0.1000000014901161
0.1000000014901161 0.1000000014901161 0.1000000014901161 0.1000000014901161 0.1000000014901161 0.1000000014901161
0.1000000014901161 0.1000000014901161 0.1000000014901161 0.1000000014901161 0.1000000014901161 0.1000000014901161
0.1000000014901161 0.1000000014901161 0.1000000014901161 0.1000000014901161 0.1000000014901161 0.1000000014901161
0.1000000014901161 0.1000000014901161 0.1000000014901161 0.1000000014901161 0.1000000014901161 0.1000000014901161
0.1000000014901161 0.1000000014901161 0.1000000014901161 0.1000000014901161 0.1000000014901161 0.1000000014901161
0.1000000014901161 0.1000000014901161 0.1000000014901161 0.1000000014901161 0.1000000014901161 0.1000000014901161
0.1000000014901161 0.1000000014901161 0.1000000014901161 0.1000000014901161 0.1000000014901161 0.1000000014901161
0.1000000014901161 0.1000000014901161 0.1000000014901161 0.1000000014901161 0.1000000014901161 0.1000000014901161
0.1000000014901161 0.1000000014901161 0.1000000014901161 0.1000000014901161 0.1000000014901161 0.1000000014901161
0.1000000014901161 0.1000000014901161 0.1000000014901161 0.1000000014901161 0.1000000014901161 0.1000000014901161
0.1000000014901161 0.1000000014901161 0.1000000014901161 0.1000000014901161 0.1000000014901161 0.1000000014901161
0.1000000014901161 0.1000000014901161 0.1000000014901161 0.1000000014901161 0.1000000014901161 0.1000000014901161
0.1000000014901161 0.1000000014901161 0.1000000014901161 0.1000000014901161 0.1000000014901161 0.1000000014901161
0.1000000014901161 0.1000000014901161 0.1000000014901161 0.1000000014901161 0.1000000014901161 0.1000000014901161
0.1000000014901161 0.1000000014901161 0.1000000014901161 0.1000000014901161 0.1000000014901161 0.1000000014901161
0.1000000014901161 0.1000000014901161 0.1000000014901161 0.1000000014901161 0.1000000014901161 0.1000000014901161
0.1000000014901161 0.1000000014901161 0.1000000014901161 0.1000000014901161 0.1000000014901161 0.1000000014901161
0.1000000014901161 0.1000000014901161 0.1000000014901161 0.1000000014901161 0.1000000014901161 0.1000000014901161
0.1000000014901161 0.1000000014901161 0.1000000014901161 0.1000000014901161 0.1000000014901161 0.1000000014901161
0.1000000014901161 0.1000000014901161 0.1000000014901161 0.1000000014901161 0.1000000014901161 0.1000000014901161
0.1000000014901161 0.1000000014901161 0.1000000014901161 0.1000000014901161 0.1000000014901161 0.1000000014901161
0.1000000014901161 0.1000000014901161 0.1000000014901161 0.1000000014901161 0.1000000014901161 0.1000000014901161
0.1000000014901161 0.1000000014901161 0.1000000014901161 0.1000000014901161 0.1000000014901161 0.1000000014901161
0.1000000014901161 0.1000000014901161 0.1000000014901161 0.1000000014901161 0.1000000014901161 0.1000000014901161
0.1000000014901161 0.1000000014901161 0.1000000014901161 0.1000000014901161 0.1000000014901161 0.1000000014901161
0.1000000014901161 0.1000000014901161 0.1000000014901161 0.1000000014901161 0.1000000014901161 0.1000000014901161
0.1000000014901161 0.1000000014901161 0.1000000014901161 0.1000000014901161 0.1000000014901161 0.1000000014901161
0.1000000014901161 0.1000000014901161 0.1000000014901161 0.1000000014901161 0.1000000014901161 0.1000000014901161
0.1000000014901161 0.1000000014901161 0.1000000014901161 0.1000000014901161 0.1000000014901161 0.1000000014901161
0.1000000014901161 0.1000000014901161 0.1000000014901161 0.1000000014901161 0.1000000014901161 0.1000000014901161
0.1000000014901161 0.1000000014901161 0.1000000014901161 0.1000000014901161 0.1000000014901161 0.1000000014901161
0.1000000014901161 0.1000000014901161 0.1000000014901161 0.1000000014901161 0.1000000014901161 0.1000000014901161
0.1000000014901161 0.1000000014901161 0.1000000014901161 0.1000000014901161 0.1000000014901161 0.1000000014901161
0.1000000014901161 0.1000000014901161 0.1000000014901161 0.1000000014901161 0.1000000014901161 0.1000000014901161
0.1000000014901161 0.1000000014901161 0.1000000014901161 0.1000000014901161 0.1000000014901161 0.1000000014901161
0.1000000014901161 0.1000000014901161 0.1000000014901161 0.1000000014901161 0.1000000014901161 0.1000000014901161
0.1000000014901161 0.1000000014901161 0.1000000014901161 0.1000000014901161 0.1000000014901161 0.1000000014901161
0.1000000014901161 0.1000000014901161 0.1000000014901161 0.1000000014901161 0.1000000014901161 0.1000000014901161
0.1000000014901161 0.1000000014901161 0.1000000014901161 0.1000000014901161 0.1000000014901161 0.1000000014901161
0.1000000014901161 0.1000000014901161 0.1000000014901161 0.1000000014901161 0.1000000014901161 0.1000000014901161
0.1000000014901161 0.1000000014901161 0.1000000014901161 0.1000000014901161 0.1000000014901161 0.1000000014901161
0.1000000014901161 0.1000000014901161 0.1000000014901161 0.1000000014901161 0.1000000014901161 0.1000000014901161
0.1000000014901161 0.1000000014901161 0.1000000014901161 0.1000000014901161 0.1000000014901161 0.1000000014901161
0.1000000014901161 0.1000000014901161 0.1000000014901161 0.1000000014901161 0.1000000014901161 0.1000000014901161
0.1000000014901161 0.1000000014901161 0.1000000014901161 0.1000000014901161 0.1000000014901161 0.1000000014901161
0.1000000014901161 0.1000000014901161 0.1000000014901161 0.1000000014901161 0.1000000014901161 0.1000000014901161
0.1000000014901161 0.1000000014901161 0.1000000014901161 0.1000000014901161 0.1000000014901161 0.1000000014901161
0.1000000014901161 0.1000000014901161 0.1000000014901161 0.1000000014901161 0.1000000014901161 0.1000000014901161
0.1000000014901161 0.1000000014901161 0.1000000014901161 0.1000000014901161 0.1000000014901161 0.1000000014901161
0.1000000014901161 0.1000000014901161 0.1000000014901161 0.1000000014901161 0.1000000014901161 0.1000000014901161
0.1000000014901161 0.1000000014901161 0.1000000014901161 0.1000000014901161 0.1000000014901161 0.1000000014901161
0.1000000014901161 0.1000000014901161 0.1000000014901161 0.1000000014901161 0.1000000014901161 0.1000000014901161
0.1000000014901161 0.1000000014901161 0.1000000014901161 0.1000000014901161 0.1000000014901161 0.1000000014901161
0.1000000014901161 0.1000000014901161 0.1000000014901161 0.1000000014901161 0.1000000014901161 0.1000000014901161
0.1000000014901161 0.1000000014901161 0.1000000014901161 0.1000000014901161 0.1000000014901161 0.1000000014901161
0.1000000014901161 0.1000000014901161 0.1000000014901161 0.1000000014901161 0.1000000014901161 0.1000000014901161
0.1000000014901161 0.1000000014901161 0.1000000014901161 0.1000000014901161 0.1000000014901161 0.1000000014901161
0.1000000014901161 0.1000000014901161 0.1000000014901161 0.1000000014901161 0.1000000014901161 0.1000000014901161
0.1000000014901161 0.1000000014901161 0.1000000014901161 0.1000000014901161 0.1000000014901161 0.1000000014901161
0.1000000014901161 0.1000000014901161 0.1000000014901161 0.1000000014901161 0.1000000014901161 0.1000000014901161
0.1000000014901161 0.1000000014901161 0.1000000014901161 0.1000000014901161 0.1000000014901161 0.1000000014901161
0.1000000014901161 0.1000000014901161 0.1000000014901161 0.1000000014901161 0.1000000014901161 0.1000000014901161
0.1000000014901161 0.1000000014901161 0.1000000014901161 0.1000000014901161 0.1000000014901161 0.1000000014901161
0.1000000014901161 0.1000000014901161 0.1000000014901161 0.1000000014901161 0.1000000014901161 0.1000000014901161
0.1000000014901161 0.1000000014901161 0.1000000014901161 0.1000000014901161 0.1000000014901161 0.1000000014901161
0.1000000014901161 0.1000000014901161 0.1000000014901161 0.1000000014901161 0.1000000014901161 0.1000000014901161
0.1000000014901161 0.1000000014901161 0.1000000014901161 0.1000000014901161 0.1000000014901161 0.1000000014901161
0.1000000014901161 0.1000000014901161 0.1000000014901161 0.1000000014901161 0.1000000014901161 0.1000000014901161
0.1000000014901161 0.1000000014901161 0.1000000014901161 0.1000000014901161 0.1000000014901161 0.1000000014901161
0.1000000014901161 0.1000000014901161 0.1000000014901161 0.1000000014901161 0.1000000014901161 0.1000000014901161
0.1000000014901161 0.1000000014901161 0.1000000014901161 0.1000000014901161 0.1000000014901161 0.1000000014901161
0.1000000014901161 0.1000000014901161 0.1000000014901161 0.1000000014901161 0.1000000014901161 0.1000000014901161
0.1000000014901161 0.1000000014901161 0.1000000014901161 0.1000000014901161 0.1000000014901161 0.1000000014901161
0.1000000014901161 0.1000000014901161 0.1000000014901161 0.1000000014901161 0.1000000014901161 0.1000000014901161
0.1000000014901161 0.1000000014901161 0.1000000014901161 0.1000000014901161 0.1000000014901161 0.1000000014901161
0.1000000014901161 0.1000000014901161 0.1000000014901161 0.1000000014901161 0.1000000014901161 0.1000000014901161
0.1000000014901161 0.1000000014901161 0.1000000014901161 0.1000000014901161 0.1000000014901161 0.1000000014901161
0.1000000014901161 0.1000000014901161 0.1000000014901161 0.1000000014901161 0.1000000014901161 0.1000000014901161
0.1000000014901161 0.1000000014901161 0.1000000014901161 0.1000000014901161 0.1000000014901161 0.1000000014901161
0.1000000014901161 0.1000000014901161 0.1000000014901161 0.1000000014901161 0.1000000014901161 0.1000000014901161
1.0000000000000000 1.0000000000000000 1.0000000000000000 1.0000000000000000 0
1.0000000000000000 1.0000000000000000 1.0000000000000000 1.0000000000000000 0
1.0000000000000000 1.0000000000000000 1.0000000000000000 1.0000000000000000 0
1.0000000000000000 1.0000000000000000 1.0000000000000000 1.0000000000000000 0
1.0000000000000000 1.0000000000000000 1.0000000000000000 1.0000000000000000 0
1.0000000000000000 1.0000000000000000 1.0000000000000000 1.0000000000000000 0
1.0000000000000000 1.0000000000000000 1.0000000000000000 1.0000000000000000 0
1.0000000000000000 1.0000000000000000 1.0000000000000000 1.0000000000000000 0
1.0000000000000000 1.0000000000000000 1.0000000000000000 1.0000000000000000 0
1.0000000000000000 1.0000000000000000 1.0000000000000000 1.0000000000000000 0
1.0000000000000000 1.0000000000000000 1.0000000000000000 1.0000000000000000 0
1.0000000000000000 1.0000000000000000 1.0000000000000000 1.0000000000000000 0
1.0000000000000000 1.0000000000000000 1.0000000000000000 1.0000000000000000 0
1.0000000000000000 1.0000000000000000 1.0000000000000000 1.0000000000000000 0
1.0000000000000000 1.0000000000000000 1.0000000000000000 1.0000000000000000 0
1.0000000000000000 1.0000000000000000 1.0000000000000000 1.0000000000000000 0
1.0000000000000000 1.0000000000000000 1.0000000000000000 1.0000000000000000 0
1.0000000000000000 1.0000000000000000 1.0000000000000000 1.0000000000000000 0
1.0000000000000000 1.0000000000000000 1.0000000000000000 1.0000000000000000 0
1.0000000000000000 1.0000000000000000 1.0000000000000000 1.0000000000000000 0
1.0000000000000000 1.0000000000000000 1.0000000000000000 1.0000000000000000 0
1.0000000000000000 1.0000000000000000 1.0000000000000000 1.0000000000000000 0
1.0000000000000000 1.0000000000000000 1.0000000000000000 1.0000000000000000 0
1.0000000000000000 1.0000000000000000 1.0000000000000000 1.0000000000000000 0
1.0000000000000000 1.0000000000000000 1.0000000000000000 1.0000000000000000 0
1.0000000000000000 1.0000000000000000 1.0000000000000000 1.0000000000000000 0
1.0000000000000000 1.0000000000000000 1.0000000000000000 1.0000000000000000 0
1.0000000000000000 1.0000000000000000 1.0000000000000000 1.0000000000000000 0
1.0000000000000000 1.0000000000000000 1.0000000000000000 1.0000000000000000 0
1.0000000000000000 1.0000000000000000 1.0000000000000000 1.0000000000000000 0
1.0000000000000000 1.0000000000000000 1.0000000000000000 1.0000000000000000 0
1.0000000000000000 1.0000000000000000 1.0000000000000000 1.0000000000000000 0
1.0000000000000000 1.0000000000000000 1.0000000000000000 1.0000000000000000 0
1.0000000000000000 1.0000000000000000 1.0000000000000000 1.0000000000000000 0
1.0000000000000000 1.0000000000000000 1.0000000000000000 1.0000000000000000 0
1.0000000000000000 1.0000000000000000 1.0000000000000000 1.0000000000000000 0
1.0000000000000000 1.0000000000000000 1.0000000000000000 1.0000000000000000 0
1.0000000000000000 1.0000000000000000 1.0000000000000000 1.0000000000000000 0
1.0000000000000000 1.0000000000000000 1.0000000000000000 1.0000000000000000 0
1.0000000000000000 1.0000000000000000 1.0000000000000000 1.0000000000000000 0
1.0000000000000000 1.0000000000000000 1.0000000000000000 1.0000000000000000 0
1.0000000000000000 1.0000000000000000 1.0000000000000000 1.0000000000000000 0
1.0000000000000000 1.0000000000000000 1.0000000000000000 1.0000000000000000 0
1.0000000000000000 1.0000000000000000 1.0000000000000000 1.0000000000000000 0
1.0000000000000000 1.0000000000000000 1.0000000000000000 1.0000000000000000 0
1.0000000000000000 1.0000000000000000 1.0000000000000000 1.0000000000000000 0
1.0000000000000000 1.0000000000000000 1.0000000000000000 1.0000000000000000 0
1.0000000000000000 1.0000000000000000 1.0000000000000000 1.0000000000000000 0
1.0000000000000000 1.0000000000000000 1.0000000000000000 1.0000000000000000 0
1.0000000000000000 1.0000000000000000 1.0000000000000000 1.0000000000000000 0
1.0000000000000000 1.0000000000000000 1.0000000000000000 1.0000000000000000 0
1.0000000000000000 1.0000000000000000 1.0000000000000000 1.0000000000000000 0
1.0000000000000000 1.0000000000000000 1.0000000000000000 1.0000000000000000 0
1.0000000000000000 1.0000000000000000 1.0000000000000000 1.0000000000000000 0
1.0000000000000000 1.0000000000000000 1.0000000000000000 1.0000000000000000 0
1.0000000000000000 1.0000000000000000 1.0000000000000000 1.0000000000000000 0
1.0000000000000000 1.0000000000000000 1.0000000000000000 1.0000000000000000 0
1.0000000000000000 1.0000000000000000 1.0000000000000000 1.0000000000000000 0
1.0000000000000000 1.0000000000000000 1.0000000000000000 1.0000000000000000 0
1.0000000000000000 1.0000000000000000 1.0000000000000000 1.0000000000000000 0
1.0000000000000000 1.0000000000000000 1.0000000000000000 1.0000000000000000 0
1.0000000000000000 1.0000000000000000 1.0000000000000000 1.0000000000000000 0
1.0000000000000000 1.0000000000000000 1.0000000000000000 1.0000000000000000 0
1.0000000000000000 1.0000000000000000 1.0000000000000000 1.0000000000000000 0
0.1000000014901161 0.1000000014901161 0.1000000014901161 0.1000000014901161 0.1000000014901161 0.1000000014901161
0.1000000014901161 0.1000000014901161 0.1000000014901161 0.1000000014901161 0.1000000014901161 0.1000000014901161
0.1000000014901161 0.1000000014901161 0.1000000014901161 0.1000000014901161 0.1000000014901161 0.1000000014901161
0.1000000014901161 0.1000000014901161 0.1000000014901161 0.1000000014901161 0.1000000014901161 0.1000000014901161
0.1000000014901161 0.1000000014901161 0.1000000014901161 0.1000000014901161 0.1000000014901161 0.1000000014901161
0.1000000014901161 0.1000000014901161 0.1000000014901161 0.1000000014901161 0.1000000014901161 0.1000000014901161
0.1000000014901161 0.1000000014901161 0.1000000014901161 0.1000000014901161 0.1000000014901161 0.1000000014901161
0.1000000014901161 0.1000000014901161 0.1000000014901161 0.1000000014901161 0.1000000014901161 0.1000000014901161
0.1000000014901161 0.1000000014901161 0.1000000014901161 0.1000000014901161 0.1000000014901161 0.1000000014901161
0.1000000014901161 0.1000000014901161 0.1000000014901161 0.1000000014901161 0.1000000014901161 0.1000000014901161
0.1000000014901161 0.1000000014901161 0.1000000014901161 0.1000000014901161 0.1000000014901161 0.1000000014901161
0.1000000014901161 0.1000000014901161 0.1000000014901161 0.1000000014901161 0.1000000014901161 0.1000000014901161
0.1000000014901161 0.1000000014901161 0.1000000014901161 0.1000000014901161 0.1000000014901161 0.1000000014901161
0.1000000014901161 0.1000000014901161 0.1000000014901161 0.1000000014901161 0.1000000014901161 0.1000000014901161
0.1000000014901161 0.1000000014901161 0.1000000014901161 0.1000000014901161 0.1000000014901161 0.1000000014901161
0.1000000014901161 0.1000000014901161 0.1000000014901161 0.1000000014901161 0.1000000014901161 0.1000000014901161
0.1000000014901161 0.1000000014901161 0.1000000014901161 0.1000000014901161 0.1000000014901161 0.1000000014901161
0.1000000014901161 0.1000000014901161 0.1000000014901161 0.1000000014901161 0.1000000014901161 0.1000000014901161
0.1000000014901161 0.1000000014901161 0.1000000014901161 0.1000000014901161 0.1000000014901161 0.1000000014901161
0.1000000014901161 0.1000000014901161 0.1000000014901161 0.1000000014901161 0.1000000014901161 0.1000000014901161
0.1000000014901161 0.1000000014901161 0.1000000014901161 0.1000000014901161 0.1000000014901161 0.1000000014901161
0.1000000014901161 0.1000000014901161 0.1000000014901161 0.1000000014901161 0.1000000014901161 0.1000000014901161
0.1000000014901161 0.1000000014901161 0.1000000014901161 0.1000000014901161 0.1000000014901161 0.1000000014901161
0.1000000014901161 0.1000000014901161 0.1000000014901161 0.1000000014901161 0.1000000014901161 0.1000000014901161
0.1000000014901161 0.1000000014901161 0.1000000014901161 0.1000000014901161 0.1000000014901161 0.1000000014901161
0.1000000014901161 0.1000000014901161 0.1000000014901161 0.1000000014901161 0.1000000014901161 0.1000000014901161
0.1000000014901161 0.1000000014901161 0.1000000014901161 0.1000000014901161 0.1000000014901161 0.1000000014901161
0.1000000014901161 0.1000000014901161 0.1000000014901161 0.1000000014901161 0.1000000014901161 0.1000000014901161
0.1000000014901161 0.1000000014901161 0.1000000014901161 0.1000000014901161 0.1000000014901161 0.1000000014901161
0.1000000014901161 0.1000000014901161 0.1000000014901161 0.1000000014901161 0.1000000014901161 0.1000000014901161
0.1000000014901161 0.1000000014901161 0.1000000014901161 0.1000000014901161 0.1000000014901161 0.1000000014901161
0.1000000014901161 0.1000000014901161 0.1000000014901161 0.1000000014901161 0.1000000014901161 0.1000000014901161
0.1000000014901161 0.1000000014901161 0.1000000014901161 0.1000000014901161 0.1000000014901161 0.1000000014901161
0.1000000014901161 0.1000000014901161 0.1000000014901161 0.1000000014901161 0.1000000014901161 0.1000000014901161
0.1000000014901161 0.1000000014901161 0.1000000014901161 0.1000000014901161 0.1000000014901161 0.1000000014901161
0.1000000014901161 0.1000000014901161 0.1000000014901161 0.1000000014901161 0.1000000014901161 0.1000000014901161
0.1000000014901161 0.1000000014901161 0.1000000014901161 0.1000000014901161 0.1000000014901161 0.1000000014901161
0.1000000014901161 0.1000000014901161 0.1000000014901161 0.1000000014901161 0.1000000014901161 0.1000000014901161
0.1000000014901161 0.1000000014901161 0.1000000014901161 0.1000000014901161 0.1000000014901161 0.1000000014901161
0.1000000014901161 0.1000000014901161 0.1000000014901161 0.1000000014901161 0.1000000014901161 0.1000000014901161
0.1000000014901161 0.1000000014901161 0.1000000014901161 0.1000000014901161 0.1000000014901161 0.1000000014901161
0.1000000014901161 0.1000000014901161 0.1000000014901161 0.1000000014901161 0.1000000014901161 0.1000000014901161
0.1000000014901161 0.1000000014901161 0.1000000014901161 0.1000000014901161 0.1000000014901161 0.1000000014901161
0.1000000014901161 0.1000000014901161 0.1000000014901161 0.1000000014901161 0.1000000014901161 0.1000000014901161
0.1000000014901161 0.1000000014901161 0.1000000014901161 0.1000000014901161 0.1000000014901161 0.1000000014901161
0.1000000014901161 0.1000000014901161 0.1000000014901161 0.1000000014901161 0.1000000014901161 0.1000000014901161
0.1000000014901161 0.1000000014901161 0.1000000014901161 0.1000000014901161 0.1000000014901161 0.1000000014901161
0.1000000014901161 0.1000000014901161 0.1000000014901161 0.1000000014901161 0.1000000014901161 0.1000000014901161
0.1000000014901161 0.1000000014901161 0.1000000014901161 0.1000000014901161 0.1000000014901161 0.1000000014901161
0.1000000014901161 0.1000000014901161 0.1000000014901161 0.1000000014901161 0.1000000014901161 0.1000000014901161
0.1000000014901161 0.1000000014901161 0.1000000014901161 0.1000000014901161 0.1000000014901161 0.1000000014901161
0.1000000014901161 0.1000000014901161 0.1000000014901161 0.1000000014901161 0.1000000014901161 0.1000000014901161
0.1000000014901161 0.1000000014901161 0.1000000014901161 0.1000000014901161 0.1000000014901161 0.1000000014901161
0.1000000014901161 0.1000000014901161 0.1000000014901161 0.1000000014901161 0.1000000014901161 0.1000000014901161
0.1000000014901161 0.1000000014901161 0.1000000014901161 0.1000000014901161 0.1000000014901161 0.1000000014901161
0.1000000014901161 0.1000000014901161 0.1000000014901161 0.1000000014901161 0.1000000014901161 0.1000000014901161
0.1000000014901161 0.1000000014901161 0.1000000014901161 0.1000000014901161 0.1000000014901161 0.1000000014901161
0.1000000014901161 0.1000000014901161 0.1000000014901161 0.1000000014901161 0.1000000014901161 0.1000000014901161
0.1000000014901161 0.1000000014901161 0.1000000014901161 0.1000000014901161 0.1000000014901161 0.1000000014901161
0.1000000014901161 0.1000000014901161 0.1000000014901161 0.1000000014901161 0.1000000014901161 0.1000000014901161
0.1000000014901161 0.1000000014901161 0.1000000014901161 0.1000000014901161 0.1000000014901161 0.1000000014901161
0.1000000014901161 0.1000000014901161 0.1000000014901161 0.1000000014901161 0.1000000014901161 0.1000000014901161
0.1000000014901161 0.1000000014901161 0.1000000014901161 0.1000000014901161 0.1000000014901161 0.1000000014901161
0.1000000014901161 0.1000000014901161 0.1000000014901161 0.1000000014901161 0.1000000014901161 0.1000000014901161
0.1000000014901161 0.1000000014901161 0.1000000014901161 0.1000000014901161 0.1000000014901161 0.1000000014901161
0.1000000014901161 0.1000000014901161 0.1000000014901161 0.1000000014901161 0.1000000014901161 0.1000000014901161
0.1000000014901161 0.1000000014901161 0.1000000014901161 0.1000000014901161 0.1000000014901161 0.1000000014901161
0.1000000014901161 0.1000000014901161 0.1000000014901161 0.1000000014901161 0.1000000014901161 0.1000000014901161
0.1000000014901161 0.1000000014901161 0.1000000014901161 0.1000000014901161 0.1000000014901161 0.1000000014901161
0.1000000014901161 0.1000000014901161 0.1000000014901161 0.1000000014901161 0.1000000014901161 0.1000000014901161
0.1000000014901161 0.1000000014901161 0.1000000014901161 0.1000000014901161 0.1000000014901161 0.1000000014901161
0.1000000014901161 0.1000000014901161 0.1000000014901161 0.1000000014901161 0.1000000014901161 0.1000000014901161
0.1000000014901161 0.1000000014901161 0.1000000014901161 0.1000000014901161 0.1000000014901161 0.1000000014901161
0.1000000014901161 0.1000000014901161 0.1000000014901161 0.1000000014901161 0.1000000014901161 0.1000000014901161
0.1000000014901161 0.1000000014901161 0.1000000014901161 0.1000000014901161 0.1000000014901161 0.1000000014901161
0.1000000014901161 0.1000000014901161 0.1000000014901161 0.1000000014901161 0.1000000014901161 0.1000000014901161
0.1000000014901161 0.1000000014901161 0.1000000014901161 0.1000000014901161 0.1000000014901161 0.1000000014901161
0.1000000014901161 0.1000000014901161 0.1000000014901161 0.1000000014901161 0.1000000014901161 0.1000000014901161
0.1000000014901161 0.1000000014901161 0.1000000014901161 0.1000000014901161 0.1000000014901161 0.1000000014901161
0.1000000014901161 0.1000000014901161 0.1000000014901161 0.1000000014901161 0.1000000014901161 0.1000000014901161
0.1000000014901161 0.1000000014901161 0.1000000014901161 0.1000000014901161 0.1000000014901161 0.1000000014901161
0.1000000014901161 0.1000000014901161 0.1000000014901161 0.1000000014901161 0.1000000014901161 0.1000000014901161
0.1000000014901161 0.1000000014901161 0.1000000014901161 0.1000000014901161 0.1000000014901161 0.1000000014901161
0.1000000014901161 0.1000000014901161 0.1000000014901161 0.1000000014901161 0.1000000014901161 0.1000000014901161
0.1000000014901161 0.1000000014901161 0.1000000014901161 0.1000000014901161 0.1000000014901161 0.1000000014901161
0.1000000014901161 0.1000000014901161 0.1000000014901161 0.1000000014901161 0.1000000014901161 0.1000000014901161
0.1000000014901161 0.1000000014901161 0.1000000014901161 0.1000000014901161 0.1000000014901161 0.1000000014901161
0.1000000014901161 0.1000000014901161 0.1000000014901161 0.1000000014901161 0.1000000014901161 0.1000000014901161
0.1000000014901161 0.1000000014901161 0.1000000014901161 0.1000000014901161 0.1000000014901161 0.1000000014901161
0.1000000014901161 0.1000000014901161 0.1000000014901161 0.1000000014901161 0.1000000014901161 0.1000000014901161
0.1000000014901161 0.1000000014901161 0.1000000014901161 0.1000000014901161 0.1000000014901161 0.1000000014901161
0.1000000014901161 0.1000000014901161 0.1000000014901161 0.1000000014901161 0.1000000014901161 0.1000000014901161
0.1000000014901161 0.1000000014901161 0.1000000014901161 0.1000000014901161 0.1000000014901161 0.1000000014901161
0.1000000014901161 0.1000000014901161 0.1000000014901161 0.1000000014901161 0.1000000014901161 0.1000000014901161
0.1000000014901161 0.1000000014901161 0.1000000014901161 0.1000000014901161 0.1000000014901161 0.1000000014901161
0.1000000014901161 0.1000000014901161 0.1000000014901161 0.1000000014901161 0.1000000014901161 0.1000000014901161
0.1000000014901161 0.1000000014901161 0.1000000014901161 0.1000000014901161 0.1000000014901161 0.1000000014901161
0.1000000014901161 0.1000000014901161 0.1000000014901161 0.1000000014901161 0.1000000014901161 0.1000000014901161
0.1000000014901161 0.1000000014901161 0.1000000014901161 0.1000000014901161 0.1000000014901161 0.1000000014901161
0.1000000014901161 0.1000000014901161 0.1000000014901161 0.1000000014901161 0.1000000014901161 0.1000000014901161
0.1000000014901161 0.1000000014901161 0.1000000014901161 0.1000000014901161 0.1000000014901161 0.1000000014901161
0.1000000014901161 0.1000000014901161 0.1000000014901161 0.1000000014901161 0.1000000014901161 0.1000000014901161
0.1000000014901161 0.1000000014901161 0.1000000014901161 0.1000000014901161 0.1000000014901161 0.1000000014901161
0.1000000014901161 0.1000000014901161 0.1000000014901161 0.1000000014901161 0.1000000014901161 0.1000000014901161
0.1000000014901161 0.1000000014901161 0.1000000014901161 0.1000000014901161 0.1000000014901161 0.1000000014901161
0.1000000014901161 0.1000000014901161 0.1000000014901161 0.1000000014901161 0.1000000014901161 0.1000000014901161
0.1000000014901161 0.1000000014901161 0.1000000014901161 0.1000000014901161 0.1000000014901161 0.1000000014901161
0.1000000014901161 0.1000000014901161 0.1000000014901161 0.1000000014901161 0.1000000014901161 0.1000000014901161
0.1000000014901161 0.1000000014901161 0.1000000014901161 0.1000000014901161 0.1000000014901161 0.1000000014901161
0.1000000014901161 0.1000000014901161 0.1000000014901161 0.1000000014901161 0.1000000014901161 0.1000000014901161
0.1000000014901161 0.1000000014901161 0.1000000014901161 0.1000000014901161 0.1000000014901161 0.1000000014901161
0.1000000014901161 0.1000000014901161 0.1000000014901161 0.1000000014901161 0.1000000014901161 0.1000000014901161
0.1000000014901161 0.1000000014901161 0.1000000014901161 0.1000000014901161 0.1000000014901161 0.1000000014901161
0.1000000014901161 0.1000000014901161 0.1000000014901161 0.1000000014901161 0.1000000014901161 0.1000000014901161
0.1000000014901161 0.1000000014901161 0.1000000014901161 0.1000000014901161 0.1000000014901161 0.1000000014901161
0.1000000014901161 0.1000000014901161 0.1000000014901161 0.1000000014901161 0.1000000014901161 0.1000000014901161
0.1000000014901161 0.1000000014901161 0.1000000014901161 0.1000000014901161 0.1000000014901161 0.1000000014901161
0.1000000014901161 0.1000000014901161 0.1000000014901161 0.1000000014901161 0.1000000014901161 0.1000000014901161
0.1000000014901161 0.1000000014901161 0.1000000014901161 0.1000000014901161 0.1000000014901161 0.1000000014901161
0.1000000014901161 0.1000000014901161 0.1000000014901161 0.1000000014901161 0.1000000014901161 0.1000000014901161
0.1000000014901161 0.1000000014901161 0.1000000014901161 0.1000000014901161 0.1000000014901161 0.1000000014901161
0.1000000014901161 0.1000000014901161 0.1000000014901161 0.1000000014901161 0.1000000014901161 0.1000000014901161
0.1000000014901161 0.1000000014901161 0.1000000014901161 0.1000000014901161 0.1000000014901161 0.1000000014901161
0.1000000014901161 0.1000000014901161 0.1000000014901161 0.1000000014901161 0.1000000014901161 0.1000000014901161
0.1000000014901161 0.1000000014901161 0.1000000014901161 0.1000000014901161 0.1000000014901161 0.1000000014901161
0.1000000014901161 0.1000000014901161 0.1000000014901161 0.1000000014901161 0.1000000014901161 0.1000000014901161
0.1000000014901161 0.1000000014901161 0.1000000014901161 0.1000000014901161 0.1000000014901161 0.1000000014901161
0.1000000014901161 0.1000000014901161 0.1000000014901161 0.1000000014901161 0.1000000014901161 0.1000000014901161
1.0000000000000000 1.0000000000000000 1.0000000000000000 1.0000000000000000 0
1.0000000000000000 1.0000000000000000 1.0000000000000000 1.0000000000000000 0
1.0000000000000000 1.0000000000000000 1.0000000000000000 1.0000000000000000 0
1.0000000000000000 1.0000000000000000 1.0000000000000000 1.0000000000000000 0
1.0000000000000000 1.0000000000000000 1.0000000000000000 1.0000000000000000 0
1.0000000000000000 1.0000000000000000 1.0000000000000000 1.0000000000000000 0
1.0000000000000000 1.0000000000000000 1.0000000000000000 1.0000000000000000 0
1.0000000000000000 1.0000000000000000 1.0000000000000000 1.0000000000000000 0
1.0000000000000000 1.0000000000000000 1.0000000000000000 1.0000000000000000 0
1.0000000000000000 1.0000000000000000 1.0000000000000000 1.0000000000000000 0
1.0000000000000000 1.0000000000000000 1.0000000000000000 1.0000000000000000 0
1.0000000000000000 1.0000000000000000 1.0000000000000000 1.0000000000000000 0
1.0000000000000000 1.0000000000000000 1.0000000000000000 1.0000000000000000 0
1.0000000000000000 1.0000000000000000 1.0000000000000000 1.0000000000000000 0
1.0000000000000000 1.0000000000000000 1.0000000000000000 1.0000000000000000 0
1.0000000000000000 1.0000000000000000 1.0000000000000000 1.0000000000000000 0
1.0000000000000000 1.0000000000000000 1.0000000000000000 1.0000000000000000 0
1.0000000000000000 1.0000000000000000 1.0000000000000000 1.0000000000000000 0
1.0000000000000000 1.0000000000000000 1.0000000000000000 1.0000000000000000 0
1.0000000000000000 1.0000000000000000 1.0000000000000000 1.0000000000000000 0
1.0000000000000000 1.0000000000000000 1.0000000000000000 1.0000000000000000 0
1.0000000000000000 1.0000000000000000 1.0000000000000000 1.0000000000000000 0
1.0000000000000000 1.0000000000000000 1.0000000000000000 1.0000000000000000 0
1.0000000000000000 1.0000000000000000 1.0000000000000000 1.0000000000000000 0
1.0000000000000000 1.0000000000000000 1.0000000000000000 1.0000000000000000 0
1.0000000000000000 1.0000000000000000 1.0000000000000000 1.0000000000000000 0
1.0000000000000000 1.0000000000000000 1.0000000000000000 1.0000000000000000 0
1.0000000000000000 1.0000000000000000 1.0000000000000000 1.0000000000000000 0
1.0000000000000000 1.0000000000000000 1.0000000000000000 1.0000000000000000 0
1.0000000000000000 1.0000000000000000 1.0000000000000000 1.0000000000000000 0
1.0000000000000000 1.0000000000000000 1.0000000000000000 1.0000000000000000 0
1.0000000000000000 1.0000000000000000 1.0000000000000000 1.0000000000000000 0
1.0000000000000000 1.0000000000000000 1.0000000000000000 1.0000000000000000 0
1.0000000000000000 1.0000000000000000 1.0000000000000000 1.0000000000000000 0
1.0000000000000000 1.0000000000000000 1.0000000000000000 1.0000000000000000 0
1.0000000000000000 1.0000000000000000 1.0000000000000000 1.0000000000000000 0
1.0000000000000000 1.0000000000000000 1.0000000000000000 1.0000000000000000 0
1.0000000000000000 1.0000000000000000 1.0000000000000000 1.0000000000000000 0
1.0000000000000000 1.0000000000000000 1.0000000000000000 1.0000000000000000 0
1.0000000000000000 1.0000000000000000 1.0000000000000000 1.0000000000000000 0
1.0000000000000000 1.0000000000000000 1.0000000000000000 1.0000000000000000 0
1.0000000000000000 1.0000000000000000 1.0000000000000000 1.0000000000000000 0
1.0000000000000000 1.0000000000000000 1.0000000000000000 1.0000000000000000 0
1.0000000000000000 1.0000000000000000 1.0000000000000000 1.0000000000000000 0
1.0000000000000000 1.0000000000000000 1.0000000000000000 1.0000000000000000 0
1.0000000000000000 1.0000000000000000 1.0000000000000000 1.0000000000000000 0
1.0000000000000000 1.0000000000000000 1.0000000000000000 1.0000000000000000 0
1.0000000000000000 1.0000000000000000 1.0000000000000000 1.0000000000000000 0
1.0000000000000000 1.0000000000000000 1.0000000000000000 1.0000000000000000 0
1.0000000000000000 1.0000000000000000 1.0000000000000000 1.0000000000000000 0
1.0000000000000000 1.0000000000000000 1.0000000000000000 1.0000000000000000 0
1.0000000000000000 1.0000000000000000 1.0000000000000000 1.0000000000000000 0
1.0000000000000000 1.0000000000000000 1.0000000000000000 1.0000000000000000 0
1.0000000000000000 1.0000000000000000 1.0000000000000000 1.0000000000000000 0
1.0000000000000000 1.0000000000000000 1.0000000000000000 1.0000000000000000 0
1.0000000000000000 1.0000000000000000 1.0000000000000000 1.0000000000000000 0
1.0000000000000000 1.0000000000000000 1.0000000000000000 1.0000000000000000 0
1.0000000000000000 1.0000000000000000 1.0000000000000000 1.0000000000000000 0
1.0000000000000000 1.0000000000000000 1.0000000000000000 1.0000000000000000 0
1.0000000000000000 1.0000000000000000 1.0000000000000000 1.0000000000000000 0
1.0000000000000000 1.0000000000000000 1.0000000000000000 1.0000000000000000 0
1.0000000000000000 1.0000000000000000 1.0000000000000000 1.0000000000000000 0
1.0000000000000000 1.0000000000000000 1.0000000000000000 1.0000000000000000 0
1.0000000000000000 1.0000000000000000 1.0000000000000000 1.0000000000000000 0
0.1000000014901161 0.1000000014901161 0.1000000014901161 0.1000000014901161 0.1000000014901161 0.1000000014901161
0.1000000014901161 0.1000000014901161 0.1000000014901161 0.1000000014901161 0.1000000014901161 0.1000000014901161
0.1000000014901161 0.1000000014901161 0.1000000014901161 0.1000000014901161 0.1000000014901161 0.1000000014901161
0.1000000014901161 0.1000000014901161 0.1000000014901161 0.1000000014901161 0.1000000014901161 0.1000000014901161
0.1000000014901161 0.1000000014901161 0.1000000014901161 0.1000000014901161 0.1000000014901161 0.1000000014901161
0.1000000014901161 0.1000000014901161 0.1000000014901161 0.1000000014901161 0.1000000014901161 0.1000000014901161
0.1000000014901161 0.1000000014901161 0.1000000014901161 0.1000000014901161 0.1000000014901161 0.1000000014901161
0.1000000014901161 0.1000000014901161 0.1000000014901161 0.1000000014901161 0.1000000014901161 0.1000000014901161
0.1000000014901161 0.1000000014901161 0.1000000014901161 0.1000000014901161 0.1000000014901161 0.1000000014901161
0.1000000014901161 0.1000000014901161 0.1000000014901161 0.1000000014901161 0.1000000014901161 0.1000000014901161
0.1000000014901161 0.1000000014901161 0.1000000014901161 0.1000000014901161 0.1000000014901161 0.1000000014901161
0.1000000014901161 0.1000000014901161 0.1000000014901161 0.1000000014901161 0.1000000014901161 0.1000000014901161
0.1000000014901161 0.1000000014901161 0.1000000014901161 0.1000000014901161 0.1000000014901161 0.1000000014901161
0.1000000014901161 0.1000000014901161 0.1000000014901161 0.1000000014901161 0.1000000014901161 0.1000000014901161
0.1000000014901161 0.1000000014901161 0.1000000014901161 0.1000000014901161 0.1000000014901161 0.1000000014901161
0.1000000014901161 0.1000000014901161 0.1000000014901161 0.1000000014901161 0.1000000014901161 0.1000000014901161
0.1000000014901161 0.1000000014901161 0.1000000014901161 0.1000000014901161 0.1000000014901161 0.1000000014901161
0.1000000014901161 0.1000000014901161 0.1000000014901161 0.1000000014901161 0.1000000014901161 0.1000000014901161
0.1000000014901161 0.1000000014901161 0.1000000014901161 0.1000000014901161 0.1000000014901161 0.1000000014901161
0.1000000014901161 0.1000000014901161 0.1000000014901161 0.1000000014901161 0.1000000014901161 0.1000000014901161
0.1000000014901161 0.1000000014901161 0.1000000014901161 0.1000000014901161 0.1000000014901161 0.1000000014901161
0.1000000014901161 0.1000000014901161 0.1000000014901161 0.1000000014901161 0.1000000014901161 0.1000000014901161
0.1000000014901161 0.1000000014901161 0.1000000014901161 0.1000000014901161 0.1000000014901161 0.1000000014901161
0.1000000014901161 0.1000000014901161 0.1000000014901161 0.1000000014901161 0.1000000014901161 0.1000000014901161
0.1000000014901161 0.1000000014901161 0.1000000014901161 0.1000000014901161 0.1000000014901161 0.1000000014901161
0.1000000014901161 0.1000000014901161 0.1000000014901161 0.1000000014901161 0.1000000014901161 0.1000000014901161
0.1000000014901161 0.1000000014901161 0.1000000014901161 0.1000000014901161 0.1000000014901161 0.1000000014901161
0.1000000014901161 0.1000000014901161 0.1000000014901161 0.1000000014901161 0.1000000014901161 0.1000000014901161
0.1000000014901161 0.1000000014901161 0.1000000014901161 0.1000000014901161 0.1000000014901161 0.1000000014901161
0.1000000014901161 0.1000000014901161 0.1000000014901161 0.1000000014901161 0.1000000014901161 0.1000000014901161
0.1000000014901161 0.1000000014901161 0.1000000014901161 0.1000000014901161 0.1000000014901161 0.1000000014901161
0.1000000014901161 0.1000000014901161 0.1000000014901161 0.1000000014901161 0.1000000014901161 0.1000000014901161
0.1000000014901161 0.1000000014901161 0.1000000014901161 0.1000000014901161 0.1000000014901161 0.1000000014901161
0.1000000014901161 0.1000000014901161 0.1000000014901161 0.1000000014901161 0.1000000014901161 0.1000000014901161
0.1000000014901161 0.1000000014901161 0.1000000014901161 0.1000000014901161 0.1000000014901161 0.1000000014901161
0.1000000014901161 0.1000000014901161 0.1000000014901161 0.1000000014901161 0.1000000014901161 0.1000000014901161
0.1000000014901161 0.1000000014901161 0.1000000014901161 0.1000000014901161 0.1000000014901161 0.1000000014901161
0.1000000014901161 0.1000000014901161 0.1000000014901161 0.1000000014901161 0.1000000014901161 0.1000000014901161
0.1000000014901161 0.1000000014901161 0.1000000014901161 0.1000000014901161 0.1000000014901161 0.1000000014901161
0.1000000014901161 0.1000000014901161 0.1000000014901161 0.1000000014901161 0.1000000014901161 0.1000000014901161
0.1000000014901161 0.1000000014901161 0.1000000014901161 0.1000000014901161 0.1000000014901161 0.1000000014901161
0.1000000014901161 0.1000000014901161 0.1000000014901161 0.1000000014901161 0.1000000014901161 0.1000000014901161
0.1000000014901161 0.1000000014901161 0.1000000014901161 0.1000000014901161 0.1000000014901161 0.1000000014901161
0.1000000014901161 0.1000000014901161 0.1000000014901161 0.1000000014901161 0.1000000014901161 0.1000000014901161
0.1000000014901161 0.1000000014901161 0.1000000014901161 0.1000000014901161 0.1000000014901161 0.1000000014901161
0.1000000014901161 0.1000000014901161 0.1000000014901161 0.1000000014901161 0.1000000014901161 0.1000000014901161
0.1000000014901161 0.1000000014901161 0.1000000014901161 0.1000000014901161 0.1000000014901161 0.1000000014901161
0.1000000014901161 0.1000000014901161 0.1000000014901161 0.1000000014901161 0.1000000014901161 0.1000000014901161
0.1000000014901161 0.1000000014901161 0.1000000014901161 0.1000000014901161 0.1000000014901161 0.1000000014901161
0.1000000014901161 0.1000000014901161 0.1000000014901161 0.1000000014901161 0.1000000014901161 0.1000000014901161
0.1000000014901161 0.1000000014901161 0.1000000014901161 0.1000000014901161 0.1000000014901161 0.1000000014901161
0.1000000014901161 0.1000000014901161 0.1000000014901161 0.1000000014901161 0.1000000014901161 0.1000000014901161
0.1000000014901161 0.1000000014901161 0.1000000014901161 0.1000000014901161 0.1000000014901161 0.1000000014901161
0.1000000014901161 0.1000000014901161 0.1000000014901161 0.1000000014901161 0.1000000014901161 0.1000000014901161
0.1000000014901161 0.1000000014901161 0.1000000014901161 0.1000000014901161 0.1000000014901161 0.1000000014901161
0.1000000014901161 0.1000000014901161 0.1000000014901161 0.1000000014901161 0.1000000014901161 0.1000000014901161
0.1000000014901161 0.1000000014901161 0.1000000014901161 0.1000000014901161 0.1000000014901161 0.1000000014901161
0.1000000014901161 0.1000000014901161 0.1000000014901161 0.1000000014901161 0.1000000014901161 0.1000000014901161
0.1000000014901161 0.1000000014901161 0.1000000014901161 0.1000000014901161 0.1000000014901161 0.1000000014901161
0.1000000014901161 0.1000000014901161 0.1000000014901161 0.1000000014901161 0.1000000014901161 0.1000000014901161
0.1000000014901161 0.1000000014901161 0.1000000014901161 0.1000000014901161 0.1000000014901161 0.1000000014901161
0.1000000014901161 0.1000000014901161 0.1000000014901161 0.1000000014901161 0.1000000014901161 0.1000000014901161
0.1000000014901161 0.1000000014901161 0.1000000014901161 0.1000000014901161 0.1000000014901161 0.1000000014901161
0.1000000014901161 0.1000000014901161 0.1000000014901161 0.1000000014901161 0.1000000014901161 0.1000000014901161
0.1000000014901161 0.1000000014901161 0.1000000014901161 0.1000000014901161 0.1000000014901161 0.1000000014901161
0.1000000014901161 0.1000000014901161 0.1000000014901161 0.1000000014901161 0.1000000014901161 0.1000000014901161
0.1000000014901161 0.1000000014901161 0.1000000014901161 0.1000000014901161 0.1000000014901161 0.1000000014901161
0.1000000014901161 0.1000000014901161 0.1000000014901161 0.1000000014901161 0.1000000014901161 0.1000000014901161
0.1000000014901161 0.1000000014901161 0.1000000014901161 0.1000000014901161 0.1000000014901161 0.1000000014901161
0.1000000014901161 0.1000000014901161 0.1000000014901161 0.1000000014901161 0.1000000014901161 0.1000000014901161
0.1000000014901161 0.1000000014901161 0.1000000014901161 0.1000000014901161 0.1000000014901161 0.1000000014901161
0.1000000014901161 0.1000000014901161 0.1000000014901161 0.1000000014901161 0.1000000014901161 0.1000000014901161
0.1000000014901161 0.1000000014901161 0.1000000014901161 0.1000000014901161 0.1000000014901161 0.1000000014901161
0.1000000014901161 0.1000000014901161 0.1000000014901161 0.1000000014901161 0.1000000014901161 0.1000000014901161
0.1000000014901161 0.1000000014901161 0.1000000014901161 0.1000000014901161 0.1000000014901161 0.1000000014901161
0.1000000014901161 0.1000000014901161 0.1000000014901161 0.1000000014901161 0.1000000014901161 0.1000000014901161
0.1000000014901161 0.1000000014901161 0.1000000014901161 0.1000000014901161 0.1000000014901161 0.1000000014901161
0.1000000014901161 0.1000000014901161 0.1000000014901161 0.1000000014901161 0.1000000014901161 0.1000000014901161
0.1000000014901161 0.1000000014901161 0.1000000014901161 0.1000000014901161 0.1000000014901161 0.1000000014901161
0.1000000014901161 0.1000000014901161 0.1000000014901161 0.1000000014901161 0.1000000014901161 0.1000000014901161
0.1000000014901161 0.1000000014901161 0.1000000014901161 0.1000000014901161 0.1000000014901161 0.1000000014901161
0.1000000014901161 0.1000000014901161 0.1000000014901161 0.1000000014901161 0.1000000014901161 0.1000000014901161
0.1000000014901161 0.1000000014901161 0.1000000014901161 0.1000000014901161 0.1000000014901161 0.1000000014901161
0.1000000014901161 0.1000000014901161 0.1000000014901161 0.1000000014901161 0.1000000014901161 0.1000000014901161
0.1000000014901161 0.1000000014901161 0.1000000014901161 0.1000000014901161 0.1000000014901161 0.1000000014901161
0.1000000014901161 0.1000000014901161 0.1000000014901161 0.1000000014901161 0.1000000014901161 0.1000000014901161
0.1000000014901161 0.1000000014901161 0.1000000014901161 0.1000000014901161 0.1000000014901161 0.1000000014901161
0.1000000014901161 0.1000000014901161 0.1000000014901161 0.1000000014901161 0.1000000014901161 0.1000000014901161
0.1000000014901161 0.1000000014901161 0.1000000014901161 0.1000000014901161 0.1000000014901161 0.1000000014901161
0.1000000014901161 0.1000000014901161 0.1000000014901161 0.1000000014901161 0.1000000014901161 0.1000000014901161
0.1000000014901161 0.1000000014901161 0.1000000014901161 0.1000000014901161 0.1000000014901161 0.1000000014901161
0.1000000014901161 0.1000000014901161 0.1000000014901161 0.1000000014901161 0.1000000014901161 0.1000000014901161
0.1000000014901161 0.1000000014901161 0.1000000014901161 0.1000000014901161 0.1000000014901161 0.1000000014901161
0.1000000014901161 0.1000000014901161 0.1000000014901161 0.1000000014901161 0.1000000014901161 0.1000000014901161
0.1000000014901161 0.1000000014901161 0.1000000014901161 0.1000000014901161 0.1000000014901161 0.1000000014901161
0.1000000014901161 0.1000000014901161 0.1000000014901161 0.1000000014901161 0.1000000014901161 0.1000000014901161
0.1000000014901161 0.1000000014901161 0.1000000014901161 0.1000000014901161 0.1000000014901161 0.1000000014901161
0.1000000014901161 0.1000000014901161 0.1000000014901161 0.1000000014901161 0.1000000014901161 0.1000000014901161
0.1000000014901161 0.1000000014901161 0.1000000014901161 0.1000000014901161 0.1000000014901161 0.1000000014901161
0.1000000014901161 0.1000000014901161 0.1000000014901161 0.1000000014901161 0.1000000014901161 0.1000000014901161
0.1000000014901161 0.1000000014901161 0.1000000014901161 0.1000000014901161 0.1000000014901161 0.1000000014901161
0.1000000014901161 0.1000000014901161 0.1000000014901161 0.1000000014901161 0.1000000014901161 0.1000000014901161
0.1000000014901161 0.1000000014901161 0.1000000014901161 0.1000000014901161 0.1000000014901161 0.1000000014901161
0.1000000014901161 0.1000000014901161 0.1000000014901161 0.1000000014901161 0.1000000014901161 0.1000000014901161
0.1000000014901161 0.1000000014901161 0.1000000014901161 0.1000000014901161 0.1000000014901161 0.1000000014901161
0.1000000014901161 0.1000000014901161 0.1000000014901161 0.1000000014901161 0.1000000014901161 0.1000000014901161
0.1000000014901161 0.1000000014901161 0.1000000014901161 0.1000000014901161 0.1000000014901161 0.1000000014901161
0.1000000014901161 0.1000000014901161 0.1000000014901161 0.1000000014901161 0.1000000014901161 0.1000000014901161
0.1000000014901161 0.1000000014901161 0.1000000014901161 0.1000000014901161 0.1000000014901161 0.1000000014901161
0.1000000014901161 0.1000000014901161 0.1000000014901161 0.1000000014901161 0.1000000014901161 0.1000000014901161
0.1000000014901161 0.1000000014901161 0.1000000014901161 0.1000000014901161 0.1000000014901161 0.1000000014901161
0.1000000014901161 0.1000000014901161 0.1000000014901161 0.1000000014901161 0.1000000014901161 0.1000000014901161
0.1000000014901161 0.1000000014901161 0.1000000014901161 0.1000000014901161 0.1000000014901161 0.1000000014901161
0.1000000014901161 0.1000000014901161 0.1000000014901161 0.1000000014901161 0.1000000014901161 0.1000000014901161
0.1000000014901161 0.1000000014901161 0.1000000014901161 0.1000000014901161 0.1000000014901161 0.1000000014901161
0.1000000014901161 0.1000000014901161 0.1000000014901161 0.1000000014901161 0.1000000014901161 0.1000000014901161
0.1000000014901161 0.1000000014901161 0.1000000014901161 0.1000000014901161 0.1000000014901161 0.1000000014901161
0.1000000014901161 0.1000000014901161 0.1000000014901161 0.1000000014901161 0.1000000014901161 0.1000000014901161
0.1000000014901161 0.1000000014901161 0.1000000014901161 0.1000000014901161 0.1000000014901161 0.1000000014901161
0.1000000014901161 0.1000000014901161 0.1000000014901161 0.1000000014901161 0.1000000014901161 0.1000000014901161
0.1000000014901161 0.1000000014901161 0.1000000014901161 0.1000000014901161 0.1000000014901161 0.1000000014901161
0.1000000014901161 0.1000000014901161 0.1000000014901161 0.1000000014901161 0.1000000014901161 0.1000000014901161
0.1000000014901161 0.1000000014901161 0.1000000014901161 0.1000000014901161 0.1000000014901161 0.1000000014901161
0.1000000014901161 0.1000000014901161 0.1000000014901161 0.1000000014901161 0.1000000014901161 0.1000000014901161
0.1000000014901161 0.1000000014901161 0.1000000014901161 0.1000000014901161 0.1000000014901161 0.1000000014901161
0.1000000014901161 0.1000000014901161 0.1000000014901161 0.1000000014901161 0.1000000014901161 0.1000000014901161
0.1000000014901161 0.1000000014901161 0.1000000014901161 0.1000000014901161 0.1000000014901161 0.1000000014901161
0.1000000014901161 0.1000000014901161 0.1000000014901161 0.1000000014901161 0.1000000014901161 0.1000000014901161
1.0000000000000000 1.0000000000000000 1.0000000000000000 1.0000000000000000 0
1.0000000000000000 1.0000000000000000 1.0000000000000000 1.0000000000000000 0
1.0000000000000000 1.0000000000000000 1.0000000000000000 1.0000000000000000 0
1.0000000000000000 1.0000000000000000 1.0000000000000000 1.0000000000000000 0
1.0000000000000000 1.0000000000000000 1.0000000000000000 1.0000000000000000 0
1.0000000000000000 1.0000000000000000 1.0000000000000000 1.0000000000000000 0
1.0000000000000000 1.0000000000000000 1.0000000000000000 1.0000000000000000 0
1.0000000000000000 1.0000000000000000 1.0000000000000000 1.0000000000000000 0
1.0000000000000000 1.0000000000000000 1.0000000000000000 1.0000000000000000 0
1.0000000000000000 1.0000000000000000 1.0000000000000000 1.0000000000000000 0
1.0000000000000000 1.0000000000000000 1.0000000000000000 1.0000000000000000 0
1.0000000000000000 1.0000000000000000 1.0000000000000000 1.0000000000000000 0
1.0000000000000000 1.0000000000000000 1.0000000000000000 1.0000000000000000 0
1.0000000000000000 1.0000000000000000 1.0000000000000000 1.0000000000000000 0
1.0000000000000000 1.0000000000000000 1.0000000000000000 1.0000000000000000 0
1.0000000000000000 1.0000000000000000 1.0000000000000000 1.0000000000000000 0
1.0000000000000000 1.0000000000000000 1.0000000000000000 1.0000000000000000 0
1.0000000000000000 1.0000000000000000 1.0000000000000000 1.0000000000000000 0
1.0000000000000000 1.0000000000000000 1.0000000000000000 1.0000000000000000 0
1.0000000000000000 1.0000000000000000 1.0000000000000000 1.0000000000000000 0
1.0000000000000000 1.0000000000000000 1.0000000000000000 1.0000000000000000 0
1.0000000000000000 1.0000000000000000 1.0000000000000000 1.0000000000000000 0
1.0000000000000000 1.0000000000000000 1.0000000000000000 1.0000000000000000 0
1.0000000000000000 1.0000000000000000 1.0000000000000000 1.0000000000000000 0
1.0000000000000000 1.0000000000000000 1.0000000000000000 1.0000000000000000 0
1.0000000000000000 1.0000000000000000 1.0000000000000000 1.0000000000000000 0
1.0000000000000000 1.0000000000000000 1.0000000000000000 1.0000000000000000 0
1.0000000000000000 1.0000000000000000 1.0000000000000000 1.0000000000000000 0
1.0000000000000000 1.0000000000000000 1.0000000000000000 1.0000000000000000 0
1.0000000000000000 1.0000000000000000 1.0000000000000000 1.0000000000000000 0
1.0000000000000000 1.0000000000000000 1.0000000000000000 1.0000000000000000 0
1.0000000000000000 1.0000000000000000 1.0000000000000000 1.0000000000000000 0
1.0000000000000000 1.0000000000000000 1.0000000000000000 1.0000000000000000 0
1.0000000000000000 1.0000000000000000 1.0000000000000000 1.0000000000000000 0
1.0000000000000000 1.0000000000000000 1.0000000000000000 1.0000000000000000 0
1.0000000000000000 1.0000000000000000 1.0000000000000000 1.0000000000000000 0
1.0000000000000000 1.0000000000000000 1.0000000000000000 1.0000000000000000 0
1.0000000000000000 1.0000000000000000 1.0000000000000000 1.0000000000000000 0
1.0000000000000000 1.0000000000000000 1.0000000000000000 1.0000000000000000 0
1.0000000000000000 1.0000000000000000 1.0000000000000000 1.0000000000000000 0
1.0000000000000000 1.0000000000000000 1.0000000000000000 1.0000000000000000 0
1.0000000000000000 1.0000000000000000 1.0000000000000000 1.0000000000000000 0
1.0000000000000000 1.0000000000000000 1.0000000000000000 1.0000000000000000 0
1.0000000000000000 1.0000000000000000 1.0000000000000000 1.0000000000000000 0
1.0000000000000000 1.0000000000000000 1.0000000000000000 1.0000000000000000 0
1.0000000000000000 1.0000000000000000 1.0000000000000000 1.0000000000000000 0
1.0000000000000000 1.0000000000000000 1.0000000000000000 1.0000000000000000 0
1.0000000000000000 1.0000000000000000 1.0000000000000000 1.0000000000000000 0
1.0000000000000000 1.0000000000000000 1.0000000000000000 1.0000000000000000 0
1.0000000000000000 1.0000000000000000 1.0000000000000000 1.0000000000000000 0
1.0000000000000000 1.0000000000000000 1.0000000000000000 1.0000000000000000 0
1.0000000000000000 1.0000000000000000 1.0000000000000000 1.0000000000000000 0
1.0000000000000000 1.0000000000000000 1.0000000000000000 1.0000000000000000 0
1.0000000000000000 1.0000000000000000 1.0000000000000000 1.0000000000000000 0
1.0000000000000000 1.0000000000000000 1.0000000000000000 1.0000000000000000 0
1.0000000000000000 1.0000000000000000 1.0000000000000000 1.0000000000000000 0
1.0000000000000000 1.0000000000000000 1.0000000000000000 1.0000000000000000 0
1.0000000000000000 1.0000000000000000 1.0000000000000000 1.0000000000000000 0
1.0000000000000000 1.0000000000000000 1.0000000000000000 1.0000000000000000 0
1.0000000000000000 1.0000000000000000 1.0000000000000000 1.0000000000000000 0
1.0000000000000000 1.0000000000000000 1.0000000000000000 1.0000000000000000 0
1.0000000000000000 1.0000000000000000 1.0000000000000000 1.0000000000000000 0
1.0000000000000000 1.0000000000000000 1.0000000000000000 1.0000000000000000 0
1.0000000000000000 1.0000000000000000 1.0000000000000000 1.0000000000000000 0
0.1000000014901161 0.1000000014901161 0.1000000014901161 0.1000000014901161 0.1000000014901161 0.1000000014901161
0.1000000014901161 0.1000000014901161 0.1000000014901161 0.1000000014901161 0.1000000014901161 0.1000000014901161
0.1000000014901161 0.1000000014901161 0.1000000014901161 0.1000000014901161 0.1000000014901161 0.1000000014901161
0.1000000014901161 0.1000000014901161 0.1000000014901161 0.1000000014901161 0.1000000014901161 0.1000000014901161
0.1000000014901161 0.1000000014901161 0.1000000014901161 0.1000000014901161 0.1000000014901161 0.1000000014901161
0.1000000014901161 0.1000000014901161 0.1000000014901161 0.1000000014901161 0.1000000014901161 0.1000000014901161
0.1000000014901161 0.1000000014901161 0.1000000014901161 0.1000000014901161 0.1000000014901161 0.1000000014901161
0.1000000014901161 0.1000000014901161 0.1000000014901161 0.1000000014901161 0.1000000014901161 0.1000000014901161
0.1000000014901161 0.1000000014901161 0.1000000014901161 0.1000000014901161 0.1000000014901161 0.1000000014901161
0.1000000014901161 0.1000000014901161 0.1000000014901161 0.1000000014901161 0.1000000014901161 0.1000000014901161
0.1000000014901161 0.1000000014901161 0.1000000014901161 0.1000000014901161 0.1000000014901161 0.1000000014901161
0.1000000014901161 0.1000000014901161 0.1000000014901161 0.1000000014901161 0.1000000014901161 0.1000000014901161
0.1000000014901161 0.1000000014901161 0.1000000014901161 0.1000000014901161 0.1000000014901161 0.1000000014901161
0.1000000014901161 0.1000000014901161 0.1000000014901161 0.1000000014901161 0.1000000014901161 0.1000000014901161
0.1000000014901161 0.1000000014901161 0.1000000014901161 0.1000000014901161 0.1000000014901161 0.1000000014901161
0.1000000014901161 0.1000000014901161 0.1000000014901161 0.1000000014901161 0.1000000014901161 0.1000000014901161
0.1000000014901161 0.1000000014901161 0.1000000014901161 0.1000000014901161 0.1000000014901161 0.1000000014901161
0.1000000014901161 0.1000000014901161 0.1000000014901161 0.1000000014901161 0.1000000014901161 0.1000000014901161
0.1000000014901161 0.1000000014901161 0.1000000014901161 0.1000000014901161 0.1000000014901161 0.1000000014901161
0.1000000014901161 0.1000000014901161 0.1000000014901161 0.1000000014901161 0.1000000014901161 0.1000000014901161
0.1000000014901161 0.1000000014901161 0.1000000014901161 0.1000000014901161 0.1000000014901161 0.1000000014901161
0.1000000014901161 0.1000000014901161 0.1000000014901161 0.1000000014901161 0.1000000014901161 0.1000000014901161
0.1000000014901161 0.1000000014901161 0.1000000014901161 0.1000000014901161 0.1000000014901161 0.1000000014901161
0.1000000014901161 0.1000000014901161 0.1000000014901161 0.1000000014901161 0.1000000014901161 0.1000000014901161
0.1000000014901161 0.1000000014901161 0.1000000014901161 0.1000000014901161 0.1000000014901161 0.1000000014901161
0.1000000014901161 0.1000000014901161 0.1000000014901161 0.1000000014901161 0.1000000014901161 0.1000000014901161
0.1000000014901161 0.1000000014901161 0.1000000014901161 0.1000000014901161 0.1000000014901161 0.1000000014901161
0.1000000014901161 0.1000000014901161 0.1000000014901161 0.1000000014901161 0.1000000014901161 0.1000000014901161
0.1000000014901161 0.1000000014901161 0.1000000014901161 0.1000000014901161 0.1000000014901161 0.1000000014901161
0.1000000014901161 0.1000000014901161 0.1000000014901161 0.1000000014901161 0.1000000014901161 0.1000000014901161
0.1000000014901161 0.1000000014901161 0.1000000014901161 0.1000000014901161 0.1000000014901161 0.1000000014901161
0.1000000014901161 0.1000000014901161 0.1000000014901161 0.1000000014901161 0.1000000014901161 0.1000000014901161
0.1000000014901161 0.1000000014901161 0.1000000014901161 0.1000000014901161 0.1000000014901161 0.1000000014901161
0.1000000014901161 0.1000000014901161 0.1000000014901161 0.1000000014901161 0.1000000014901161 0.1000000014901161
0.1000000014901161 0.1000000014901161 0.1000000014901161 0.1000000014901161 0.1000000014901161 0.1000000014901161
0.1000000014901161 0.1000000014901161 0.1000000014901161 0.1000000014901161 0.1000000014901161 0.1000000014901161
0.1000000014901161 0.1000000014901161 0.1000000014901161 0.1000000014901161 0.1000000014901161 0.1000000014901161
0.1000000014901161 0.1000000014901161 0.1000000014901161 0.1000000014901161 0.1000000014901161 0.1000000014901161
0.1000000014901161 0.1000000014901161 0.1000000014901161 0.1000000014901161 0.1000000014901161 0.1000000014901161
0.1000000014901161 0.1000000014901161 0.1000000014901161 0.1000000014901161 0.1000000014901161 0.1000000014901161
0.1000000014901161 0.1000000014901161 0.1000000014901161 0.1000000014901161 0.1000000014901161 0.1000000014901161
0.1000000014901161 0.1000000014901161 0.1000000014901161 0.1000000014901161 0.1000000014901161 0.1000000014901161
0.1000000014901161 0.1000000014901161 0.1000000014901161 0.1000000014901161 0.1000000014901161 0.1000000014901161
0.1000000014901161 0.1000000014901161 0.1000000014901161 0.1000000014901161 0.1000000014901161 0.1000000014901161
0.1000000014901161 0.1000000014901161 0.1000000014901161 0.1000000014901161 0.1000000014901161 0.1000000014901161
0.1000000014901161 0.1000000014901161 0.1000000014901161 0.1000000014901161 0.1000000014901161 0.1000000014901161
0.1000000014901161 0.1000000014901161 0.1000000014901161 0.1000000014901161 0.1000000014901161 0.1000000014901161
0.1000000014901161 0.1000000014901161 0.1000000014901161 0.1000000014901161 0.1000000014901161 0.1000000014901161
0.1000000014901161 0.1000000014901161 0.1000000014901161 0.1000000014901161 0.1000000014901161 0.1000000014901161
0.1000000014901161 0.1000000014901161 0.1000000014901161 0.1000000014901161 0.1000000014901161 0.1000000014901161
0.1000000014901161 0.1000000014901161 0.1000000014901161 0.1000000014901161 0.1000000014901161 0.1000000014901161
0.1000000014901161 0.1000000014901161 0.1000000014901161 0.1000000014901161 0.1000000014901161 0.1000000014901161
0.1000000014901161 0.1000000014901161 0.1000000014901161 0.1000000014901161 0.1000000014901161 0.1000000014901161
0.1000000014901161 0.1000000014901161 0.1000000014901161 0.1000000014901161 0.1000000014901161 0.1000000014901161
0.1000000014901161 0.1000000014901161 0.1000000014901161 0.1000000014901161 0.1000000014901161 0.1000000014901161
0.1000000014901161 0.1000000014901161 0.1000000014901161 0.1000000014901161 0.1000000014901161 0.1000000014901161
0.1000000014901161 0.1000000014901161 0.1000000014901161 0.1000000014901161 0.1000000014901161 0.1000000014901161
0.1000000014901161 0.1000000014901161 0.1000000014901161 0.1000000014901161 0.1000000014901161 0.1000000014901161
0.1000000014901161 0.1000000014901161 0.1000000014901161 0.1000000014901161 0.1000000014901161 0.1000000014901161
0.1000000014901161 0.1000000014901161 0.1000000014901161 0.1000000014901161 0.1000000014901161 0.1000000014901161
0.1000000014901161 0.1000000014901161 0.1000000014901161 0.1000000014901161 0.1000000014901161 0.1000000014901161
0.1000000014901161 0.1000000014901161 0.1000000014901161 0.1000000014901161 0.1000000014901161 0.1000000014901161
0.1000000014901161 0.1000000014901161 0.1000000014901161 0.1000000014901161 0.1000000014901161 0.1000000014901161
0.1000000014901161 0.1000000014901161 0.1000000014901161 0.1000000014901161 0.1000000014901161 0.1000000014901161
0.1000000014901161 0.1000000014901161 0.1000000014901161 0.1000000014901161 0.1000000014901161 0.1000000014901161
0.1000000014901161 0.1000000014901161 0.1000000014901161 0.1000000014901161 0.1000000014901161 0.1000000014901161
0.1000000014901161 0.1000000014901161 0.1000000014901161 0.1000000014901161 0.1000000014901161 0.1000000014901161
0.1000000014901161 0.1000000014901161 0.1000000014901161 0.1000000014901161 0.1000000014901161 0.1000000014901161
0.1000000014901161 0.1000000014901161 0.1000000014901161 0.1000000014901161 0.1000000014901161 0.1000000014901161
0.1000000014901161 0.1000000014901161 0.1000000014901161 0.1000000014901161 0.1000000014901161 0.1000000014901161
0.1000000014901161 0.1000000014901161 0.1000000014901161 0.1000000014901161 0.1000000014901161 0.1000000014901161
0.1000000014901161 0.1000000014901161 0.1000000014901161 0.1000000014901161 0.1000000014901161 0.1000000014901161
0.1000000014901161 0.1000000014901161 0.1000000014901161 0.1000000014901161 0.1000000014901161 0.1000000014901161
0.1000000014901161 0.1000000014901161 0.1000000014901161 0.1000000014901161 0.1000000014901161 0.1000000014901161
0.1000000014901161 0.1000000014901161 0.1000000014901161 0.1000000014901161 0.1000000014901161 0.1000000014901161
0.1000000014901161 0.1000000014901161 0.1000000014901161 0.1000000014901161 0.1000000014901161 0.1000000014901161
0.1000000014901161 0.1000000014901161 0.1000000014901161 0.1000000014901161 0.1000000014901161 0.1000000014901161
0.1000000014901161 0.1000000014901161 0.1000000014901161 0.1000000014901161 0.1000000014901161 0.1000000014901161
0.1000000014901161 0.1000000014901161 0.1000000014901161 0.1000000014901161 0.1000000014901161 0.1000000014901161
0.1000000014901161 0.1000000014901161 0.1000000014901161 0.1000000014901161 0.1000000014901161 0.1000000014901161
0.1000000014901161 0.1000000014901161 0.1000000014901161 0.1000000014901161 0.1000000014901161 0.1000000014901161
0.1000000014901161 0.1000000014901161 0.1000000014901161 0.1000000014901161 0.1000000014901161 0.1000000014901161
0.1000000014901161 0.1000000014901161 0.1000000014901161 0.1000000014901161 0.1000000014901161 0.1000000014901161
0.1000000014901161 0.1000000014901161 0.1000000014901161 0.1000000014901161 0.1000000014901161 0.1000000014901161
0.1000000014901161 0.1000000014901161 0.1000000014901161 0.1000000014901161 0.1000000014901161 0.1000000014901161
0.1000000014901161 0.1000000014901161 0.1000000014901161 0.1000000014901161 0.1000000014901161 0.1000000014901161
0.1000000014901161 0.1000000014901161 0.1000000014901161 0.1000000014901161 0.1000000014901161 0.1000000014901161
0.1000000014901161 0.1000000014901161 0.1000000014901161 0.1000000014901161 0.1000000014901161 0.1000000014901161
0.1000000014901161 0.1000000014901161 0.1000000014901161 0.1000000014901161 0.1000000014901161 0.1000000014901161
0.1000000014901161 0.1000000014901161 0.1000000014901161 0.1000000014901161 0.1000000014901161 0.1000000014901161
0.1000000014901161 0.1000000014901161 0.1000000014901161 0.1000000014901161 0.1000000014901161 0.1000000014901161
0.1000000014901161 0.1000000014901161 0.1000000014901161 0.1000000014901161 0.1000000014901161 0.1000000014901161
0.1000000014901161 0.1000000014901161 0.1000000014901161 0.1000000014901161 0.1000000014901161 0.1000000014901161
0.1000000014901161 0.1000000014901161 0.1000000014901161 0.1000000014901161 0.1000000014901161 0.1000000014901161
0.1000000014901161 0.1000000014901161 0.1000000014901161 0.1000000014901161 0.1000000014901161 0.1000000014901161
0.1000000014901161 0.1000000014901161 0.1000000014901161 0.1000000014901161 0.1000000014901161 0.1000000014901161
0.1000000014901161 0.1000000014901161 0.1000000014901161 0.1000000014901161 0.1000000014901161 0.1000000014901161
0.1000000014901161 0.1000000014901161 0.1000000014901161 0.1000000014901161 0.1000000014901161 0.1000000014901161
0.1000000014901161 0.1000000014901161 0.1000000014901161 0.1000000014901161 0.1000000014901161 0.1000000014901161
0.1000000014901161 0.1000000014901161 0.1000000014901161 0.1000000014901161 0.1000000014901161 0.1000000014901161
0.1000000014901161 0.1000000014901161 0.1000000014901161 0.1000000014901161 0.1000000014901161 0.1000000014901161
0.1000000014901161 0.1000000014901161 0.1000000014901161 0.1000000014901161 0.1000000014901161 0.1000000014901161
0.1000000014901161 0.1000000014901161 0.1000000014901161 0.1000000014901161 0.1000000014901161 0.1000000014901161
0.1000000014901161 0.1000000014901161 0.1000000014901161 0.1000000014901161 0.1000000014901161 0.1000000014901161
0.1000000014901161 0.1000000014901161 0.1000000014901161 0.1000000014901161 0.1000000014901161 0.1000000014901161
0.1000000014901161 0.1000000014901161 0.1000000014901161 0.1000000014901161 0.1000000014901161 0.1000000014901161
0.1000000014901161 0.1000000014901161 0.1000000014901161 0.1000000014901161 0.1000000014901161 0.1000000014901161
0.1000000014901161 0.1000000014901161 0.1000000014901161 0.1000000014901161 0.1000000014901161 0.1000000014901161
0.1000000014901161 0.1000000014901161 0.1000000014901161 0.1000000014901161 0.1000000014901161 0.1000000014901161
0.1000000014901161 0.1000000014901161 0.1000000014901161 0.1000000014901161 0.1000000014901161 0.1000000014901161
0.1000000014901161 0.1000000014901161 0.1000000014901161 0.1000000014901161 0.1000000014901161 0.1000000014901161
0.1000000014901161 0.1000000014901161 0.1000000014901161 0.1000000014901161 0.1000000014901161 0.1000000014901161
0.1000000014901161 0.1000000014901161 0.1000000014901161 0.1000000014901161 0.1000000014901161 0.1000000014901161
0.1000000014901161 0.1000000014901161 0.1000000014901161 0.1000000014901161 0.1000000014901161 0.1000000014901161
0.1000000014901161 0.1000000014901161 0.1000000014901161 0.1000000014901161 0.1000000014901161 0.1000000014901161
0.1000000014901161 0.1000000014901161 0.1000000014901161 0.1000000014901161 0.1000000014901161 0.1000000014901161
0.1000000014901161 0.1000000014901161 0.1000000014901161 0.1000000014901161 0.1000000014901161 0.1000000014901161
0.1000000014901161 0.1000000014901161 0.1000000014901161 0.1000000014901161 0.1000000014901161 0.1000000014901161
0.1000000014901161 0.1000000014901161 0.1000000014901161 0.1000000014901161 0.1000000014901161 0.1000000014901161
0.1000000014901161 0.1000000014901161 0.1000000014901161 0.1000000014901161 0.1000000014901161 0.1000000014901161
0.1000000014901161 0.1000000014901161 0.1000000014901161 0.1000000014901161 0.1000000014901161 0.1000000014901161
0.1000000014901161 0.1000000014901161 0.1000000014901161 0.1000000014901161 0.1000000014901161 0.1000000014901161
0.1000000014901161 0.1000000014901161 0.1000000014901161 0.1000000014901161 0.1000000014901161 0.1000000014901161
0.1000000014901161 0.1000000014901161 0.1000000014901161 0.1000000014901161 0.1000000014901161 0.1000000014901161
0.1000000014901161 0.1000000014901161 0.1000000014901161 0.1000000014901161 0.1000000014901161 0.1000000014901161
0.1000000014901161 0.1000000014901161 0.1000000014901161 0.1000000014901161 0.1000000014901161 0.1000000014901161
0.1000000014901161 0.1000000014901161 0.1000000014901161 0.1000000014901161 0.1000000014901161 0.1000000014901161
0.1000000014901161 0.1000000014901161 0.1000000014901161 0.1000000014901161 0.1000000014901161 0.1000000014901161
1.0000000000000000 1.0000000000000000 1.0000000000000000 1.0000000000000000 0
1.0000000000000000 1.0000000000000000 1.0000000000000000 1.0000000000000000 0
1.0000000000000000 1.0000000000000000 1.0000000000000000 1.0000000000000000 0
1.0000000000000000 1.0000000000000000 1.0000000000000000 1.0000000000000000 0
1.0000000000000000 1.0000000000000000 1.0000000000000000 1.0000000000000000 0
1.0000000000000000 1.0000000000000000 1.0000000000000000 1.0000000000000000 0
1.0000000000000000 1.0000000000000000 1.0000000000000000 1.0000000000000000 0
1.0000000000000000 1.0000000000000000 1.0000000000000000 1.0000000000000000 0
1.0000000000000000 1.0000000000000000 1.0000000000000000 1.0000000000000000 0
1.0000000000000000 1.0000000000000000 1.0000000000000000 1.0000000000000000 0
1.0000000000000000 1.0000000000000000 1.0000000000000000 1.0000000000000000 0
1.0000000000000000 1.0000000000000000 1.0000000000000000 1.0000000000000000 0
1.0000000000000000 1.0000000000000000 1.0000000000000000 1.0000000000000000 0
1.0000000000000000 1.0000000000000000 1.0000000000000000 1.0000000000000000 0
1.0000000000000000 1.0000000000000000 1.0000000000000000 1.0000000000000000 0
1.0000000000000000 1.0000000000000000 1.0000000000000000 1.0000000000000000 0
1.0000000000000000 1.0000000000000000 1.0000000000000000 1.0000000000000000 0
1.0000000000000000 1.0000000000000000 1.0000000000000000 1.0000000000000000 0
1.0000000000000000 1.0000000000000000 1.0000000000000000 1.0000000000000000 0
1.0000000000000000 1.0000000000000000 1.0000000000000000 1.0000000000000000 0
1.0000000000000000 1.0000000000000000 1.0000000000000000 1.0000000000000000 0
1.0000000000000000 1.0000000000000000 1.0000000000000000 1.0000000000000000 0
1.0000000000000000 1.0000000000000000 1.0000000000000000 1.0000000000000000 0
1.0000000000000000 1.0000000000000000 1.0000000000000000 1.0000000000000000 0
1.0000000000000000 1.0000000000000000 1.0000000000000000 1.0000000000000000 0
1.0000000000000000 1.0000000000000000 1.0000000000000000 1.0000000000000000 0
1.0000000000000000 1.0000000000000000 1.0000000000000000 1.0000000000000000 0
1.0000000000000000 1.0000000000000000 1.0000000000000000 1.0000000000000000 0
1.0000000000000000 1.0000000000000000 1.0000000000000000 1.0000000000000000 0
1.0000000000000000 1.0000000000000000 1.0000000000000000 1.0000000000000000 0
1.0000000000000000 1.0000000000000000 1.0000000000000000 1.0000000000000000 0
1.0000000000000000 1.0000000000000000 1.0000000000000000 1.0000000000000000 0
1.0000000000000000 1.0000000000000000 1.0000000000000000 1.0000000000000000 0
1.0000000000000000 1.0000000000000000 1.0000000000000000 1.0000000000000000 0
1.0000000000000000 1.0000000000000000 1.0000000000000000 1.0000000000000000 0
1.0000000000000000 1.0000000000000000 1.0000000000000000 1.0000000000000000 0
1.0000000000000000 1.0000000000000000 1.0000000000000000 1.0000000000000000 0
1.0000000000000000 1.0000000000000000 1.0000000000000000 1.0000000000000000 0
1.0000000000000000 1.0000000000000000 1.0000000000000000 1.0000000000000000 0
1.0000000000000000 1.0000000000000000 1.0000000000000000 1.0000000000000000 0
1.0000000000000000 1.0000000000000000 1.0000000000000000 1.0000000000000000 0
1.0000000000000000 1.0000000000000000 1.0000000000000000 1.0000000000000000 0
1.0000000000000000 1.0000000000000000 1.0000000000000000 1.0000000000000000 0
1.0000000000000000 1.0000000000000000 1.0000000000000000 1.0000000000000000 0
1.0000000000000000 1.0000000000000000 1.0000000000000000 1.0000000000000000 0
1.0000000000000000 1.0000000000000000 1.0000000000000000 1.0000000000000000 0
1.0000000000000000 1.0000000000000000 1.0000000000000000 1.0000000000000000 0
1.0000000000000000 1.0000000000000000 1.0000000000000000 1.0000000000000000 0
1.0000000000000000 1.0000000000000000 1.0000000000000000 1.0000000000000000 0
1.0000000000000000 1.0000000000000000 1.0000000000000000 1.0000000000000000 0
1.0000000000000000 1.0000000000000000 1.0000000000000000 1.0000000000000000 0
1.0000000000000000 1.0000000000000000 1.0000000000000000 1.0000000000000000 0
1.0000000000000000 1.0000000000000000 1.0000000000000000 1.0000000000000000 0
1.0000000000000000 1.0000000000000000 1.0000000000000000 1.0000000000000000 0
1.0000000000000000 1.0000000000000000 1.0000000000000000 1.0000000000000000 0
1.0000000000000000 1.0000000000000000 1.0000000000000000 1.0000000000000000 0
1.0000000000000000 1.0000000000000000 1.0000000000000000 1.0000000000000000 0
1.0000000000000000 1.0000000000000000 1.0000000000000000 1.0000000000000000 0
1.0000000000000000 1.0000000000000000 1.0000000000000000 1.0000000000000000 0
1.0000000000000000 1.0000000000000000 1.0000000000000000 1.0000000000000000 0
1.0000000000000000 1.0000000000000000 1.0000000000000000 1.0000000000000000 0
1.0000000000000000 1.0000000000000000 1.0000000000000000 1.0000000000000000 0
1.0000000000000000 1.0000000000000000 1.0000000000000000 1.0000000000000000 0
1.0000000000000000 1.0000000000000000 1.0000000000000000 1.0000000000000000 0
0.1000000014901161 0.1000000014901161 0.1000000014901161 0.1000000014901161 0.1000000014901161 0.1000000014901161
0.1000000014901161 0.1000000014901161 0.1000000014901161 0.1000000014901161 0.1000000014901161 0.1000000014901161
0.1000000014901161 0.1000000014901161 0.1000000014901161 0.1000000014901161 0.1000000014901161 0.1000000014901161
0.1000000014901161 0.1000000014901161 0.1000000014901161 0.1000000014901161 0.1000000014901161 0.1000000014901161
0.1000000014901161 0.1000000014901161 0.1000000014901161 0.1000000014901161 0.1000000014901161 0.1000000014901161
0.1000000014901161 0.1000000014901161 0.1000000014901161 0.1000000014901161 0.1000000014901161 0.1000000014901161
0.1000000014901161 0.1000000014901161 0.1000000014901161 0.1000000014901161 0.1000000014901161 0.1000000014901161
0.1000000014901161 0.1000000014901161 0.1000000014901161 0.1000000014901161 0.1000000014901161 0.1000000014901161
0.1000000014901161 0.1000000014901161 0.1000000014901161 0.1000000014901161 0.1000000014901161 0.1000000014901161
0.1000000014901161 0.1000000014901161 0.1000000014901161 0.1000000014901161 0.1000000014901161 0.1000000014901161
0.1000000014901161 0.1000000014901161 0.1000000014901161 0.1000000014901161 0.1000000014901161 0.1000000014901161
0.1000000014901161 0.1000000014901161 0.1000000014901161 0.1000000014901161 0.1000000014901161 0.1000000014901161
0.1000000014901161 0.1000000014901161 0.1000000014901161 0.1000000014901161 0.1000000014901161 0.1000000014901161
0.1000000014901161 0.1000000014901161 0.1000000014901161 0.1000000014901161 0.1000000014901161 0.1000000014901161
0.1000000014901161 0.1000000014901161 0.1000000014901161 0.1000000014901161 0.1000000014901161 0.1000000014901161
0.1000000014901161 0.1000000014901161 0.1000000014901161 0.1000000014901161 0.1000000014901161 0.1000000014901161
0.1000000014901161 0.1000000014901161 0.1000000014901161 0.1000000014901161 0.1000000014901161 0.1000000014901161
0.1000000014901161 0.1000000014901161 0.1000000014901161 0.1000000014901161 0.1000000014901161 0.1000000014901161
0.1000000014901161 0.1000000014901161 0.1000000014901161 0.1000000014901161 0.1000000014901161 0.1000000014901161
0.1000000014901161 0.1000000014901161 0.1000000014901161 0.1000000014901161 0.1000000014901161 0.1000000014901161
0.1000000014901161 0.1000000014901161 0.1000000014901161 0.1000000014901161 0.1000000014901161 0.1000000014901161
0.1000000014901161 0.1000000014901161 0.1000000014901161 0.1000000014901161 0.1000000014901161 0.1000000014901161
0.1000000014901161 0.1000000014901161 0.1000000014901161 0.1000000014901161 0.1000000014901161 0.1000000014901161
0.1000000014901161 0.1000000014901161 0.1000000014901161 0.1000000014901161 0.1000000014901161 0.1000000014901161
0.1000000014901161 0.1000000014901161 0.1000000014901161 0.1000000014901161 0.1000000014901161 0.1000000014901161
0.1000000014901161 0.1000000014901161 0.1000000014901161 0.1000000014901161 0.1000000014901161 0.1000000014901161
0.1000000014901161 0.1000000014901161 0.1000000014901161 0.1000000014901161 0.1000000014901161 0.1000000014901161
0.1000000014901161 0.1000000014901161 0.1000000014901161 0.1000000014901161 0.1000000014901161 0.1000000014901161
0.1000000014901161 0.1000000014901161 0.1000000014901161 0.1000000014901161 0.1000000014901161 0.1000000014901161
0.1000000014901161 0.1000000014901161 0.1000000014901161 0.1000000014901161 0.1000000014901161 0.1000000014901161
0.1000000014901161 0.1000000014901161 0.1000000014901161 0.1000000014901161 0.1000000014901161 0.1000000014901161
0.1000000014901161 0.1000000014901161 0.1000000014901161 0.1000000014901161 0.1000000014901161 0.1000000014901161
0.1000000014901161 0.1000000014901161 0.1000000014901161 0.1000000014901161 0.1000000014901161 0.1000000014901161
0.1000000014901161 0.1000000014901161 0.1000000014901161 0.1000000014901161 0.1000000014901161 0.1000000014901161
0.1000000014901161 0.1000000014901161 0.1000000014901161 0.1000000014901161 0.1000000014901161 0.1000000014901161
0.1000000014901161 0.1000000014901161 0.1000000014901161 0.1000000014901161 0.1000000014901161 0.1000000014901161
0.1000000014901161 0.1000000014901161 0.1000000014901161 0.1000000014901161 0.1000000014901161 0.1000000014901161
0.1000000014901161 0.1000000014901161 0.1000000014901161 0.1000000014901161 0.1000000014901161 0.1000000014901161
0.1000000014901161 0.1000000014901161 0.1000000014901161 0.1000000014901161 0.1000000014901161 0.1000000014901161
0.1000000014901161 0.1000000014901161 0.1000000014901161 0.1000000014901161 0.1000000014901161 0.1000000014901161
0.1000000014901161 0.1000000014901161 0.1000000014901161 0.1000000014901161 0.1000000014901161 0.1000000014901161
0.1000000014901161 0.1000000014901161 0.1000000014901161 0.1000000014901161 0.1000000014901161 0.1000000014901161
0.1000000014901161 0.1000000014901161 0.1000000014901161 0.1000000014901161 0.1000000014901161 0.1000000014901161
0.1000000014901161 0.1000000014901161 0.1000000014901161 0.1000000014901161 0.1000000014901161 0.1000000014901161
0.1000000014901161 0.1000000014901161 0.1000000014901161 0.1000000014901161 0.1000000014901161 0.1000000014901161
0.1000000014901161 0.1000000014901161 0.1000000014901161 0.1000000014901161 0.1000000014901161 0.1000000014901161
0.1000000014901161 0.1000000014901161 0.1000000014901161 0.1000000014901161 0.1000000014901161 0.1000000014901161
0.1000000014901161 0.1000000014901161 0.1000000014901161 0.1000000014901161 0.1000000014901161 0.1000000014901161
0.1000000014901161 0.1000000014901161 0.1000000014901161 0.1000000014901161 0.1000000014901161 0.1000000014901161
0.1000000014901161 0.1000000014901161 0.1000000014901161 0.1000000014901161 0.1000000014901161 0.1000000014901161
0.1000000014901161 0.1000000014901161 0.1000000014901161 0.1000000014901161 0.1000000014901161 0.1000000014901161
0.1000000014901161 0.1000000014901161 0.1000000014901161 0.1000000014901161 0.1000000014901161 0.1000000014901161
0.1000000014901161 0.1000000014901161 0.1000000014901161 0.1000000014901161 0.1000000014901161 0.1000000014901161
0.1000000014901161 0.1000000014901161 0.1000000014901161 0.1000000014901161 0.1000000014901161 0.1000000014901161
0.1000000014901161 0.1000000014901161 0.1000000014901161 0.1000000014901161 0.1000000014901161 0.1000000014901161
0.1000000014901161 0.1000000014901161 0.1000000014901161 0.1000000014901161 0.1000000014901161 0.1000000014901161
0.1000000014901161 0.1000000014901161 0.1000000014901161 0.1000000014901161 0.1000000014901161 0.1000000014901161
0.1000000014901161 0.1000000014901161 0.1000000014901161 0.1000000014901161 0.1000000014901161 0.1000000014901161
0.1000000014901161 0.1000000014901161 0.1000000014901161 0.1000000014901161 0.1000000014901161 0.1000000014901161
0.1000000014901161 0.1000000014901161 0.1000000014901161 0.1000000014901161 0.1000000014901161 0.1000000014901161
0.1000000014901161 0.1000000014901161 0.1000000014901161 0.1000000014901161 0.1000000014901161 0.1000000014901161
0.1000000014901161 0.1000000014901161 0.1000000014901161 0.1000000014901161 0.1000000014901161 0.1000000014901161
0.1000000014901161 0.1000000014901161 0.1000000014901161 0.1000000014901161 0.1000000014901161 0.1000000014901161
0.1000000014901161 0.1000000014901161 0.1000000014901161 0.1000000014901161 0.1000000014901161 0.1000000014901161
0.1000000014901161 0.1000000014901161 0.1000000014901161 0.1000000014901161 0.1000000014901161 0.1000000014901161
0.1000000014901161 0.1000000014901161 0.1000000014901161 0.1000000014901161 0.1000000014901161 0.1000000014901161
0.1000000014901161 0.1000000014901161 0.1000000014901161 0.1000000014901161 0.1000000014901161 0.1000000014901161
0.1000000014901161 0.1000000014901161 0.1000000014901161 0.1000000014901161 0.1000000014901161 0.1000000014901161
0.1000000014901161 0.1000000014901161 0.1000000014901161 0.1000000014901161 0.1000000014901161 0.1000000014901161
0.1000000014901161 0.1000000014901161 0.1000000014901161 0.1000000014901161 0.1000000014901161 0.1000000014901161
0.1000000014901161 0.1000000014901161 0.1000000014901161 0.1000000014901161 0.1000000014901161 0.1000000014901161
0.1000000014901161 0.1000000014901161 0.1000000014901161 0.1000000014901161 0.1000000014901161 0.1000000014901161
0.1000000014901161 0.1000000014901161 0.1000000014901161 0.1000000014901161 0.1000000014901161 0.1000000014901161
0.1000000014901161 0.1000000014901161 0.1000000014901161 0.1000000014901161 0.1000000014901161 0.1000000014901161
0.1000000014901161 0.1000000014901161 0.1000000014901161 0.1000000014901161 0.1000000014901161 0.1000000014901161
0.1000000014901161 0.1000000014901161 0.1000000014901161 0.1000000014901161 0.1000000014901161 0.1000000014901161
0.1000000014901161 0.1000000014901161 0.1000000014901161 0.1000000014901161 0.1000000014901161 0.1000000014901161
0.1000000014901161 0.1000000014901161 0.1000000014901161 0.1000000014901161 0.1000000014901161 0.1000000014901161
0.1000000014901161 0.1000000014901161 0.1000000014901161 0.1000000014901161 0.1000000014901161 0.1000000014901161
0.1000000014901161 0.1000000014901161 0.1000000014901161 0.1000000014901161 0.1000000014901161 0.1000000014901161
0.1000000014901161 0.1000000014901161 0.1000000014901161 0.1000000014901161 0.1000000014901161 0.1000000014901161
0.1000000014901161 0.1000000014901161 0.1000000014901161 0.1000000014901161 0.1000000014901161 0.1000000014901161
0.1000000014901161 0.1000000014901161 0.1000000014901161 0.1000000014901161 0.1000000014901161 0.1000000014901161
0.1000000014901161 0.1000000014901161 0.1000000014901161 0.1000000014901161 0.1000000014901161 0.1000000014901161
0.1000000014901161 0.1000000014901161 0.1000000014901161 0.1000000014901161 0.1000000014901161 0.1000000014901161
0.1000000014901161 0.1000000014901161 0.1000000014901161 0.1000000014901161 0.1000000014901161 0.1000000014901161
0.1000000014901161 0.1000000014901161 0.1000000014901161 0.1000000014901161 0.1000000014901161 0.1000000014901161
0.1000000014901161 0.1000000014901161 0.1000000014901161 0.1000000014901161 0.1000000014901161 0.1000000014901161
0.1000000014901161 0.1000000014901161 0.1000000014901161 0.1000000014901161 0.1000000014901161 0.1000000014901161
0.1000000014901161 0.1000000014901161 0.1000000014901161 0.1000000014901161 0.1000000014901161 0.1000000014901161
0.1000000014901161 0.1000000014901161 0.1000000014901161 0.1000000014901161 0.1000000014901161 0.1000000014901161
0.1000000014901161 0.1000000014901161 0.1000000014901161 0.1000000014901161 0.1000000014901161 0.1000000014901161
0.1000000014901161 0.1000000014901161 0.1000000014901161 0.1000000014901161 0.1000000014901161 0.1000000014901161
0.1000000014901161 0.1000000014901161 0.1000000014901161 0.1000000014901161 0.1000000014901161 0.1000000014901161
0.1000000014901161 0.1000000014901161 0.1000000014901161 0.1000000014901161 0.1000000014901161 0.1000000014901161
0.1000000014901161 0.1000000014901161 0.1000000014901161 0.1000000014901161 0.1000000014901161 0.1000000014901161
0.1000000014901161 0.1000000014901161 0.1000000014901161 0.1000000014901161 0.1000000014901161 0.1000000014901161
0.1000000014901161 0.1000000014901161 0.1000000014901161 0.1000000014901161 0.1000000014901161 0.1000000014901161
0.1000000014901161 0.1000000014901161 0.1000000014901161 0.1000000014901161 0.1000000014901161 0.1000000014901161
0.1000000014901161 0.1000000014901161 0.1000000014901161 0.1000000014901161 0.1000000014901161 0.1000000014901161
0.1000000014901161 0.1000000014901161 0.1000000014901161 0.1000000014901161 0.1000000014901161 0.1000000014901161
0.1000000014901161 0.1000000014901161 0.1000000014901161 0.1000000014901161 0.1000000014901161 0.1000000014901161
0.1000000014901161 0.1000000014901161 0.1000000014901161 0.1000000014901161 0.1000000014901161 0.1000000014901161
0.1000000014901161 0.1000000014901161 0.1000000014901161 0.1000000014901161 0.1000000014901161 0.1000000014901161
0.1000000014901161 0.1000000014901161 0.1000000014901161 0.1000000014901161 0.1000000014901161 0.1000000014901161
0.1000000014901161 0.1000000014901161 0.1000000014901161 0.1000000014901161 0.1000000014901161 0.1000000014901161
0.1000000014901161 0.1000000014901161 0.1000000014901161 0.1000000014901161 0.1000000014901161 0.1000000014901161
0.1000000014901161 0.1000000014901161 0.1000000014901161 0.1000000014901161 0.1000000014901161 0.1000000014901161
0.1000000014901161 0.1000000014901161 0.1000000014901161 0.1000000014901161 0.1000000014901161 0.1000000014901161
0.1000000014901161 0.1000000014901161 0.1000000014901161 0.1000000014901161 0.1000000014901161 0.1000000014901161
0.1000000014901161 0.1000000014901161 0.1000000014901161 0.1000000014901161 0.1000000014901161 0.1000000014901161
0.1000000014901161 0.1000000014901161 0.1000000014901161 0.1000000014901161 0.1000000014901161 0.1000000014901161
0.1000000014901161 0.1000000014901161 0.1000000014901161 0.1000000014901161 0.1000000014901161 0.1000000014901161
0.1000000014901161 0.1000000014901161 0.1000000014901161 0.1000000014901161 0.1000000014901161 0.1000000014901161
0.1000000014901161 0.1000000014901161 0.1000000014901161 0.1000000014901161 0.1000000014901161 0.1000000014901161
0.1000000014901161 0.1000000014901161 0.1000000014901161 0.1000000014901161 0.1000000014901161 0.1000000014901161
0.1000000014901161 0.1000000014901161 0.1000000014901161 0.1000000014901161 0.1000000014901161 0.1000000014901161
0.1000000014901161 0.1000000014901161 0.1000000014901161 0.1000000014901161 0.1000000014901161 0.1000000014901161
0.1000000014901161 0.1000000014901161 0.1000000014901161 0.1000000014901161 0.1000000014901161 0.1000000014901161
0.1000000014901161 0.1000000014901161 0.1000000014901161 0.1000000014901161 0.1000000014901161 0.1000000014901161
0.1000000014901161 0.1000000014901161 0.1000000014901161 0.1000000014901161 0.1000000014901161 0.1000000014901161
0.1000000014901161 0.1000000014901161 0.1000000014901161 0.1000000014901161 0.1000000014901161 0.1000000014901161
0.1000000014901161 0.1000000014901161 0.1000000014901161 0.1000000014901161 0.1000000014901161 0.1000000014901161
0.1000000014901161 0.1000000014901161 0.1000000014901161 0.1000000014901161 0.1000000014901161 0.1000000014901161
0.1000000014901161 0.1000000014901161 0.1000000014901161 0.1000000014901161 0.1000000014901161 0.1000000014901161
0.1000000014901161 0.1000000014901161 0.1000000014901161 0.1000000014901161 0.1000000014901161 0.1000000014901161
0.1000000014901161 0.1000000014901161 0.1000000014901161 0.1000000014901161 0.1000000014901161 0.1000000014901161
0.1000000014901161 0.1000000014901161 0.1000000014901161 0.1000000014901161 0.1000000014901161 0.1000000014901161
1.0000000000000000 1.0000000000000000 1.0000000000000000 1.0000000000000000 0
1.0000000000000000 1.0000000000000000 1.0000000000000000 1.0000000000000000 0
1.0000000000000000 1.0000000000000000 1.0000000000000000 1.0000000000000000 0
1.0000000000000000 1.0000000000000000 1.0000000000000000 1.0000000000000000 0
1.0000000000000000 1.0000000000000000 1.0000000000000000 1.0000000000000000 0
1.0000000000000000 1.0000000000000000 1.0000000000000000 1.0000000000000000 0
1.0000000000000000 1.0000000000000000 1.0000000000000000 1.0000000000000000 0
1.0000000000000000 1.0000000000000000 1.0000000000000000 1.0000000000000000 0
1.0000000000000000 1.0000000000000000 1.0000000000000000 1.0000000000000000 0
1.0000000000000000 1.0000000000000000 1.0000000000000000 1.0000000000000000 0
1.0000000000000000 1.0000000000000000 1.0000000000000000 1.0000000000000000 0
1.0000000000000000 1.0000000000000000 1.0000000000000000 1.0000000000000000 0
1.0000000000000000 1.0000000000000000 1.0000000000000000 1.0000000000000000 0
1.0000000000000000 1.0000000000000000 1.0000000000000000 1.0000000000000000 0
1.0000000000000000 1.0000000000000000 1.0000000000000000 1.0000000000000000 0
1.0000000000000000 1.0000000000000000 1.0000000000000000 1.0000000000000000 0
1.0000000000000000 1.0000000000000000 1.0000000000000000 1.0000000000000000 0
1.0000000000000000 1.0000000000000000 1.0000000000000000 1.0000000000000000 0
1.0000000000000000 1.0000000000000000 1.0000000000000000 1.0000000000000000 0
1.0000000000000000 1.0000000000000000 1.0000000000000000 1.0000000000000000 0
1.0000000000000000 1.0000000000000000 1.0000000000000000 1.0000000000000000 0
1.0000000000000000 1.0000000000000000 1.0000000000000000 1.0000000000000000 0
1.0000000000000000 1.0000000000000000 1.0000000000000000 1.0000000000000000 0
1.0000000000000000 1.0000000000000000 1.0000000000000000 1.0000000000000000 0
1.0000000000000000 1.0000000000000000 1.0000000000000000 1.0000000000000000 0
1.0000000000000000 1.0000000000000000 1.0000000000000000 1.0000000000000000 0
1.0000000000000000 1.0000000000000000 1.0000000000000000 1.0000000000000000 0
1.0000000000000000 1.0000000000000000 1.0000000000000000 1.0000000000000000 0
1.0000000000000000 1.0000000000000000 1.0000000000000000 1.0000000000000000 0
1.0000000000000000 1.0000000000000000 1.0000000000000000 1.0000000000000000 0
1.0000000000000000 1.0000000000000000 1.0000000000000000 1.0000000000000000 0
1.0000000000000000 1.0000000000000000 1.0000000000000000 1.0000000000000000 0
1.0000000000000000 1.0000000000000000 1.0000000000000000 1.0000000000000000 0
1.0000000000000000 1.0000000000000000 1.0000000000000000 1.0000000000000000 0
1.0000000000000000 1.0000000000000000 1.0000000000000000 1.0000000000000000 0
1.0000000000000000 1.0000000000000000 1.0000000000000000 1.0000000000000000 0
1.0000000000000000 1.0000000000000000 1.0000000000000000 1.0000000000000000 0
1.0000000000000000 1.0000000000000000 1.0000000000000000 1.0000000000000000 0
1.0000000000000000 1.0000000000000000 1.0000000000000000 1.0000000000000000 0
1.0000000000000000 1.0000000000000000 1.0000000000000000 1.0000000000000000 0
1.0000000000000000 1.0000000000000000 1.0000000000000000 1.0000000000000000 0
1.0000000000000000 1.0000000000000000 1.0000000000000000 1.0000000000000000 0
1.0000000000000000 1.0000000000000000 1.0000000000000000 1.0000000000000000 0
1.0000000000000000 1.0000000000000000 1.0000000000000000 1.0000000000000000 0
1.0000000000000000 1.0000000000000000 1.0000000000000000 1.0000000000000000 0
1.0000000000000000 1.0000000000000000 1.0000000000000000 1.0000000000000000 0
1.0000000000000000 1.0000000000000000 1.0000000000000000 1.0000000000000000 0
1.0000000000000000 1.0000000000000000 1.0000000000000000 1.0000000000000000 0
1.0000000000000000 1.0000000000000000 1.0000000000000000 1.0000000000000000 0
1.0000000000000000 1.0000000000000000 1.0000000000000000 1.0000000000000000 0
1.0000000000000000 1.0000000000000000 1.0000000000000000 1.0000000000000000 0
1.0000000000000000 1.0000000000000000 1.0000000000000000 1.0000000000000000 0
1.0000000000000000 1.0000000000000000 1.0000000000000000 1.0000000000000000 0
1.0000000000000000 1.0000000000000000 1.0000000000000000 1.0000000000000000 0
1.0000000000000000 1.0000000000000000 1.0000000000000000 1.0000000000000000 0
1.0000000000000000 1.0000000000000000 1.0000000000000000 1.0000000000000000 0
1.0000000000000000 1.0000000000000000 1.0000000000000000 1.0000000000000000 0
1.0000000000000000 1.0000000000000000 1.0000000000000000 1.0000000000000000 0
1.0000000000000000 1.0000000000000000 1.0000000000000000 1.0000000000000000 0
1.0000000000000000 1.0000000000000000 1.0000000000000000 1.0000000000000000 0
1.0000000000000000 1.0000000000000000 1.0000000000000000 1.0000000000000000 0
1.0000000000000000 1.0000000000000000 1.0000000000000000 1.0000000000000000 0
1.0000000000000000 1.0000000000000000 1.0000000000000000 1.0000000000000000 0
1.0000000000000000 1.0000000000000000 1.0000000000000000 1.0000000000000000 0
0.1000000014901161 0.1000000014901161 0.1000000014901161 0.1000000014901161 0.1000000014901161 0.1000000014901161
0.1000000014901161 0.1000000014901161 0.1000000014901161 0.1000000014901161 0.1000000014901161 0.1000000014901161
0.1000000014901161 0.1000000014901161 0.1000000014901161 0.1000000014901161 0.1000000014901161 0.1000000014901161
0.1000000014901161 0.1000000014901161 0.1000000014901161 0.1000000014901161 0.1000000014901161 0.1000000014901161
0.1000000014901161 0.1000000014901161 0.1000000014901161 0.1000000014901161 0.1000000014901161 0.1000000014901161
0.1000000014901161 0.1000000014901161 0.1000000014901161 0.1000000014901161 0.1000000014901161 0.1000000014901161
0.1000000014901161 0.1000000014901161 0.1000000014901161 0.1000000014901161 0.1000000014901161 0.1000000014901161
0.1000000014901161 0.1000000014901161 0.1000000014901161 0.1000000014901161 0.1000000014901161 0.1000000014901161
0.1000000014901161 0.1000000014901161 0.1000000014901161 0.1000000014901161 0.1000000014901161 0.1000000014901161
0.1000000014901161 0.1000000014901161 0.1000000014901161 0.1000000014901161 0.1000000014901161 0.1000000014901161
0.1000000014901161 0.1000000014901161 0.1000000014901161 0.1000000014901161 0.1000000014901161 0.1000000014901161
0.1000000014901161 0.1000000014901161 0.1000000014901161 0.1000000014901161 0.1000000014901161 0.1000000014901161
0.1000000014901161 0.1000000014901161 0.1000000014901161 0.1000000014901161 0.1000000014901161 0.1000000014901161
0.1000000014901161 0.1000000014901161 0.1000000014901161 0.1000000014901161 0.1000000014901161 0.1000000014901161
0.1000000014901161 0.1000000014901161 0.1000000014901161 0.1000000014901161 0.1000000014901161 0.1000000014901161
0.1000000014901161 0.1000000014901161 0.1000000014901161 0.1000000014901161 0.1000000014901161 0.1000000014901161
0.1000000014901161 0.1000000014901161 0.1000000014901161 0.1000000014901161 0.1000000014901161 0.1000000014901161
0.1000000014901161 0.1000000014901161 0.1000000014901161 0.1000000014901161 0.1000000014901161 0.1000000014901161
0.1000000014901161 0.1000000014901161 0.1000000014901161 0.1000000014901161 0.1000000014901161 0.1000000014901161
0.1000000014901161 0.1000000014901161 0.1000000014901161 0.1000000014901161 0.1000000014901161 0.1000000014901161
0.1000000014901161 0.1000000014901161 0.1000000014901161 0.1000000014901161 0.1000000014901161 0.1000000014901161
0.1000000014901161 0.1000000014901161 0.1000000014901161 0.1000000014901161 0.1000000014901161 0.1000000014901161
0.1000000014901161 0.1000000014901161 0.1000000014901161 0.1000000014901161 0.1000000014901161 0.1000000014901161
0.1000000014901161 0.1000000014901161 0.1000000014901161 0.1000000014901161 0.1000000014901161 0.1000000014901161
0.1000000014901161 0.1000000014901161 0.1000000014901161 0.1000000014901161 0.1000000014901161 0.1000000014901161
0.1000000014901161 0.1000000014901161 0.1000000014901161 0.1000000014901161 0.1000000014901161 0.1000000014901161
0.1000000014901161 0.1000000014901161 0.1000000014901161 0.1000000014901161 0.1000000014901161 0.1000000014901161
0.1000000014901161 0.1000000014901161 0.1000000014901161 0.1000000014901161 0.1000000014901161 0.1000000014901161
0.1000000014901161 0.1000000014901161 0.1000000014901161 0.1000000014901161 0.1000000014901161 0.1000000014901161
0.1000000014901161 0.1000000014901161 0.1000000014901161 0.1000000014901161 0.1000000014901161 0.1000000014901161
0.1000000014901161 0.1000000014901161 0.1000000014901161 0.1000000014901161 0.1000000014901161 0.1000000014901161
0.1000000014901161 0.1000000014901161 0.1000000014901161 0.1000000014901161 0.1000000014901161 0.1000000014901161
0.1000000014901161 0.1000000014901161 0.1000000014901161 0.1000000014901161 0.1000000014901161 0.1000000014901161
0.1000000014901161 0.1000000014901161 0.1000000014901161 0.1000000014901161 0.1000000014901161 0.1000000014901161
0.1000000014901161 0.1000000014901161 0.1000000014901161 0.1000000014901161 0.1000000014901161 0.1000000014901161
0.1000000014901161 0.1000000014901161 0.1000000014901161 0.1000000014901161 0.1000000014901161 0.1000000014901161
0.1000000014901161 0.1000000014901161 0.1000000014901161 0.1000000014901161 0.1000000014901161 0.1000000014901161
0.1000000014901161 0.1000000014901161 0.1000000014901161 0.1000000014901161 0.1000000014901161 0.1000000014901161
0.1000000014901161 0.1000000014901161 0.1000000014901161 0.1000000014901161 0.1000000014901161 0.1000000014901161
0.1000000014901161 0.1000000014901161 0.1000000014901161 0.1000000014901161 0.1000000014901161 0.1000000014901161
0.1000000014901161 0.1000000014901161 0.1000000014901161 0.1000000014901161 0.1000000014901161 0.1000000014901161
0.1000000014901161 0.1000000014901161 0.1000000014901161 0.1000000014901161 0.1000000014901161 0.1000000014901161
0.1000000014901161 0.1000000014901161 0.1000000014901161 0.1000000014901161 0.1000000014901161 0.1000000014901161
0.1000000014901161 0.1000000014901161 0.1000000014901161 0.1000000014901161 0.1000000014901161 0.1000000014901161
0.1000000014901161 0.1000000014901161 0.1000000014901161 0.1000000014901161 0.1000000014901161 0.1000000014901161
0.1000000014901161 0.1000000014901161 0.1000000014901161 0.1000000014901161 0.1000000014901161 0.1000000014901161
0.1000000014901161 0.1000000014901161 0.1000000014901161 0.1000000014901161 0.1000000014901161 0.1000000014901161
0.1000000014901161 0.1000000014901161 0.1000000014901161 0.1000000014901161 0.1000000014901161 0.1000000014901161
0.1000000014901161 0.1000000014901161 0.1000000014901161 0.1000000014901161 0.1000000014901161 0.1000000014901161
0.1000000014901161 0.1000000014901161 0.1000000014901161 0.1000000014901161 0.1000000014901161 0.1000000014901161
0.1000000014901161 0.1000000014901161 0.1000000014901161 0.1000000014901161 0.1000000014901161 0.1000000014901161
0.1000000014901161 0.1000000014901161 0.1000000014901161 0.1000000014901161 0.1000000014901161 0.1000000014901161
0.1000000014901161 0.1000000014901161 0.1000000014901161 0.1000000014901161 0.1000000014901161 0.1000000014901161
0.1000000014901161 0.1000000014901161 0.1000000014901161 0.1000000014901161 0.1000000014901161 0.1000000014901161
0.1000000014901161 0.1000000014901161 0.1000000014901161 0.1000000014901161 0.1000000014901161 0.1000000014901161
0.1000000014901161 0.1000000014901161 0.1000000014901161 0.1000000014901161 0.1000000014901161 0.1000000014901161
0.1000000014901161 0.1000000014901161 0.1000000014901161 0.1000000014901161 0.1000000014901161 0.1000000014901161
0.1000000014901161 0.1000000014901161 0.1000000014901161 0.1000000014901161 0.1000000014901161 0.1000000014901161
0.1000000014901161 0.1000000014901161 0.1000000014901161 0.1000000014901161 0.1000000014901161 0.1000000014901161
0.1000000014901161 0.1000000014901161 0.1000000014901161 0.1000000014901161 0.1000000014901161 0.1000000014901161
0.1000000014901161 0.1000000014901161 0.1000000014901161 0.1000000014901161 0.1000000014901161 0.1000000014901161
0.1000000014901161 0.1000000014901161 0.1000000014901161 0.1000000014901161 0.1000000014901161 0.1000000014901161
0.1000000014901161 0.1000000014901161 0.1000000014901161 0.1000000014901161 0.1000000014901161 0.1000000014901161
0.1000000014901161 0.1000000014901161 0.1000000014901161 0.1000000014901161 0.1000000014901161 0.1000000014901161
0.1000000014901161 0.1000000014901161 0.1000000014901161 0.1000000014901161 0.1000000014901161 0.1000000014901161
0.1000000014901161 0.1000000014901161 0.1000000014901161 0.1000000014901161 0.1000000014901161 0.1000000014901161
0.1000000014901161 0.1000000014901161 0.1000000014901161 0.1000000014901161 0.1000000014901161 0.1000000014901161
0.1000000014901161 0.1000000014901161 0.1000000014901161 0.1000000014901161 0.1000000014901161 0.1000000014901161
0.1000000014901161 0.1000000014901161 0.1000000014901161 0.1000000014901161 0.1000000014901161 0.1000000014901161
0.1000000014901161 0.1000000014901161 0.1000000014901161 0.1000000014901161 0.1000000014901161 0.1000000014901161
0.1000000014901161 0.1000000014901161 0.1000000014901161 0.1000000014901161 0.1000000014901161 0.1000000014901161
0.1000000014901161 0.1000000014901161 0.1000000014901161 0.1000000014901161 0.1000000014901161 0.1000000014901161
0.1000000014901161 0.1000000014901161 0.1000000014901161 0.1000000014901161 0.1000000014901161 0.1000000014901161
0.1000000014901161 0.1000000014901161 0.1000000014901161 0.1000000014901161 0.1000000014901161 0.1000000014901161
0.1000000014901161 0.1000000014901161 0.1000000014901161 0.1000000014901161 0.1000000014901161 0.1000000014901161
0.1000000014901161 0.1000000014901161 0.1000000014901161 0.1000000014901161 0.1000000014901161 0.1000000014901161
0.1000000014901161 0.1000000014901161 0.1000000014901161 0.1000000014901161 0.1000000014901161 0.1000000014901161
0.1000000014901161 0.1000000014901161 0.1000000014901161 0.1000000014901161 0.1000000014901161 0.1000000014901161
0.1000000014901161 0.1000000014901161 0.1000000014901161 0.1000000014901161 0.1000000014901161 0.1000000014901161
0.1000000014901161 0.1000000014901161 0.1000000014901161 0.1000000014901161 0.1000000014901161 0.1000000014901161
0.1000000014901161 0.1000000014901161 0.1000000014901161 0.1000000014901161 0.1000000014901161 0.1000000014901161
0.1000000014901161 0.1000000014901161 0.1000000014901161 0.1000000014901161 0.1000000014901161 0.1000000014901161
0.1000000014901161 0.1000000014901161 0.1000000014901161 0.1000000014901161 0.1000000014901161 0.1000000014901161
0.1000000014901161 0.1000000014901161 0.1000000014901161 0.1000000014901161 0.1000000014901161 0.1000000014901161
0.1000000014901161 0.1000000014901161 0.1000000014901161 0.1000000014901161 0.1000000014901161 0.1000000014901161
0.1000000014901161 0.1000000014901161 0.1000000014901161 0.1000000014901161 0.1000000014901161 0.1000000014901161
0.1000000014901161 0.1000000014901161 0.1000000014901161 0.1000000014901161 0.1000000014901161 0.1000000014901161
0.1000000014901161 0.1000000014901161 0.1000000014901161 0.1000000014901161 0.1000000014901161 0.1000000014901161
0.1000000014901161 0.1000000014901161 0.1000000014901161 0.1000000014901161 0.1000000014901161 0.1000000014901161
0.1000000014901161 0.1000000014901161 0.1000000014901161 0.1000000014901161 0.1000000014901161 0.1000000014901161
0.1000000014901161 0.1000000014901161 0.1000000014901161 0.1000000014901161 0.1000000014901161 0.1000000014901161
0.1000000014901161 0.1000000014901161 0.1000000014901161 0.1000000014901161 0.1000000014901161 0.1000000014901161
0.1000000014901161 0.1000000014901161 0.1000000014901161 0.1000000014901161 0.1000000014901161 0.1000000014901161
0.1000000014901161 0.1000000014901161 0.1000000014901161 0.1000000014901161 0.1000000014901161 0.1000000014901161
0.1000000014901161 0.1000000014901161 0.1000000014901161 0.1000000014901161 0.1000000014901161 0.1000000014901161
0.1000000014901161 0.1000000014901161 0.1000000014901161 0.1000000014901161 0.1000000014901161 0.1000000014901161
0.1000000014901161 0.1000000014901161 0.1000000014901161 0.1000000014901161 0.1000000014901161 0.1000000014901161
0.1000000014901161 0.1000000014901161 0.1000000014901161 0.1000000014901161 0.1000000014901161 0.1000000014901161
0.1000000014901161 0.1000000014901161 0.1000000014901161 0.1000000014901161 0.1000000014901161 0.1000000014901161
0.1000000014901161 0.1000000014901161 0.1000000014901161 0.1000000014901161 0.1000000014901161 0.1000000014901161
0.1000000014901161 0.1000000014901161 0.1000000014901161 0.1000000014901161 0.1000000014901161 0.1000000014901161
0.1000000014901161 0.1000000014901161 0.1000000014901161 0.1000000014901161 0.1000000014901161 0.1000000014901161
0.1000000014901161 0.1000000014901161 0.1000000014901161 0.1000000014901161 0.1000000014901161 0.1000000014901161
0.1000000014901161 0.1000000014901161 0.1000000014901161 0.1000000014901161 0.1000000014901161 0.1000000014901161
0.1000000014901161 0.1000000014901161 0.1000000014901161 0.1000000014901161 0.1000000014901161 0.1000000014901161
0.1000000014901161 0.1000000014901161 0.1000000014901161 0.1000000014901161 0.1000000014901161 0.1000000014901161
0.1000000014901161 0.1000000014901161 0.1000000014901161 0.1000000014901161 0.1000000014901161 0.1000000014901161
0.1000000014901161 0.1000000014901161 0.1000000014901161 0.1000000014901161 0.1000000014901161 0.1000000014901161
0.1000000014901161 0.1000000014901161 0.1000000014901161 0.1000000014901161 0.1000000014901161 0.1000000014901161
0.1000000014901161 0.1000000014901161 0.1000000014901161 0.1000000014901161 0.1000000014901161 0.1000000014901161
0.1000000014901161 0.1000000014901161 0.1000000014901161 0.1000000014901161 0.1000000014901161 0.1000000014901161
0.1000000014901161 0.1000000014901161 0.1000000014901161 0.1000000014901161 0.1000000014901161 0.1000000014901161
0.1000000014901161 0.1000000014901161 0.1000000014901161 0.1000000014901161 0.1000000014901161 0.1000000014901161
0.1000000014901161 0.1000000014901161 0.1000000014901161 0.1000000014901161 0.1000000014901161 0.1000000014901161
0.1000000014901161 0.1000000014901161 0.1000000014901161 0.1000000014901161 0.1000000014901161 0.1000000014901161
0.1000000014901161 0.1000000014901161 0.1000000014901161 0.1000000014901161 0.1000000014901161 0.1000000014901161
0.1000000014901161 0.1000000014901161 0.1000000014901161 0.1000000014901161 0.1000000014901161 0.1000000014901161
0.1000000014901161 0.1000000014901161 0.1000000014901161 0.1000000014901161 0.1000000014901161 0.1000000014901161
0.1000000014901161 0.1000000014901161 0.1000000014901161 0.1000000014901161 0.1000000014901161 0.1000000014901161
0.1000000014901161 0.1000000014901161 0.1000000014901161 0.1000000014901161 0.1000000014901161 0.1000000014901161
0.1000000014901161 0.1000000014901161 0.1000000014901161 0.1000000014901161 0.1000000014901161 0.1000000014901161
0.1000000014901161 0.1000000014901161 0.1000000014901161 0.1000000014901161 0.1000000014901161 0.1000000014901161
0.1000000014901161 0.1000000014901161 0.1000000014901161 0.1000000014901161 0.1000000014901161 0.1000000014901161
0.1000000014901161 0.1000000014901161 0.1000000014901161 0.1000000014901161 0.1000000014901161 0.1000000014901161
0.1000000014901161 0.1000000014901161 0.1000000014901161 0.1000000014901161 0.1000000014901161 0.1000000014901161
0.1000000014901161 0.1000000014901161 0.1000000014901161 0.1000000014901161 0.1000000014901161 0.1000000014901161
0.1000000014901161 0.1000000014901161 0.1000000014901161 0.1000000014901161 0.1000000014901161 0.1000000014901161
0.1000000014901161 0.1000000014901161 0.1000000014901161 0.1000000014901161 0.1000000014901161 0.1000000014901161
1.0000000000000000 1.0000000000000000 1.0000000000000000 1.0000000000000000 0
1.0000000000000000 1.0000000000000000 1.0000000000000000 1.0000000000000000 0
1.0000000000000000 1.0000000000000000 1.0000000000000000 1.0000000000000000 0
1.0000000000000000 1.0000000000000000 1.0000000000000000 1.0000000000000000 0
1.0000000000000000 1.0000000000000000 1.0000000000000000 1.0000000000000000 0
1.0000000000000000 1.0000000000000000 1.0000000000000000 1.0000000000000000 0
1.0000000000000000 1.0000000000000000 1.0000000000000000 1.0000000000000000 0
1.0000000000000000 1.0000000000000000 1.0000000000000000 1.0000000000000000 0
1.0000000000000000 1.0000000000000000 1.0000000000000000 1.0000000000000000 0
1.0000000000000000 1.0000000000000000 1.0000000000000000 1.0000000000000000 0
1.0000000000000000 1.0000000000000000 1.0000000000000000 1.0000000000000000 0
1.0000000000000000 1.0000000000000000 1.0000000000000000 1.0000000000000000 0
1.0000000000000000 1.0000000000000000 1.0000000000000000 1.0000000000000000 0
1.0000000000000000 1.0000000000000000 1.0000000000000000 1.0000000000000000 0
1.0000000000000000 1.0000000000000000 1.0000000000000000 1.0000000000000000 0
1.0000000000000000 1.0000000000000000 1.0000000000000000 1.0000000000000000 0
1.0000000000000000 1.0000000000000000 1.0000000000000000 1.0000000000000000 0
1.0000000000000000 1.0000000000000000 1.0000000000000000 1.0000000000000000 0
1.0000000000000000 1.0000000000000000 1.0000000000000000 1.0000000000000000 0
1.0000000000000000 1.0000000000000000 1.0000000000000000 1.0000000000000000 0
1.0000000000000000 1.0000000000000000 1.0000000000000000 1.0000000000000000 0
1.0000000000000000 1.0000000000000000 1.0000000000000000 1.0000000000000000 0
1.0000000000000000 1.0000000000000000 1.0000000000000000 1.0000000000000000 0
1.0000000000000000 1.0000000000000000 1.0000000000000000 1.0000000000000000 0
1.0000000000000000 1.0000000000000000 1.0000000000000000 1.0000000000000000 0
1.0000000000000000 1.0000000000000000 1.0000000000000000 1.0000000000000000 0
1.0000000000000000 1.0000000000000000 1.0000000000000000 1.0000000000000000 0
1.0000000000000000 1.0000000000000000 1.0000000000000000 1.0000000000000000 0
1.0000000000000000 1.0000000000000000 1.0000000000000000 1.0000000000000000 0
1.0000000000000000 1.0000000000000000 1.0000000000000000 1.0000000000000000 0
1.0000000000000000 1.0000000000000000 1.0000000000000000 1.0000000000000000 0
1.0000000000000000 1.0000000000000000 1.0000000000000000 1.0000000000000000 0
1.0000000000000000 1.0000000000000000 1.0000000000000000 1.0000000000000000 0
1.0000000000000000 1.0000000000000000 1.0000000000000000 1.0000000000000000 0
1.0000000000000000 1.0000000000000000 1.0000000000000000 1.0000000000000000 0
1.0000000000000000 1.0000000000000000 1.0000000000000000 1.0000000000000000 0
1.0000000000000000 1.0000000000000000 1.0000000000000000 1.0000000000000000 0
1.0000000000000000 1.0000000000000000 1.0000000000000000 1.0000000000000000 0
1.0000000000000000 1.0000000000000000 1.0000000000000000 1.0000000000000000 0
1.0000000000000000 1.0000000000000000 1.0000000000000000 1.0000000000000000 0
1.0000000000000000 1.0000000000000000 1.0000000000000000 1.0000000000000000 0
1.0000000000000000 1.0000000000000000 1.0000000000000000 1.0000000000000000 0
1.0000000000000000 1.0000000000000000 1.0000000000000000 1.0000000000000000 0
1.0000000000000000 1.0000000000000000 1.0000000000000000 1.0000000000000000 0
1.0000000000000000 1.0000000000000000 1.0000000000000000 1.0000000000000000 0
1.0000000000000000 1.0000000000000000 1.0000000000000000 1.0000000000000000 0
1.0000000000000000 1.0000000000000000 1.0000000000000000 1.0000000000000000 0
1.0000000000000000 1.0000000000000000 1.0000000000000000 1.0000000000000000 0
1.0000000000000000 1.0000000000000000 1.0000000000000000 1.0000000000000000 0
1.0000000000000000 1.0000000000000000 1.0000000000000000 1.0000000000000000 0
1.0000000000000000 1.0000000000000000 1.0000000000000000 1.0000000000000000 0
1.0000000000000000 1.0000000000000000 1.0000000000000000 1.0000000000000000 0
1.0000000000000000 1.0000000000000000 1.0000000000000000 1.0000000000000000 0
1.0000000000000000 1.0000000000000000 1.0000000000000000 1.0000000000000000 0
1.0000000000000000 1.0000000000000000 1.0000000000000000 1.0000000000000000 0
1.0000000000000000 1.0000000000000000 1.0000000000000000 1.0000000000000000 0
1.0000000000000000 1.0000000000000000 1.0000000000000000 1.0000000000000000 0
1.0000000000000000 1.0000000000000000 1.0000000000000000 1.0000000000000000 0
1.0000000000000000 1.0000000000000000 1.0000000000000000 1.0000000000000000 0
1.0000000000000000 1.0000000000000000 1.0000000000000000 1.0000000000000000 0
1.0000000000000000 1.0000000000000000 1.0000000000000000 1.0000000000000000 0
1.0000000000000000 1.0000000000000000 1.0000000000000000 1.0000000000000000 0
1.0000000000000000 1.0000000000000000 1.0000000000000000 1.0000000000000000 0
1.0000000000000000 1.0000000000000000 1.0000000000000000 1.0000000000000000 0
0.1000000014901161 0.1000000014901161 0.1000000014901161 0.1000000014901161 0.1000000014901161 0.1000000014901161
0.1000000014901161 0.1000000014901161 0.1000000014901161 0.1000000014901161 0.1000000014901161 0.1000000014901161
0.1000000014901161 0.1000000014901161 0.1000000014901161 0.1000000014901161 0.1000000014901161 0.1000000014901161
0.1000000014901161 0.1000000014901161 0.1000000014901161 0.1000000014901161 0.1000000014901161 0.1000000014901161
0.1000000014901161 0.1000000014901161 0.1000000014901161 0.1000000014901161 0.1000000014901161 0.1000000014901161
0.1000000014901161 0.1000000014901161 0.1000000014901161 0.1000000014901161 0.1000000014901161 0.1000000014901161
0.1000000014901161 0.1000000014901161 0.1000000014901161 0.1000000014901161 0.1000000014901161 0.1000000014901161
0.1000000014901161 0.1000000014901161 0.1000000014901161 0.1000000014901161 0.1000000014901161 0.1000000014901161
0.1000000014901161 0.1000000014901161 0.1000000014901161 0.1000000014901161 0.1000000014901161 0.1000000014901161
0.1000000014901161 0.1000000014901161 0.1000000014901161 0.1000000014901161 0.1000000014901161 0.1000000014901161
0.1000000014901161 0.1000000014901161 0.1000000014901161 0.1000000014901161 0.1000000014901161 0.1000000014901161
0.1000000014901161 0.1000000014901161 0.1000000014901161 0.1000000014901161 0.1000000014901161 0.1000000014901161
0.1000000014901161 0.1000000014901161 0.1000000014901161 0.1000000014901161 0.1000000014901161 0.1000000014901161
0.1000000014901161 0.1000000014901161 0.1000000014901161 0.1000000014901161 0.1000000014901161 0.1000000014901161
0.1000000014901161 0.1000000014901161 0.1000000014901161 0.1000000014901161 0.1000000014901161 0.1000000014901161
0.1000000014901161 0.1000000014901161 0.1000000014901161 0.1000000014901161 0.1000000014901161 0.1000000014901161
0.1000000014901161 0.1000000014901161 0.1000000014901161 0.1000000014901161 0.1000000014901161 0.1000000014901161
0.1000000014901161 0.1000000014901161 0.1000000014901161 0.1000000014901161 0.1000000014901161 0.1000000014901161
0.1000000014901161 0.1000000014901161 0.1000000014901161 0.1000000014901161 0.1000000014901161 0.1000000014901161
0.1000000014901161 0.1000000014901161 0.1000000014901161 0.1000000014901161 0.1000000014901161 0.1000000014901161
0.1000000014901161 0.1000000014901161 0.1000000014901161 0.1000000014901161 0.1000000014901161 0.1000000014901161
0.1000000014901161 0.1000000014901161 0.1000000014901161 0.1000000014901161 0.1000000014901161 0.1000000014901161
0.1000000014901161 0.1000000014901161 0.1000000014901161 0.1000000014901161 0.1000000014901161 0.1000000014901161
0.1000000014901161 0.1000000014901161 0.1000000014901161 0.1000000014901161 0.1000000014901161 0.1000000014901161
0.1000000014901161 0.1000000014901161 0.1000000014901161 0.1000000014901161 0.1000000014901161 0.1000000014901161
0.1000000014901161 0.1000000014901161 0.1000000014901161 0.1000000014901161 0.1000000014901161 0.1000000014901161
0.1000000014901161 0.1000000014901161 0.1000000014901161 0.1000000014901161 0.1000000014901161 0.1000000014901161
0.1000000014901161 0.1000000014901161 0.1000000014901161 0.1000000014901161 0.1000000014901161 0.1000000014901161
0.1000000014901161 0.1000000014901161 0.1000000014901161 0.1000000014901161 0.1000000014901161 0.1000000014901161
0.1000000014901161 0.1000000014901161 0.1000000014901161 0.1000000014901161 0.1000000014901161 0.1000000014901161
0.1000000014901161 0.1000000014901161 0.1000000014901161 0.1000000014901161 0.1000000014901161 0.1000000014901161
0.1000000014901161 0.1000000014901161 0.1000000014901161 0.1000000014901161 0.1000000014901161 0.1000000014901161
0.1000000014901161 0.1000000014901161 0.1000000014901161 0.1000000014901161 0.1000000014901161 0.1000000014901161
0.1000000014901161 0.1000000014901161 0.1000000014901161 0.1000000014901161 0.1000000014901161 0.1000000014901161
0.1000000014901161 0.1000000014901161 0.1000000014901161 0.1000000014901161 0.1000000014901161 0.1000000014901161
0.1000000014901161 0.1000000014901161 0.1000000014901161 0.1000000014901161 0.1000000014901161 0.1000000014901161
0.1000000014901161 0.1000000014901161 0.1000000014901161 0.1000000014901161 0.1000000014901161 0.1000000014901161
0.1000000014901161 0.1000000014901161 0.1000000014901161 0.1000000014901161 0.1000000014901161 0.1000000014901161
0.1000000014901161 0.1000000014901161 0.1000000014901161 0.1000000014901161 0.1000000014901161 0.1000000014901161
0.1000000014901161 0.1000000014901161 0.1000000014901161 0.1000000014901161 0.1000000014901161 0.1000000014901161
0.1000000014901161 0.1000000014901161 0.1000000014901161 0.1000000014901161 0.1000000014901161 0.1000000014901161
0.1000000014901161 0.1000000014901161 0.1000000014901161 0.1000000014901161 0.1000000014901161 0.1000000014901161
0.1000000014901161 0.1000000014901161 0.1000000014901161 0.1000000014901161 0.1000000014901161 0.1000000014901161
0.1000000014901161 0.1000000014901161 0.1000000014901161 0.1000000014901161 0.1000000014901161 0.1000000014901161
0.1000000014901161 0.1000000014901161 0.1000000014901161 0.1000000014901161 0.1000000014901161 0.1000000014901161
0.1000000014901161 0.1000000014901161 0.1000000014901161 0.1000000014901161 0.1000000014901161 0.1000000014901161
0.1000000014901161 0.1000000014901161 0.1000000014901161 0.1000000014901161 0.1000000014901161 0.1000000014901161
0.1000000014901161 0.1000000014901161 0.1000000014901161 0.1000000014901161 0.1000000014901161 0.1000000014901161
0.1000000014901161 0.1000000014901161 0.1000000014901161 0.1000000014901161 0.1000000014901161 0.1000000014901161
0.1000000014901161 0.1000000014901161 0.1000000014901161 0.1000000014901161 0.1000000014901161 0.1000000014901161
0.1000000014901161 0.1000000014901161 0.1000000014901161 0.1000000014901161 0.1000000014901161 0.1000000014901161
0.1000000014901161 0.1000000014901161 0.1000000014901161 0.1000000014901161 0.1000000014901161 0.1000000014901161
0.1000000014901161 0.1000000014901161 0.1000000014901161 0.1000000014901161 0.1000000014901161 0.1000000014901161
0.1000000014901161 0.1000000014901161 0.1000000014901161 0.1000000014901161 0.1000000014901161 0.1000000014901161
0.1000000014901161 0.1000000014901161 0.1000000014901161 0.1000000014901161 0.1000000014901161 0.1000000014901161
0.1000000014901161 0.1000000014901161 0.1000000014901161 0.1000000014901161 0.1000000014901161 0.1000000014901161
0.1000000014901161 0.1000000014901161 0.1000000014901161 0.1000000014901161 0.1000000014901161 0.1000000014901161
0.1000000014901161 0.1000000014901161 0.1000000014901161 0.1000000014901161 0.1000000014901161 0.1000000014901161
0.1000000014901161 0.1000000014901161 0.1000000014901161 0.1000000014901161 0.1000000014901161 0.1000000014901161
0.1000000014901161 0.1000000014901161 0.1000000014901161 0.1000000014901161 0.1000000014901161 0.1000000014901161
0.1000000014901161 0.1000000014901161 0.1000000014901161 0.1000000014901161 0.1000000014901161 0.1000000014901161
0.1000000014901161 0.1000000014901161 0.1000000014901161 0.1000000014901161 0.1000000014901161 0.1000000014901161
0.1000000014901161 0.1000000014901161 0.1000000014901161 0.1000000014901161 0.1000000014901161 0.1000000014901161
0.1000000014901161 0.1000000014901161 0.1000000014901161 0.1000000014901161 0.1000000014901161 0.1000000014901161
0.1000000014901161 0.1000000014901161 0.1000000014901161 0.1000000014901161 0.1000000014901161 0.1000000014901161
0.1000000014901161 0.1000000014901161 0.1000000014901161 0.1000000014901161 0.1000000014901161 0.1000000014901161
0.1000000014901161 0.1000000014901161 0.1000000014901161 0.1000000014901161 0.1000000014901161 0.1000000014901161
0.1000000014901161 0.1000000014901161 0.1000000014901161 0.1000000014901161 0.1000000014901161 0.1000000014901161
0.1000000014901161 0.1000000014901161 0.1000000014901161 0.1000000014901161 0.1000000014901161 0.1000000014901161
0.1000000014901161 0.1000000014901161 0.1000000014901161 0.1000000014901161 0.1000000014901161 0.1000000014901161
0.1000000014901161 0.1000000014901161 0.1000000014901161 0.1000000014901161 0.1000000014901161 0.1000000014901161
0.1000000014901161 0.1000000014901161 0.1000000014901161 0.1000000014901161 0.1000000014901161 0.1000000014901161
0.1000000014901161 0.1000000014901161 0.1000000014901161 0.1000000014901161 0.1000000014901161 0.1000000014901161
0.1000000014901161 0.1000000014901161 0.1000000014901161 0.1000000014901161 0.1000000014901161 0.1000000014901161
0.1000000014901161 0.1000000014901161 0.1000000014901161 0.1000000014901161 0.1000000014901161 0.1000000014901161
0.1000000014901161 0.1000000014901161 0.1000000014901161 0.1000000014901161 0.1000000014901161 0.1000000014901161
0.1000000014901161 0.1000000014901161 0.1000000014901161 0.1000000014901161 0.1000000014901161 0.1000000014901161
0.1000000014901161 0.1000000014901161 0.1000000014901161 0.1000000014901161 0.1000000014901161 0.1000000014901161
0.1000000014901161 0.1000000014901161 0.1000000014901161 0.1000000014901161 0.1000000014901161 0.1000000014901161
0.1000000014901161 0.1000000014901161 0.1000000014901161 0.1000000014901161 0.1000000014901161 0.1000000014901161
0.1000000014901161 0.1000000014901161 0.1000000014901161 0.1000000014901161 0.1000000014901161 0.1000000014901161
0.1000000014901161 0.1000000014901161 0.1000000014901161 0.1000000014901161 0.1000000014901161 0.1000000014901161
0.1000000014901161 0.1000000014901161 0.1000000014901161 0.1000000014901161 0.1000000014901161 0.1000000014901161
0.1000000014901161 0.1000000014901161 0.1000000014901161 0.1000000014901161 0.1000000014901161 0.1000000014901161
0.1000000014901161 0.1000000014901161 0.1000000014901161 0.1000000014901161 0.1000000014901161 0.1000000014901161
0.1000000014901161 0.1000000014901161 0.1000000014901161 0.1000000014901161 0.1000000014901161 0.1000000014901161
0.1000000014901161 0.1000000014901161 0.1000000014901161 0.1000000014901161 0.1000000014901161 0.1000000014901161
0.1000000014901161 0.1000000014901161 0.1000000014901161 0.1000000014901161 0.1000000014901161 0.1000000014901161
0.1000000014901161 0.1000000014901161 0.1000000014901161 0.1000000014901161 0.1000000014901161 0.1000000014901161
0.1000000014901161 0.1000000014901161 0.1000000014901161 0.1000000014901161 0.1000000014901161 0.1000000014901161
0.1000000014901161 0.1000000014901161 0.1000000014901161 0.1000000014901161 0.1000000014901161 0.1000000014901161
0.1000000014901161 0.1000000014901161 0.1000000014901161 0.1000000014901161 0.1000000014901161 0.1000000014901161
0.1000000014901161 0.1000000014901161 0.1000000014901161 0.1000000014901161 0.1000000014901161 0.1000000014901161
0.1000000014901161 0.1000000014901161 0.1000000014901161 0.1000000014901161 0.1000000014901161 0.1000000014901161
0.1000000014901161 0.1000000014901161 0.1000000014901161 0.1000000014901161 0.1000000014901161 0.1000000014901161
0.1000000014901161 0.1000000014901161 0.1000000014901161 0.1000000014901161 0.1000000014901161 0.1000000014901161
0.1000000014901161 0.1000000014901161 0.1000000014901161 0.1000000014901161 0.1000000014901161 0.1000000014901161
0.1000000014901161 0.1000000014901161 0.1000000014901161 0.1000000014901161 0.1000000014901161 0.1000000014901161
0.1000000014901161 0.1000000014901161 0.1000000014901161 0.1000000014901161 0.1000000014901161 0.1000000014901161
0.1000000014901161 0.1000000014901161 0.1000000014901161 0.1000000014901161 0.1000000014901161 0.1000000014901161
0.1000000014901161 0.1000000014901161 0.1000000014901161 0.1000000014901161 0.1000000014901161 0.1000000014901161
0.1000000014901161 0.1000000014901161 0.1000000014901161 0.1000000014901161 0.1000000014901161 0.1000000014901161
0.1000000014901161 0.1000000014901161 0.1000000014901161 0.1000000014901161 0.1000000014901161 0.1000000014901161
0.1000000014901161 0.1000000014901161 0.1000000014901161 0.1000000014901161 0.1000000014901161 0.1000000014901161
0.1000000014901161 0.1000000014901161 0.1000000014901161 0.1000000014901161 0.1000000014901161 0.1000000014901161
0.1000000014901161 0.1000000014901161 0.1000000014901161 0.1000000014901161 0.1000000014901161 0.1000000014901161
0.1000000014901161 0.1000000014901161 0.1000000014901161 0.1000000014901161 0.1000000014901161 0.1000000014901161
0.1000000014901161 0.1000000014901161 0.1000000014901161 0.1000000014901161 0.1000000014901161 0.1000000014901161
0.1000000014901161 0.1000000014901161 0.1000000014901161 0.1000000014901161 0.1000000014901161 0.1000000014901161
0.1000000014901161 0.1000000014901161 0.1000000014901161 0.1000000014901161 0.1000000014901161 0.1000000014901161
0.1000000014901161 0.1000000014901161 0.1000000014901161 0.1000000014901161 0.1000000014901161 0.1000000014901161
0.1000000014901161 0.1000000014901161 0.1000000014901161 0.1000000014901161 0.1000000014901161 0.1000000014901161
0.1000000014901161 0.1000000014901161 0.1000000014901161 0.1000000014901161 0.1000000014901161 0.1000000014901161
0.1000000014901161 0.1000000014901161 0.1000000014901161 0.1000000014901161 0.1000000014901161 0.1000000014901161
0.1000000014901161 0.1000000014901161 0.1000000014901161 0.1000000014901161 0.1000000014901161 0.1000000014901161
0.1000000014901161 0.1000000014901161 0.1000000014901161 0.1000000014901161 0.1000000014901161 0.1000000014901161
0.1000000014901161 0.1000000014901161 0.1000000014901161 0.1000000014901161 0.1000000014901161 0.1000000014901161
0.1000000014901161 0.1000000014901161 0.1000000014901161 0.1000000014901161 0.1000000014901161 0.1000000014901161
0.1000000014901161 0.1000000014901161 0.1000000014901161 0.1000000014901161 0.1000000014901161 0.1000000014901161
0.1000000014901161 0.1000000014901161 0.1000000014901161 0.1000000014901161 0.1000000014901161 0.1000000014901161
0.1000000014901161 0.1000000014901161 0.1000000014901161 0.1000000014901161 0.1000000014901161 0.1000000014901161
0.1000000014901161 0.1000000014901161 0.1000000014901161 0.1000000014901161 0.1000000014901161 0.1000000014901161
0.1000000014901161 0.1000000014901161 0.1000000014901161 0.1000000014901161 0.1000000014901161 0.1000000014901161
0.1000000014901161 0.1000000014901161 0.1000000014901161 0.1000000014901161 0.1000000014901161 0.1000000014901161
0.1000000014901161 0.1000000014901161 0.1000000014901161 0.1000000014901161 0.1000000014901161 0.1000000014901161
0.1000000014901161 0.1000000014901161 0.1000000014901161 0.1000000014901161 0.1000000014901161 0.1000000014901161
0.1000000014901161 0.1000000014901161 0.1000000014901161 0.1000000014901161 0.1000000014901161 0.1000000014901161
0.1000000014901161 0.1000000014901161 0.1000000014901161 0.1000000014901161 0.1000000014901161 0.1000000014901161
1.0000000000000000 1.0000000000000000 1.0000000000000000 1.0000000000000000 0
1.0000000000000000 1.0000000000000000 1.0000000000000000 1.0000000000000000 0
1.0000000000000000 1.0000000000000000 1.0000000000000000 1.0000000000000000 0
1.0000000000000000 1.0000000000000000 1.0000000000000000 1.0000000000000000 0
1.0000000000000000 1.0000000000000000 1.0000000000000000 1.0000000000000000 0
1.0000000000000000 1.0000000000000000 1.0000000000000000 1.0000000000000000 0
1.0000000000000000 1.0000000000000000 1.0000000000000000 1.0000000000000000 0
1.0000000000000000 1.0000000000000000 1.0000000000000000 1.0000000000000000 0
1.0000000000000000 1.0000000000000000 1.0000000000000000 1.0000000000000000 0
1.0000000000000000 1.0000000000000000 1.0000000000000000 1.0000000000000000 0
1.0000000000000000 1.0000000000000000 1.0000000000000000 1.0000000000000000 0
1.0000000000000000 1.0000000000000000 1.0000000000000000 1.0000000000000000 0
1.0000000000000000 1.0000000000000000 1.0000000000000000 1.0000000000000000 0
1.0000000000000000 1.0000000000000000 1.0000000000000000 1.0000000000000000 0
1.0000000000000000 1.0000000000000000 1.0000000000000000 1.0000000000000000 0
1.0000000000000000 1.0000000000000000 1.0000000000000000 1.0000000000000000 0
1.0000000000000000 1.0000000000000000 1.0000000000000000 1.0000000000000000 0
1.0000000000000000 1.0000000000000000 1.0000000000000000 1.0000000000000000 0
1.0000000000000000 1.0000000000000000 1.0000000000000000 1.0000000000000000 0
1.0000000000000000 1.0000000000000000 1.0000000000000000 1.0000000000000000 0
1.0000000000000000 1.0000000000000000 1.0000000000000000 1.0000000000000000 0
1.0000000000000000 1.0000000000000000 1.0000000000000000 1.0000000000000000 0
1.0000000000000000 1.0000000000000000 1.0000000000000000 1.0000000000000000 0
1.0000000000000000 1.0000000000000000 1.0000000000000000 1.0000000000000000 0
1.0000000000000000 1.0000000000000000 1.0000000000000000 1.0000000000000000 0
1.0000000000000000 1.0000000000000000 1.0000000000000000 1.0000000000000000 0
1.0000000000000000 1.0000000000000000 1.0000000000000000 1.0000000000000000 0
1.0000000000000000 1.0000000000000000 1.0000000000000000 1.0000000000000000 0
1.0000000000000000 1.0000000000000000 1.0000000000000000 1.0000000000000000 0
1.0000000000000000 1.0000000000000000 1.0000000000000000 1.0000000000000000 0
1.0000000000000000 1.0000000000000000 1.0000000000000000 1.0000000000000000 0
1.0000000000000000 1.0000000000000000 1.0000000000000000 1.0000000000000000 0
1.0000000000000000 1.0000000000000000 1.0000000000000000 1.0000000000000000 0
1.0000000000000000 1.0000000000000000 1.0000000000000000 1.0000000000000000 0
1.0000000000000000 1.0000000000000000 1.0000000000000000 1.0000000000000000 0
1.0000000000000000 1.0000000000000000 1.0000000000000000 1.0000000000000000 0
1.0000000000000000 1.0000000000000000 1.0000000000000000 1.0000000000000000 0
1.0000000000000000 1.0000000000000000 1.0000000000000000 1.0000000000000000 0
1.0000000000000000 1.0000000000000000 1.0000000000000000 1.0000000000000000 0
1.0000000000000000 1.0000000000000000 1.0000000000000000 1.0000000000000000 0
1.0000000000000000 1.0000000000000000 1.0000000000000000 1.0000000000000000 0
1.0000000000000000 1.0000000000000000 1.0000000000000000 1.0000000000000000 0
1.0000000000000000 1.0000000000000000 1.0000000000000000 1.0000000000000000 0
1.0000000000000000 1.0000000000000000 1.0000000000000000 1.0000000000000000 0
1.0000000000000000 1.0000000000000000 1.0000000000000000 1.0000000000000000 0
1.0000000000000000 1.0000000000000000 1.0000000000000000 1.0000000000000000 0
1.0000000000000000 1.0000000000000000 1.0000000000000000 1.0000000000000000 0
1.0000000000000000 1.0000000000000000 1.0000000000000000 1.0000000000000000 0
1.0000000000000000 1.0000000000000000 1.0000000000000000 1.0000000000000000 0
1.0000000000000000 1.0000000000000000 1.0000000000000000 1.0000000000000000 0
1.0000000000000000 1.0000000000000000 1.0000000000000000 1.0000000000000000 0
1.0000000000000000 1.0000000000000000 1.0000000000000000 1.0000000000000000 0
1.0000000000000000 1.0000000000000000 1.0000000000000000 1.0000000000000000 0
1.0000000000000000 1.0000000000000000 1.0000000000000000 1.0000000000000000 0
1.0000000000000000 1.0000000000000000 1.0000000000000000 1.0000000000000000 0
1.0000000000000000 1.0000000000000000 1.0000000000000000 1.0000000000000000 0
1.0000000000000000 1.0000000000000000 1.0000000000000000 1.0000000000000000 0
1.0000000000000000 1.0000000000000000 1.0000000000000000 1.0000000000000000 0
1.0000000000000000 1.0000000000000000 1.0000000000000000 1.0000000000000000 0
1.0000000000000000 1.0000000000000000 1.0000000000000000 1.0000000000000000 0
1.0000000000000000 1.0000000000000000 1.0000000000000000 1.0000000000000000 0
1.0000000000000000 1.0000000000000000 1.0000000000000000 1.0000000000000000 0
1.0000000000000000 1.0000000000000000 1.0000000000000000 1.0000000000000000 0
1.0000000000000000 1.0000000000000000 1.0000000000000000 1.0000000000000000 0
0.1000000014901161 0.1000000014901161 0.1000000014901161 0.1000000014901161 0.1000000014901161 0.1000000014901161
0.1000000014901161 0.1000000014901161 0.1000000014901161 0.1000000014901161 0.1000000014901161 0.1000000014901161
0.1000000014901161 0.1000000014901161 0.1000000014901161 0.1000000014901161 0.1000000014901161 0.1000000014901161
0.1000000014901161 0.1000000014901161 0.1000000014901161 0.1000000014901161 0.1000000014901161 0.1000000014901161
0.1000000014901161 0.1000000014901161 0.1000000014901161 0.1000000014901161 0.1000000014901161 0.1000000014901161
0.1000000014901161 0.1000000014901161 0.1000000014901161 0.1000000014901161 0.1000000014901161 0.1000000014901161
0.1000000014901161 0.1000000014901161 0.1000000014901161 0.1000000014901161 0.1000000014901161 0.1000000014901161
0.1000000014901161 0.1000000014901161 0.1000000014901161 0.1000000014901161 0.1000000014901161 0.1000000014901161
0.1000000014901161 0.1000000014901161 0.1000000014901161 0.1000000014901161 0.1000000014901161 0.1000000014901161
0.1000000014901161 0.1000000014901161 0.1000000014901161 0.1000000014901161 0.1000000014901161 0.1000000014901161
0.1000000014901161 0.1000000014901161 0.1000000014901161 0.1000000014901161 0.1000000014901161 0.1000000014901161
0.1000000014901161 0.1000000014901161 0.1000000014901161 0.1000000014901161 0.1000000014901161 0.1000000014901161
0.1000000014901161 0.1000000014901161 0.1000000014901161 0.1000000014901161 0.1000000014901161 0.1000000014901161
0.1000000014901161 0.1000000014901161 0.1000000014901161 0.1000000014901161 0.1000000014901161 0.1000000014901161
0.1000000014901161 0.1000000014901161 0.1000000014901161 0.1000000014901161 0.1000000014901161 0.1000000014901161
0.1000000014901161 0.1000000014901161 0.1000000014901161 0.1000000014901161 0.1000000014901161 0.1000000014901161
0.1000000014901161 0.1000000014901161 0.1000000014901161 0.1000000014901161 0.1000000014901161 0.1000000014901161
0.1000000014901161 0.1000000014901161 0.1000000014901161 0.1000000014901161 0.1000000014901161 0.1000000014901161
0.1000000014901161 0.1000000014901161 0.1000000014901161 0.1000000014901161 0.1000000014901161 0.1000000014901161
0.1000000014901161 0.1000000014901161 0.1000000014901161 0.1000000014901161 0.1000000014901161 0.1000000014901161
0.1000000014901161 0.1000000014901161 0.1000000014901161 0.1000000014901161 0.1000000014901161 0.1000000014901161
0.1000000014901161 0.1000000014901161 0.1000000014901161 0.1000000014901161 0.1000000014901161 0.1000000014901161
0.1000000014901161 0.1000000014901161 0.1000000014901161 0.1000000014901161 0.1000000014901161 0.1000000014901161
0.1000000014901161 0.1000000014901161 0.1000000014901161 0.1000000014901161 0.1000000014901161 0.1000000014901161
0.1000000014901161 0.1000000014901161 0.1000000014901161 0.1000000014901161 0.1000000014901161 0.1000000014901161
0.1000000014901161 0.1000000014901161 0.1000000014901161 0.1000000014901161 0.1000000014901161 0.1000000014901161
0.1000000014901161 0.1000000014901161 0.1000000014901161 0.1000000014901161 0.1000000014901161 0.1000000014901161
0.1000000014901161 0.1000000014901161 0.1000000014901161 0.1000000014901161 0.1000000014901161 0.1000000014901161
0.1000000014901161 0.1000000014901161 0.1000000014901161 0.1000000014901161 0.1000000014901161 0.1000000014901161
0.1000000014901161 0.1000000014901161 0.1000000014901161 0.1000000014901161 0.1000000014901161 0.1000000014901161
0.1000000014901161 0.1000000014901161 0.1000000014901161 0.1000000014901161 0.1000000014901161 0.1000000014901161
0.1000000014901161 0.1000000014901161 0.1000000014901161 0.1000000014901161 0.1000000014901161 0.1000000014901161
0.1000000014901161 0.1000000014901161 0.1000000014901161 0.1000000014901161 0.1000000014901161 0.1000000014901161
0.1000000014901161 0.1000000014901161 0.1000000014901161 0.1000000014901161 0.1000000014901161 0.1000000014901161
0.1000000014901161 0.1000000014901161 0.1000000014901161 0.1000000014901161 0.1000000014901161 0.1000000014901161
0.1000000014901161 0.1000000014901161 0.1000000014901161 0.1000000014901161 0.1000000014901161 0.1000000014901161
0.1000000014901161 0.1000000014901161 0.1000000014901161 0.1000000014901161 0.1000000014901161 0.1000000014901161
0.1000000014901161 0.1000000014901161 0.1000000014901161 0.1000000014901161 0.1000000014901161 0.1000000014901161
0.1000000014901161 0.1000000014901161 0.1000000014901161 0.1000000014901161 0.1000000014901161 0.1000000014901161
0.1000000014901161 0.1000000014901161 0.1000000014901161 0.1000000014901161 0.1000000014901161 0.1000000014901161
0.1000000014901161 0.1000000014901161 0.1000000014901161 0.1000000014901161 0.1000000014901161 0.1000000014901161
0.1000000014901161 0.1000000014901161 0.1000000014901161 0.1000000014901161 0.1000000014901161 0.1000000014901161
0.1000000014901161 0.1000000014901161 0.1000000014901161 0.1000000014901161 0.1000000014901161 0.1000000014901161
0.1000000014901161 0.1000000014901161 0.1000000014901161 0.1000000014901161 0.1000000014901161 0.1000000014901161
0.1000000014901161 0.1000000014901161 0.1000000014901161 0.1000000014901161 0.1000000014901161 0.1000000014901161
0.1000000014901161 0.1000000014901161 0.1000000014901161 0.1000000014901161 0.1000000014901161 0.1000000014901161
0.1000000014901161 0.1000000014901161 0.1000000014901161 0.1000000014901161 0.1000000014901161 0.1000000014901161
0.1000000014901161 0.1000000014901161 0.1000000014901161 0.1000000014901161 0.1000000014901161 0.1000000014901161
0.1000000014901161 0.1000000014901161 0.1000000014901161 0.1000000014901161 0.1000000014901161 0.1000000014901161
0.1000000014901161 0.1000000014901161 0.1000000014901161 0.1000000014901161 0.1000000014901161 0.1000000014901161
0.1000000014901161 0.1000000014901161 0.1000000014901161 0.1000000014901161 0.1000000014901161 0.1000000014901161
0.1000000014901161 0.1000000014901161 0.1000000014901161 0.1000000014901161 0.1000000014901161 0.1000000014901161
0.1000000014901161 0.1000000014901161 0.1000000014901161 0.1000000014901161 0.1000000014901161 0.1000000014901161
0.1000000014901161 0.1000000014901161 0.1000000014901161 0.1000000014901161 0.1000000014901161 0.1000000014901161
0.1000000014901161 0.1000000014901161 0.1000000014901161 0.1000000014901161 0.1000000014901161 0.1000000014901161
0.1000000014901161 0.1000000014901161 0.1000000014901161 0.1000000014901161 0.1000000014901161 0.1000000014901161
0.1000000014901161 0.1000000014901161 0.1000000014901161 0.1000000014901161 0.1000000014901161 0.1000000014901161
0.1000000014901161 0.1000000014901161 0.1000000014901161 0.1000000014901161 0.1000000014901161 0.1000000014901161
0.1000000014901161 0.1000000014901161 0.1000000014901161 0.1000000014901161 0.1000000014901161 0.1000000014901161
0.1000000014901161 0.1000000014901161 0.1000000014901161 0.1000000014901161 0.1000000014901161 0.1000000014901161
0.1000000014901161 0.1000000014901161 0.1000000014901161 0.1000000014901161 0.1000000014901161 0.1000000014901161
0.1000000014901161 0.1000000014901161 0.1000000014901161 0.1000000014901161 0.1000000014901161 0.1000000014901161
0.1000000014901161 0.1000000014901161 0.1000000014901161 0.1000000014901161 0.1000000014901161 0.1000000014901161
0.1000000014901161 0.1000000014901161 0.1000000014901161 0.1000000014901161 0.1000000014901161 0.1000000014901161
0.1000000014901161 0.1000000014901161 0.1000000014901161 0.1000000014901161 0.1000000014901161 0.1000000014901161
0.1000000014901161 0.1000000014901161 0.1000000014901161 0.1000000014901161 0.1000000014901161 0.1000000014901161
0.1000000014901161 0.1000000014901161 0.1000000014901161 0.1000000014901161 0.1000000014901161 0.1000000014901161
0.1000000014901161 0.1000000014901161 0.1000000014901161 0.1000000014901161 0.1000000014901161 0.1000000014901161
0.1000000014901161 0.1000000014901161 0.1000000014901161 0.1000000014901161 0.1000000014901161 0.1000000014901161
0.1000000014901161 0.1000000014901161 0.1000000014901161 0.1000000014901161 0.1000000014901161 0.1000000014901161
0.1000000014901161 0.1000000014901161 0.1000000014901161 0.1000000014901161 0.1000000014901161 0.1000000014901161
0.1000000014901161 0.1000000014901161 0.1000000014901161 0.1000000014901161 0.1000000014901161 0.1000000014901161
0.1000000014901161 0.1000000014901161 0.1000000014901161 0.1000000014901161 0.1000000014901161 0.1000000014901161
0.1000000014901161 0.1000000014901161 0.1000000014901161 0.1000000014901161 0.1000000014901161 0.1000000014901161
0.1000000014901161 0.1000000014901161 0.1000000014901161 0.1000000014901161 0.1000000014901161 0.1000000014901161
0.1000000014901161 0.1000000014901161 0.1000000014901161 0.1000000014901161 0.1000000014901161 0.1000000014901161
0.1000000014901161 0.1000000014901161 0.1000000014901161 0.1000000014901161 0.1000000014901161 0.1000000014901161
0.1000000014901161 0.1000000014901161 0.1000000014901161 0.1000000014901161 0.1000000014901161 0.1000000014901161
0.1000000014901161 0.1000000014901161 0.1000000014901161 0.1000000014901161 0.1000000014901161 0.1000000014901161
0.1000000014901161 0.1000000014901161 0.1000000014901161 0.1000000014901161 0.1000000014901161 0.1000000014901161
0.1000000014901161 0.1000000014901161 0.1000000014901161 0.1000000014901161 0.1000000014901161 0.1000000014901161
0.1000000014901161 0.1000000014901161 0.1000000014901161 0.1000000014901161 0.1000000014901161 0.1000000014901161
0.1000000014901161 0.1000000014901161 0.1000000014901161 0.1000000014901161 0.1000000014901161 0.1000000014901161
0.1000000014901161 0.1000000014901161 0.1000000014901161 0.1000000014901161 0.1000000014901161 0.1000000014901161
0.1000000014901161 0.1000000014901161 0.1000000014901161 0.1000000014901161 0.1000000014901161 0.1000000014901161
0.1000000014901161 0.1000000014901161 0.1000000014901161 0.1000000014901161 0.1000000014901161 0.1000000014901161
0.1000000014901161 0.1000000014901161 0.1000000014901161 0.1000000014901161 0.1000000014901161 0.1000000014901161
0.1000000014901161 0.1000000014901161 0.1000000014901161 0.1000000014901161 0.1000000014901161 0.1000000014901161
0.1000000014901161 0.1000000014901161 0.1000000014901161 0.1000000014901161 0.1000000014901161 0.1000000014901161
0.1000000014901161 0.1000000014901161 0.1000000014901161 0.1000000014901161 0.1000000014901161 0.1000000014901161
0.1000000014901161 0.1000000014901161 0.1000000014901161 0.1000000014901161 0.1000000014901161 0.1000000014901161
0.1000000014901161 0.1000000014901161 0.1000000014901161 0.1000000014901161 0.1000000014901161 0.1000000014901161
0.1000000014901161 0.1000000014901161 0.1000000014901161 0.1000000014901161 0.1000000014901161 0.1000000014901161
0.1000000014901161 0.1000000014901161 0.1000000014901161 0.1000000014901161 0.1000000014901161 0.1000000014901161
0.1000000014901161 0.1000000014901161 0.1000000014901161 0.1000000014901161 0.1000000014901161 0.1000000014901161
0.1000000014901161 0.1000000014901161 0.1000000014901161 0.1000000014901161 0.1000000014901161 0.1000000014901161
0.1000000014901161 0.1000000014901161 0.1000000014901161 0.1000000014901161 0.1000000014901161 0.1000000014901161
0.1000000014901161 0.1000000014901161 0.1000000014901161 0.1000000014901161 0.1000000014901161 0.1000000014901161
0.1000000014901161 0.1000000014901161 0.1000000014901161 0.1000000014901161 0.1000000014901161 0.1000000014901161
0.1000000014901161 0.1000000014901161 0.1000000014901161 0.1000000014901161 0.1000000014901161 0.1000000014901161
0.1000000014901161 0.1000000014901161 0.1000000014901161 0.1000000014901161 0.1000000014901161 0.1000000014901161
0.1000000014901161 0.1000000014901161 0.1000000014901161 0.1000000014901161 0.1000000014901161 0.1000000014901161
0.1000000014901161 0.1000000014901161 0.1000000014901161 0.1000000014901161 0.1000000014901161 0.1000000014901161
0.1000000014901161 0.1000000014901161 0.1000000014901161 0.1000000014901161 0.1000000014901161 0.1000000014901161
0.1000000014901161 0.1000000014901161 0.1000000014901161 0.1000000014901161 0.1000000014901161 0.1000000014901161
0.1000000014901161 0.1000000014901161 0.1000000014901161 0.1000000014901161 0.1000000014901161 0.1000000014901161
0.1000000014901161 0.1000000014901161 0.1000000014901161 0.1000000014901161 0.1000000014901161 0.1000000014901161
0.1000000014901161 0.1000000014901161 0.1000000014901161 0.1000000014901161 0.1000000014901161 0.1000000014901161
0.1000000014901161 0.1000000014901161 0.1000000014901161 0.1000000014901161 0.1000000014901161 0.1000000014901161
0.1000000014901161 0.1000000014901161 0.1000000014901161 0.1000000014901161 0.1000000014901161 0.1000000014901161
0.1000000014901161 0.1000000014901161 0.1000000014901161 0.1000000014901161 0.1000000014901161 0.1000000014901161
0.1000000014901161 0.1000000014901161 0.1000000014901161 0.1000000014901161 0.1000000014901161 0.1000000014901161
0.1000000014901161 0.1000000014901161 0.1000000014901161 0.1000000014901161 0.1000000014901161 0.1000000014901161
0.1000000014901161 0.1000000014901161 0.1000000014901161 0.1000000014901161 0.1000000014901161 0.1000000014901161
0.1000000014901161 0.1000000014901161 0.1000000014901161 0.1000000014901161 0.1000000014901161 0.1000000014901161
0.1000000014901161 0.1000000014901161 0.1000000014901161 0.1000000014901161 0.1000000014901161 0.1000000014901161
0.1000000014901161 0.1000000014901161 0.1000000014901161 0.1000000014901161 0.1000000014901161 0.1000000014901161
0.1000000014901161 0.1000000014901161 0.1000000014901161 0.1000000014901161 0.1000000014901161 0.1000000014901161
0.1000000014901161 0.1000000014901161 0.1000000014901161 0.1000000014901161 0.1000000014901161 0.1000000014901161
0.1000000014901161 0.1000000014901161 0.1000000014901161 0.1000000014901161 0.1000000014901161 0.1000000014901161
0.1000000014901161 0.1000000014901161 0.1000000014901161 0.1000000014901161 0.1000000014901161 0.1000000014901161
0.1000000014901161 0.1000000014901161 0.1000000014901161 0.1000000014901161 0.1000000014901161 0.1000000014901161
0.1000000014901161 0.1000000014901161 0.1000000014901161 0.1000000014901161 0.1000000014901161 0.1000000014901161
0.1000000014901161 0.1000000014901161 0.1000000014901161 0.1000000014901161 0.1000000014901161 0.1000000014901161
0.1000000014901161 0.1000000014901161 0.1000000014901161 0.1000000014901161 0.1000000014901161 0.1000000014901161
0.1000000014901161 0.1000000014901161 0.1000000014901161 0.1000000014901161 0.1000000014901161 0.1000000014901161
0.1000000014901161 0.1000000014901161 0.1000000014901161 0.1000000014901161 0.1000000014901161 0.1000000014901161
0.1000000014901161 0.1000000014901161 0.1000000014901161 0.1000000014901161 0.1000000014901161 0.1000000014901161
1.0000000000000000 1.0000000000000000 1.0000000000000000 1.0000000000000000 0
1.0000000000000000 1.0000000000000000 1.0000000000000000 1.0000000000000000 0
1.0000000000000000 1.0000000000000000 1.0000000000000000 1.0000000000000000 0
1.0000000000000000 1.0000000000000000 1.0000000000000000 1.0000000000000000 0
1.0000000000000000 1.0000000000000000 1.0000000000000000 1.0000000000000000 0
1.0000000000000000 1.0000000000000000 1.0000000000000000 1.0000000000000000 0
1.0000000000000000 1.0000000000000000 1.0000000000000000 1.0000000000000000 0
1.0000000000000000 1.0000000000000000 1.0000000000000000 1.0000000000000000 0
1.0000000000000000 1.0000000000000000 1.0000000000000000 1.0000000000000000 0
1.0000000000000000 1.0000000000000000 1.0000000000000000 1.0000000000000000 0
1.0000000000000000 1.0000000000000000 1.0000000000000000 1.0000000000000000 0
1.0000000000000000 1.0000000000000000 1.0000000000000000 1.0000000000000000 0
1.0000000000000000 1.0000000000000000 1.0000000000000000 1.0000000000000000 0
1.0000000000000000 1.0000000000000000 1.0000000000000000 1.0000000000000000 0
1.0000000000000000 1.0000000000000000 1.0000000000000000 1.0000000000000000 0
1.0000000000000000 1.0000000000000000 1.0000000000000000 1.0000000000000000 0
1.0000000000000000 1.0000000000000000 1.0000000000000000 1.0000000000000000 0
1.0000000000000000 1.0000000000000000 1.0000000000000000 1.0000000000000000 0
1.0000000000000000 1.0000000000000000 1.0000000000000000 1.0000000000000000 0
1.0000000000000000 1.0000000000000000 1.0000000000000000 1.0000000000000000 0
1.0000000000000000 1.0000000000000000 1.0000000000000000 1.0000000000000000 0
1.0000000000000000 1.0000000000000000 1.0000000000000000 1.0000000000000000 0
1.0000000000000000 1.0000000000000000 1.0000000000000000 1.0000000000000000 0
1.0000000000000000 1.0000000000000000 1.0000000000000000 1.0000000000000000 0
1.0000000000000000 1.0000000000000000 1.0000000000000000 1.0000000000000000 0
1.0000000000000000 1.0000000000000000 1.0000000000000000 1.0000000000000000 0
1.0000000000000000 1.0000000000000000 1.0000000000000000 1.0000000000000000 0
1.0000000000000000 1.0000000000000000 1.0000000000000000 1.0000000000000000 0
1.0000000000000000 1.0000000000000000 1.0000000000000000 1.0000000000000000 0
1.0000000000000000 1.0000000000000000 1.0000000000000000 1.0000000000000000 0
1.0000000000000000 1.0000000000000000 1.0000000000000000 1.0000000000000000 0
1.0000000000000000 1.0000000000000000 1.0000000000000000 1.0000000000000000 0
1.0000000000000000 1.0000000000000000 1.0000000000000000 1.0000000000000000 0
1.0000000000000000 1.0000000000000000 1.0000000000000000 1.0000000000000000 0
1.0000000000000000 1.0000000000000000 1.0000000000000000 1.0000000000000000 0
1.0000000000000000 1.0000000000000000 1.0000000000000000 1.0000000000000000 0
1.0000000000000000 1.0000000000000000 1.0000000000000000 1.0000000000000000 0
1.0000000000000000 1.0000000000000000 1.0000000000000000 1.0000000000000000 0
1.0000000000000000 1.0000000000000000 1.0000000000000000 1.0000000000000000 0
1.0000000000000000 1.0000000000000000 1.0000000000000000 1.0000000000000000 0
1.0000000000000000 1.0000000000000000 1.0000000000000000 1.0000000000000000 0
1.0000000000000000 1.0000000000000000 1.0000000000000000 1.0000000000000000 0
1.0000000000000000 1.0000000000000000 1.0000000000000000 1.0000000000000000 0
1.0000000000000000 1.0000000000000000 1.0000000000000000 1.0000000000000000 0
1.0000000000000000 1.0000000000000000 1.0000000000000000 1.0000000000000000 0
1.0000000000000000 1.0000000000000000 1.0000000000000000 1.0000000000000000 0
1.0000000000000000 1.0000000000000000 1.0000000000000000 1.0000000000000000 0
1.0000000000000000 1.0000000000000000 1.0000000000000000 1.0000000000000000 0
1.0000000000000000 1.0000000000000000 1.0000000000000000 1.0000000000000000 0
1.0000000000000000 1.0000000000000000 1.0000000000000000 1.0000000000000000 0
1.0000000000000000 1.0000000000000000 1.0000000000000000 1.0000000000000000 0
1.0000000000000000 1.0000000000000000 1.0000000000000000 1.0000000000000000 0
1.0000000000000000 1.0000000000000000 1.0000000000000000 1.0000000000000000 0
1.0000000000000000 1.0000000000000000 1.0000000000000000 1.0000000000000000 0
1.0000000000000000 1.0000000000000000 1.0000000000000000 1.0000000000000000 0
1.0000000000000000 1.0000000000000000 1.0000000000000000 1.0000000000000000 0
1.0000000000000000 1.0000000000000000 1.0000000000000000 1.0000000000000000 0
1.0000000000000000 1.0000000000000000 1.0000000000000000 1.0000000000000000 0
1.0000000000000000 1.0000000000000000 1.0000000000000000 1.0000000000000000 0
1.0000000000000000 1.0000000000000000 1.0000000000000000 1.0000000000000000 0
1.0000000000000000 1.0000000000000000 1.0000000000000000 1.0000000000000000 0
1.0000000000000000 1.0000000000000000 1.0000000000000000 1.0000000000000000 0
1.0000000000000000 1.0000000000000000 1.0000000000000000 1.0000000000000000 0
1.0000000000000000 1.0000000000000000 1.0000000000000000 1.0000000000000000 0
0.1000000014901161 0.1000000014901161 0.1000000014901161 0.1000000014901161 0.1000000014901161 0.1000000014901161
0.1000000014901161 0.1000000014901161 0.1000000014901161 0.1000000014901161 0.1000000014901161 0.1000000014901161
0.1000000014901161 0.1000000014901161 0.1000000014901161 0.1000000014901161 0.1000000014901161 0.1000000014901161
0.1000000014901161 0.1000000014901161 0.1000000014901161 0.1000000014901161 0.1000000014901161 0.1000000014901161
0.1000000014901161 0.1000000014901161 0.1000000014901161 0.1000000014901161 0.1000000014901161 0.1000000014901161
0.1000000014901161 0.1000000014901161 0.1000000014901161 0.1000000014901161 0.1000000014901161 0.1000000014901161
0.1000000014901161 0.1000000014901161 0.1000000014901161 0.1000000014901161 0.1000000014901161 0.1000000014901161
0.1000000014901161 0.1000000014901161 0.1000000014901161 0.1000000014901161 0.1000000014901161 0.1000000014901161
0.1000000014901161 0.1000000014901161 0.1000000014901161 0.1000000014901161 0.1000000014901161 0.1000000014901161
0.1000000014901161 0.1000000014901161 0.1000000014901161 0.1000000014901161 0.1000000014901161 0.1000000014901161
0.1000000014901161 0.1000000014901161 0.1000000014901161 0.1000000014901161 0.1000000014901161 0.1000000014901161
0.1000000014901161 0.1000000014901161 0.1000000014901161 0.1000000014901161 0.1000000014901161 0.1000000014901161
0.1000000014901161 0.1000000014901161 0.1000000014901161 0.1000000014901161 0.1000000014901161 0.1000000014901161
0.1000000014901161 0.1000000014901161 0.1000000014901161 0.1000000014901161 0.1000000014901161 0.1000000014901161
0.1000000014901161 0.1000000014901161 0.1000000014901161 0.1000000014901161 0.1000000014901161 0.1000000014901161
0.1000000014901161 0.1000000014901161 0.1000000014901161 0.1000000014901161 0.1000000014901161 0.1000000014901161
0.1000000014901161 0.1000000014901161 0.1000000014901161 0.1000000014901161 0.1000000014901161 0.1000000014901161
0.1000000014901161 0.1000000014901161 0.1000000014901161 0.1000000014901161 0.1000000014901161 0.1000000014901161
0.1000000014901161 0.1000000014901161 0.1000000014901161 0.1000000014901161 0.1000000014901161 0.1000000014901161
0.1000000014901161 0.1000000014901161 0.1000000014901161 0.1000000014901161 0.1000000014901161 0.1000000014901161
0.1000000014901161 0.1000000014901161 0.1000000014901161 0.1000000014901161 0.1000000014901161 0.1000000014901161
0.1000000014901161 0.1000000014901161 0.1000000014901161 0.1000000014901161 0.1000000014901161 0.1000000014901161
0.1000000014901161 0.1000000014901161 0.1000000014901161 0.1000000014901161 0.1000000014901161 0.1000000014901161
0.1000000014901161 0.1000000014901161 0.1000000014901161 0.1000000014901161 0.1000000014901161 0.1000000014901161
0.1000000014901161 0.1000000014901161 0.1000000014901161 0.1000000014901161 0.1000000014901161 0.1000000014901161
0.1000000014901161 0.1000000014901161 0.1000000014901161 0.1000000014901161 0.1000000014901161 0.1000000014901161
0.1000000014901161 0.1000000014901161 0.1000000014901161 0.1000000014901161 0.1000000014901161 0.1000000014901161
0.1000000014901161 0.1000000014901161 0.1000000014901161 0.1000000014901161 0.1000000014901161 0.1000000014901161
0.1000000014901161 0.1000000014901161 0.1000000014901161 0.1000000014901161 0.1000000014901161 0.1000000014901161
0.1000000014901161 0.1000000014901161 0.1000000014901161 0.1000000014901161 0.1000000014901161 0.1000000014901161
0.1000000014901161 0.1000000014901161 0.1000000014901161 0.1000000014901161 0.1000000014901161 0.1000000014901161
0.1000000014901161 0.1000000014901161 0.1000000014901161 0.1000000014901161 0.1000000014901161 0.1000000014901161
0.1000000014901161 0.1000000014901161 0.1000000014901161 0.1000000014901161 0.1000000014901161 0.1000000014901161
0.1000000014901161 0.1000000014901161 0.1000000014901161 0.1000000014901161 0.1000000014901161 0.1000000014901161
0.1000000014901161 0.1000000014901161 0.1000000014901161 0.1000000014901161 0.1000000014901161 0.1000000014901161
0.1000000014901161 0.1000000014901161 0.1000000014901161 0.1000000014901161 0.1000000014901161 0.1000000014901161
0.1000000014901161 0.1000000014901161 0.1000000014901161 0.1000000014901161 0.1000000014901161 0.1000000014901161
0.1000000014901161 0.1000000014901161 0.1000000014901161 0.1000000014901161 0.1000000014901161 0.1000000014901161
0.1000000014901161 0.1000000014901161 0.1000000014901161 0.1000000014901161 0.1000000014901161 0.1000000014901161
0.1000000014901161 0.1000000014901161 0.1000000014901161 0.1000000014901161 0.1000000014901161 0.1000000014901161
0.1000000014901161 0.1000000014901161 0.1000000014901161 0.1000000014901161 0.1000000014901161 0.1000000014901161
0.1000000014901161 0.1000000014901161 0.1000000014901161 0.1000000014901161 0.1000000014901161 0.1000000014901161
0.1000000014901161 0.1000000014901161 0.1000000014901161 0.1000000014901161 0.1000000014901161 0.1000000014901161
0.1000000014901161 0.1000000014901161 0.1000000014901161 0.1000000014901161 0.1000000014901161 0.1000000014901161
0.1000000014901161 0.1000000014901161 0.1000000014901161 0.1000000014901161 0.1000000014901161 0.1000000014901161
0.1000000014901161 0.1000000014901161 0.1000000014901161 0.1000000014901161 0.1000000014901161 0.1000000014901161
0.1000000014901161 0.1000000014901161 0.1000000014901161 0.1000000014901161 0.1000000014901161 0.1000000014901161
0.1000000014901161 0.1000000014901161 0.1000000014901161 0.1000000014901161 0.1000000014901161 0.1000000014901161
0.1000000014901161 0.1000000014901161 0.1000000014901161 0.1000000014901161 0.1000000014901161 0.1000000014901161
0.1000000014901161 0.1000000014901161 0.1000000014901161 0.1000000014901161 0.1000000014901161 0.1000000014901161
0.1000000014901161 0.1000000014901161 0.1000000014901161 0.1000000014901161 0.1000000014901161 0.1000000014901161
0.1000000014901161 0.1000000014901161 0.1000000014901161 0.1000000014901161 0.1000000014901161 0.1000000014901161
0.1000000014901161 0.1000000014901161 0.1000000014901161 0.1000000014901161 0.1000000014901161 0.1000000014901161
0.1000000014901161 0.1000000014901161 0.1000000014901161 0.1000000014901161 0.1000000014901161 0.1000000014901161
0.1000000014901161 0.1000000014901161 0.1000000014901161 0.1000000014901161 0.1000000014901161 0.1000000014901161
0.1000000014901161 0.1000000014901161 0.1000000014901161 0.1000000014901161 0.1000000014901161 0.1000000014901161
0.1000000014901161 0.1000000014901161 0.1000000014901161 0.1000000014901161 0.1000000014901161 0.1000000014901161
0.1000000014901161 0.1000000014901161 0.1000000014901161 0.1000000014901161 0.1000000014901161 0.1000000014901161
0.1000000014901161 0.1000000014901161 0.1000000014901161 0.1000000014901161 0.1000000014901161 0.1000000014901161
0.1000000014901161 0.1000000014901161 0.1000000014901161 0.1000000014901161 0.1000000014901161 0.1000000014901161
0.1000000014901161 0.1000000014901161 0.1000000014901161 0.1000000014901161 0.1000000014901161 0.1000000014901161
0.1000000014901161 0.1000000014901161 0.1000000014901161 0.1000000014901161 0.1000000014901161 0.1000000014901161
0.1000000014901161 0.1000000014901161 0.1000000014901161 0.1000000014901161 0.1000000014901161 0.1000000014901161
0.1000000014901161 0.1000000014901161 0.1000000014901161 0.1000000014901161 0.1000000014901161 0.1000000014901161
0.1000000014901161 0.1000000014901161 0.1000000014901161 0.1000000014901161 0.1000000014901161 0.1000000014901161
0.1000000014901161 0.1000000014901161 0.1000000014901161 0.1000000014901161 0.1000000014901161 0.1000000014901161
0.1000000014901161 0.1000000014901161 0.1000000014901161 0.1000000014901161 0.1000000014901161 0.1000000014901161
0.1000000014901161 0.1000000014901161 0.1000000014901161 0.1000000014901161 0.1000000014901161 0.1000000014901161
0.1000000014901161 0.1000000014901161 0.1000000014901161 0.1000000014901161 0.1000000014901161 0.1000000014901161
0.1000000014901161 0.1000000014901161 0.1000000014901161 0.1000000014901161 0.1000000014901161 0.1000000014901161
0.1000000014901161 0.1000000014901161 0.1000000014901161 0.1000000014901161 0.1000000014901161 0.1000000014901161
0.1000000014901161 0.1000000014901161 0.1000000014901161 0.1000000014901161 0.1000000014901161 0.1000000014901161
0.1000000014901161 0.1000000014901161 0.1000000014901161 0.1000000014901161 0.1000000014901161 0.1000000014901161
0.1000000014901161 0.1000000014901161 0.1000000014901161 0.1000000014901161 0.1000000014901161 0.1000000014901161
0.1000000014901161 0.1000000014901161 0.1000000014901161 0.1000000014901161 0.1000000014901161 0.1000000014901161
0.1000000014901161 0.1000000014901161 0.1000000014901161 0.1000000014901161 0.1000000014901161 0.1000000014901161
0.1000000014901161 0.1000000014901161 0.1000000014901161 0.1000000014901161 0.1000000014901161 0.1000000014901161
0.1000000014901161 0.1000000014901161 0.1000000014901161 0.1000000014901161 0.1000000014901161 0.1000000014901161
0.1000000014901161 0.1000000014901161 0.1000000014901161 0.1000000014901161 0.1000000014901161 0.1000000014901161
0.1000000014901161 0.1000000014901161 0.1000000014901161 0.1000000014901161 0.1000000014901161 0.1000000014901161
0.1000000014901161 0.1000000014901161 0.1000000014901161 0.1000000014901161 0.1000000014901161 0.1000000014901161
0.1000000014901161 0.1000000014901161 0.1000000014901161 0.1000000014901161 0.1000000014901161 0.1000000014901161
0.1000000014901161 0.1000000014901161 0.1000000014901161 0.1000000014901161 0.1000000014901161 0.1000000014901161
0.1000000014901161 0.1000000014901161 0.1000000014901161 0.1000000014901161 0.1000000014901161 0.1000000014901161
0.1000000014901161 0.1000000014901161 0.1000000014901161 0.1000000014901161 0.1000000014901161 0.1000000014901161
0.1000000014901161 0.1000000014901161 0.1000000014901161 0.1000000014901161 0.1000000014901161 0.1000000014901161
0.1000000014901161 0.1000000014901161 0.1000000014901161 0.1000000014901161 0.1000000014901161 0.1000000014901161
0.1000000014901161 0.1000000014901161 0.1000000014901161 0.1000000014901161 0.1000000014901161 0.1000000014901161
0.1000000014901161 0.1000000014901161 0.1000000014901161 0.1000000014901161 0.1000000014901161 0.1000000014901161
0.1000000014901161 0.1000000014901161 0.1000000014901161 0.1000000014901161 0.1000000014901161 0.1000000014901161
0.1000000014901161 0.1000000014901161 0.1000000014901161 0.1000000014901161 0.1000000014901161 0.1000000014901161
0.1000000014901161 0.1000000014901161 0.1000000014901161 0.1000000014901161 0.1000000014901161 0.1000000014901161
0.1000000014901161 0.1000000014901161 0.1000000014901161 0.1000000014901161 0.1000000014901161 0.1000000014901161
0.1000000014901161 0.1000000014901161 0.1000000014901161 0.1000000014901161 0.1000000014901161 0.1000000014901161
0.1000000014901161 0.1000000014901161 0.1000000014901161 0.1000000014901161 0.1000000014901161 0.1000000014901161
0.1000000014901161 0.1000000014901161 0.1000000014901161 0.1000000014901161 0.1000000014901161 0.1000000014901161
0.1000000014901161 0.1000000014901161 0.1000000014901161 0.1000000014901161 0.1000000014901161 0.1000000014901161
0.1000000014901161 0.1000000014901161 0.1000000014901161 0.1000000014901161 0.1000000014901161 0.1000000014901161
0.1000000014901161 0.1000000014901161 0.1000000014901161 0.1000000014901161 0.1000000014901161 0.1000000014901161
0.1000000014901161 0.1000000014901161 0.1000000014901161 0.1000000014901161 0.1000000014901161 0.1000000014901161
0.1000000014901161 0.1000000014901161 0.1000000014901161 0.1000000014901161 0.1000000014901161 0.1000000014901161
0.1000000014901161 0.1000000014901161 0.1000000014901161 0.1000000014901161 0.1000000014901161 0.1000000014901161
0.1000000014901161 0.1000000014901161 0.1000000014901161 0.1000000014901161 0.1000000014901161 0.1000000014901161
0.1000000014901161 0.1000000014901161 0.1000000014901161 0.1000000014901161 0.1000000014901161 0.1000000014901161
0.1000000014901161 0.1000000014901161 0.1000000014901161 0.1000000014901161 0.1000000014901161 0.1000000014901161
0.1000000014901161 0.1000000014901161 0.1000000014901161 0.1000000014901161 0.1000000014901161 0.1000000014901161
0.1000000014901161 0.1000000014901161 0.1000000014901161 0.1000000014901161 0.1000000014901161 0.1000000014901161
0.1000000014901161 0.1000000014901161 0.1000000014901161 0.1000000014901161 0.1000000014901161 0.1000000014901161
0.1000000014901161 0.1000000014901161 0.1000000014901161 0.1000000014901161 0.1000000014901161 0.1000000014901161
0.1000000014901161 0.1000000014901161 0.1000000014901161 0.1000000014901161 0.1000000014901161 0.1000000014901161
0.1000000014901161 0.1000000014901161 0.1000000014901161 0.1000000014901161 0.1000000014901161 0.1000000014901161
0.1000000014901161 0.1000000014901161 0.1000000014901161 0.1000000014901161 0.1000000014901161 0.1000000014901161
0.1000000014901161 0.1000000014901161 0.1000000014901161 0.1000000014901161 0.1000000014901161 0.1000000014901161
0.1000000014901161 0.1000000014901161 0.1000000014901161 0.1000000014901161 0.1000000014901161 0.1000000014901161
0.1000000014901161 0.1000000014901161 0.1000000014901161 0.1000000014901161 0.1000000014901161 0.1000000014901161
0.1000000014901161 0.1000000014901161 0.1000000014901161 0.1000000014901161 0.1000000014901161 0.1000000014901161
0.1000000014901161 0.1000000014901161 0.1000000014901161 0.1000000014901161 0.1000000014901161 0.1000000014901161
0.1000000014901161 0.1000000014901161 0.1000000014901161 0.1000000014901161 0.1000000014901161 0.1000000014901161
0.1000000014901161 0.1000000014901161 0.1000000014901161 0.1000000014901161 0.1000000014901161 0.1000000014901161
0.1000000014901161 0.1000000014901161 0.1000000014901161 0.1000000014901161 0.1000000014901161 0.1000000014901161
0.1000000014901161 0.1000000014901161 0.1000000014901161 0.1000000014901161 0.1000000014901161 0.1000000014901161
0.1000000014901161 0.1000000014901161 0.1000000014901161 0.1000000014901161 0.1000000014901161 0.1000000014901161
0.1000000014901161 0.1000000014901161 0.1000000014901161 0.1000000014901161 0.1000000014901161 0.1000000014901161
0.1000000014901161 0.1000000014901161 0.1000000014901161 0.1000000014901161 0.1000000014901161 0.1000000014901161
0.1000000014901161 0.1000000014901161 0.1000000014901161 0.1000000014901161 0.1000000014901161 0.1000000014901161
0.1000000014901161 0.1000000014901161 0.1000000014901161 0.1000000014901161 0.1000000014901161 0.1000000014901161
0.1000000014901161 0.1000000014901161 0.1000000014901161 0.1000000014901161 0.1000000014901161 0.1000000014901161
0.1000000014901161 0.1000000014901161 0.1000000014901161 0.1000000014901161 0.1000000014901161 0.1000000014901161
1.0000000000000000 1.0000000000000000 1.0000000000000000 1.0000000000000000 0
1.0000000000000000 1.0000000000000000 1.0000000000000000 1.0000000000000000 0
1.0000000000000000 1.0000000000000000 1.0000000000000000 1.0000000000000000 0
1.0000000000000000 1.0000000000000000 1.0000000000000000 1.0000000000000000 0
1.0000000000000000 1.0000000000000000 1.0000000000000000 1.0000000000000000 0
1.0000000000000000 1.0000000000000000 1.0000000000000000 1.0000000000000000 0
1.0000000000000000 1.0000000000000000 1.0000000000000000 1.0000000000000000 0
1.0000000000000000 1.0000000000000000 1.0000000000000000 1.0000000000000000 0
1.0000000000000000 1.0000000000000000 1.0000000000000000 1.0000000000000000 0
1.0000000000000000 1.0000000000000000 1.0000000000000000 1.0000000000000000 0
1.0000000000000000 1.0000000000000000 1.0000000000000000 1.0000000000000000 0
1.0000000000000000 1.0000000000000000 1.0000000000000000 1.0000000000000000 0
1.0000000000000000 1.0000000000000000 1.0000000000000000 1.0000000000000000 0
1.0000000000000000 1.0000000000000000 1.0000000000000000 1.0000000000000000 0
1.0000000000000000 1.0000000000000000 1.0000000000000000 1.0000000000000000 0
1.0000000000000000 1.0000000000000000 1.0000000000000000 1.0000000000000000 0
1.0000000000000000 1.0000000000000000 1.0000000000000000 1.0000000000000000 0
1.0000000000000000 1.0000000000000000 1.0000000000000000 1.0000000000000000 0
1.0000000000000000 1.0000000000000000 1.0000000000000000 1.0000000000000000 0
1.0000000000000000 1.0000000000000000 1.0000000000000000 1.0000000000000000 0
1.0000000000000000 1.0000000000000000 1.0000000000000000 1.0000000000000000 0
1.0000000000000000 1.0000000000000000 1.0000000000000000 1.0000000000000000 0
1.0000000000000000 1.0000000000000000 1.0000000000000000 1.0000000000000000 0
1.0000000000000000 1.0000000000000000 1.0000000000000000 1.0000000000000000 0
1.0000000000000000 1.0000000000000000 1.0000000000000000 1.0000000000000000 0
1.0000000000000000 1.0000000000000000 1.0000000000000000 1.0000000000000000 0
1.0000000000000000 1.0000000000000000 1.0000000000000000 1.0000000000000000 0
1.0000000000000000 1.0000000000000000 1.0000000000000000 1.0000000000000000 0
1.0000000000000000 1.0000000000000000 1.0000000000000000 1.0000000000000000 0
1.0000000000000000 1.0000000000000000 1.0000000000000000 1.0000000000000000 0
1.0000000000000000 1.0000000000000000 1.0000000000000000 1.0000000000000000 0
1.0000000000000000 1.0000000000000000 1.0000000000000000 1.0000000000000000 0
1.0000000000000000 1.0000000000000000 1.0000000000000000 1.0000000000000000 0
1.0000000000000000 1.0000000000000000 1.0000000000000000 1.0000000000000000 0
1.0000000000000000 1.0000000000000000 1.0000000000000000 1.0000000000000000 0
1.0000000000000000 1.0000000000000000 1.0000000000000000 1.0000000000000000 0
1.0000000000000000 1.0000000000000000 1.0000000000000000 1.0000000000000000 0
1.0000000000000000 1.0000000000000000 1.0000000000000000 1.0000000000000000 0
1.0000000000000000 1.0000000000000000 1.0000000000000000 1.0000000000000000 0
1.0000000000000000 1.0000000000000000 1.0000000000000000 1.0000000000000000 0
1.0000000000000000 1.0000000000000000 1.0000000000000000 1.0000000000000000 0
1.0000000000000000 1.0000000000000000 1.0000000000000000 1.0000000000000000 0
1.0000000000000000 1.0000000000000000 1.0000000000000000 1.0000000000000000 0
1.0000000000000000 1.0000000000000000 1.0000000000000000 1.0000000000000000 0
1.0000000000000000 1.0000000000000000 1.0000000000000000 1.0000000000000000 0
1.0000000000000000 1.0000000000000000 1.0000000000000000 1.0000000000000000 0
1.0000000000000000 1.0000000000000000 1.0000000000000000 1.0000000000000000 0
1.0000000000000000 1.0000000000000000 1.0000000000000000 1.0000000000000000 0
1.0000000000000000 1.0000000000000000 1.0000000000000000 1.0000000000000000 0
1.0000000000000000 1.0000000000000000 1.0000000000000000 1.0000000000000000 0
1.0000000000000000 1.0000000000000000 1.0000000000000000 1.0000000000000000 0
1.0000000000000000 1.0000000000000000 1.0000000000000000 1.0000000000000000 0
1.0000000000000000 1.0000000000000000 1.0000000000000000 1.0000000000000000 0
1.0000000000000000 1.0000000000000000 1.0000000000000000 1.0000000000000000 0
1.0000000000000000 1.0000000000000000 1.0000000000000000 1.0000000000000000 0
1.0000000000000000 1.0000000000000000 1.0000000000000000 1.0000000000000000 0
1.0000000000000000 1.0000000000000000 1.0000000000000000 1.0000000000000000 0
1.0000000000000000 1.0000000000000000 1.0000000000000000 1.0000000000000000 0
1.0000000000000000 1.0000000000000000 1.0000000000000000 1.0000000000000000 0
1.0000000000000000 1.0000000000000000 1.0000000000000000 1.0000000000000000 0
1.0000000000000000 1.0000000000000000 1.0000000000000000 1.0000000000000000 0
1.0000000000000000 1.0000000000000000 1.0000000000000000 1.0000000000000000 0
1.0000000000000000 1.0000000000000000 1.0000000000000000 1.0000000000000000 0
1.0000000000000000 1.0000000000000000 1.0000000000000000 1.0000000000000000 0
0.1000000014901161 0.1000000014901161 0.1000000014901161 0.1000000014901161 0.1000000014901161 0.1000000014901161
0.1000000014901161 0.1000000014901161 0.1000000014901161 0.1000000014901161 0.1000000014901161 0.1000000014901161
0.1000000014901161 0.1000000014901161 0.1000000014901161 0.1000000014901161 0.1000000014901161 0.1000000014901161
0.1000000014901161 0.1000000014901161 0.1000000014901161 0.1000000014901161 0.1000000014901161 0.1000000014901161
0.1000000014901161 0.1000000014901161 0.1000000014901161 0.1000000014901161 0.1000000014901161 0.1000000014901161
0.1000000014901161 0.1000000014901161 0.1000000014901161 0.1000000014901161 0.1000000014901161 0.1000000014901161
0.1000000014901161 0.1000000014901161 0.1000000014901161 0.1000000014901161 0.1000000014901161 0.1000000014901161
0.1000000014901161 0.1000000014901161 0.1000000014901161 0.1000000014901161 0.1000000014901161 0.1000000014901161
0.1000000014901161 0.1000000014901161 0.1000000014901161 0.1000000014901161 0.1000000014901161 0.1000000014901161
0.1000000014901161 0.1000000014901161 0.1000000014901161 0.1000000014901161 0.1000000014901161 0.1000000014901161
0.1000000014901161 0.1000000014901161 0.1000000014901161 0.1000000014901161 0.1000000014901161 0.1000000014901161
0.1000000014901161 0.1000000014901161 0.1000000014901161 0.1000000014901161 0.1000000014901161 0.1000000014901161
0.1000000014901161 0.1000000014901161 0.1000000014901161 0.1000000014901161 0.1000000014901161 0.1000000014901161
0.1000000014901161 0.1000000014901161 0.1000000014901161 0.1000000014901161 0.1000000014901161 0.1000000014901161
0.1000000014901161 0.1000000014901161 0.1000000014901161 0.1000000014901161 0.1000000014901161 0.1000000014901161
0.1000000014901161 0.1000000014901161 0.1000000014901161 0.1000000014901161 0.1000000014901161 0.1000000014901161
0.1000000014901161 0.1000000014901161 0.1000000014901161 0.1000000014901161 0.1000000014901161 0.1000000014901161
0.1000000014901161 0.1000000014901161 0.1000000014901161 0.1000000014901161 0.1000000014901161 0.1000000014901161
0.1000000014901161 0.1000000014901161 0.1000000014901161 0.1000000014901161 0.1000000014901161 0.1000000014901161
0.1000000014901161 0.1000000014901161 0.1000000014901161 0.1000000014901161 0.1000000014901161 0.1000000014901161
0.1000000014901161 0.1000000014901161 0.1000000014901161 0.1000000014901161 0.1000000014901161 0.1000000014901161
0.1000000014901161 0.1000000014901161 0.1000000014901161 0.1000000014901161 0.1000000014901161 0.1000000014901161
0.1000000014901161 0.1000000014901161 0.1000000014901161 0.1000000014901161 0.1000000014901161 0.1000000014901161
0.1000000014901161 0.1000000014901161 0.1000000014901161 0.1000000014901161 0.1000000014901161 0.1000000014901161
0.1000000014901161 0.1000000014901161 0.1000000014901161 0.1000000014901161 0.1000000014901161 0.1000000014901161
0.1000000014901161 0.1000000014901161 0.1000000014901161 0.1000000014901161 0.1000000014901161 0.1000000014901161
0.1000000014901161 0.1000000014901161 0.1000000014901161 0.1000000014901161 0.1000000014901161 0.1000000014901161
0.1000000014901161 0.1000000014901161 0.1000000014901161 0.1000000014901161 0.1000000014901161 0.1000000014901161
0.1000000014901161 0.1000000014901161 0.1000000014901161 0.1000000014901161 0.1000000014901161 0.1000000014901161
0.1000000014901161 0.1000000014901161 0.1000000014901161 0.1000000014901161 0.1000000014901161 0.1000000014901161
0.1000000014901161 0.1000000014901161 0.1000000014901161 0.1000000014901161 0.1000000014901161 0.1000000014901161
0.1000000014901161 0.1000000014901161 0.1000000014901161 0.1000000014901161 0.1000000014901161 0.1000000014901161
0.1000000014901161 0.1000000014901161 0.1000000014901161 0.1000000014901161 0.1000000014901161 0.1000000014901161
0.1000000014901161 0.1000000014901161 0.1000000014901161 0.1000000014901161 0.1000000014901161 0.1000000014901161
0.1000000014901161 0.1000000014901161 0.1000000014901161 0.1000000014901161 0.1000000014901161 0.1000000014901161
0.1000000014901161 0.1000000014901161 0.1000000014901161 0.1000000014901161 0.1000000014901161 0.1000000014901161
0.1000000014901161 0.1000000014901161 0.1000000014901161 0.1000000014901161 0.1000000014901161 0.1000000014901161
0.1000000014901161 0.1000000014901161 0.1000000014901161 0.1000000014901161 0.1000000014901161 0.1000000014901161
0.1000000014901161 0.1000000014901161 0.1000000014901161 0.1000000014901161 0.1000000014901161 0.1000000014901161
0.1000000014901161 0.1000000014901161 0.1000000014901161 0.1000000014901161 0.1000000014901161 0.1000000014901161
0.1000000014901161 0.1000000014901161 0.1000000014901161 0.1000000014901161 0.1000000014901161 0.1000000014901161
0.1000000014901161 0.1000000014901161 0.1000000014901161 0.1000000014901161 0.1000000014901161 0.1000000014901161
0.1000000014901161 0.1000000014901161 0.1000000014901161 0.1000000014901161 0.1000000014901161 0.1000000014901161
0.1000000014901161 0.1000000014901161 0.1000000014901161 0.1000000014901161 0.1000000014901161 0.1000000014901161
0.1000000014901161 0.1000000014901161 0.1000000014901161 0.1000000014901161 0.1000000014901161 0.1000000014901161
0.1000000014901161 0.1000000014901161 0.1000000014901161 0.1000000014901161 0.1000000014901161 0.1000000014901161
0.1000000014901161 0.1000000014901161 0.1000000014901161 0.1000000014901161 0.1000000014901161 0.1000000014901161
0.1000000014901161 0.1000000014901161 0.1000000014901161 0.1000000014901161 0.1000000014901161 0.1000000014901161
0.1000000014901161 0.1000000014901161 0.1000000014901161 0.1000000014901161 0.1000000014901161 0.1000000014901161
0.1000000014901161 0.1000000014901161 0.1000000014901161 0.1000000014901161 0.1000000014901161 0.1000000014901161
0.1000000014901161 0.1000000014901161 0.1000000014901161 0.1000000014901161 0.1000000014901161 0.1000000014901161
0.1000000014901161 0.1000000014901161 0.1000000014901161 0.1000000014901161 0.1000000014901161 0.1000000014901161
0.1000000014901161 0.1000000014901161 0.1000000014901161 0.1000000014901161 0.1000000014901161 0.1000000014901161
0.1000000014901161 0.1000000014901161 0.1000000014901161 0.1000000014901161 0.1000000014901161 0.1000000014901161
0.1000000014901161 0.1000000014901161 0.1000000014901161 0.1000000014901161 0.1000000014901161 0.1000000014901161
0.1000000014901161 0.1000000014901161 0.1000000014901161 0.1000000014901161 0.1000000014901161 0.1000000014901161
0.1000000014901161 0.1000000014901161 0.1000000014901161 0.1000000014901161 0.1000000014901161 0.1000000014901161
0.1000000014901161 0.1000000014901161 0.1000000014901161 0.1000000014901161 0.1000000014901161 0.1000000014901161
0.1000000014901161 0.1000000014901161 0.1000000014901161 0.1000000014901161 0.1000000014901161 0.1000000014901161
0.1000000014901161 0.1000000014901161 0.1000000014901161 0.1000000014901161 0.1000000014901161 0.1000000014901161
0.1000000014901161 0.1000000014901161 0.1000000014901161 0.1000000014901161 0.1000000014901161 0.1000000014901161
0.1000000014901161 0.1000000014901161 0.1000000014901161 0.1000000014901161 0.1000000014901161 0.1000000014901161
0.1000000014901161 0.1000000014901161 0.1000000014901161 0.1000000014901161 0.1000000014901161 0.1000000014901161
0.1000000014901161 0.1000000014901161 0.1000000014901161 0.1000000014901161 0.1000000014901161 0.1000000014901161
0.1000000014901161 0.1000000014901161 0.1000000014901161 0.1000000014901161 0.1000000014901161 0.1000000014901161
0.1000000014901161 0.1000000014901161 0.1000000014901161 0.1000000014901161 0.1000000014901161 0.1000000014901161
0.1000000014901161 0.1000000014901161 0.1000000014901161 0.1000000014901161 0.1000000014901161 0.1000000014901161
0.1000000014901161 0.1000000014901161 0.1000000014901161 0.1000000014901161 0.1000000014901161 0.1000000014901161
0.1000000014901161 0.1000000014901161 0.1000000014901161 0.1000000014901161 0.1000000014901161 0.1000000014901161
0.1000000014901161 0.1000000014901161 0.1000000014901161 0.1000000014901161 0.1000000014901161 0.1000000014901161
0.1000000014901161 0.1000000014901161 0.1000000014901161 0.1000000014901161 0.1000000014901161 0.1000000014901161
0.1000000014901161 0.1000000014901161 0.1000000014901161 0.1000000014901161 0.1000000014901161 0.1000000014901161
0.1000000014901161 0.1000000014901161 0.1000000014901161 0.1000000014901161 0.1000000014901161 0.1000000014901161
0.1000000014901161 0.1000000014901161 0.1000000014901161 0.1000000014901161 0.1000000014901161 0.1000000014901161
0.1000000014901161 0.1000000014901161 0.1000000014901161 0.1000000014901161 0.1000000014901161 0.1000000014901161
0.1000000014901161 0.1000000014901161 0.1000000014901161 0.1000000014901161 0.1000000014901161 0.1000000014901161
0.1000000014901161 0.1000000014901161 0.1000000014901161 0.1000000014901161 0.1000000014901161 0.1000000014901161
0.1000000014901161 0.1000000014901161 0.1000000014901161 0.1000000014901161 0.1000000014901161 0.1000000014901161
0.1000000014901161 0.1000000014901161 0.1000000014901161 0.1000000014901161 0.1000000014901161 0.1000000014901161
0.1000000014901161 0.1000000014901161 0.1000000014901161 0.1000000014901161 0.1000000014901161 0.1000000014901161
0.1000000014901161 0.1000000014901161 0.1000000014901161 0.1000000014901161 0.1000000014901161 0.1000000014901161
0.1000000014901161 0.1000000014901161 0.1000000014901161 0.1000000014901161 0.1000000014901161 0.1000000014901161
0.1000000014901161 0.1000000014901161 0.1000000014901161 0.1000000014901161 0.1000000014901161 0.1000000014901161
0.1000000014901161 0.1000000014901161 0.1000000014901161 0.1000000014901161 0.1000000014901161 0.1000000014901161
0.1000000014901161 0.1000000014901161 0.1000000014901161 0.1000000014901161 0.1000000014901161 0.1000000014901161
0.1000000014901161 0.1000000014901161 0.1000000014901161 0.1000000014901161 0.1000000014901161 0.1000000014901161
0.1000000014901161 0.1000000014901161 0.1000000014901161 0.1000000014901161 0.1000000014901161 0.1000000014901161
0.1000000014901161 0.1000000014901161 0.1000000014901161 0.1000000014901161 0.1000000014901161 0.1000000014901161
0.1000000014901161 0.1000000014901161 0.1000000014901161 0.1000000014901161 0.1000000014901161 0.1000000014901161
0.1000000014901161 0.1000000014901161 0.1000000014901161 0.1000000014901161 0.1000000014901161 0.1000000014901161
0.1000000014901161 0.1000000014901161 0.1000000014901161 0.1000000014901161 0.1000000014901161 0.1000000014901161
0.1000000014901161 0.1000000014901161 0.1000000014901161 0.1000000014901161 0.1000000014901161 0.1000000014901161
0.1000000014901161 0.1000000014901161 0.1000000014901161 0.1000000014901161 0.1000000014901161 0.1000000014901161
0.1000000014901161 0.1000000014901161 0.1000000014901161 0.1000000014901161 0.1000000014901161 0.1000000014901161
0.1000000014901161 0.1000000014901161 0.1000000014901161 0.1000000014901161 0.1000000014901161 0.1000000014901161
0.1000000014901161 0.1000000014901161 0.1000000014901161 0.1000000014901161 0.1000000014901161 0.1000000014901161
0.1000000014901161 0.1000000014901161 0.1000000014901161 0.1000000014901161 0.1000000014901161 0.1000000014901161
0.1000000014901161 0.1000000014901161 0.1000000014901161 0.1000000014901161 0.1000000014901161 0.1000000014901161
0.1000000014901161 0.1000000014901161 0.1000000014901161 0.1000000014901161 0.1000000014901161 0.1000000014901161
0.1000000014901161 0.1000000014901161 0.1000000014901161 0.1000000014901161 0.1000000014901161 0.1000000014901161
0.1000000014901161 0.1000000014901161 0.1000000014901161 0.1000000014901161 0.1000000014901161 0.1000000014901161
0.1000000014901161 0.1000000014901161 0.1000000014901161 0.1000000014901161 0.1000000014901161 0.1000000014901161
0.1000000014901161 0.1000000014901161 0.1000000014901161 0.1000000014901161 0.1000000014901161 0.1000000014901161
0.1000000014901161 0.1000000014901161 0.1000000014901161 0.1000000014901161 0.1000000014901161 0.1000000014901161
0.1000000014901161 0.1000000014901161 0.1000000014901161 0.1000000014901161 0.1000000014901161 0.1000000014901161
0.1000000014901161 0.1000000014901161 0.1000000014901161 0.1000000014901161 0.1000000014901161 0.1000000014901161
0.1000000014901161 0.1000000014901161 0.1000000014901161 0.1000000014901161 0.1000000014901161 0.1000000014901161
0.1000000014901161 0.1000000014901161 0.1000000014901161 0.1000000014901161 0.1000000014901161 0.1000000014901161
0.1000000014901161 0.1000000014901161 0.1000000014901161 0.1000000014901161 0.1000000014901161 0.1000000014901161
0.1000000014901161 0.1000000014901161 0.1000000014901161 0.1000000014901161 0.1000000014901161 0.1000000014901161
0.1000000014901161 0.1000000014901161 0.1000000014901161 0.1000000014901161 0.1000000014901161 0.1000000014901161
0.1000000014901161 0.1000000014901161 0.1000000014901161 0.1000000014901161 0.1000000014901161 0.1000000014901161
0.1000000014901161 0.1000000014901161 0.1000000014901161 0.1000000014901161 0.1000000014901161 0.1000000014901161
0.1000000014901161 0.1000000014901161 0.1000000014901161 0.1000000014901161 0.1000000014901161 0.1000000014901161
0.1000000014901161 0.1000000014901161 0.1000000014901161 0.1000000014901161 0.1000000014901161 0.1000000014901161
0.1000000014901161 0.1000000014901161 0.1000000014901161 0.1000000014901161 0.1000000014901161 0.1000000014901161
0.1000000014901161 0.1000000014901161 0.1000000014901161 0.1000000014901161 0.1000000014901161 0.1000000014901161
0.1000000014901161 0.1000000014901161 0.1000000014901161 0.1000000014901161 0.1000000014901161 0.1000000014901161
0.1000000014901161 0.1000000014901161 0.1000000014901161 0.1000000014901161 0.1000000014901161 0.1000000014901161
0.1000000014901161 0.1000000014901161 0.1000000014901161 0.1000000014901161 0.1000000014901161 0.1000000014901161
0.1000000014901161 0.1000000014901161 0.1000000014901161 0.1000000014901161 0.1000000014901161 0.1000000014901161
0.1000000014901161 0.1000000014901161 0.1000000014901161 0.1000000014901161 0.1000000014901161 0.1000000014901161
0.1000000014901161 0.1000000014901161 0.1000000014901161 0.1000000014901161 0.1000000014901161 0.1000000014901161
0.1000000014901161 0.1000000014901161 0.1000000014901161 0.1000000014901161 0.1000000014901161 0.1000000014901161
0.1000000014901161 0.1000000014901161 0.1000000014901161 0.1000000014901161 0.1000000014901161 0.1000000014901161
0.1000000014901161 0.1000000014901161 0.1000000014901161 0.1000000014901161 0.1000000014901161 0.1000000014901161
0.1000000014901161 0.1000000014901161 0.1000000014901161 0.1000000014901161 0.1000000014901161 0.1000000014901161
0.1000000014901161 0.1000000014901161 0.1000000014901161 0.1000000014901161 0.1000000014901161 0.1000000014901161
1.0000000000000000 1.0000000000000000 1.0000000000000000 1.0000000000000000 0
1.0000000000000000 1.0000000000000000 1.0000000000000000 1.0000000000000000 0
1.0000000000000000 1.0000000000000000 1.0000000000000000 1.0000000000000000 0
1.0000000000000000 1.0000000000000000 1.0000000000000000 1.0000000000000000 0
1.0000000000000000 1.0000000000000000 1.0000000000000000 1.0000000000000000 0
1.0000000000000000 1.0000000000000000 1.0000000000000000 1.0000000000000000 0
1.0000000000000000 1.0000000000000000 1.0000000000000000 1.0000000000000000 0
1.0000000000000000 1.0000000000000000 1.0000000000000000 1.0000000000000000 0
1.0000000000000000 1.0000000000000000 1.0000000000000000 1.0000000000000000 0
1.0000000000000000 1.0000000000000000 1.0000000000000000 1.0000000000000000 0
1.0000000000000000 1.0000000000000000 1.0000000000000000 1.0000000000000000 0
1.0000000000000000 1.0000000000000000 1.0000000000000000 1.0000000000000000 0
1.0000000000000000 1.0000000000000000 1.0000000000000000 1.0000000000000000 0
1.0000000000000000 1.0000000000000000 1.0000000000000000 1.0000000000000000 0
1.0000000000000000 1.0000000000000000 1.0000000000000000 1.0000000000000000 0
1.0000000000000000 1.0000000000000000 1.0000000000000000 1.0000000000000000 0
1.0000000000000000 1.0000000000000000 1.0000000000000000 1.0000000000000000 0
1.0000000000000000 1.0000000000000000 1.0000000000000000 1.0000000000000000 0
1.0000000000000000 1.0000000000000000 1.0000000000000000 1.0000000000000000 0
1.0000000000000000 1.0000000000000000 1.0000000000000000 1.0000000000000000 0
1.0000000000000000 1.0000000000000000 1.0000000000000000 1.0000000000000000 0
1.0000000000000000 1.0000000000000000 1.0000000000000000 1.0000000000000000 0
1.0000000000000000 1.0000000000000000 1.0000000000000000 1.0000000000000000 0
1.0000000000000000 1.0000000000000000 1.0000000000000000 1.0000000000000000 0
1.0000000000000000 1.0000000000000000 1.0000000000000000 1.0000000000000000 0
1.0000000000000000 1.0000000000000000 1.0000000000000000 1.0000000000000000 0
1.0000000000000000 1.0000000000000000 1.0000000000000000 1.0000000000000000 0
1.0000000000000000 1.0000000000000000 1.0000000000000000 1.0000000000000000 0
1.0000000000000000 1.0000000000000000 1.0000000000000000 1.0000000000000000 0
1.0000000000000000 1.0000000000000000 1.0000000000000000 1.0000000000000000 0
1.0000000000000000 1.0000000000000000 1.0000000000000000 1.0000000000000000 0
1.0000000000000000 1.0000000000000000 1.0000000000000000 1.0000000000000000 0
1.0000000000000000 1.0000000000000000 1.0000000000000000 1.0000000000000000 0
1.0000000000000000 1.0000000000000000 1.0000000000000000 1.0000000000000000 0
1.0000000000000000 1.0000000000000000 1.0000000000000000 1.0000000000000000 0
1.0000000000000000 1.0000000000000000 1.0000000000000000 1.0000000000000000 0
1.0000000000000000 1.0000000000000000 1.0000000000000000 1.0000000000000000 0
1.0000000000000000 1.0000000000000000 1.0000000000000000 1.0000000000000000 0
1.0000000000000000 1.0000000000000000 1.0000000000000000 1.0000000000000000 0
1.0000000000000000 1.0000000000000000 1.0000000000000000 1.0000000000000000 0
1.0000000000000000 1.0000000000000000 1.0000000000000000 1.0000000000000000 0
1.0000000000000000 1.0000000000000000 1.0000000000000000 1.0000000000000000 0
1.0000000000000000 1.0000000000000000 1.0000000000000000 1.0000000000000000 0
1.0000000000000000 1.0000000000000000 1.0000000000000000 1.0000000000000000 0
1.0000000000000000 1.0000000000000000 1.0000000000000000 1.0000000000000000 0
1.0000000000000000 1.0000000000000000 1.0000000000000000 1.0000000000000000 0
1.0000000000000000 1.0000000000000000 1.0000000000000000 1.0000000000000000 0
1.0000000000000000 1.0000000000000000 1.0000000000000000 1.0000000000000000 0
1.0000000000000000 1.0000000000000000 1.0000000000000000 1.0000000000000000 0
1.0000000000000000 1.0000000000000000 1.0000000000000000 1.0000000000000000 0
1.0000000000000000 1.0000000000000000 1.0000000000000000 1.0000000000000000 0
1.0000000000000000 1.0000000000000000 1.0000000000000000 1.0000000000000000 0
1.0000000000000000 1.0000000000000000 1.0000000000000000 1.0000000000000000 0
1.0000000000000000 1.0000000000000000 1.0000000000000000 1.0000000000000000 0
1.0000000000000000 1.0000000000000000 1.0000000000000000 1.0000000000000000 0
1.0000000000000000 1.0000000000000000 1.0000000000000000 1.0000000000000000 0
1.0000000000000000 1.0000000000000000 1.0000000000000000 1.0000000000000000 0
1.0000000000000000 1.0000000000000000 1.0000000000000000 1.0000000000000000 0
1.0000000000000000 1.0000000000000000 1.0000000000000000 1.0000000000000000 0
1.0000000000000000 1.0000000000000000 1.0000000000000000 1.0000000000000000 0
1.0000000000000000 1.0000000000000000 1.0000000000000000 1.0000000000000000 0
1.0000000000000000 1.0000000000000000 1.0000000000000000 1.0000000000000000 0
1.0000000000000000 1.0000000000000000 1.0000000000000000 1.0000000000000000 0
1.0000000000000000 1.0000000000000000 1.0000000000000000 1.0000000000000000 0
0.1000000014901161 0.1000000014901161 0.1000000014901161 0.1000000014901161 0.1000000014901161 0.1000000014901161
0.1000000014901161 0.1000000014901161 0.1000000014901161 0.1000000014901161 0.1000000014901161 0.1000000014901161
0.1000000014901161 0.1000000014901161 0.1000000014901161 0.1000000014901161 0.1000000014901161 0.1000000014901161
0.1000000014901161 0.1000000014901161 0.1000000014901161 0.1000000014901161 0.1000000014901161 0.1000000014901161
0.1000000014901161 0.1000000014901161 0.1000000014901161 0.1000000014901161 0.1000000014901161 0.1000000014901161
0.1000000014901161 0.1000000014901161 0.1000000014901161 0.1000000014901161 0.1000000014901161 0.1000000014901161
0.1000000014901161 0.1000000014901161 0.1000000014901161 0.1000000014901161 0.1000000014901161 0.1000000014901161
0.1000000014901161 0.1000000014901161 0.1000000014901161 0.1000000014901161 0.1000000014901161 0.1000000014901161
0.1000000014901161 0.1000000014901161 0.1000000014901161 0.1000000014901161 0.1000000014901161 0.1000000014901161
0.1000000014901161 0.1000000014901161 0.1000000014901161 0.1000000014901161 0.1000000014901161 0.1000000014901161
0.1000000014901161 0.1000000014901161 0.1000000014901161 0.1000000014901161 0.1000000014901161 0.1000000014901161
0.1000000014901161 0.1000000014901161 0.1000000014901161 0.1000000014901161 0.1000000014901161 0.1000000014901161
0.1000000014901161 0.1000000014901161 0.1000000014901161 0.1000000014901161 0.1000000014901161 0.1000000014901161
0.1000000014901161 0.1000000014901161 0.1000000014901161 0.1000000014901161 0.1000000014901161 0.1000000014901161
0.1000000014901161 0.1000000014901161 0.1000000014901161 0.1000000014901161 0.1000000014901161 0.1000000014901161
0.1000000014901161 0.1000000014901161 0.1000000014901161 0.1000000014901161 0.1000000014901161 0.1000000014901161
0.1000000014901161 0.1000000014901161 0.1000000014901161 0.1000000014901161 0.1000000014901161 0.1000000014901161
0.1000000014901161 0.1000000014901161 0.1000000014901161 0.1000000014901161 0.1000000014901161 0.1000000014901161
0.1000000014901161 0.1000000014901161 0.1000000014901161 0.1000000014901161 0.1000000014901161 0.1000000014901161
0.1000000014901161 0.1000000014901161 0.1000000014901161 0.1000000014901161 0.1000000014901161 0.1000000014901161
0.1000000014901161 0.1000000014901161 0.1000000014901161 0.1000000014901161 0.1000000014901161 0.1000000014901161
0.1000000014901161 0.1000000014901161 0.1000000014901161 0.1000000014901161 0.1000000014901161 0.1000000014901161
0.1000000014901161 0.1000000014901161 0.1000000014901161 0.1000000014901161 0.1000000014901161 0.1000000014901161
0.1000000014901161 0.1000000014901161 0.1000000014901161 0.1000000014901161 0.1000000014901161 0.1000000014901161
0.1000000014901161 0.1000000014901161 0.1000000014901161 0.1000000014901161 0.1000000014901161 0.1000000014901161
0.1000000014901161 0.1000000014901161 0.1000000014901161 0.1000000014901161 0.1000000014901161 0.1000000014901161
0.1000000014901161 0.1000000014901161 0.1000000014901161 0.1000000014901161 0.1000000014901161 0.1000000014901161
0.1000000014901161 0.1000000014901161 0.1000000014901161 0.1000000014901161 0.1000000014901161 0.1000000014901161
0.1000000014901161 0.1000000014901161 0.1000000014901161 0.1000000014901161 0.1000000014901161 0.1000000014901161
0.1000000014901161 0.1000000014901161 0.1000000014901161 0.1000000014901161 0.1000000014901161 0.1000000014901161
0.1000000014901161 0.1000000014901161 0.1000000014901161 0.1000000014901161 0.1000000014901161 0.1000000014901161
0.1000000014901161 0.1000000014901161 0.1000000014901161 0.1000000014901161 0.1000000014901161 0.1000000014901161
0.1000000014901161 0.1000000014901161 0.1000000014901161 0.1000000014901161 0.1000000014901161 0.1000000014901161
0.1000000014901161 0.1000000014901161 0.1000000014901161 0.1000000014901161 0.1000000014901161 0.1000000014901161
0.1000000014901161 0.1000000014901161 0.1000000014901161 0.1000000014901161 0.1000000014901161 0.1000000014901161
0.1000000014901161 0.1000000014901161 0.1000000014901161 0.1000000014901161 0.1000000014901161 0.1000000014901161
0.1000000014901161 0.1000000014901161 0.1000000014901161 0.1000000014901161 0.1000000014901161 0.1000000014901161
0.1000000014901161 0.1000000014901161 0.1000000014901161 0.1000000014901161 0.1000000014901161 0.1000000014901161
0.1000000014901161 0.1000000014901161 0.1000000014901161 0.1000000014901161 0.1000000014901161 0.1000000014901161
0.1000000014901161 0.1000000014901161 0.1000000014901161 0.1000000014901161 0.1000000014901161 0.1000000014901161
0.1000000014901161 0.1000000014901161 0.1000000014901161 0.1000000014901161 0.1000000014901161 0.1000000014901161
0.1000000014901161 0.1000000014901161 0.1000000014901161 0.1000000014901161 0.1000000014901161 0.1000000014901161
0.1000000014901161 0.1000000014901161 0.1000000014901161 0.1000000014901161 0.1000000014901161 0.1000000014901161
0.1000000014901161 0.1000000014901161 0.1000000014901161 0.1000000014901161 0.1000000014901161 0.1000000014901161
0.1000000014901161 0.1000000014901161 0.1000000014901161 0.1000000014901161 0.1000000014901161 0.1000000014901161
0.1000000014901161 0.1000000014901161 0.1000000014901161 0.1000000014901161 0.1000000014901161 0.1000000014901161
0.1000000014901161 0.1000000014901161 0.1000000014901161 0.1000000014901161 0.1000000014901161 0.1000000014901161
0.1000000014901161 0.1000000014901161 0.1000000014901161 0.1000000014901161 0.1000000014901161 0.1000000014901161
0.1000000014901161 0.1000000014901161 0.1000000014901161 0.1000000014901161 0.1000000014901161 0.1000000014901161
0.1000000014901161 0.1000000014901161 0.1000000014901161 0.1000000014901161 0.1000000014901161 0.1000000014901161
0.1000000014901161 0.1000000014901161 0.1000000014901161 0.1000000014901161 0.1000000014901161 0.1000000014901161
0.1000000014901161 0.1000000014901161 0.1000000014901161 0.1000000014901161 0.1000000014901161 0.1000000014901161
0.1000000014901161 0.1000000014901161 0.1000000014901161 0.1000000014901161 0.1000000014901161 0.1000000014901161
0.1000000014901161 0.1000000014901161 0.1000000014901161 0.1000000014901161 0.1000000014901161 0.1000000014901161
0.1000000014901161 0.1000000014901161 0.1000000014901161 0.1000000014901161 0.1000000014901161 0.1000000014901161
0.1000000014901161 0.1000000014901161 0.1000000014901161 0.1000000014901161 0.1000000014901161 0.1000000014901161
0.1000000014901161 0.1000000014901161 0.1000000014901161 0.1000000014901161 0.1000000014901161 0.1000000014901161
0.1000000014901161 0.1000000014901161 0.1000000014901161 0.1000000014901161 0.1000000014901161 0.1000000014901161
0.1000000014901161 0.1000000014901161 0.1000000014901161 0.1000000014901161 0.1000000014901161 0.1000000014901161
0.1000000014901161 0.1000000014901161 0.1000000014901161 0.1000000014901161 0.1000000014901161 0.1000000014901161
0.1000000014901161 0.1000000014901161 0.1000000014901161 0.1000000014901161 0.1000000014901161 0.1000000014901161
0.1000000014901161 0.1000000014901161 0.1000000014901161 0.1000000014901161 0.1000000014901161 0.1000000014901161
0.1000000014901161 0.1000000014901161 0.1000000014901161 0.1000000014901161 0.1000000014901161 0.1000000014901161
0.1000000014901161 0.1000000014901161 0.1000000014901161 0.1000000014901161 0.1000000014901161 0.1000000014901161
0.1000000014901161 0.1000000014901161 0.1000000014901161 0.1000000014901161 0.1000000014901161 0.1000000014901161
0.1000000014901161 0.1000000014901161 0.1000000014901161 0.1000000014901161 0.1000000014901161 0.1000000014901161
0.1000000014901161 0.1000000014901161 0.1000000014901161 0.1000000014901161 0.1000000014901161 0.1000000014901161
0.1000000014901161 0.1000000014901161 0.1000000014901161 0.1000000014901161 0.1000000014901161 0.1000000014901161
0.1000000014901161 0.1000000014901161 0.1000000014901161 0.1000000014901161 0.1000000014901161 0.1000000014901161
0.1000000014901161 0.1000000014901161 0.1000000014901161 0.1000000014901161 0.1000000014901161 0.1000000014901161
0.1000000014901161 0.1000000014901161 0.1000000014901161 0.1000000014901161 0.1000000014901161 0.1000000014901161
0.1000000014901161 0.1000000014901161 0.1000000014901161 0.1000000014901161 0.1000000014901161 0.1000000014901161
0.1000000014901161 0.1000000014901161 0.1000000014901161 0.1000000014901161 0.1000000014901161 0.1000000014901161
0.1000000014901161 0.1000000014901161 0.1000000014901161 0.1000000014901161 0.1000000014901161 0.1000000014901161
0.1000000014901161 0.1000000014901161 0.1000000014901161 0.1000000014901161 0.1000000014901161 0.1000000014901161
0.1000000014901161 0.1000000014901161 0.1000000014901161 0.1000000014901161 0.1000000014901161 0.1000000014901161
0.1000000014901161 0.1000000014901161 0.1000000014901161 0.1000000014901161 0.1000000014901161 0.1000000014901161
0.1000000014901161 0.1000000014901161 0.1000000014901161 0.1000000014901161 0.1000000014901161 0.1000000014901161
0.1000000014901161 0.1000000014901161 0.1000000014901161 0.1000000014901161 0.1000000014901161 0.1000000014901161
0.1000000014901161 0.1000000014901161 0.1000000014901161 0.1000000014901161 0.1000000014901161 0.1000000014901161
0.1000000014901161 0.1000000014901161 0.1000000014901161 0.1000000014901161 0.1000000014901161 0.1000000014901161
0.1000000014901161 0.1000000014901161 0.1000000014901161 0.1000000014901161 0.1000000014901161 0.1000000014901161
0.1000000014901161 0.1000000014901161 0.1000000014901161 0.1000000014901161 0.1000000014901161 0.1000000014901161
0.1000000014901161 0.1000000014901161 0.1000000014901161 0.1000000014901161 0.1000000014901161 0.1000000014901161
0.1000000014901161 0.1000000014901161 0.1000000014901161 0.1000000014901161 0.1000000014901161 0.1000000014901161
0.1000000014901161 0.1000000014901161 0.1000000014901161 0.1000000014901161 0.1000000014901161 0.1000000014901161
0.1000000014901161 0.1000000014901161 0.1000000014901161 0.1000000014901161 0.1000000014901161 0.1000000014901161
0.1000000014901161 0.1000000014901161 0.1000000014901161 0.1000000014901161 0.1000000014901161 0.1000000014901161
0.1000000014901161 0.1000000014901161 0.1000000014901161 0.1000000014901161 0.1000000014901161 0.1000000014901161
0.1000000014901161 0.1000000014901161 0.1000000014901161 0.1000000014901161 0.1000000014901161 0.1000000014901161
0.1000000014901161 0.1000000014901161 0.1000000014901161 0.1000000014901161 0.1000000014901161 0.1000000014901161
0.1000000014901161 0.1000000014901161 0.1000000014901161 0.1000000014901161 0.1000000014901161 0.1000000014901161
0.1000000014901161 0.1000000014901161 0.1000000014901161 0.1000000014901161 0.1000000014901161 0.1000000014901161
0.1000000014901161 0.1000000014901161 0.1000000014901161 0.1000000014901161 0.1000000014901161 0.1000000014901161
0.1000000014901161 0.1000000014901161 0.1000000014901161 0.1000000014901161 0.1000000014901161 0.1000000014901161
0.1000000014901161 0.1000000014901161 0.1000000014901161 0.1000000014901161 0.1000000014901161 0.1000000014901161
0.1000000014901161 0.1000000014901161 0.1000000014901161 0.1000000014901161 0.1000000014901161 0.1000000014901161
0.1000000014901161 0.1000000014901161 0.1000000014901161 0.1000000014901161 0.1000000014901161 0.1000000014901161
0.1000000014901161 0.1000000014901161 0.1000000014901161 0.1000000014901161 0.1000000014901161 0.1000000014901161
0.1000000014901161 0.1000000014901161 0.1000000014901161 0.1000000014901161 0.1000000014901161 0.1000000014901161
0.1000000014901161 0.1000000014901161 0.1000000014901161 0.1000000014901161 0.1000000014901161 0.1000000014901161
0.1000000014901161 0.1000000014901161 0.1000000014901161 0.1000000014901161 0.1000000014901161 0.1000000014901161
0.1000000014901161 0.1000000014901161 0.1000000014901161 0.1000000014901161 0.1000000014901161 0.1000000014901161
0.1000000014901161 0.1000000014901161 0.1000000014901161 0.1000000014901161 0.1000000014901161 0.1000000014901161
0.1000000014901161 0.1000000014901161 0.1000000014901161 0.1000000014901161 0.1000000014901161 0.1000000014901161
0.1000000014901161 0.1000000014901161 0.1000000014901161 0.1000000014901161 0.1000000014901161 0.1000000014901161
0.1000000014901161 0.1000000014901161 0.1000000014901161 0.1000000014901161 0.1000000014901161 0.1000000014901161
0.1000000014901161 0.1000000014901161 0.1000000014901161 0.1000000014901161 0.1000000014901161 0.1000000014901161
0.1000000014901161 0.1000000014901161 0.1000000014901161 0.1000000014901161 0.1000000014901161 0.1000000014901161
0.1000000014901161 0.1000000014901161 0.1000000014901161 0.1000000014901161 0.1000000014901161 0.1000000014901161
0.1000000014901161 0.1000000014901161 0.1000000014901161 0.1000000014901161 0.1000000014901161 0.1000000014901161
0.1000000014901161 0.1000000014901161 0.1000000014901161 0.1000000014901161 0.1000000014901161 0.1000000014901161
0.1000000014901161 0.1000000014901161 0.1000000014901161 0.1000000014901161 0.1000000014901161 0.1000000014901161
0.1000000014901161 0.1000000014901161 0.1000000014901161 0.1000000014901161 0.1000000014901161 0.1000000014901161
0.1000000014901161 0.1000000014901161 0.1000000014901161 0.1000000014901161 0.1000000014901161 0.1000000014901161
0.1000000014901161 0.1000000014901161 0.1000000014901161 0.1000000014901161 0.1000000014901161 0.1000000014901161
0.1000000014901161 0.1000000014901161 0.1000000014901161 0.1000000014901161 0.1000000014901161 0.1000000014901161
0.1000000014901161 0.1000000014901161 0.1000000014901161 0.1000000014901161 0.1000000014901161 0.1000000014901161
0.1000000014901161 0.1000000014901161 0.1000000014901161 0.1000000014901161 0.1000000014901161 0.1000000014901161
0.1000000014901161 0.1000000014901161 0.1000000014901161 0.1000000014901161 0.1000000014901161 0.1000000014901161
0.1000000014901161 0.1000000014901161 0.1000000014901161 0.1000000014901161 0.1000000014901161 0.1000000014901161
0.1000000014901161 0.1000000014901161 0.1000000014901161 0.1000000014901161 0.1000000014901161 0.1000000014901161
0.1000000014901161 0.1000000014901161 0.1000000014901161 0.1000000014901161 0.1000000014901161 0.1000000014901161
0.1000000014901161 0.1000000014901161 0.1000000014901161 0.1000000014901161 0.1000000014901161 0.1000000014901161
0.1000000014901161 0.1000000014901161 0.1000000014901161 0.1000000014901161 0.1000000014901161 0.1000000014901161
0.1000000014901161 0.1000000014901161 0.1000000014901161 0.1000000014901161 0.1000000014901161 0.1000000014901161
0.1000000014901161 0.1000000014901161 0.1000000014901161 0.1000000014901161 0.1000000014901161 0.1000000014901161
0.1000000014901161 0.1000000014901161 0.1000000014901161 0.1000000014901161 0.1000000014901161 0.1000000014901161
