19
128 384
0.99362546 0.99362546 0.99875915 0.9984807 0.9978052 0.99846375 0.9984485 0.99935806 0.99362546 0.99362546 0.9978022 0.9987356 0.99848413 0.99845976 0.9984408 0.99935925
0.99362546 0.99362546 0.9986648 0.9997162 0.9980014 0.9987702 0.99838567 0.9999595 0.99362546 0.99362546 0.99837726 0.99869156 0.9984349 0.9979441 0.99915797 0.9988666
1.0043454 0.9991581 0.9993427 0.9993575 1.0000918 1.0001346 0.9995748 0.9990496 0.99362546 0.99362546 0.9976803 0.99909204 0.99880296 0.9979964 0.9991965 0.9989219
0.99362546 0.99362546 0.9997516 0.9990382 0.99999374 0.999978 0.99944717 0.99897194 0.99362546 0.99362546 0.9979493 0.99926865 0.9989943 0.9979276 0.99903685 0.9987876
0.99362546 0.99362546 0.998958 0.999945 0.99909234 0.9992749 0.99888897 0.9998336 0.99362546 0.99362546 0.99805546 0.99902475 0.99877626 0.99794436 0.9991033 0.998841
0.9937447 1.0042479 0.9996784 0.99924386 0.99986625 1.0000772 0.9995602 0.99928623 0.99362546 0.99362546 0.9978675 0.9990512 0.9987903 0.9979535 0.9991779 0.9989298
0.99362546 0.99362546 0.9995122 0.9996012 0.9997634 0.9997435 0.9995538 0.99953914 0.99362546 0.99362546 0.997944 0.9992259 0.99897635 0.99839324 0.99888134 0.9988247
0.99362546 0.99362546 0.998102 0.9993699 0.9993187 0.99922246 0.998977 0.9993024 0.99362546 0.99362546 0.9983735 0.9979994 0.99887395 0.9988175 0.99837476 0.99929106
0.99362546 0.99362546 0.99870944 0.9984264 0.99838436 0.9991528 0.9988658 0.9979455 0.99362546 0.99362546 0.9986452 0.9983685 0.9980252 0.99970263 0.99876857 0.9999604
0.99362546 0.99362546 0.9984523 0.9994737 0.99838865 0.99889845 1.0002626 0.9982684 0.99362546 0.99362546 0.9984274 0.998899 0.9983843 0.99946195 0.9982629 1.0002483
0.99362546 1.0063745 0.9991351 0.9991527 0.9997993 0.9999053 0.99981976 1.0003488 0.99362546 0.99362546 0.99883544 0.9989335 0.9977313 1.0001768 0.9982958 1.000278
0.99362546 1.0028657 0.9996056 0.998891 0.99970263 1.000294 0.9994354 1.0002365 0.99362546 0.99362546 0.9990222 0.9987976 0.9982865 1.0003779 0.9982297 1.0000886
0.99362546 0.99362546 0.9989009 0.9999039 0.99907064 0.9994456 1.0004835 0.9993371 0.99362546 0.99362546 0.9988025 0.9988772 0.9983925 1.0000994 0.99824 1.0001667
0.99362546 1.0063745 0.9994819 0.99905175 0.999741 1.0000539 0.9996757 1.0001137 0.99362546 0.99362546 0.9988023 0.9989279 0.9981648 1.0000814 0.99812657 1.0002562
0.99362546 0.99369794 0.9993948 0.99948823 0.9994887 1.0000314 0.99980724 0.99999803 0.99362546 0.99362546 0.9989876 0.9986444 0.99822026 1.0003184 0.99853885 0.9997724
0.99362546 0.99362546 0.99808896 0.9993563 0.9991956 0.9985357 0.9996693 0.99944293 0.99362546 0.99362546 0.99878675 0.998307 0.99857503 0.9983462 0.99994904 0.9998973
0.99362546 0.99362546 0.99767965 0.99908537 0.99879587 0.9991951 0.9989202 0.99802554 1.0040609 0.99944496 0.9993298 0.99957633 1.0000881 0.999344 1.000134 0.99903756
0.99362546 0.99362546 0.99769926 0.9988223 1.0001864 0.99892825 1.0002807 0.99830157 0.99362546 1.0063745 0.99912494 0.99989367 0.9998035 0.9991423 1.0003464 0.99981344
1.0063745 1.0063745 0.9998246 0.9998394 0.99974877 0.9999195 0.9998672 1.0004115 1.0063745 1.0063745 0.9998305 0.99992347 0.9998291 0.99974954 1.0003998 0.9998532
0.99521124 1.0058384 0.999782 1.0002202 0.9993621 1.0003462 0.9994634 1.0002947 1.0063745 1.0063745 1.0000138 0.9997396 1.0003713 0.9999449 1.000317 0.99967384
0.99362546 0.99362546 0.998986 0.99937737 1.000414 0.9994793 1.0005344 0.99939996 1.0063745 1.0063745 0.9997496 0.999818 1.0004992 0.99968106 1.0003072 0.9997545
1.0063722 1.0063745 0.9996066 0.99998546 0.9996105 1.0000983 0.99970907 1.0001761 1.0063745 1.0063745 0.99974114 0.9999107 1.0002412 0.9996762 1.000238 0.9998423
0.99362546 0.9973675 0.99958307 0.9999668 0.9997387 1.0000719 0.9998567 1.0000563 1.0063745 1.0063745 0.99997395 0.9994387 1.0002927 0.9999086 0.99995786 0.99945736
0.99362546 0.99362546 0.999234 0.9984655 0.99959934 0.9985858 0.99971783 0.9995053 1.0063745 0.99408704 0.9995687 0.9995157 0.9999288 1.0004202 0.9995895 0.99897605
0.99362546 0.99362546 0.9979472 0.99926543 0.9989922 0.9990235 0.9987886 0.99791723 0.99362546 0.99362546 0.99974024 0.99943733 0.9999935 0.9990484 0.9999819 0.99899167
0.99362546 0.99362546 0.99828786 0.999014 1.0003644 0.9987696 1.0000806 0.9982226 0.99362546 1.0023012 0.9995965 1.0002906 0.99970824 0.9989036 1.0002369 0.9994355
1.0063745 1.0063745 1.0003693 1.0000145 0.99995637 0.9997395 0.999696 1.00032 0.9955684 1.0059202 1.000221 1.0003347 0.99979407 0.99936956 1.0002897 0.9994578
1.0063745 0.9986245 1.0002517 1.0004374 0.9995485 1.00015 0.9992914 1.0002166 1.0063745 0.9983608 1.0004305 1.0001363 1.00026 0.9995413 1.0002077 0.99928284
0.99362546 0.99362546 0.9993528 0.9995617 1.0006216 0.9993071 1.0003346 0.9993152 0.9992732 0.99812907 1.0001428 1.0002172 1.0003916 0.99929166 1.0002011 0.9993645
1.0063745 1.0063745 1.0001357 1.0001875 0.9997988 0.9999121 0.99953467 1.0000867 0.99380183 1.0055186 1.0001411 1.0003101 1.0001392 0.9992911 1.0001918 0.99945045
1.0062065 0.9937054 1.0000196 1.0001628 0.9999434 0.9998868 0.9997029 0.9999721 1.0063682 0.99369675 1.0003712 0.99991375 1.0001863 0.9995073 0.9998589 0.9992167
0.99362546 0.99362546 0.9994466 0.9986614 0.99979293 0.99845904 0.999553 0.99943274 0.9962892 0.99362546 0.99999225 0.99937654 0.99977726 1.0003189 0.9992886 0.9989311
0.99362546 0.99362546 0.99808604 0.9990117 0.9987782 0.9991148 0.9988388 0.9979291 0.99362546 0.99362546 0.99897045 0.9989118 0.9990957 0.9999512 0.99927056 0.9998378
0.99362546 0.99362546 0.99839354 0.9987795 1.0000917 0.99888015 1.0001835 0.99821293 0.99362546 0.99362546 0.9989109 0.9994467 0.99906677 0.9999108 0.99933136 1.0004987
1.0063745 1.0063745 1.0005083 0.99974656 0.99970067 0.9998409 0.9997457 1.0003123 0.99362546 0.99362546 0.9993871 0.99946755 0.9989857 1.0004299 0.9993912 1.0005308
0.99961865 0.9989572 1.0003939 1.0001594 0.9993032 1.0002217 0.9993639 1.0002135 0.99362546 0.99362546 0.9995584 0.99930084 0.99935955 1.000627 0.99931407 1.0003294
0.99362546 0.99362546 0.9994872 0.99931055 1.000338 0.99936914 1.0004107 0.99930704 0.99362546 0.99362546 0.9993045 0.9993792 0.9994862 1.0003319 0.9993049 1.0004063
1.0063745 1.0063745 1.0002724 0.9999158 0.9995396 0.9999842 0.9996072 1.0000849 0.99362546 0.99362546 0.99930024 0.999455 0.9992442 1.0003221 0.9993841 1.000503
0.99366415 0.99362546 1.0001488 0.99989134 0.99970347 0.9999585 0.99980927 0.9999722 0.99362546 0.99362546 0.99951816 0.99922556 0.9992909 1.0005645 0.99922967 1.0002369
0.99362546 0.99362546 0.9995647 0.9984444 0.9995384 0.9985068 0.9996394 0.9994446 0.99362546 0.99362546 0.9992104 0.99885017 0.9990642 0.9994136 1.000207 0.99977756
0.99362546 0.99362546 0.9978512 0.99906087 0.9987876 0.999186 0.9989336 0.9979153 0.99384695 1.0047374 0.9996907 0.99956405 0.9998647 0.9992474 1.000078 0.9992965
0.99362546 0.99362546 0.9981548 0.998807 1.0001103 0.9989329 1.0002921 0.9981091 0.99362546 1.0063745 0.9994909 1.0000672 0.9997374 0.9990477 1.0001156 0.99968004
1.0063745 1.0063745 1.0002455 0.9997607 0.9996714 0.99994534 0.9998344 1.0002376 1.0063725 1.0063745 1.0000004 1.0000987 0.99960274 0.9996169 1.0001694 0.9996903
0.9939145 1.0056288 1.0001379 1.0001355 0.9992784 1.0003079 0.99943686 1.0001923 1.0063745 1.0063745 1.0001867 0.9999035 1.0001414 0.99978423 1.0000834 0.9995242
0.99362546 0.99362546 0.99924815 0.9992976 1.0003297 0.99945587 1.0005108 0.9993913 1.0063745 1.0063745 0.99991053 0.9999792 1.0002662 0.99952906 1.0000832 0.99959165
1.0052278 1.0063745 1.0000098 0.9999039 0.99952793 1.0000793 0.9996868 1.0000088 1.0055342 1.0063745 0.99990183 1.0000643 1.0000106 0.99951583 1.0000079 0.99968106
0.99362546 0.99591416 0.99989855 0.9998791 0.99973154 1.000045 0.99984 0.9999729 1.0063745 0.99834615 1.0001307 0.99981844 1.000067 0.9997455 0.9998975 0.99937946
0.99362546 0.99362546 0.99936736 0.9984549 0.9995855 0.99860525 0.9996943 0.9994908 1.00635 0.9961399 0.99993944 0.99950516 0.99987537 1.0001888 0.99949706 0.99923366
0.99362546 0.99362546 0.9979295 0.99924046 0.99898547 0.99888176 0.998834 0.9983939 0.99362546 0.99362546 0.99951345 0.99955857 0.9997564 0.99959874 0.99974024 0.99953336
0.99362546 0.99362546 0.9981996 0.9989976 1.0003592 0.9986386 0.9997906 0.9985278 0.99362546 0.99374646 0.9993979 1.000038 0.99948704 0.9994905 1.0000011 0.9998136
1.0063745 1.0063745 1.0002986 1.0000116 0.99990124 0.9994532 0.9994728 0.9999519 0.99362546 0.99754614 0.99997234 1.0000595 0.9995775 0.9997498 1.0000554 0.9998569
1.0063745 0.993666 1.0001962 1.0003754 0.9995035 0.99992615 0.99920815 0.9998499 1.0060351 0.99362546 1.0001522 0.9998739 1.0000246 0.99994445 0.99996954 0.9997002
0.99362546 0.99362546 0.99929106 0.99951744 1.0005744 0.99922276 1.0002383 0.99923086 0.9936497 0.99362546 0.9998798 0.9999439 1.0001525 0.9997077 0.9999637 0.9998056
1.0063745 0.9982535 1.0000715 1.000143 0.99975455 0.9998164 0.9993728 0.9998925 0.99362546 0.9957201 0.99986666 1.000037 0.99989647 0.99972695 0.9999738 0.99984074
1.0045733 0.99362546 0.9999585 1.0001131 0.9999044 0.9997175 0.99970365 0.9996386 1.004062 0.99362546 1.0001005 0.9997204 0.99995047 0.999905 0.9996403 0.9997028
0.99362546 0.99362546 0.99944323 0.99865496 0.999746 0.9985024 0.9995463 0.99919915 0.99362546 0.99362546 0.99976355 0.9995058 0.999547 1.0000756 0.999745 0.999474
0.99362546 0.99362546 0.9983784 0.99796677 0.99886924 0.99882793 0.99837977 0.9992929 0.99362546 0.99362546 0.9981119 0.99897635 0.9993708 0.9992981 0.9993182 0.9992217
0.99362546 0.99362546 0.9985733 0.99833304 0.9987849 0.9999645 0.99832225 0.9998948 0.99362546 0.99362546 0.9980984 0.99853945 0.99935544 0.999681 0.9991898 0.9994363
1.0063745 0.99394983 0.9999264 1.0004264 0.99958646 0.99960333 0.9995112 0.99898887 0.99362546 0.99362546 0.9984716 0.9985876 0.99961257 0.999718 0.9992353 0.9995008
0.9963428 0.99362546 0.9997674 1.0003256 1.0000058 0.99928755 0.9993816 0.99890876 0.99362546 0.99362546 0.99866056 0.9984568 0.9997929 0.99955434 0.99944067 0.9994351
0.99362546 0.99362546 0.99906296 0.99941957 0.999209 1.0002135 0.9988288 0.99977237 0.99362546 0.99362546 0.9984433 0.9985114 0.99954104 0.9996358 0.9995614 0.9994365
1.0063745 0.995448 0.9998719 1.0001996 0.99993926 0.9994938 0.99949855 0.99922645 0.99362546 0.99362546 0.9984604 0.998602 0.9995845 0.99969584 0.99936986 0.9994939
0.99362546 0.99362546 0.9995456 1.0000808 0.99975985 0.9997425 0.99949235 0.9994774 0.99362546 0.99362546 0.9986496 0.99849117 0.99974644 0.99954873 0.9994344 0.9991966
0.99362546 0.99362546 0.9991407 0.9994974 0.9984588 0.99950236 0.99890804 0.9992352 0.99362546 0.99362546 0.9984483 0.9989068 0.99950397 0.9992288 0.99913466 0.9995004
0.99362546 0.99362546 0.9988609 0.9981733 0.99879545 1.0001436 0.998435 0.99902886 0.99362546 0.99362546 0.99817586 0.998797 0.998873 0.9984566 0.99903256 1.0001475
0.99362546 1.0063745 0.9986181 0.9979303 0.9985472 0.99970376 1.0004127 1.0003096 0.99362546 0.99362546 0.9980845 0.9982754 0.9991951 0.99836206 0.9988311 1.0008713
0.99692476 0.99362546 0.99930257 0.9999975 0.99989915 0.998571 0.9995025 0.99934906 0.99362546 0.99362546 0.99820065 0.9983233 0.99923825 0.99875534 0.99885666 1.0009077
0.99362546 0.99362546 0.99950856 0.9997234 0.99956626 0.9998097 0.99891293 0.9989306 0.99362546 0.99362546 0.99836606 0.998221 0.9990756 0.99889994 0.9987424 1.0006381
0.99362546 1.0063745 0.9990092 0.9991238 0.999142 0.9995627 1.0001657 1.0002314 0.99362546 0.99362546 0.9982584 0.9982893 0.9991839 0.9987823 0.99877673 1.000747
0.99362546 0.99362546 0.9996176 0.99977726 0.99984527 0.9992624 0.9994166 0.9992594 0.99362546 0.99362546 0.998231 0.9982883 0.99926245 0.9987124 0.99868625 1.0008694
0.99362546 0.99362546 0.99825174 0.999424 0.9996682 0.99950725 0.9994624 0.999353 0.99362546 0.99362546 0.9983298 0.9987133 0.9991525 0.9987262 0.99905974 1.0003632
0.99362546 0.99362546 0.99849993 0.9975287 0.9981607 0.99948 0.9994228 0.9993134 0.99362546 0.99362546 0.99801505 0.99803936 0.9989458 0.99828863 0.9984263 0.99963653
0.99362546 0.99362546 0.9980788 0.99833566 0.9991879 0.9982707 1.0008762 0.99882424 0.99362546 1.0063745 0.99859613 0.99795717 0.9985463 1.0004084 1.0003109 0.9996982
0.99362546 1.0063745 0.99783933 1.0003164 0.99897325 0.9983412 1.0003076 1.0007855 0.99362546 1.0063745 0.99898016 0.9978676 0.9983369 1.0003141 1.0007862 1.0003061
1.0063745 0.99362546 0.999905 0.9994107 0.99999374 1.0003593 0.9990324 0.9997847 0.99362546 1.0063745 0.9990096 0.9982667 0.99836165 1.0007089 1.000828 1.0003473
0.99362546 0.99362546 0.999629 0.9988215 1.0001009 1.0000048 1.0002973 0.9991051 0.99362546 1.0063745 0.99882185 0.99840087 0.99824905 1.0008723 1.0006955 1.0000997
0.99362546 1.0063745 0.99903154 1.0000728 0.99946904 0.9993161 1.0001165 1.000529 0.99362546 1.0063745 0.99893415 0.99828535 0.9982858 1.0007359 1.0007095 1.0002154
1.0063745 0.99362546 0.9996851 0.9993252 1.0001 1.0001281 0.9994845 0.9996712 0.99362546 1.0063745 0.9989954 0.9982194 0.99818957 1.0006404 1.0006516 1.0003161
0.99362546 0.99362546 0.9995766 0.99937063 0.9986022 0.9999731 0.999925 0.99950916 0.99362546 1.0063745 0.9986942 0.9982341 0.998579 1.000702 1.0003473 0.9998991
0.99362546 0.99362546 0.9975674 0.99946225 0.99898356 0.9977623 0.9998395 0.99959946 0.99362546 1.0063745 0.9982427 0.9985049 0.9986426 1.0002526 1.0004 0.9992928
0.99362546 0.99362546 0.9981947 0.9987627 0.9992389 0.99833834 1.000912 0.99886626 0.9967012 0.99362546 0.99929327 0.99999666 0.99990267 0.9995138 0.99936324 0.99858385
0.99362546 1.0063745 0.9982704 1.0007088 0.99900854 0.99837154 1.0003604 1.0008464 1.0063745 0.99362546 0.9999815 0.99990505 1.0003563 0.9994225 0.99978906 0.99903536
1.0063745 0.99362546 1.0002856 0.9997125 0.9999984 1.0004177 0.99905646 0.9998424 1.0063745 0.99362546 1.0000035 1.0002801 1.0004038 0.99971706 0.9998352 0.9990478
0.9936329 0.99362546 0.9999304 0.9990331 1.0001484 1.0000602 1.0003368 0.9991643 1.0063745 0.99362546 0.9997695 1.0004433 1.0002702 0.99987465 0.9997124 0.9988351
0.99362546 1.0063745 0.99924284 1.000453 0.99949545 0.9993729 1.0001467 1.0005858 1.0063745 0.99362546 0.99988014 1.0003107 1.0002948 0.999752 0.9997367 0.9989504
1.0063745 0.99362546 1.0000539 0.9996006 1.0001401 1.000184 0.9995312 0.9997191 1.0063745 0.99362546 0.99997956 1.0002236 1.0002351 0.9996669 0.9997321 0.9990358
0.9937703 0.99362546 0.9998527 0.99943775 0.99864995 1.0000036 0.99997497 0.9995693 1.0063051 0.99362546 0.999487 1.0002834 0.99993545 0.99978 0.9993965 0.9987791
0.99362546 0.99362546 0.9976936 0.9995293 0.99901986 0.9978441 0.999886 0.9996623 0.9936567 0.99362546 0.99944645 0.9998631 1.0000061 0.9993282 0.9994663 0.99842596
0.99362546 0.99362546 0.9983852 0.9989062 0.99907726 0.9982117 1.0006533 0.9987459 0.99362546 0.99362546 0.99950016 0.99973184 0.99957687 0.9989137 0.9989325 0.9998205
0.99362546 1.0063745 0.9984119 1.0008899 0.9988074 0.9982489 1.000121 1.0007008 0.99362546 0.99362546 1.0000991 0.9996379 1.0000099 0.9988215 0.99910676 1.0003141
1.0063745 0.99362546 1.0004598 0.99988264 0.999764 1.0002776 0.9988427 0.9997133 0.9936363 0.99362546 1.0001358 0.9999358 1.0000536 0.99903595 0.9991597 1.0003387
0.99362546 0.99362546 1.0001042 0.9992048 0.999919 0.99993414 1.0000979 0.9990403 0.99362546 0.99362546 0.99989754 1.0000964 0.9999322 0.99920005 0.9990354 1.00009
0.99362546 1.0063745 0.9994109 1.0006276 0.99927676 0.9992468 0.9999124 1.000447 0.99362546 0.99362546 1.0000119 0.9999699 0.9999545 0.99907327 0.9990554 1.0002013
1.0061277 0.99362546 1.0002271 0.99976104 0.9999047 1.0000466 0.99933404 0.99958915 0.99362546 0.99362546 1.00011 0.9998842 0.99995095 0.9989867 0.9991444 1.0002977
0.99362546 0.99362546 1.0000194 0.9996106 0.9984888 0.99977386 0.99984646 0.99946535 0.99362546 0.99362546 0.9996976 1.0000007 0.999612 0.9991898 0.99897456 1.0000265
0.99362546 0.99362546 0.99789053 0.99970824 0.9988218 0.9977091 0.9996892 0.9995643 0.99362546 0.99362546 0.9991554 0.99957836 0.9997203 0.99893117 0.99907994 0.99969107
0.99362546 0.99362546 0.9982519 0.9987795 0.99918115 0.9982772 1.0007836 0.99876636 0.99362546 1.0063745 0.9990249 0.9991243 0.99914473 1.0001731 1.0002434 0.9995655
0.99362546 1.0063745 0.99828523 1.0007409 0.9989458 0.9982652 1.0002171 1.000717 0.99362546 1.0063745 0.9994719 0.999032 0.99931526 1.0000755 1.000534 1.0001212
1.0063745 0.99362546 1.000319 0.9997521 0.99990803 1.0003015 0.9989405 0.9997504 0.99362546 1.0063745 0.9994859 0.9992461 0.99936855 1.0004604 1.0005718 1.0001371
0.99362546 0.99362546 0.9999747 0.99907756 1.0000104 0.9999668 1.0002064 0.99905735 0.99362546 1.0063745 0.9992671 0.99940705 0.9992439 1.000615 1.0004444 0.9999005
0.99362546 1.0063745 0.9992857 1.00049 0.99937505 0.9992684 1.00002 1.0004774 0.99362546 1.0063745 0.99937886 0.9992797 0.99926335 1.0004805 1.000468 1.0000032
1.0063593 0.99362546 1.0000858 0.9996291 1.0000124 1.0000799 0.9994705 0.9996252 0.99362546 1.0063745 0.9994679 0.99919564 0.999352 1.000398 1.0003995 1.0001056
0.99362546 0.99362546 0.9998848 0.9995028 0.9985932 0.99987984 0.9998818 0.9995293 0.99362546 1.0063745 0.99921817 0.99939996 0.99918675 1.0004507 1.0002767 0.999771
0.99362546 0.99362546 0.9977047 0.9995605 0.99892175 0.9977285 0.99978983 0.99958616 0.99362546 1.0060866 0.9987316 0.99891424 0.9990645 0.99999315 1.000137 0.9993652
0.99362546 0.99362546 0.9982026 0.9986897 0.9992581 0.9982493 1.0008918 0.9986623 0.99362546 0.99362546 0.99962896 0.99977803 0.9998494 0.99940926 0.9992592 0.99926126
0.99362546 1.0063745 0.9981969 1.000647 0.9990061 0.99817103 1.0003152 1.0006559 1.0063745 0.99362546 1.0001166 0.9996831 1.0001315 0.9993157 0.9996735 0.99950063
1.0063745 0.99362546 1.0002285 0.9996777 1.0000209 1.0002362 0.9990236 0.9997344 1.0063745 0.99362546 1.0001391 1.0000561 1.0001755 0.9996012 0.99971604 0.9995291
0.99362993 0.99362546 0.9998973 0.9989886 1.0001053 0.9999574 1.0003123 0.9991535 1.0061896 0.99362546 0.99989647 1.0002173 1.0000405 0.99975884 0.9995887 0.9993354
0.99362546 1.0063745 0.9991994 1.0004044 0.9994642 0.9993637 1.000116 1.0004097 1.0063624 0.99362546 1.0000064 1.0000826 1.0000745 0.999628 0.99961627 0.99946797
1.0063745 0.99362546 1.0000076 0.99955595 1.0001141 1.0000131 0.99950916 0.9996367 1.0063745 0.99362546 1.0000985 1.0000029 1.0000052 0.9995476 0.999635 0.9995062
0.9936284 0.99362546 0.9998106 0.99946 0.99867195 0.9999732 0.99989027 0.9995587 0.9972586 0.99362546 0.99983203 1.0000527 0.99988204 0.99967974 0.9992911 0.99935746
0.99362546 0.99362546 0.99769866 0.999556 0.9990199 0.99773574 0.9998674 0.9996543 0.9942701 0.99362546 0.9994871 0.9998342 0.99997747 0.9992464 0.9993837 0.9991769
0.99362546 0.99362546 0.9983005 0.99871725 0.9991556 0.99871355 1.0003597 0.99906373 0.99362546 0.99362546 0.9982588 0.99942756 0.9996648 0.999506 0.99946177 0.9993496
0.99362546 1.0063745 0.99821717 1.0007036 0.99868923 0.9985743 0.9999162 1.0003458 0.99362546 0.99362546 0.99860656 0.9999788 0.9995706 0.9999298 0.99937254 0.9995047
1.0062164 0.99362546 1.0002856 0.9997846 0.99950707 0.99992985 0.9987743 0.99938947 0.99365723 0.99362546 0.9986499 0.9999888 0.9998562 0.99997324 0.9994322 0.9995649
0.99362546 0.99362546 1.0000066 0.9992002 0.9997162 0.9996044 1.0000284 0.99897784 0.99362546 0.99362546 0.99848676 0.99976194 1.0000186 0.9998449 0.9996079 0.99946743
0.99362546 1.0063745 0.99940836 1.0004578 0.9992153 0.99918723 0.9997667 1.0002694 0.99362546 0.99362546 0.9985965 0.9998654 0.9998848 0.9998719 0.9995048 0.999522
0.9978123 0.99362546 1.0000625 0.9996841 0.9998349 0.9998789 0.9993575 0.9992939 0.99362546 0.99362546 0.9986669 0.999963 0.99980146 0.99988735 0.9994511 0.99956
0.99362546 0.99362546 0.9999388 0.9996054 0.9985664 0.99963015 0.9995429 0.9992623 0.99362546 0.99362546 0.9985559 0.9996342 0.9999358 0.9995427 0.9996081 0.9992621
0.99362546 0.99362546 0.99778116 0.9996988 0.99870235 0.99820817 0.9997103 0.99935603 0.99362546 0.99362546 0.99910563 0.9994609 0.9994897 0.9996289 0.9993284 0.99934506
0.99362546 0.99362546 0.99801946 0.99828625 0.9980395 0.9984197 0.99894637 0.99963003 0.99362546 0.99362546 0.99752593 0.99815387 0.9984751 0.9994823 0.9994226 0.9993094
0.99362546 1.0063745 0.9985049 1.000252 0.99863976 1.0003976 0.9982527 0.99930006 0.99362546 0.99362546 0.99756557 0.99776435 0.99898815 0.9998493 0.99946314 0.9995972
0.99363524 0.99362546 0.99985933 0.99931264 1.0000004 0.9994587 0.99944204 0.99839926 0.99362546 0.99362546 0.9976945 0.99781114 0.99901885 0.99988705 0.9995257 0.9996591
0.99362546 0.99362546 0.9995661 0.9989296 0.9997129 0.9990829 0.99916536 0.999685 0.99362546 0.99362546 0.9978589 0.99771845 0.99883837 0.9996916 0.9997067 0.9995633
0.99362546 1.005929 0.99891543 0.99998593 0.9990697 1.0001322 0.9987085 0.9993544 0.99362546 0.99362546 0.99771476 0.9977475 0.9989105 0.9997865 0.99956095 0.99957955
0.9938291 0.99362546 0.99983007 0.99924624 0.9999723 0.9993862 0.9994797 0.99918413 0.99362546 0.99362546 0.9977175 0.99777544 0.9990073 0.99987 0.9995492 0.9996564
0.99362546 0.99362546 0.99948853 0.9993317 0.9996278 0.99934596 0.9991065 0.99944925 0.99362546 0.99362546 0.9978221 0.99820673 0.9987061 0.99971426 0.9997019 0.99935746
0.99362546 0.99362546 0.998248 0.99938756 0.99826795 0.9994036 0.99825937 0.99948704 0.99362546 0.99362546 0.9982433 0.9982659 0.9982494 0.9994849 0.9993836 0.9994018
0.9999993 0.9999991 0.99999994 0.99999994 0.99999994 1.0 1.0 1.0 0.99999917 1.0000005 1.0 1.0 1.0 1.0 1.0 1.0
0.99999946 0.99999946 0.99999994 1.0 1.0 1.0 1.0 1.0 0.99999964 1.0000011 1.0 1.0 1.0 1.0 1.0 1.0
1.0000004 0.9999992 1.0 1.0 1.0 1.0 1.0 1.0 1.0 1.0000006 1.0 1.0 1.0 1.0 1.0 1.0
1.0000005 0.9999991 1.0 1.0 1.0 1.0 1.0 1.0 1.0000002 0.999999 1.0 1.0 1.0 1.0 1.0 0.99999994
1.0000008 0.99999946 1.0 1.0 1.0 1.0 1.0 1.0 0.9999994 0.99999905 1.0 1.0 0.99999994 1.0 1.0 1.0
1.0000005 0.9999989 1.0 1.0 1.0 1.0 0.99999994 1.0 0.9999998 1.0000004 1.0 1.0 1.0 1.0 1.0 1.0
1.0000007 0.99999994 1.0 1.0 1.0 1.0 1.0 1.0 1.0000006 1.0000004 1.0 1.0 1.0 1.0 1.0 1.0
0.9999991 0.99999934 0.99999994 1.0 1.0 1.0 1.0 1.0 1.0000002 1.0000001 1.0 1.0 1.0 1.0 1.0 1.0
0.9999997 0.99999994 0.99999994 1.0 1.0 0.99999994 1.0 0.99999994 0.9999999 1.0000006 1.0 1.0 1.0 1.0 1.0 1.0
0.99999934 1.000001 0.99999994 1.0 1.0 0.99999994 1.0 1.0 1.0000001 1.0000014 1.0 1.0 1.0 1.0 1.0 1.0
0.9999997 1.0000018 1.0 1.0 1.0 1.0 1.0 1.0 1.0000007 0.99999803 1.0 1.0 1.0 1.0 1.0 1.0
0.99999994 1.0000012 1.0 1.0 1.0 1.0 1.0 1.0 0.9999971 0.999999 1.0 1.0 1.0 1.0 1.0 1.0
1.0000004 1.0000012 1.0 1.0 1.0 1.0 1.0 1.0 0.9999991 0.9999975 1.0 1.0 1.0 1.0 0.99999994 1.0
0.9999999 1.0000011 1.0 1.0 1.0 1.0 1.0 1.0 0.99999857 1.0000012 1.0 1.0 1.0 1.0 1.0 1.0
1.0000001 1.000002 1.0 1.0 1.0 1.0 1.0 1.0 1.0000013 1.0000012 1.0 1.0 1.0 1.0 1.0 1.0
0.99999857 0.9999997 0.99999994 1.0 1.0 1.0 1.0 1.0 1.0000011 0.9999999 1.0 1.0 1.0 1.0 1.0 1.0
0.9999998 0.99999887 0.99999994 0.99999994 1.0 0.99999994 1.0 0.99999994 1.0000005 0.9999999 1.0 1.0 1.0 1.0 1.0 1.0
1.0000006 0.9999998 1.0 0.99999994 1.0 0.99999994 1.0 1.0 1.0000001 1.0000019 1.0 1.0 1.0 1.0 1.0 1.0
1.0000013 1.0000002 1.0 1.0 1.0 1.0 1.0 1.0 1.000001 1.0000006 1.0 1.0 1.0 1.0 1.0 1.0
1.0000007 1.000001 1.0 1.0 1.0 1.0 1.0 1.0 1.000001 1.0000001 1.0 1.0 1.0 1.0 1.0 1.0
1.0000011 1.0000011 1.0 1.0 1.0 1.0 1.0 1.0 0.99999946 1.0000007 1.0 1.0 1.0 1.0 1.0 1.0
1.000001 1.0000002 1.0 1.0 1.0 1.0 1.0 1.0 0.99999976 1.0000012 1.0 1.0 1.0 1.0 1.0000001 1.0
1.0000018 1.0000012 1.0 1.0 1.0 1.0 1.0 1.0 1.0000007 1.0000015 1.0 1.0 1.0 1.0 1.0 1.0
0.9999996 0.99999887 1.0 0.99999994 1.0 0.99999994 1.0 1.0 1.0000019 0.9999992 1.0 1.0 1.0 1.0000001 1.0 1.0
0.9999994 0.99999815 0.99999994 0.99999994 1.0 0.99999994 0.99999994 0.99999994 0.9999995 1.0000006 1.0 1.0 1.0 1.0 1.0 1.0
1.0000002 0.9999975 1.0 0.99999994 1.0 0.99999994 1.0 1.0 0.99999857 1.0000008 1.0 1.0 1.0 1.0 1.0 1.0
1.0000011 1.0000002 1.0 1.0 1.0 1.0 1.0 1.0 1.0000005 0.9999994 1.0 1.0 1.0 1.0 1.0 1.0
1.0000011 1.0000014 1.0 1.0 1.0 1.0 1.0 1.0 0.99999976 1.0000008 1.0 1.0 1.0 1.0 1.0 1.0
1.0000011 1.0000005 1.0 1.0 1.0 1.0 1.0 1.0 1.0000008 1.0 1.0 1.0 1.0 1.0 1.0 1.0
1.0000005 0.9999994 1.0 1.0 1.0 1.0 1.0 1.0 0.99999946 1.0000011 1.0 1.0 1.0 1.0 1.0 1.0
1.0000014 1.0000004 1.0 1.0 1.0 1.0 1.0 1.0 1.0000005 1.0000001 1.0 1.0 1.0 1.0 1.0 1.0
0.9999993 0.99999815 1.0 0.99999994 1.0 0.99999994 1.0 1.0 1.0000011 0.99999976 1.0 1.0 1.0 1.0 1.0 0.99999994
0.9999984 0.9999984 0.99999994 0.99999994 0.99999994 0.99999994 0.99999994 0.99999994 0.99999946 0.9999984 1.0 1.0 1.0 1.0 1.0 1.0
0.999998 1.0000006 1.0 0.99999994 1.0 0.99999994 1.0 1.0 0.9999992 1.0000006 1.0 1.0 1.0 1.0 1.0 1.0
0.99999976 0.99999887 1.0 1.0 1.0 1.0 1.0 1.0 1.0000002 1.0000004 1.0 1.0 1.0 1.0 1.0 1.0
1.0000011 1.0000005 1.0 1.0 1.0 1.0 1.0 1.0 1.0 1.0000002 1.0 1.0 1.0 1.0 1.0 1.0
1.0000008 1.000001 1.0 1.0 1.0 1.0 1.0 1.0 1.0000004 1.0000004 1.0 1.0 1.0 1.0 1.0 1.0
0.9999999 1.0000004 1.0 1.0 1.0 1.0 1.0 1.0 1.0 1.0000015 1.0 1.0 1.0 1.0 1.0 1.0
1.0000008 1.0000012 1.0 1.0 1.0 1.0 1.0 1.0 1.0000008 1.0000008 1.0 1.0 1.0 1.0 1.0 1.0
0.9999984 0.99999845 1.0 0.99999994 1.0 0.99999994 1.0 1.0 1.0000008 0.9999976 1.0 1.0 0.99999994 1.0 1.0 1.0
0.9999981 0.9999997 0.99999994 0.99999994 0.99999994 1.0 1.0 1.0 0.9999987 1.0 0.99999994 1.0 1.0 1.0 1.0 1.0
0.9999995 1.0000036 1.0 0.99999994 1.0 1.0 1.0 1.0 0.9999983 1.0000004 0.99999994 1.0 1.0 1.0 1.0 1.0
0.9999994 0.9999992 1.0 1.0 1.0 1.0 1.0 1.0 0.99999934 0.9999991 1.0 1.0 1.0 1.0 1.0 1.0
1.0000001 0.9999981 1.0 1.0 1.0 1.0 1.0 1.0 0.9999993 0.9999989 1.0 1.0 1.0 1.0 1.0 1.0
1.0000007 1.0000005 1.0 1.0 1.0 1.0 1.0 1.0 0.9999998 0.9999998 1.0 1.0 1.0 1.0 1.0 1.0
0.99999994 1.0 1.0 1.0 1.0 1.0 1.0 1.0 0.99999887 1.0000001 1.0 1.0 1.0 1.0 1.0 1.0
1.000001 1.0000006 1.0 1.0 1.0 1.0 1.0 1.0 1.0000001 0.99999976 1.0 1.0 1.0 1.0 1.0 1.0
0.9999983 0.9999986 1.0 0.99999994 1.0 0.99999994 1.0 1.0 1.0000004 0.9999993 1.0 1.0 1.0 1.0 1.0 1.0
0.99999857 0.99999946 0.99999994 1.0 0.99999994 1.0 1.0 1.0 0.9999995 0.9999996 1.0 1.0 1.0 1.0 1.0 1.0
1.0000033 1.0000002 1.0 1.0 1.0 1.0 1.0 1.0 0.99999946 0.9999997 1.0 1.0 1.0 1.0 1.0 1.0
0.9999987 0.9999987 1.0 1.0 1.0 1.0 1.0 1.0 0.9999994 1.0000001 1.0 1.0 1.0 1.0 1.0 1.0
0.99999857 0.9999991 1.0 1.0 1.0 1.0 1.0 1.0 1.0000001 0.999999 1.0 1.0 1.0 1.0 1.0 0.99999994
1.0000006 0.9999995 1.0 1.0 1.0 1.0 1.0 1.0 0.9999993 1.0000006 1.0 1.0 1.0 0.99999994 1.0 1.0
1.0000002 0.99999905 1.0 1.0 1.0 1.0 1.0 1.0 0.9999998 1.0000007 1.0 1.0 1.0 1.0 1.0 1.0
1.0000007 0.9999998 1.0 1.0 1.0 1.0 1.0 1.0 1.0000006 1.0000002 1.0 1.0 1.0 1.0 1.0 1.0
0.99999875 1.0000004 1.0 0.99999994 1.0 1.0 1.0 1.0 1.0000004 1.0000001 1.0 1.0 1.0 1.0 1.0 1.0
1.0000015 1.0000019 1.0 1.0 1.0 1.0 1.0 1.0 1.0000015 1.0000004 1.0 1.0 1.0 1.0 1.0 1.0
1.0000007 0.99999976 1.0 1.0 1.0 1.0 1.0 1.0 1.0000001 0.9999992 1.0 1.0 1.0 1.0 1.0 1.0
0.99999756 0.9999997 1.0 1.0 1.0 1.0 1.0 1.0 0.99999946 1.0000001 1.0 1.0 1.0 1.0 1.0 1.0
0.9999997 0.99999946 1.0 1.0 1.0 1.0 1.0 1.0 1.0000002 0.9999975 1.0 0.99999994 1.0 0.99999994 1.0 1.0
1.0000001 0.9999997 1.0 1.0 1.0 1.0 1.0 1.0 0.9999979 1.0000001 0.99999994 1.0 1.0 1.0 1.0 1.0
0.99999964 0.9999993 1.0 1.0 1.0 1.0 0.99999994 1.0 0.9999997 0.99999946 1.0 1.0 1.0 1.0 1.0 1.0
1.0000004 1.0000002 1.0 1.0 1.0 1.0 1.0 1.0 0.99999917 1.0000002 1.0 1.0 1.0 1.0 1.0 1.0
1.0000006 0.9999994 1.0 1.0 1.0 1.0 1.0 1.0 0.99999976 1.0000014 1.0 1.0 1.0 1.0 1.0 1.0
0.99999887 0.9999999 0.99999994 0.99999994 1.0 1.0 1.0 1.0 0.9999991 1.0000006 1.0 1.0 1.0 1.0 1.0 1.0
0.99999774 1.000001 0.99999994 1.0 0.99999994 1.0 1.0 1.0 1.0000004 1.0000019 1.0 1.0 1.0 1.0 1.0 1.0
1.0000004 0.9999991 1.0 1.0 1.0 1.0 1.0 1.0 1.0000013 0.99999905 1.0 1.0 1.0 1.0 1.0 1.0
1.000001 1.0000002 1.0 1.0 1.0 1.0 1.0 1.0 1.0000001 0.9999999 1.0 1.0 1.0 1.0 1.0 1.0
0.9999985 1.0000004 1.0 1.0 0.99999994 1.0 1.0 1.0 1.0000012 0.9999994 1.0 1.0 1.0 1.0 1.0 1.0
1.0000007 1.0000001 1.0 1.0 1.0 1.0 1.0 1.0 1.0000007 1.0000024 1.0 1.0 1.0 0.99999994 1.0 1.0
1.0000005 0.9999984 0.99999994 1.0 1.0 1.0 1.0 1.0 0.9999995 1.0000015 1.0 1.0 1.0 1.0 1.0 1.0
0.9999984 0.99999964 0.99999994 0.99999994 1.0 1.0 1.0 1.0 0.9999991 1.0000001 1.0 1.0 1.0 1.0 1.0 1.0
0.99999803 1.0000006 0.99999994 1.0 0.99999994 0.99999994 1.0 1.0 0.99999905 1.0000001 1.0 1.0 1.0 1.0 1.0 1.0
0.999998 1.0000017 1.0 1.0 0.99999994 1.0 1.0 1.0 0.9999994 1.0000007 1.0 1.0 1.0 1.0 1.0 1.0
1.0000018 0.99999976 1.0 1.0 1.0 1.0 1.0 1.0 0.999999 1.0000012 1.0 1.0 1.0 1.0 1.0 1.0
1.0000017 1.0000005 1.0 1.0 1.0 1.0 1.0 1.0 0.99999905 0.99999887 1.0 1.0 1.0 1.0 1.0 1.0
0.99999946 1.0000015 1.0 1.0 1.0 1.0 1.0 1.0 0.9999985 1.0000002 1.0 1.0 1.0 1.0 1.0 1.0
1.0000012 1.0000012 1.0 1.0 1.0 1.0 1.0 1.0 1.0000004 1.0000006 1.0 1.0 1.0 1.0 1.0 1.0
1.0000017 0.9999988 1.0 1.0 0.99999994 1.0 1.0 1.0 0.99999976 1.0000011 1.0 1.0 1.0 1.0 1.0 1.0
0.99999857 1.0000008 0.99999994 1.0 0.99999994 0.99999994 1.0 1.0 1.0000001 0.99999994 1.0 1.0 1.0 1.0 1.0 1.0
0.9999976 1.0000004 0.99999994 1.0 0.99999994 0.99999994 1.0 0.99999994 1.0000011 0.9999984 1.0 1.0000001 1.0 1.0 1.0 1.0
0.99999774 1.000001 1.0 1.0 0.99999994 0.99999994 1.0 1.0 1.0000012 0.9999993 1.0 1.0 1.0 1.0 1.0 1.0
1.0000008 1.0000005 1.0 1.0 1.0 1.0 1.0 1.0 1.0000013 0.99999964 1.0 1.0 1.0 1.0 1.0 1.0
1.0000017 1.0000004 1.0 1.0 1.0 1.0 1.0 1.0 1.0000001 1.0000011 1.0 1.0 1.0 1.0 1.0 1.0
0.9999997 1.0000012 1.0 1.0 1.0 1.0 1.0 1.0 1.0000012 1.0000001 1.0 1.0 1.0 1.0 1.0 1.0
1.0000005 1.0000007 1.0 1.0 1.0 1.0 1.0 1.0 1.000001 0.9999997 1.0 1.0 1.0000001 1.0 1.0 1.0
1.0000015 0.9999984 1.0 1.0 0.99999994 1.0 1.0 0.99999994 1.000002 0.9999995 1.0 1.0000001 1.0 1.0 1.0 1.0
0.99999785 1.0000004 0.99999994 1.0 0.99999994 0.99999994 1.0 1.0 1.0000011 0.9999999 1.0 1.0 1.0 1.0 1.0 1.0
0.9999972 0.9999983 0.99999994 1.0 0.99999994 0.99999994 1.0 1.0 0.9999995 0.9999993 1.0 1.0 1.0 1.0 1.0 1.0
0.9999977 0.99999887 1.0 1.0 0.99999994 1.0 1.0 1.0 1.0000007 0.99999964 1.0 1.0 1.0 1.0 1.0 1.0
0.9999993 1.0000001 1.0 1.0 1.0 1.0 1.0 1.0 0.9999983 1.0000001 1.0 1.0 1.0 1.0 1.0 1.0
1.0000005 0.99999994 1.0 1.0 1.0 1.0 1.0 1.0 1.0000006 0.9999991 1.0 1.0 1.0 1.0 1.0 1.0
0.99999964 1.0000007 1.0 1.0 1.0 1.0 1.0 1.0 1.000001 1.0000005 1.0 1.0 1.0 1.0 1.0 1.0
1.0000002 1.0000005 1.0 1.0 1.0 1.0 1.0 1.0 1.0000011 1.0000004 1.0 1.0 1.0 1.0 1.0 1.0
1.0000011 0.9999979 1.0 1.0 0.99999994 1.0 1.0 0.99999994 1.0000006 1.0000002 1.0 1.0 1.0 1.0 1.0 1.0
0.999997 0.99999976 0.99999994 1.0 0.99999994 0.99999994 1.0 1.0 1.0000004 0.9999981 1.0 1.0 1.0 0.99999994 1.0 1.0
0.99999696 1.0000007 0.99999994 1.0 0.99999994 0.99999994 1.0 1.0 0.9999988 0.99999887 1.0 1.0 0.99999994 1.0 1.0 1.0
0.99999857 0.999999 0.99999994 1.0 0.99999994 1.0 1.0 1.0 0.99999887 0.9999995 1.0 1.0 1.0 1.0 1.0 1.0
0.9999988 0.9999999 1.0 1.0 1.0 1.0 1.0 1.0 1.0000011 0.99999976 1.0 1.0 1.0 1.0 1.0 1.0
1.000001 1.0000002 1.0 1.0 1.0 1.0 1.0 1.0 0.99999934 1.0000001 1.0 1.0 1.0 1.0 1.0 1.0
0.99999934 1.0000008 1.0 1.0 1.0 1.0 1.0 1.0 0.9999993 1.0000002 1.0 1.0 1.0 1.0 1.0 1.0
1.0000005 1.0000006 1.0 1.0 1.0 1.0 1.0 1.0 0.9999994 1.0000002 1.0 1.0 1.0 1.0 1.0 1.0
1.0000012 0.99999774 1.0 0.99999994 0.99999994 1.0 1.0 0.99999994 0.99999976 1.0000001 1.0 1.0 1.0 1.0 1.0 1.0
0.999997 0.99999976 0.99999994 1.0 0.99999994 0.99999994 1.0 1.0 0.99999785 1.0000004 1.0 1.0 1.0 1.0 1.0 1.0
0.9999992 1.0000033 0.99999994 1.0 0.99999994 1.0 1.0 1.0 0.9999993 0.9999997 1.0 1.0 1.0 1.0 1.0 1.0
1.0000032 0.9999992 1.0 1.0 1.0 1.0 1.0 1.0 1.0000002 0.99999875 1.0 1.0 1.0 1.0 1.0 1.0
0.99999845 0.99999964 1.0 1.0 1.0 1.0 1.0 1.0 1.0000001 0.9999997 1.0 1.0 1.0 1.0 1.0 1.0
0.999999 0.99999994 1.0 1.0 1.0 1.0 1.0 1.0 1.0000005 0.9999991 1.0 1.0 1.0 1.0 1.0 0.99999994
0.9999988 1.0000006 1.0 1.0 1.0 1.0 1.0 1.0 1.0 0.99999994 1.0 1.0 1.0 1.0 1.0 1.0
1.0000004 0.99999994 1.0 1.0 1.0 1.0 1.0 1.0 1.0000001 0.9999997 1.0 1.0 1.0 1.0 1.0 1.0
1.000001 0.9999983 1.0 0.99999994 0.99999994 1.0 1.0 1.0 1.0000006 1.0000004 1.0 1.0 1.0 1.0 1.0 1.0
0.9999986 0.9999999 0.99999994 1.0 1.0 1.0 1.0 1.0 0.99999946 0.9999997 1.0 1.0 1.0 1.0 1.0 1.0
1.0000001 1.0000005 1.0 1.0 1.0 1.0 1.0 1.0 0.99999946 1.0000001 1.0 1.0 1.0 1.0 1.0 1.0
0.9999997 0.9999984 1.0 1.0 1.0 1.0 1.0 1.0 0.9999992 0.9999991 1.0 1.0 1.0 1.0 1.0 1.0
0.9999981 0.99999905 1.0 1.0 1.0 1.0 1.0 1.0 1.0000004 1.0000001 1.0 1.0 1.0 1.0 1.0 1.0
1.0000002 0.9999996 1.0 1.0 1.0 1.0 1.0 1.0 0.99999946 0.9999977 0.99999994 1.0 1.0 1.0 1.0 1.0
0.99999845 1.0000001 1.0 1.0 1.0 0.99999994 1.0 1.0 1.0000005 0.99999976 1.0 1.0 1.0 1.0 1.0 1.0
0.99999994 0.9999998 1.0 1.0 1.0 1.0 1.0 1.0 1.0000006 0.9999987 1.0 1.0 1.0 1.0 1.0 1.0
1.0000005 1.0000004 1.0 1.0 1.0 1.0 1.0 1.0 1.0000007 1.0000004 1.0 1.0 1.0 1.0 1.0 1.0
1.0000007 0.9999996 1.0 1.0 1.0 1.0 1.0 1.0 1.0000005 1.0000004 1.0 1.0 1.0 1.0 1.0 1.0
0.9999994 0.99999917 1.0 1.0 1.0 1.0 1.0 1.0 0.9999992 1.0000001 1.0 1.0 1.0 1.0 1.0 1.0
0.99999857 1.0000005 0.99999994 1.0 1.0 1.0 1.0 1.0 1.0000008 0.99999976 1.0 1.0 1.0 1.0 1.0 1.0
1.0000006 0.99999917 1.0 1.0 1.0 1.0 1.0 1.0 1.0000007 0.9999993 1.0 1.0 1.0 1.0 1.0 0.99999994
1.0000006 0.9999997 1.0 1.0 1.0 1.0 1.0 1.0 0.9999998 0.99999845 1.0 1.0 1.0 1.0 1.0 1.0
0.9999984 1.0000001 1.0 1.0 0.99999994 1.0 1.0 1.0 0.9999998 0.9999993 1.0 1.0 1.0 1.0 0.99999994 1.0
1.0000001 1.0000002 1.0 1.0 1.0 1.0 1.0 1.0 1.0000007 0.9999995 1.0 1.0 1.0 1.0 1.0 1.0
1.0000005 0.99999934 1.0 1.0 1.0 1.0 1.0 1.0 1.0000001 1.0000002 1.0 1.0 1.0 1.0 1.0 1.0
1.0000001 0.9999994 1.0 1.0 1.0 1.0 1.0 1.0 0.99999934 1.0000013 1.0 1.0 1.0 1.0 1.0 1.0
0.9999834 0.99999255 0.99999994 0.9999999 0.99999976 0.9999999 1.0 0.99999994 0.99999243 1.0000032 0.99999994 0.99999994 1.0 0.99999994 1.0000001 1.0
0.9999932 0.99999183 0.9999999 1.0000001 0.9999998 0.9999999 1.0 1.0 0.99999684 0.9999911 1.0 1.0 1.0 1.0000001 0.99999994 0.99999994
1.000013 1.0000015 1.0000001 1.0 1.0000001 1.0 1.0 0.9999999 0.99999195 1.0000095 0.99999994 0.99999994 0.99999994 1.0000001 0.99999994 1.0
1.0000062 0.99999636 1.0000001 1.0 1.0000001 1.0 0.99999994 0.9999998 1.0000076 0.99998885 1.0000001 0.99999994 1.0 1.0 0.9999999 0.9999999
0.9999962 0.99998784 1.0 1.0000001 0.99999994 0.9999999 0.9999998 1.0 0.99998856 1.0000035 1.0000001 0.9999998 0.9999999 1.0 0.9999998 1.0
1.000009 1.0000006 1.0 1.0 1.0000001 1.0 0.99999994 0.9999999 1.0000055 0.99999595 1.0 0.9999998 1.0 1.0 0.99999994 1.0
1.0000061 0.9999964 1.0000001 1.0 1.0000001 1.0 0.99999994 0.99999994 0.999995 1.0000029 1.0 0.99999994 1.0 1.0 1.0000001 1.0000001
0.9999983 0.99999285 0.9999998 1.0 0.99999994 0.99999994 1.0 0.99999994 0.9999942 0.9999996 0.99999994 0.99999994 1.0 1.0 1.0000001 1.0
0.99998033 0.9999819 0.9999999 0.9999999 1.0 1.0 0.9999999 0.9999997 1.000001 1.0000068 0.9999999 1.0000001 1.0 1.0000002 1.0000001 1.0000001
0.99998486 0.9999918 0.9999998 1.0000001 0.9999998 0.9999999 1.0000002 0.99999976 0.99999833 1.000001 0.9999999 0.9999999 1.0 1.0000001 1.0 1.0000002
1.0000063 1.0000122 1.0 1.0 1.0 1.0000001 1.0000001 1.0000001 1.000002 1.0000038 0.9999999 0.9999999 0.99999994 1.0000002 1.0000001 0.9999999
1.0000008 1.0000057 1.0000001 0.99999994 1.0 1.0000002 1.0 1.0 0.9999991 0.99998915 0.9999999 0.9999998 1.0 0.9999999 1.0 1.0
0.99999344 0.9999949 0.99999994 1.0000001 0.9999999 1.0 1.0000001 0.9999999 0.9999946 1.0000005 0.9999999 0.9999999 1.0 1.0 0.99999994 0.99999994
1.000006 1.000007 1.0 1.0 1.0 1.0000001 1.0 1.0 1.0000062 1.0000064 0.9999998 0.9999999 1.0 1.0 1.0000001 1.0000002
1.0000023 1.0000046 1.0 1.0 1.0 1.0000001 1.0000001 1.0000001 0.99999857 1.0000064 0.9999998 0.99999994 1.0 1.0000002 1.0 1.0000002
0.9999975 0.9999983 0.9999998 1.0 0.9999999 0.9999998 1.0 0.99999994 1.0000062 1.000003 0.99999994 1.0000001 1.0 1.0 1.0000002 1.0
0.99998206 0.9999804 0.9999997 1.0 0.9999999 0.99999994 0.9999999 0.9999997 1.000009 1.0000094 1.0000002 1.0000001 1.0000001 1.0 1.0000001 0.99999994
0.9999912 0.9999894 0.9999997 0.9999999 1.0000002 0.9999999 1.0000001 0.99999976 0.9999981 1.0000111 1.0000001 1.0000002 1.0000001 0.9999999 1.0 1.0000001
1.0000114 1.0000106 1.0 1.0000001 1.0000001 1.0000001 1.0 1.0 1.0000111 1.0000052 1.0000002 0.99999994 1.0 1.0000001 1.0 1.0
1.0000048 1.0000031 1.0 1.0000001 1.0 1.0000001 1.0 1.0 1.0000083 1.0000075 0.99999994 1.0000001 1.0000001 0.99999994 1.0 0.99999994
0.99999374 0.99999356 0.9999999 1.0 1.0000001 1.0 1.0000001 0.99999994 1.0000015 1.0000014 1.0 1.0 1.0 0.99999994 1.0000001 0.9999999
1.000006 1.0000076 1.0 1.0000001 1.0 1.0 1.0 1.0000001 0.9999965 1.0000151 1.0 1.0000002 1.0 0.9999998 1.0000001 1.0000001
1.0000035 1.0000048 1.0 1.0000001 1.0 1.0000001 1.0 1.0000001 1.0000082 1.0000056 1.0000001 1.0000002 1.0 1.0 1.0000001 1.0
0.99999857 0.99999744 0.99999994 0.9999998 1.0 0.9999998 1.0 0.99999994 1.0000137 1.0000056 1.0000004 1.0 1.0000001 1.0000001 1.0000001 0.99999994
0.9999818 0.9999773 0.9999997 1.0 0.9999999 0.9999999 0.9999998 0.99999964 1.0000023 0.99999416 1.0 1.0 1.0000001 0.99999994 1.0 1.0
0.99999416 0.9999861 0.9999998 0.9999999 1.0000002 0.9999998 1.0 0.99999976 0.9999954 1.0000054 1.0 1.0000001 0.99999994 0.9999999 0.99999994 1.0
1.0000135 0.9999992 1.0000001 1.0000001 1.0000001 1.0 1.0 1.0 1.0000044 0.99999607 1.0000001 0.99999994 1.0 1.0 1.0 1.0000001
1.000006 1.0000037 1.0000001 1.0000001 1.0 1.0 1.0000001 1.0 0.999993 1.0000099 0.99999994 0.99999994 0.99999994 1.0000001 1.0 1.0000001
0.99999607 0.99999344 0.99999994 1.0 1.0000001 1.0000001 1.0000001 0.9999999 1.000005 0.99999726 1.0 0.99999994 1.0 1.0000001 1.0000001 0.9999999
1.0000104 1.0000055 1.0000001 1.0000001 1.0000001 1.0 1.0 1.0 0.9999917 1.0000095 0.9999999 1.0000001 1.0 0.9999998 1.0000001 1.0
1.0000074 1.0000024 1.0000001 1.0000001 1.0 1.0 1.0 1.0 1.0000035 1.0000033 1.0000001 1.0000001 1.0 0.99999994 0.99999994 1.0
0.9999989 0.999996 0.99999994 0.9999998 1.0 0.99999976 1.0 0.99999994 1.000008 0.9999904 1.0000001 1.0 1.0 1.0000001 1.0 0.99999994
0.99997675 0.99997896 0.9999997 0.9999999 0.9999998 0.99999994 0.9999998 0.9999997 0.9999915 1.0000002 0.99999994 1.0 0.99999994 1.0 0.99999994 0.99999994
0.99998695 0.99998724 0.9999998 0.9999998 1.0 0.9999999 1.0000001 1.0000001 0.99998915 1.0000002 0.9999999 1.0 0.99999994 1.0 0.99999994 1.0000001
0.9999993 1.0000086 0.99999994 1.0 1.0 1.0 1.0 0.9999999 0.99999505 0.99999136 1.0 1.0 0.9999999 1.0000001 1.0 0.99999994
1.0000039 1.0000037 1.0 1.0 1.0000001 1.0000001 0.99999994 1.0000001 0.99998885 0.99999094 1.0000001 1.0000001 1.0 0.99999994 0.9999999 1.0
0.9999933 0.9999929 0.99999994 1.0000001 1.0000001 1.0 1.0000001 0.9999999 0.99999774 0.9999889 1.0000001 0.9999998 0.99999994 1.0000001 0.99999994 1.0
1.0000056 1.000006 1.0000001 1.0 1.0 1.0 1.0 1.0 0.99998474 0.9999987 0.9999998 1.0 0.99999994 1.0 0.99999994 1.0000002
1.0000029 1.0000021 1.0000001 1.0 1.0 1.0000001 1.0 1.0 0.9999951 0.99999714 1.0 1.0 0.9999998 1.0000001 0.99999994 1.0000001
0.9999954 0.9999966 0.99999994 0.99999976 1.0 0.99999976 1.0 0.99999994 0.999997 0.99999654 1.0 0.99999994 0.99999994 0.99999994 1.0000001 0.9999999
0.9999794 0.9999787 0.99999964 0.99999994 0.9999998 1.0 0.9999998 1.0000001 1.0000031 1.0000029 1.0 0.99999994 1.0 0.99999994 1.0000001 1.0
0.9999859 1.0000056 0.99999976 0.9999998 1.0000001 1.0000001 1.0 1.0000001 0.9999923 1.0000039 0.99999994 1.0000001 1.0 0.9999998 1.0000001 0.99999994
1.0000081 0.9999834 1.0 1.0 1.0 1.0 0.99999994 0.9999999 1.0000072 1.0000094 1.0000001 0.99999994 0.99999994 1.0 1.0000001 1.0
1.0000035 1.0000043 1.0 1.0000001 0.99999994 0.9999999 0.99999994 1.0 1.0000119 1.0000015 0.99999994 1.0 1.0000001 1.0 1.0 0.9999999
0.999991 0.9999946 0.9999999 0.99999994 1.0000001 1.0 1.0000001 0.9999999 1.0000002 1.0000021 1.0 0.99999994 1.0000001 0.9999999 1.0000001 0.99999994
1.0000042 1.0000076 1.0 1.0 1.0 1.0000001 1.0 1.0 0.99999857 1.0000106 0.99999994 1.0000001 0.99999994 0.9999999 1.0 1.0
1.0000006 1.0000036 1.0 1.0 1.0 1.0000001 1.0 1.0 1.0000079 1.0 1.0000001 1.0 1.0 1.0 1.0 0.99999994
0.9999967 0.9999961 0.99999994 0.99999976 1.0 0.99999976 1.0 0.99999994 1.0000087 0.9999996 1.0000001 0.9999999 1.0 1.0000001 1.0 1.0000001
0.9999815 1.0000032 0.99999976 1.0 0.9999999 1.0 1.0 0.9999999 0.9999979 1.0000008 0.99999994 1.0 1.0 1.0 0.99999994 1.0
1.0000042 0.9999826 1.0000001 1.0 1.0 1.0 1.0 0.9999998 0.99999154 1.0000013 0.9999999 1.0 1.0 1.0 1.0 1.0
0.99998236 1.0000032 0.9999999 1.0 0.99999994 0.99999994 0.99999994 1.0 1.0000024 0.9999963 1.0 1.0 0.99999994 1.0 1.0 0.99999994
1.0000051 0.99999857 1.0000001 0.9999999 1.0 1.0 0.9999999 1.0 0.9999986 0.99999845 1.0 0.99999994 1.0 1.0 1.0 0.99999994
0.99999577 0.99998987 0.9999999 1.0 1.0000001 0.9999999 1.0000001 0.9999999 0.9999977 0.9999974 0.99999994 1.0 1.0 0.99999994 1.0 0.99999994
1.000009 1.0000031 1.0 1.0000001 1.0 1.0 0.99999994 1.0 0.9999944 1.0000054 0.99999994 1.0000001 0.99999994 0.99999994 1.0 1.0
1.0000054 0.9999996 1.0 1.0000001 1.0 1.0 0.99999994 1.0 1.0000045 0.9999986 1.0000001 1.0 1.0 1.0 1.0 1.0
0.9999971 0.9999949 0.99999994 0.99999976 1.0 1.0000001 0.99999994 0.99999994 1.0000032 1.0000049 1.0 1.0 1.0 1.0000001 1.0 1.0
1.0000211 1.00001 1.0000001 1.0000002 1.0000001 1.0000001 1.0000001 1.0 1.0000062 1.0000068 1.0 1.0 1.0000001 1.0 1.0000001 1.0
0.9999862 0.9999934 0.9999999 1.0000001 1.0 1.0 1.0 1.0 1.0000029 0.99999577 1.0 0.9999999 1.0 1.0 1.0 0.9999999
1.0000079 1.0000027 1.0000001 0.9999999 0.99999994 1.0 1.0 0.9999999 0.9999948 0.9999932 0.9999999 1.0000001 1.0 0.99999994 1.0 0.9999999
1.0000024 0.9999972 1.0000001 1.0000001 1.0 0.9999999 0.99999994 0.9999999 0.99999493 0.99999446 1.0000001 0.9999998 0.99999994 0.99999994 0.99999994 0.9999999
0.99999285 0.9999884 0.9999999 0.99999994 0.9999999 1.0000001 0.9999998 1.0 0.9999941 0.9999925 0.9999998 1.0 0.99999994 0.99999994 0.99999994 0.9999999
1.0000058 1.0000013 1.0 1.0000001 1.0 0.99999994 0.99999994 0.9999999 0.9999907 0.9999979 1.0000001 0.99999994 0.99999994 1.0 0.9999999 0.99999994
1.000002 0.99999714 1.0 1.0000001 1.0 1.0 1.0 0.99999994 0.99999905 0.99999654 0.99999994 1.0 1.0 0.99999994 0.9999999 1.0
0.9999953 0.99999464 0.99999994 0.99999994 1.0 0.99999994 1.0 0.99999994 0.9999961 1.0000092 1.0 1.0 0.99999994 1.0 1.0 0.99999994
0.9999844 0.9999999 0.99999994 0.99999976 1.0 1.0000002 0.9999999 0.99999994 0.9999904 1.0000018 0.9999999 0.99999994 1.0 1.0 1.0 1.0000002
0.9999932 1.0000197 0.9999999 0.9999998 0.9999999 1.0000001 1.0000002 1.0000001 0.9999843 1.0000038 0.9999999 1.0000001 0.9999999 1.0 1.0 1.0000002
1.0000123 0.9999971 1.0000001 1.0000001 1.0000001 0.9999999 1.0 1.0 1.0000169 1.0000026 1.0000001 1.0000001 1.0000001 1.0 1.0000001 0.9999999
1.0000013 0.9999913 1.0000001 1.0 1.0 1.0000001 0.9999999 0.9999999 0.99998236 0.9999883 1.0000001 1.0000001 0.9999998 1.0 1.0 1.0
0.9999944 1.0000157 0.99999994 0.99999994 0.9999999 1.0000001 1.0000001 1.0000001 1.0000179 1.0000155 1.0000001 1.0000001 1.0000001 1.0000001 1.0 1.0
1.0000085 0.99999815 1.0 1.0000001 1.0 1.0 1.0 1.0 0.9999862 0.99999994 1.0000001 0.99999994 0.99999994 1.0 1.0 1.0000002
1.000003 0.9999993 0.9999998 1.0000001 1.0000001 1.0 0.99999994 0.99999994 0.99999315 1.0000083 0.99999994 0.99999994 1.0 1.0 1.0 1.0000004
0.99997926 1.0000033 0.9999999 0.9999997 1.0 1.0 1.0 0.99999994 1.0000054 1.0000125 1.0 1.0 1.0000001 1.0000001 1.0000001 1.0000001
0.99998736 1.0000081 0.99999976 0.9999999 0.99999994 0.99999976 1.0000004 0.99999994 1.0000081 1.0000145 0.99999994 1.0 1.0000001 1.0000001 1.0000002 1.0
1.0000013 1.0000268 0.9999998 1.0000002 1.0 0.9999999 1.0000002 1.0000002 1.0000086 1.0000259 0.99999994 1.0 1.0 1.0000001 1.0000001 1.0000002
1.0000194 1.0000031 1.0000001 1.0 1.0000002 1.0000001 0.99999994 1.0 0.9999979 1.000016 0.9999999 1.0 1.0 1.0000001 1.0 0.99999994
1.0000066 0.9999931 1.0 0.9999999 1.0000002 1.0000001 1.0000001 0.9999999 0.99999 0.99999946 0.9999998 1.0 1.0 1.0 1.0 1.0
0.999998 1.0000194 0.99999994 1.0000001 1.0 0.99999994 1.0000001 1.0000001 1.0000039 1.0000054 0.9999998 1.0 0.99999994 1.0 1.0000001 0.99999994
1.0000108 1.0000018 1.0000001 1.0 1.0000001 1.0000001 1.0 1.0 1.0000057 1.0000228 0.9999999 1.0 1.0 1.0000001 1.0000001 1.0000001
1.0000066 1.0000013 1.0000001 1.0 0.9999998 1.0000001 1.0000001 1.0 1.0000155 1.0000212 1.0 1.0000001 1.0000001 1.0000001 1.0000002 1.0000001
0.9999791 1.0000025 0.9999997 1.0 1.0 0.9999997 1.0000001 1.0 1.0000045 1.0000054 1.0000001 1.0 1.0 1.0000001 1.0000001 0.99999994
0.999985 1.0000052 0.99999976 0.99999994 0.9999999 0.9999997 1.0000002 0.9999999 1.0000066 0.99999344 1.0000002 1.0000001 1.0000001 1.0 0.99999994 0.9999999
0.99999785 1.000023 0.9999998 1.0000002 0.99999994 0.9999998 1.0000001 0.9999999 1.0000179 1.0000026 1.0000002 1.0 1.0000001 1.0 0.99999994 1.0
1.0000163 1.0000004 1.0000001 1.0 1.0000001 0.99999994 0.99999994 1.0 1.0000093 0.99999803 0.99999994 1.0000001 1.0 1.0 1.0 1.0
1.0000049 0.99999326 1.0000001 0.9999999 1.0000001 1.0 1.0000001 0.99999994 0.9999989 1.0000085 1.0 0.99999994 1.0 1.0 1.0 1.0000001
0.99999636 1.0000201 0.99999994 1.0000001 1.0 0.99999994 1.0000001 1.0000001 0.9999981 0.99998575 1.0 1.0 1.0 1.0000001 1.0 0.99999976
1.0000114 1.0000017 1.0000001 1.0 1.0000001 1.0000001 1.0 1.0 1.0000147 1.0000001 1.0000002 1.0 1.0000001 0.99999994 1.0 0.99999994
1.0000066 0.99999887 1.0000001 0.99999994 0.9999998 1.0000001 1.0000001 0.99999994 1.0000131 1.000001 1.0000002 1.0000001 1.0000001 1.0 0.99999994 1.0
0.999978 1.000002 0.9999997 1.0 0.99999994 0.99999964 1.0000001 1.0 1.000009 0.9999873 1.0000001 1.0000001 1.0000001 0.99999994 1.0 0.99999994
0.99998313 0.99999833 0.99999976 0.99999994 0.9999999 0.9999997 0.99999994 0.9999999 0.99999774 0.9999898 1.0 1.0 1.0 0.99999994 0.99999994 1.0
0.9999905 0.99999017 0.9999999 0.9999999 0.9999999 0.9999998 1.0000001 0.99999994 1.0000062 0.99999964 1.0000001 1.0 0.99999994 0.99999994 0.99999994 1.0000001
0.9999894 1.0000018 0.9999999 0.99999994 0.99999994 0.99999994 1.0000001 1.0 0.999997 0.9999901 0.99999994 0.99999994 1.0 1.0 1.0 0.99999994
1.0000049 0.99999034 1.0 0.9999999 1.0 1.0 1.0000001 0.9999999 1.0000114 0.9999924 0.99999994 1.0 1.0 1.0 0.9999999 1.0
0.99999464 1.0000166 0.99999994 1.0000002 1.0000001 0.99999994 1.0000001 1.0000001 0.9999905 0.9999841 0.9999999 1.0 1.0 0.99999994 0.9999999 1.0
1.0000075 0.99999756 1.0000001 1.0 1.0 1.0000001 0.99999994 1.0 1.0000042 0.999994 1.0000001 1.0 1.0 0.9999998 0.99999994 1.0000001
1.0000026 0.99999696 1.0000001 0.99999994 0.99999976 1.0 1.0 0.99999994 1.0000049 0.99999684 1.0000001 1.0 1.0 0.99999994 0.99999994 1.0000001
0.9999745 1.0000001 0.99999964 1.0 0.9999999 0.99999964 1.0 0.99999994 0.99999255 1.0000014 1.0 1.0 1.0 0.99999994 1.0 0.99999994
0.9999851 0.9999983 0.9999997 0.9999999 0.9999999 0.99999976 1.0000001 1.0 0.9999946 1.0000055 0.99999994 0.99999994 1.0 1.0 1.0000001 0.99999994
0.9999913 1.0000185 0.9999998 0.99999994 0.9999999 1.0000001 1.0000001 0.9999998 1.0000038 1.0000154 1.0000001 0.99999994 0.99999994 1.0 1.0000001 1.0
1.0000111 0.9999977 1.0 1.0 1.0 0.9999999 0.9999999 1.0 0.99999243 1.0000072 1.0 1.0 1.0 1.0000001 1.0000001 0.99999994
1.0000031 0.9999903 1.0 0.9999999 1.0000001 1.0000001 1.0000001 0.9999999 0.9999958 1.0000073 1.0000001 0.99999994 0.99999994 1.0000001 1.0000001 0.99999994
0.999995 1.0000175 0.99999994 1.0000001 1.0 0.99999994 1.0000001 1.0000001 0.9999875 1.0000106 0.9999998 0.99999994 0.9999999 1.0000001 1.0000001 1.0
1.0000087 0.9999978 1.0000001 1.0 1.0000001 1.0000001 1.0 1.0 0.999999 1.0000201 1.0 0.9999999 0.99999994 1.0000001 1.0000001 1.0000001
1.0000027 0.99999905 1.0000001 0.99999994 0.99999976 1.0000001 1.0 0.99999994 1.0000019 1.0000129 1.0 0.99999994 1.0 1.0000001 1.0000001 1.0
0.9999752 0.9999997 0.99999964 0.99999994 0.9999999 0.9999997 1.0 0.99999994 0.999993 0.999996 0.9999999 0.9999999 0.9999999 1.0 1.0 1.0000001
0.99998444 0.99999315 0.99999976 1.0 0.9999999 1.0000001 1.0000001 1.0000001 0.9999978 0.99998957 1.0 0.99999994 1.0 0.99999994 1.0 1.0
1.0000098 0.99998105 1.0000001 0.9999999 1.0000001 1.0000001 0.9999999 0.9999999 1.0000062 0.99999565 1.0000001 0.99999994 1.0000001 0.9999999 0.99999994 0.99999994
0.99998015 0.9999983 0.9999999 1.0 1.0 0.9999999 0.99999994 1.0 1.0000103 0.9999911 0.99999994 1.0000001 1.0000001 0.99999994 0.99999994 0.99999994
1.0000025 0.9999923 1.0 0.9999999 0.9999999 1.0 1.0000001 0.9999999 0.999999 0.9999898 1.0 1.0000001 1.0 0.99999994 0.99999994 0.9999999
0.9999972 1.0000196 0.9999999 1.0000001 1.0 0.9999999 1.0000001 1.0000001 1.0000027 0.9999914 0.99999994 1.0 1.0000001 0.99999994 1.0 0.99999994
1.0000106 0.99999917 1.0000001 1.0 1.0000001 1.0000001 0.99999994 1.0 1.0000116 0.9999992 1.0000001 1.0 1.0 0.99999994 1.0 1.0
1.0000042 0.99999684 1.0 0.99999994 0.99999976 1.0000001 1.0 0.99999994 1.0000044 0.99999475 1.0000001 1.0 1.0 1.0 1.0 0.99999994
0.99997646 1.0000001 0.9999997 0.99999994 1.0 1.0000001 1.0 0.99999994 1.0000002 1.0000086 0.99999994 1.0 1.0000001 1.0 1.0 1.0
1.0 0.99999386 1.0000001 1.0000001 1.0 0.9999999 1.0000001 0.99999994 0.99999344 1.0 1.0 0.99999994 0.99999994 1.0 1.0 1.0
0.99998546 1.000014 1.0000001 0.9999998 1.0 0.9999999 1.0 1.0000001 1.0000018 0.999997 0.99999994 1.0 0.99999994 1.0 1.0 0.99999994
1.0000072 0.99999255 0.9999999 1.0 0.99999994 1.0 0.9999998 0.99999994 0.99999636 0.99999607 1.0000001 1.0 1.0 1.0 0.99999994 0.99999994
0.9999965 0.9999872 1.0 0.9999999 1.0 1.0 1.0000001 0.9999998 0.999995 0.9999948 0.9999998 0.99999994 1.0 0.99999994 0.99999994 0.9999999
0.99999225 1.0000145 0.99999994 1.0000001 0.9999999 0.9999999 1.0 1.0000001 0.99999684 0.999995 1.0 1.0 1.0 1.0 0.99999994 0.99999994
1.0000055 0.9999943 1.0000001 1.0 1.0 1.0 0.99999994 0.99999994 1.0000039 0.9999989 0.99999994 1.0000001 1.0 1.0 0.9999999 0.99999994
0.9999992 0.9999953 1.0 0.99999994 1.0 1.0 1.0 0.99999994 0.999999 0.9999973 1.0 1.0 1.0 1.0 0.99999994 1.0000001
1.0000075 0.99999815 1.0000001 0.99999994 1.0 0.9999998 1.0 0.99999994 1.0000134 1.0000062 1.0 1.0000001 1.0 1.0 1.0 1.0
0.99999875 0.9999895 1.0 0.9999999 0.9999998 0.9999998 1.0 1.0 0.9999947 0.99999994 0.99999994 1.0 0.99999994 1.0 1.0 1.0
0.9999936 1.0000105 0.99999994 1.0000001 0.9999999 1.0000001 1.0 0.99999994 0.9999892 0.9999992 0.99999994 1.0000001 0.99999994 1.0 1.0 0.99999994
1.0000025 0.99998844 1.0000001 1.0 1.0000001 0.99999994 1.0 0.99999976 1.0000119 0.99999785 1.0000001 1.0000001 0.9999999 0.99999994 0.99999994 0.99999994
0.999993 0.9999845 1.0 0.9999999 1.0 0.9999998 0.99999994 1.0 0.99998415 0.9999971 1.0000001 1.0000001 0.9999998 0.99999994 0.99999994 0.99999994
0.9999888 1.0000106 0.9999999 1.0000001 0.9999999 1.0000001 0.9999999 1.0 1.000006 0.99999756 1.0000001 1.0 0.9999998 1.0 0.99999994 0.99999994
1.0000024 0.9999908 1.0000001 1.0 1.0 0.99999994 0.99999994 0.99999994 0.99999213 1.000002 1.0 1.0 0.9999999 1.0 0.99999994 1.0
0.9999962 0.9999962 1.0 0.99999994 1.0 0.99999994 0.99999994 0.99999994 1.0000005 1.0000002 1.0 1.0 1.0 1.0 1.0 1.0000001
0.99999547 0.999998 1.0 0.99999994 0.9999998 0.99999994 1.0 1.0 0.99999815 1.0000068 0.99999994 0.9999999 1.0000001 1.0 1.0 1.0
1.0 1.0 1.0 1.0 1.0 1.0 1.0 1.0 1.0 1.0 1.0 1.0 1.0 1.0 1.0 1.0
1.0 1.0 1.0 1.0 1.0 1.0 1.0 1.0 1.0 1.0 1.0 1.0 1.0 1.0 1.0 1.0
1.0 1.0 1.0 1.0 1.0 1.0 1.0 1.0 1.0 1.0 1.0 1.0 1.0 1.0 1.0 1.0
1.0 1.0 1.0 1.0 1.0 1.0 1.0 1.0 1.0 1.0 1.0 1.0 1.0 1.0 1.0 1.0
1.0 1.0 1.0 1.0 1.0 1.0 1.0 1.0 1.0 1.0 1.0 1.0 1.0 1.0 1.0 1.0
1.0 1.0 1.0 1.0 1.0 1.0 1.0 1.0 1.0 1.0 1.0 1.0 1.0 1.0 1.0 1.0
1.0 1.0 1.0 1.0 1.0 1.0 1.0 1.0 1.0 1.0 1.0 1.0 1.0 1.0 1.0 1.0
1.0 1.0 1.0 1.0 1.0 1.0 1.0 1.0 1.0 1.0 1.0 1.0 1.0 1.0 1.0 1.0
1.0 1.0 1.0 1.0 1.0 1.0 1.0 1.0 1.0 1.0 1.0 1.0 1.0 1.0 1.0 1.0
1.0 1.0 1.0 1.0 1.0 1.0 1.0 1.0 1.0 1.0 1.0 1.0 1.0 1.0 1.0 1.0
1.0 1.0 1.0 1.0 1.0 1.0 1.0 1.0 1.0 1.0 1.0 1.0 1.0 1.0 1.0 1.0
1.0 1.0 1.0 1.0 1.0 1.0 1.0 1.0 1.0 1.0 1.0 1.0 1.0 1.0 1.0 1.0
1.0 1.0 1.0 1.0 1.0 1.0 1.0 1.0 1.0 1.0 1.0 1.0 1.0 1.0 1.0 1.0
1.0 1.0 1.0 1.0 1.0 1.0 1.0 1.0 1.0 1.0 1.0 1.0 1.0 1.0 1.0 1.0
1.0 1.0 1.0 1.0 1.0 1.0 1.0 1.0 1.0 1.0 1.0 1.0 1.0 1.0 1.0 1.0
1.0 1.0 1.0 1.0 1.0 1.0 1.0 1.0 1.0 1.0 1.0 1.0 1.0 1.0 1.0 1.0
1.0 1.0 1.0 1.0 1.0 1.0 1.0 1.0 1.0 1.0 1.0 1.0 1.0 1.0 1.0 1.0
1.0 1.0 1.0 1.0 1.0 1.0 1.0 1.0 1.0 1.0 1.0 1.0 1.0 1.0 1.0 1.0
1.0 1.0 1.0 1.0 1.0 1.0 1.0 1.0 1.0 1.0 1.0 1.0 1.0 1.0 1.0 1.0
1.0 1.0 1.0 1.0 1.0 1.0 1.0 1.0 1.0 1.0 1.0 1.0 1.0 1.0 1.0 1.0
1.0 1.0 1.0 1.0 1.0 1.0 1.0 1.0 1.0 1.0 1.0 1.0 1.0 1.0 1.0 1.0
1.0 1.0 1.0 1.0 1.0 1.0 1.0 1.0 1.0 1.0 1.0 1.0 1.0 1.0 1.0 1.0
1.0 1.0 1.0 1.0 1.0 1.0 1.0 1.0 1.0 1.0 1.0 1.0 1.0 1.0 1.0 1.0
1.0 1.0 1.0 1.0 1.0 1.0 1.0 1.0 1.0 1.0 1.0 1.0 1.0 1.0 1.0 1.0
1.0 1.0 1.0 1.0 1.0 1.0 1.0 1.0 1.0 1.0 1.0 1.0 1.0 1.0 1.0 1.0
1.0 1.0 1.0 1.0 1.0 1.0 1.0 1.0 1.0 1.0 1.0 1.0 1.0 1.0 1.0 1.0
1.0 1.0 1.0 1.0 1.0 1.0 1.0 1.0 1.0 1.0 1.0 1.0 1.0 1.0 1.0 1.0
1.0 1.0 1.0 1.0 1.0 1.0 1.0 1.0 1.0 1.0 1.0 1.0 1.0 1.0 1.0 1.0
1.0 1.0 1.0 1.0 1.0 1.0 1.0 1.0 1.0 1.0 1.0 1.0 1.0 1.0 1.0 1.0
1.0 1.0 1.0 1.0 1.0 1.0 1.0 1.0 1.0 1.0 1.0 1.0 1.0 1.0 1.0 1.0
1.0 1.0 1.0 1.0 1.0 1.0 1.0 1.0 1.0 1.0 1.0 1.0 1.0 1.0 1.0 1.0
1.0 1.0 1.0 1.0 1.0 1.0 1.0 1.0 1.0 1.0 1.0 1.0 1.0 1.0 1.0 1.0
1.0 1.0 1.0 1.0 1.0 1.0 1.0 1.0 1.0 1.0 1.0 1.0 1.0 1.0 1.0 1.0
1.0 1.0 1.0 1.0 1.0 1.0 1.0 1.0 1.0 1.0 1.0 1.0 1.0 1.0 1.0 1.0
1.0 1.0 1.0 1.0 1.0 1.0 1.0 1.0 1.0 1.0 1.0 1.0 1.0 1.0 1.0 1.0
1.0 1.0 1.0 1.0 1.0 1.0 1.0 1.0 1.0 1.0 1.0 1.0 1.0 1.0 1.0 1.0
1.0 1.0 1.0 1.0 1.0 1.0 1.0 1.0 1.0 1.0 1.0 1.0 1.0 1.0 1.0 1.0
1.0 1.0 1.0 1.0 1.0 1.0 1.0 1.0 1.0 1.0 1.0 1.0 1.0 1.0 1.0 1.0
1.0 1.0 1.0 1.0 1.0 1.0 1.0 1.0 1.0 1.0 1.0 1.0 1.0 1.0 1.0 1.0
1.0 1.0 1.0 1.0 1.0 1.0 1.0 1.0 1.0 1.0 1.0 1.0 1.0 1.0 1.0 1.0
1.0 1.0 1.0 1.0 1.0 1.0 1.0 1.0 1.0 1.0 1.0 1.0 1.0 1.0 1.0 1.0
1.0 1.0 1.0 1.0 1.0 1.0 1.0 1.0 1.0 1.0 1.0 1.0 1.0 1.0 1.0 1.0
1.0 1.0 1.0 1.0 1.0 1.0 1.0 1.0 1.0 1.0 1.0 1.0 1.0 1.0 1.0 1.0
1.0 1.0 1.0 1.0 1.0 1.0 1.0 1.0 1.0 1.0 1.0 1.0 1.0 1.0 1.0 1.0
1.0 1.0 1.0 1.0 1.0 1.0 1.0 1.0 1.0 1.0 1.0 1.0 1.0 1.0 1.0 1.0
1.0 1.0 1.0 1.0 1.0 1.0 1.0 1.0 1.0 1.0 1.0 1.0 1.0 1.0 1.0 1.0
1.0 1.0 1.0 1.0 1.0 1.0 1.0 1.0 1.0 1.0 1.0 1.0 1.0 1.0 1.0 1.0
1.0 1.0 1.0 1.0 1.0 1.0 1.0 1.0 1.0 1.0 1.0 1.0 1.0 1.0 1.0 1.0
1.0 1.0 1.0 1.0 1.0 1.0 1.0 1.0 1.0 1.0 1.0 1.0 1.0 1.0 1.0 1.0
1.0 1.0 1.0 1.0 1.0 1.0 1.0 1.0 1.0 1.0 1.0 1.0 1.0 1.0 1.0 1.0
1.0 1.0 1.0 1.0 1.0 1.0 1.0 1.0 1.0 1.0 1.0 1.0 1.0 1.0 1.0 1.0
1.0 1.0 1.0 1.0 1.0 1.0 1.0 1.0 1.0 1.0 1.0 1.0 1.0 1.0 1.0 1.0
1.0 1.0 1.0 1.0 1.0 1.0 1.0 1.0 1.0 1.0 1.0 1.0 1.0 1.0 1.0 1.0
1.0 1.0 1.0 1.0 1.0 1.0 1.0 1.0 1.0 1.0 1.0 1.0 1.0 1.0 1.0 1.0
1.0 1.0 1.0 1.0 1.0 1.0 1.0 1.0 1.0 1.0 1.0 1.0 1.0 1.0 1.0 1.0
1.0 1.0 1.0 1.0 1.0 1.0 1.0 1.0 1.0 1.0 1.0 1.0 1.0 1.0 1.0 1.0
1.0 1.0 1.0 1.0 1.0 1.0 1.0 1.0 1.0 1.0 1.0 1.0 1.0 1.0 1.0 1.0
1.0 1.0 1.0 1.0 1.0 1.0 1.0 1.0 1.0 1.0 1.0 1.0 1.0 1.0 1.0 1.0
1.0 1.0 1.0 1.0 1.0 1.0 1.0 1.0 1.0 1.0 1.0 1.0 1.0 1.0 1.0 1.0
1.0 1.0 1.0 1.0 1.0 1.0 1.0 1.0 1.0 1.0 1.0 1.0 1.0 1.0 1.0 1.0
1.0 1.0 1.0 1.0 1.0 1.0 1.0 1.0 1.0 1.0 1.0 1.0 1.0 1.0 1.0 1.0
1.0 1.0 1.0 1.0 1.0 1.0 1.0 1.0 1.0 1.0 1.0 1.0 1.0 1.0 1.0 1.0
1.0 1.0 1.0 1.0 1.0 1.0 1.0 1.0 1.0 1.0 1.0 1.0 1.0 1.0 1.0 1.0
1.0 1.0 1.0 1.0 1.0 1.0 1.0 1.0 1.0 1.0 1.0 1.0 1.0 1.0 1.0 1.0
1.0 1.0 1.0 1.0 1.0 1.0 1.0 1.0 1.0 1.0 1.0 1.0 1.0 1.0 1.0 1.0
1.0 1.0 1.0 1.0 1.0 1.0 1.0 1.0 1.0 1.0 1.0 1.0 1.0 1.0 1.0 1.0
1.0 1.0 1.0 1.0 1.0 1.0 1.0 1.0 1.0 1.0 1.0 1.0 1.0 1.0 1.0 1.0
1.0 1.0 1.0 1.0 1.0 1.0 1.0 1.0 1.0 1.0 1.0 1.0 1.0 1.0 1.0 1.0
1.0 1.0 1.0 1.0 1.0 1.0 1.0 1.0 1.0 1.0 1.0 1.0 1.0 1.0 1.0 1.0
1.0 1.0 1.0 1.0 1.0 1.0 1.0 1.0 1.0 1.0 1.0 1.0 1.0 1.0 1.0 1.0
1.0 1.0 1.0 1.0 1.0 1.0 1.0 1.0 1.0 1.0 1.0 1.0 1.0 1.0 1.0 1.0
1.0 1.0 1.0 1.0 1.0 1.0 1.0 1.0 1.0 1.0 1.0 1.0 1.0 1.0 1.0 1.0
1.0 1.0 1.0 1.0 1.0 1.0 1.0 1.0 1.0 1.0 1.0 1.0 1.0 1.0 1.0 1.0
1.0 1.0 1.0 1.0 1.0 1.0 1.0 1.0 1.0 1.0 1.0 1.0 1.0 1.0 1.0 1.0
1.0 1.0 1.0 1.0 1.0 1.0 1.0 1.0 1.0 1.0 1.0 1.0 1.0 1.0 1.0 1.0
1.0 1.0 1.0 1.0 1.0 1.0 1.0 1.0 1.0 1.0 1.0 1.0 1.0 1.0 1.0 1.0
1.0 1.0 1.0 1.0 1.0 1.0 1.0 1.0 1.0 1.0 1.0 1.0 1.0 1.0 1.0 1.0
1.0 1.0 1.0 1.0 1.0 1.0 1.0 1.0 1.0 1.0 1.0 1.0 1.0 1.0 1.0 1.0
1.0 1.0 1.0 1.0 1.0 1.0 1.0 1.0 1.0 1.0 1.0 1.0 1.0 1.0 1.0 1.0
1.0 1.0 1.0 1.0 1.0 1.0 1.0 1.0 1.0 1.0 1.0 1.0 1.0 1.0 1.0 1.0
1.0 1.0 1.0 1.0 1.0 1.0 1.0 1.0 1.0 1.0 1.0 1.0 1.0 1.0 1.0 1.0
1.0 1.0 1.0 1.0 1.0 1.0 1.0 1.0 1.0 1.0 1.0 1.0 1.0 1.0 1.0 1.0
1.0 1.0 1.0 1.0 1.0 1.0 1.0 1.0 1.0 1.0 1.0 1.0 1.0 1.0 1.0 1.0
1.0 1.0 1.0 1.0 1.0 1.0 1.0 1.0 1.0 1.0 1.0 1.0 1.0 1.0 1.0 1.0
1.0 1.0 1.0 1.0 1.0 1.0 1.0 1.0 1.0 1.0 1.0 1.0 1.0 1.0 1.0 1.0
1.0 1.0 1.0 1.0 1.0 1.0 1.0 1.0 1.0 1.0 1.0 1.0 1.0 1.0 1.0 1.0
1.0 1.0 1.0 1.0 1.0 1.0 1.0 1.0 1.0 1.0 1.0 1.0 1.0 1.0 1.0 1.0
1.0 1.0 1.0 1.0 1.0 1.0 1.0 1.0 1.0 1.0 1.0 1.0 1.0 1.0 1.0 1.0
1.0 1.0 1.0 1.0 1.0 1.0 1.0 1.0 1.0 1.0 1.0 1.0 1.0 1.0 1.0 1.0
1.0 1.0 1.0 1.0 1.0 1.0 1.0 1.0 1.0 1.0 1.0 1.0 1.0 1.0 1.0 1.0
1.0 1.0 1.0 1.0 1.0 1.0 1.0 1.0 1.0 1.0 1.0 1.0 1.0 1.0 1.0 1.0
1.0 1.0 1.0 1.0 1.0 1.0 1.0 1.0 1.0 1.0 1.0 1.0 1.0 1.0 1.0 1.0
1.0 1.0 1.0 1.0 1.0 1.0 1.0 1.0 1.0 1.0 1.0 1.0 1.0 1.0 1.0 1.0
1.0 1.0 1.0 1.0 1.0 1.0 1.0 1.0 1.0 1.0 1.0 1.0 1.0 1.0 1.0 1.0
1.0 1.0 1.0 1.0 1.0 1.0 1.0 1.0 1.0 1.0 1.0 1.0 1.0 1.0 1.0 1.0
1.0 1.0 1.0 1.0 1.0 1.0 1.0 1.0 1.0 1.0 1.0 1.0 1.0 1.0 1.0 1.0
1.0 1.0 1.0 1.0 1.0 1.0 1.0 1.0 1.0 1.0 1.0 1.0 1.0 1.0 1.0 1.0
1.0 1.0 1.0 1.0 1.0 1.0 1.0 1.0 1.0 1.0 1.0 1.0 1.0 1.0 1.0 1.0
1.0 1.0 1.0 1.0 1.0 1.0 1.0 1.0 1.0 1.0 1.0 1.0 1.0 1.0 1.0 1.0
1.0 1.0 1.0 1.0 1.0 1.0 1.0 1.0 1.0 1.0 1.0 1.0 1.0 1.0 1.0 1.0
1.0 1.0 1.0 1.0 1.0 1.0 1.0 1.0 1.0 1.0 1.0 1.0 1.0 1.0 1.0 1.0
1.0 1.0 1.0 1.0 1.0 1.0 1.0 1.0 1.0 1.0 1.0 1.0 1.0 1.0 1.0 1.0
1.0 1.0 1.0 1.0 1.0 1.0 1.0 1.0 1.0 1.0 1.0 1.0 1.0 1.0 1.0 1.0
1.0 1.0 1.0 1.0 1.0 1.0 1.0 1.0 1.0 1.0 1.0 1.0 1.0 1.0 1.0 1.0
1.0 1.0 1.0 1.0 1.0 1.0 1.0 1.0 1.0 1.0 1.0 1.0 1.0 1.0 1.0 1.0
1.0 1.0 1.0 1.0 1.0 1.0 1.0 1.0 1.0 1.0 1.0 1.0 1.0 1.0 1.0 1.0
1.0 1.0 1.0 1.0 1.0 1.0 1.0 1.0 1.0 1.0 1.0 1.0 1.0 1.0 1.0 1.0
1.0 1.0 1.0 1.0 1.0 1.0 1.0 1.0 1.0 1.0 1.0 1.0 1.0 1.0 1.0 1.0
1.0 1.0 1.0 1.0 1.0 1.0 1.0 1.0 1.0 1.0 1.0 1.0 1.0 1.0 1.0 1.0
1.0 1.0 1.0 1.0 1.0 1.0 1.0 1.0 1.0 1.0 1.0 1.0 1.0 1.0 1.0 1.0
1.0 1.0 1.0 1.0 1.0 1.0 1.0 1.0 1.0 1.0 1.0 1.0 1.0 1.0 1.0 1.0
1.0 1.0 1.0 1.0 1.0 1.0 1.0 1.0 1.0 1.0 1.0 1.0 1.0 1.0 1.0 1.0
1.0 1.0 1.0 1.0 1.0 1.0 1.0 1.0 1.0 1.0 1.0 1.0 1.0 1.0 1.0 1.0
1.0 1.0 1.0 1.0 1.0 1.0 1.0 1.0 1.0 1.0 1.0 1.0 1.0 1.0 1.0 1.0
1.0 1.0 1.0 1.0 1.0 1.0 1.0 1.0 1.0 1.0 1.0 1.0 1.0 1.0 1.0 1.0
1.0 1.0 1.0 1.0 1.0 1.0 1.0 1.0 1.0 1.0 1.0 1.0 1.0 1.0 1.0 1.0
1.0 1.0 1.0 1.0 1.0 1.0 1.0 1.0 1.0 1.0 1.0 1.0 1.0 1.0 1.0 1.0
1.0 1.0 1.0 1.0 1.0 1.0 1.0 1.0 1.0 1.0 1.0 1.0 1.0 1.0 1.0 1.0
1.0 1.0 1.0 1.0 1.0 1.0 1.0 1.0 1.0 1.0 1.0 1.0 1.0 1.0 1.0 1.0
1.0 1.0 1.0 1.0 1.0 1.0 1.0 1.0 1.0 1.0 1.0 1.0 1.0 1.0 1.0 1.0
1.0 1.0 1.0 1.0 1.0 1.0 1.0 1.0 1.0 1.0 1.0 1.0 1.0 1.0 1.0 1.0
1.0 1.0 1.0 1.0 1.0 1.0 1.0 1.0 1.0 1.0 1.0 1.0 1.0 1.0 1.0 1.0
1.0 1.0 1.0 1.0 1.0 1.0 1.0 1.0 1.0 1.0 1.0 1.0 1.0 1.0 1.0 1.0
1.0 1.0 1.0 1.0 1.0 1.0 1.0 1.0 1.0 1.0 1.0 1.0 1.0 1.0 1.0 1.0
1.0 1.0 1.0 1.0 1.0 1.0 1.0 1.0 1.0 1.0 1.0 1.0 1.0 1.0 1.0 1.0
1.0 1.0 1.0 1.0 1.0 1.0 1.0 1.0 1.0 1.0 1.0 1.0 1.0 1.0 1.0 1.0
1.0 1.0 1.0 1.0 1.0 1.0 1.0 1.0 1.0 1.0 1.0 1.0 1.0 1.0 1.0 1.0
1.0 1.0 1.0 1.0 1.0 1.0 1.0 1.0 1.0 1.0 1.0 1.0 1.0 1.0 1.0 1.0
1.0 1.0 1.0 1.0 1.0 1.0 1.0 1.0 1.0 1.0 1.0 1.0 1.0 1.0 1.0 1.0
1.0 1.0 1.0 1.0 1.0 1.0 1.0 1.0 1.0 1.0 1.0 1.0 1.0 1.0 1.0 1.0
1.0 1.0 1.0 1.0 1.0 1.0 1.0 1.0 1.0 1.0 1.0 1.0 1.0 1.0 1.0 1.0
1.0 1.0 1.0 1.0 1.0 1.0 1.0 1.0 1.0 1.0 1.0 1.0 1.0 1.0 1.0 1.0
1.0 1.0 1.0 1.0 1.0 1.0 1.0 1.0 1.0 1.0 1.0 1.0 1.0 1.0 1.0 1.0
1.0 1.0 1.0 1.0 1.0 1.0 1.0 1.0 1.0 1.0 1.0 1.0 1.0 1.0 1.0 1.0
1.0 1.0 1.0 1.0 1.0 1.0 1.0 1.0 1.0 1.0 1.0 1.0 1.0 1.0 1.0 1.0
1.0 1.0 1.0 1.0 1.0 1.0 1.0 1.0 1.0 1.0 1.0 1.0 1.0 1.0 1.0 1.0
1.0 1.0 1.0 1.0 1.0 1.0 1.0 1.0 1.0 1.0 1.0 1.0 1.0 1.0 1.0 1.0
1.0 1.0 1.0 1.0 1.0 1.0 1.0 1.0 1.0 1.0 1.0 1.0 1.0 1.0 1.0 1.0
1.0 1.0 1.0 1.0 1.0 1.0 1.0 1.0 1.0 1.0 1.0 1.0 1.0 1.0 1.0 1.0
1.0 1.0 1.0 1.0 1.0 1.0 1.0 1.0 1.0 1.0 1.0 1.0 1.0 1.0 1.0 1.0
1.0 1.0 1.0 1.0 1.0 1.0 1.0 1.0 1.0 1.0 1.0 1.0 1.0 1.0 1.0 1.0
1.0 1.0 1.0 1.0 1.0 1.0 1.0 1.0 1.0 1.0 1.0 1.0 1.0 1.0 1.0 1.0
1.0 1.0 1.0 1.0 1.0 1.0 1.0 1.0 1.0 1.0 1.0 1.0 1.0 1.0 1.0 1.0
1.0 1.0 1.0 1.0 1.0 1.0 1.0 1.0 1.0 1.0 1.0 1.0 1.0 1.0 1.0 1.0
1.0 1.0 1.0 1.0 1.0 1.0 1.0 1.0 1.0 1.0 1.0 1.0 1.0 1.0 1.0 1.0
1.0 1.0 1.0 1.0 1.0 1.0 1.0 1.0 1.0 1.0 1.0 1.0 1.0 1.0 1.0 1.0
1.0 1.0 1.0 1.0 1.0 1.0 1.0 1.0 1.0 1.0 1.0 1.0 1.0 1.0 1.0 1.0
1.0 1.0 1.0 1.0 1.0 1.0 1.0 1.0 1.0 1.0 1.0 1.0 1.0 1.0 1.0 1.0
1.0 1.0 1.0 1.0 1.0 1.0 1.0 1.0 1.0 1.0 1.0 1.0 1.0 1.0 1.0 1.0
1.0 1.0 1.0 1.0 1.0 1.0 1.0 1.0 1.0 1.0 1.0 1.0 1.0 1.0 1.0 1.0
1.0 1.0 1.0 1.0 1.0 1.0 1.0 1.0 1.0 1.0 1.0 1.0 1.0 1.0 1.0 1.0
1.0 1.0 1.0 1.0 1.0 1.0 1.0 1.0 1.0 1.0 1.0 1.0 1.0 1.0 1.0 1.0
1.0 1.0 1.0 1.0 1.0 1.0 1.0 1.0 1.0 1.0 1.0 1.0 1.0 1.0 1.0 1.0
1.0 1.0 1.0 1.0 1.0 1.0 1.0 1.0 1.0 1.0 1.0 1.0 1.0 1.0 1.0 1.0
1.0 1.0 1.0 1.0 1.0 1.0 1.0 1.0 1.0 1.0 1.0 1.0 1.0 1.0 1.0 1.0
1.0 1.0 1.0 1.0 1.0 1.0 1.0 1.0 1.0 1.0 1.0 1.0 1.0 1.0 1.0 1.0
1.0 1.0 1.0 1.0 1.0 1.0 1.0 1.0 1.0 1.0 1.0 1.0 1.0 1.0 1.0 1.0
1.0 1.0 1.0 1.0 1.0 1.0 1.0 1.0 1.0 1.0 1.0 1.0 1.0 1.0 1.0 1.0
1.0 1.0 1.0 1.0 1.0 1.0 1.0 1.0 1.0 1.0 1.0 1.0 1.0 1.0 1.0 1.0
1.0 1.0 1.0 1.0 1.0 1.0 1.0 1.0 1.0 1.0 1.0 1.0 1.0 1.0 1.0 1.0
1.0 1.0 1.0 1.0 1.0 1.0 1.0 1.0 1.0 1.0 1.0 1.0 1.0 1.0 1.0 1.0
1.0 1.0 1.0 1.0 1.0 1.0 1.0 1.0 1.0 1.0 1.0 1.0 1.0 1.0 1.0 1.0
1.0 1.0 1.0 1.0 1.0 1.0 1.0 1.0 1.0 1.0 1.0 1.0 1.0 1.0 1.0 1.0
1.0 1.0 1.0 1.0 1.0 1.0 1.0 1.0 1.0 1.0 1.0 1.0 1.0 1.0 1.0 1.0
1.0 1.0 1.0 1.0 1.0 1.0 1.0 1.0 1.0 1.0 1.0 1.0 1.0 1.0 1.0 1.0
1.0 1.0 1.0 1.0 1.0 1.0 1.0 1.0 1.0 1.0 1.0 1.0 1.0 1.0 1.0 1.0
1.0 1.0 1.0 1.0 1.0 1.0 1.0 1.0 1.0 1.0 1.0 1.0 1.0 1.0 1.0 1.0
1.0 1.0 1.0 1.0 1.0 1.0 1.0 1.0 1.0 1.0 1.0 1.0 1.0 1.0 1.0 1.0
1.0 1.0 1.0 1.0 1.0 1.0 1.0 1.0 1.0 1.0 1.0 1.0 1.0 1.0 1.0 1.0
1.0 1.0 1.0 1.0 1.0 1.0 1.0 1.0 1.0 1.0 1.0 1.0 1.0 1.0 1.0 1.0
1.0 1.0 1.0 1.0 1.0 1.0 1.0 1.0 1.0 1.0 1.0 1.0 1.0 1.0 1.0 1.0
1.0 1.0 1.0 1.0 1.0 1.0 1.0 1.0 1.0 1.0 1.0 1.0 1.0 1.0 1.0 1.0
1.0 1.0 1.0 1.0 1.0 1.0 1.0 1.0 1.0 1.0 1.0 1.0 1.0 1.0 1.0 1.0
1.0 1.0 1.0 1.0 1.0 1.0 1.0 1.0 1.0 1.0 1.0 1.0 1.0 1.0 1.0 1.0
1.0 1.0 1.0 1.0 1.0 1.0 1.0 1.0 1.0 1.0 1.0 1.0 1.0 1.0 1.0 1.0
1.0 1.0 1.0 1.0 1.0 1.0 1.0 1.0 1.0 1.0 1.0 1.0 1.0 1.0 1.0 1.0
1.0 1.0 1.0 1.0 1.0 1.0 1.0 1.0 1.0 1.0 1.0 1.0 1.0 1.0 1.0 1.0
1.0 1.0 1.0 1.0 1.0 1.0 1.0 1.0 1.0 1.0 1.0 1.0 1.0 1.0 1.0 1.0
1.0 1.0 1.0 1.0 1.0 1.0 1.0 1.0 1.0 1.0 1.0 1.0 1.0 1.0 1.0 1.0
1.0 1.0 1.0 1.0 1.0 1.0 1.0 1.0 1.0 1.0 1.0 1.0 1.0 1.0 1.0 1.0
1.0 1.0 1.0 1.0 1.0 1.0 1.0 1.0 1.0 1.0 1.0 1.0 1.0 1.0 1.0 1.0
1.0 1.0 1.0 1.0 1.0 1.0 1.0 1.0 1.0 1.0 1.0 1.0 1.0 1.0 1.0 1.0
1.0 1.0 1.0 1.0 1.0 1.0 1.0 1.0 1.0 1.0 1.0 1.0 1.0 1.0 1.0 1.0
1.0 1.0 1.0 1.0 1.0 1.0 1.0 1.0 1.0 1.0 1.0 1.0 1.0 1.0 1.0 1.0
1.0 1.0 1.0 1.0 1.0 1.0 1.0 1.0 1.0 1.0 1.0 1.0 1.0 1.0 1.0 1.0
1.0 1.0 1.0 1.0 1.0 1.0 1.0 1.0 1.0 1.0 1.0 1.0 1.0 1.0 1.0 1.0
1.0 1.0 1.0 1.0 1.0 1.0 1.0 1.0 1.0 1.0 1.0 1.0 1.0 1.0 1.0 1.0
1.0 1.0 1.0 1.0 1.0 1.0 1.0 1.0 1.0 1.0 1.0 1.0 1.0 1.0 1.0 1.0
1.0 1.0 1.0 1.0 1.0 1.0 1.0 1.0 1.0 1.0 1.0 1.0 1.0 1.0 1.0 1.0
1.0 1.0 1.0 1.0 1.0 1.0 1.0 1.0 1.0 1.0 1.0 1.0 1.0 1.0 1.0 1.0
1.0 1.0 1.0 1.0 1.0 1.0 1.0 1.0 1.0 1.0 1.0 1.0 1.0 1.0 1.0 1.0
1.0 1.0 1.0 1.0 1.0 1.0 1.0 1.0 1.0 1.0 1.0 1.0 1.0 1.0 1.0 1.0
1.0 1.0 1.0 1.0 1.0 1.0 1.0 1.0 1.0 1.0 1.0 1.0 1.0 1.0 1.0 1.0
1.0 1.0 1.0 1.0 1.0 1.0 1.0 1.0 1.0 1.0 1.0 1.0 1.0 1.0 1.0 1.0
1.0 1.0 1.0 1.0 1.0 1.0 1.0 1.0 1.0 1.0 1.0 1.0 1.0 1.0 1.0 1.0
1.0 1.0 1.0 1.0 1.0 1.0 1.0 1.0 1.0 1.0 1.0 1.0 1.0 1.0 1.0 1.0
1.0 1.0 1.0 1.0 1.0 1.0 1.0 1.0 1.0 1.0 1.0 1.0 1.0 1.0 1.0 1.0
1.0 1.0 1.0 1.0 1.0 1.0 1.0 1.0 1.0 1.0 1.0 1.0 1.0 1.0 1.0 1.0
1.0 1.0 1.0 1.0 1.0 1.0 1.0 1.0 1.0 1.0 1.0 1.0 1.0 1.0 1.0 1.0
1.0 1.0 1.0 1.0 1.0 1.0 1.0 1.0 1.0 1.0 1.0 1.0 1.0 1.0 1.0 1.0
1.0 1.0 1.0 1.0 1.0 1.0 1.0 1.0 1.0 1.0 1.0 1.0 1.0 1.0 1.0 1.0
1.0 1.0 1.0 1.0 1.0 1.0 1.0 1.0 1.0 1.0 1.0 1.0 1.0 1.0 1.0 1.0
1.0 1.0 1.0 1.0 1.0 1.0 1.0 1.0 1.0 1.0 1.0 1.0 1.0 1.0 1.0 1.0
1.0 1.0 1.0 1.0 1.0 1.0 1.0 1.0 1.0 1.0 1.0 1.0 1.0 1.0 1.0 1.0
1.0 1.0 1.0 1.0 1.0 1.0 1.0 1.0 1.0 1.0 1.0 1.0 1.0 1.0 1.0 1.0
1.0 1.0 1.0 1.0 1.0 1.0 1.0 1.0 1.0 1.0 1.0 1.0 1.0 1.0 1.0 1.0
1.0 1.0 1.0 1.0 1.0 1.0 1.0 1.0 1.0 1.0 1.0 1.0 1.0 1.0 1.0 1.0
1.0 1.0 1.0 1.0 1.0 1.0 1.0 1.0 1.0 1.0 1.0 1.0 1.0 1.0 1.0 1.0
1.0 1.0 1.0 1.0 1.0 1.0 1.0 1.0 1.0 1.0 1.0 1.0 1.0 1.0 1.0 1.0
1.0 1.0 1.0 1.0 1.0 1.0 1.0 1.0 1.0 1.0 1.0 1.0 1.0 1.0 1.0 1.0
1.0 1.0 1.0 1.0 1.0 1.0 1.0 1.0 1.0 1.0 1.0 1.0 1.0 1.0 1.0 1.0
1.0 1.0 1.0 1.0 1.0 1.0 1.0 1.0 1.0 1.0 1.0 1.0 1.0 1.0 1.0 1.0
1.0 1.0 1.0 1.0 1.0 1.0 1.0 1.0 1.0 1.0 1.0 1.0 1.0 1.0 1.0 1.0
1.0 1.0 1.0 1.0 1.0 1.0 1.0 1.0 1.0 1.0 1.0 1.0 1.0 1.0 1.0 1.0
1.0 1.0 1.0 1.0 1.0 1.0 1.0 1.0 1.0 1.0 1.0 1.0 1.0 1.0 1.0 1.0
1.0 1.0 1.0 1.0 1.0 1.0 1.0 1.0 1.0 1.0 1.0 1.0 1.0 1.0 1.0 1.0
1.0 1.0 1.0 1.0 1.0 1.0 1.0 1.0 1.0 1.0 1.0 1.0 1.0 1.0 1.0 1.0
1.0 1.0 1.0 1.0 1.0 1.0 1.0 1.0 1.0 1.0 1.0 1.0 1.0 1.0 1.0 1.0
1.0 1.0 1.0 1.0 1.0 1.0 1.0 1.0 1.0 1.0 1.0 1.0 1.0 1.0 1.0 1.0
1.0 1.0 1.0 1.0 1.0 1.0 1.0 1.0 1.0 1.0 1.0 1.0 1.0 1.0 1.0 1.0
1.0 1.0 1.0 1.0 1.0 1.0 1.0 1.0 1.0 1.0 1.0 1.0 1.0 1.0 1.0 1.0
1.0 1.0 1.0 1.0 1.0 1.0 1.0 1.0 1.0 1.0 1.0 1.0 1.0 1.0 1.0 1.0
1.0 1.0 1.0 1.0 1.0 1.0 1.0 1.0 1.0 1.0 1.0 1.0 1.0 1.0 1.0 1.0
1.0 1.0 1.0 1.0 1.0 1.0 1.0 1.0 1.0 1.0 1.0 1.0 1.0 1.0 1.0 1.0
1.0 1.0 1.0 1.0 1.0 1.0 1.0 1.0 1.0 1.0 1.0 1.0 1.0 1.0 1.0 1.0
1.0 1.0 1.0 1.0 1.0 1.0 1.0 1.0 1.0 1.0 1.0 1.0 1.0 1.0 1.0 1.0
1.0 1.0 1.0 1.0 1.0 1.0 1.0 1.0 1.0 1.0 1.0 1.0 1.0 1.0 1.0 1.0
1.0 1.0 1.0 1.0 1.0 1.0 1.0 1.0 1.0 1.0 1.0 1.0 1.0 1.0 1.0 1.0
1.0 1.0 1.0 1.0 1.0 1.0 1.0 1.0 1.0 1.0 1.0 1.0 1.0 1.0 1.0 1.0
1.0 1.0 1.0 1.0 1.0 1.0 1.0 1.0 1.0 1.0 1.0 1.0 1.0 1.0 1.0 1.0
1.0 1.0 1.0 1.0 1.0 1.0 1.0 1.0 1.0 1.0 1.0 1.0 1.0 1.0 1.0 1.0
1.0 1.0 1.0 1.0 1.0 1.0 1.0 1.0 1.0 1.0 1.0 1.0 1.0 1.0 1.0 1.0
1.0 1.0 1.0 1.0 1.0 1.0 1.0 1.0 1.0 1.0 1.0 1.0 1.0 1.0 1.0 1.0
1.0 1.0 1.0 1.0 1.0 1.0 1.0 1.0 1.0 1.0 1.0 1.0 1.0 1.0 1.0 1.0
1.0 1.0 1.0 1.0 1.0 1.0 1.0 1.0 1.0 1.0 1.0 1.0 1.0 1.0 1.0 1.0
1.0 1.0 1.0 1.0 1.0 1.0 1.0 1.0 1.0 1.0 1.0 1.0 1.0 1.0 1.0 1.0
1.0 1.0 1.0 1.0 1.0 1.0 1.0 1.0 1.0 1.0 1.0 1.0 1.0 1.0 1.0 1.0
1.0 1.0 1.0 1.0 1.0 1.0 1.0 1.0 1.0 1.0 1.0 1.0 1.0 1.0 1.0 1.0
1.0 1.0 1.0 1.0 1.0 1.0 1.0 1.0 1.0 1.0 1.0 1.0 1.0 1.0 1.0 1.0
1.0 1.0 1.0 1.0 1.0 1.0 1.0 1.0 1.0 1.0 1.0 1.0 1.0 1.0 1.0 1.0
1.0 1.0 1.0 1.0 1.0 1.0 1.0 1.0 1.0 1.0 1.0 1.0 1.0 1.0 1.0 1.0
1.0 1.0 1.0 1.0 1.0 1.0 1.0 1.0 1.0 1.0 1.0 1.0 1.0 1.0 1.0 1.0
1.0 1.0 1.0 1.0 1.0 1.0 1.0 1.0 1.0 1.0 1.0 1.0 1.0 1.0 1.0 1.0
1.0 1.0 1.0 1.0 1.0 1.0 1.0 1.0 1.0 1.0 1.0 1.0 1.0 1.0 1.0 1.0
1.0 1.0 1.0 1.0 1.0 1.0 1.0 1.0 1.0 1.0 1.0 1.0 1.0 1.0 1.0 1.0
1.0 1.0 1.0 1.0 1.0 1.0 1.0 1.0 1.0 1.0 1.0 1.0 1.0 1.0 1.0 1.0
1.0 1.0 1.0 1.0 1.0 1.0 1.0 1.0 1.0 1.0 1.0 1.0 1.0 1.0 1.0 1.0
1.0 1.0 1.0 1.0 1.0 1.0 1.0 1.0 1.0 1.0 1.0 1.0 1.0 1.0 1.0 1.0
1.0 1.0 1.0 1.0 1.0 1.0 1.0 1.0 1.0 1.0 1.0 1.0 1.0 1.0 1.0 1.0
1.0 1.0 1.0 1.0 1.0 1.0 1.0 1.0 1.0 1.0 1.0 1.0 1.0 1.0 1.0 1.0
1.0 1.0 1.0 1.0 1.0 1.0 1.0 1.0 1.0 1.0 1.0 1.0 1.0 1.0 1.0 1.0
1.0 1.0 1.0 1.0 1.0 1.0 1.0 1.0 1.0 1.0 1.0 1.0 1.0 1.0 1.0 1.0
1.0 1.0 1.0 1.0 1.0 1.0 1.0 1.0 1.0 1.0 1.0 1.0 1.0 1.0 1.0 1.0
1.0 1.0 1.0 1.0 1.0 1.0 1.0 1.0 1.0 1.0 1.0 1.0 1.0 1.0 1.0 1.0
1.0 1.0 1.0 1.0 1.0 1.0 1.0 1.0 1.0 1.0 1.0 1.0 1.0 1.0 1.0 1.0
1.0 1.0 1.0 1.0 1.0 1.0 1.0 1.0 1.0 1.0 1.0 1.0 1.0 1.0 1.0 1.0
1.0 1.0 1.0 1.0 1.0 1.0 1.0 1.0 1.0 1.0 1.0 1.0 1.0 1.0 1.0 1.0
1.0 1.0 1.0 1.0 1.0 1.0 1.0 1.0 1.0 1.0 1.0 1.0 1.0 1.0 1.0 1.0
1.0 1.0 1.0 1.0 1.0 1.0 1.0 1.0 1.0 1.0 1.0 1.0 1.0 1.0 1.0 1.0
1.0 1.0 1.0 1.0 1.0 1.0 1.0 1.0 1.0 1.0 1.0 1.0 1.0 1.0 1.0 1.0
1.0 1.0 1.0 1.0 1.0 1.0 1.0 1.0 1.0 1.0 1.0 1.0 1.0 1.0 1.0 1.0
1.0 1.0 1.0 1.0 1.0 1.0 1.0 1.0 1.0 1.0 1.0 1.0 1.0 1.0 1.0 1.0
1.0 1.0 1.0 1.0 1.0 1.0 1.0 1.0 1.0 1.0 1.0 1.0 1.0 1.0 1.0 1.0
1.0 1.0 1.0 1.0 1.0 1.0 1.0 1.0 1.0 1.0 1.0 1.0 1.0 1.0 1.0 1.0
1.0 1.0 1.0 1.0 1.0 1.0 1.0 1.0 1.0 1.0 1.0 1.0 1.0 1.0 1.0 1.0
1.0 1.0 1.0 1.0 1.0 1.0 1.0 1.0 1.0 1.0 1.0 1.0 1.0 1.0 1.0 1.0
1.0 1.0000001 1.0 1.0 1.0 1.0 1.0 1.0 1.0 1.0 1.0 1.0 1.0 1.0 1.0 1.0
1.0 1.0000002 1.0 1.0 1.0 1.0 1.0 1.0 1.0 1.0 1.0 1.0 1.0 1.0 1.0 1.0
1.0 1.0000002 1.0 1.0 1.0 1.0 1.0 1.0 1.0 1.0 1.0 1.0 1.0 1.0 1.0 1.0
1.0 1.0 1.0 1.0 1.0 1.0 1.0 1.0 1.0 1.0 1.0 1.0 1.0 1.0 1.0 1.0
1.0 1.0 1.0 1.0 1.0 1.0 1.0 1.0 1.0 1.0 1.0 1.0 1.0 1.0 1.0 1.0
1.0 1.0 1.0 1.0 1.0 1.0 1.0 1.0 1.0 1.0 1.0 1.0 1.0 1.0 1.0 1.0
1.0 1.0 1.0 1.0 1.0 1.0 1.0 1.0 1.0 1.0 1.0 1.0 1.0 1.0 1.0 1.0
1.0 1.0 1.0 1.0 1.0 1.0 1.0 1.0 1.0 1.0000001 1.0 1.0 1.0 1.0 1.0 1.0
1.0 1.0000008 1.0 1.0 1.0 1.0 1.0 1.0 1.0 1.0000011 1.0 1.0 1.0 1.0 1.0 1.0
1.0 1.0000023 1.0 1.0 1.0 1.0 1.0 1.0 1.0000002 1.0000008 1.0 1.0 1.0 1.0 1.0 1.0
1.0 1.000002 1.0 1.0 1.0 1.0 1.0 1.0 1.0000012 1.0000001 1.0 1.0 1.0 1.0 1.0 1.0
1.0 1.0000005 1.0 1.0 1.0 1.0 1.0 1.0 1.0000006 1.0 1.0 1.0 1.0 1.0 1.0 1.0
1.0 1.0 1.0 1.0 1.0 1.0 1.0 1.0 1.0 1.0 1.0 1.0 1.0 1.0 1.0 1.0
1.0 1.0 1.0 1.0 1.0 1.0 1.0 1.0 1.0 1.0 1.0 1.0 1.0 1.0 1.0 1.0
1.0 1.0 1.0 1.0 1.0 1.0 1.0 1.0 1.0 1.0 1.0 1.0 1.0 1.0 1.0 1.0
1.0 1.0000001 1.0 1.0 1.0 1.0 1.0 1.0 1.0 1.0000002 1.0 1.0 1.0 1.0 1.0 1.0
1.0000001 1.0000008 1.0 1.0 1.0 1.0 1.0 1.0 1.0 1.0000023 1.0 1.0 1.0 1.0 1.0 1.0
1.000001 1.0000018 1.0 1.0 1.0 1.0 1.0 1.0 1.0000012 1.0000021 1.0 1.0 1.0 1.0 1.0 1.0
1.0000006 1.0000017 1.0 1.0 1.0 1.0 1.0 1.0 1.0000023 1.0000007 1.0 1.0 1.0 1.0 1.0 1.0
1.0000001 1.0000005 1.0 1.0 1.0 1.0 1.0 1.0 1.0000018 1.0 1.0 1.0 1.0 1.0 1.0 1.0
1.0 1.0 1.0 1.0 1.0 1.0 1.0 1.0 1.0000002 1.0 1.0 1.0 1.0 1.0 1.0 1.0
1.0 1.0 1.0 1.0 1.0 1.0 1.0 1.0 1.0 1.0 1.0 1.0 1.0 1.0 1.0 1.0
1.0 1.0 1.0 1.0 1.0 1.0 1.0 1.0 1.0 1.0 1.0 1.0 1.0 1.0 1.0 1.0
1.0000001 1.0 1.0 1.0 1.0 1.0 1.0 1.0 1.0 1.0000004 1.0 1.0 1.0 1.0 1.0 1.0
1.000001 1.0000002 1.0 1.0 1.0 1.0 1.0 1.0 1.0 1.0000019 1.0 1.0 1.0 1.0 1.0 1.0
1.0000021 1.0000006 1.0 1.0 1.0 1.0 1.0 1.0 1.000001 1.0000018 1.0 1.0 1.0 1.0 1.0 1.0
1.0000021 1.0000005 1.0 1.0 1.0 1.0 1.0 1.0 1.000002 1.0000005 1.0 1.0 1.0 1.0 1.0 1.0
1.0000005 1.0000002 1.0 1.0 1.0 1.0 1.0 1.0 1.0000018 1.0 1.0 1.0 1.0 1.0 1.0 1.0
1.0 1.0 1.0 1.0 1.0 1.0 1.0 1.0 1.0000002 1.0 1.0 1.0 1.0 1.0 1.0 1.0
1.0 1.0 1.0 1.0 1.0 1.0 1.0 1.0 1.0 1.0 1.0 1.0 1.0 1.0 1.0 1.0
1.0 1.0 1.0 1.0 1.0 1.0 1.0 1.0 1.0 1.0 1.0 1.0 1.0 1.0 1.0 1.0
1.0 1.0 1.0 1.0 1.0 1.0 1.0 1.0 1.0 1.0000001 1.0 1.0 1.0 1.0 1.0 1.0
1.0000007 1.0 1.0 1.0 1.0 1.0 1.0 1.0 1.0 1.0000008 1.0 1.0 1.0 1.0 1.0 1.0
1.0000019 1.0 1.0 1.0 1.0 1.0 1.0 1.0 1.0000002 1.0000006 1.0 1.0 1.0 1.0 1.0 1.0
1.0000015 1.0 1.0 1.0 1.0 1.0 1.0 1.0 1.0000007 1.0000002 1.0 1.0 1.0 1.0 1.0 1.0
1.0000004 1.0 1.0 1.0 1.0 1.0 1.0 1.0 1.0000005 1.0 1.0 1.0 1.0 1.0 1.0 1.0
1.0 1.0 1.0 1.0 1.0 1.0 1.0 1.0 1.0000001 1.0 1.0 1.0 1.0 1.0 1.0 1.0
1.0 1.0 1.0 1.0 1.0 1.0 1.0 1.0 1.0 1.0 1.0 1.0 1.0 1.0 1.0 1.0
1.0 1.0 1.0 1.0 1.0 1.0 1.0 1.0 1.0 1.0 1.0 1.0 1.0 1.0 1.0 1.0
1.0 1.0 1.0 1.0 1.0 1.0 1.0 1.0 1.0 1.0 1.0 1.0 1.0 1.0 1.0 1.0
1.0000001 1.0 1.0 1.0 1.0 1.0 1.0 1.0 1.0 1.0 1.0 1.0 1.0 1.0 1.0 1.0
1.0000006 1.0 1.0 1.0 1.0 1.0 1.0 1.0 1.0 1.0 1.0 1.0 1.0 1.0 1.0 1.0
1.0000005 1.0 1.0 1.0 1.0 1.0 1.0 1.0 1.0 1.0 1.0 1.0 1.0 1.0 1.0 1.0
1.0000001 1.0 1.0 1.0 1.0 1.0 1.0 1.0 1.0 1.0 1.0 1.0 1.0 1.0 1.0 1.0
1.0 1.0 1.0 1.0 1.0 1.0 1.0 1.0 1.0 1.0 1.0 1.0 1.0 1.0 1.0 1.0
1.0 1.0 1.0 1.0 1.0 1.0 1.0 1.0 1.0 1.0 1.0 1.0 1.0 1.0 1.0 1.0
1.0 1.0 1.0 1.0 1.0 1.0 1.0 1.0 1.0 1.0 1.0 1.0 1.0 1.0 1.0 1.0
1.0 1.0 1.0 1.0 1.0 1.0 1.0 1.0 1.0 1.0 1.0 1.0 1.0 1.0 1.0 1.0
1.0 1.0 1.0 1.0 1.0 1.0 1.0 1.0 1.0 1.0 1.0 1.0 1.0 1.0 1.0 1.0
1.0 1.0 1.0 1.0 1.0 1.0 1.0 1.0 1.0 1.0 1.0 1.0 1.0 1.0 1.0 1.0
1.0 1.0 1.0 1.0 1.0 1.0 1.0 1.0 1.0 1.0 1.0 1.0 1.0 1.0 1.0 1.0
1.0 1.0 1.0 1.0 1.0 1.0 1.0 1.0 1.0 1.0 1.0 1.0 1.0 1.0 1.0 1.0
1.0 1.0 1.0 1.0 1.0 1.0 1.0 1.0 1.0 1.0 1.0 1.0 1.0 1.0 1.0 1.0
1.0 1.0 1.0 1.0 1.0 1.0 1.0 1.0 1.0 1.0 1.0 1.0 1.0 1.0 1.0 1.0
1.0 1.0 1.0 1.0 1.0 1.0 1.0 1.0 1.0 1.0 1.0 1.0 1.0 1.0 1.0 1.0
1.0 1.0 1.0 1.0 1.0 1.0 1.0 1.0 1.0 1.0 1.0 1.0 1.0 1.0 1.0 1.0
1.0 1.0 1.0 1.0 1.0 1.0 1.0 1.0 1.0 1.0 1.0 1.0 1.0 1.0 1.0 1.0
1.0 1.0 1.0 1.0 1.0 1.0 1.0 1.0 1.0 1.0 1.0 1.0 1.0 1.0 1.0 1.0
1.0 1.0 1.0 1.0 1.0 1.0 1.0 1.0 1.0 1.0 1.0 1.0 1.0 1.0 1.0 1.0
1.0 1.0 1.0 1.0 1.0 1.0 1.0 1.0 1.0 1.0 1.0 1.0 1.0 1.0 1.0 1.0
1.0 1.0 1.0 1.0 1.0 1.0 1.0 1.0 1.0 1.0 1.0 1.0 1.0 1.0 1.0 1.0
1.0 1.0 1.0 1.0 1.0 1.0 1.0 1.0 1.0 1.0 1.0 1.0 1.0 1.0 1.0 1.0
1.0 1.0 1.0 1.0 1.0 1.0 1.0 1.0 1.0 1.0 1.0 1.0 1.0 1.0 1.0 1.0
1.0 1.0 1.0 1.0 1.0 1.0 1.0 1.0 1.0 1.0000001 1.0 1.0 1.0 1.0 1.0 1.0
1.0 1.0 1.0 1.0 1.0 1.0 1.0 1.0 1.0 1.0000012 1.0 1.0 1.0 1.0 1.0 1.0
1.0000001 1.0 1.0 1.0 1.0 1.0 1.0 1.0 1.0 1.0000018 1.0 1.0 1.0 1.0 1.0 1.0
1.0 1.0 1.0 1.0 1.0 1.0 1.0 1.0 1.0 1.0000007 1.0 1.0 1.0 1.0 1.0 1.0
1.0 1.0 1.0 1.0 1.0 1.0 1.0 1.0 1.0 1.0 1.0 1.0 1.0 1.0 1.0 1.0
1.0 1.0 1.0 1.0 1.0 1.0 1.0 1.0 1.0 1.0 1.0 1.0 1.0 1.0 1.0 1.0
1.0 1.0 1.0 1.0 1.0 1.0 1.0 1.0 1.0 1.0 1.0 1.0 1.0 1.0 1.0 1.0
1.0 1.0 1.0 1.0 1.0 1.0 1.0 1.0 1.0 1.0 1.0 1.0 1.0 1.0 1.0 1.0
1.0 1.0000011 1.0 1.0 1.0 1.0 1.0 1.0 1.0 1.0000002 1.0 1.0 1.0 1.0 1.0 1.0
1.0000001 1.0000019 1.0 1.0 1.0 1.0 1.0 1.0 1.0000001 1.0000018 1.0 1.0 1.0 1.0 1.0 1.0
1.0000012 1.0000007 1.0 1.0 1.0 1.0 1.0 1.0 1.0000001 1.0000024 1.0 1.0 1.0 1.0 1.0 1.0
1.0000017 1.0 1.0 1.0 1.0 1.0 1.0 1.0 1.0 1.0000013 1.0 1.0 1.0 1.0 1.0 1.0
1.0000007 1.0 1.0 1.0 1.0 1.0 1.0 1.0 1.0 1.0000002 1.0 1.0 1.0 1.0 1.0 1.0
1.0 1.0 1.0 1.0 1.0 1.0 1.0 1.0 1.0 1.0 1.0 1.0 1.0 1.0 1.0 1.0
1.0 1.0 1.0 1.0 1.0 1.0 1.0 1.0 1.0 1.0 1.0 1.0 1.0 1.0 1.0 1.0
1.0 1.0000001 1.0 1.0 1.0 1.0 1.0 1.0 1.0 1.0 1.0 1.0 1.0 1.0 1.0 1.0
1.0 1.0000015 1.0 1.0 1.0 1.0 1.0 1.0 1.0000001 1.0000001 1.0 1.0 1.0 1.0 1.0 1.0
1.0000004 1.0000025 1.0 1.0 1.0 1.0 1.0 1.0 1.0000015 1.0000011 1.0 1.0 1.0 1.0 1.0 1.0
1.0000014 1.0000013 1.0 1.0 1.0 1.0 1.0 1.0 1.000002 1.0000015 1.0 1.0 1.0 1.0 1.0 1.0
1.0000023 1.0000002 1.0 1.0 1.0 1.0 1.0 1.0 1.0000008 1.0000007 1.0 1.0 1.0 1.0 1.0 1.0
1.0000007 1.0 1.0 1.0 1.0 1.0 1.0 1.0 1.0000001 1.0000002 1.0 1.0 1.0 1.0 1.0 1.0
1.0000001 1.0 1.0 1.0 1.0 1.0 1.0 1.0 1.0 1.0 1.0 1.0 1.0 1.0 1.0 1.0
1.0 1.0 1.0 1.0 1.0 1.0 1.0 1.0 1.0 1.0 1.0 1.0 1.0 1.0 1.0 1.0
1.0 1.0 1.0 1.0 1.0 1.0 1.0 1.0 1.0 1.0 1.0 1.0 1.0 1.0 1.0 1.0
1.0 1.0000008 1.0 1.0 1.0 1.0 1.0 1.0 1.0000004 1.0 1.0 1.0 1.0 1.0 1.0 1.0
1.0000002 1.0000015 1.0 1.0 1.0 1.0 1.0 1.0 1.0000018 1.0000002 1.0 1.0 1.0 1.0 1.0 1.0
1.0000008 1.0000006 1.0 1.0 1.0 1.0 1.0 1.0 1.0000023 1.0000002 1.0 1.0 1.0 1.0 1.0 1.0
1.0000014 1.0000001 1.0 1.0 1.0 1.0 1.0 1.0 1.0000013 1.0000001 1.0 1.0 1.0 1.0 1.0 1.0
1.0000004 1.0 1.0 1.0 1.0 1.0 1.0 1.0 1.0000002 1.0 1.0 1.0 1.0 1.0 1.0 1.0
1.0 1.0 1.0 1.0 1.0 1.0 1.0 1.0 1.0 1.0 1.0 1.0 1.0 1.0 1.0 1.0
1.0 1.0 1.0 1.0 1.0 1.0 1.0 1.0 1.0 1.0 1.0 1.0 1.0 1.0 1.0 1.0
1.0 1.0 1.0 1.0 1.0 1.0 1.0 1.0 1.0 1.0 1.0 1.0 1.0 1.0 1.0 1.0
1.0 1.0000001 1.0 1.0 1.0 1.0 1.0 1.0 1.0000002 1.0 1.0 1.0 1.0 1.0 1.0 1.0
1.0 1.0000004 1.0 1.0 1.0 1.0 1.0 1.0 1.000001 1.0 1.0 1.0 1.0 1.0 1.0 1.0
1.0000002 1.0000001 1.0 1.0 1.0 1.0 1.0 1.0 1.0000012 1.0 1.0 1.0 1.0 1.0 1.0 1.0
1.0000002 1.0 1.0 1.0 1.0 1.0 1.0 1.0 1.0000005 1.0 1.0 1.0 1.0 1.0 1.0 1.0
1.0000001 1.0 1.0 1.0 1.0 1.0 1.0 1.0 1.0000001 1.0 1.0 1.0 1.0 1.0 1.0 1.0
1.0 1.0 1.0 1.0 1.0 1.0 1.0 1.0 1.0 1.0 1.0 1.0 1.0 1.0 1.0 1.0
1.0 1.0 1.0 1.0 1.0 1.0 1.0 1.0 1.0 1.0 1.0 1.0 1.0 1.0 1.0 1.0
1.0 1.0 1.0 1.0 1.0 1.0 1.0 1.0 1.0 1.0 1.0 1.0 1.0 1.0 1.0 1.0
1.0 1.0 1.0 1.0 1.0 1.0 1.0 1.0 1.0 1.0 1.0 1.0 1.0 1.0 1.0 1.0
1.0 1.0 1.0 1.0 1.0 1.0 1.0 1.0 1.0 1.0 1.0 1.0 1.0 1.0 1.0 1.0
1.0 1.0 1.0 1.0 1.0 1.0 1.0 1.0 1.0000002 1.0 1.0 1.0 1.0 1.0 1.0 1.0
1.0 1.0 1.0 1.0 1.0 1.0 1.0 1.0 1.0 1.0 1.0 1.0 1.0 1.0 1.0 1.0
1.0 1.0 1.0 1.0 1.0 1.0 1.0 1.0 1.0 1.0 1.0 1.0 1.0 1.0 1.0 1.0
1.0 1.0 1.0 1.0 1.0 1.0 1.0 1.0 1.0 1.0 1.0 1.0 1.0 1.0 1.0 1.0
1.0 1.0 1.0 1.0 1.0 1.0 1.0 1.0 1.0 1.0 1.0 1.0 1.0 1.0 1.0 1.0
1.0 1.0 1.0 1.0 1.0 1.0 1.0 1.0 1.0 1.0 1.0 1.0 1.0 1.0 1.0 1.0
1.0 1.0 1.0 1.0 1.0 1.0 1.0 1.0 1.0 1.0 1.0 1.0 1.0 1.0 1.0 1.0
1.0 1.0 1.0 1.0 1.0 1.0 1.0 1.0 1.0 1.0 1.0 1.0 1.0 1.0 1.0 1.0
1.0 1.0 1.0 1.0 1.0 1.0 1.0 1.0 1.0 1.0 1.0 1.0 1.0 1.0 1.0 1.0
1.0 1.0 1.0 1.0 1.0 1.0 1.0 1.0 1.0 1.0 1.0 1.0 1.0 1.0 1.0 1.0
1.0 1.0 1.0 1.0 1.0 1.0 1.0 1.0 1.0 1.0 1.0 1.0 1.0 1.0 1.0 1.0
1.0 1.0 1.0 1.0 1.0 1.0 1.0 1.0 1.0 1.0 1.0 1.0 1.0 1.0 1.0 1.0
1.0 1.0 1.0 1.0 1.0 1.0 1.0 1.0 1.0 1.0 1.0 1.0 1.0 1.0 1.0 1.0
1.0000001 0.9999997 1.0 1.0 1.0 1.0 1.0 1.0 1.0000004 0.9999998 1.0 1.0 1.0 1.0 1.0 1.0
1.0000013 1.0000002 1.0 1.0 1.0 1.0 1.0 1.0 1.0 1.0000021 1.0 1.0 1.0 1.0 1.0 1.0
1.0000074 1.0000015 1.0 1.0 1.0 1.0 1.0 1.0 1.0000007 1.0000058 1.0 1.0 1.0 1.0 1.0 1.0
1.0000091 1.0000025 1.0 1.0 1.0 1.0 1.0 1.0 1.0000038 1.0000055 1.0 1.0 1.0 1.0 1.0 1.0
1.0000085 1.0000007 1.0 1.0 1.0 1.0 1.0 1.0 1.0000058 1.0000017 1.0 1.0 1.0 1.0 1.0 1.0
1.0000046 1.0000001 1.0 1.0 1.0 1.0 1.0 1.0 1.0000044 1.0 1.0 1.0 1.0 1.0 1.0 1.0
1.0000001 0.99999994 1.0 1.0 1.0 1.0 1.0 1.0 1.0000005 0.99999976 1.0 1.0 1.0 1.0 1.0 1.0
1.0 0.99999946 1.0 1.0 1.0 1.0 1.0 1.0 1.0 1.0 1.0 1.0 1.0 1.0 1.0 1.0
1.0 1.0000024 1.0 1.0 1.0 1.0 1.0 1.0 1.0000017 1.0 1.0 1.0 1.0 1.0 1.0 1.0
1.0000002 1.0000073 1.0 1.0 1.0 1.0 1.0 1.0 1.0000002 1.0000072 1.0 1.0 1.0 1.0 1.0 1.0
1.000003 1.0000117 1.0 1.0 1.0 1.0 1.0 1.0 1.0000033 1.0000104 1.0 1.0 1.0 1.0 1.0 1.0
1.0000049 1.0000148 1.0 1.0 1.0 1.0 1.0 1.0 1.0000094 1.00001 1.0 1.0 1.0 1.0 1.0 1.0
1.0000036 1.0000143 1.0 1.0 1.0 1.0 1.0 1.0 1.0000108 1.0000072 1.0 1.0 1.0 1.0 1.0 1.0
1.0000011 1.0000107 1.0 1.0 1.0 1.0 1.0 1.0 1.0000092 1.0000012 1.0 1.0 1.0 1.0 1.0 1.0
1.0 1.0000044 1.0 1.0 1.0 1.0 1.0 1.0 1.0000048 1.0 1.0 1.0 1.0 1.0 1.0 1.0
0.9999999 1.0000015 1.0 1.0 1.0 1.0 1.0 1.0 1.0000001 1.0000001 1.0 1.0 1.0 1.0 1.0 1.0
1.0000006 1.0000057 1.0 1.0 1.0 1.0 1.0 1.0 1.0000074 1.0000011 1.0 1.0 1.0 1.0 1.0 1.0
1.0000033 1.0000105 1.0 1.0 1.0 1.0 1.0 1.0 1.000003 1.0000119 1.0 1.0 1.0 1.0 1.0 1.0
1.0000087 1.0000167 1.0 1.0 1.0 1.0 1.0 1.0 1.0000091 1.0000172 1.0 1.0 1.0 1.0 1.0 1.0
1.0000105 1.0000204 1.0 1.0 1.0 1.0 1.0 1.0 1.0000143 1.0000167 1.0 1.0 1.0 1.0 1.0 1.0
1.0000093 1.0000199 1.0 1.0 1.0 1.0 1.0 1.0 1.0000172 1.0000128 1.0 1.0 1.0 1.0 1.0 1.0
1.0000067 1.0000153 1.0 1.0 1.0 1.0 1.0 1.0 1.0000165 1.0000057 1.0 1.0 1.0 1.0 1.0 1.0
1.000001 1.0000088 1.0 1.0 1.0 1.0 1.0 1.0 1.00001 1.0000014 1.0 1.0 1.0 1.0 1.0 1.0
1.0 1.0000036 1.0 1.0 1.0 1.0 1.0 1.0 1.0000037 1.0000014 1.0 1.0 1.0 1.0 1.0 1.0
1.0000043 1.0000046 1.0 1.0 1.0 1.0 1.0 1.0 1.0000093 1.0000017 1.0 1.0 1.0 1.0 1.0 1.0
1.0000087 1.000011 1.0 1.0 1.0 1.0 1.0 1.0 1.0000046 1.0000151 1.0 1.0 1.0 1.0 1.0 1.0
1.0000142 1.0000169 1.0 1.0 1.0 1.0 1.0 1.0 1.0000106 1.0000203 1.0 1.0 1.0 1.0 1.0 1.0
1.0000167 1.00002 1.0 1.0 1.0 1.0 1.0 1.0 1.0000167 1.0000205 1.0 1.0 1.0 1.0 1.0 1.0
1.0000166 1.000019 1.0 1.0 1.0 1.0 1.0 1.0 1.0000212 1.000016 1.0 1.0 1.0 1.0 1.0 1.0
1.0000129 1.000016 1.0 1.0 1.0 1.0 1.0 1.0 1.0000198 1.0000086 1.0 1.0 1.0 1.0 1.0 1.0
1.000006 1.0000086 1.0 1.0 1.0 1.0 1.0 1.0 1.0000134 1.0000019 1.0 1.0 1.0 1.0 1.0 1.0
1.0000024 1.0000039 1.0 1.0 1.0 1.0 1.0 1.0 1.0000066 1.0000027 1.0 1.0 1.0 1.0 1.0 1.0
1.0000055 1.0000017 1.0 1.0 1.0 1.0 1.0 1.0 1.0000082 1.0000011 1.0 1.0 1.0 1.0 1.0 1.0
1.0000114 1.000007 1.0 1.0 1.0 1.0 1.0 1.0 1.0000039 1.0000151 1.0 1.0 1.0 1.0 1.0 1.0
1.0000167 1.000013 1.0 1.0 1.0 1.0 1.0 1.0 1.0000103 1.000019 1.0 1.0 1.0 1.0 1.0 1.0
1.0000211 1.0000155 1.0 1.0 1.0 1.0 1.0 1.0 1.0000163 1.000019 1.0 1.0 1.0 1.0 1.0 1.0
1.0000199 1.0000154 1.0 1.0 1.0 1.0 1.0 1.0 1.0000198 1.0000159 1.0 1.0 1.0 1.0 1.0 1.0
1.0000156 1.0000103 1.0 1.0 1.0 1.0 1.0 1.0 1.0000187 1.0000077 1.0 1.0 1.0 1.0 1.0 1.0
1.0000091 1.0000043 1.0 1.0 1.0 1.0 1.0 1.0 1.0000125 1.0000011 1.0 1.0 1.0 1.0 1.0 1.0
1.0000045 1.0000007 1.0 1.0 1.0 1.0 1.0 1.0 1.0000054 1.0000017 1.0 1.0 1.0 1.0 1.0 1.0
1.0000044 1.0 1.0 1.0 1.0 1.0 1.0 1.0 1.0000054 1.0000004 1.0 1.0 1.0 1.0 1.0 1.0
1.00001 1.0000012 1.0 1.0 1.0 1.0 1.0 1.0 1.0000013 1.0000116 1.0 1.0 1.0 1.0 1.0 1.0
1.0000161 1.0000062 1.0 1.0 1.0 1.0 1.0 1.0 1.0000069 1.0000154 1.0 1.0 1.0 1.0 1.0 1.0
1.000019 1.0000082 1.0 1.0 1.0 1.0 1.0 1.0 1.0000132 1.0000157 1.0 1.0 1.0 1.0 1.0 1.0
1.0000185 1.000008 1.0 1.0 1.0 1.0 1.0 1.0 1.0000153 1.0000111 1.0 1.0 1.0 1.0 1.0 1.0
1.0000149 1.0000032 1.0 1.0 1.0 1.0 1.0 1.0 1.0000147 1.0000039 1.0 1.0 1.0 1.0 1.0 1.0
1.0000073 1.0000002 1.0 1.0 1.0 1.0 1.0 1.0 1.0000088 1.0000006 1.0 1.0 1.0 1.0 1.0 1.0
1.000002 1.0 1.0 1.0 1.0 1.0 1.0 1.0 1.0000017 1.000001 1.0 1.0 1.0 1.0 1.0 1.0
1.0000008 0.9999999 1.0 1.0 1.0 1.0 1.0 1.0 1.0000004 1.0 1.0 1.0 1.0 1.0 1.0 1.0
1.0000051 1.0000001 1.0 1.0 1.0 1.0 1.0 1.0 1.0 1.0000045 1.0 1.0 1.0 1.0 1.0 1.0
1.0000104 1.0000017 1.0 1.0 1.0 1.0 1.0 1.0 1.0000015 1.0000085 1.0 1.0 1.0 1.0 1.0 1.0
1.000014 1.0000025 1.0 1.0 1.0 1.0 1.0 1.0 1.0000064 1.0000081 1.0 1.0 1.0 1.0 1.0 1.0
1.0000131 1.0000017 1.0 1.0 1.0 1.0 1.0 1.0 1.0000082 1.0000037 1.0 1.0 1.0 1.0 1.0 1.0
1.0000087 1.0000005 1.0 1.0 1.0 1.0 1.0 1.0 1.0000072 1.0000001 1.0 1.0 1.0 1.0 1.0 1.0
1.0000017 0.99999994 1.0 1.0 1.0 1.0 1.0 1.0 1.000002 0.99999994 1.0 1.0 1.0 1.0 1.0 1.0
1.0000004 0.99999964 1.0 1.0 1.0 1.0 1.0 1.0 1.0 1.0 1.0 1.0 1.0 1.0 1.0 1.0
1.0 0.9999998 1.0 1.0 1.0 1.0 1.0 1.0 1.0000001 0.99999964 1.0 1.0 1.0 1.0 1.0 1.0
1.0000005 1.0000002 1.0 1.0 1.0 1.0 1.0 1.0 0.99999994 1.0000015 1.0 1.0 1.0 1.0 1.0 1.0
1.0000037 1.0000018 1.0 1.0 1.0 1.0 1.0 1.0 1.0000006 1.000004 1.0 1.0 1.0 1.0 1.0 1.0
1.000006 1.000003 1.0 1.0 1.0 1.0 1.0 1.0 1.0000027 1.0000035 1.0 1.0 1.0 1.0 1.0 1.0
1.0000055 1.0000017 1.0 1.0 1.0 1.0 1.0 1.0 1.0000043 1.000001 1.0 1.0 1.0 1.0 1.0 1.0
1.0000021 1.0000006 1.0 1.0 1.0 1.0 1.0 1.0 1.0000026 1.0 1.0 1.0 1.0 1.0 1.0 1.0
1.0 1.0 1.0 1.0 1.0 1.0 1.0 1.0 1.0 0.9999996 1.0 1.0 1.0 1.0 1.0 1.0
1.0 0.9999998 1.0 1.0 1.0 1.0 1.0 1.0 1.0 0.9999998 1.0 1.0 1.0 1.0 1.0 1.0
1.0 1.0000019 1.0 1.0 1.0 1.0 1.0 1.0 1.0 1.000002 1.0 1.0 1.0 1.0 1.0 1.0
1.0000002 1.0000073 1.0 1.0 1.0 1.0 1.0 1.0 1.0000005 1.0000081 1.0 1.0 1.0 1.0 1.0 1.0
1.0000039 1.0000083 1.0 1.0 1.0 1.0 1.0 1.0 1.0000025 1.0000112 1.0 1.0 1.0 1.0 1.0 1.0
1.0000077 1.0000061 1.0 1.0 1.0 1.0 1.0 1.0 1.0000026 1.0000124 1.0 1.0 1.0 1.0 1.0 1.0
1.0000081 1.0000015 1.0 1.0 1.0 1.0 1.0 1.0 1.0000008 1.0000097 1.0 1.0 1.0 1.0 1.0 1.0
1.0000052 1.0 1.0 1.0 1.0 1.0 1.0 1.0 1.0 1.0000046 1.0 1.0 1.0 1.0 1.0 1.0
1.0000001 0.99999994 1.0 1.0 1.0 1.0 1.0 1.0 0.9999998 1.0000006 1.0 1.0 1.0 1.0 1.0 1.0
1.0000001 1.0 1.0 1.0 1.0 1.0 1.0 1.0 0.99999964 1.0000005 1.0 1.0 1.0 1.0 1.0 1.0
1.0000002 1.0000077 1.0 1.0 1.0 1.0 1.0 1.0 1.0000004 1.0000079 1.0 1.0 1.0 1.0 1.0 1.0
1.0000033 1.0000118 1.0 1.0 1.0 1.0 1.0 1.0 1.0000032 1.0000124 1.0 1.0 1.0 1.0 1.0 1.0
1.000009 1.0000144 1.0 1.0 1.0 1.0 1.0 1.0 1.000008 1.0000174 1.0 1.0 1.0 1.0 1.0 1.0
1.0000128 1.0000118 1.0 1.0 1.0 1.0 1.0 1.0 1.000008 1.0000187 1.0 1.0 1.0 1.0 1.0 1.0
1.0000138 1.0000067 1.0 1.0 1.0 1.0 1.0 1.0 1.0000062 1.0000167 1.0 1.0 1.0 1.0 1.0 1.0
1.0000113 1.0000008 1.0 1.0 1.0 1.0 1.0 1.0 1.0000011 1.0000106 1.0 1.0 1.0 1.0 1.0 1.0
1.0000042 1.0000002 1.0 1.0 1.0 1.0 1.0 1.0 1.0 1.0000044 1.0 1.0 1.0 1.0 1.0 1.0
1.0000014 1.0000005 1.0 1.0 1.0 1.0 1.0 1.0 1.0 1.0000031 1.0 1.0 1.0 1.0 1.0 1.0
1.0000021 1.000011 1.0 1.0 1.0 1.0 1.0 1.0 1.0000036 1.0000093 1.0 1.0 1.0 1.0 1.0 1.0
1.0000076 1.0000174 1.0 1.0 1.0 1.0 1.0 1.0 1.0000094 1.0000147 1.0 1.0 1.0 1.0 1.0 1.0
1.0000129 1.0000201 1.0 1.0 1.0 1.0 1.0 1.0 1.0000129 1.0000199 1.0 1.0 1.0 1.0 1.0 1.0
1.0000182 1.0000167 1.0 1.0 1.0 1.0 1.0 1.0 1.0000137 1.0000212 1.0 1.0 1.0 1.0 1.0 1.0
1.0000198 1.0000112 1.0 1.0 1.0 1.0 1.0 1.0 1.0000122 1.0000196 1.0 1.0 1.0 1.0 1.0 1.0
1.0000166 1.0000031 1.0 1.0 1.0 1.0 1.0 1.0 1.0000064 1.000013 1.0 1.0 1.0 1.0 1.0 1.0
1.0000086 1.0000018 1.0 1.0 1.0 1.0 1.0 1.0 1.000002 1.0000067 1.0 1.0 1.0 1.0 1.0 1.0
1.0000051 1.0000024 1.0 1.0 1.0 1.0 1.0 1.0 1.0000011 1.0000045 1.0 1.0 1.0 1.0 1.0 1.0
1.0000029 1.0000126 1.0 1.0 1.0 1.0 1.0 1.0 1.0000077 1.0000062 1.0 1.0 1.0 1.0 1.0 1.0
1.000009 1.0000181 1.0 1.0 1.0 1.0 1.0 1.0 1.0000134 1.0000129 1.0 1.0 1.0 1.0 1.0 1.0
1.0000137 1.0000216 1.0 1.0 1.0 1.0 1.0 1.0 1.0000178 1.0000169 1.0 1.0 1.0 1.0 1.0 1.0
1.0000194 1.0000181 1.0 1.0 1.0 1.0 1.0 1.0 1.0000197 1.000018 1.0 1.0 1.0 1.0 1.0 1.0
1.0000211 1.0000123 1.0 1.0 1.0 1.0 1.0 1.0 1.0000178 1.0000166 1.0 1.0 1.0 1.0 1.0 1.0
1.000018 1.000004 1.0 1.0 1.0 1.0 1.0 1.0 1.0000111 1.0000101 1.0 1.0 1.0 1.0 1.0 1.0
1.0000092 1.000002 1.0 1.0 1.0 1.0 1.0 1.0 1.000005 1.0000033 1.0 1.0 1.0 1.0 1.0 1.0
1.0000051 1.0000035 1.0 1.0 1.0 1.0 1.0 1.0 1.0000039 1.0000021 1.0 1.0 1.0 1.0 1.0 1.0
1.0000008 1.0000107 1.0 1.0 1.0 1.0 1.0 1.0 1.0000085 1.0000018 1.0 1.0 1.0 1.0 1.0 1.0
1.000006 1.0000165 1.0 1.0 1.0 1.0 1.0 1.0 1.0000145 1.0000069 1.0 1.0 1.0 1.0 1.0 1.0
1.0000125 1.0000185 1.0 1.0 1.0 1.0 1.0 1.0 1.0000191 1.0000113 1.0 1.0 1.0 1.0 1.0 1.0
1.0000175 1.0000168 1.0 1.0 1.0 1.0 1.0 1.0 1.0000213 1.0000124 1.0 1.0 1.0 1.0 1.0 1.0
1.0000184 1.00001 1.0 1.0 1.0 1.0 1.0 1.0 1.0000187 1.0000099 1.0 1.0 1.0 1.0 1.0 1.0
1.0000155 1.0000017 1.0 1.0 1.0 1.0 1.0 1.0 1.0000122 1.000004 1.0 1.0 1.0 1.0 1.0 1.0
1.0000074 1.0000007 1.0 1.0 1.0 1.0 1.0 1.0 1.0000062 1.0000006 1.0 1.0 1.0 1.0 1.0 1.0
1.0000036 1.000001 1.0 1.0 1.0 1.0 1.0 1.0 1.0000027 1.0000004 1.0 1.0 1.0 1.0 1.0 1.0
1.0 1.0000054 1.0 1.0 1.0 1.0 1.0 1.0 1.0000055 1.0 1.0 1.0 1.0 1.0 1.0 1.0
1.0000012 1.0000107 1.0 1.0 1.0 1.0 1.0 1.0 1.0000119 1.0000011 1.0 1.0 1.0 1.0 1.0 1.0
1.0000066 1.0000131 1.0 1.0 1.0 1.0 1.0 1.0 1.0000161 1.0000033 1.0 1.0 1.0 1.0 1.0 1.0
1.000012 1.0000099 1.0 1.0 1.0 1.0 1.0 1.0 1.0000172 1.0000035 1.0 1.0 1.0 1.0 1.0 1.0
1.0000123 1.0000043 1.0 1.0 1.0 1.0 1.0 1.0 1.0000156 1.0000021 1.0 1.0 1.0 1.0 1.0 1.0
1.0000091 1.0 1.0 1.0 1.0 1.0 1.0 1.0 1.000009 1.0 1.0 1.0 1.0 1.0 1.0 1.0
1.0000015 1.0 1.0 1.0 1.0 1.0 1.0 1.0 1.000003 0.9999999 1.0 1.0 1.0 1.0 1.0 1.0
1.0000006 1.0000001 1.0 1.0 1.0 1.0 1.0 1.0 1.0000015 0.9999999 1.0 1.0 1.0 1.0 1.0 1.0
0.99999976 1.0000011 1.0 1.0 1.0 1.0 1.0 1.0 1.0000002 1.0 1.0 1.0 1.0 1.0 1.0 1.0
1.0000001 1.000005 1.0 1.0 1.0 1.0 1.0 1.0 1.0000045 1.0000005 1.0 1.0 1.0 1.0 1.0 1.0
1.000002 1.0000067 1.0 1.0 1.0 1.0 1.0 1.0 1.0000085 1.0000021 1.0 1.0 1.0 1.0 1.0 1.0
1.0000055 1.0000037 1.0 1.0 1.0 1.0 1.0 1.0 1.0000092 1.0000024 1.0 1.0 1.0 1.0 1.0 1.0
1.0000057 1.0000006 1.0 1.0 1.0 1.0 1.0 1.0 1.000007 1.0000008 1.0 1.0 1.0 1.0 1.0 1.0
1.0000029 0.9999999 1.0 1.0 1.0 1.0 1.0 1.0 1.0000014 1.0 1.0 1.0 1.0 1.0 1.0 1.0
1.0 0.99999976 1.0 1.0 1.0 1.0 1.0 1.0 1.0 0.9999996 1.0 1.0 1.0 1.0 1.0 1.0
1.0 0.9999999 1.0 1.0 1.0 1.0 1.0 1.0 1.0 0.9999996 1.0 1.0 1.0 1.0 1.0 1.0
0.99999946 1.0000006 1.0 1.0 1.0 1.0 1.0 1.0 1.0000001 1.0 1.0 1.0 1.0 1.0 1.0 1.0
1.0000002 1.0000036 1.0 1.0 1.0 1.0 1.0 1.0 1.0000019 1.0000007 1.0 1.0 1.0 1.0 1.0 1.0
1.0000018 1.0000054 1.0 1.0 1.0 1.0 1.0 1.0 1.0000056 1.0000026 1.0 1.0 1.0 1.0 1.0 1.0
1.0000046 1.0000019 1.0 1.0 1.0 1.0 1.0 1.0 1.000006 1.0000032 1.0 1.0 1.0 1.0 1.0 1.0
1.0000023 1.0000001 1.0 1.0 1.0 1.0 1.0 1.0 1.000004 1.0000017 1.0 1.0 1.0 1.0 1.0 1.0
1.0000019 0.99999976 1.0 1.0 1.0 1.0 1.0 1.0 1.0000001 1.0 1.0 1.0 1.0 1.0 1.0 1.0
1.0 0.99999946 1.0 1.0 1.0 1.0 1.0 1.0 0.9999999 0.99999994 1.0 1.0 1.0 1.0 1.0 1.0
1.0 0.9999998 1.0 1.0 1.0 1.0 1.0 1.0 1.0 0.9999998 1.0 1.0 1.0 1.0 1.0 1.0
1.0000023 0.99999124 1.0 1.0 1.0 1.0 1.0 1.0 1.0000025 0.9999913 1.0 1.0 1.0 1.0 1.0 1.0
1.0000153 0.9999993 1.0 1.0 1.0 1.0 1.0 1.0 0.999995 1.0000161 1.0 1.0 1.0 1.0 1.0 1.0
1.0000284 1.0000099 1.0 1.0 1.0 1.0 1.0 1.0 1.0000075 1.0000256 1.0 1.0 1.0 1.0 1.0 1.0
1.0000398 1.0000153 1.0 1.0 1.0 1.0 1.0 1.0 1.000021 1.0000229 1.0 1.0 1.0 1.0 1.0 1.0
1.0000356 1.0000092 1.0 1.0 1.0 1.0 1.0 1.0 1.0000263 1.0000126 1.0 1.0 1.0 1.0 1.0 1.0
1.000024 1.0000044 1.0 1.0 1.0 1.0 1.0 1.0 1.0000185 1.0000035 1.0 1.0 1.0 1.0 1.0 1.0
1.0000046 0.99999094 1.0 1.0 1.0 1.0 1.0 1.0 1.0000077 0.99999183 1.0 1.0 1.0 1.0 1.0 1.0
1.0000001 0.99999017 1.0 1.0 1.0 1.0 1.0 1.0 0.9999979 0.9999921 1.0 1.0 1.0 1.0 1.0 1.0
0.99999565 1.0000165 1.0 1.0 1.0 1.0 1.0 1.0 1.000016 0.9999988 1.0 1.0 1.0 1.0 1.0 1.0
1.0000045 1.000033 1.0 1.0 1.0 1.0 1.0 1.0 1.0000043 1.0000322 1.0 1.0 1.0 1.0 1.0 1.0
1.0000153 1.0000471 1.0 1.0 1.0 1.0 1.0 1.0 1.00002 1.0000448 1.0 1.0 1.0 1.0 1.0 1.0
1.0000247 1.0000635 1.0 1.0 1.0 1.0 1.0 1.0 1.0000377 1.0000433 1.0 1.0 1.0 1.0 1.0 1.0
1.0000198 1.0000615 1.0 1.0 1.0 1.0 1.0 1.0 1.000047 1.000029 1.0 1.0 1.0 1.0 1.0 1.0
1.0000107 1.0000437 1.0 1.0 1.0 1.0 1.0 1.0 1.000038 1.0000135 1.0 1.0 1.0 1.0 1.0 1.0
0.9999961 1.0000184 1.0 1.0 1.0 1.0 1.0 1.0 1.0000237 1.0000005 1.0 1.0 1.0 1.0 1.0 1.0
0.9999934 1.0000129 1.0 1.0 1.0 1.0 1.0 1.0 1.000009 0.9999999 1.0 1.0 1.0 1.0 1.0 1.0
1.0000085 1.0000236 1.0 1.0 1.0 1.0 1.0 1.0 1.0000287 1.000009 1.0 1.0 1.0 1.0 1.0 1.0
1.0000201 1.0000439 1.0 1.0 1.0 1.0 1.0 1.0 1.0000161 1.0000474 1.0 1.0 1.0 1.0 1.0 1.0
1.0000333 1.0000626 1.0 1.0 1.0 1.0 1.0 1.0 1.0000337 1.0000631 1.0 1.0 1.0 1.0 1.0 1.0
1.0000448 1.0000825 1.0 1.0 1.0 1.0 1.0 1.0 1.0000502 1.0000645 1.0 1.0 1.0 1.0 1.0 1.0
1.0000418 1.0000786 1.0 1.0 1.0 1.0 1.0 1.0 1.0000688 1.0000448 1.0 1.0 1.0 1.0 1.0 1.0
1.0000297 1.0000592 1.0 1.0 1.0 1.0 1.0 1.0 1.0000577 1.0000259 1.0 1.0 1.0 1.0 1.0 1.0
1.0000073 1.0000298 1.0 1.0 1.0 1.0 1.0 1.0 1.0000391 1.0000085 1.0 1.0 1.0 1.0 1.0 1.0
1.0000049 1.0000207 1.0 1.0 1.0 1.0 1.0 1.0 1.0000181 1.0000097 1.0 1.0 1.0 1.0 1.0 1.0
1.0000191 1.000023 1.0 1.0 1.0 1.0 1.0 1.0 1.0000402 1.0000145 1.0 1.0 1.0 1.0 1.0 1.0
1.0000373 1.0000442 1.0 1.0 1.0 1.0 1.0 1.0 1.0000236 1.0000652 1.0 1.0 1.0 1.0 1.0 1.0
1.0000507 1.0000641 1.0 1.0 1.0 1.0 1.0 1.0 1.0000463 1.0000834 1.0 1.0 1.0 1.0 1.0 1.0
1.0000714 1.0000849 1.0 1.0 1.0 1.0 1.0 1.0 1.0000725 1.000084 1.0 1.0 1.0 1.0 1.0 1.0
1.0000682 1.0000819 1.0 1.0 1.0 1.0 1.0 1.0 1.0000901 1.0000653 1.0 1.0 1.0 1.0 1.0 1.0
1.0000503 1.0000613 1.0 1.0 1.0 1.0 1.0 1.0 1.0000787 1.0000368 1.0 1.0 1.0 1.0 1.0 1.0
1.000022 1.0000293 1.0 1.0 1.0 1.0 1.0 1.0 1.0000535 1.0000186 1.0 1.0 1.0 1.0 1.0 1.0
1.0000159 1.0000193 1.0 1.0 1.0 1.0 1.0 1.0 1.000031 1.0000151 1.0 1.0 1.0 1.0 1.0 1.0
1.000027 1.0000126 1.0 1.0 1.0 1.0 1.0 1.0 1.0000365 1.0000099 1.0 1.0 1.0 1.0 1.0 1.0
1.0000477 1.0000309 1.0 1.0 1.0 1.0 1.0 1.0 1.0000199 1.000064 1.0 1.0 1.0 1.0 1.0 1.0
1.0000693 1.0000464 1.0 1.0 1.0 1.0 1.0 1.0 1.000045 1.0000802 1.0 1.0 1.0 1.0 1.0 1.0
1.0000896 1.0000653 1.0 1.0 1.0 1.0 1.0 1.0 1.0000705 1.0000826 1.0 1.0 1.0 1.0 1.0 1.0
1.0000863 1.0000623 1.0 1.0 1.0 1.0 1.0 1.0 1.0000873 1.000062 1.0 1.0 1.0 1.0 1.0 1.0
1.0000659 1.0000451 1.0 1.0 1.0 1.0 1.0 1.0 1.0000747 1.0000361 1.0 1.0 1.0 1.0 1.0 1.0
1.000034 1.000016 1.0 1.0 1.0 1.0 1.0 1.0 1.0000529 1.0000136 1.0 1.0 1.0 1.0 1.0 1.0
1.0000229 1.0000097 1.0 1.0 1.0 1.0 1.0 1.0 1.0000277 1.0000106 1.0 1.0 1.0 1.0 1.0 1.0
1.0000175 1.0000029 1.0 1.0 1.0 1.0 1.0 1.0 1.000024 1.0000049 1.0 1.0 1.0 1.0 1.0 1.0
1.00004 1.0000148 1.0 1.0 1.0 1.0 1.0 1.0 1.0000105 1.0000454 1.0 1.0 1.0 1.0 1.0 1.0
1.0000589 1.0000255 1.0 1.0 1.0 1.0 1.0 1.0 1.0000309 1.0000598 1.0 1.0 1.0 1.0 1.0 1.0
1.0000784 1.0000391 1.0 1.0 1.0 1.0 1.0 1.0 1.0000504 1.0000607 1.0 1.0 1.0 1.0 1.0 1.0
1.000075 1.0000366 1.0 1.0 1.0 1.0 1.0 1.0 1.0000657 1.0000457 1.0 1.0 1.0 1.0 1.0 1.0
1.0000544 1.0000234 1.0 1.0 1.0 1.0 1.0 1.0 1.0000557 1.0000235 1.0 1.0 1.0 1.0 1.0 1.0
1.0000244 1.0000031 1.0 1.0 1.0 1.0 1.0 1.0 1.0000359 1.000005 1.0 1.0 1.0 1.0 1.0 1.0
1.0000142 1.0000014 1.0 1.0 1.0 1.0 1.0 1.0 1.000016 1.0000056 1.0 1.0 1.0 1.0 1.0 1.0
1.0000081 0.9999924 1.0 1.0 1.0 1.0 1.0 1.0 1.000006 0.9999912 1.0 1.0 1.0 1.0 1.0 1.0
1.0000242 1.0000005 1.0 1.0 1.0 1.0 1.0 1.0 0.99999696 1.00002 1.0 1.0 1.0 1.0 1.0 1.0
1.0000411 1.0000086 1.0 1.0 1.0 1.0 1.0 1.0 1.0000081 1.00003 1.0 1.0 1.0 1.0 1.0 1.0
1.000054 1.0000191 1.0 1.0 1.0 1.0 1.0 1.0 1.0000223 1.0000291 1.0 1.0 1.0 1.0 1.0 1.0
1.0000511 1.0000134 1.0 1.0 1.0 1.0 1.0 1.0 1.0000329 1.000016 1.0 1.0 1.0 1.0 1.0 1.0
1.0000348 1.0000048 1.0 1.0 1.0 1.0 1.0 1.0 1.0000247 1.0000019 1.0 1.0 1.0 1.0 1.0 1.0
1.0000106 0.99999297 1.0 1.0 1.0 1.0 1.0 1.0 1.0000112 0.9999929 1.0 1.0 1.0 1.0 1.0 1.0
1.0000058 0.9999917 1.0 1.0 1.0 1.0 1.0 1.0 1.0000004 0.999992 1.0 1.0 1.0 1.0 1.0 1.0
0.9999981 0.9999915 1.0 1.0 1.0 1.0 1.0 1.0 1.0000007 0.99999046 1.0 1.0 1.0 1.0 1.0 1.0
1.0000094 1.0000008 1.0 1.0 1.0 1.0 1.0 1.0 0.99999464 1.000013 1.0 1.0 1.0 1.0 1.0 1.0
1.0000203 1.0000106 1.0 1.0 1.0 1.0 1.0 1.0 1.0000055 1.0000225 1.0 1.0 1.0 1.0 1.0 1.0
1.0000324 1.0000153 1.0 1.0 1.0 1.0 1.0 1.0 1.0000186 1.0000203 1.0 1.0 1.0 1.0 1.0 1.0
1.0000281 1.0000082 1.0 1.0 1.0 1.0 1.0 1.0 1.0000232 1.0000092 1.0 1.0 1.0 1.0 1.0 1.0
1.0000154 1.0000052 1.0 1.0 1.0 1.0 1.0 1.0 1.0000138 1.0000004 1.0 1.0 1.0 1.0 1.0 1.0
1.0000001 0.9999915 1.0 1.0 1.0 1.0 1.0 1.0 1.000004 0.9999913 1.0 1.0 1.0 1.0 1.0 1.0
0.99999684 0.99998957 1.0 1.0 1.0 1.0 1.0 1.0 0.9999962 0.9999906 1.0 1.0 1.0 1.0 1.0 1.0
0.9999939 1.0000179 1.0 1.0 1.0 1.0 1.0 1.0 0.99999404 1.0000174 1.0 1.0 1.0 1.0 1.0 1.0
1.0000033 1.0000274 1.0 1.0 1.0 1.0 1.0 1.0 1.0000026 1.0000311 1.0 1.0 1.0 1.0 1.0 1.0
1.0000173 1.0000364 1.0 1.0 1.0 1.0 1.0 1.0 1.0000114 1.0000476 1.0 1.0 1.0 1.0 1.0 1.0
1.0000354 1.000027 1.0 1.0 1.0 1.0 1.0 1.0 1.0000134 1.0000534 1.0 1.0 1.0 1.0 1.0 1.0
1.0000331 1.0000118 1.0 1.0 1.0 1.0 1.0 1.0 1.0000061 1.0000417 1.0 1.0 1.0 1.0 1.0 1.0
1.00002 0.9999979 1.0 1.0 1.0 1.0 1.0 1.0 0.99999714 1.0000237 1.0 1.0 1.0 1.0 1.0 1.0
1.0000072 0.9999914 1.0 1.0 1.0 1.0 1.0 1.0 0.99999106 1.0000101 1.0 1.0 1.0 1.0 1.0 1.0
1.0000007 0.99999607 1.0 1.0 1.0 1.0 1.0 1.0 0.9999899 1.0000064 1.0 1.0 1.0 1.0 1.0 1.0
1.0000035 1.0000325 1.0 1.0 1.0 1.0 1.0 1.0 1.0000032 1.0000275 1.0 1.0 1.0 1.0 1.0 1.0
1.0000138 1.0000432 1.0 1.0 1.0 1.0 1.0 1.0 1.0000141 1.0000443 1.0 1.0 1.0 1.0 1.0 1.0
1.0000305 1.000057 1.0 1.0 1.0 1.0 1.0 1.0 1.0000279 1.0000613 1.0 1.0 1.0 1.0 1.0 1.0
1.0000522 1.0000446 1.0 1.0 1.0 1.0 1.0 1.0 1.0000306 1.0000718 1.0 1.0 1.0 1.0 1.0 1.0
1.0000564 1.0000232 1.0 1.0 1.0 1.0 1.0 1.0 1.000022 1.0000579 1.0 1.0 1.0 1.0 1.0 1.0
1.0000398 1.0000063 1.0 1.0 1.0 1.0 1.0 1.0 1.0000077 1.0000366 1.0 1.0 1.0 1.0 1.0 1.0
1.0000201 1.0000005 1.0 1.0 1.0 1.0 1.0 1.0 0.9999989 1.0000181 1.0 1.0 1.0 1.0 1.0 1.0
1.0000119 1.0000063 1.0 1.0 1.0 1.0 1.0 1.0 0.99999785 1.000016 1.0 1.0 1.0 1.0 1.0 1.0
1.0000101 1.000047 1.0 1.0 1.0 1.0 1.0 1.0 1.000018 1.0000374 1.0 1.0 1.0 1.0 1.0 1.0
1.0000265 1.0000618 1.0 1.0 1.0 1.0 1.0 1.0 1.0000311 1.0000585 1.0 1.0 1.0 1.0 1.0 1.0
1.0000442 1.000081 1.0 1.0 1.0 1.0 1.0 1.0 1.000044 1.0000812 1.0 1.0 1.0 1.0 1.0 1.0
1.0000741 1.000066 1.0 1.0 1.0 1.0 1.0 1.0 1.0000553 1.00009 1.0 1.0 1.0 1.0 1.0 1.0
1.0000782 1.0000393 1.0 1.0 1.0 1.0 1.0 1.0 1.0000416 1.0000757 1.0 1.0 1.0 1.0 1.0 1.0
1.0000583 1.0000167 1.0 1.0 1.0 1.0 1.0 1.0 1.0000244 1.0000502 1.0 1.0 1.0 1.0 1.0 1.0
1.0000337 1.0000082 1.0 1.0 1.0 1.0 1.0 1.0 1.0000091 1.0000297 1.0 1.0 1.0 1.0 1.0 1.0
1.000022 1.0000155 1.0 1.0 1.0 1.0 1.0 1.0 1.0000094 1.0000219 1.0 1.0 1.0 1.0 1.0 1.0
1.0000129 1.0000529 1.0 1.0 1.0 1.0 1.0 1.0 1.0000364 1.0000279 1.0 1.0 1.0 1.0 1.0 1.0
1.0000311 1.0000722 1.0 1.0 1.0 1.0 1.0 1.0 1.0000523 1.0000476 1.0 1.0 1.0 1.0 1.0 1.0
1.0000545 1.0000902 1.0 1.0 1.0 1.0 1.0 1.0 1.000075 1.0000677 1.0 1.0 1.0 1.0 1.0 1.0
1.000085 1.0000781 1.0 1.0 1.0 1.0 1.0 1.0 1.0000844 1.0000792 1.0 1.0 1.0 1.0 1.0 1.0
1.0000895 1.0000483 1.0 1.0 1.0 1.0 1.0 1.0 1.0000706 1.0000644 1.0 1.0 1.0 1.0 1.0 1.0
1.000067 1.0000229 1.0 1.0 1.0 1.0 1.0 1.0 1.0000451 1.0000397 1.0 1.0 1.0 1.0 1.0 1.0
1.0000402 1.0000111 1.0 1.0 1.0 1.0 1.0 1.0 1.0000284 1.0000192 1.0 1.0 1.0 1.0 1.0 1.0
1.0000255 1.0000193 1.0 1.0 1.0 1.0 1.0 1.0 1.0000212 1.000013 1.0 1.0 1.0 1.0 1.0 1.0
1.0000062 1.0000433 1.0 1.0 1.0 1.0 1.0 1.0 1.000035 1.0000129 1.0 1.0 1.0 1.0 1.0 1.0
1.0000229 1.000058 1.0 1.0 1.0 1.0 1.0 1.0 1.0000573 1.0000249 1.0 1.0 1.0 1.0 1.0 1.0
1.0000435 1.0000768 1.0 1.0 1.0 1.0 1.0 1.0 1.0000801 1.0000404 1.0 1.0 1.0 1.0 1.0 1.0
1.0000707 1.0000638 1.0 1.0 1.0 1.0 1.0 1.0 1.0000904 1.0000478 1.0 1.0 1.0 1.0 1.0 1.0
1.0000756 1.0000372 1.0 1.0 1.0 1.0 1.0 1.0 1.0000751 1.0000379 1.0 1.0 1.0 1.0 1.0 1.0
1.0000541 1.0000138 1.0 1.0 1.0 1.0 1.0 1.0 1.0000497 1.0000178 1.0 1.0 1.0 1.0 1.0 1.0
1.0000284 1.0000039 1.0 1.0 1.0 1.0 1.0 1.0 1.000027 1.0000048 1.0 1.0 1.0 1.0 1.0 1.0
1.0000166 1.0000104 1.0 1.0 1.0 1.0 1.0 1.0 1.0000162 1.0000037 1.0 1.0 1.0 1.0 1.0 1.0
0.9999978 1.0000242 1.0 1.0 1.0 1.0 1.0 1.0 1.0000218 0.99999917 1.0 1.0 1.0 1.0 1.0 1.0
1.0000083 1.0000384 1.0 1.0 1.0 1.0 1.0 1.0 1.0000409 1.0000063 1.0 1.0 1.0 1.0 1.0 1.0
1.0000254 1.0000505 1.0 1.0 1.0 1.0 1.0 1.0 1.0000582 1.0000181 1.0 1.0 1.0 1.0 1.0 1.0
1.0000454 1.00004 1.0 1.0 1.0 1.0 1.0 1.0 1.0000668 1.0000223 1.0 1.0 1.0 1.0 1.0 1.0
1.0000486 1.0000192 1.0 1.0 1.0 1.0 1.0 1.0 1.0000552 1.0000125 1.0 1.0 1.0 1.0 1.0 1.0
1.0000327 1.0000015 1.0 1.0 1.0 1.0 1.0 1.0 1.0000328 1.0000008 1.0 1.0 1.0 1.0 1.0 1.0
1.0000141 0.9999966 1.0 1.0 1.0 1.0 1.0 1.0 1.000014 0.99999464 1.0 1.0 1.0 1.0 1.0 1.0
1.0000067 1.0000014 1.0 1.0 1.0 1.0 1.0 1.0 1.0000092 0.99999297 1.0 1.0 1.0 1.0 1.0 1.0
0.9999913 1.000011 1.0 1.0 1.0 1.0 1.0 1.0 1.0000075 0.99999213 1.0 1.0 1.0 1.0 1.0 1.0
0.9999999 1.0000199 1.0 1.0 1.0 1.0 1.0 1.0 1.0000213 1.0000006 1.0 1.0 1.0 1.0 1.0 1.0
1.00001 1.00003 1.0 1.0 1.0 1.0 1.0 1.0 1.0000343 1.000009 1.0 1.0 1.0 1.0 1.0 1.0
1.0000278 1.00002 1.0 1.0 1.0 1.0 1.0 1.0 1.0000393 1.0000119 1.0 1.0 1.0 1.0 1.0 1.0
1.0000263 1.0000039 1.0 1.0 1.0 1.0 1.0 1.0 1.0000286 1.0000037 1.0 1.0 1.0 1.0 1.0 1.0
1.000014 0.99999475 1.0 1.0 1.0 1.0 1.0 1.0 1.0000131 0.99999535 1.0 1.0 1.0 1.0 1.0 1.0
1.0000013 0.99998933 1.0 1.0 1.0 1.0 1.0 1.0 1.0000023 0.9999887 1.0 1.0 1.0 1.0 1.0 1.0
0.9999969 0.999994 1.0 1.0 1.0 1.0 1.0 1.0 1.0000001 0.99998826 1.0 1.0 1.0 1.0 1.0 1.0
0.9999898 1.0000073 1.0 1.0 1.0 1.0 1.0 1.0 1.0000005 0.99999666 1.0 1.0 1.0 1.0 1.0 1.0
0.9999984 1.0000167 1.0 1.0 1.0 1.0 1.0 1.0 1.0000128 1.0000062 1.0 1.0 1.0 1.0 1.0 1.0
1.0000106 1.0000235 1.0 1.0 1.0 1.0 1.0 1.0 1.0000244 1.0000174 1.0 1.0 1.0 1.0 1.0 1.0
1.0000232 1.0000125 1.0 1.0 1.0 1.0 1.0 1.0 1.0000256 1.0000191 1.0 1.0 1.0 1.0 1.0 1.0
1.0000142 1.0000021 1.0 1.0 1.0 1.0 1.0 1.0 1.0000172 1.000011 1.0 1.0 1.0 1.0 1.0 1.0
1.0000087 0.9999927 1.0 1.0 1.0 1.0 1.0 1.0 1.0000069 1.0000007 1.0 1.0 1.0 1.0 1.0 1.0
0.9999996 0.9999874 1.0 1.0 1.0 1.0 1.0 1.0 0.9999965 0.9999937 1.0 1.0 1.0 1.0 1.0 1.0
0.9999955 0.9999913 1.0 1.0 1.0 1.0 1.0 1.0 0.99999535 0.9999917 1.0 1.0 1.0 1.0 1.0 1.0
0.9999837 0.99993694 1.0 0.9999995 1.0 0.99999946 0.99999964 0.99999905 0.99998844 0.9999375 0.99999994 1.0 0.9999994 0.9999993 0.9999993 0.999999
1.000047 0.9999783 0.99999994 1.0 1.0 1.0 0.9999994 1.0 0.999945 1.0000501 0.9999987 0.99999994 0.999999 1.0 1.0 0.99999994
1.0000814 0.99998426 1.0 1.0 1.0000002 1.0 1.0 1.0 1.0000126 1.0000763 0.99999964 1.0 0.99999994 1.0 1.0 1.0
1.0001473 1.0000539 1.0 1.0 1.0000015 1.0 1.0 1.0 1.0000815 1.000058 0.99999994 1.0 1.0 1.0 1.0 1.0
1.0001336 1.0000143 1.0 1.0 1.0000004 1.0 1.0 1.0 1.0000687 1.0000254 1.0 1.0 1.0 1.0 1.0 1.0
1.0000482 0.99996996 1.0 1.0 1.0 1.0 1.0 1.0 1.000037 1.0000075 1.0 1.0 1.0 0.99999994 1.0 0.99999994
1.0000199 0.9999617 1.0 0.9999999 1.0 1.0 0.99999994 0.9999994 1.0000206 0.99995005 1.0 1.0 1.0 0.99999857 1.0 0.9999994
0.9999548 0.9999156 0.99999946 1.0 1.0 0.99999934 0.99999905 0.9999999 0.9999844 0.9999318 0.9999991 0.99999994 1.0 0.9999998 0.99999934 0.9999989
0.9999433 1.0000495 0.99999994 0.99999917 0.99999905 1.0 1.0 1.0 1.0000474 0.99997365 0.99999994 0.999999 1.0 1.0 1.0 1.0
0.9999742 1.000126 0.9999997 1.0 0.99999976 1.0 1.0000019 1.0 0.9999766 1.000126 0.99999964 1.0 0.9999997 1.0 1.0 1.0000018
0.99999106 1.000173 1.0 1.0 1.0 1.0000012 1.0000044 1.0000033 1.0000676 1.0001494 1.0 1.0 1.0 1.0000014 1.0 1.0000042
1.0000573 1.0002824 1.0 1.0 1.0 1.0000043 1.000005 1.0000068 1.0001498 1.0001489 1.0 1.0 1.0 1.0000044 1.0 1.0000037
1.0000389 1.0002725 1.0 1.0 1.0 1.000005 1.0000026 1.0000051 1.0001597 1.0000952 1.0 1.0 1.0 1.0000037 1.0 1.0000019
0.9999722 1.0001515 1.0 1.0 1.0 1.0000039 1.0000001 1.0000011 1.00012 1.0000594 1.0 1.0 1.0 1.0000027 1.0 1.0000005
0.999954 1.000096 1.0 0.99999976 1.0 1.0 1.0 1.0 1.0000883 0.9999762 1.0 0.99999994 1.0 1.0000006 0.99999994 1.0
0.9999176 1.0000199 0.99999946 1.0 0.99999905 1.0 1.0 1.0 1.0000387 0.99997014 1.0 0.999999 1.0 1.0 1.0 1.0
1.0000145 1.0000703 0.9999997 1.0 1.0 1.0 1.0 1.0 1.0000843 0.99999136 1.0 1.0 1.0000001 1.0 1.0 1.0
1.0000674 1.000147 1.0 1.0 1.0000018 1.0 1.0000039 1.0000001 0.9999931 1.0001773 1.0 1.0000013 1.0 1.0 1.0000038 1.0000043
1.000075 1.0002087 1.0 1.0000004 1.0000032 1.000003 1.000007 1.0000049 1.0000736 1.0002096 1.0000005 1.000003 1.0 1.0000031 1.0000051 1.0000072
1.0001899 1.0003233 1.0000002 1.0000033 1.0000039 1.000007 1.0000073 1.0000072 1.0002121 1.0002067 1.000003 1.0000025 1.0000026 1.0000076 1.0000031 1.0000062
1.0001856 1.0003144 1.0 1.0000039 1.0000012 1.0000072 1.0000051 1.000005 1.0002254 1.0001419 1.0000025 1.0000011 1.0000051 1.0000062 1.0000008 1.0000045
1.0000736 1.0001788 1.0 1.0000029 1.0 1.0000061 1.0000012 1.0000018 1.0001783 1.0000683 1.0000014 1.0 1.0000037 1.0000052 1.0 1.0000018
1.0000249 1.0001203 1.0 1.0 1.0 1.0000013 1.0 1.0000002 1.0001202 1.0000011 1.0000001 1.0 1.0000018 1.000002 1.0 1.0
0.9999788 1.0000391 0.99999976 1.0 1.0 1.0 1.0 1.0 1.0000776 0.99998367 1.0 1.0 1.0 1.0000004 1.0 1.0
1.0000758 1.000055 1.0 1.0 1.0 1.0 1.0 1.0 1.0001471 1.0000544 1.0 1.0 1.0000014 1.0 1.0 1.0
1.0001467 1.0001518 1.0 1.0 1.000004 1.0 1.0000031 1.0 1.0000592 1.0002904 1.0 1.0000043 1.0 1.0 1.0000072 1.0000049
1.0002116 1.0002086 1.0000026 1.0000031 1.0000072 1.0000021 1.0000062 1.0000029 1.0001932 1.0003254 1.0000031 1.0000072 1.0000001 1.0000036 1.0000074 1.0000075
1.0003289 1.0003138 1.0000061 1.0000073 1.0000073 1.0000062 1.0000056 1.0000057 1.0003331 1.000312 1.0000075 1.0000062 1.0000062 1.0000075 1.0000055 1.0000057
1.0003268 1.0003062 1.0000043 1.0000074 1.0000054 1.0000058 1.0000038 1.0000035 1.0003302 1.0002472 1.0000062 1.0000044 1.0000079 1.000006 1.0000037 1.0000044
1.000183 1.0001762 1.0000007 1.0000062 1.0000012 1.0000048 1.0000007 1.0000005 1.000281 1.0001839 1.0000051 1.0000018 1.0000057 1.0000049 1.0000005 1.0000015
1.000123 1.0001193 1.0 1.0000014 1.0 1.0000008 1.0 1.0000001 1.000233 1.0000722 1.0000019 1.0 1.0000049 1.0000025 1.0 1.0
1.0000454 1.0000263 1.0 1.0 1.0 1.0 1.0 1.0 1.0001447 1.0000467 1.0 1.0 1.0 1.0000011 1.0000001 1.0
1.0000653 1.0000261 1.0 1.0 1.0 1.0 1.0 1.0 1.0001392 1.0000163 1.0 1.0 1.0000004 1.0 1.0 1.0
1.0001588 1.0000968 1.0000001 1.0 1.0000031 1.0 1.0000023 1.0 1.0000392 1.0002844 1.0 1.000005 1.0 1.0 1.0000044 1.0000021
1.0002246 1.0001456 1.0000048 1.0000023 1.0000063 1.000001 1.0000048 1.0000008 1.0001929 1.0003202 1.0000035 1.0000073 1.0 1.0000017 1.000005 1.0000046
1.0003316 1.000252 1.0000074 1.0000064 1.0000057 1.000005 1.0000044 1.0000038 1.0003341 1.0003066 1.0000075 1.0000057 1.0000037 1.000005 1.0000035 1.0000035
1.0003225 1.0002543 1.0000057 1.000006 1.0000038 1.0000049 1.0000024 1.0000021 1.0003254 1.0002552 1.0000062 1.0000046 1.000006 1.0000037 1.0000017 1.0000027
1.000189 1.0001189 1.0000019 1.0000049 1.0000007 1.0000033 1.0000002 1.0000001 1.000277 1.0001823 1.0000052 1.0000015 1.0000038 1.0000031 1.0000001 1.0000006
1.0001302 1.00007 1.0000002 1.0000007 1.0 1.0000002 1.0 1.0000001 1.0002265 1.0000533 1.0000025 1.0 1.0000033 1.0000006 1.0 1.0
1.0000376 1.0000015 1.0 1.0 1.0 1.0 1.0 1.0 1.0001342 1.0000123 1.0000001 1.0 1.0 1.0000004 1.0000001 1.0
1.0000337 1.0000097 1.0 1.0 1.0 1.0 1.0 0.9999999 1.0000544 0.9999726 1.0 1.0 1.0 1.0 1.0 1.0
1.0001241 1.0000627 1.0 1.0 1.0000025 1.0 1.0000007 1.0 0.9999721 1.000156 1.0 1.0000035 1.0 1.0 1.0000012 1.0000006
1.0001796 1.0000751 1.0000032 1.0000012 1.0000054 1.0000001 1.0000014 1.0 1.0000758 1.0001813 1.0000023 1.000006 1.0 1.0000001 1.0000019 1.0000013
1.0002831 1.0001893 1.000006 1.0000056 1.000005 1.0000015 1.0000021 1.0000008 1.0001857 1.0001739 1.0000061 1.0000045 1.0000007 1.0000013 1.0000007 1.000001
1.0002761 1.0001829 1.0000037 1.0000051 1.0000031 1.000002 1.0000006 1.0000001 1.00019 1.0001197 1.0000045 1.0000036 1.0000019 1.0000011 1.0000002 1.0000004
1.0001454 1.0000727 1.0000008 1.0000038 1.0000004 1.0000011 1.0000001 1.0 1.0001475 1.0000727 1.0000037 1.0000011 1.0000013 1.0000005 1.0 1.0
1.0000912 1.0000249 1.0000002 1.0000004 1.0 1.0000001 1.0 1.0 1.0001079 0.9999864 1.0000014 1.0 1.0000004 1.0000001 1.0 1.0
1.0000085 0.99997985 1.0 1.0 1.0 1.0 1.0 0.9999999 1.000054 0.9999643 1.0000001 1.0 1.0 1.0000001 1.0 1.0
1.0000184 0.99995553 1.0 1.0 1.0 1.0 0.99999964 0.9999991 1.0000293 0.99996275 1.0 1.0 1.0 0.9999999 1.0 0.99999946
1.0000929 0.9999847 1.0 1.0 1.0000007 1.0 1.0 1.0 0.9999616 1.0001009 1.0 1.0000006 1.0 0.99999976 1.0000004 1.0
1.0001284 1.000003 1.0000021 1.0000006 1.0000023 1.0 1.0 1.0 1.000028 1.0001211 1.0000001 1.0000014 1.0 1.0 1.0000007 1.0
1.0002384 1.000072 1.0000046 1.0000021 1.0000026 1.0 1.0 1.0 1.0001262 1.0001161 1.0000014 1.0000011 1.0 1.0 1.0 1.0
1.0002252 1.000054 1.0000026 1.0000025 1.0000008 1.0 1.0 1.0 1.0001281 1.0000702 1.0000011 1.0000004 1.0000007 1.0 1.0 1.0
1.000108 0.999986 1.0000005 1.0000015 1.0000001 1.0 1.0 1.0 1.0000918 1.0000218 1.0000004 1.0000001 1.0000001 1.0 1.0 1.0
1.0000637 0.99996597 1.0000001 1.0000001 1.0 1.0 1.0 1.0 1.0000607 0.99996614 1.0000001 1.0 1.0 1.0 1.0 1.0
0.99999386 0.99993855 1.0 1.0 1.0 0.9999997 1.0 0.9999992 1.0000217 0.99995756 1.0 1.0 1.0 1.0 1.0 0.9999994
0.99998665 0.99993515 0.9999994 1.0 1.0 0.9999998 0.99999964 0.999999 0.9999603 0.9999169 0.9999996 0.999999 1.0 0.99999994 0.99999994 0.99999946
1.0000434 0.99997306 1.0 1.0 1.0 1.0 0.99999934 1.0 0.9999258 1.0000175 0.99999934 1.0 1.0 1.0 0.99999875 1.0
1.0000836 0.99997526 1.0 1.0000005 1.0 1.0 1.0 1.0 0.9999775 1.000045 0.99999994 1.0 1.0 1.0 0.9999997 1.0
1.0001497 1.0000457 1.0 1.0000014 1.0 1.0 1.0 1.0 1.0000497 1.0000256 1.0 1.0 1.0 1.0 1.0 1.0
1.0001347 1.0000093 1.0 1.0000006 1.0 1.0 1.0 1.0 1.0000358 0.9999986 1.0 1.0 1.0 1.0 1.0 1.0
1.0000526 0.9999645 1.0 1.0 1.0 1.0 1.0 1.0 1.0000043 0.9999769 1.0 1.0 1.0 1.0 1.0 0.99999994
1.0000203 0.99995685 1.0 1.0 1.0 1.0 0.99999994 0.99999946 0.9999928 0.99993366 1.0 0.99999964 1.0 1.0 1.0 0.9999991
0.9999642 0.99990785 0.9999992 1.0 0.9999998 1.0 0.9999992 0.99999994 0.99995905 0.9999102 0.9999998 0.9999989 1.0 0.9999999 0.99999905 0.99999994
0.9999437 1.000075 0.9999993 0.99999994 0.99999917 1.0 1.0 1.0 0.9999455 1.0000758 0.99999976 0.9999988 0.99999917 1.0 1.0 1.0
0.9999998 1.0001283 0.99999994 1.0 1.0 1.0 1.0000007 1.0 0.99998784 1.0001665 0.99999964 1.0 0.99999994 1.0 1.0000001 1.0000026
1.0000807 1.0001253 1.0 1.0000004 1.0 1.0 1.0000014 1.0 1.000018 1.000217 0.99999994 1.0 1.0 1.0000001 1.0000001 1.0000054
1.0001436 1.0000962 1.0 1.0000014 1.0 1.0 1.0000002 1.0 1.0000222 1.0002433 1.0 1.0 1.0 1.0000002 1.0 1.0000048
1.0001227 1.0000381 1.0 1.0000007 1.0 1.0 1.0 1.0 0.9999853 1.0001823 1.0 1.0 1.0 1.0 1.0 1.0000031
1.0000489 1.0000005 1.0 1.0 1.0 0.9999999 1.0 1.0 0.99997073 1.0001379 1.0 0.9999999 1.0 1.0 1.0 1.0000006
1.000057 0.99991846 0.9999994 1.0 1.0 1.0 0.9999999 0.999999 0.9999317 1.0000522 0.99999994 0.9999987 0.99999946 1.0 1.0 1.0
0.9999763 0.9999534 1.0 1.0 0.99999934 1.0 0.99999994 0.9999991 0.99992144 1.0000212 0.99999905 0.99999917 0.9999989 1.0 1.0 1.0
0.99998665 1.0001652 0.99999976 1.0 1.0 1.0 1.0000025 1.0 1.0000013 1.0001285 0.9999998 1.0 1.0 1.0000005 1.0 1.0000001
1.00005 1.0002117 1.0 1.0000002 1.0 1.0 1.0000056 1.0000049 1.0000497 1.0002155 1.0 1.0 1.0 1.0 1.0000044 1.0000057
1.0001333 1.0002213 1.0 1.0000007 1.000001 1.000003 1.0000048 1.0000066 1.0000753 1.0002962 1.0 1.0 1.0 1.000004 1.0000061 1.0000083
1.0002476 1.0002038 1.0000005 1.0 1.0000039 1.0000064 1.0000019 1.0000049 1.0001142 1.0003268 1.0 1.0 1.0 1.0000066 1.0000046 1.0000076
1.00025 1.0001101 1.0 1.0 1.0000055 1.0000056 1.0 1.0000008 1.0000615 1.0002584 1.0 1.0 1.0 1.000005 1.0000021 1.0000061
1.0001304 1.0000421 1.0 1.0 1.0000038 1.0000011 1.0 1.0 1.000028 1.0001782 1.0 1.0 1.0 1.0000029 1.0000004 1.0000029
1.0001146 0.9999397 1.0 0.9999996 1.0 1.0000002 1.0000001 1.0 0.99996805 1.0001024 1.0 1.0 0.99999994 1.0000004 1.0 1.0000001
1.0000259 1.0000036 0.9999999 0.9999998 1.0 1.0 1.0 1.0 0.9999604 1.0000527 0.9999991 1.0 1.0 1.0 1.0 1.0
1.0000135 1.0002149 1.0 1.0 1.0 1.0 1.0000054 1.0000002 1.0000848 1.0001254 1.0 1.0000001 1.0 1.0000015 1.0 1.0
1.0000752 1.0002965 1.0 1.0000038 1.0 1.0000001 1.0000082 1.0000066 1.0001342 1.0002263 1.000001 1.0 1.0000035 1.0000002 1.0000068 1.0000046
1.0002098 1.0002955 1.0000025 1.0000058 1.0000031 1.0000049 1.0000069 1.0000074 1.0002108 1.0002993 1.0000031 1.0000025 1.0000051 1.0000064 1.0000077 1.0000076
1.0003322 1.0002819 1.0000058 1.000004 1.000007 1.0000073 1.0000054 1.0000052 1.00025 1.000323 1.0000031 1.0000054 1.0000033 1.0000079 1.0000056 1.0000064
1.0003308 1.0001663 1.0000051 1.0000005 1.0000079 1.000006 1.0000012 1.0000017 1.0001812 1.0002543 1.0000014 1.0000036 1.0000013 1.0000057 1.0000039 1.0000051
1.000184 1.0000881 1.0000007 1.0 1.0000062 1.0000018 1.0 1.0000002 1.0001025 1.0001913 1.0000001 1.0000015 1.0 1.0000044 1.0000007 1.0000025
1.0001807 0.9999727 1.0 1.0 1.0 1.0000019 1.0000007 1.0 1.0000515 1.000101 1.0 1.0000001 1.0 1.0000011 1.0 1.0000001
1.0000619 1.0000412 1.0 1.0 1.0 1.0 1.0 1.0 1.0000134 1.0000566 1.0 1.0 1.0 1.0 1.0 1.0
1.0000167 1.000244 1.0 1.0000004 1.0 1.0 1.0000051 1.0 1.000146 1.0001001 1.0 1.0000014 1.0 1.0000004 1.0 1.0
1.0001122 1.0003302 1.0000001 1.0000068 1.0 1.0 1.0000075 1.0000049 1.0002514 1.000215 1.0000039 1.0000002 1.0000064 1.0 1.0000043 1.000002
1.0002518 1.0003252 1.0000054 1.0000079 1.0000025 1.0000033 1.000006 1.0000057 1.0003347 1.0002913 1.0000073 1.0000062 1.0000075 1.0000036 1.0000054 1.0000048
1.0003636 1.0003085 1.0000077 1.0000057 1.0000069 1.0000057 1.0000039 1.0000036 1.0003613 1.0003116 1.0000066 1.0000079 1.0000056 1.0000056 1.0000038 1.0000037
1.0003527 1.0002042 1.0000062 1.0000019 1.0000074 1.0000038 1.000001 1.0000007 1.0002893 1.0002518 1.000005 1.0000056 1.0000037 1.0000038 1.0000024 1.000003
1.0002134 1.0001204 1.0000021 1.0000004 1.0000051 1.0000006 1.0 1.0000001 1.0002155 1.0001776 1.0000019 1.0000043 1.0000005 1.000003 1.0000001 1.0000006
1.0002037 0.9999806 1.0000007 1.0 1.0 1.0000014 1.0000002 1.0 1.0001222 1.0000767 1.0 1.000001 1.0 1.0000002 1.0 1.0
1.0000641 1.0000464 1.0 1.0 1.0 1.0 1.0 1.0 1.0000811 1.0000243 1.0 1.0 1.0 1.0 1.0 1.0
0.99998444 1.0001891 1.0 1.0 1.0 1.0 1.0000036 1.0 1.000126 1.0000433 1.0 1.0000005 1.0 1.0 1.0 1.0
1.0000607 1.0002625 1.0 1.0000049 1.0 1.0 1.0000063 1.0000025 1.0002606 1.0001142 1.0000058 1.0000002 1.0000058 1.0 1.0000011 1.0000005
1.000187 1.0002586 1.0000032 1.000006 1.0000012 1.0000012 1.000005 1.0000044 1.0003365 1.00017 1.000008 1.0000048 1.0000062 1.0000007 1.0000018 1.0000011
1.0002954 1.00025 1.0000061 1.0000036 1.0000055 1.0000044 1.000003 1.0000024 1.0003557 1.000204 1.0000074 1.0000069 1.0000046 1.0000023 1.000001 1.0000012
1.0002946 1.000142 1.0000044 1.0000008 1.0000058 1.0000029 1.0000004 1.0000002 1.0002956 1.0001444 1.0000062 1.0000048 1.0000036 1.0000012 1.0000004 1.0000005
1.0001509 1.0000665 1.0000008 1.0000002 1.0000038 1.0000002 1.0 1.0000001 1.0002213 1.0000861 1.0000032 1.0000036 1.0000002 1.0000004 1.0 1.0
1.0001471 0.9999515 1.0000002 1.0 1.0 1.0000007 1.0000001 1.0 1.0001 1.0000207 1.0000001 1.0000004 1.0 1.0 1.0 1.0
1.0000271 1.000015 1.0 1.0 1.0 1.0 1.0 1.0 1.0000317 0.99999565 1.0 1.0 1.0 1.0 1.0 1.0
0.99996966 1.0001439 1.0 1.0 1.0 0.9999999 1.0000008 1.0 1.0000504 1.0000086 1.0 1.0 1.0 1.0 1.0 0.9999999
1.0000311 1.0001874 1.0 1.0000033 1.0 1.0 1.0000035 1.0000005 1.0001333 1.0000465 1.0000033 1.0 1.0000012 1.0 1.0000002 1.0
1.0001073 1.0001925 1.0000015 1.0000045 1.0000004 1.0 1.0000025 1.0000008 1.0001858 1.0000875 1.0000061 1.0000007 1.0000019 1.0 1.0000004 1.0
1.0002223 1.0001767 1.0000045 1.0000025 1.0000017 1.0000008 1.0000007 1.0000001 1.0002135 1.0001168 1.0000049 1.0000023 1.0000011 1.0000008 1.0 1.0
1.0002208 1.0000861 1.0000033 1.0000002 1.0000031 1.0000005 1.0000001 1.0 1.0001551 1.0000674 1.0000037 1.0000012 1.0000004 1.0 1.0 1.0
1.000103 1.0000243 1.0000004 1.0000001 1.0000015 1.0 1.0 1.0 1.0001031 1.0000215 1.0000014 1.0000004 1.0 1.0 1.0 1.0
1.0000944 0.9999302 1.0000001 1.0 1.0 1.0000001 1.0 0.99999964 1.0000306 0.9999777 1.0000001 1.0 1.0 1.0 1.0 1.0
1.0000054 0.9999899 1.0 1.0 1.0 1.0 1.0 0.9999999 0.999982 0.9999653 1.0 1.0 1.0 1.0 1.0 0.99999946
0.99993885 1.0000577 0.99999994 1.0 0.9999996 0.999999 1.0 1.0 1.000059 0.99992496 0.9999993 1.0 1.0 1.0 0.9999998 0.9999988
0.9999758 1.000104 1.0 1.0000006 1.0 1.0 1.0000004 1.0 1.000121 0.99993724 0.99999994 1.0000006 1.0 1.0000006 0.9999996 0.99999994
1.0000557 1.000103 1.0000004 1.0000013 1.0 1.0 1.0 1.0 1.0001848 0.9999713 1.0 1.0000021 1.0000005 1.0000008 0.99999994 1.0
1.0001255 1.0000774 1.0000012 1.0000005 1.0 1.0 1.0 1.0 1.0002004 0.9999791 1.0 1.0000017 1.0000011 1.0000004 1.0 1.0
1.0001036 1.00002 1.0000006 1.0 1.0 1.0 1.0 1.0 1.0001483 0.9999499 1.0 1.0000007 1.0000004 1.0 1.0 1.0
1.0000305 0.99997765 1.0 1.0 1.0 1.0 1.0 1.0 1.000091 0.99992687 0.99999994 1.0000001 1.0 1.0 1.0 0.9999999
1.0000377 0.99991846 1.0 0.9999999 0.9999996 1.0 1.0 0.99999905 1.0000397 0.99991363 0.9999994 1.0 1.0 1.0 0.99999994 0.9999989
0.99996775 0.9999536 1.0 1.0 1.0 0.9999993 1.0 0.9999992 1.0000008 0.9998922 0.9999986 1.0 1.0 1.0 0.99999875 0.9999993
0.9999218 1.0000223 0.9999994 1.0 0.9999994 1.0 0.99999905 1.0 0.999976 0.9999581 0.9999999 0.99999905 1.0 1.0 0.9999999 0.999999
0.99996376 1.0000553 1.0 1.0 1.0 1.0 0.9999995 1.0 1.000029 1.0000023 0.99999964 1.0 1.0 1.0 0.9999997 1.0
1.0000067 1.0000585 1.0 1.0 1.0 1.0 1.0 1.0 1.000067 1.0000459 0.99999994 1.0 1.0 1.0 1.0 1.0
1.000085 1.0000241 1.0 1.0 1.0 1.0 1.0 1.0 1.0000694 1.0000442 1.0 1.0 1.0 1.0 1.0 1.0
1.0000285 0.9999925 1.0 1.0 1.0 1.0 1.0 1.0 1.0000294 1.0000122 1.0 1.0 1.0 1.0 1.0 1.0
0.9999819 0.9999659 1.0 1.0 1.0 1.0 1.0 0.99999964 1.0000082 0.99998575 1.0 0.99999994 1.0 1.0 1.0 0.99999994
0.9999995 0.99988914 1.0 0.99999905 1.0 0.9999991 0.9999987 1.0 0.9999645 0.9999512 0.99999994 0.9999989 1.0 1.0 0.99999994 0.9999992
0.99994284 0.9999281 0.9999996 0.9999993 0.99999964 0.99999964 0.99999964 0.99999994 0.99994105 0.9999277 0.9999992 0.9999995 0.99999934 0.99999994 0.99999917 0.9999996
0.9996316 0.99960285 0.9999884 0.999988 0.99998736 0.99998575 0.9999923 0.9999879 0.9996602 0.9995901 0.99998784 0.99998856 0.9999884 0.9999849 0.99999243 0.99998784
1.0000622 0.99981296 0.9999854 1.0000037 1.0000107 0.99999994 0.9999904 0.99999994 0.99965084 1.0001935 0.9999837 0.9999894 0.9999893 0.9999917 0.99999917 0.9999946
1.000306 1.0000739 0.9999986 1.0000118 1.0000356 1.0000194 0.9999947 1.0000049 1.000019 1.0001639 0.99998635 0.9999983 0.99999315 0.9999888 1.0000037 0.99999833
1.000445 1.0001086 1.0000141 1.0000014 1.0000212 1.0000063 1.0000073 0.999996 1.0001732 0.9999096 0.9999905 1.000003 0.99999785 0.9999878 0.999998 0.9999929
1.0003566 0.99993503 1.0000055 1.0 1.0000128 0.99999946 0.99999785 0.9999984 0.99998987 1.0000386 0.99999 0.99999887 0.9999936 0.99998844 0.9999982 0.9999946
1.0000162 0.99976933 0.99999744 1.0000006 1.0000199 1.0000037 0.99999535 0.99999857 0.99997276 0.9998456 0.9999889 0.9999978 0.9999938 0.99998426 0.9999971 0.99999326
1.0000516 0.99989694 1.0000024 0.99999166 1.000006 0.9999972 0.9999999 0.9999906 0.9999593 0.999748 0.99998784 0.99999774 0.99999386 0.99998444 0.99999154 0.99998945
0.9994431 0.99950415 0.9999859 0.9999932 0.999995 0.99999255 0.9999865 0.99999213 0.9997532 0.99953103 0.9999834 0.9999856 0.9999915 0.9999897 0.9999921 0.9999874
0.9996212 1.000191 0.9999887 0.9999884 0.9999842 0.99999875 0.99999505 0.9999919 1.000068 0.99980766 0.99998564 0.99999005 1.0000105 1.0000037 0.9999987 1.0000006
0.9999522 1.0008258 0.9999856 1.0000038 0.99999785 0.999995 1.0000223 1.0000232 0.99995774 1.000826 0.99998575 0.99999535 0.99999785 1.0000035 1.0000237 1.0000229
1.0000124 1.0013463 0.99999684 1.0000101 1.0000159 1.000013 1.0000321 1.0000508 1.0004184 1.0008003 0.9999923 0.99999833 1.000007 1.0000186 1.0000188 1.0000293
1.0001572 1.0013986 1.0000123 1.0000007 1.0000023 1.0000354 1.0000211 1.0000348 1.0008023 1.0003684 0.99999815 0.99999267 1.0000192 1.0000287 1.0000154 1.0000211
1.0002131 1.001396 1.0000038 0.9999999 0.9999974 1.000026 1.0000174 1.0000262 1.0005785 1.0006152 0.9999942 0.9999933 1.0000205 1.0000229 1.0000145 1.0000199
0.9998028 1.0008899 0.9999969 1.0000004 1.000001 1.000013 1.0000188 1.0000356 1.0005552 1.0003278 0.99999326 0.9999926 1.0000173 1.0000196 1.0000067 1.000017
0.99979717 1.0008935 1.0000011 0.9999903 0.99999374 1.0000207 1.0000004 1.0000182 1.0004483 1.0000961 0.9999933 0.9999878 1.000015 1.000018 0.9999975 1.0000074
0.9993324 0.99998105 0.99998504 0.99999195 0.9999895 0.9999906 1.0000031 0.99999994 1.0002402 0.9997277 0.999988 0.99999017 0.9999973 1.0000087 1.0000082 0.9999999
1.0000036 1.000134 0.9999858 0.99999756 0.99999326 1.000002 0.9999983 0.9999889 1.0003135 1.0000843 0.99999845 0.9999958 1.0000362 1.000011 1.0000178 1.0000058
1.0004174 1.0007733 1.0000062 0.99999267 1.0000186 0.99999833 1.000029 1.0000186 1.0000098 1.0013821 0.9999977 1.0000124 1.0000147 1.0000095 1.0000522 1.000032
1.0009222 1.001375 1.0000312 1.0000092 1.0000287 1.0000193 1.0000393 1.0000478 1.0009257 1.0013759 1.0000094 1.0000191 1.0000303 1.0000294 1.000048 1.0000408
1.0009983 1.0014111 1.0000165 1.0000312 1.0000184 1.0000434 1.0000275 1.0000309 1.0013795 1.000845 1.000019 1.0000112 1.0000489 1.0000403 1.0000434 1.0000302
1.001082 1.0013825 1.0000095 1.0000238 1.0000144 1.000033 1.0000238 1.0000213 1.0010849 1.0010853 1.0000131 1.000011 1.0000495 1.0000321 1.0000421 1.00003
1.0004458 1.0008403 1.0000162 1.0000088 1.0000153 1.000019 1.0000243 1.0000304 1.0010169 1.000772 1.0000107 1.0000094 1.0000448 1.0000298 1.0000296 1.0000275
1.0005084 1.0008316 1.0000019 1.0000176 1.0 1.0000274 1.0000038 1.0000136 1.0009047 1.0001839 1.0000098 0.99999994 1.0000421 1.0000281 1.0000145 1.0000143
0.9997821 0.9999099 0.999993 0.9999894 1.0000013 0.9999936 1.000008 0.9999975 1.0005217 0.9999883 1.0000023 0.9999952 1.0000159 1.0000328 1.0000165 1.0000054
1.0001425 0.99987286 0.99999017 1.0000019 0.99999774 0.9999979 0.9999932 0.99998796 1.0004374 1.0001107 1.0000149 1.0000079 1.0000207 1.0000025 1.0000051 0.99999666
1.0007633 1.0003971 1.0000186 0.9999981 1.0000285 0.9999926 1.0000204 1.0000161 1.0001398 1.0014411 1.000012 1.0000345 1.0000012 1.000001 1.000037 1.0000226
1.0013664 1.0008558 1.0000474 1.0000192 1.000039 1.0000104 1.0000316 1.000045 1.0010142 1.0014241 1.0000312 1.0000433 1.0000154 1.0000184 1.0000299 1.0000278
1.0014182 1.0008932 1.0000314 1.0000427 1.0000273 1.0000333 1.000018 1.0000265 1.0014378 1.0008776 1.0000432 1.0000329 1.0000318 1.0000274 1.0000271 1.0000181
1.0014029 1.0008821 1.0000234 1.000033 1.0000236 1.0000241 1.0000149 1.0000185 1.0011201 1.0011443 1.0000345 1.0000329 1.0000317 1.0000207 1.0000259 1.0000185
1.0008501 1.0003582 1.000031 1.0000184 1.000024 1.0000093 1.0000161 1.0000272 1.001063 1.0008385 1.0000318 1.0000298 1.0000287 1.0000178 1.0000148 1.0000173
1.0008506 1.0004255 1.0000153 1.0000268 1.0000037 1.0000182 0.99999964 1.0000105 1.0009555 1.0003098 1.00003 1.0000166 1.0000259 1.0000181 1.0000025 1.0000048
0.9999356 0.9996813 0.99999934 0.9999935 1.0000075 0.9999889 1.0000012 0.9999967 1.0006492 1.0000335 1.0000187 1.000007 1.0000024 1.0000178 1.0000074 0.9999965
0.99998516 1.0000246 0.9999901 0.9999987 0.9999938 0.99999845 0.9999949 0.9999889 1.0003383 0.9999204 1.0000055 0.9999987 1.0000124 1.0000002 0.9999996 0.99999845
1.0005946 1.0006427 1.00002 0.9999944 1.0000226 0.9999931 1.000021 1.0000153 1.0002009 1.0014355 1.0000046 1.0000268 0.99999744 1.0 1.000028 1.000018
1.0010965 1.0011187 1.0000488 1.0000125 1.0000327 1.0000111 1.0000304 1.0000437 1.0011089 1.0014219 1.0000257 1.0000339 1.0000091 1.0000153 1.0000223 1.0000249
1.0011251 1.0011557 1.0000316 1.0000349 1.0000206 1.0000331 1.0000188 1.0000259 1.0014386 1.0008718 1.0000334 1.0000242 1.0000256 1.000025 1.0000179 1.000015
1.0011079 1.0011613 1.0000229 1.0000265 1.0000169 1.0000254 1.0000154 1.0000184 1.0011028 1.0011597 1.0000265 1.0000246 1.000024 1.0000165 1.0000198 1.0000159
1.0005786 1.0006394 1.0000317 1.0000116 1.000018 1.0000094 1.0000165 1.0000267 1.0010539 1.0009552 1.0000241 1.0000234 1.0000191 1.000015 1.0000085 1.0000141
1.0006173 1.0006615 1.0000144 1.0000205 1.0 1.0000186 0.9999999 1.0000111 1.000979 1.0003633 1.0000234 1.0000091 1.0000192 1.0000138 0.9999979 1.0000026
0.9997928 0.99982923 0.9999984 0.99999017 1.0000024 0.9999909 1.0000012 0.9999973 1.0005316 0.99986213 1.0000107 0.9999986 0.99999756 1.000011 1.0000046 0.9999978
0.99992806 0.9998594 0.99998844 0.9999977 0.99999386 0.9999969 0.9999931 0.9999856 1.0000281 0.9997717 0.9999967 0.9999951 1.0000215 1.0000015 1.0000039 0.9999983
1.0005816 1.000329 1.0000185 0.99999285 1.0000205 0.9999928 1.0000182 1.0000069 0.9998055 1.0009246 0.9999962 1.0000136 1.0000013 1.000001 1.000036 1.0000197
1.0010312 1.00081 1.000046 1.0000107 1.0000299 1.0000091 1.0000277 1.0000299 1.0004625 1.0008572 1.0000092 1.0000187 1.0000163 1.0000154 1.0000299 1.0000252
1.001074 1.0008802 1.0000287 1.0000331 1.0000188 1.0000308 1.0000179 1.0000148 1.0008811 1.0003546 1.0000182 1.000009 1.0000318 1.0000249 1.0000272 1.0000151
1.0010588 1.0009487 1.00002 1.0000241 1.0000147 1.0000236 1.0000148 1.0000094 1.0005809 1.0006534 1.000011 1.0000091 1.0000321 1.0000174 1.0000267 1.000016
1.0005457 1.000352 1.0000283 1.0000087 1.0000163 1.0000097 1.0000143 1.0000161 1.0005494 1.0003577 1.0000086 1.0000083 1.0000285 1.0000154 1.0000155 1.0000147
1.0005827 1.0004154 1.0000113 1.0000182 0.99999976 1.0000176 0.9999998 1.000002 1.00051 0.9999963 1.0000091 1.0000001 1.0000273 1.0000154 1.0000026 1.0000042
0.99974793 0.9996818 0.99999714 0.99999034 1.0000005 0.9999895 1.0000012 0.99999326 1.0002667 0.99969697 1.000001 0.9999945 1.0000015 1.0000193 1.0000056 0.9999974
0.99993557 0.9997663 0.99998814 0.9999975 0.99999386 0.9999921 0.99999046 0.99998546 1.0000756 0.9998947 1.0000036 0.9999999 1.0000064 0.9999921 0.99999714 0.99999064
1.0004579 1.0001161 1.0000157 0.9999932 1.0000191 0.99998826 1.0000086 0.9999985 0.9998226 1.000918 1.0000021 1.0000216 0.9999942 0.9999909 1.0000191 1.0000006
1.0009474 1.0002 1.0000441 1.0000094 1.0000281 1.0000007 1.0000148 1.0000168 1.0005277 1.0008518 1.0000179 1.0000278 1.0000024 1.0 1.0000128 1.0000042
1.0009947 1.0003163 1.0000259 1.0000311 1.0000184 1.0000176 1.0000048 1.0000026 1.0008754 1.0004131 1.0000277 1.0000176 1.0000153 1.0000037 1.0000105 0.9999995
1.0009667 1.0003731 1.0000172 1.0000229 1.0000142 1.0000095 1.000003 0.9999983 1.0006055 1.0006565 1.0000203 1.0000181 1.0000144 1.0 1.0000105 0.9999999
1.0005004 0.99998397 1.0000263 1.0000103 1.0000151 1.0000001 1.0000039 1.0000019 1.0005848 1.000415 1.0000179 1.000017 1.0000123 0.9999999 1.0000024 0.99999994
1.0005177 0.99995935 1.0000111 1.0000182 1.0000002 1.0000061 0.99999356 0.9999943 1.00051 0.999956 1.0000172 1.0000056 1.0000106 1.0 0.9999947 0.99999356
0.99975324 0.99950725 0.99999666 0.9999897 1.0000013 0.9999873 0.9999963 0.99999106 1.0002545 0.99981177 1.0000088 0.9999999 0.9999946 1.000005 0.9999952 0.99999017
0.9997787 0.9995702 0.9999847 0.9999875 0.9999923 0.99999094 0.9999926 0.9999874 0.9994908 0.9995184 0.999987 0.9999867 0.9999933 0.99999225 0.9999952 0.99999213
1.0002601 0.9997322 0.99999744 1.0000077 0.99998856 1.0000097 0.99999005 0.9999997 0.999396 0.9999812 0.9999859 0.99999094 0.9999929 1.0000036 0.9999893 1.0000002
1.0005476 0.999972 1.0000162 1.0000335 1.0000031 1.0000179 0.9999945 1.000005 0.9997718 0.9999003 0.99998933 0.99999315 1.0000014 1.0000091 0.99999315 0.9999976
1.000656 1.0000206 1.0000025 1.0000186 1.00002 1.0000082 1.0000064 0.9999958 0.9999183 0.9996648 0.9999927 0.99998885 1.0000092 1.0000006 0.99999905 0.9999966
1.0005406 0.9998917 0.9999976 1.0000105 1.000011 1.0000057 0.9999977 0.99999815 0.9997851 0.9998189 0.9999902 0.9999905 1.0000019 1.000001 0.9999986 0.99999714
1.0002464 0.9996938 1.0000012 1.0000185 1.0000006 1.0000054 0.9999947 0.9999981 0.9997333 0.99966335 0.9999895 0.9999896 1.0000004 1.0000008 0.99999696 0.9999926
1.00025 0.99981165 0.9999946 1.0000048 1.0000095 0.99999577 0.9999997 0.9999903 0.9997335 0.99948144 0.99998987 0.99998575 1.0000008 0.99999565 0.9999968 0.999991
0.99961764 0.99947274 0.9999903 0.9999944 0.99998796 0.9999972 0.9999863 0.9999919 0.9995945 0.999479 0.9999872 0.9999864 0.9999972 0.9999919 0.99999005 0.9999941
0.99941444 1.0002323 0.99998593 0.9999856 0.99998325 1.000004 1.0000106 0.99999803 0.99942875 1.0002295 0.999986 0.9999823 0.9999868 1.0000106 0.9999977 1.000004
0.99933946 1.0004104 0.99997944 1.0000024 0.99999124 1.0000097 1.0000345 1.0000155 0.9995801 1.0007411 0.9999828 0.9999859 0.9999891 1.0000062 1.0000193 1.0000188
1.0003318 1.0000283 0.9999976 1.0000355 1.0000167 1.0000004 1.0000186 1.0000018 0.99959445 1.0010164 0.9999855 0.9999844 0.9999919 1.0000184 1.0000175 1.0000279
1.000494 1.0000875 1.0000143 1.000022 1.0000037 0.9999991 1.0000107 0.99999684 0.99957025 1.000806 0.99998605 0.99998605 0.9999899 1.0000196 1.0000167 1.0000216
0.9998628 1.0000144 1.0000005 1.0000066 0.99999464 0.99999994 1.0000191 1.0000007 0.9995756 1.0007651 0.99998546 0.99998426 0.9999893 1.0000155 1.000013 1.0000187
1.0001403 0.9997619 0.9999983 1.0000223 1.000002 0.9999903 1.0000044 0.99999374 0.9994842 1.0005773 0.9999845 0.9999819 0.99999 1.0000134 1.0000066 1.0000166
0.99999243 0.9993002 0.999984 1.000002 1.0000056 0.99999493 0.9999937 0.99998873 0.9994966 1.0004134 0.99998343 0.999983 0.99998695 1.0000085 0.9999986 1.0000082
0.99947613 0.9996475 0.999988 0.99998677 0.999984 0.99999464 0.9999964 0.9999909 0.9994147 0.9999422 0.99998343 0.9999844 0.99998736 0.9999989 1.0000004 1.0000013
0.9995769 1.0007468 0.9999828 1.0000067 0.99998957 0.9999867 1.0000188 1.0000193 0.99935687 1.0004166 0.99998033 1.0000027 0.9999911 1.000034 1.0000145 1.0000099
0.9995395 1.0011312 0.99999815 1.0000281 0.9999835 1.0000083 1.000027 1.0000458 0.9995232 1.0011486 0.9999833 0.99999857 1.0000083 1.0000278 1.000047 1.0000274
1.0010716 1.0006316 1.00003 1.0000122 1.0000081 1.0000465 1.0000138 1.0000284 0.99971807 1.0014352 0.99998766 1.0000074 1.0000061 1.0000455 1.0000452 1.0000361
1.0012878 1.000755 1.0000178 1.0000057 1.0000329 1.0000334 1.0000108 1.0000207 0.9996154 1.001216 0.999985 1.0000092 1.0000063 1.0000471 1.0000429 1.0000296
1.0004418 1.0005893 1.0000017 1.000013 1.0000153 1.0000165 1.0000129 1.0000286 0.99963105 1.001181 0.9999844 1.0000061 1.0000035 1.0000428 1.0000399 1.0000268
1.0006657 1.0002385 1.000016 1.0000004 1.000009 1.0000321 0.99999857 1.0000134 0.9994092 1.0009472 0.99998415 1.0000038 0.9999977 1.00004 1.000028 1.0000253
1.0007025 0.9995976 1.0000032 0.9999911 0.9999871 1.0000186 1.0000166 0.99999684 0.9995024 1.0006179 0.9999818 1.0000006 0.9999919 1.000031 1.0000157 1.0000147
0.9997263 1.0000873 0.99998426 0.9999938 0.9999951 0.9999881 1.0000027 1.0 0.9992878 1.0002562 0.9999858 0.999992 0.9999937 1.0000155 1.0000172 1.0000049
0.99959797 1.0009841 0.99998623 1.0000186 0.9999929 0.9999842 1.0000277 1.0000182 1.0003496 1.0000131 0.99999803 1.0000355 1.0000155 1.000018 1.0000011 1.0000001
0.9997113 1.001441 1.0000072 1.0000448 0.99998796 1.0000056 1.0000355 1.0000453 1.0010957 1.0006534 1.0000085 1.000029 1.0000483 1.0000113 1.0000281 1.0000143
1.0013945 1.00089 1.0000459 1.0000272 1.0000178 1.0000463 1.0000225 1.0000254 1.0013895 1.0008959 1.000017 1.0000472 1.0000465 1.0000278 1.0000261 1.0000242
1.0015965 1.000923 1.0000329 1.0000198 1.0000441 1.0000315 1.0000193 1.0000168 1.0011779 1.0006703 1.0000119 1.0000486 1.0000439 1.0000284 1.0000252 1.0000167
1.0006056 1.0008657 1.0000157 1.0000275 1.0000243 1.0000126 1.000021 1.000026 1.001138 1.0006583 1.0000093 1.0000435 1.000041 1.0000246 1.000022 1.0000137
1.0009556 1.0004528 1.0000311 1.0000128 1.0000185 1.0000298 1.0000005 1.0000107 1.0009104 1.0004666 1.0000082 1.000041 1.000029 1.0000225 1.0000114 1.000014
1.0009489 0.9996568 1.0000161 0.9999967 0.99999106 1.0000281 1.000014 0.9999951 1.0005409 1.0002195 1.0000013 1.0000324 1.0000167 1.0000149 1.0000026 1.0000042
0.9998119 1.000157 0.9999879 0.99999994 1.0000004 0.99998647 1.0000094 0.9999991 1.0003438 0.99998564 0.99999726 1.0000175 1.0000203 1.0000026 1.0000046 0.99999803
0.999525 1.0008193 0.9999861 1.0000197 0.9999898 0.9999851 1.000022 1.000018 1.0004966 1.00009 1.0000154 1.0000217 1.0000043 1.00001 0.9999971 0.9999989
0.99961764 1.0012296 1.0000086 1.0000471 0.9999849 1.0000061 1.0000309 1.000045 1.001322 1.0007696 1.000033 1.0000165 1.0000347 1.0000061 1.0000209 1.0000117
1.0011854 1.0006688 1.0000485 1.0000288 1.0000117 1.0000463 1.0000169 1.0000255 1.0016016 1.0009377 1.000044 1.0000325 1.0000306 1.0000201 1.0000166 1.0000193
1.0013676 1.0006902 1.000034 1.0000199 1.0000373 1.0000311 1.0000132 1.0000168 1.0013531 1.0006919 1.0000367 1.0000342 1.0000305 1.0000199 1.0000169 1.0000131
1.0003732 1.0006629 1.0000153 1.000029 1.0000178 1.000012 1.0000153 1.0000263 1.001332 1.0007081 1.0000339 1.0000297 1.000027 1.0000162 1.0000148 1.0000108
1.0007403 1.0003082 1.0000324 1.0000132 1.000012 1.0000287 0.9999997 1.0000108 1.001105 1.0006001 1.0000316 1.0000271 1.0000167 1.000015 1.0000057 1.0000107
1.0007372 0.99959224 1.0000154 0.9999965 0.9999878 1.0000217 1.0000135 0.99999577 1.0006942 1.0002823 1.0000192 1.0000184 1.0000052 1.0000082 0.9999979 1.0000017
0.9996935 1.0000199 0.99998766 0.9999996 0.9999968 0.99998647 1.0000035 0.9999989 1.0003195 0.99991703 1.0000098 1.0000048 1.0000074 0.9999977 0.999999 0.9999979
0.99953705 1.0007958 0.9999844 1.0000173 0.99999 0.9999846 1.0000196 1.0000141 0.99984616 1.00004 1.0000006 1.0000074 0.9999943 1.0000201 1.0000012 1.0000006
0.9996281 1.0012113 1.0000061 1.0000442 0.9999843 1.0000039 1.000027 1.0000414 1.0004491 1.0006106 1.0000148 1.0000019 1.0000159 1.0000137 1.0000299 1.0000129
1.001164 1.0006591 1.0000454 1.0000246 1.0000086 1.0000428 1.0000145 1.0000217 1.0006126 1.0008826 1.000025 1.0000151 1.0000119 1.000029 1.000027 1.0000217
1.00135 1.0006976 1.00003 1.000016 1.0000348 1.0000274 1.0000105 1.0000148 1.000371 1.0006657 1.0000175 1.0000154 1.0000117 1.0000296 1.0000268 1.0000153
1.0003787 1.0006704 1.0000108 1.0000252 1.0000155 1.0000099 1.0000131 1.0000241 1.0003761 1.0006882 1.000015 1.0000106 1.0000095 1.000026 1.0000238 1.0000136
1.0007331 1.0002965 1.000028 1.0000097 1.0000088 1.0000267 0.9999991 1.0000085 1.0002811 1.0004687 1.0000148 1.0000101 1.0000018 1.0000238 1.0000135 1.0000125
1.0007243 0.9995898 1.0000123 0.99999475 0.9999885 1.0000187 1.0000116 0.99999464 1.0000436 1.000266 1.000005 1.0000046 0.99999535 1.0000168 1.0000024 1.0000036
0.99972373 1.0000291 0.99998665 0.999999 0.9999957 0.99998707 1.0000019 0.9999985 0.99964565 0.9999408 0.99999636 0.9999956 0.99999744 1.0000024 1.0000051 0.99999875
0.99947673 1.0005914 0.99998474 1.0000149 0.9999899 0.9999832 1.000018 1.0000063 1.0001531 0.99979126 0.9999981 1.0000226 1.0000026 1.0000052 0.9999944 0.9999915
0.99940586 1.0010054 1.0000039 1.0000421 0.999984 0.9999977 1.0000266 1.0000284 1.0006834 1.0002518 1.0000092 1.0000162 1.0000325 1.000001 1.0000137 0.9999985
1.0009605 1.0004944 1.0000434 1.0000228 1.0000077 1.00003 1.0000149 1.0000116 1.0009692 1.000463 1.0000182 1.000032 1.0000299 1.0000132 1.0000108 1.0000011
1.0011548 1.000599 1.0000275 1.0000148 1.0000327 1.0000166 1.0000114 1.0000068 1.0007371 1.000297 1.0000113 1.0000329 1.0000291 1.0000128 1.00001 0.99999976
1.0002872 1.0004696 1.0000101 1.0000243 1.0000153 1.0000024 1.0000129 1.0000137 1.0007521 1.0002949 1.000009 1.0000284 1.0000265 1.0000094 1.0000087 0.99999917
1.000531 1.000123 1.0000263 1.0000085 1.0000098 1.0000166 0.9999994 1.0000005 1.0005362 1.000115 1.0000091 1.0000271 1.0000159 1.0000086 1.0000007 0.9999992
1.000567 0.9995224 1.0000116 0.99999493 0.999988 1.000019 1.0000033 0.9999917 1.0003723 0.99994403 1.0000012 1.0000205 1.0000045 1.0000031 0.99999535 0.99999404
0.999631 0.99996746 0.9999864 0.99999815 0.99999523 0.9999845 1.0000026 0.9999946 1.000013 0.9997967 0.9999974 1.0000035 1.0000066 0.99999523 0.99999744 0.99999094
0.9995547 1.0004267 0.99998474 1.0000082 0.9999882 0.9999844 1.0000094 0.9999992 1.0000128 0.999366 0.99998504 1.0000031 1.0000061 0.99999493 0.99999356 0.99998903
0.99952865 1.000639 1.0000011 1.000032 0.99998325 0.999993 1.0000151 1.0000169 1.0007292 0.99959385 0.99998665 1.0000196 1.0000035 1.0000168 0.9999918 0.99999714
1.000573 1.0002168 1.000033 1.0000144 1.0000018 1.0000184 1.000004 1.0000025 1.0009637 0.9996274 0.9999902 1.0000286 1.0000166 1.0000136 0.99999636 0.99999493
1.0007166 1.0002779 1.0000197 1.0000094 1.0000207 1.0000057 1.0000013 0.9999983 1.000723 0.9995887 0.9999882 1.0000218 1.0000155 1.0000136 0.99999654 0.9999955
1.0000538 1.0002469 1.0000051 1.0000167 1.0000051 0.9999952 1.0000036 1.0000019 1.0007234 0.9995796 0.999988 1.0000184 1.0000131 1.0000112 0.999995 0.99999446
1.0003664 0.9999476 1.0000201 1.0000035 1.0000014 1.0000037 0.9999941 0.9999953 1.0005553 0.9995074 0.9999881 1.0000181 1.0000114 1.0000033 0.99999493 0.9999908
1.0002111 0.999476 1.0000046 0.9999929 0.9999866 1.0000092 0.9999961 0.9999907 1.0002035 0.99944556 0.9999852 1.0000093 1.0000049 0.9999964 0.9999925 0.9999904
0.9996118 0.9997887 0.9999859 0.99999535 0.999991 0.9999851 0.99999815 0.99999285 0.9999773 0.9995056 0.9999864 1.0000005 0.99999607 0.99999785 0.9999901 0.99999166
0.9994423 0.9999473 0.9999842 0.999999 0.99998546 1.000001 0.99998754 1.0000015 0.9995001 0.99967515 0.9999876 0.9999833 0.99998784 0.9999948 0.9999964 0.9999912
0.9992496 1.0002744 0.9999922 1.0000162 0.9999938 1.000019 0.9999866 1.0000043 0.9997343 1.0000702 0.999984 0.9999887 0.9999948 1.0000033 0.9999941 1.0
1.0003384 0.99998146 1.0000187 1.0000029 1.0000205 1.0000051 0.99999636 0.9999979 0.9998251 1.0001743 0.9999883 0.9999864 1.0000008 1.0000101 0.9999998 0.99999875
1.0003371 0.9999484 1.0000049 0.9999976 1.000008 0.9999992 1.0000105 0.9999978 0.99973077 1.000015 0.99998826 0.9999876 0.9999971 1.0000033 0.9999997 0.9999987
0.99967194 0.9999196 0.9999956 1.0000024 0.9999971 1.0000052 0.9999956 0.99999917 0.9997609 1.0000284 0.9999875 0.99998695 0.99999607 1.0000021 0.9999985 0.9999984
0.99999523 0.99980104 1.0000036 0.9999959 1.0000062 0.9999976 0.9999972 0.99999124 0.9996382 0.9999606 0.99998605 0.99998367 0.99999547 1.0000025 0.99999785 0.9999942
0.99996793 0.9994768 0.9999965 0.9999897 0.9999979 0.9999918 0.99998593 1.0 0.9995668 0.99978584 0.9999845 0.99998355 0.99999034 0.99999803 0.99999505 0.99999213
0.99944055 0.99964017 0.9999841 0.9999906 0.9999849 0.9999934 0.99999154 0.99999255 0.99940735 0.99961805 0.9999829 0.99998426 0.9999912 0.9999926 0.9999908 0.9999924
0.99637073 0.9970282 0.9999792 0.9999666 0.99994373 0.99996245 0.9999677 0.9999794 0.99668163 0.9973007 0.999945 0.9999814 0.99997044 0.99996084 0.999969 0.9999811
0.9978208 0.9985401 0.99995655 1.0000677 0.99995667 0.9999692 0.9999506 1.0000558 0.99608225 0.99623454 0.99995536 0.99997336 0.99996316 0.9999355 1.0000008 0.99997795
1.0038681 1.0023956 1.0000437 1.0000263 1.000049 1.0000339 1.0000328 0.9999969 0.99588555 0.9961652 0.9999332 0.99999386 0.99997234 0.9999421 1.0000085 0.9999799
1.0022025 1.0002296 1.0000563 1.0000032 1.0000423 1.0000242 1.0000226 0.9999802 0.99659014 0.99614877 0.99993557 1.0000153 0.9999865 0.99994767 0.999994 0.99997425
0.99842876 0.9984936 1.0000012 1.0000471 0.9999784 0.9999844 0.99997824 1.0000172 0.99628156 0.9966703 0.9999479 0.99999547 0.9999751 0.99994534 0.99999887 0.9999752
1.002345 1.0013021 1.0000339 0.99999166 1.0000253 1.0000209 1.0000046 0.9999817 0.99650687 0.9961034 0.9999459 0.99999624 0.999973 0.9999379 0.99999344 0.9999744
1.000395 0.9985393 1.0000119 0.9999984 1.000018 1.0000013 0.9999954 0.99998635 0.996364 0.99605554 0.9999478 0.9999986 0.9999781 0.9999544 0.9999774 0.99996823
0.99853146 0.99815875 0.999949 0.9999902 0.99997824 0.9999752 0.999964 0.9999805 0.9961296 0.99693435 0.9999593 0.9999424 0.9999789 0.9999689 0.99996483 0.9999771
0.99585885 0.9960585 0.99997115 0.9999593 0.99995685 0.9999994 0.99997723 0.9999374 0.99785507 0.99860513 0.99995905 0.9999527 0.99995583 1.0000689 0.999971 1.0000528
0.9963859 0.99906397 0.99994344 1.0000494 0.999954 0.9999649 1.0001199 0.9999616 0.9964781 0.9991652 0.99994624 0.9999649 0.99995655 1.0000491 0.999961 1.0001217
1.0024928 1.0045542 1.0000288 1.00001 1.0000207 1.0000936 1.0000669 1.0000609 0.99799687 0.999655 0.99995494 0.9999668 0.99993 1.0001099 0.99996376 1.000136
1.0006111 1.0035528 1.0000408 0.9999894 1.0000131 1.0001038 1.0000296 1.0000554 1.0004454 0.99867165 0.99997336 0.9999567 0.99995744 1.0001438 0.99995625 1.0001109
0.9976506 0.99932265 0.9999944 1.0000399 0.999977 1.0000343 1.0000988 0.99998254 0.999006 0.998515 0.9999593 0.999965 0.99997264 1.0001137 0.9999513 1.0001091
1.0001054 1.0037124 1.0000165 0.99997205 1.0000063 1.000068 1.0000262 1.0000381 0.99796826 0.9985591 0.99996126 0.9999569 0.9999538 1.000104 0.99994665 1.0001047
0.99880266 1.0018501 0.9999986 0.99998707 0.9999902 1.000057 1.0000145 1.0000304 0.99964726 0.9970653 0.9999657 0.9999487 0.9999568 1.0001155 0.9999558 1.0000602
0.9979894 0.9989722 0.99994457 0.9999852 0.99997246 0.99995595 1.0000126 0.99998075 0.9980988 0.9981221 0.9999567 0.99994946 0.99996907 0.99996567 1.0000727 1.0000473
0.9958262 0.99631596 0.9999323 0.99999374 0.99997216 1.0000066 0.9999815 0.99994344 1.0039394 1.0023892 1.0000448 1.0000329 1.0000514 1.0000255 1.0000333 0.9999964
0.9979301 0.9997303 0.99993175 0.9999554 1.0001085 0.9999679 1.000134 0.9999642 1.002372 1.0046672 1.0000286 1.0000961 1.0000219 1.0000086 1.0000633 1.0000682
1.00415 1.004854 1.0000238 1.0000832 1.0000566 1.0001065 1.0000776 1.0000693 1.0041662 1.0048602 1.0000858 1.0001092 1.000022 1.0000561 1.0000671 1.0000801
1.002649 1.0039337 1.0000205 1.0000929 1.0000179 1.0001163 1.0000356 1.0000614 1.0050371 1.0044419 1.0001171 1.0000874 1.0000584 1.0000871 1.0000575 1.0000579
0.9983603 0.999842 0.9999645 1.0000254 1.0000887 1.0000429 1.0001097 0.9999855 1.0045966 1.0044415 1.0000894 1.000085 1.0000786 1.0000621 1.0000497 1.0000583
1.003012 1.0040637 0.99999785 1.0000594 1.0000172 1.0000783 1.0000324 1.0000439 1.0041414 1.0043358 1.0000798 1.0000801 1.0000556 1.0000522 1.0000435 1.000052
1.001057 1.0023365 0.99999714 1.000049 1.0000086 1.0000652 1.0000176 1.0000336 1.0047232 1.0033143 1.0000904 1.0000386 1.0000541 1.0000637 1.00002 1.0000206
0.99846596 0.99943835 0.99997 0.99995184 1.000007 0.9999619 1.0000174 0.9999841 1.0039604 1.0018388 1.000048 1.0000285 1.0000315 1.0000613 1.000029 0.99999297
0.9967175 0.9962013 0.9999381 1.0000126 0.9999865 0.9999947 0.9999745 0.9999437 1.0022422 1.0001863 1.0000563 1.0000217 1.0000443 1.000002 1.0000234 0.9999824
1.0003797 0.9988407 0.99995726 0.99997234 1.0001397 0.99995834 1.0001147 0.9999575 1.0004609 1.0036466 1.0000402 1.0001053 1.0000118 0.99998677 1.000058 1.000029
1.0050273 1.0045336 1.0000587 1.0001141 1.000085 1.0000882 1.0000591 1.0000587 1.0026063 1.0040056 1.0000937 1.0001185 1.0000188 1.0000175 1.0000608 1.0000368
1.0043267 1.0033092 1.0000529 1.0001243 1.0000418 1.0000976 1.0000182 1.0000539 1.0044166 1.0031519 1.0001264 1.000095 1.0000544 1.0000445 1.0000528 1.0000168
1.0005813 0.99891216 0.9999805 1.0000501 1.0001163 1.0000244 1.0000902 0.9999766 1.0035073 1.0030868 1.0000988 1.0000962 1.0000734 1.0000216 1.0000451 1.00002
1.0043949 1.0035039 1.0000361 1.0000861 1.0000391 1.0000606 1.0000142 1.0000355 1.0024664 1.0031844 1.0000899 1.0000877 1.0000502 1.0000126 1.00004 1.0000155
1.0030478 1.0014889 1.0000309 1.0000716 1.0000244 1.0000461 1.0000052 1.0000259 1.0039748 1.0015749 1.0000992 1.0000519 1.0000503 1.000026 1.0000124 0.99999756
0.9999691 0.998928 0.99998116 0.9999662 1.0000223 0.9999567 1.0000044 0.99998134 1.0023519 0.99968797 1.0000587 1.0000172 1.0000211 1.0000544 1.0000054 0.99997896
0.99630296 0.99657845 0.9999494 0.9999961 0.9999753 0.9999987 0.9999763 0.9999453 0.9983778 0.9985499 0.99999934 0.99998003 0.99997777 1.0000482 0.9999834 1.0000159
0.9989994 0.998523 0.9999726 0.99995923 1.0001165 0.99996406 1.0001122 0.9999511 0.99756193 0.9993145 0.99999124 1.0000345 0.9999757 1.0000392 0.9999812 1.0001011
1.0046031 1.0044509 1.0000782 1.0000924 1.0000622 1.0000869 1.0000601 1.000052 0.9982806 0.99982506 1.0000249 1.0000448 0.9999624 1.0000908 0.9999844 1.0001131
1.0035524 1.0031298 1.0000718 1.0001003 1.0000205 1.0000979 1.0000185 1.0000464 1.0006232 0.99884903 1.0000519 1.0000243 0.999979 1.00012 0.99997723 1.0000892
0.9991723 0.9986844 0.99999446 1.0000271 1.0000932 1.0000266 1.0000905 0.9999733 0.9991617 0.99870855 1.0000265 1.0000247 0.99999505 1.000093 0.9999734 1.0000912
1.0036492 1.003405 1.0000503 1.000062 1.0000161 1.0000612 1.0000178 1.0000288 0.9980766 0.9990219 1.0000196 1.0000222 0.9999744 1.0000864 0.99998266 1.0000877
1.0016782 1.0013517 1.0000435 1.0000483 1.0000073 1.0000485 1.0000086 1.0000216 1.0000211 0.9986438 1.0000308 1.000002 0.9999766 1.0000968 0.99997693 1.000051
0.99890155 0.9989523 0.9999883 0.9999562 1.0000038 0.99995816 1.0000064 0.999981 0.9986515 0.9982273 1.000003 0.9999773 0.99998194 0.99998873 1.0000505 1.0000119
0.9962742 0.99623483 0.9999406 0.99999523 0.9999736 0.9999935 0.9999756 0.99994403 1.0023785 1.001369 1.0000342 1.0000029 1.0000279 0.999992 1.0000229 0.9999808
0.99804 0.9985488 0.99995446 0.9999605 1.000107 0.9999566 1.0001068 0.9999466 1.0000111 1.0037993 1.0000153 1.0000707 1.000006 0.999973 1.0000399 1.0000272
1.0042472 1.0044228 1.0000569 1.0000826 1.000055 1.0000814 1.0000535 1.0000459 1.0030234 1.0040689 1.0000612 1.0000807 0.999997 1.0000178 1.0000427 1.0000333
1.0026565 1.0031432 1.0000507 1.0000923 1.0000148 1.000091 1.0000161 1.0000414 1.004407 1.0033406 1.0000885 1.0000591 1.000037 1.0000405 1.0000347 1.0000143
0.99814653 0.9990396 0.99997425 1.0000213 1.0000871 1.0000228 1.0000871 0.99998397 1.0035814 1.0033749 1.0000609 1.0000606 1.0000501 1.0000166 1.0000312 1.0000176
1.0029079 1.0033606 1.0000312 1.0000545 1.0000126 1.0000565 1.0000157 1.0000188 1.0028476 1.003546 1.0000546 1.0000584 1.0000321 1.0000119 1.0000179 1.0000161
1.0007906 1.0016344 1.0000223 1.0000437 1.0000042 1.0000466 1.000007 1.0000156 1.0041633 1.0012637 1.0000675 1.0000268 1.0000328 1.0000257 1.0000081 0.99998444
0.99870294 0.9990549 0.9999793 0.9999567 1.0000037 0.9999576 1.0000066 0.9999801 1.0026345 1.0010017 1.000039 0.99999934 1.0000206 1.0000395 0.99999654 0.9999778
0.99661255 0.996296 0.9999467 0.9999985 0.9999802 0.9999781 0.9999707 0.9999583 1.0004232 0.9985221 1.0000132 0.9999961 1.0000185 0.9999984 1.0000013 0.9999858
0.9997164 0.9970697 0.9999571 0.99996537 1.0001171 0.9999522 1.0000626 0.9999559 0.99884236 1.001865 0.9999985 1.000059 0.99999 0.99998754 1.0000322 1.0000156
1.0048453 1.0033783 1.0000573 1.0000917 1.0000648 1.0000407 1.0000213 1.0000207 1.001006 1.0024188 1.0000505 1.0000671 0.99999744 1.000007 1.0000336 1.0000193
1.0039606 1.0017649 1.0000522 1.000102 1.0000254 1.000054 0.999998 1.0000141 1.0031137 1.0014167 1.0000749 1.0000451 1.0000302 1.0000265 1.0000256 1.0000046
0.99997944 0.9986696 0.99997675 1.000032 1.0000952 1.0000031 1.0000514 0.99997693 1.0016805 1.0013369 1.0000477 1.0000479 1.0000422 1.0000064 1.0000211 1.0000086
1.0040464 1.0013133 1.0000329 1.0000662 1.000025 1.0000272 0.9999842 1.0000076 1.0007603 1.001574 1.000043 1.0000474 1.0000225 1.0000039 1.0000144 1.0000077
1.0024891 0.9998663 1.0000252 1.0000559 1.0000147 1.0000092 0.999992 0.9999922 1.0023934 0.9998766 1.0000547 1.0000099 1.0000237 1.0000136 0.99999106 0.9999931
0.9995023 0.99840295 0.99998206 0.99996066 1.0000117 0.9999566 0.9999893 0.9999724 1.0006889 0.9979744 1.0000178 0.9999927 0.99999917 1.0000283 0.9999988 0.9999821
0.9964931 0.9969876 0.99996185 0.9999493 0.9999802 0.99997205 0.9999662 0.9999772 0.99858636 0.99828434 0.99995404 0.9999672 0.999991 0.9999789 0.9999778 0.9999757
0.9979508 0.9981605 0.9999674 0.9999643 0.99995893 1.000073 0.9999483 1.0000508 0.9979819 0.9989582 0.99995 0.9999572 0.9999859 1.0000132 0.9999748 0.99997985
1.0039618 1.0019112 1.000032 1.000064 1.0000482 1.0000285 1.000029 0.99999255 0.9984385 0.9994526 0.999953 0.99995816 1.0000062 1.0000185 0.9999691 0.9999851
1.0023448 0.9997422 1.0000223 1.0000556 1.000059 1.0000037 1.0000184 0.9999764 1.0000436 0.9988811 0.99996346 0.9999563 1.0000247 1.000003 0.9999802 0.9999804
0.99871117 0.9982374 0.99998343 0.99998957 1.0000026 1.0000519 0.999975 1.000014 0.99888176 0.99894583 0.9999562 0.9999577 1.000003 1.0000058 0.9999893 0.9999817
1.0026481 1.0009872 1.0000194 1.0000392 1.0000385 0.9999954 1.000001 0.99997836 0.998711 0.9990621 0.9999552 0.9999557 1.000004 1.0000072 0.9999786 0.99997914
1.000674 0.9982463 0.9999995 1.0000294 1.0000173 0.9999974 0.99999374 0.9999849 0.99948716 0.99845415 0.99995875 0.9999522 1.0000111 0.9999908 0.9999829 0.9999726
0.9983768 0.9979058 0.9999744 0.9999829 0.99995583 0.99998915 0.9999615 0.9999781 0.998413 0.99790156 0.9999511 0.9999638 0.99999064 0.9999753 0.9999762 0.99998236
0.996214 1.0004421 0.9999639 0.99993956 0.99995893 1.000092 0.99998087 0.9999903 0.99623036 1.0004076 0.9999405 0.99995947 0.9999674 0.9999795 0.9999915 1.000092
0.9990369 1.0051404 0.99996716 0.99996877 0.99997884 1.0000653 1.0000894 1.0000714 0.99601954 1.003418 0.9999358 0.99993384 0.99997634 0.9999735 1.0000008 1.0001642
1.0043534 1.0001203 1.000055 1.000061 1.0000455 0.9999857 1.0000238 1.0000076 0.9958236 1.0039873 0.9999289 0.9999407 0.9999782 0.9999937 1.0000077 1.0001836
1.0016594 0.9980532 1.0000508 1.0000374 1.0000205 1.0000443 0.9999746 0.9999786 0.99594873 1.0031917 0.99994344 0.9999447 0.99997175 1.0000117 0.9999972 1.0001552
0.9996095 1.0042276 1.0000132 0.9999887 0.9999883 1.0000151 1.0000508 1.0000374 0.99645007 1.0031297 0.99994504 0.9999431 0.9999745 1.0000013 0.99999243 1.0001551
1.0020524 0.9977823 1.0000325 1.0000226 1.0000198 0.9999801 0.9999935 0.9999817 0.99573463 1.0028824 0.99994147 0.99993604 0.9999714 0.99998635 0.9999828 1.000148
0.9996239 0.998829 0.9999517 1.0000056 1.0000097 0.99999654 0.9999805 0.999979 0.99601233 1.0005755 0.9999414 0.9999547 0.9999669 0.9999881 0.9999845 1.0000966
0.9957799 0.9993292 0.99996525 0.9999301 0.9999521 0.9999977 0.9999846 0.9999817 0.99624264 0.9983291 0.99994504 0.9999428 0.9999655 0.9999707 0.99996734 1.000051
0.99587876 1.0031725 0.9999354 0.9999744 0.99997556 0.99993646 1.0001593 1.0000008 0.99907464 1.0051401 0.99996895 0.99996763 0.9999818 1.0000904 1.0000702 1.000063
1.0023202 1.0054805 0.999968 1.0000881 0.9999911 0.99999213 1.0001252 1.0001205 1.0025082 1.005573 0.9999922 0.99996656 0.99999154 1.0000883 1.0001236 1.0001283
1.0050895 1.0027806 1.0000598 1.0000219 1.000121 1.0000879 1.0000201 1.0000458 1.0034354 1.0056431 1.0000008 0.99998635 0.99999994 1.0001175 1.0001326 1.0001472
1.0039365 0.99936384 1.0000355 0.9999723 1.0001105 1.0000627 1.0000992 0.9999827 1.0022336 1.0054518 0.99998474 1.0000027 0.9999879 1.0001357 1.0001194 1.0001199
1.0013458 1.0052396 0.99998766 1.000048 1.0000527 1.0000002 1.0000741 1.0000865 1.0020251 1.0054071 0.9999921 0.999991 0.9999822 1.0001237 1.0001091 1.0001203
1.0045668 1.0002999 1.0000201 0.9999913 1.0000855 1.0000546 1.000003 1.0000169 1.0019907 1.0055063 0.999985 0.9999775 0.99997526 1.0001028 1.0000969 1.0001106
1.0022501 0.99961746 1.0000062 0.9999782 0.9999622 1.0000612 1.000034 0.9999863 0.9994109 1.0051548 0.9999692 0.9999771 0.9999757 1.0001012 1.0000631 1.0000687
0.9958311 1.0007344 0.99993193 0.99998564 0.9999923 0.9999324 1.0000302 0.99999535 0.99966276 1.0043745 0.9999597 0.99998355 0.99998015 1.0000706 1.0000669 1.0000272
0.9960739 1.0040357 0.99993134 0.99999344 0.9999793 0.9999414 1.0001798 1.0000077 1.0042949 0.9998643 1.0000546 1.0000594 1.0000443 1.0000216 1.0000063 0.9999821
1.0034084 1.0056602 0.9999868 1.0001149 0.9999991 0.9999997 1.0001454 1.0001354 1.0052364 1.0027434 1.0001231 1.0000584 1.0000905 1.0000203 1.0000478 1.0000192
1.0053508 1.0035803 1.0000837 1.0000422 1.0001408 1.000101 1.0000309 1.0000563 1.0053748 1.0036772 1.0001435 1.0000852 1.0000997 1.0000429 1.0000571 1.0000321
1.004436 1.0002247 1.0000573 0.9999777 1.0001274 1.000073 1.0001141 0.99998856 1.0051391 1.0023541 1.0001148 1.0001031 1.0000876 1.0000598 1.0000439 1.0000083
1.0022241 1.0053144 0.99999493 1.000081 1.0000664 1.0000073 1.0000851 1.0000945 1.0051074 1.0022106 1.0001136 1.000091 1.0000782 1.0000476 1.0000372 1.0000105
1.004828 1.0009847 1.0000485 1.0000108 1.0000995 1.0000631 1.000007 1.0000228 1.005054 1.0023645 1.0001082 1.0000716 1.0000681 1.0000322 1.0000322 1.0000066
1.0028725 1.000011 1.0000292 0.99998224 0.9999667 1.0000709 1.0000392 0.9999889 1.0043713 1.0002764 1.000059 1.000072 1.0000383 1.0000358 1.0000012 0.9999884
0.9960194 1.0011364 0.9999283 0.9999912 1.0000006 0.99993855 1.0000336 0.99999833 1.0030681 0.998364 1.0000405 1.0000452 1.0000421 1.0000086 1.0000049 0.99996704
0.99577373 1.0031422 0.99994284 1.0000113 0.99997 0.9999373 1.0001582 0.9999974 1.0013859 0.9978805 1.0000485 1.0000366 1.0000201 0.99997216 0.99997854 1.0000433
1.0023489 1.0055038 1.0000024 1.0001378 0.99998546 0.9999889 1.000122 1.0001209 1.0039477 0.9993205 1.0001119 1.0000355 1.0000647 0.9999705 0.9999817 1.0001013
1.0051535 1.002466 1.0001048 1.0000607 1.0001171 1.0000887 1.0000094 1.0000447 1.0045066 1.0002458 1.0001296 1.0000582 1.0000734 0.9999753 0.999988 1.0001177
1.003768 0.99887073 1.0000753 0.99999154 1.000105 1.0000616 1.0000902 0.9999764 1.0036408 0.99882156 1.0001028 1.0000765 1.0000602 0.9999915 0.9999771 1.0000892
1.0009382 1.005196 1.0000107 1.0000974 1.0000445 0.9999952 1.0000616 1.0000836 1.0035424 0.99875647 1.0001044 1.0000646 1.0000527 0.9999806 0.9999735 1.0000929
1.004422 0.9997566 1.000066 1.0000253 1.000077 1.00005 0.9999938 1.0000105 1.0036364 0.9990103 1.0000948 1.0000466 1.0000459 0.9999676 0.99998283 1.0000883
1.0016513 0.99922764 1.0000428 0.99999136 0.9999598 1.0000473 1.000027 0.999983 1.00173 0.9983946 1.0000544 1.0000495 1.0000129 0.9999857 0.9999749 1.0000497
0.9958276 1.0003501 0.9999411 1.000001 0.99998724 0.99993616 1.000018 0.9999922 0.99992675 0.99824536 1.0000194 1.0000247 1.000021 0.99998266 0.9999806 1.0000157
0.9961217 1.0030972 0.9999406 1.0000004 0.9999741 0.9999423 1.0001589 0.9999924 0.9994807 1.0041262 1.0000098 0.9999878 0.9999886 1.0000514 1.0000409 1.0000151
1.00217 1.005507 0.9999925 1.0001242 0.9999912 0.9999838 1.000123 1.0001148 1.00136 1.0052869 1.0000538 0.9999862 1.0000001 1.0000489 1.0000882 1.0000764
1.0051641 1.0023565 1.000092 1.0000485 1.0001173 1.0000829 1.0000123 1.0000395 1.0023757 1.0053701 1.0000689 0.9999944 1.0000069 1.0000826 1.0000947 1.0000862
1.0036591 0.99873096 1.0000652 0.9999804 1.0001062 1.0000544 1.0000919 0.9999739 1.000878 1.0051317 1.000043 1.0000086 0.99999577 1.0000972 1.0000829 1.0000619
1.0008024 1.0051817 0.999999 1.000087 1.000046 0.999992 1.0000658 1.0000776 1.0007794 1.0051533 1.0000451 0.9999992 0.9999918 1.0000867 1.0000786 1.0000651
1.0043758 0.9999065 1.0000536 1.0000147 1.0000789 1.0000453 0.9999987 1.0000097 1.0010394 1.0052487 1.0000414 0.9999859 0.99999785 1.0000738 1.000062 1.0000625
1.0017338 0.9994642 1.0000311 0.9999853 0.9999633 1.0000532 1.0000252 0.9999854 1.0000126 1.0042021 1.000015 1.0000011 0.9999849 1.0000647 1.0000378 1.000022
0.9961649 1.0002832 0.9999369 0.9999922 0.99999076 0.9999389 1.0000205 0.9999924 0.9979115 1.0017741 0.9999768 0.9999799 0.9999777 1.0000302 1.0000281 0.9999868
0.99588764 1.0029926 0.9999388 0.9999871 0.99997187 0.9999407 1.0001508 0.99998355 1.0019103 0.9979063 1.0000316 1.000023 1.0000211 0.9999944 0.9999818 0.9999807
1.0020772 1.0054809 0.9999784 1.0001079 0.9999837 0.99997497 1.0001146 1.0001011 1.0045907 1.0003091 1.000088 1.0000211 1.0000561 0.9999922 1.0000172 1.0000033
1.0051104 1.0023162 1.0000756 1.0000334 1.0001098 1.0000719 1.0000074 1.0000337 1.0048229 1.0010871 1.0001025 1.0000495 1.0000621 1.0000111 1.0000218 1.0000083
1.0036031 0.99905425 1.0000489 0.999968 1.000098 1.0000472 1.0000876 0.99998355 1.004281 0.9998087 1.0000758 1.0000654 1.0000497 1.0000242 1.0000113 0.9999927
1.001018 1.0050309 0.9999867 1.000071 1.0000418 0.9999985 1.0000637 1.0000622 1.0043523 0.9998388 1.000079 1.0000533 1.000047 1.0000141 1.0000077 0.9999986
1.0042646 1.0001031 1.0000407 1.0000036 1.0000737 1.0000334 0.9999957 1.0000032 1.0044742 1.0000516 1.0000759 1.0000416 1.0000333 1.000003 1.0000029 0.9999961
1.001997 0.9994464 1.0000203 0.9999821 0.9999606 1.0000505 1.0000176 0.99998266 1.0023922 0.9981826 1.0000384 1.0000364 1.0000163 1.0000057 0.99997777 0.99998116
0.9959275 1.0005432 0.99993646 0.99999017 0.9999849 0.9999379 1.000021 0.99999124 1.0013411 0.9966356 1.0000049 1.000024 1.0000234 0.9999856 0.9999832 0.99997234
0.99637616 1.0007885 0.9999464 0.9999903 0.99997014 0.9999578 1.0000993 0.9999856 0.99965763 0.998848 0.99995655 1.0000057 1.0000108 0.9999963 0.99998045 0.99998134
0.99945366 1.0050029 0.99997836 1.0001053 0.99997 0.99997526 1.0000694 1.0000664 1.0022095 0.99960715 0.999963 1.0000618 1.0000068 1.0000342 0.999977 0.9999856
1.0043317 1.0002995 1.0000759 1.0000362 1.00006 1.0000399 0.99998784 1.0000019 1.0029442 1.0001082 0.99996424 1.0000731 1.0000292 1.0000387 0.99998105 0.9999898
1.0018393 0.99844176 1.0000504 0.99998707 1.0000558 1.0000144 1.0000492 0.99997514 1.0016633 0.99923474 0.99995905 1.0000482 1.0000416 1.0000273 0.9999924 0.99998283
1.0000156 1.0041345 1.0000018 1.0000643 1.0000155 0.99998486 1.0000197 1.0000348 1.0016624 0.99942935 0.99996233 1.000052 1.0000311 1.0000247 0.9999842 0.99998546
1.0023905 0.99817336 1.0000367 1.0000061 1.0000392 1.000016 0.9999793 0.9999783 1.0018835 0.99947107 0.9999588 1.00005 1.0000191 1.0000173 0.99998283 0.99998224
0.999953 0.9987763 1.0000217 0.9999865 0.9999593 1.0000104 0.9999926 0.9999751 0.99998647 0.9988529 0.99995553 1.0000112 1.0000223 0.9999916 0.99998575 0.99997526
0.99613863 0.99971116 0.9999403 0.99999374 0.9999715 0.9999533 1.0000007 0.9999815 0.9980971 0.99860424 0.99997056 0.99999356 1.0 0.99999726 0.9999823 0.9999784
0.9961414 0.99831426 0.9999467 0.99996835 0.9999468 0.9999663 0.999963 1.0000535 0.99597543 0.99928683 0.99993116 0.9999519 0.9999677 0.9999972 0.99998415 0.99998415
0.999686 1.0045183 0.9999815 1.0000736 0.99998 1.0000712 0.99995875 1.0000308 0.9959419 1.0007384 0.999933 0.99992996 0.9999935 1.0000291 0.9999855 0.9999954
1.0032183 0.9982896 1.0000467 1.0000094 1.0000443 1.0000074 1.0000432 0.99996406 0.9958554 1.0012722 0.9999256 0.99993783 1.0000014 1.0000356 0.9999907 0.9999985
1.0000861 0.9980921 1.0000253 0.99998313 1.000023 0.9999803 1.0000205 1.0000166 0.995867 1.0003464 0.9999402 0.9999419 0.9999866 1.0000184 1.0000011 0.99999225
0.9978948 1.0018185 0.9999813 1.0000267 0.99997866 1.0000267 0.9999739 0.9999866 0.99649274 1.0003253 0.99994254 0.99994034 0.9999924 1.0000196 0.99999225 0.9999927
1.0013338 0.9966677 1.0000224 0.99998516 1.0000219 0.99998397 1.0000062 0.99997413 0.99576336 1.0005295 0.9999381 0.9999317 0.9999862 1.0000207 0.99999017 0.99999064
0.99821234 0.99861926 0.99999964 0.9999805 0.999998 0.9999788 0.9999678 0.9999935 0.99586433 0.9997222 0.9999343 0.99995023 0.99997044 1.0000017 0.99999315 0.9999808
0.99668664 0.9990934 0.9999562 0.99998456 0.99995655 0.9999825 0.99996144 0.9999887 0.996718 0.99903554 0.9999553 0.9999531 0.99996084 0.9999862 0.9999856 0.99998176
1.0 1.0 1.0 1.0 1.0 1.0 1.0 1.0 1.0 1.0 1.0 1.0 1.0 1.0 1.0 1.0
1.0 1.0 1.0 1.0 1.0 1.0 1.0 1.0 1.0 1.0 1.0 1.0 1.0 1.0 1.0 1.0
1.0 1.0 1.0 1.0 1.0 1.0 1.0 1.0 1.0 1.0 1.0 1.0 1.0 1.0 1.0 1.0
1.0 1.0 1.0 1.0 1.0 1.0 1.0 1.0 1.0 1.0 1.0 1.0 1.0 1.0 1.0 1.0
1.0 1.0 1.0 1.0 1.0 1.0 1.0 1.0 1.0 1.0 1.0 1.0 1.0 1.0 1.0 1.0
1.0 1.0 1.0 1.0 1.0 1.0 1.0 1.0 1.0 1.0 1.0 1.0 1.0 1.0 1.0 1.0
1.0 1.0 1.0 1.0 1.0 1.0 1.0 1.0 1.0 1.0 1.0 1.0 1.0 1.0 1.0 1.0
1.0 1.0 1.0 1.0 1.0 1.0 1.0 1.0 1.0 1.0 1.0 1.0 1.0 1.0 1.0 1.0
1.0 1.0 1.0 1.0 1.0 1.0 1.0 1.0 1.0 1.0 1.0 1.0 1.0 1.0 1.0 1.0
1.0 1.0 1.0 1.0 1.0 1.0 1.0 1.0 1.0 1.0 1.0 1.0 1.0 1.0 1.0 1.0
1.0 1.0 1.0 1.0 1.0 1.0 1.0 1.0 1.0 1.0 1.0 1.0 1.0 1.0 1.0 1.0
1.0 1.0 1.0 1.0 1.0 1.0 1.0 1.0 1.0 1.0 1.0 1.0 1.0 1.0 1.0 1.0
1.0 1.0 1.0 1.0 1.0 1.0 1.0 1.0 1.0 1.0 1.0 1.0 1.0 1.0 1.0 1.0
1.0 1.0 1.0 1.0 1.0 1.0 1.0 1.0 1.0 1.0 1.0 1.0 1.0 1.0 1.0 1.0
1.0 1.0 1.0 1.0 1.0 1.0 1.0 1.0 1.0 1.0 1.0 1.0 1.0 1.0 1.0 1.0
1.0 1.0 1.0 1.0 1.0 1.0 1.0 1.0 1.0 1.0 1.0 1.0 1.0 1.0 1.0 1.0
1.0 1.0 1.0 1.0 1.0 1.0 1.0 1.0 1.0 1.0 1.0 1.0 1.0 1.0 1.0 1.0
1.0 1.0 1.0 1.0 1.0 1.0 1.0 1.0 1.0 1.0 1.0 1.0 1.0 1.0 1.0 1.0
1.0 1.0 1.0 1.0 1.0 1.0 1.0 1.0 1.0 1.0 1.0 1.0 1.0 1.0 1.0 1.0
1.0 1.0 1.0 1.0 1.0 1.0 1.0 1.0 1.0 1.0 1.0 1.0 1.0 1.0 1.0 1.0
1.0 1.0 1.0 1.0 1.0 1.0 1.0 1.0 1.0 1.0 1.0 1.0 1.0 1.0 1.0 1.0
1.0 1.0 1.0 1.0 1.0 1.0 1.0 1.0 1.0 1.0 1.0 1.0 1.0 1.0 1.0 1.0
1.0 1.0 1.0 1.0 1.0 1.0 1.0 1.0 1.0 1.0 1.0 1.0 1.0 1.0 1.0 1.0
1.0 1.0 1.0 1.0 1.0 1.0 1.0 1.0 1.0 1.0 1.0 1.0 1.0 1.0 1.0 1.0
1.0 1.0 1.0 1.0 1.0 1.0 1.0 1.0 1.0 1.0 1.0 1.0 1.0 1.0 1.0 1.0
1.0 1.0 1.0 1.0 1.0 1.0 1.0 1.0 1.0 1.0 1.0 1.0 1.0 1.0 1.0 1.0
1.0 1.0 1.0 1.0 1.0 1.0 1.0 1.0 1.0 1.0 1.0 1.0 1.0 1.0 1.0 1.0
1.0 1.0 1.0 1.0 1.0 1.0 1.0 1.0 1.0 1.0 1.0 1.0 1.0 1.0 1.0 1.0
1.0 1.0 1.0 1.0 1.0 1.0 1.0 1.0 1.0 1.0 1.0 1.0 1.0 1.0 1.0 1.0
1.0 1.0 1.0 1.0 1.0 1.0 1.0 1.0 1.0 1.0 1.0 1.0 1.0 1.0 1.0 1.0
1.0 1.0 1.0 1.0 1.0 1.0 1.0 1.0 1.0 1.0 1.0 1.0 1.0 1.0 1.0 1.0
1.0 1.0 1.0 1.0 1.0 1.0 1.0 1.0 1.0 1.0 1.0 1.0 1.0 1.0 1.0 1.0
1.0 1.0 1.0 1.0 1.0 1.0 1.0 1.0 1.0 1.0 1.0 1.0 1.0 1.0 1.0 1.0
1.0 1.0 1.0 1.0 1.0 1.0 1.0 1.0 1.0 1.0 1.0 1.0 1.0 1.0 1.0 1.0
1.0 1.0 1.0 1.0 1.0 1.0 1.0 1.0 1.0 1.0 1.0 1.0 1.0 1.0 1.0 1.0
1.0 1.0 1.0 1.0 1.0 1.0 1.0 1.0 1.0 1.0 1.0 1.0 1.0 1.0 1.0 1.0
1.0 1.0 1.0 1.0 1.0 1.0 1.0 1.0 1.0 1.0 1.0 1.0 1.0 1.0 1.0 1.0
1.0 1.0 1.0 1.0 1.0 1.0 1.0 1.0 1.0 1.0 1.0 1.0 1.0 1.0 1.0 1.0
1.0 1.0 1.0 1.0 1.0 1.0 1.0 1.0 1.0 1.0 1.0 1.0 1.0 1.0 1.0 1.0
1.0 1.0 1.0 1.0 1.0 1.0 1.0 1.0 1.0 1.0 1.0 1.0 1.0 1.0 1.0 1.0
1.0 1.0 1.0 1.0 1.0 1.0 1.0 1.0 1.0 1.0 1.0 1.0 1.0 1.0 1.0 1.0
1.0 1.0 1.0 1.0 1.0 1.0 1.0 1.0 1.0 1.0 1.0 1.0 1.0 1.0 1.0 1.0
1.0 1.0 1.0 1.0 1.0 1.0 1.0 1.0 1.0 1.0 1.0 1.0 1.0 1.0 1.0 1.0
1.0 1.0 1.0 1.0 1.0 1.0 1.0 1.0 1.0 1.0 1.0 1.0 1.0 1.0 1.0 1.0
1.0 1.0 1.0 1.0 1.0 1.0 1.0 1.0 1.0 1.0 1.0 1.0 1.0 1.0 1.0 1.0
1.0 1.0 1.0 1.0 1.0 1.0 1.0 1.0 1.0 1.0 1.0 1.0 1.0 1.0 1.0 1.0
1.0 1.0 1.0 1.0 1.0 1.0 1.0 1.0 1.0 1.0 1.0 1.0 1.0 1.0 1.0 1.0
1.0 1.0 1.0 1.0 1.0 1.0 1.0 1.0 1.0 1.0 1.0 1.0 1.0 1.0 1.0 1.0
1.0 1.0 1.0 1.0 1.0 1.0 1.0 1.0 1.0 1.0 1.0 1.0 1.0 1.0 1.0 1.0
1.0 1.0 1.0 1.0 1.0 1.0 1.0 1.0 1.0 1.0 1.0 1.0 1.0 1.0 1.0 1.0
1.0 1.0 1.0 1.0 1.0 1.0 1.0 1.0 1.0 1.0 1.0 1.0 1.0 1.0 1.0 1.0
1.0 1.0 1.0 1.0 1.0 1.0 1.0 1.0 1.0 1.0 1.0 1.0 1.0 1.0 1.0 1.0
1.0 1.0 1.0 1.0 1.0 1.0 1.0 1.0 1.0 1.0 1.0 1.0 1.0 1.0 1.0 1.0
1.0 1.0 1.0 1.0 1.0 1.0 1.0 1.0 1.0 1.0 1.0 1.0 1.0 1.0 1.0 1.0
1.0 1.0 1.0 1.0 1.0 1.0 1.0 1.0 1.0 1.0 1.0 1.0 1.0 1.0 1.0 1.0
1.0 1.0 1.0 1.0 1.0 1.0 1.0 1.0 1.0 1.0 1.0 1.0 1.0 1.0 1.0 1.0
1.0 1.0 1.0 1.0 1.0 1.0 1.0 1.0 1.0 1.0 1.0 1.0 1.0 1.0 1.0 1.0
1.0 1.0 1.0 1.0 1.0 1.0 1.0 1.0 1.0 1.0 1.0 1.0 1.0 1.0 1.0 1.0
1.0 1.0 1.0 1.0 1.0 1.0 1.0 1.0 1.0 1.0 1.0 1.0 1.0 1.0 1.0 1.0
1.0 1.0 1.0 1.0 1.0 1.0 1.0 1.0 1.0 1.0 1.0 1.0 1.0 1.0 1.0 1.0
1.0 1.0 1.0 1.0 1.0 1.0 1.0 1.0 1.0 1.0 1.0 1.0 1.0 1.0 1.0 1.0
1.0 1.0 1.0 1.0 1.0 1.0 1.0 1.0 1.0 1.0 1.0 1.0 1.0 1.0 1.0 1.0
1.0 1.0 1.0 1.0 1.0 1.0 1.0 1.0 1.0 1.0 1.0 1.0 1.0 1.0 1.0 1.0
1.0 1.0 1.0 1.0 1.0 1.0 1.0 1.0 1.0 1.0 1.0 1.0 1.0 1.0 1.0 1.0
1.0 1.0 1.0 1.0 1.0 1.0 1.0 1.0 1.0 1.0 1.0 1.0 1.0 1.0 1.0 1.0
1.0 1.0 1.0 1.0 1.0 1.0 1.0 1.0 1.0 1.0 1.0 1.0 1.0 1.0 1.0 1.0
1.0 1.0 1.0 1.0 1.0 1.0 1.0 1.0 1.0 1.0 1.0 1.0 1.0 1.0 1.0 1.0
1.0 1.0 1.0 1.0 1.0 1.0 1.0 1.0 1.0 1.0 1.0 1.0 1.0 1.0 1.0 1.0
1.0 1.0 1.0 1.0 1.0 1.0 1.0 1.0 1.0 1.0 1.0 1.0 1.0 1.0 1.0 1.0
1.0 1.0 1.0 1.0 1.0 1.0 1.0 1.0 1.0 1.0 1.0 1.0 1.0 1.0 1.0 1.0
1.0 1.0 1.0 1.0 1.0 1.0 1.0 1.0 1.0 1.0 1.0 1.0 1.0 1.0 1.0 1.0
1.0 1.0 1.0 1.0 1.0 1.0 1.0 1.0 1.0 1.0 1.0 1.0 1.0 1.0 1.0 1.0
1.0 1.0 1.0 1.0 1.0 1.0 1.0 1.0 1.0 1.0 1.0 1.0 1.0 1.0 1.0 1.0
1.0 1.0 1.0 1.0 1.0 1.0 1.0 1.0 1.0 1.0 1.0 1.0 1.0 1.0 1.0 1.0
1.0 1.0 1.0 1.0 1.0 1.0 1.0 1.0 1.0 1.0 1.0 1.0 1.0 1.0 1.0 1.0
1.0 1.0 1.0 1.0 1.0 1.0 1.0 1.0 1.0 1.0 1.0 1.0 1.0 1.0 1.0 1.0
1.0 1.0 1.0 1.0 1.0 1.0 1.0 1.0 1.0 1.0 1.0 1.0 1.0 1.0 1.0 1.0
1.0 1.0 1.0 1.0 1.0 1.0 1.0 1.0 1.0 1.0 1.0 1.0 1.0 1.0 1.0 1.0
1.0 1.0 1.0 1.0 1.0 1.0 1.0 1.0 1.0 1.0 1.0 1.0 1.0 1.0 1.0 1.0
1.0 1.0 1.0 1.0 1.0 1.0 1.0 1.0 1.0 1.0 1.0 1.0 1.0 1.0 1.0 1.0
1.0 1.0 1.0 1.0 1.0 1.0 1.0 1.0 1.0 1.0 1.0 1.0 1.0 1.0 1.0 1.0
1.0 1.0 1.0 1.0 1.0 1.0 1.0 1.0 1.0 1.0 1.0 1.0 1.0 1.0 1.0 1.0
1.0 1.0 1.0 1.0 1.0 1.0 1.0 1.0 1.0 1.0 1.0 1.0 1.0 1.0 1.0 1.0
1.0 1.0 1.0 1.0 1.0 1.0 1.0 1.0 1.0 1.0 1.0 1.0 1.0 1.0 1.0 1.0
1.0 1.0 1.0 1.0 1.0 1.0 1.0 1.0 1.0 1.0 1.0 1.0 1.0 1.0 1.0 1.0
1.0 1.0 1.0 1.0 1.0 1.0 1.0 1.0 1.0 1.0 1.0 1.0 1.0 1.0 1.0 1.0
1.0 1.0 1.0 1.0 1.0 1.0 1.0 1.0 1.0 1.0 1.0 1.0 1.0 1.0 1.0 1.0
1.0 1.0 1.0 1.0 1.0 1.0 1.0 1.0 1.0 1.0 1.0 1.0 1.0 1.0 1.0 1.0
1.0 1.0 1.0 1.0 1.0 1.0 1.0 1.0 1.0 1.0 1.0 1.0 1.0 1.0 1.0 1.0
1.0 1.0 1.0 1.0 1.0 1.0 1.0 1.0 1.0 1.0 1.0 1.0 1.0 1.0 1.0 1.0
1.0 1.0 1.0 1.0 1.0 1.0 1.0 1.0 1.0 1.0 1.0 1.0 1.0 1.0 1.0 1.0
1.0 1.0 1.0 1.0 1.0 1.0 1.0 1.0 1.0 1.0 1.0 1.0 1.0 1.0 1.0 1.0
1.0 1.0 1.0 1.0 1.0 1.0 1.0 1.0 1.0 1.0 1.0 1.0 1.0 1.0 1.0 1.0
1.0 1.0 1.0 1.0 1.0 1.0 1.0 1.0 1.0 1.0 1.0 1.0 1.0 1.0 1.0 1.0
1.0 1.0 1.0 1.0 1.0 1.0 1.0 1.0 1.0 1.0 1.0 1.0 1.0 1.0 1.0 1.0
1.0 1.0 1.0 1.0 1.0 1.0 1.0 1.0 1.0 1.0 1.0 1.0 1.0 1.0 1.0 1.0
1.0 1.0 1.0 1.0 1.0 1.0 1.0 1.0 1.0 1.0 1.0 1.0 1.0 1.0 1.0 1.0
1.0 1.0 1.0 1.0 1.0 1.0 1.0 1.0 1.0 1.0 1.0 1.0 1.0 1.0 1.0 1.0
1.0 1.0 1.0 1.0 1.0 1.0 1.0 1.0 1.0 1.0 1.0 1.0 1.0 1.0 1.0 1.0
1.0 1.0 1.0 1.0 1.0 1.0 1.0 1.0 1.0 1.0 1.0 1.0 1.0 1.0 1.0 1.0
1.0 1.0 1.0 1.0 1.0 1.0 1.0 1.0 1.0 1.0 1.0 1.0 1.0 1.0 1.0 1.0
1.0 1.0 1.0 1.0 1.0 1.0 1.0 1.0 1.0 1.0 1.0 1.0 1.0 1.0 1.0 1.0
1.0 1.0 1.0 1.0 1.0 1.0 1.0 1.0 1.0 1.0 1.0 1.0 1.0 1.0 1.0 1.0
1.0 1.0 1.0 1.0 1.0 1.0 1.0 1.0 1.0 1.0 1.0 1.0 1.0 1.0 1.0 1.0
1.0 1.0 1.0 1.0 1.0 1.0 1.0 1.0 1.0 1.0 1.0 1.0 1.0 1.0 1.0 1.0
1.0 1.0 1.0 1.0 1.0 1.0 1.0 1.0 1.0 1.0 1.0 1.0 1.0 1.0 1.0 1.0
1.0 1.0 1.0 1.0 1.0 1.0 1.0 1.0 1.0 1.0 1.0 1.0 1.0 1.0 1.0 1.0
1.0 1.0 1.0 1.0 1.0 1.0 1.0 1.0 1.0 1.0 1.0 1.0 1.0 1.0 1.0 1.0
1.0 1.0 1.0 1.0 1.0 1.0 1.0 1.0 1.0 1.0 1.0 1.0 1.0 1.0 1.0 1.0
1.0 1.0 1.0 1.0 1.0 1.0 1.0 1.0 1.0 1.0 1.0 1.0 1.0 1.0 1.0 1.0
1.0 1.0 1.0 1.0 1.0 1.0 1.0 1.0 1.0 1.0 1.0 1.0 1.0 1.0 1.0 1.0
1.0 1.0 1.0 1.0 1.0 1.0 1.0 1.0 1.0 1.0 1.0 1.0 1.0 1.0 1.0 1.0
1.0 1.0 1.0 1.0 1.0 1.0 1.0 1.0 1.0 1.0 1.0 1.0 1.0 1.0 1.0 1.0
1.0 1.0 1.0 1.0 1.0 1.0 1.0 1.0 1.0 1.0 1.0 1.0 1.0 1.0 1.0 1.0
1.0 1.0 1.0 1.0 1.0 1.0 1.0 1.0 1.0 1.0 1.0 1.0 1.0 1.0 1.0 1.0
1.0 1.0 1.0 1.0 1.0 1.0 1.0 1.0 1.0 1.0 1.0 1.0 1.0 1.0 1.0 1.0
1.0 1.0 1.0 1.0 1.0 1.0 1.0 1.0 1.0 1.0 1.0 1.0 1.0 1.0 1.0 1.0
1.0 1.0 1.0 1.0 1.0 1.0 1.0 1.0 1.0 1.0 1.0 1.0 1.0 1.0 1.0 1.0
1.0 1.0 1.0 1.0 1.0 1.0 1.0 1.0 1.0 1.0 1.0 1.0 1.0 1.0 1.0 1.0
1.0 1.0 1.0 1.0 1.0 1.0 1.0 1.0 1.0 1.0 1.0 1.0 1.0 1.0 1.0 1.0
1.0 1.0 1.0 1.0 1.0 1.0 1.0 1.0 1.0 1.0 1.0 1.0 1.0 1.0 1.0 1.0
1.0 1.0 1.0 1.0 1.0 1.0 1.0 1.0 1.0 1.0 1.0 1.0 1.0 1.0 1.0 1.0
1.0 1.0 1.0 1.0 1.0 1.0 1.0 1.0 1.0 1.0 1.0 1.0 1.0 1.0 1.0 1.0
1.0 1.0 1.0 1.0 1.0 1.0 1.0 1.0 1.0 1.0 1.0 1.0 1.0 1.0 1.0 1.0
1.0 1.0 1.0 1.0 1.0 1.0 1.0 1.0 1.0 1.0 1.0 1.0 1.0 1.0 1.0 1.0
1.0 1.0 1.0 1.0 1.0 1.0 1.0 1.0 1.0 1.0 1.0 1.0 1.0 1.0 1.0 1.0
1.0 1.0 1.0 1.0 1.0 1.0 1.0 1.0 1.0 1.0 1.0 1.0 1.0 1.0 1.0 1.0
1.0 1.0 1.0 1.0 1.0 1.0 1.0 1.0 1.0 1.0 1.0 1.0 1.0 1.0 1.0 1.0
1.0 1.0 1.0 1.0 1.0 1.0 1.0 1.0 1.0 1.0 1.0 1.0 1.0 1.0 1.0 1.0
1.0 1.0 1.0 1.0 1.0 1.0 1.0 1.0 1.0 1.0 1.0 1.0 1.0 1.0 1.0 1.0
1.0 1.0 1.0 1.0 1.0 1.0 1.0 1.0 1.0 1.0 1.0 1.0 1.0 1.0 1.0 1.0
1.0 1.0 1.0 1.0 1.0 1.0 1.0 1.0 1.0 1.0 1.0 1.0 1.0 1.0 1.0 1.0
1.0 1.0 1.0 1.0 1.0 1.0 1.0 1.0 1.0 1.0 1.0 1.0 1.0 1.0 1.0 1.0
1.0 1.0 1.0 1.0 1.0 1.0 1.0 1.0 1.0 1.0 1.0 1.0 1.0 1.0 1.0 1.0
1.0 1.0 1.0 1.0 1.0 1.0 1.0 1.0 1.0 1.0 1.0 1.0 1.0 1.0 1.0 1.0
1.0 1.0 1.0 1.0 1.0 1.0 1.0 1.0 1.0 1.0 1.0 1.0 1.0 1.0 1.0 1.0
1.0 1.0 1.0 1.0 1.0 1.0 1.0 1.0 1.0 1.0 1.0 1.0 1.0 1.0 1.0 1.0
1.0 1.0 1.0 1.0 1.0 1.0 1.0 1.0 1.0 1.0 1.0 1.0 1.0 1.0 1.0 1.0
1.0 1.0 1.0 1.0 1.0 1.0 1.0 1.0 1.0 1.0 1.0 1.0 1.0 1.0 1.0 1.0
1.0 1.0 1.0 1.0 1.0 1.0 1.0 1.0 1.0 1.0 1.0 1.0 1.0 1.0 1.0 1.0
1.0 1.0 1.0 1.0 1.0 1.0 1.0 1.0 1.0 1.0 1.0 1.0 1.0 1.0 1.0 1.0
1.0 1.0 1.0 1.0 1.0 1.0 1.0 1.0 1.0 1.0 1.0 1.0 1.0 1.0 1.0 1.0
1.0 1.0 1.0 1.0 1.0 1.0 1.0 1.0 1.0 1.0 1.0 1.0 1.0 1.0 1.0 1.0
1.0 1.0 1.0 1.0 1.0 1.0 1.0 1.0 1.0 1.0 1.0 1.0 1.0 1.0 1.0 1.0
1.0 1.0 1.0 1.0 1.0 1.0 1.0 1.0 1.0 1.0 1.0 1.0 1.0 1.0 1.0 1.0
1.0 1.0 1.0 1.0 1.0 1.0 1.0 1.0 1.0 1.0 1.0 1.0 1.0 1.0 1.0 1.0
1.0 1.0 1.0 1.0 1.0 1.0 1.0 1.0 1.0 1.0 1.0 1.0 1.0 1.0 1.0 1.0
1.0 1.0 1.0 1.0 1.0 1.0 1.0 1.0 1.0 1.0 1.0 1.0 1.0 1.0 1.0 1.0
1.0 1.0 1.0 1.0 1.0 1.0 1.0 1.0 1.0 1.0 1.0 1.0 1.0 1.0 1.0 1.0
1.0 1.0 1.0 1.0 1.0 1.0 1.0 1.0 1.0 1.0 1.0 1.0 1.0 1.0 1.0 1.0
1.0 1.0 1.0 1.0 1.0 1.0 1.0 1.0 1.0 1.0 1.0 1.0 1.0 1.0 1.0 1.0
1.0 1.0 1.0 1.0 1.0 1.0 1.0 1.0 1.0 1.0 1.0 1.0 1.0 1.0 1.0 1.0
1.0 1.0 1.0 1.0 1.0 1.0 1.0 1.0 1.0 1.0 1.0 1.0 1.0 1.0 1.0 1.0
1.0 1.0 1.0 1.0 1.0 1.0 1.0 1.0 1.0 1.0 1.0 1.0 1.0 1.0 1.0 1.0
1.0 1.0 1.0 1.0 1.0 1.0 1.0 1.0 1.0 1.0 1.0 1.0 1.0 1.0 1.0 1.0
1.0 1.0 1.0 1.0 1.0 1.0 1.0 1.0 1.0 1.0 1.0 1.0 1.0 1.0 1.0 1.0
1.0 1.0 1.0 1.0 1.0 1.0 1.0 1.0 1.0 1.0 1.0 1.0 1.0 1.0 1.0 1.0
1.0 1.0 1.0 1.0 1.0 1.0 1.0 1.0 1.0 1.0 1.0 1.0 1.0 1.0 1.0 1.0
1.0 1.0 1.0 1.0 1.0 1.0 1.0 1.0 1.0 1.0 1.0 1.0 1.0 1.0 1.0 1.0
1.0 1.0 1.0 1.0 1.0 1.0 1.0 1.0 1.0 1.0 1.0 1.0 1.0 1.0 1.0 1.0
1.0 1.0 1.0 1.0 1.0 1.0 1.0 1.0 1.0 1.0 1.0 1.0 1.0 1.0 1.0 1.0
1.0 1.0 1.0 1.0 1.0 1.0 1.0 1.0 1.0 1.0 1.0 1.0 1.0 1.0 1.0 1.0
1.0 1.0 1.0 1.0 1.0 1.0 1.0 1.0 1.0 1.0 1.0 1.0 1.0 1.0 1.0 1.0
1.0 1.0 1.0 1.0 1.0 1.0 1.0 1.0 1.0 1.0 1.0 1.0 1.0 1.0 1.0 1.0
1.0 1.0 1.0 1.0 1.0 1.0 1.0 1.0 1.0 1.0 1.0 1.0 1.0 1.0 1.0 1.0
1.0 1.0 1.0 1.0 1.0 1.0 1.0 1.0 1.0 1.0 1.0 1.0 1.0 1.0 1.0 1.0
1.0 1.0 1.0 1.0 1.0 1.0 1.0 1.0 1.0 1.0 1.0 1.0 1.0 1.0 1.0 1.0
1.0 1.0 1.0 1.0 1.0 1.0 1.0 1.0 1.0 1.0 1.0 1.0 1.0 1.0 1.0 1.0
1.0 1.0 1.0 1.0 1.0 1.0 1.0 1.0 1.0 1.0 1.0 1.0 1.0 1.0 1.0 1.0
1.0 1.0 1.0 1.0 1.0 1.0 1.0 1.0 1.0 1.0 1.0 1.0 1.0 1.0 1.0 1.0
1.0 1.0 1.0 1.0 1.0 1.0 1.0 1.0 1.0 1.0 1.0 1.0 1.0 1.0 1.0 1.0
1.0 1.0 1.0 1.0 1.0 1.0 1.0 1.0 1.0 1.0 1.0 1.0 1.0 1.0 1.0 1.0
1.0 1.0 1.0 1.0 1.0 1.0 1.0 1.0 1.0 1.0 1.0 1.0 1.0 1.0 1.0 1.0
1.0 1.0 1.0 1.0 1.0 1.0 1.0 1.0 1.0 1.0 1.0 1.0 1.0 1.0 1.0 1.0
1.0 1.0 1.0 1.0 1.0 1.0 1.0 1.0 1.0 1.0 1.0 1.0 1.0 1.0 1.0 1.0
1.0 1.0 1.0 1.0 1.0 1.0 1.0 1.0 1.0 1.0 1.0 1.0 1.0 1.0 1.0 1.0
1.0 1.0 1.0 1.0 1.0 1.0 1.0 1.0 1.0 1.0 1.0 1.0 1.0 1.0 1.0 1.0
1.0 1.0 1.0 1.0 1.0 1.0 1.0 1.0 1.0 1.0 1.0 1.0 1.0 1.0 1.0 1.0
1.0 1.0 1.0 1.0 1.0 1.0 1.0 1.0 1.0 1.0 1.0 1.0 1.0 1.0 1.0 1.0
1.0 1.0 1.0 1.0 1.0 1.0 1.0 1.0 1.0 1.0 1.0 1.0 1.0 1.0 1.0 1.0
1.0 1.0 1.0 1.0 1.0 1.0 1.0 1.0 1.0 1.0 1.0 1.0 1.0 1.0 1.0 1.0
1.0 1.0 1.0 1.0 1.0 1.0 1.0 1.0 1.0 1.0 1.0 1.0 1.0 1.0 1.0 1.0
1.0 1.0 1.0 1.0 1.0 1.0 1.0 1.0 1.0 1.0 1.0 1.0 1.0 1.0 1.0 1.0
1.0 1.0 1.0 1.0 1.0 1.0 1.0 1.0 1.0 1.0 1.0 1.0 1.0 1.0 1.0 1.0
1.0 1.0 1.0 1.0 1.0 1.0 1.0 1.0 1.0 1.0 1.0 1.0 1.0 1.0 1.0 1.0
1.0 1.0 1.0 1.0 1.0 1.0 1.0 1.0 1.0 1.0 1.0 1.0 1.0 1.0 1.0 1.0
1.0 1.0 1.0 1.0 1.0 1.0 1.0 1.0 1.0 1.0 1.0 1.0 1.0 1.0 1.0 1.0
1.0 1.0 1.0 1.0 1.0 1.0 1.0 1.0 1.0 1.0 1.0 1.0 1.0 1.0 1.0 1.0
1.0 1.0 1.0 1.0 1.0 1.0 1.0 1.0 1.0 1.0 1.0 1.0 1.0 1.0 1.0 1.0
1.0 1.0 1.0 1.0 1.0 1.0 1.0 1.0 1.0 1.0 1.0 1.0 1.0 1.0 1.0 1.0
1.0 1.0 1.0 1.0 1.0 1.0 1.0 1.0 1.0 1.0 1.0 1.0 1.0 1.0 1.0 1.0
1.0 1.0 1.0 1.0 1.0 1.0 1.0 1.0 1.0 1.0 1.0 1.0 1.0 1.0 1.0 1.0
1.0 1.0 1.0 1.0 1.0 1.0 1.0 1.0 1.0 1.0 1.0 1.0 1.0 1.0 1.0 1.0
1.0 1.0 1.0 1.0 1.0 1.0 1.0 1.0 1.0 1.0 1.0 1.0 1.0 1.0 1.0 1.0
1.0 1.0 1.0 1.0 1.0 1.0 1.0 1.0 1.0 1.0 1.0 1.0 1.0 1.0 1.0 1.0
1.0 1.0 1.0 1.0 1.0 1.0 1.0 1.0 1.0 1.0 1.0 1.0 1.0 1.0 1.0 1.0
1.0 1.0 1.0 1.0 1.0 1.0 1.0 1.0 1.0 1.0 1.0 1.0 1.0 1.0 1.0 1.0
1.0 1.0 1.0 1.0 1.0 1.0 1.0 1.0 1.0 1.0 1.0 1.0 1.0 1.0 1.0 1.0
1.0 1.0 1.0 1.0 1.0 1.0 1.0 1.0 1.0 1.0 1.0 1.0 1.0 1.0 1.0 1.0
1.0 1.0 1.0 1.0 1.0 1.0 1.0 1.0 1.0 1.0 1.0 1.0 1.0 1.0 1.0 1.0
1.0 1.0 1.0 1.0 1.0 1.0 1.0 1.0 1.0 1.0 1.0 1.0 1.0 1.0 1.0 1.0
1.0 1.0 1.0 1.0 1.0 1.0 1.0 1.0 1.0 1.0 1.0 1.0 1.0 1.0 1.0 1.0
1.0 1.0 1.0 1.0 1.0 1.0 1.0 1.0 1.0 1.0 1.0 1.0 1.0 1.0 1.0 1.0
1.0 1.0 1.0 1.0 1.0 1.0 1.0 1.0 1.0 1.0 1.0 1.0 1.0 1.0 1.0 1.0
1.0 1.0 1.0 1.0 1.0 1.0 1.0 1.0 1.0 1.0 1.0 1.0 1.0 1.0 1.0 1.0
1.0 1.0 1.0 1.0 1.0 1.0 1.0 1.0 1.0 1.0 1.0 1.0 1.0 1.0 1.0 1.0
1.0 1.0 1.0 1.0 1.0 1.0 1.0 1.0 1.0 1.0 1.0 1.0 1.0 1.0 1.0 1.0
1.0 1.0 1.0 1.0 1.0 1.0 1.0 1.0 1.0 1.0 1.0 1.0 1.0 1.0 1.0 1.0
1.0 1.0 1.0 1.0 1.0 1.0 1.0 1.0 1.0 1.0 1.0 1.0 1.0 1.0 1.0 1.0
1.0 1.0 1.0 1.0 1.0 1.0 1.0 1.0 1.0 1.0 1.0 1.0 1.0 1.0 1.0 1.0
1.0 1.0 1.0 1.0 1.0 1.0 1.0 1.0 1.0 1.0 1.0 1.0 1.0 1.0 1.0 1.0
1.0 1.0 1.0 1.0 1.0 1.0 1.0 1.0 1.0 1.0 1.0 1.0 1.0 1.0 1.0 1.0
1.0 1.0 1.0 1.0 1.0 1.0 1.0 1.0 1.0 1.0 1.0 1.0 1.0 1.0 1.0 1.0
1.0 1.0 1.0 1.0 1.0 1.0 1.0 1.0 1.0 1.0 1.0 1.0 1.0 1.0 1.0 1.0
1.0 1.0 1.0 1.0 1.0 1.0 1.0 1.0 1.0 1.0 1.0 1.0 1.0 1.0 1.0 1.0
1.0 1.0 1.0 1.0 1.0 1.0 1.0 1.0 1.0 1.0 1.0 1.0 1.0 1.0 1.0 1.0
1.0 1.0 1.0 1.0 1.0 1.0 1.0 1.0 1.0 1.0 1.0 1.0 1.0 1.0 1.0 1.0
1.0 1.0 1.0 1.0 1.0 1.0 1.0 1.0 1.0 1.0 1.0 1.0 1.0 1.0 1.0 1.0
1.0 1.0 1.0 1.0 1.0 1.0 1.0 1.0 1.0 1.0 1.0 1.0 1.0 1.0 1.0 1.0
1.0 1.0 1.0 1.0 1.0 1.0 1.0 1.0 1.0 1.0 1.0 1.0 1.0 1.0 1.0 1.0
1.0 1.0 1.0 1.0 1.0 1.0 1.0 1.0 1.0 1.0 1.0 1.0 1.0 1.0 1.0 1.0
1.0 1.0 1.0 1.0 1.0 1.0 1.0 1.0 1.0 1.0 1.0 1.0 1.0 1.0 1.0 1.0
1.0 1.0 1.0 1.0 1.0 1.0 1.0 1.0 1.0 1.0 1.0 1.0 1.0 1.0 1.0 1.0
1.0 1.0 1.0 1.0 1.0 1.0 1.0 1.0 1.0 1.0 1.0 1.0 1.0 1.0 1.0 1.0
1.0 1.0 1.0 1.0 1.0 1.0 1.0 1.0 1.0 1.0 1.0 1.0 1.0 1.0 1.0 1.0
1.0 1.0 1.0 1.0 1.0 1.0 1.0 1.0 1.0 1.0 1.0 1.0 1.0 1.0 1.0 1.0
1.0 1.0 1.0 1.0 1.0 1.0 1.0 1.0 1.0 1.0 1.0 1.0 1.0 1.0 1.0 1.0
1.0 1.0 1.0 1.0 1.0 1.0 1.0 1.0 1.0 1.0 1.0 1.0 1.0 1.0 1.0 1.0
1.0 1.0 1.0 1.0 1.0 1.0 1.0 1.0 1.0 1.0 1.0 1.0 1.0 1.0 1.0 1.0
1.0 1.0 1.0 1.0 1.0 1.0 1.0 1.0 1.0 1.0 1.0 1.0 1.0 1.0 1.0 1.0
1.0 1.0 1.0 1.0 1.0 1.0 1.0 1.0 1.0 1.0 1.0 1.0 1.0 1.0 1.0 1.0
1.0 1.0 1.0 1.0 1.0 1.0 1.0 1.0 1.0 1.0 1.0 1.0 1.0 1.0 1.0 1.0
1.0 1.0 1.0 1.0 1.0 1.0 1.0 1.0 1.0 1.0 1.0 1.0 1.0 1.0 1.0 1.0
1.0 1.0 1.0 1.0 1.0 1.0 1.0 1.0 1.0 1.0 1.0 1.0 1.0 1.0 1.0 1.0
1.0 1.0 1.0 1.0 1.0 1.0 1.0 1.0 1.0 1.0 1.0 1.0 1.0 1.0 1.0 1.0
1.0 1.0 1.0 1.0 1.0 1.0 1.0 1.0 1.0 1.0 1.0 1.0 1.0 1.0 1.0 1.0
1.0 1.0 1.0 1.0 1.0 1.0 1.0 1.0 1.0 1.0 1.0 1.0 1.0 1.0 1.0 1.0
1.0 1.0 1.0 1.0 1.0 1.0 1.0 1.0 1.0 1.0 1.0 1.0 1.0 1.0 1.0 1.0
1.0 1.0 1.0 1.0 1.0 1.0 1.0 1.0 1.0 1.0 1.0 1.0 1.0 1.0 1.0 1.0
1.0 1.0 1.0 1.0 1.0 1.0 1.0 1.0 1.0 1.0 1.0 1.0 1.0 1.0 1.0 1.0
1.0 1.0 1.0 1.0 1.0 1.0 1.0 1.0 1.0 1.0 1.0 1.0 1.0 1.0 1.0 1.0
1.0 1.0 1.0 1.0 1.0 1.0 1.0 1.0 1.0 1.0 1.0 1.0 1.0 1.0 1.0 1.0
1.0 1.0 1.0 1.0 1.0 1.0 1.0 1.0 1.0 1.0 1.0 1.0 1.0 1.0 1.0 1.0
1.0 1.0 1.0 1.0 1.0 1.0 1.0 1.0 1.0 1.0 1.0 1.0 1.0 1.0 1.0 1.0
1.0 1.0 1.0 1.0 1.0 1.0 1.0 1.0 1.0 1.0 1.0 1.0 1.0 1.0 1.0 1.0
1.0 1.0 1.0 1.0 1.0 1.0 1.0 1.0 1.0 1.0 1.0 1.0 1.0 1.0 1.0 1.0
1.0 1.0 1.0 1.0 1.0 1.0 1.0 1.0 1.0 1.0 1.0 1.0 1.0 1.0 1.0 1.0
1.0 1.0 1.0 1.0 1.0 1.0 1.0 1.0 1.0 1.0 1.0 1.0 1.0 1.0 1.0 1.0
1.0 1.0 1.0 1.0 1.0 1.0 1.0 1.0 1.0 1.0 1.0 1.0 1.0 1.0 1.0 1.0
1.0 1.0 1.0 1.0 1.0 1.0 1.0 1.0 1.0 1.0 1.0 1.0 1.0 1.0 1.0 1.0
1.0 1.0 1.0 1.0 1.0 1.0 1.0 1.0 1.0 1.0 1.0 1.0 1.0 1.0 1.0 1.0
1.0 1.0 1.0 1.0 1.0 1.0 1.0 1.0 1.0 1.0 1.0 1.0 1.0 1.0 1.0 1.0
1.0 1.0 1.0 1.0 1.0 1.0 1.0 1.0 1.0 1.0 1.0 1.0 1.0 1.0 1.0 1.0
1.0 1.0 1.0 1.0 1.0 1.0 1.0 1.0 1.0 1.0 1.0 1.0 1.0 1.0 1.0 1.0
1.0 1.0 1.0 1.0 1.0 1.0 1.0 1.0 1.0 1.0 1.0 1.0 1.0 1.0 1.0 1.0
1.0 1.0 1.0 1.0 1.0 1.0 1.0 1.0 1.0 1.0 1.0 1.0 1.0 1.0 1.0 1.0
1.0 1.0 1.0 1.0 1.0 1.0 1.0 1.0 1.0 1.0 1.0 1.0 1.0 1.0 1.0 1.0
1.0 1.0 1.0 1.0 1.0 1.0 1.0 1.0 1.0 1.0 1.0 1.0 1.0 1.0 1.0 1.0
1.0 1.0 1.0 1.0 1.0 1.0 1.0 1.0 1.0 1.0 1.0 1.0 1.0 1.0 1.0 1.0
1.0 1.0 1.0 1.0 1.0 1.0 1.0 1.0 1.0 1.0 1.0 1.0 1.0 1.0 1.0 1.0
1.0 1.0 1.0 1.0 1.0 1.0 1.0 1.0 1.0 1.0 1.0 1.0 1.0 1.0 1.0 1.0
1.0 1.0 1.0 1.0 1.0 1.0 1.0 1.0 1.0 1.0 1.0 1.0 1.0 1.0 1.0 1.0
1.0 1.0 1.0 1.0 1.0 1.0 1.0 1.0 1.0 1.0 1.0 1.0 1.0 1.0 1.0 1.0
1.0 1.0 1.0 1.0 1.0 1.0 1.0 1.0 1.0 1.0 1.0 1.0 1.0 1.0 1.0 1.0
1.0 1.0 1.0 1.0 1.0 1.0 1.0 1.0 1.0 1.0 1.0 1.0 1.0 1.0 1.0 1.0
1.0 1.0 1.0 1.0 1.0 1.0 1.0 1.0 1.0 1.0 1.0 1.0 1.0 1.0 1.0 1.0
1.0 1.0 1.0 1.0 1.0 1.0 1.0 1.0 1.0 1.0 1.0 1.0 1.0 1.0 1.0 1.0
1.0 1.0 1.0 1.0 1.0 1.0 1.0 1.0 1.0 1.0 1.0 1.0 1.0 1.0 1.0 1.0
1.0 1.0 1.0 1.0 1.0 1.0 1.0 1.0 1.0 1.0 1.0 1.0 1.0 1.0 1.0 1.0
1.0 1.0 1.0 1.0 1.0 1.0 1.0 1.0 1.0 1.0 1.0 1.0 1.0 1.0 1.0 1.0
1.0 1.0 1.0 1.0 1.0 1.0 1.0 1.0 1.0 1.0 1.0 1.0 1.0 1.0 1.0 1.0
1.0 1.0 1.0 1.0 1.0 1.0 1.0 1.0 1.0 1.0 1.0 1.0 1.0 1.0 1.0 1.0
1.0 1.0 1.0 1.0 1.0 1.0 1.0 1.0 1.0 1.0 1.0 1.0 1.0 1.0 1.0 1.0
1.0 1.0 1.0 1.0 1.0 1.0 1.0 1.0 1.0 1.0 1.0 1.0 1.0 1.0 1.0 1.0
1.0 1.0 1.0 1.0 1.0 1.0 1.0 1.0 1.0 1.0 1.0 1.0 1.0 1.0 1.0 1.0
1.0 1.0 1.0 1.0 1.0 1.0 1.0 1.0 1.0 1.0 1.0 1.0 1.0 1.0 1.0 1.0
1.0 1.0 1.0 1.0 1.0 1.0 1.0 1.0 1.0 1.0 1.0 1.0 1.0 1.0 1.0 1.0
1.0 1.0 1.0 1.0 1.0 1.0 1.0 1.0 1.0 1.0 1.0 1.0 1.0 1.0 1.0 1.0
1.0 1.0 1.0 1.0 1.0 1.0 1.0 1.0 1.0 1.0 1.0 1.0 1.0 1.0 1.0 1.0
1.0 1.0 1.0 1.0 1.0 1.0 1.0 1.0 1.0 1.0 1.0 1.0 1.0 1.0 1.0 1.0
1.0 1.0 1.0 1.0 1.0 1.0 1.0 1.0 1.0 1.0 1.0 1.0 1.0 1.0 1.0 1.0
1.0 1.0 1.0 1.0 1.0 1.0 1.0 1.0 1.0 1.0 1.0 1.0 1.0 1.0 1.0 1.0
1.0 1.0 1.0 1.0 1.0 1.0 1.0 1.0 1.0 1.0 1.0 1.0 1.0 1.0 1.0 1.0
1.0 1.0 1.0 1.0 1.0 1.0 1.0 1.0 1.0 1.0 1.0 1.0 1.0 1.0 1.0 1.0
1.0 1.0 1.0 1.0 1.0 1.0 1.0 1.0 1.0 1.0 1.0 1.0 1.0 1.0 1.0 1.0
1.0 1.0 1.0 1.0 1.0 1.0 1.0 1.0 1.0 1.0 1.0 1.0 1.0 1.0 1.0 1.0
1.0 1.0 1.0 1.0 1.0 1.0 1.0 1.0 1.0 1.0 1.0 1.0 1.0 1.0 1.0 1.0
1.0 1.0 1.0 1.0 1.0 1.0 1.0 1.0 1.0 1.0 1.0 1.0 1.0 1.0 1.0 1.0
1.0 1.0 1.0 1.0 1.0 1.0 1.0 1.0 1.0 1.0 1.0 1.0 1.0 1.0 1.0 1.0
1.0 1.0 1.0 1.0 1.0 1.0 1.0 1.0 1.0 1.0 1.0 1.0 1.0 1.0 1.0 1.0
1.0 1.0 1.0 1.0 1.0 1.0 1.0 1.0 1.0 1.0 1.0 1.0 1.0 1.0 1.0 1.0
1.0 1.0 1.0 1.0 1.0 1.0 1.0 1.0 1.0 1.0 1.0 1.0 1.0 1.0 1.0 1.0
1.0 1.0 1.0 1.0 1.0 1.0 1.0 1.0 1.0 1.0 1.0 1.0 1.0 1.0 1.0 1.0
1.0 1.0 1.0 1.0 1.0 1.0 1.0 1.0 1.0 1.0 1.0 1.0 1.0 1.0 1.0 1.0
1.0 1.0 1.0 1.0 1.0 1.0 1.0 1.0 1.0 1.0 1.0 1.0 1.0 1.0 1.0 1.0
1.0 1.0 1.0 1.0 1.0 1.0 1.0 1.0 1.0 1.0 1.0 1.0 1.0 1.0 1.0 1.0
1.0 1.0 1.0 1.0 1.0 1.0 1.0 1.0 1.0 1.0 1.0 1.0 1.0 1.0 1.0 1.0
1.0 1.0 1.0 1.0 1.0 1.0 1.0 1.0 1.0 1.0 1.0 1.0 1.0 1.0 1.0 1.0
1.0 1.0 1.0 1.0 1.0 1.0 1.0 1.0 1.0 1.0 1.0 1.0 1.0 1.0 1.0 1.0
1.0 1.0 1.0 1.0 1.0 1.0 1.0 1.0 1.0 1.0 1.0 1.0 1.0 1.0 1.0 1.0
1.0 1.0 1.0 1.0 1.0 1.0 1.0 1.0 1.0 1.0 1.0 1.0 1.0 1.0 1.0 1.0
1.0 1.0 1.0 1.0 1.0 1.0 1.0 1.0 1.0 1.0 1.0 1.0 1.0 1.0 1.0 1.0
1.0 1.0 1.0 1.0 1.0 1.0 1.0 1.0 1.0 1.0 1.0 1.0 1.0 1.0 1.0 1.0
1.0 1.0 1.0 1.0 1.0 1.0 1.0 1.0 1.0 1.0 1.0 1.0 1.0 1.0 1.0 1.0
1.0 1.0 1.0 1.0 1.0 1.0 1.0 1.0 1.0 1.0 1.0 1.0 1.0 1.0 1.0 1.0
1.0 1.0 1.0 1.0 1.0 1.0 1.0 1.0 1.0 1.0 1.0 1.0 1.0 1.0 1.0 1.0
1.0 1.0 1.0 1.0 1.0 1.0 1.0 1.0 1.0 1.0 1.0 1.0 1.0 1.0 1.0 1.0
1.0 1.0 1.0 1.0 1.0 1.0 1.0 1.0 1.0 1.0 1.0 1.0 1.0 1.0 1.0 1.0
1.0 1.0 1.0 1.0 1.0 1.0 1.0 1.0 1.0 1.0 1.0 1.0 1.0 1.0 1.0 1.0
1.0 1.0 1.0 1.0 1.0 1.0 1.0 1.0 1.0 1.0 1.0 1.0 1.0 1.0 1.0 1.0
1.0 1.0 1.0 1.0 1.0 1.0 1.0 1.0 1.0 1.0 1.0 1.0 1.0 1.0 1.0 1.0
1.0 1.0 1.0 1.0 1.0 1.0 1.0 1.0 1.0 1.0 1.0 1.0 1.0 1.0 1.0 1.0
1.0 1.0 1.0 1.0 1.0 1.0 1.0 1.0 1.0 1.0 1.0 1.0 1.0 1.0 1.0 1.0
1.0 1.0 1.0 1.0 1.0 1.0 1.0 1.0 1.0 1.0 1.0 1.0 1.0 1.0 1.0 1.0
1.0 1.0 1.0 1.0 1.0 1.0 1.0 1.0 1.0 1.0 1.0 1.0 1.0 1.0 1.0 1.0
1.0 1.0 1.0 1.0 1.0 1.0 1.0 1.0 1.0 1.0 1.0 1.0 1.0 1.0 1.0 1.0
1.0 1.0 1.0 1.0 1.0 1.0 1.0 1.0 1.0 1.0 1.0 1.0 1.0 1.0 1.0 1.0
1.0 1.0 1.0 1.0 1.0 1.0 1.0 1.0 1.0 1.0 1.0 1.0 1.0 1.0 1.0 1.0
1.0 1.0 1.0 1.0 1.0 1.0 1.0 1.0 1.0 1.0 1.0 1.0 1.0 1.0 1.0 1.0
1.0 1.0 1.0 1.0 1.0 1.0 1.0 1.0 1.0 1.0 1.0 1.0 1.0 1.0 1.0 1.0
1.0 1.0 1.0 1.0 1.0 1.0 1.0 1.0 1.0 1.0 1.0 1.0 1.0 1.0 1.0 1.0
1.0 1.0 1.0 1.0 1.0 1.0 1.0 1.0 1.0 1.0 1.0 1.0 1.0 1.0 1.0 1.0
1.0 1.0 1.0 1.0 1.0 1.0 1.0 1.0 1.0 1.0 1.0 1.0 1.0 1.0 1.0 1.0
1.0 1.0 1.0 1.0 1.0 1.0 1.0 1.0 1.0 1.0 1.0 1.0 1.0 1.0 1.0 1.0
1.0 1.0 1.0 1.0 1.0 1.0 1.0 1.0 1.0 1.0 1.0 1.0 1.0 1.0 1.0 1.0
1.0 1.0 1.0 1.0 1.0 1.0 1.0 1.0 1.0 1.0 1.0 1.0 1.0 1.0 1.0 1.0
1.0 1.0 1.0 1.0 1.0 1.0 1.0 1.0 1.0 1.0 1.0 1.0 1.0 1.0 1.0 1.0
1.0 1.0 1.0 1.0 1.0 1.0 1.0 1.0 1.0 1.0 1.0 1.0 1.0 1.0 1.0 1.0
1.0 1.0 1.0 1.0 1.0 1.0 1.0 1.0 1.0 1.0 1.0 1.0 1.0 1.0 1.0 1.0
1.0 1.0 1.0 1.0 1.0 1.0 1.0 1.0 1.0 1.0 1.0 1.0 1.0 1.0 1.0 1.0
1.0 1.0 1.0 1.0 1.0 1.0 1.0 1.0 1.0 1.0 1.0 1.0 1.0 1.0 1.0 1.0
1.0 1.0 1.0 1.0 1.0 1.0 1.0 1.0 1.0 1.0 1.0 1.0 1.0 1.0 1.0 1.0
1.0 1.0 1.0 1.0 1.0 1.0 1.0 1.0 1.0 1.0 1.0 1.0 1.0 1.0 1.0 1.0
1.0 1.0 1.0 1.0 1.0 1.0 1.0 1.0 1.0 1.0 1.0 1.0 1.0 1.0 1.0 1.0
1.0 1.0 1.0 1.0 1.0 1.0 1.0 1.0 1.0 1.0 1.0 1.0 1.0 1.0 1.0 1.0
1.0 1.0 1.0 1.0 1.0 1.0 1.0 1.0 1.0 1.0 1.0 1.0 1.0 1.0 1.0 1.0
1.0 1.0 1.0 1.0 1.0 1.0 1.0 1.0 1.0 1.0 1.0 1.0 1.0 1.0 1.0 1.0
1.0 1.0 1.0 1.0 1.0 1.0 1.0 1.0 1.0 1.0 1.0 1.0 1.0 1.0 1.0 1.0
1.0 1.0 1.0 1.0 1.0 1.0 1.0 1.0 1.0 1.0 1.0 1.0 1.0 1.0 1.0 1.0
1.0 1.0 1.0 1.0 1.0 1.0 1.0 1.0 1.0 1.0 1.0 1.0 1.0 1.0 1.0 1.0
1.0 1.0 1.0 1.0 1.0 1.0 1.0 1.0 1.0 1.0 1.0 1.0 1.0 1.0 1.0 1.0
1.0 1.0 1.0 1.0 1.0 1.0 1.0 1.0 1.0 1.0 1.0 1.0 1.0 1.0 1.0 1.0
1.0 1.0 1.0 1.0 1.0 1.0 1.0 1.0 1.0 1.0 1.0 1.0 1.0 1.0 1.0 1.0
1.0 1.0 1.0 1.0 1.0 1.0 1.0 1.0 1.0 1.0 1.0 1.0 1.0 1.0 1.0 1.0
1.0 1.0 1.0 1.0 1.0 1.0 1.0 1.0 1.0 1.0 1.0 1.0 1.0 1.0 1.0 1.0
1.0 1.0 1.0 1.0 1.0 1.0 1.0 1.0 1.0 1.0 1.0 1.0 1.0 1.0 1.0 1.0
1.0 1.0 1.0 1.0 1.0 1.0 1.0 1.0 1.0 1.0 1.0 1.0 1.0 1.0 1.0 1.0
1.0 1.0 1.0 1.0 1.0 1.0 1.0 1.0 1.0 1.0 1.0 1.0 1.0 1.0 1.0 1.0
1.0 1.0 1.0 1.0 1.0 1.0 1.0 1.0 1.0 1.0 1.0 1.0 1.0 1.0 1.0 1.0
1.0 1.0 1.0 1.0 1.0 1.0 1.0 1.0 1.0 1.0 1.0 1.0 1.0 1.0 1.0 1.0
1.0 1.0 1.0 1.0 1.0 1.0 1.0 1.0 1.0 1.0 1.0 1.0 1.0 1.0 1.0 1.0
1.0 1.0 1.0 1.0 1.0 1.0 1.0 1.0 1.0 1.0 1.0 1.0 1.0 1.0 1.0 1.0
1.0 1.0 1.0 1.0 1.0 1.0 1.0 1.0 1.0 1.0 1.0 1.0 1.0 1.0 1.0 1.0
1.0 1.0 1.0 1.0 1.0 1.0 1.0 1.0 1.0 1.0 1.0 1.0 1.0 1.0 1.0 1.0
1.0 1.0 1.0 1.0 1.0 1.0 1.0 1.0 1.0 1.0 1.0 1.0 1.0 1.0 1.0 1.0
1.0 1.0 1.0 1.0 1.0 1.0 1.0 1.0 1.0 1.0 1.0 1.0 1.0 1.0 1.0 1.0
1.0 1.0 1.0 1.0 1.0 1.0 1.0 1.0 1.0 1.0 1.0 1.0 1.0 1.0 1.0 1.0
1.0 1.0 1.0 1.0 1.0 1.0 1.0 1.0 1.0 1.0 1.0 1.0 1.0 1.0 1.0 1.0
1.0 1.0 1.0 1.0 1.0 1.0 1.0 1.0 1.0 1.0 1.0 1.0 1.0 1.0 1.0 1.0
1.0 1.0 1.0 1.0 1.0 1.0 1.0 1.0 1.0 1.0 1.0 1.0 1.0 1.0 1.0 1.0
1.0 1.0 1.0 1.0 1.0 1.0 1.0 1.0 1.0 1.0 1.0 1.0 1.0 1.0 1.0 1.0
1.0 1.0 1.0 1.0 1.0 1.0 1.0 1.0 1.0 1.0 1.0 1.0 1.0 1.0 1.0 1.0
1.0 1.0 1.0 1.0 1.0 1.0 1.0 1.0 1.0 1.0 1.0 1.0 1.0 1.0 1.0 1.0
1.0 1.0 1.0 1.0 1.0 1.0 1.0 1.0 1.0 1.0 1.0 1.0 1.0 1.0 1.0 1.0
1.0 1.0 1.0 1.0 1.0 1.0 1.0 1.0 1.0 1.0 1.0 1.0 1.0 1.0 1.0 1.0
1.0 1.0 1.0 1.0 1.0 1.0 1.0 1.0 1.0 1.0 1.0 1.0 1.0 1.0 1.0 1.0
1.0 1.0 1.0 1.0 1.0 1.0 1.0 1.0 1.0 1.0 1.0 1.0 1.0 1.0 1.0 1.0
1.0 1.0 1.0 1.0 1.0 1.0 1.0 1.0 1.0 1.0 1.0 1.0 1.0 1.0 1.0 1.0
1.0 1.0 1.0 1.0 1.0 1.0 1.0 1.0 1.0 1.0 1.0 1.0 1.0 1.0 1.0 1.0
1.0 1.0 1.0 1.0 1.0 1.0 1.0 1.0 1.0 1.0 1.0 1.0 1.0 1.0 1.0 1.0
1.0 1.0 1.0 1.0 1.0 1.0 1.0 1.0 1.0 1.0 1.0 1.0 1.0 1.0 1.0 1.0
1.0 1.0 1.0 1.0 1.0 1.0 1.0 1.0 1.0 1.0 1.0 1.0 1.0 1.0 1.0 1.0
1.0 1.0 1.0 1.0 1.0 1.0 1.0 1.0 1.0 1.0 1.0 1.0 1.0 1.0 1.0 1.0
1.0 1.0 1.0 1.0 1.0 1.0 1.0 1.0 1.0 1.0 1.0 1.0 1.0 1.0 1.0 1.0
1.0 1.0 1.0 1.0 1.0 1.0 1.0 1.0 1.0 1.0 1.0 1.0 1.0 1.0 1.0 1.0
1.0 1.0 1.0 1.0 1.0 1.0 1.0 1.0 1.0 1.0 1.0 1.0 1.0 1.0 1.0 1.0
1.0 1.0 1.0 1.0 1.0 1.0 1.0 1.0 1.0 1.0 1.0 1.0 1.0 1.0 1.0 1.0
1.0 1.0 1.0 1.0 1.0 1.0 1.0 1.0 1.0 1.0 1.0 1.0 1.0 1.0 1.0 1.0
1.0 1.0 1.0 1.0 1.0 1.0 1.0 1.0 1.0 1.0 1.0 1.0 1.0 1.0 1.0 1.0
1.0 1.0 1.0 1.0 1.0 1.0 1.0 1.0 1.0 1.0 1.0 1.0 1.0 1.0 1.0 1.0
1.0 1.0 1.0 1.0 1.0 1.0 1.0 1.0 1.0 1.0 1.0 1.0 1.0 1.0 1.0 1.0
1.0 1.0 1.0 1.0 1.0 1.0 1.0 1.0 1.0 1.0 1.0 1.0 1.0 1.0 1.0 1.0
1.0 1.0 1.0 1.0 1.0 1.0 1.0 1.0 1.0 1.0 1.0 1.0 1.0 1.0 1.0 1.0
1.0 1.0 1.0 1.0 1.0 1.0 1.0 1.0 1.0 1.0 1.0 1.0 1.0 1.0 1.0 1.0
1.0 1.0 1.0 1.0 1.0 1.0 1.0 1.0 1.0 1.0 1.0 1.0 1.0 1.0 1.0 1.0
1.0 1.0 1.0 1.0 1.0 1.0 1.0 1.0 1.0 1.0 1.0 1.0 1.0 1.0 1.0 1.0
1.0 1.0 1.0 1.0 1.0 1.0 1.0 1.0 1.0 1.0 1.0 1.0 1.0 1.0 1.0 1.0
1.0 1.0 1.0 1.0 1.0 1.0 1.0 1.0 1.0 1.0 1.0 1.0 1.0 1.0 1.0 1.0
1.0 1.0 1.0 1.0 1.0 1.0 1.0 1.0 1.0 1.0 1.0 1.0 1.0 1.0 1.0 1.0
1.0 1.0 1.0 1.0 1.0 1.0 1.0 1.0 1.0 1.0 1.0 1.0 1.0 1.0 1.0 1.0
1.0 1.0 1.0 1.0 1.0 1.0 1.0 1.0 1.0 1.0 1.0 1.0 1.0 1.0 1.0 1.0
1.0 1.0 1.0 1.0 1.0 1.0 1.0 1.0 1.0 1.0 1.0 1.0 1.0 1.0 1.0 1.0
1.0 1.0 1.0 1.0 1.0 1.0 1.0 1.0 1.0 1.0 1.0 1.0 1.0 1.0 1.0 1.0
1.0 1.0 1.0 1.0 1.0 1.0 1.0 1.0 1.0 1.0 1.0 1.0 1.0 1.0 1.0 1.0
1.0 1.0 1.0 1.0 1.0 1.0 1.0 1.0 1.0 1.0 1.0 1.0 1.0 1.0 1.0 1.0
1.0 1.0 1.0 1.0 1.0 1.0 1.0 1.0 1.0 1.0 1.0 1.0 1.0 1.0 1.0 1.0
1.0 1.0 1.0 1.0 1.0 1.0 1.0 1.0 1.0 1.0 1.0 1.0 1.0 1.0 1.0 1.0
1.0 1.0 1.0 1.0 1.0 1.0 1.0 1.0 1.0 1.0 1.0 1.0 1.0 1.0 1.0 1.0
1.0 1.0 1.0 1.0 1.0 1.0 1.0 1.0 1.0 1.0 1.0 1.0 1.0 1.0 1.0 1.0
1.0 1.0 1.0 1.0 1.0 1.0 1.0 1.0 1.0 1.0 1.0 1.0 1.0 1.0 1.0 1.0
1.0 1.0 1.0 1.0 1.0 1.0 1.0 1.0 1.0 1.0 1.0 1.0 1.0 1.0 1.0 1.0
1.0 1.0 1.0 1.0 1.0 1.0 1.0 1.0 1.0 1.0 1.0 1.0 1.0 1.0 1.0 1.0
1.0 1.0 1.0 1.0 1.0 1.0 1.0 1.0 1.0 1.0 1.0 1.0 1.0 1.0 1.0 1.0
1.0 1.0 1.0 1.0 1.0 1.0 1.0 1.0 1.0 1.0 1.0 1.0 1.0 1.0 1.0 1.0
1.0 1.0 1.0 1.0 1.0 1.0 1.0 1.0 1.0 1.0 1.0 1.0 1.0 1.0 1.0 1.0
1.0 1.0 1.0 1.0 1.0 1.0 1.0 1.0 1.0 1.0 1.0 1.0 1.0 1.0 1.0 1.0
1.0 1.0 1.0 1.0 1.0 1.0 1.0 1.0 1.0 1.0 1.0 1.0 1.0 1.0 1.0 1.0
1.0 1.0 1.0 1.0 1.0 1.0 1.0 1.0 1.0 1.0 1.0 1.0 1.0 1.0 1.0 1.0
1.0 1.0 1.0 1.0 1.0 1.0 1.0 1.0 1.0 1.0 1.0 1.0 1.0 1.0 1.0 1.0
1.0 1.0 1.0 1.0 1.0 1.0 1.0 1.0 1.0 1.0 1.0 1.0 1.0 1.0 1.0 1.0
1.0 1.0 1.0 1.0 1.0 1.0 1.0 1.0 1.0 1.0 1.0 1.0 1.0 1.0 1.0 1.0
1.0 1.0 1.0 1.0 1.0 1.0 1.0 1.0 1.0 1.0 1.0 1.0 1.0 1.0 1.0 1.0
1.0 1.0 1.0 1.0 1.0 1.0 1.0 1.0 1.0 1.0 1.0 1.0 1.0 1.0 1.0 1.0
1.0 1.0 1.0 1.0 1.0 1.0 1.0 1.0 1.0 1.0 1.0 1.0 1.0 1.0 1.0 1.0
1.0 1.0 1.0 1.0 1.0 1.0 1.0 1.0 1.0 1.0 1.0 1.0 1.0 1.0 1.0 1.0
1.0 1.0 1.0 1.0 1.0 1.0 1.0 1.0 1.0 1.0 1.0 1.0 1.0 1.0 1.0 1.0
1.0 1.0 1.0 1.0 1.0 1.0 1.0 1.0 1.0 1.0 1.0 1.0 1.0 1.0 1.0 1.0
1.0 1.0 1.0 1.0 1.0 1.0 1.0 1.0 1.0 1.0 1.0 1.0 1.0 1.0 1.0 1.0
1.0 1.0 1.0 1.0 1.0 1.0 1.0 1.0 1.0 1.0 1.0 1.0 1.0 1.0 1.0 1.0
1.0 1.0 1.0 1.0 1.0 1.0 1.0 1.0 1.0 1.0 1.0 1.0 1.0 1.0 1.0 1.0
1.0 1.0 1.0 1.0 1.0 1.0 1.0 1.0 1.0 1.0 1.0 1.0 1.0 1.0 1.0 1.0
1.0 1.0 1.0 1.0 1.0 1.0 1.0 1.0 1.0 1.0 1.0 1.0 1.0 1.0 1.0 1.0
1.0 1.0 1.0 1.0 1.0 1.0 1.0 1.0 1.0 1.0 1.0 1.0 1.0 1.0 1.0 1.0
1.0 1.0 1.0 1.0 1.0 1.0 1.0 1.0 1.0 1.0 1.0 1.0 1.0 1.0 1.0 1.0
1.0 1.0 1.0 1.0 1.0 1.0 1.0 1.0 1.0 1.0 1.0 1.0 1.0 1.0 1.0 1.0
1.0 1.0 1.0 1.0 1.0 1.0 1.0 1.0 1.0 1.0 1.0 1.0 1.0 1.0 1.0 1.0
1.0 1.0 1.0 1.0 1.0 1.0 1.0 1.0 1.0 1.0 1.0 1.0 1.0 1.0 1.0 1.0
1.0 1.0 1.0 1.0 1.0 1.0 1.0 1.0 1.0 1.0 1.0 1.0 1.0 1.0 1.0 1.0
1.0 1.0 1.0 1.0 1.0 1.0 1.0 1.0 1.0 1.0 1.0 1.0 1.0 1.0 1.0 1.0
1.0 1.0 1.0 1.0 1.0 1.0 1.0 1.0 1.0 1.0 1.0 1.0 1.0 1.0 1.0 1.0
1.0 1.0 1.0 1.0 1.0 1.0 1.0 1.0 1.0 1.0 1.0 1.0 1.0 1.0 1.0 1.0
1.0 1.0 1.0 1.0 1.0 1.0 1.0 1.0 1.0 1.0 1.0 1.0 1.0 1.0 1.0 1.0
1.0 1.0 1.0 1.0 1.0 1.0 1.0 1.0 1.0 1.0 1.0 1.0 1.0 1.0 1.0 1.0
1.0 1.0 1.0 1.0 1.0 1.0 1.0 1.0 1.0 1.0 1.0 1.0 1.0 1.0 1.0 1.0
1.0 1.0 1.0 1.0 1.0 1.0 1.0 1.0 1.0 1.0 1.0 1.0 1.0 1.0 1.0 1.0
1.0 1.0 1.0 1.0 1.0 1.0 1.0 1.0 1.0 1.0 1.0 1.0 1.0 1.0 1.0 1.0
1.0 1.0 1.0 1.0 1.0 1.0 1.0 1.0 1.0 1.0 1.0 1.0 1.0 1.0 1.0 1.0
1.0 1.0 1.0 1.0 1.0 1.0 1.0 1.0 1.0 1.0 1.0 1.0 1.0 1.0 1.0 1.0
1.0 1.0 1.0 1.0 1.0 1.0 1.0 1.0 1.0 1.0 1.0 1.0 1.0 1.0 1.0 1.0
1.0 1.0 1.0 1.0 1.0 1.0 1.0 1.0 1.0 1.0 1.0 1.0 1.0 1.0 1.0 1.0
1.0 1.0 1.0 1.0 1.0 1.0 1.0 1.0 1.0 1.0 1.0 1.0 1.0 1.0 1.0 1.0
1.0 1.0 1.0 1.0 1.0 1.0 1.0 1.0 1.0 1.0 1.0 1.0 1.0 1.0 1.0 1.0
1.0 1.0 1.0 1.0 1.0 1.0 1.0 1.0 1.0 1.0 1.0 1.0 1.0 1.0 1.0 1.0
1.0 1.0 1.0 1.0 1.0 1.0 1.0 1.0 1.0 1.0 1.0 1.0 1.0 1.0 1.0 1.0
1.0 1.0 1.0 1.0 1.0 1.0 1.0 1.0 1.0 1.0 1.0 1.0 1.0 1.0 1.0 1.0
1.0 1.0 1.0 1.0 1.0 1.0 1.0 1.0 1.0 1.0 1.0 1.0 1.0 1.0 1.0 1.0
1.0 1.0 1.0 1.0 1.0 1.0 1.0 1.0 1.0 1.0 1.0 1.0 1.0 1.0 1.0 1.0
1.0 1.0 1.0 1.0 1.0 1.0 1.0 1.0 1.0 1.0 1.0 1.0 1.0 1.0 1.0 1.0
1.0 1.0 1.0 1.0 1.0 1.0 1.0 1.0 1.0 1.0 1.0 1.0 1.0 1.0 1.0 1.0
1.0 1.0 1.0 1.0 1.0 1.0 1.0 1.0 1.0 1.0 1.0 1.0 1.0 1.0 1.0 1.0
1.0 1.0 1.0 1.0 1.0 1.0 1.0 1.0 1.0 1.0 1.0 1.0 1.0 1.0 1.0 1.0
1.0 1.0 1.0 1.0 1.0 1.0 1.0 1.0 1.0 1.0 1.0 1.0 1.0 1.0 1.0 1.0
1.0 1.0 1.0 1.0 1.0 1.0 1.0 1.0 1.0 1.0 1.0 1.0 1.0 1.0 1.0 1.0
1.0 1.0 1.0 1.0 1.0 1.0 1.0 1.0 1.0 1.0 1.0 1.0 1.0 1.0 1.0 1.0
1.0 1.0 1.0 1.0 1.0 1.0 1.0 1.0 1.0 1.0 1.0 1.0 1.0 1.0 1.0 1.0
1.0 1.0 1.0 1.0 1.0 1.0 1.0 1.0 1.0 1.0 1.0 1.0 1.0 1.0 1.0 1.0
1.0 1.0 1.0 1.0 1.0 1.0 1.0 1.0 1.0 1.0 1.0 1.0 1.0 1.0 1.0 1.0
1.0 1.0 1.0 1.0 1.0 1.0 1.0 1.0 1.0 1.0 1.0 1.0 1.0 1.0 1.0 1.0
1.0 1.0 1.0 1.0 1.0 1.0 1.0 1.0 1.0 1.0 1.0 1.0 1.0 1.0 1.0 1.0
1.0 1.0 1.0 1.0 1.0 1.0 1.0 1.0 1.0 1.0 1.0 1.0 1.0 1.0 1.0 1.0
1.0 1.0 1.0 1.0 1.0 1.0 1.0 1.0 1.0 1.0 1.0 1.0 1.0 1.0 1.0 1.0
1.0 1.0 1.0 1.0 1.0 1.0 1.0 1.0 1.0 1.0 1.0 1.0 1.0 1.0 1.0 1.0
1.0 1.0 1.0 1.0 1.0 1.0 1.0 1.0 1.0 1.0 1.0 1.0 1.0 1.0 1.0 1.0
1.0 1.0 1.0 1.0 1.0 1.0 1.0 1.0 1.0 1.0 1.0 1.0 1.0 1.0 1.0 1.0
1.0 1.0 1.0 1.0 1.0 1.0 1.0 1.0 1.0 1.0 1.0 1.0 1.0 1.0 1.0 1.0
1.0 1.0 1.0 1.0 1.0 1.0 1.0 1.0 1.0 1.0 1.0 1.0 1.0 1.0 1.0 1.0
1.0 1.0 1.0 1.0 1.0 1.0 1.0 1.0 1.0 1.0 1.0 1.0 1.0 1.0 1.0 1.0
1.0 1.0 1.0 1.0 1.0 1.0 1.0 1.0 1.0 1.0 1.0 1.0 1.0 1.0 1.0 1.0
1.0 1.0 1.0 1.0 1.0 1.0 1.0 1.0 1.0 1.0 1.0 1.0 1.0 1.0 1.0 1.0
1.0 1.0 1.0 1.0 1.0 1.0 1.0 1.0 1.0 1.0 1.0 1.0 1.0 1.0 1.0 1.0
1.0 1.0 1.0 1.0 1.0 1.0 1.0 1.0 1.0 1.0 1.0 1.0 1.0 1.0 1.0 1.0
1.0 1.0 1.0 1.0 1.0 1.0 1.0 1.0 1.0 1.0 1.0 1.0 1.0 1.0 1.0 1.0
1.0 1.0 1.0 1.0 1.0 1.0 1.0 1.0 1.0 1.0 1.0 1.0 1.0 1.0 1.0 1.0
1.0 1.0 1.0 1.0 1.0 1.0 1.0 1.0 1.0 1.0 1.0 1.0 1.0 1.0 1.0 1.0
1.0 1.0 1.0 1.0 1.0 1.0 1.0 1.0 1.0 1.0 1.0 1.0 1.0 1.0 1.0 1.0
1.0 1.0 1.0 1.0 1.0 1.0 1.0 1.0 1.0 1.0 1.0 1.0 1.0 1.0 1.0 1.0
1.0 1.0 1.0 1.0 1.0 1.0 1.0 1.0 1.0 1.0 1.0 1.0 1.0 1.0 1.0 1.0
1.0 1.0 1.0 1.0 1.0 1.0 1.0 1.0 1.0 1.0 1.0 1.0 1.0 1.0 1.0 1.0
1.0 1.0 1.0 1.0 1.0 1.0 1.0 1.0 1.0 1.0 1.0 1.0 1.0 1.0 1.0 1.0
1.0 1.0 1.0 1.0 1.0 1.0 1.0 1.0 1.0 1.0 1.0 1.0 1.0 1.0 1.0 1.0
1.0 1.0 1.0 1.0 1.0 1.0 1.0 1.0 1.0 1.0 1.0 1.0 1.0 1.0 1.0 1.0
1.0 1.0 1.0 1.0 1.0 1.0 1.0 1.0 1.0 1.0 1.0 1.0 1.0 1.0 1.0 1.0
1.0 1.0 1.0 1.0 1.0 1.0 1.0 1.0 1.0 1.0 1.0 1.0 1.0 1.0 1.0 1.0
1.0 1.0 1.0 1.0 1.0 1.0 1.0 1.0 1.0 1.0 1.0 1.0 1.0 1.0 1.0 1.0
1.0 1.0 1.0 1.0 1.0 1.0 1.0 1.0 1.0 1.0 1.0 1.0 1.0 1.0 1.0 1.0
1.0 1.0 1.0 1.0 1.0 1.0 1.0 1.0 1.0 1.0 1.0 1.0 1.0 1.0 1.0 1.0
1.0 1.0 1.0 1.0 1.0 1.0 1.0 1.0 1.0 1.0 1.0 1.0 1.0 1.0 1.0 1.0
1.0 1.0 1.0 1.0 1.0 1.0 1.0 1.0 1.0 1.0 1.0 1.0 1.0 1.0 1.0 1.0
1.0 1.0 1.0 1.0 1.0 1.0 1.0 1.0 1.0 1.0 1.0 1.0 1.0 1.0 1.0 1.0
1.0 1.0 1.0 1.0 1.0 1.0 1.0 1.0 1.0 1.0 1.0 1.0 1.0 1.0 1.0 1.0
1.0 1.0 1.0 1.0 1.0 1.0 1.0 1.0 1.0 1.0 1.0 1.0 1.0 1.0 1.0 1.0
1.0 1.0 1.0 1.0 1.0 1.0 1.0 1.0 1.0 1.0 1.0 1.0 1.0 1.0 1.0 1.0
1.0 1.0 1.0 1.0 1.0 1.0 1.0 1.0 1.0 1.0 1.0 1.0 1.0 1.0 1.0 1.0
1.0 1.0 1.0 1.0 1.0 1.0 1.0 1.0 1.0 1.0 1.0 1.0 1.0 1.0 1.0 1.0
1.0 1.0 1.0 1.0 1.0 1.0 1.0 1.0 1.0 1.0 1.0 1.0 1.0 1.0 1.0 1.0
1.0 1.0 1.0 1.0 1.0 1.0 1.0 1.0 1.0 1.0 1.0 1.0 1.0 1.0 1.0 1.0
1.0 1.0 1.0 1.0 1.0 1.0 1.0 1.0 1.0 1.0 1.0 1.0 1.0 1.0 1.0 1.0
1.0 1.0 1.0 1.0 1.0 1.0 1.0 1.0 1.0 1.0 1.0 1.0 1.0 1.0 1.0 1.0
1.0 1.0 1.0 1.0 1.0 1.0 1.0 1.0 1.0 1.0 1.0 1.0 1.0 1.0 1.0 1.0
1.0 1.0 1.0 1.0 1.0 1.0 1.0 1.0 1.0 1.0 1.0 1.0 1.0 1.0 1.0 1.0
1.0 1.0 1.0 1.0 1.0 1.0 1.0 1.0 1.0 1.0 1.0 1.0 1.0 1.0 1.0 1.0
1.0 1.0 1.0 1.0 1.0 1.0 1.0 1.0 1.0 1.0 1.0 1.0 1.0 1.0 1.0 1.0
1.0 1.0 1.0 1.0 1.0 1.0 1.0 1.0 1.0 1.0 1.0 1.0 1.0 1.0 1.0 1.0
1.0 1.0 1.0 1.0 1.0 1.0 1.0 1.0 1.0 1.0 1.0 1.0 1.0 1.0 1.0 1.0
1.0 1.0 1.0 1.0 1.0 1.0 1.0 1.0 1.0 1.0 1.0 1.0 1.0 1.0 1.0 1.0
1.0 1.0 1.0 1.0 1.0 1.0 1.0 1.0 1.0 1.0 1.0 1.0 1.0 1.0 1.0 1.0
1.0 1.0 1.0 1.0 1.0 1.0 1.0 1.0 1.0 1.0 1.0 1.0 1.0 1.0 1.0 1.0
1.0 1.0 1.0 1.0 1.0 1.0 1.0 1.0 1.0 1.0 1.0 1.0 1.0 1.0 1.0 1.0
1.0 1.0 1.0 1.0 1.0 1.0 1.0 1.0 1.0 1.0 1.0 1.0 1.0 1.0 1.0 1.0
1.0 1.0 1.0 1.0 1.0 1.0 1.0 1.0 1.0 1.0 1.0 1.0 1.0 1.0 1.0 1.0
1.0 1.0 1.0 1.0 1.0 1.0 1.0 1.0 1.0 1.0 1.0 1.0 1.0 1.0 1.0 1.0
1.0 1.0 1.0 1.0 1.0 1.0 1.0 1.0 1.0 1.0 1.0 1.0 1.0 1.0 1.0 1.0
1.0 1.0 1.0 1.0 1.0 1.0 1.0 1.0 1.0 1.0 1.0 1.0 1.0 1.0 1.0 1.0
1.0 1.0 1.0 1.0 1.0 1.0 1.0 1.0 1.0 1.0 1.0 1.0 1.0 1.0 1.0 1.0
1.0 1.0 1.0 1.0 1.0 1.0 1.0 1.0 1.0 1.0 1.0 1.0 1.0 1.0 1.0 1.0
1.0 1.0 1.0 1.0 1.0 1.0 1.0 1.0 1.0 1.0 1.0 1.0 1.0 1.0 1.0 1.0
1.0 1.0 1.0 1.0 1.0 1.0 1.0 1.0 1.0 1.0 1.0 1.0 1.0 1.0 1.0 1.0
1.0 1.0 1.0 1.0 1.0 1.0 1.0 1.0 1.0 1.0 1.0 1.0 1.0 1.0 1.0 1.0
1.0 1.0 1.0 1.0 1.0 1.0 1.0 1.0 1.0 1.0 1.0 1.0 1.0 1.0 1.0 1.0
1.0 1.0 1.0 1.0 1.0 1.0 1.0 1.0 1.0 1.0 1.0 1.0 1.0 1.0 1.0 1.0
1.0 1.0 1.0 1.0 1.0 1.0 1.0 1.0 1.0 1.0 1.0 1.0 1.0 1.0 1.0 1.0
1.0 1.0 1.0 1.0 1.0 1.0 1.0 1.0 1.0 1.0 1.0 1.0 1.0 1.0 1.0 1.0
1.0 1.0 1.0 1.0 1.0 1.0 1.0 1.0 1.0 1.0 1.0 1.0 1.0 1.0 1.0 1.0
1.0 1.0 1.0 1.0 1.0 1.0 1.0 1.0 1.0 1.0 1.0 1.0 1.0 1.0 1.0 1.0
1.0 1.0 1.0 1.0 1.0 1.0 1.0 1.0 1.0 1.0 1.0 1.0 1.0 1.0 1.0 1.0
1.0 1.0 1.0 1.0 1.0 1.0 1.0 1.0 1.0 1.0 1.0 1.0 1.0 1.0 1.0 1.0
1.0 1.0 1.0 1.0 1.0 1.0 1.0 1.0 1.0 1.0 1.0 1.0 1.0 1.0 1.0 1.0
1.0 1.0 1.0 1.0 1.0 1.0 1.0 1.0 1.0 1.0 1.0 1.0 1.0 1.0 1.0 1.0
1.0 1.0 1.0 1.0 1.0 1.0 1.0 1.0 1.0 1.0 1.0 1.0 1.0 1.0 1.0 1.0
1.0 1.0 1.0 1.0 1.0 1.0 1.0 1.0 1.0 1.0 1.0 1.0 1.0 1.0 1.0 1.0
1.0 1.0 1.0 1.0 1.0 1.0 1.0 1.0 1.0 1.0 1.0 1.0 1.0 1.0 1.0 1.0
1.0 1.0 1.0 1.0 1.0 1.0 1.0 1.0 1.0 1.0 1.0 1.0 1.0 1.0 1.0 1.0
1.0 1.0 1.0 1.0 1.0 1.0 1.0 1.0 1.0 1.0 1.0 1.0 1.0 1.0 1.0 1.0
1.0 1.0 1.0 1.0 1.0 1.0 1.0 1.0 1.0 1.0 1.0 1.0 1.0 1.0 1.0 1.0
1.0 1.0 1.0 1.0 1.0 1.0 1.0 1.0 1.0 1.0 1.0 1.0 1.0 1.0 1.0 1.0
1.0 1.0 1.0 1.0 1.0 1.0 1.0 1.0 1.0 1.0 1.0 1.0 1.0 1.0 1.0 1.0
1.0 1.0 1.0 1.0 1.0 1.0 1.0 1.0 1.0 1.0 1.0 1.0 1.0 1.0 1.0 1.0
1.0 1.0 1.0 1.0 1.0 1.0 1.0 1.0 1.0 1.0 1.0 1.0 1.0 1.0 1.0 1.0
1.0 1.0 1.0 1.0 1.0 1.0 1.0 1.0 1.0 1.0 1.0 1.0 1.0 1.0 1.0 1.0
1.0 1.0 1.0 1.0 1.0 1.0 1.0 1.0 1.0 1.0 1.0 1.0 1.0 1.0 1.0 1.0
1.0 1.0 1.0 1.0 1.0 1.0 1.0 1.0 1.0 1.0 1.0 1.0 1.0 1.0 1.0 1.0
1.0 1.0 1.0 1.0 1.0 1.0 1.0 1.0 1.0 1.0 1.0 1.0 1.0 1.0 1.0 1.0
1.0 1.0 1.0 1.0 1.0 1.0 1.0 1.0 1.0 1.0 1.0 1.0 1.0 1.0 1.0 1.0
1.0 1.0 1.0 1.0 1.0 1.0 1.0 1.0 1.0 1.0 1.0 1.0 1.0 1.0 1.0 1.0
1.0 1.0 1.0 1.0 1.0 1.0 1.0 1.0 1.0 1.0 1.0 1.0 1.0 1.0 1.0 1.0
1.0 1.0 1.0 1.0 1.0 1.0 1.0 1.0 1.0 1.0 1.0 1.0 1.0 1.0 1.0 1.0
1.0 1.0 1.0 1.0 1.0 1.0 1.0 1.0 1.0 1.0 1.0 1.0 1.0 1.0 1.0 1.0
1.0 1.0 1.0 1.0 1.0 1.0 1.0 1.0 1.0 1.0 1.0 1.0 1.0 1.0 1.0 1.0
1.0 1.0 1.0 1.0 1.0 1.0 1.0 1.0 1.0 1.0 1.0 1.0 1.0 1.0 1.0 1.0
1.0 1.0 1.0 1.0 1.0 1.0 1.0 1.0 1.0 1.0 1.0 1.0 1.0 1.0 1.0 1.0
1.0 1.0 1.0 1.0 1.0 1.0 1.0 1.0 1.0 1.0 1.0 1.0 1.0 1.0 1.0 1.0
1.0 1.0 1.0 1.0 1.0 1.0 1.0 1.0 1.0 1.0 1.0 1.0 1.0 1.0 1.0 1.0
1.0 1.0 1.0 1.0 1.0 1.0 1.0 1.0 1.0 1.0 1.0 1.0 1.0 1.0 1.0 1.0
1.0 1.0 1.0 1.0 1.0 1.0 1.0 1.0 1.0 1.0 1.0 1.0 1.0 1.0 1.0 1.0
1.0 1.0 1.0 1.0 1.0 1.0 1.0 1.0 1.0 1.0 1.0 1.0 1.0 1.0 1.0 1.0
1.0 1.0 1.0 1.0 1.0 1.0 1.0 1.0 1.0 1.0 1.0 1.0 1.0 1.0 1.0 1.0
1.0 1.0 1.0 1.0 1.0 1.0 1.0 1.0 1.0 1.0 1.0 1.0 1.0 1.0 1.0 1.0
1.0 1.0 1.0 1.0 1.0 1.0 1.0 1.0 1.0 1.0 1.0 1.0 1.0 1.0 1.0 1.0
1.0 1.0 1.0 1.0 1.0 1.0 1.0 1.0 1.0 1.0 1.0 1.0 1.0 1.0 1.0 1.0
1.0 1.0 1.0 1.0 1.0 1.0 1.0 1.0 1.0 1.0 1.0 1.0 1.0 1.0 1.0 1.0
1.0 1.0 1.0 1.0 1.0 1.0 1.0 1.0 1.0 1.0 1.0 1.0 1.0 1.0 1.0 1.0
1.0 1.0 1.0 1.0 1.0 1.0 1.0 1.0 1.0 1.0 1.0 1.0 1.0 1.0 1.0 1.0
1.0 1.0 1.0 1.0 1.0 1.0 1.0 1.0 1.0 1.0 1.0 1.0 1.0 1.0 1.0 1.0
1.0 1.0 1.0 1.0 1.0 1.0 1.0 1.0 1.0 1.0 1.0 1.0 1.0 1.0 1.0 1.0
1.0 1.0 1.0 1.0 1.0 1.0 1.0 1.0 1.0 1.0 1.0 1.0 1.0 1.0 1.0 1.0
1.0 1.0 1.0 1.0 1.0 1.0 1.0 1.0 1.0 1.0 1.0 1.0 1.0 1.0 1.0 1.0
1.0 1.0 1.0 1.0 1.0 1.0 1.0 1.0 1.0 1.0 1.0 1.0 1.0 1.0 1.0 1.0
1.0 1.0 1.0 1.0 1.0 1.0 1.0 1.0 1.0 1.0 1.0 1.0 1.0 1.0 1.0 1.0
1.0 1.0 1.0 1.0 1.0 1.0 1.0 1.0 1.0 1.0 1.0 1.0 1.0 1.0 1.0 1.0
1.0 1.0 1.0 1.0 1.0 1.0 1.0 1.0 1.0 1.0 1.0 1.0 1.0 1.0 1.0 1.0
1.0 1.0 1.0 1.0 1.0 1.0 1.0 1.0 1.0 1.0 1.0 1.0 1.0 1.0 1.0 1.0
1.0 1.0 1.0 1.0 1.0 1.0 1.0 1.0 1.0 1.0 1.0 1.0 1.0 1.0 1.0 1.0
1.0 1.0 1.0 1.0 1.0 1.0 1.0 1.0 1.0 1.0 1.0 1.0 1.0 1.0 1.0 1.0
1.0 1.0 1.0 1.0 1.0 1.0 1.0 1.0 1.0 1.0 1.0 1.0 1.0 1.0 1.0 1.0
1.0 1.0 1.0 1.0 1.0 1.0 1.0 1.0 1.0 1.0 1.0 1.0 1.0 1.0 1.0 1.0
1.0 1.0 1.0 1.0 1.0 1.0 1.0 1.0 1.0 1.0 1.0 1.0 1.0 1.0 1.0 1.0
1.0 1.0 1.0 1.0 1.0 1.0 1.0 1.0 1.0 1.0 1.0 1.0 1.0 1.0 1.0 1.0
1.0 1.0 1.0 1.0 1.0 1.0 1.0 1.0 1.0 1.0 1.0 1.0 1.0 1.0 1.0 1.0
1.0 1.0 1.0 1.0 1.0 1.0 1.0 1.0 1.0 1.0 1.0 1.0 1.0 1.0 1.0 1.0
1.0 1.0 1.0 1.0 1.0 1.0 1.0 1.0 1.0 1.0 1.0 1.0 1.0 1.0 1.0 1.0
1.0 1.0 1.0 1.0 1.0 1.0 1.0 1.0 1.0 1.0 1.0 1.0 1.0 1.0 1.0 1.0
1.0 1.0 1.0 1.0 1.0 1.0 1.0 1.0 1.0 1.0 1.0 1.0 1.0 1.0 1.0 1.0
1.0 1.0 1.0 1.0 1.0 1.0 1.0 1.0 1.0 1.0 1.0 1.0 1.0 1.0 1.0 1.0
1.0 1.0 1.0 1.0 1.0 1.0 1.0 1.0 1.0 1.0 1.0 1.0 1.0 1.0 1.0 1.0
1.0 1.0 1.0 1.0 1.0 1.0 1.0 1.0 1.0 1.0 1.0 1.0 1.0 1.0 1.0 1.0
1.0 1.0 1.0 1.0 1.0 1.0 1.0 1.0 1.0 1.0 1.0 1.0 1.0 1.0 1.0 1.0
1.0 1.0 1.0 1.0 1.0 1.0 1.0 1.0 1.0 1.0 1.0 1.0 1.0 1.0 1.0 1.0
1.0 1.0 1.0 1.0 1.0 1.0 1.0 1.0 1.0 1.0 1.0 1.0 1.0 1.0 1.0 1.0
1.0 1.0 1.0 1.0 1.0 1.0 1.0 1.0 1.0 1.0 1.0 1.0 1.0 1.0 1.0 1.0
1.0 1.0 1.0 1.0 1.0 1.0 1.0 1.0 1.0 1.0 1.0 1.0 1.0 1.0 1.0 1.0
1.0 1.0 1.0 1.0 1.0 1.0 1.0 1.0 1.0 1.0 1.0 1.0 1.0 1.0 1.0 1.0
1.0 1.0 1.0 1.0 1.0 1.0 1.0 1.0 1.0 1.0 1.0 1.0 1.0 1.0 1.0 1.0
1.0 1.0 1.0 1.0 1.0 1.0 1.0 1.0 1.0 1.0 1.0 1.0 1.0 1.0 1.0 1.0
1.0 1.0 1.0 1.0 1.0 1.0 1.0 1.0 1.0 1.0 1.0 1.0 1.0 1.0 1.0 1.0
1.0 1.0 1.0 1.0 1.0 1.0 1.0 1.0 1.0 1.0 1.0 1.0 1.0 1.0 1.0 1.0
1.0 1.0 1.0 1.0 1.0 1.0 1.0 1.0 1.0 1.0 1.0 1.0 1.0 1.0 1.0 1.0
1.0 1.0 1.0 1.0 1.0 1.0 1.0 1.0 1.0 1.0 1.0 1.0 1.0 1.0 1.0 1.0
1.0 1.0 1.0 1.0 1.0 1.0 1.0 1.0 1.0 1.0 1.0 1.0 1.0 1.0 1.0 1.0
1.0 1.0 1.0 1.0 1.0 1.0 1.0 1.0 1.0 1.0 1.0 1.0 1.0 1.0 1.0 1.0
1.0 1.0 1.0 1.0 1.0 1.0 1.0 1.0 1.0 1.0 1.0 1.0 1.0 1.0 1.0 1.0
1.0 1.0 1.0 1.0 1.0 1.0 1.0 1.0 1.0 1.0 1.0 1.0 1.0 1.0 1.0 1.0
1.0 1.0 1.0 1.0 1.0 1.0 1.0 1.0 1.0 1.0 1.0 1.0 1.0 1.0 1.0 1.0
1.0 1.0 1.0 1.0 1.0 1.0 1.0 1.0 1.0 1.0 1.0 1.0 1.0 1.0 1.0 1.0
1.0 1.0 1.0 1.0 1.0 1.0 1.0 1.0 1.0 1.0 1.0 1.0 1.0 1.0 1.0 1.0
1.0 1.0 1.0 1.0 1.0 1.0 1.0 1.0 1.0 1.0 1.0 1.0 1.0 1.0 1.0 1.0
1.0 1.0 1.0 1.0 1.0 1.0 1.0 1.0 1.0 1.0 1.0 1.0 1.0 1.0 1.0 1.0
1.0 1.0 1.0 1.0 1.0 1.0 1.0 1.0 1.0 1.0 1.0 1.0 1.0 1.0 1.0 1.0
1.0 1.0 1.0 1.0 1.0 1.0 1.0 1.0 1.0 1.0 1.0 1.0 1.0 1.0 1.0 1.0
1.0 1.0 1.0 1.0 1.0 1.0 1.0 1.0 1.0 1.0 1.0 1.0 1.0 1.0 1.0 1.0
1.0 1.0 1.0 1.0 1.0 1.0 1.0 1.0 1.0 1.0 1.0 1.0 1.0 1.0 1.0 1.0
1.0 1.0 1.0 1.0 1.0 1.0 1.0 1.0 1.0 1.0 1.0 1.0 1.0 1.0 1.0 1.0
1.0 1.0 1.0 1.0 1.0 1.0 1.0 1.0 1.0 1.0 1.0 1.0 1.0 1.0 1.0 1.0
1.0 1.0 1.0 1.0 1.0 1.0 1.0 1.0 1.0 1.0 1.0 1.0 1.0 1.0 1.0 1.0
1.0 1.0 1.0 1.0 1.0 1.0 1.0 1.0 1.0 1.0 1.0 1.0 1.0 1.0 1.0 1.0
1.0 1.0 1.0 1.0 1.0 1.0 1.0 1.0 1.0 1.0 1.0 1.0 1.0 1.0 1.0 1.0
1.0 1.0 1.0 1.0 1.0 1.0 1.0 1.0 1.0 1.0 1.0 1.0 1.0 1.0 1.0 1.0
1.0 1.0 1.0 1.0 1.0 1.0 1.0 1.0 1.0 1.0 1.0 1.0 1.0 1.0 1.0 1.0
1.0 1.0 1.0 1.0 1.0 1.0 1.0 1.0 1.0 1.0 1.0 1.0 1.0 1.0 1.0 1.0
1.0 1.0 1.0 1.0 1.0 1.0 1.0 1.0 1.0 1.0 1.0 1.0 1.0 1.0 1.0 1.0
1.0 1.0 1.0 1.0 1.0 1.0 1.0 1.0 1.0 1.0 1.0 1.0 1.0 1.0 1.0 1.0
1.0 1.0 1.0 1.0 1.0 1.0 1.0 1.0 1.0 1.0 1.0 1.0 1.0 1.0 1.0 1.0
1.0 1.0 1.0 1.0 1.0 1.0 1.0 1.0 1.0 1.0 1.0 1.0 1.0 1.0 1.0 1.0
1.0 1.0 1.0 1.0 1.0 1.0 1.0 1.0 1.0 1.0 1.0 1.0 1.0 1.0 1.0 1.0
1.0 1.0 1.0 1.0 1.0 1.0 1.0 1.0 1.0 1.0 1.0 1.0 1.0 1.0 1.0 1.0
1.0 1.0 1.0 1.0 1.0 1.0 1.0 1.0 1.0 1.0 1.0 1.0 1.0 1.0 1.0 1.0
1.0 1.0 1.0 1.0 1.0 1.0 1.0 1.0 1.0 1.0 1.0 1.0 1.0 1.0 1.0 1.0
1.0 1.0 1.0 1.0 1.0 1.0 1.0 1.0 1.0 1.0 1.0 1.0 1.0 1.0 1.0 1.0
1.0 1.0 1.0 1.0 1.0 1.0 1.0 1.0 1.0 1.0 1.0 1.0 1.0 1.0 1.0 1.0
1.0 1.0 1.0 1.0 1.0 1.0 1.0 1.0 1.0 1.0 1.0 1.0 1.0 1.0 1.0 1.0
1.0 1.0 1.0 1.0 1.0 1.0 1.0 1.0 1.0 1.0 1.0 1.0 1.0 1.0 1.0 1.0
1.0 1.0 1.0 1.0 1.0 1.0 1.0 1.0 1.0 1.0 1.0 1.0 1.0 1.0 1.0 1.0
1.0 1.0 1.0 1.0 1.0 1.0 1.0 1.0 1.0 1.0 1.0 1.0 1.0 1.0 1.0 1.0
1.0 1.0 1.0 1.0 1.0 1.0 1.0 1.0 1.0 1.0 1.0 1.0 1.0 1.0 1.0 1.0
1.0 1.0 1.0 1.0 1.0 1.0 1.0 1.0 1.0 1.0 1.0 1.0 1.0 1.0 1.0 1.0
1.0 1.0 1.0 1.0 1.0 1.0 1.0 1.0 1.0 1.0 1.0 1.0 1.0 1.0 1.0 1.0
1.0 1.0 1.0 1.0 1.0 1.0 1.0 1.0 1.0 1.0 1.0 1.0 1.0 1.0 1.0 1.0
1.0 1.0 1.0 1.0 1.0 1.0 1.0 1.0 1.0 1.0 1.0 1.0 1.0 1.0 1.0 1.0
1.0 1.0 1.0 1.0 1.0 1.0 1.0 1.0 1.0 1.0 1.0 1.0 1.0 1.0 1.0 1.0
1.0 1.0 1.0 1.0 1.0 1.0 1.0 1.0 1.0 1.0 1.0 1.0 1.0 1.0 1.0 1.0
1.0 1.0 1.0 1.0 1.0 1.0 1.0 1.0 1.0 1.0 1.0 1.0 1.0 1.0 1.0 1.0
1.0 1.0 1.0 1.0 1.0 1.0 1.0 1.0 1.0 1.0 1.0 1.0 1.0 1.0 1.0 1.0
1.0 1.0 1.0 1.0 1.0 1.0 1.0 1.0 1.0 1.0 1.0 1.0 1.0 1.0 1.0 1.0
1.0 1.0 1.0 1.0 1.0 1.0 1.0 1.0 1.0 1.0 1.0 1.0 1.0 1.0 1.0 1.0
1.0 1.0 1.0 1.0 1.0 1.0 1.0 1.0 1.0 1.0 1.0 1.0 1.0 1.0 1.0 1.0
1.0 1.0 1.0 1.0 1.0 1.0 1.0 1.0 1.0 1.0 1.0 1.0 1.0 1.0 1.0 1.0
1.0 1.0 1.0 1.0 1.0 1.0 1.0 1.0 1.0 1.0 1.0 1.0 1.0 1.0 1.0 1.0
1.0 1.0 1.0 1.0 1.0 1.0 1.0 1.0 1.0 1.0 1.0 1.0 1.0 1.0 1.0 1.0
1.0 1.0 1.0 1.0 1.0 1.0 1.0 1.0 1.0 1.0 1.0 1.0 1.0 1.0 1.0 1.0
1.0 1.0 1.0 1.0 1.0 1.0 1.0 1.0 1.0 1.0 1.0 1.0 1.0 1.0 1.0 1.0
1.0 1.0 1.0 1.0 1.0 1.0 1.0 1.0 1.0 1.0 1.0 1.0 1.0 1.0 1.0 1.0
1.0 1.0 1.0 1.0 1.0 1.0 1.0 1.0 1.0 1.0 1.0 1.0 1.0 1.0 1.0 1.0
1.0 1.0 1.0 1.0 1.0 1.0 1.0 1.0 1.0 1.0 1.0 1.0 1.0 1.0 1.0 1.0
1.0 1.0 1.0 1.0 1.0 1.0 1.0 1.0 1.0 1.0 1.0 1.0 1.0 1.0 1.0 1.0
1.0 1.0 1.0 1.0 1.0 1.0 1.0 1.0 1.0 1.0 1.0 1.0 1.0 1.0 1.0 1.0
1.0 1.0 1.0 1.0 1.0 1.0 1.0 1.0 1.0 1.0 1.0 1.0 1.0 1.0 1.0 1.0
1.0 1.0 1.0 1.0 1.0 1.0 1.0 1.0 1.0 1.0 1.0 1.0 1.0 1.0 1.0 1.0
1.0 1.0 1.0 1.0 1.0 1.0 1.0 1.0 1.0 1.0 1.0 1.0 1.0 1.0 1.0 1.0
1.0 1.0 1.0 1.0 1.0 1.0 1.0 1.0 1.0 1.0 1.0 1.0 1.0 1.0 1.0 1.0
1.0 1.0 1.0 1.0 1.0 1.0 1.0 1.0 1.0 1.0 1.0 1.0 1.0 1.0 1.0 1.0
1.0 1.0 1.0 1.0 1.0 1.0 1.0 1.0 1.0 1.0 1.0 1.0 1.0 1.0 1.0 1.0
1.0 1.0 1.0 1.0 1.0 1.0 1.0 1.0 1.0 1.0 1.0 1.0 1.0 1.0 1.0 1.0
1.0 1.0 1.0 1.0 1.0 1.0 1.0 1.0 1.0 1.0 1.0 1.0 1.0 1.0 1.0 1.0
1.0 1.0 1.0 1.0 1.0 1.0 1.0 1.0 1.0 1.0 1.0 1.0 1.0 1.0 1.0 1.0
1.0 1.0 1.0 1.0 1.0 1.0 1.0 1.0 1.0 1.0 1.0 1.0 1.0 1.0 1.0 1.0
1.0 1.0 1.0 1.0 1.0 1.0 1.0 1.0 1.0 1.0 1.0 1.0 1.0 1.0 1.0 1.0
1.0 1.0 1.0 1.0 1.0 1.0 1.0 1.0 1.0 1.0 1.0 1.0 1.0 1.0 1.0 1.0
1.0 1.0 1.0 1.0 1.0 1.0 1.0 1.0 1.0 1.0 1.0 1.0 1.0 1.0 1.0 1.0
1.0 1.0 1.0 1.0 1.0 1.0 1.0 1.0 1.0 1.0 1.0 1.0 1.0 1.0 1.0 1.0
1.0 1.0 1.0 1.0 1.0 1.0 1.0 1.0 1.0 1.0 1.0 1.0 1.0 1.0 1.0 1.0
1.0 1.0 1.0 1.0 1.0 1.0 1.0 1.0 1.0 1.0 1.0 1.0 1.0 1.0 1.0 1.0
1.0 1.0 1.0 1.0 1.0 1.0 1.0 1.0 1.0 1.0 1.0 1.0 1.0 1.0 1.0 1.0
1.0 1.0 1.0 1.0 1.0 1.0 1.0 1.0 1.0 1.0 1.0 1.0 1.0 1.0 1.0 1.0
1.0 1.0 1.0 1.0 1.0 1.0 1.0 1.0 1.0 1.0 1.0 1.0 1.0 1.0 1.0 1.0
1.0 1.0 1.0 1.0 1.0 1.0 1.0 1.0 1.0 1.0 1.0 1.0 1.0 1.0 1.0 1.0
1.0 1.0 1.0 1.0 1.0 1.0 1.0 1.0 1.0 1.0 1.0 1.0 1.0 1.0 1.0 1.0
1.0 1.0 1.0 1.0 1.0 1.0 1.0 1.0 1.0 1.0 1.0 1.0 1.0 1.0 1.0 1.0
1.0 1.0 1.0 1.0 1.0 1.0 1.0 1.0 1.0 1.0 1.0 1.0 1.0 1.0 1.0 1.0
1.0 1.0 1.0 1.0 1.0 1.0 1.0 1.0 1.0 1.0 1.0 1.0 1.0 1.0 1.0 1.0
1.0 1.0 1.0 1.0 1.0 1.0 1.0 1.0 1.0 1.0 1.0 1.0 1.0 1.0 1.0 1.0
1.0 1.0 1.0 1.0 1.0 1.0 1.0 1.0 1.0 1.0 1.0 1.0 1.0 1.0 1.0 1.0
1.0 1.0 1.0 1.0 1.0 1.0 1.0 1.0 1.0 1.0 1.0 1.0 1.0 1.0 1.0 1.0
1.0 1.0 1.0 1.0 1.0 1.0 1.0 1.0 1.0 1.0 1.0 1.0 1.0 1.0 1.0 1.0
1.0 1.0 1.0 1.0 1.0 1.0 1.0 1.0 1.0 1.0 1.0 1.0 1.0 1.0 1.0 1.0
1.0 1.0 1.0 1.0 1.0 1.0 1.0 1.0 1.0 1.0 1.0 1.0 1.0 1.0 1.0 1.0
1.0 1.0 1.0 1.0 1.0 1.0 1.0 1.0 1.0 1.0 1.0 1.0 1.0 1.0 1.0 1.0
1.0 1.0 1.0 1.0 1.0 1.0 1.0 1.0 1.0 1.0 1.0 1.0 1.0 1.0 1.0 1.0
1.0 1.0 1.0 1.0 1.0 1.0 1.0 1.0 1.0 1.0 1.0 1.0 1.0 1.0 1.0 1.0
1.0 1.0 1.0 1.0 1.0 1.0 1.0 1.0 1.0 1.0 1.0 1.0 1.0 1.0 1.0 1.0
1.0 1.0 1.0 1.0 1.0 1.0 1.0 1.0 1.0 1.0 1.0 1.0 1.0 1.0 1.0 1.0
1.0 1.0 1.0 1.0 1.0 1.0 1.0 1.0 1.0 1.0 1.0 1.0 1.0 1.0 1.0 1.0
1.0 1.0 1.0 1.0 1.0 1.0 1.0 1.0 1.0 1.0 1.0 1.0 1.0 1.0 1.0 1.0
1.0 1.0 1.0 1.0 1.0 1.0 1.0 1.0 1.0 1.0 1.0 1.0 1.0 1.0 1.0 1.0
1.0 1.0 1.0 1.0 1.0 1.0 1.0 1.0 1.0 1.0 1.0 1.0 1.0 1.0 1.0 1.0
1.0 1.0 1.0 1.0 1.0 1.0 1.0 1.0 1.0 1.0 1.0 1.0 1.0 1.0 1.0 1.0
1.0 1.0 1.0 1.0 1.0 1.0 1.0 1.0 1.0 1.0 1.0 1.0 1.0 1.0 1.0 1.0
1.0 1.0 1.0 1.0 1.0 1.0 1.0 1.0 1.0 1.0 1.0 1.0 1.0 1.0 1.0 1.0
1.0 1.0 1.0 1.0 1.0 1.0 1.0 1.0 1.0 1.0 1.0 1.0 1.0 1.0 1.0 1.0
1.0 1.0 1.0 1.0 1.0 1.0 1.0 1.0 1.0 1.0 1.0 1.0 1.0 1.0 1.0 1.0
1.0 1.0 1.0 1.0 1.0 1.0 1.0 1.0 1.0 1.0 1.0 1.0 1.0 1.0 1.0 1.0
1.0 1.0 1.0 1.0 1.0 1.0 1.0 1.0 1.0 1.0 1.0 1.0 1.0 1.0 1.0 1.0
1.0 1.0 1.0 1.0 1.0 1.0 1.0 1.0 1.0 1.0 1.0 1.0 1.0 1.0 1.0 1.0
1.0 1.0 1.0 1.0 1.0 1.0 1.0 1.0 1.0 1.0 1.0 1.0 1.0 1.0 1.0 1.0
1.0 1.0 1.0 1.0 1.0 1.0 1.0 1.0 1.0 1.0 1.0 1.0 1.0 1.0 1.0 1.0
1.0 1.0 1.0 1.0 1.0 1.0 1.0 1.0 1.0 1.0 1.0 1.0 1.0 1.0 1.0 1.0
1.0 1.0 1.0 1.0 1.0 1.0 1.0 1.0 1.0 1.0 1.0 1.0 1.0 1.0 1.0 1.0
1.0 1.0 1.0 1.0 1.0 1.0 1.0 1.0 1.0 1.0 1.0 1.0 1.0 1.0 1.0 1.0
1.0 1.0 1.0 1.0 1.0 1.0 1.0 1.0 1.0 1.0 1.0 1.0 1.0 1.0 1.0 1.0
1.0 1.0 1.0 1.0 1.0 1.0 1.0 1.0 1.0 1.0 1.0 1.0 1.0 1.0 1.0 1.0
1.0 1.0 1.0 1.0 1.0 1.0 1.0 1.0 1.0 1.0 1.0 1.0 1.0 1.0 1.0 1.0
1.0 1.0 1.0 1.0 1.0 1.0 1.0 1.0 1.0 1.0 1.0 1.0 1.0 1.0 1.0 1.0
1.0 1.0 1.0 1.0 1.0 1.0 1.0 1.0 1.0 1.0 1.0 1.0 1.0 1.0 1.0 1.0
1.0 1.0 1.0 1.0 1.0 1.0 1.0 1.0 1.0 1.0 1.0 1.0 1.0 1.0 1.0 1.0
1.0 1.0 1.0 1.0 1.0 1.0 1.0 1.0 1.0 1.0 1.0 1.0 1.0 1.0 1.0 1.0
1.0 1.0 1.0 1.0 1.0 1.0 1.0 1.0 1.0 1.0 1.0 1.0 1.0 1.0 1.0 1.0
1.0 1.0 1.0 1.0 1.0 1.0 1.0 1.0 1.0 1.0 1.0 1.0 1.0 1.0 1.0 1.0
1.0 1.0 1.0 1.0 1.0 1.0 1.0 1.0 1.0 1.0 1.0 1.0 1.0 1.0 1.0 1.0
1.0 1.0 1.0 1.0 1.0 1.0 1.0 1.0 1.0 1.0 1.0 1.0 1.0 1.0 1.0 1.0
1.0 1.0 1.0 1.0 1.0 1.0 1.0 1.0 1.0 1.0 1.0 1.0 1.0 1.0 1.0 1.0
1.0 1.0 1.0 1.0 1.0 1.0 1.0 1.0 1.0 1.0 1.0 1.0 1.0 1.0 1.0 1.0
1.0 1.0 1.0 1.0 1.0 1.0 1.0 1.0 1.0 1.0 1.0 1.0 1.0 1.0 1.0 1.0
1.0 1.0 1.0 1.0 1.0 1.0 1.0 1.0 1.0 1.0 1.0 1.0 1.0 1.0 1.0 1.0
1.0 1.0 1.0 1.0 1.0 1.0 1.0 1.0 1.0 1.0 1.0 1.0 1.0 1.0 1.0 1.0
1.0 1.0 1.0 1.0 1.0 1.0 1.0 1.0 1.0 1.0 1.0 1.0 1.0 1.0 1.0 1.0
1.0 1.0 1.0 1.0 1.0 1.0 1.0 1.0 1.0 1.0 1.0 1.0 1.0 1.0 1.0 1.0
1.0 1.0 1.0 1.0 1.0 1.0 1.0 1.0 1.0 1.0 1.0 1.0 1.0 1.0 1.0 1.0
1.0 1.0 1.0 1.0 1.0 1.0 1.0 1.0 1.0 1.0 1.0 1.0 1.0 1.0 1.0 1.0
1.0 1.0 1.0 1.0 1.0 1.0 1.0 1.0 1.0 1.0 1.0 1.0 1.0 1.0 1.0 1.0
1.0 1.0 1.0 1.0 1.0 1.0 1.0 1.0 1.0 1.0 1.0 1.0 1.0 1.0 1.0 1.0
1.0 1.0 1.0 1.0 1.0 1.0 1.0 1.0 1.0 1.0 1.0 1.0 1.0 1.0 1.0 1.0
1.0 1.0 1.0 1.0 1.0 1.0 1.0 1.0 1.0 1.0 1.0 1.0 1.0 1.0 1.0 1.0
1.0 1.0 1.0 1.0 1.0 1.0 1.0 1.0 1.0 1.0 1.0 1.0 1.0 1.0 1.0 1.0
1.0 1.0 1.0 1.0 1.0 1.0 1.0 1.0 1.0 1.0 1.0 1.0 1.0 1.0 1.0 1.0
1.0 1.0 1.0 1.0 1.0 1.0 1.0 1.0 1.0 1.0 1.0 1.0 1.0 1.0 1.0 1.0
1.0 1.0 1.0 1.0 1.0 1.0 1.0 1.0 1.0 1.0 1.0 1.0 1.0 1.0 1.0 1.0
1.0 1.0 1.0 1.0 1.0 1.0 1.0 1.0 1.0 1.0 1.0 1.0 1.0 1.0 1.0 1.0
1.0 1.0 1.0 1.0 1.0 1.0 1.0 1.0 1.0 1.0 1.0 1.0 1.0 1.0 1.0 1.0
1.0 1.0 1.0 1.0 1.0 1.0 1.0 1.0 1.0 1.0 1.0 1.0 1.0 1.0 1.0 1.0
1.0 1.0 1.0 1.0 1.0 1.0 1.0 1.0 1.0 1.0 1.0 1.0 1.0 1.0 1.0 1.0
1.0 1.0 1.0 1.0 1.0 1.0 1.0 1.0 1.0 1.0 1.0 1.0 1.0 1.0 1.0 1.0
1.0 1.0 1.0 1.0 1.0 1.0 1.0 1.0 1.0 1.0 1.0 1.0 1.0 1.0 1.0 1.0
1.0 1.0 1.0 1.0 1.0 1.0 1.0 1.0 1.0 1.0 1.0 1.0 1.0 1.0 1.0 1.0
1.0 1.0 1.0 1.0 1.0 1.0 1.0 1.0 1.0 1.0 1.0 1.0 1.0 1.0 1.0 1.0
1.0 1.0 1.0 1.0 1.0 1.0 1.0 1.0 1.0 1.0 1.0 1.0 1.0 1.0 1.0 1.0
1.0 1.0 1.0 1.0 1.0 1.0 1.0 1.0 1.0 1.0 1.0 1.0 1.0 1.0 1.0 1.0
1.0 1.0 1.0 1.0 1.0 1.0 1.0 1.0 1.0 1.0 1.0 1.0 1.0 1.0 1.0 1.0
1.0 1.0 1.0 1.0 1.0 1.0 1.0 1.0 1.0 1.0 1.0 1.0 1.0 1.0 1.0 1.0
1.0 1.0 1.0 1.0 1.0 1.0 1.0 1.0 1.0 1.0 1.0 1.0 1.0 1.0 1.0 1.0
1.0 1.0 1.0 1.0 1.0 1.0 1.0 1.0 1.0 1.0 1.0 1.0 1.0 1.0 1.0 1.0
1.0 1.0 1.0 1.0 1.0 1.0 1.0 1.0 1.0 1.0 1.0 1.0 1.0 1.0 1.0 1.0
1.0 1.0 1.0 1.0 1.0 1.0 1.0 1.0 1.0 1.0 1.0 1.0 1.0 1.0 1.0 1.0
1.0 1.0 1.0 1.0 1.0 1.0 1.0 1.0 1.0 1.0 1.0 1.0 1.0 1.0 1.0 1.0
1.0 1.0 1.0 1.0 1.0 1.0 1.0 1.0 1.0 1.0 1.0 1.0 1.0 1.0 1.0 1.0
1.0 1.0 1.0 1.0 1.0 1.0 1.0 1.0 1.0 1.0 1.0 1.0 1.0 1.0 1.0 1.0
1.0 1.0 1.0 1.0 1.0 1.0 1.0 1.0 1.0 1.0 1.0 1.0 1.0 1.0 1.0 1.0
1.0 1.0 1.0 1.0 1.0 1.0 1.0 1.0 1.0 1.0 1.0 1.0 1.0 1.0 1.0 1.0
1.0 1.0 1.0 1.0 1.0 1.0 1.0 1.0 1.0 1.0 1.0 1.0 1.0 1.0 1.0 1.0
1.0 1.0 1.0 1.0 1.0 1.0 1.0 1.0 1.0 1.0 1.0 1.0 1.0 1.0 1.0 1.0
1.0 1.0 1.0 1.0 1.0 1.0 1.0 1.0 1.0 1.0 1.0 1.0 1.0 1.0 1.0 1.0
1.0 1.0 1.0 1.0 1.0 1.0 1.0 1.0 1.0 1.0 1.0 1.0 1.0 1.0 1.0 1.0
1.0 1.0 1.0 1.0 1.0 1.0 1.0 1.0 1.0 1.0 1.0 1.0 1.0 1.0 1.0 1.0
1.0 1.0 1.0 1.0 1.0 1.0 1.0 1.0 1.0 1.0 1.0 1.0 1.0 1.0 1.0 1.0
1.0 1.0 1.0 1.0 1.0 1.0 1.0 1.0 1.0 1.0 1.0 1.0 1.0 1.0 1.0 1.0
1.0 1.0 1.0 1.0 1.0 1.0 1.0 1.0 1.0 1.0 1.0 1.0 1.0 1.0 1.0 1.0
1.0 1.0 1.0 1.0 1.0 1.0 1.0 1.0 1.0 1.0 1.0 1.0 1.0 1.0 1.0 1.0
1.0 1.0 1.0 1.0 1.0 1.0 1.0 1.0 1.0 1.0 1.0 1.0 1.0 1.0 1.0 1.0
1.0 1.0 1.0 1.0 1.0 1.0 1.0 1.0 1.0 1.0 1.0 1.0 1.0 1.0 1.0 1.0
1.0 1.0 1.0 1.0 1.0 1.0 1.0 1.0 1.0 1.0 1.0 1.0 1.0 1.0 1.0 1.0
1.0 1.0 1.0 1.0 1.0 1.0 1.0 1.0 1.0 1.0 1.0 1.0 1.0 1.0 1.0 1.0
1.0 1.0 1.0 1.0 1.0 1.0 1.0 1.0 1.0 1.0 1.0 1.0 1.0 1.0 1.0 1.0
1.0 1.0 1.0 1.0 1.0 1.0 1.0 1.0 1.0 1.0 1.0 1.0 1.0 1.0 1.0 1.0
1.0 1.0 1.0 1.0 1.0 1.0 1.0 1.0 1.0 1.0 1.0 1.0 1.0 1.0 1.0 1.0
1.0 1.0 1.0 1.0 1.0 1.0 1.0 1.0 1.0 1.0 1.0 1.0 1.0 1.0 1.0 1.0
1.0 1.0 1.0 1.0 1.0 1.0 1.0 1.0 1.0 1.0 1.0 1.0 1.0 1.0 1.0 1.0
1.0 1.0 1.0 1.0 1.0 1.0 1.0 1.0 1.0 1.0 1.0 1.0 1.0 1.0 1.0 1.0
1.0 1.0 1.0 1.0 1.0 1.0 1.0 1.0 1.0 1.0 1.0 1.0 1.0 1.0 1.0 1.0
1.0 1.0 1.0 1.0 1.0 1.0 1.0 1.0 1.0 1.0 1.0 1.0 1.0 1.0 1.0 1.0
1.0 1.0 1.0 1.0 1.0 1.0 1.0 1.0 1.0 1.0 1.0 1.0 1.0 1.0 1.0 1.0
1.0 1.0 1.0 1.0 1.0 1.0 1.0 1.0 1.0 1.0 1.0 1.0 1.0 1.0 1.0 1.0
1.0 1.0 1.0 1.0 1.0 1.0 1.0 1.0 1.0 1.0 1.0 1.0 1.0 1.0 1.0 1.0
1.0 1.0 1.0 1.0 1.0 1.0 1.0 1.0 1.0 1.0 1.0 1.0 1.0 1.0 1.0 1.0
1.0 1.0 1.0 1.0 1.0 1.0 1.0 1.0 1.0 1.0 1.0 1.0 1.0 1.0 1.0 1.0
1.0 1.0 1.0 1.0 1.0 1.0 1.0 1.0 1.0 1.0 1.0 1.0 1.0 1.0 1.0 1.0
1.0 1.0 1.0 1.0 1.0 1.0 1.0 1.0 1.0 1.0 1.0 1.0 1.0 1.0 1.0 1.0
1.0 1.0 1.0 1.0 1.0 1.0 1.0 1.0 1.0 1.0 1.0 1.0 1.0 1.0 1.0 1.0
1.0 1.0 1.0 1.0 1.0 1.0 1.0 1.0 1.0 1.0 1.0 1.0 1.0 1.0 1.0 1.0
1.0 1.0 1.0 1.0 1.0 1.0 1.0 1.0 1.0 1.0 1.0 1.0 1.0 1.0 1.0 1.0
1.0 1.0 1.0 1.0 1.0 1.0 1.0 1.0 1.0 1.0 1.0 1.0 1.0 1.0 1.0 1.0
1.0 1.0 1.0 1.0 1.0 1.0 1.0 1.0 1.0 1.0 1.0 1.0 1.0 1.0 1.0 1.0
1.0 1.0 1.0 1.0 1.0 1.0 1.0 1.0 1.0 1.0 1.0 1.0 1.0 1.0 1.0 1.0
1.0 1.0 1.0 1.0 1.0 1.0 1.0 1.0 1.0 1.0 1.0 1.0 1.0 1.0 1.0 1.0
1.0 1.0 1.0 1.0 1.0 1.0 1.0 1.0 1.0 1.0 1.0 1.0 1.0 1.0 1.0 1.0
1.0 1.0 1.0 1.0 1.0 1.0 1.0 1.0 1.0 1.0 1.0 1.0 1.0 1.0 1.0 1.0
1.0 1.0 1.0 1.0 1.0 1.0 1.0 1.0 1.0 1.0 1.0 1.0 1.0 1.0 1.0 1.0
1.0 1.0 1.0 1.0 1.0 1.0 1.0 1.0 1.0 1.0 1.0 1.0 1.0 1.0 1.0 1.0
1.0 1.0 1.0 1.0 1.0 1.0 1.0 1.0 1.0 1.0 1.0 1.0 1.0 1.0 1.0 1.0
1.0 1.0 1.0 1.0 1.0 1.0 1.0 1.0 1.0 1.0 1.0 1.0 1.0 1.0 1.0 1.0
1.0 1.0 1.0 1.0 1.0 1.0 1.0 1.0 1.0 1.0 1.0 1.0 1.0 1.0 1.0 1.0
1.0 1.0 1.0 1.0 1.0 1.0 1.0 1.0 1.0 1.0 1.0 1.0 1.0 1.0 1.0 1.0
1.0 1.0 1.0 1.0 1.0 1.0 1.0 1.0 1.0 1.0 1.0 1.0 1.0 1.0 1.0 1.0
1.0 1.0 1.0 1.0 1.0 1.0 1.0 1.0 1.0 1.0 1.0 1.0 1.0 1.0 1.0 1.0
1.0 1.0 1.0 1.0 1.0 1.0 1.0 1.0 1.0 1.0 1.0 1.0 1.0 1.0 1.0 1.0
1.0 1.0 1.0 1.0 1.0 1.0 1.0 1.0 1.0 1.0 1.0 1.0 1.0 1.0 1.0 1.0
1.0 1.0 1.0 1.0 1.0 1.0 1.0 1.0 1.0 1.0 1.0 1.0 1.0 1.0 1.0 1.0
1.0 1.0 1.0 1.0 1.0 1.0 1.0 1.0 1.0 1.0 1.0 1.0 1.0 1.0 1.0 1.0
1.0 1.0 1.0 1.0 1.0 1.0 1.0 1.0 1.0 1.0 1.0 1.0 1.0 1.0 1.0 1.0
1.0 1.0 1.0 1.0 1.0 1.0 1.0 1.0 1.0 1.0 1.0 1.0 1.0 1.0 1.0 1.0
1.0 1.0 1.0 1.0 1.0 1.0 1.0 1.0 1.0 1.0 1.0 1.0 1.0 1.0 1.0 1.0
1.0 1.0 1.0 1.0 1.0 1.0 1.0 1.0 1.0 1.0 1.0 1.0 1.0 1.0 1.0 1.0
1.0 1.0 1.0 1.0 1.0 1.0 1.0 1.0 1.0 1.0 1.0 1.0 1.0 1.0 1.0 1.0
1.0 1.0 1.0 1.0 1.0 1.0 1.0 1.0 1.0 1.0 1.0 1.0 1.0 1.0 1.0 1.0
1.0 1.0 1.0 1.0 1.0 1.0 1.0 1.0 1.0 1.0 1.0 1.0 1.0 1.0 1.0 1.0
1.0 1.0 1.0 1.0 1.0 1.0 1.0 1.0 1.0 1.0 1.0 1.0 1.0 1.0 1.0 1.0
1.0 1.0 1.0 1.0 1.0 1.0 1.0 1.0 1.0 1.0 1.0 1.0 1.0 1.0 1.0 1.0
1.0 1.0 1.0 1.0 1.0 1.0 1.0 1.0 1.0 1.0 1.0 1.0 1.0 1.0 1.0 1.0
1.0 1.0 1.0 1.0 1.0 1.0 1.0 1.0 1.0 1.0 1.0 1.0 1.0 1.0 1.0 1.0
1.0 1.0 1.0 1.0 1.0 1.0 1.0 1.0 1.0 1.0 1.0 1.0 1.0 1.0 1.0 1.0
1.0 1.0 1.0 1.0 1.0 1.0 1.0 1.0 1.0 1.0 1.0 1.0 1.0 1.0 1.0 1.0
1.0 1.0 1.0 1.0 1.0 1.0 1.0 1.0 1.0 1.0 1.0 1.0 1.0 1.0 1.0 1.0
1.0 1.0 1.0 1.0 1.0 1.0 1.0 1.0 1.0 1.0 1.0 1.0 1.0 1.0 1.0 1.0
1.0 1.0 1.0 1.0 1.0 1.0 1.0 1.0 1.0 1.0 1.0 1.0 1.0 1.0 1.0 1.0
1.0 1.0 1.0 1.0 1.0 1.0 1.0 1.0 1.0 1.0 1.0 1.0 1.0 1.0 1.0 1.0
1.0 1.0 1.0 1.0 1.0 1.0 1.0 1.0 1.0 1.0 1.0 1.0 1.0 1.0 1.0 1.0
1.0 1.0 1.0 1.0 1.0 1.0 1.0 1.0 1.0 1.0 1.0 1.0 1.0 1.0 1.0 1.0
1.0 1.0 1.0 1.0 1.0 1.0 1.0 1.0 1.0 1.0 1.0 1.0 1.0 1.0 1.0 1.0
1.0 1.0 1.0 1.0 1.0 1.0 1.0 1.0 1.0 1.0 1.0 1.0 1.0 1.0 1.0 1.0
1.0 1.0 1.0 1.0 1.0 1.0 1.0 1.0 1.0 1.0 1.0 1.0 1.0 1.0 1.0 1.0
1.0 1.0 1.0 1.0 1.0 1.0 1.0 1.0 1.0 1.0 1.0 1.0 1.0 1.0 1.0 1.0
1.0 1.0 1.0 1.0 1.0 1.0 1.0 1.0 1.0 1.0 1.0 1.0 1.0 1.0 1.0 1.0
1.0 1.0 1.0 1.0 1.0 1.0 1.0 1.0 1.0 1.0 1.0 1.0 1.0 1.0 1.0 1.0
1.0 1.0 1.0 1.0 1.0 1.0 1.0 1.0 1.0 1.0 1.0 1.0 1.0 1.0 1.0 1.0
1.0 1.0 1.0 1.0 1.0 1.0 1.0 1.0 1.0 1.0 1.0 1.0 1.0 1.0 1.0 1.0
1.0 1.0 1.0 1.0 1.0 1.0 1.0 1.0 1.0 1.0 1.0 1.0 1.0 1.0 1.0 1.0
1.0 1.0 1.0 1.0 1.0 1.0 1.0 1.0 1.0 1.0 1.0 1.0 1.0 1.0 1.0 1.0
1.0 1.0 1.0 1.0 1.0 1.0 1.0 1.0 1.0 1.0 1.0 1.0 1.0 1.0 1.0 1.0
1.0 1.0 1.0 1.0 1.0 1.0 1.0 1.0 1.0 1.0 1.0 1.0 1.0 1.0 1.0 1.0
1.0 1.0 1.0 1.0 1.0 1.0 1.0 1.0 1.0 1.0 1.0 1.0 1.0 1.0 1.0 1.0
1.0 1.0 1.0 1.0 1.0 1.0 1.0 1.0 1.0 1.0 1.0 1.0 1.0 1.0 1.0 1.0
1.0 1.0 1.0 1.0 1.0 1.0 1.0 1.0 1.0 1.0 1.0 1.0 1.0 1.0 1.0 1.0
1.0 1.0 1.0 1.0 1.0 1.0 1.0 1.0 1.0 1.0 1.0 1.0 1.0 1.0 1.0 1.0
1.0 1.0 1.0 1.0 1.0 1.0 1.0 1.0 1.0 1.0 1.0 1.0 1.0 1.0 1.0 1.0
1.0 1.0 1.0 1.0 1.0 1.0 1.0 1.0 1.0 1.0 1.0 1.0 1.0 1.0 1.0 1.0
1.0 1.0 1.0 1.0 1.0 1.0 1.0 1.0 1.0 1.0 1.0 1.0 1.0 1.0 1.0 1.0
1.0 1.0 1.0 1.0 1.0 1.0 1.0 1.0 1.0 1.0 1.0 1.0 1.0 1.0 1.0 1.0
1.0 1.0 1.0 1.0 1.0 1.0 1.0 1.0 1.0 1.0 1.0 1.0 1.0 1.0 1.0 1.0
1.0 1.0 1.0 1.0 1.0 1.0 1.0 1.0 1.0 1.0 1.0 1.0 1.0 1.0 1.0 1.0
1.0 1.0 1.0 1.0 1.0 1.0 1.0 1.0 1.0 1.0 1.0 1.0 1.0 1.0 1.0 1.0
1.0 1.0 1.0 1.0 1.0 1.0 1.0 1.0 1.0 1.0 1.0 1.0 1.0 1.0 1.0 1.0
1.0 1.0 1.0 1.0 1.0 1.0 1.0 1.0 1.0 1.0 1.0 1.0 1.0 1.0 1.0 1.0
1.0 1.0 1.0 1.0 1.0 1.0 1.0 1.0 1.0 1.0 1.0 1.0 1.0 1.0 1.0 1.0
1.0 1.0 1.0 1.0 1.0 1.0 1.0 1.0 1.0 1.0 1.0 1.0 1.0 1.0 1.0 1.0
1.0 1.0 1.0 1.0 1.0 1.0 1.0 1.0 1.0 1.0 1.0 1.0 1.0 1.0 1.0 1.0
1.0 1.0 1.0 1.0 1.0 1.0 1.0 1.0 1.0 1.0 1.0 1.0 1.0 1.0 1.0 1.0
1.0 1.0 1.0 1.0 1.0 1.0 1.0 1.0 1.0 1.0 1.0 1.0 1.0 1.0 1.0 1.0
1.0 1.0 1.0 1.0 1.0 1.0 1.0 1.0 1.0 1.0 1.0 1.0 1.0 1.0 1.0 1.0
1.0 1.0 1.0 1.0 1.0 1.0 1.0 1.0 1.0 1.0 1.0 1.0 1.0 1.0 1.0 1.0
1.0 1.0 1.0 1.0 1.0 1.0 1.0 1.0 1.0 1.0 1.0 1.0 1.0 1.0 1.0 1.0
1.0 1.0 1.0 1.0 1.0 1.0 1.0 1.0 1.0 1.0 1.0 1.0 1.0 1.0 1.0 1.0
1.0 1.0 1.0 1.0 1.0 1.0 1.0 1.0 1.0 1.0 1.0 1.0 1.0 1.0 1.0 1.0
1.0 1.0 1.0 1.0 1.0 1.0 1.0 1.0 1.0 1.0 1.0 1.0 1.0 1.0 1.0 1.0
1.0 1.0 1.0 1.0 1.0 1.0 1.0 1.0 1.0 1.0 1.0 1.0 1.0 1.0 1.0 1.0
1.0 1.0 1.0 1.0 1.0 1.0 1.0 1.0 1.0 1.0 1.0 1.0 1.0 1.0 1.0 1.0
1.0 1.0 1.0 1.0 1.0 1.0 1.0 1.0 1.0 1.0 1.0 1.0 1.0 1.0 1.0 1.0
1.0 1.0 1.0 1.0 1.0 1.0 1.0 1.0 1.0 1.0 1.0 1.0 1.0 1.0 1.0 1.0
1.0 1.0 1.0 1.0 1.0 1.0 1.0 1.0 1.0 1.0 1.0 1.0 1.0 1.0 1.0 1.0
1.0 1.0 1.0 1.0 1.0 1.0 1.0 1.0 1.0 1.0 1.0 1.0 1.0 1.0 1.0 1.0
1.0 1.0 1.0 1.0 1.0 1.0 1.0 1.0 1.0 1.0 1.0 1.0 1.0 1.0 1.0 1.0
1.0 1.0 1.0 1.0 1.0 1.0 1.0 1.0 1.0 1.0 1.0 1.0 1.0 1.0 1.0 1.0
1.0 1.0 1.0 1.0 1.0 1.0 1.0 1.0 1.0 1.0 1.0 1.0 1.0 1.0 1.0 1.0
1.0 1.0 1.0 1.0 1.0 1.0 1.0 1.0 1.0 1.0 1.0 1.0 1.0 1.0 1.0 1.0
1.0 1.0 1.0 1.0 1.0 1.0 1.0 1.0 1.0 1.0 1.0 1.0 1.0 1.0 1.0 1.0
1.0 1.0 1.0 1.0 1.0 1.0 1.0 1.0 1.0 1.0 1.0 1.0 1.0 1.0 1.0 1.0
1.0 1.0 1.0 1.0 1.0 1.0 1.0 1.0 1.0 1.0 1.0 1.0 1.0 1.0 1.0 1.0
1.0 1.0 1.0 1.0 1.0 1.0 1.0 1.0 1.0 1.0 1.0 1.0 1.0 1.0 1.0 1.0
1.0 1.0 1.0 1.0 1.0 1.0 1.0 1.0 1.0 1.0 1.0 1.0 1.0 1.0 1.0 1.0
1.0 1.0 1.0 1.0 1.0 1.0 1.0 1.0 1.0 1.0 1.0 1.0 1.0 1.0 1.0 1.0
1.0 1.0 1.0 1.0 1.0 1.0 1.0 1.0 1.0 1.0 1.0 1.0 1.0 1.0 1.0 1.0
1.0 1.0 1.0 1.0 1.0 1.0 1.0 1.0 1.0 1.0 1.0 1.0 1.0 1.0 1.0 1.0
1.0 1.0 1.0 1.0 1.0 1.0 1.0 1.0 1.0 1.0 1.0 1.0 1.0 1.0 1.0 1.0
1.0 1.0 1.0 1.0 1.0 1.0 1.0 1.0 1.0 1.0 1.0 1.0 1.0 1.0 1.0 1.0
1.0 1.0 1.0 1.0 1.0 1.0 1.0 1.0 1.0 1.0 1.0 1.0 1.0 1.0 1.0 1.0
1.0 1.0 1.0 1.0 1.0 1.0 1.0 1.0 1.0 1.0 1.0 1.0 1.0 1.0 1.0 1.0
1.0 1.0 1.0 1.0 1.0 1.0 1.0 1.0 1.0 1.0 1.0 1.0 1.0 1.0 1.0 1.0
1.0 1.0 1.0 1.0 1.0 1.0 1.0 1.0 1.0 1.0 1.0 1.0 1.0 1.0 1.0 1.0
1.0 1.0 1.0 1.0 1.0 1.0 1.0 1.0 1.0 1.0 1.0 1.0 1.0 1.0 1.0 1.0
1.0 1.0 1.0 1.0 1.0 1.0 1.0 1.0 1.0 1.0 1.0 1.0 1.0 1.0 1.0 1.0
1.0 1.0 1.0 1.0 1.0 1.0 1.0 1.0 1.0 1.0 1.0 1.0 1.0 1.0 1.0 1.0
1.0 1.0 1.0 1.0 1.0 1.0 1.0 1.0 1.0 1.0 1.0 1.0 1.0 1.0 1.0 1.0
1.0 1.0 1.0 1.0 1.0 1.0 1.0 1.0 1.0 1.0 1.0 1.0 1.0 1.0 1.0 1.0
1.0 1.0 1.0 1.0 1.0 1.0 1.0 1.0 1.0 1.0 1.0 1.0 1.0 1.0 1.0 1.0
1.0 1.0 1.0 1.0 1.0 1.0 1.0 1.0 1.0 1.0 1.0 1.0 1.0 1.0 1.0 1.0
1.0 1.0 1.0 1.0 1.0 1.0 1.0 1.0 1.0 1.0 1.0 1.0 1.0 1.0 1.0 1.0
1.0 1.0 1.0 1.0 1.0 1.0 1.0 1.0 1.0 1.0 1.0 1.0 1.0 1.0 1.0 1.0
1.0 1.0 1.0 1.0 1.0 1.0 1.0 1.0 1.0 1.0 1.0 1.0 1.0 1.0 1.0 1.0
1.0 1.0 1.0 1.0 1.0 1.0 1.0 1.0 1.0 1.0 1.0 1.0 1.0 1.0 1.0 1.0
1.0 1.0 1.0 1.0 1.0 1.0 1.0 1.0 1.0 1.0 1.0 1.0 1.0 1.0 1.0 1.0
1.0 1.0 1.0 1.0 1.0 1.0 1.0 1.0 1.0 1.0 1.0 1.0 1.0 1.0 1.0 1.0
1.0 1.0 1.0 1.0 1.0 1.0 1.0 1.0 1.0 1.0 1.0 1.0 1.0 1.0 1.0 1.0
1.0 1.0 1.0 1.0 1.0 1.0 1.0 1.0 1.0 1.0 1.0 1.0 1.0 1.0 1.0 1.0
1.0 1.0 1.0 1.0 1.0 1.0 1.0 1.0 1.0 1.0 1.0 1.0 1.0 1.0 1.0 1.0
1.0 1.0 1.0 1.0 1.0 1.0 1.0 1.0 1.0 1.0 1.0 1.0 1.0 1.0 1.0 1.0
1.0 1.0 1.0 1.0 1.0 1.0 1.0 1.0 1.0 1.0 1.0 1.0 1.0 1.0 1.0 1.0
1.0 1.0 1.0 1.0 1.0 1.0 1.0 1.0 1.0 1.0 1.0 1.0 1.0 1.0 1.0 1.0
1.0 1.0 1.0 1.0 1.0 1.0 1.0 1.0 1.0 1.0 1.0 1.0 1.0 1.0 1.0 1.0
1.0 1.0 1.0 1.0 1.0 1.0 1.0 1.0 1.0 1.0 1.0 1.0 1.0 1.0 1.0 1.0
1.0 1.0 1.0 1.0 1.0 1.0 1.0 1.0 1.0 1.0 1.0 1.0 1.0 1.0 1.0 1.0
1.0 1.0 1.0 1.0 1.0 1.0 1.0 1.0 1.0 1.0 1.0 1.0 1.0 1.0 1.0 1.0
1.0 1.0 1.0 1.0 1.0 1.0 1.0 1.0 1.0 1.0 1.0 1.0 1.0 1.0 1.0 1.0
1.0 1.0 1.0 1.0 1.0 1.0 1.0 1.0 1.0 1.0 1.0 1.0 1.0 1.0 1.0 1.0
1.0 1.0 1.0 1.0 1.0 1.0 1.0 1.0 1.0 1.0 1.0 1.0 1.0 1.0 1.0 1.0
1.0 1.0 1.0 1.0 1.0 1.0 1.0 1.0 1.0 1.0 1.0 1.0 1.0 1.0 1.0 1.0
1.0 1.0 1.0 1.0 1.0 1.0 1.0 1.0 1.0 1.0 1.0 1.0 1.0 1.0 1.0 1.0
1.0 1.0 1.0 1.0 1.0 1.0 1.0 1.0 1.0 1.0 1.0 1.0 1.0 1.0 1.0 1.0
1.0 1.0 1.0 1.0 1.0 1.0 1.0 1.0 1.0 1.0 1.0 1.0 1.0 1.0 1.0 1.0
1.0 1.0 1.0 1.0 1.0 1.0 1.0 1.0 1.0 1.0 1.0 1.0 1.0 1.0 1.0 1.0
1.0 1.0 1.0 1.0 1.0 1.0 1.0 1.0 1.0 1.0 1.0 1.0 1.0 1.0 1.0 1.0
1.0 1.0 1.0 1.0 1.0 1.0 1.0 1.0 1.0 1.0 1.0 1.0 1.0 1.0 1.0 1.0
1.0 1.0 1.0 1.0 1.0 1.0 1.0 1.0 1.0 1.0 1.0 1.0 1.0 1.0 1.0 1.0
1.0 1.0 1.0 1.0 1.0 1.0 1.0 1.0 1.0 1.0 1.0 1.0 1.0 1.0 1.0 1.0
1.0 1.0 1.0 1.0 1.0 1.0 1.0 1.0 1.0 1.0 1.0 1.0 1.0 1.0 1.0 1.0
1.0 1.0 1.0 1.0 1.0 1.0 1.0 1.0 1.0 1.0 1.0 1.0 1.0 1.0 1.0 1.0
1.0 1.0 1.0 1.0 1.0 1.0 1.0 1.0 1.0 1.0 1.0 1.0 1.0 1.0 1.0 1.0
1.0 1.0 1.0 1.0 1.0 1.0 1.0 1.0 1.0 1.0 1.0 1.0 1.0 1.0 1.0 1.0
1.0 1.0 1.0 1.0 1.0 1.0 1.0 1.0 1.0 1.0 1.0 1.0 1.0 1.0 1.0 1.0
1.0 1.0 1.0 1.0 1.0 1.0 1.0 1.0 1.0 1.0 1.0 1.0 1.0 1.0 1.0 1.0
1.0 1.0 1.0 1.0 1.0 1.0 1.0 1.0 1.0 1.0 1.0 1.0 1.0 1.0 1.0 1.0
1.0 1.0 1.0 1.0 1.0 1.0 1.0 1.0 1.0 1.0 1.0 1.0 1.0 1.0 1.0 1.0
1.0 1.0 1.0 1.0 1.0 1.0 1.0 1.0 1.0 1.0 1.0 1.0 1.0 1.0 1.0 1.0
1.0 1.0 1.0 1.0 1.0 1.0 1.0 1.0 1.0 1.0 1.0 1.0 1.0 1.0 1.0 1.0
1.0 1.0 1.0 1.0 1.0 1.0 1.0 1.0 1.0 1.0 1.0 1.0 1.0 1.0 1.0 1.0
1.0 1.0 1.0 1.0 1.0 1.0 1.0 1.0 1.0 1.0 1.0 1.0 1.0 1.0 1.0 1.0
1.0 1.0 1.0 1.0 1.0 1.0 1.0 1.0 1.0 1.0 1.0 1.0 1.0 1.0 1.0 1.0
1.0 1.0 1.0 1.0 1.0 1.0 1.0 1.0 1.0 1.0 1.0 1.0 1.0 1.0 1.0 1.0
1.0 1.0 1.0 1.0 1.0 1.0 1.0 1.0 1.0 1.0 1.0 1.0 1.0 1.0 1.0 1.0
1.0 1.0 1.0 1.0 1.0 1.0 1.0 1.0 1.0 1.0 1.0 1.0 1.0 1.0 1.0 1.0
1.0 1.0 1.0 1.0 1.0 1.0 1.0 1.0 1.0 1.0 1.0 1.0 1.0 1.0 1.0 1.0
1.0 1.0 1.0 1.0 1.0 1.0 1.0 1.0 1.0 1.0 1.0 1.0 1.0 1.0 1.0 1.0
1.0 1.0 1.0 1.0 1.0 1.0 1.0 1.0 1.0 1.0 1.0 1.0 1.0 1.0 1.0 1.0
1.0 1.0 1.0 1.0 1.0 1.0 1.0 1.0 1.0 1.0 1.0 1.0 1.0 1.0 1.0 1.0
1.0 1.0 1.0 1.0 1.0 1.0 1.0 1.0 1.0 1.0 1.0 1.0 1.0 1.0 1.0 1.0
1.0 1.0 1.0 1.0 1.0 1.0 1.0 1.0 1.0 1.0 1.0 1.0 1.0 1.0 1.0 1.0
1.0 1.0 1.0 1.0 1.0 1.0 1.0 1.0 1.0 1.0 1.0 1.0 1.0 1.0 1.0 1.0
1.0 1.0 1.0 1.0 1.0 1.0 1.0 1.0 1.0 1.0 1.0 1.0 1.0 1.0 1.0 1.0
1.0 1.0 1.0 1.0 1.0 1.0 1.0 1.0 1.0 1.0 1.0 1.0 1.0 1.0 1.0 1.0
1.0 1.0 1.0 1.0 1.0 1.0 1.0 1.0 1.0 1.0 1.0 1.0 1.0 1.0 1.0 1.0
1.0 1.0 1.0 1.0 1.0 1.0 1.0 1.0 1.0 1.0 1.0 1.0 1.0 1.0 1.0 1.0
1.0 1.0 1.0 1.0 1.0 1.0 1.0 1.0 1.0 1.0 1.0 1.0 1.0 1.0 1.0 1.0
1.0 1.0 1.0 1.0 1.0 1.0 1.0 1.0 1.0 1.0 1.0 1.0 1.0 1.0 1.0 1.0
1.0 1.0 1.0 1.0 1.0 1.0 1.0 1.0 1.0 1.0 1.0 1.0 1.0 1.0 1.0 1.0
1.0 1.0 1.0 1.0 1.0 1.0 1.0 1.0 1.0 1.0 1.0 1.0 1.0 1.0 1.0 1.0
1.0 1.0 1.0 1.0 1.0 1.0 1.0 1.0 1.0 1.0 1.0 1.0 1.0 1.0 1.0 1.0
1.0 1.0 1.0 1.0 1.0 1.0 1.0 1.0 1.0 1.0 1.0 1.0 1.0 1.0 1.0 1.0
1.0 1.0 1.0 1.0 1.0 1.0 1.0 1.0 1.0 1.0 1.0 1.0 1.0 1.0 1.0 1.0
1.0 1.0 1.0 1.0 1.0 1.0 1.0 1.0 1.0 1.0 1.0 1.0 1.0 1.0 1.0 1.0
1.0 1.0 1.0 1.0 1.0 1.0 1.0 1.0 1.0 1.0 1.0 1.0 1.0 1.0 1.0 1.0
1.0 1.0 1.0 1.0 1.0 1.0 1.0 1.0 1.0 1.0 1.0 1.0 1.0 1.0 1.0 1.0
1.0 1.0 1.0 1.0 1.0 1.0 1.0 1.0 1.0 1.0 1.0 1.0 1.0 1.0 1.0 1.0
1.0 1.0 1.0 1.0 1.0 1.0 1.0 1.0 1.0 1.0 1.0 1.0 1.0 1.0 1.0 1.0
1.0 1.0 1.0 1.0 1.0 1.0 1.0 1.0 1.0 1.0 1.0 1.0 1.0 1.0 1.0 1.0
1.0 1.0 1.0 1.0 1.0 1.0 1.0 1.0 1.0 1.0 1.0 1.0 1.0 1.0 1.0 1.0
1.0 1.0 1.0 1.0 1.0 1.0 1.0 1.0 1.0 1.0 1.0 1.0 1.0 1.0 1.0 1.0
1.0 1.0 1.0 1.0 1.0 1.0 1.0 1.0 1.0 1.0 1.0 1.0 1.0 1.0 1.0 1.0
1.0 1.0 1.0 1.0 1.0 1.0 1.0 1.0 1.0 1.0 1.0 1.0 1.0 1.0 1.0 1.0
1.0 1.0 1.0 1.0 1.0 1.0 1.0 1.0 1.0 1.0 1.0 1.0 1.0 1.0 1.0 1.0
1.0 1.0 1.0 1.0 1.0 1.0 1.0 1.0 1.0 1.0 1.0 1.0 1.0 1.0 1.0 1.0
1.0 1.0 1.0 1.0 1.0 1.0 1.0 1.0 1.0 1.0 1.0 1.0 1.0 1.0 1.0 1.0
1.0 1.0 1.0 1.0 1.0 1.0 1.0 1.0 1.0 1.0 1.0 1.0 1.0 1.0 1.0 1.0
1.0 1.0 1.0 1.0 1.0 1.0 1.0 1.0 1.0 1.0 1.0 1.0 1.0 1.0 1.0 1.0
1.0 1.0 1.0 1.0 1.0 1.0 1.0 1.0 1.0 1.0 1.0 1.0 1.0 1.0 1.0 1.0
1.0 1.0 1.0 1.0 1.0 1.0 1.0 1.0 1.0 1.0 1.0 1.0 1.0 1.0 1.0 1.0
1.0 1.0 1.0 1.0 1.0 1.0 1.0 1.0 1.0 1.0 1.0 1.0 1.0 1.0 1.0 1.0
1.0 1.0 1.0 1.0 1.0 1.0 1.0 1.0 1.0 1.0 1.0 1.0 1.0 1.0 1.0 1.0
1.0 1.0 1.0 1.0 1.0 1.0 1.0 1.0 1.0 1.0 1.0 1.0 1.0 1.0 1.0 1.0
1.0 1.0 1.0 1.0 1.0 1.0 1.0 1.0 1.0 1.0 1.0 1.0 1.0 1.0 1.0 1.0
1.0 1.0 1.0 1.0 1.0 1.0 1.0 1.0 1.0 1.0 1.0 1.0 1.0 1.0 1.0 1.0
1.0 1.0 1.0 1.0 1.0 1.0 1.0 1.0 1.0 1.0 1.0 1.0 1.0 1.0 1.0 1.0
1.0 1.0 1.0 1.0 1.0 1.0 1.0 1.0 1.0 1.0 1.0 1.0 1.0 1.0 1.0 1.0
1.0 1.0 1.0 1.0 1.0 1.0 1.0 1.0 1.0 1.0 1.0 1.0 1.0 1.0 1.0 1.0
1.0 1.0 1.0 1.0 1.0 1.0 1.0 1.0 1.0 1.0 1.0 1.0 1.0 1.0 1.0 1.0
1.0 1.0 1.0 1.0 1.0 1.0 1.0 1.0 1.0 1.0 1.0 1.0 1.0 1.0 1.0 1.0
1.0 1.0 1.0 1.0 1.0 1.0 1.0 1.0 1.0 1.0 1.0 1.0 1.0 1.0 1.0 1.0
1.0 1.0 1.0 1.0 1.0 1.0 1.0 1.0 1.0 1.0 1.0 1.0 1.0 1.0 1.0 1.0
1.0 1.0 1.0 1.0 1.0 1.0 1.0 1.0 1.0 1.0 1.0 1.0 1.0 1.0 1.0 1.0
1.0 1.0 1.0 1.0 1.0 1.0 1.0 1.0 1.0 1.0 1.0 1.0 1.0 1.0 1.0 1.0
1.0 1.0 1.0 1.0 1.0 1.0 1.0 1.0 1.0 1.0 1.0 1.0 1.0 1.0 1.0 1.0
1.0 1.0 1.0 1.0 1.0 1.0 1.0 1.0 1.0 1.0 1.0 1.0 1.0 1.0 1.0 1.0
1.0 1.0 1.0 1.0 1.0 1.0 1.0 1.0 1.0 1.0 1.0 1.0 1.0 1.0 1.0 1.0
1.0 1.0 1.0 1.0 1.0 1.0 1.0 1.0 1.0 1.0 1.0 1.0 1.0 1.0 1.0 1.0
1.0 1.0 1.0 1.0 1.0 1.0 1.0 1.0 1.0 1.0 1.0 1.0 1.0 1.0 1.0 1.0
1.0 1.0 1.0 1.0 1.0 1.0 1.0 1.0 1.0 1.0 1.0 1.0 1.0 1.0 1.0 1.0
1.0 1.0 1.0 1.0 1.0 1.0 1.0 1.0 1.0 1.0 1.0 1.0 1.0 1.0 1.0 1.0
1.0 1.0 1.0 1.0 1.0 1.0 1.0 1.0 1.0 1.0 1.0 1.0 1.0 1.0 1.0 1.0
1.0 1.0 1.0 1.0 1.0 1.0 1.0 1.0 1.0 1.0 1.0 1.0 1.0 1.0 1.0 1.0
1.0 1.0 1.0 1.0 1.0 1.0 1.0 1.0 1.0 1.0 1.0 1.0 1.0 1.0 1.0 1.0
1.0 1.0 1.0 1.0 1.0 1.0 1.0 1.0 1.0 1.0 1.0 1.0 1.0 1.0 1.0 1.0
1.0 1.0 1.0 1.0 1.0 1.0 1.0 1.0 1.0 1.0 1.0 1.0 1.0 1.0 1.0 1.0
1.0 1.0 1.0 1.0 1.0 1.0 1.0 1.0 1.0 1.0 1.0 1.0 1.0 1.0 1.0 1.0
1.0 1.0 1.0 1.0 1.0 1.0 1.0 1.0 1.0 1.0 1.0 1.0 1.0 1.0 1.0 1.0
1.0 1.0 1.0 1.0 1.0 1.0 1.0 1.0 1.0 1.0 1.0 1.0 1.0 1.0 1.0 1.0
1.0 1.0 1.0 1.0 1.0 1.0 1.0 1.0 1.0 1.0 1.0 1.0 1.0 1.0 1.0 1.0
1.0 1.0 1.0 1.0 1.0 1.0 1.0 1.0 1.0 1.0 1.0 1.0 1.0 1.0 1.0 1.0
1.0 1.0 1.0 1.0 1.0 1.0 1.0 1.0 1.0 1.0 1.0 1.0 1.0 1.0 1.0 1.0
1.0 1.0 1.0 1.0 1.0 1.0 1.0 1.0 1.0 1.0 1.0 1.0 1.0 1.0 1.0 1.0
1.0 1.0 1.0 1.0 1.0 1.0 1.0 1.0 1.0 1.0 1.0 1.0 1.0 1.0 1.0 1.0
1.0 1.0 1.0 1.0 1.0 1.0 1.0 1.0 1.0 1.0 1.0 1.0 1.0 1.0 1.0 1.0
1.0 1.0 1.0 1.0 1.0 1.0 1.0 1.0 1.0 1.0 1.0 1.0 1.0 1.0 1.0 1.0
1.0 1.0 1.0 1.0 1.0 1.0 1.0 1.0 1.0 1.0 1.0 1.0 1.0 1.0 1.0 1.0
1.0 1.0 1.0 1.0 1.0 1.0 1.0 1.0 1.0 1.0 1.0 1.0 1.0 1.0 1.0 1.0
1.0 1.0 1.0 1.0 1.0 1.0 1.0 1.0 1.0 1.0 1.0 1.0 1.0 1.0 1.0 1.0
1.0 1.0 1.0 1.0 1.0 1.0 1.0 1.0 1.0 1.0 1.0 1.0 1.0 1.0 1.0 1.0
1.0 1.0 1.0 1.0 1.0 1.0 1.0 1.0 1.0 1.0 1.0 1.0 1.0 1.0 1.0 1.0
1.0 1.0 1.0 1.0 1.0 1.0 1.0 1.0 1.0 1.0 1.0 1.0 1.0 1.0 1.0 1.0
1.0 1.0 1.0 1.0 1.0 1.0 1.0 1.0 1.0 1.0 1.0 1.0 1.0 1.0 1.0 1.0
1.0 1.0 1.0 1.0 1.0 1.0 1.0 1.0 1.0 1.0 1.0 1.0 1.0 1.0 1.0 1.0
1.0 1.0 1.0 1.0 1.0 1.0 1.0 1.0 1.0 1.0 1.0 1.0 1.0 1.0 1.0 1.0
1.0 1.0 1.0 1.0 1.0 1.0 1.0 1.0 1.0 1.0 1.0 1.0 1.0 1.0 1.0 1.0
1.0 1.0 1.0 1.0 1.0 1.0 1.0 1.0 1.0 1.0 1.0 1.0 1.0 1.0 1.0 1.0
1.0 1.0 1.0 1.0 1.0 1.0 1.0 1.0 1.0 1.0 1.0 1.0 1.0 1.0 1.0 1.0
1.0 1.0 1.0 1.0 1.0 1.0 1.0 1.0 1.0 1.0 1.0 1.0 1.0 1.0 1.0 1.0
1.0 1.0 1.0 1.0 1.0 1.0 1.0 1.0 1.0 1.0 1.0 1.0 1.0 1.0 1.0 1.0
1.0 1.0 1.0 1.0 1.0 1.0 1.0 1.0 1.0 1.0 1.0 1.0 1.0 1.0 1.0 1.0
1.0 1.0 1.0 1.0 1.0 1.0 1.0 1.0 1.0 1.0 1.0 1.0 1.0 1.0 1.0 1.0
1.0 1.0 1.0 1.0 1.0 1.0 1.0 1.0 1.0 1.0 1.0 1.0 1.0 1.0 1.0 1.0
1.0 1.0 1.0 1.0 1.0 1.0 1.0 1.0 1.0 1.0 1.0 1.0 1.0 1.0 1.0 1.0
1.0 1.0 1.0 1.0 1.0 1.0 1.0 1.0 1.0 1.0 1.0 1.0 1.0 1.0 1.0 1.0
