18
128 384
1.0370776653289795 1.0370776653289795 1.0370776653289795 1.0370776653289795 0
1.0474741458892822 1.0474741458892822 1.0474741458892822 1.0474741458892822 0
1.0428506135940552 1.0428506135940552 1.0428506135940552 1.0428506135940552 0
1.0593612194061279 1.0593612194061279 1.0593612194061279 1.0593612194061279 0
1.0609996318817139 1.0609996318817139 1.0609996318817139 1.0609996318817139 0
1.0568120479583740 1.0568120479583740 1.0568120479583740 1.0568120479583740 0
1.0650140047073364 1.0650140047073364 1.0650140047073364 1.0650140047073364 0
1.0605206489562988 1.0605206489562988 1.0605206489562988 1.0605206489562988 0
1.0522406101226807 1.0522406101226807 1.0522406101226807 1.0522406101226807 0
1.0364409685134888 1.0364409685134888 1.0364409685134888 1.0364409685134888 0
1.0510872602462769 1.0510872602462769 1.0510872602462769 1.0510872602462769 0
1.0569880008697510 1.0569880008697510 1.0569880008697510 1.0569880008697510 0
1.0534570217132568 1.0534570217132568 1.0534570217132568 1.0534570217132568 0
1.0554717779159546 1.0554717779159546 1.0554717779159546 1.0554717779159546 0
1.0622105598449707 1.0622105598449707 1.0622105598449707 1.0622105598449707 0
1.0573158264160156 1.0573158264160156 1.0573158264160156 1.0573158264160156 0
1.0531691312789917 1.0531691312789917 1.0531691312789917 1.0531691312789917 0
1.0422557592391968 1.0422557592391968 1.0422557592391968 1.0422557592391968 0
1.0538709163665771 1.0538709163665771 1.0538709163665771 1.0538709163665771 0
1.0604480504989624 1.0604480504989624 1.0604480504989624 1.0604480504989624 0
1.0407619476318359 1.0407619476318359 1.0407619476318359 1.0407619476318359 0
1.0511790513992310 1.0511790513992310 1.0511790513992310 1.0511790513992310 0
1.0590027570724487 1.0590027570724487 1.0590027570724487 1.0590027570724487 0
1.0405774116516113 1.0405774116516113 1.0405774116516113 1.0405774116516113 0
1.0424833297729492 1.0424833297729492 1.0424833297729492 1.0424833297729492 0
1.0130319595336914 1.0130319595336914 1.0130319595336914 1.0130319595336914 0
1.0358866453170776 1.0358866453170776 1.0358866453170776 1.0358866453170776 0
1.0437506437301636 1.0437506437301636 1.0437506437301636 1.0437506437301636 0
1.0370686054229736 1.0370686054229736 1.0370686054229736 1.0370686054229736 0
1.0469881296157837 1.0469881296157837 1.0469881296157837 1.0469881296157837 0
1.0474138259887695 1.0474138259887695 1.0474138259887695 1.0474138259887695 0
1.0508940219879150 1.0508940219879150 1.0508940219879150 1.0508940219879150 0
1.0314656496047974 1.0314656496047974 1.0314656496047974 1.0314656496047974 0
1.0471283197402954 1.0471283197402954 1.0471283197402954 1.0471283197402954 0
1.0387111902236938 1.0387111902236938 1.0387111902236938 1.0387111902236938 0
1.0423303842544556 1.0423303842544556 1.0423303842544556 1.0423303842544556 0
1.0358729362487793 1.0358729362487793 1.0358729362487793 1.0358729362487793 0
1.0381445884704590 1.0381445884704590 1.0381445884704590 1.0381445884704590 0
1.0448787212371826 1.0448787212371826 1.0448787212371826 1.0448787212371826 0
1.0404504537582397 1.0404504537582397 1.0404504537582397 1.0404504537582397 0
1.0488995313644409 1.0488995313644409 1.0488995313644409 1.0488995313644409 0
1.0492057800292969 1.0492057800292969 1.0492057800292969 1.0492057800292969 0
1.0560375452041626 1.0560375452041626 1.0560375452041626 1.0560375452041626 0
1.0570966005325317 1.0570966005325317 1.0570966005325317 1.0570966005325317 0
1.0584787130355835 1.0584787130355835 1.0584787130355835 1.0584787130355835 0
1.0514948368072510 1.0514948368072510 1.0514948368072510 1.0514948368072510 0
1.0397703647613525 1.0397703647613525 1.0397703647613525 1.0397703647613525 0
1.0441215038299561 1.0441215038299561 1.0441215038299561 1.0441215038299561 0
1.0493494272232056 1.0493494272232056 1.0493494272232056 1.0493494272232056 0
1.0519520044326782 1.0519520044326782 1.0519520044326782 1.0519520044326782 0
1.0435371398925781 1.0435371398925781 1.0435371398925781 1.0435371398925781 0
1.0590851306915283 1.0590851306915283 1.0590851306915283 1.0590851306915283 0
1.0663554668426514 1.0663554668426514 1.0663554668426514 1.0663554668426514 0
1.0726404190063477 1.0726404190063477 1.0726404190063477 1.0726404190063477 0
1.0565519332885742 1.0565519332885742 1.0565519332885742 1.0565519332885742 0
1.0465719699859619 1.0465719699859619 1.0465719699859619 1.0465719699859619 0
1.0447773933410645 1.0447773933410645 1.0447773933410645 1.0447773933410645 0
1.0525474548339844 1.0525474548339844 1.0525474548339844 1.0525474548339844 0
1.0520375967025757 1.0520375967025757 1.0520375967025757 1.0520375967025757 0
1.0650103092193604 1.0650103092193604 1.0650103092193604 1.0650103092193604 0
1.0572459697723389 1.0572459697723389 1.0572459697723389 1.0572459697723389 0
1.0660829544067383 1.0660829544067383 1.0660829544067383 1.0660829544067383 0
1.0650382041931152 1.0650382041931152 1.0650382041931152 1.0650382041931152 0
1.0675313472747803 1.0675313472747803 1.0675313472747803 1.0675313472747803 0
0.0000000000000000 0.0000000000000000 0.0000000000000000 0.0000000000000000 0.0000000000000000 0.0000000000000000
0.0000000000000000 0.0000000000000000 0.0000000000000000 0.0000000000000000 0.0000000000000000 0.0000000000000000
0.0000000000000000 0.0000000000000000 0.0000000000000000 0.0000000000000000 0.0000000000000000 0.0000000000000000
0.0000000000000000 0.0000000000000000 0.0000000000000000 0.0000000000000000 0.0000000000000000 0.0000000000000000
0.0000000000000000 0.0000000000000000 0.0000000000000000 0.0000000000000000 0.0000000000000000 0.0000000000000000
0.0000000000000000 0.0000000000000000 0.0000000000000000 0.0000000000000000 0.0000000000000000 0.0000000000000000
0.0000000000000000 0.0000000000000000 0.0000000000000000 0.0000000000000000 0.0000000000000000 0.0000000000000000
0.0000000000000000 0.0000000000000000 0.0000000000000000 0.0000000000000000 0.0000000000000000 0.0000000000000000
0.0000000000000000 0.0000000000000000 0.0000000000000000 0.0000000000000000 0.0000000000000000 0.0000000000000000
0.0000000000000000 0.0000000000000000 0.0000000000000000 0.0000000000000000 0.0000000000000000 0.0000000000000000
0.0000000000000000 0.0000000000000000 0.0000000000000000 0.0000000000000000 0.0000000000000000 0.0000000000000000
0.0000000000000000 0.0000000000000000 0.0000000000000000 0.0000000000000000 0.0000000000000000 0.0000000000000000
0.1625978350639343 0.1625978350639343 0.1625978350639343 0.1625978350639343 0.1625978350639343 0.1625978350639343
0.0000000000000000 0.0000000000000000 0.0000000000000000 0.0000000000000000 0.0000000000000000 0.0000000000000000
0.0000000000000000 0.0000000000000000 0.0000000000000000 0.0000000000000000 0.0000000000000000 0.0000000000000000
0.1660099923610687 0.1660099923610687 0.1660099923610687 0.1660099923610687 0.1660099923610687 0.1660099923610687
0.0000000000000000 0.0000000000000000 0.0000000000000000 0.0000000000000000 0.0000000000000000 0.0000000000000000
0.0000000000000000 0.0000000000000000 0.0000000000000000 0.0000000000000000 0.0000000000000000 0.0000000000000000
0.0000000000000000 0.0000000000000000 0.0000000000000000 0.0000000000000000 0.0000000000000000 0.0000000000000000
0.1607066243886948 0.1607066243886948 0.1607066243886948 0.1607066243886948 0.1607066243886948 0.1607066243886948
0.0000000000000000 0.0000000000000000 0.0000000000000000 0.0000000000000000 0.0000000000000000 0.0000000000000000
0.0000000000000000 0.0000000000000000 0.0000000000000000 0.0000000000000000 0.0000000000000000 0.0000000000000000
0.0000000000000000 0.0000000000000000 0.0000000000000000 0.0000000000000000 0.0000000000000000 0.0000000000000000
0.0000000000000000 0.0000000000000000 0.0000000000000000 0.0000000000000000 0.0000000000000000 0.0000000000000000
0.0000000000000000 0.0000000000000000 0.0000000000000000 0.0000000000000000 0.0000000000000000 0.0000000000000000
0.0000000000000000 0.0000000000000000 0.0000000000000000 0.0000000000000000 0.0000000000000000 0.0000000000000000
0.0000000000000000 0.0000000000000000 0.0000000000000000 0.0000000000000000 0.0000000000000000 0.0000000000000000
0.0000000000000000 0.0000000000000000 0.0000000000000000 0.0000000000000000 0.0000000000000000 0.0000000000000000
0.0000000000000000 0.0000000000000000 0.0000000000000000 0.0000000000000000 0.0000000000000000 0.0000000000000000
0.0000000000000000 0.0000000000000000 0.0000000000000000 0.0000000000000000 0.0000000000000000 0.0000000000000000
0.0000000000000000 0.0000000000000000 0.0000000000000000 0.0000000000000000 0.0000000000000000 0.0000000000000000
0.0000000000000000 0.0000000000000000 0.0000000000000000 0.0000000000000000 0.0000000000000000 0.0000000000000000
0.0000000000000000 0.0000000000000000 0.0000000000000000 0.0000000000000000 0.0000000000000000 0.0000000000000000
0.0000000000000000 0.0000000000000000 0.0000000000000000 0.0000000000000000 0.0000000000000000 0.0000000000000000
0.0000000000000000 0.0000000000000000 0.0000000000000000 0.0000000000000000 0.0000000000000000 0.0000000000000000
0.0000000000000000 0.0000000000000000 0.0000000000000000 0.0000000000000000 0.0000000000000000 0.0000000000000000
0.0000000000000000 0.0000000000000000 0.0000000000000000 0.0000000000000000 0.0000000000000000 0.0000000000000000
0.1609856635332108 0.1609856635332108 0.1609856635332108 0.1609856635332108 0.1609856635332108 0.1609856635332108
0.1625083535909653 0.1625083535909653 0.1625083535909653 0.1625083535909653 0.1625083535909653 0.1625083535909653
0.0000000000000000 0.0000000000000000 0.0000000000000000 0.0000000000000000 0.0000000000000000 0.0000000000000000
0.0000000000000000 0.0000000000000000 0.0000000000000000 0.0000000000000000 0.0000000000000000 0.0000000000000000
0.0000000000000000 0.0000000000000000 0.0000000000000000 0.0000000000000000 0.0000000000000000 0.0000000000000000
0.0000000000000000 0.0000000000000000 0.0000000000000000 0.0000000000000000 0.0000000000000000 0.0000000000000000
0.0000000000000000 0.0000000000000000 0.0000000000000000 0.0000000000000000 0.0000000000000000 0.0000000000000000
0.0000000000000000 0.0000000000000000 0.0000000000000000 0.0000000000000000 0.0000000000000000 0.0000000000000000
0.0000000000000000 0.0000000000000000 0.0000000000000000 0.0000000000000000 0.0000000000000000 0.0000000000000000
0.0000000000000000 0.0000000000000000 0.0000000000000000 0.0000000000000000 0.0000000000000000 0.0000000000000000
0.0000000000000000 0.0000000000000000 0.0000000000000000 0.0000000000000000 0.0000000000000000 0.0000000000000000
0.0000000000000000 0.0000000000000000 0.0000000000000000 0.0000000000000000 0.0000000000000000 0.0000000000000000
0.0000000000000000 0.0000000000000000 0.0000000000000000 0.0000000000000000 0.0000000000000000 0.0000000000000000
0.0000000000000000 0.0000000000000000 0.0000000000000000 0.0000000000000000 0.0000000000000000 0.0000000000000000
0.0000000000000000 0.0000000000000000 0.0000000000000000 0.0000000000000000 0.0000000000000000 0.0000000000000000
0.0000000000000000 0.0000000000000000 0.0000000000000000 0.0000000000000000 0.0000000000000000 0.0000000000000000
0.0000000000000000 0.0000000000000000 0.0000000000000000 0.0000000000000000 0.0000000000000000 0.0000000000000000
0.0000000000000000 0.0000000000000000 0.0000000000000000 0.0000000000000000 0.0000000000000000 0.0000000000000000
0.0000000000000000 0.0000000000000000 0.0000000000000000 0.0000000000000000 0.0000000000000000 0.0000000000000000
0.0000000000000000 0.0000000000000000 0.0000000000000000 0.0000000000000000 0.0000000000000000 0.0000000000000000
0.0000000000000000 0.0000000000000000 0.0000000000000000 0.0000000000000000 0.0000000000000000 0.0000000000000000
0.0000000000000000 0.0000000000000000 0.0000000000000000 0.0000000000000000 0.0000000000000000 0.0000000000000000
0.0000000000000000 0.0000000000000000 0.0000000000000000 0.0000000000000000 0.0000000000000000 0.0000000000000000
0.0000000000000000 0.0000000000000000 0.0000000000000000 0.0000000000000000 0.0000000000000000 0.0000000000000000
0.0000000000000000 0.0000000000000000 0.0000000000000000 0.0000000000000000 0.0000000000000000 0.0000000000000000
0.0000000000000000 0.0000000000000000 0.0000000000000000 0.0000000000000000 0.0000000000000000 0.0000000000000000
0.0000000000000000 0.0000000000000000 0.0000000000000000 0.0000000000000000 0.0000000000000000 0.0000000000000000
0.0000000000000000 0.0000000000000000 0.0000000000000000 0.0000000000000000 0.0000000000000000 0.0000000000000000
0.0000000000000000 0.0000000000000000 0.0000000000000000 0.0000000000000000 0.0000000000000000 0.0000000000000000
0.0000000000000000 0.0000000000000000 0.0000000000000000 0.0000000000000000 0.0000000000000000 0.0000000000000000
0.0000000000000000 0.0000000000000000 0.0000000000000000 0.0000000000000000 0.0000000000000000 0.0000000000000000
0.0000000000000000 0.0000000000000000 0.0000000000000000 0.0000000000000000 0.0000000000000000 0.0000000000000000
0.0000000000000000 0.0000000000000000 0.0000000000000000 0.0000000000000000 0.0000000000000000 0.0000000000000000
0.0000000000000000 0.0000000000000000 0.0000000000000000 0.0000000000000000 0.0000000000000000 0.0000000000000000
0.0000000000000000 0.0000000000000000 0.0000000000000000 0.0000000000000000 0.0000000000000000 0.0000000000000000
0.0000000000000000 0.0000000000000000 0.0000000000000000 0.0000000000000000 0.0000000000000000 0.0000000000000000
0.0000000000000000 0.0000000000000000 0.0000000000000000 0.0000000000000000 0.0000000000000000 0.0000000000000000
0.0000000000000000 0.0000000000000000 0.0000000000000000 0.0000000000000000 0.0000000000000000 0.0000000000000000
0.0000000000000000 0.0000000000000000 0.0000000000000000 0.0000000000000000 0.0000000000000000 0.0000000000000000
0.0000000000000000 0.0000000000000000 0.0000000000000000 0.0000000000000000 0.0000000000000000 0.0000000000000000
0.0000000000000000 0.0000000000000000 0.0000000000000000 0.0000000000000000 0.0000000000000000 0.0000000000000000
0.0000000000000000 0.0000000000000000 0.0000000000000000 0.0000000000000000 0.0000000000000000 0.0000000000000000
0.0000000000000000 0.0000000000000000 0.0000000000000000 0.0000000000000000 0.0000000000000000 0.0000000000000000
0.0000000000000000 0.0000000000000000 0.0000000000000000 0.0000000000000000 0.0000000000000000 0.0000000000000000
0.0000000000000000 0.0000000000000000 0.0000000000000000 0.0000000000000000 0.0000000000000000 0.0000000000000000
0.0000000000000000 0.0000000000000000 0.0000000000000000 0.0000000000000000 0.0000000000000000 0.0000000000000000
0.0000000000000000 0.0000000000000000 0.0000000000000000 0.0000000000000000 0.0000000000000000 0.0000000000000000
0.0000000000000000 0.0000000000000000 0.0000000000000000 0.0000000000000000 0.0000000000000000 0.0000000000000000
0.0000000000000000 0.0000000000000000 0.0000000000000000 0.0000000000000000 0.0000000000000000 0.0000000000000000
0.0000000000000000 0.0000000000000000 0.0000000000000000 0.0000000000000000 0.0000000000000000 0.0000000000000000
0.0000000000000000 0.0000000000000000 0.0000000000000000 0.0000000000000000 0.0000000000000000 0.0000000000000000
0.0000000000000000 0.0000000000000000 0.0000000000000000 0.0000000000000000 0.0000000000000000 0.0000000000000000
0.0000000000000000 0.0000000000000000 0.0000000000000000 0.0000000000000000 0.0000000000000000 0.0000000000000000
0.0000000000000000 0.0000000000000000 0.0000000000000000 0.0000000000000000 0.0000000000000000 0.0000000000000000
0.0000000000000000 0.0000000000000000 0.0000000000000000 0.0000000000000000 0.0000000000000000 0.0000000000000000
0.0000000000000000 0.0000000000000000 0.0000000000000000 0.0000000000000000 0.0000000000000000 0.0000000000000000
0.0000000000000000 0.0000000000000000 0.0000000000000000 0.0000000000000000 0.0000000000000000 0.0000000000000000
0.0000000000000000 0.0000000000000000 0.0000000000000000 0.0000000000000000 0.0000000000000000 0.0000000000000000
0.0000000000000000 0.0000000000000000 0.0000000000000000 0.0000000000000000 0.0000000000000000 0.0000000000000000
0.0000000000000000 0.0000000000000000 0.0000000000000000 0.0000000000000000 0.0000000000000000 0.0000000000000000
0.0000000000000000 0.0000000000000000 0.0000000000000000 0.0000000000000000 0.0000000000000000 0.0000000000000000
0.0000000000000000 0.0000000000000000 0.0000000000000000 0.0000000000000000 0.0000000000000000 0.0000000000000000
0.0000000000000000 0.0000000000000000 0.0000000000000000 0.0000000000000000 0.0000000000000000 0.0000000000000000
0.0000000000000000 0.0000000000000000 0.0000000000000000 0.0000000000000000 0.0000000000000000 0.0000000000000000
0.0000000000000000 0.0000000000000000 0.0000000000000000 0.0000000000000000 0.0000000000000000 0.0000000000000000
0.0000000000000000 0.0000000000000000 0.0000000000000000 0.0000000000000000 0.0000000000000000 0.0000000000000000
0.0000000000000000 0.0000000000000000 0.0000000000000000 0.0000000000000000 0.0000000000000000 0.0000000000000000
0.0000000000000000 0.0000000000000000 0.0000000000000000 0.0000000000000000 0.0000000000000000 0.0000000000000000
0.0000000000000000 0.0000000000000000 0.0000000000000000 0.0000000000000000 0.0000000000000000 0.0000000000000000
0.0000000000000000 0.0000000000000000 0.0000000000000000 0.0000000000000000 0.0000000000000000 0.0000000000000000
0.0000000000000000 0.0000000000000000 0.0000000000000000 0.0000000000000000 0.0000000000000000 0.0000000000000000
0.0000000000000000 0.0000000000000000 0.0000000000000000 0.0000000000000000 0.0000000000000000 0.0000000000000000
0.0000000000000000 0.0000000000000000 0.0000000000000000 0.0000000000000000 0.0000000000000000 0.0000000000000000
0.0000000000000000 0.0000000000000000 0.0000000000000000 0.0000000000000000 0.0000000000000000 0.0000000000000000
0.0000000000000000 0.0000000000000000 0.0000000000000000 0.0000000000000000 0.0000000000000000 0.0000000000000000
0.0000000000000000 0.0000000000000000 0.0000000000000000 0.0000000000000000 0.0000000000000000 0.0000000000000000
0.1651315093040466 0.1651315093040466 0.1651315093040466 0.1651315093040466 0.1651315093040466 0.1651315093040466
0.0000000000000000 0.0000000000000000 0.0000000000000000 0.0000000000000000 0.0000000000000000 0.0000000000000000
0.0000000000000000 0.0000000000000000 0.0000000000000000 0.0000000000000000 0.0000000000000000 0.0000000000000000
0.1714064031839371 0.1714064031839371 0.1714064031839371 0.1714064031839371 0.1714064031839371 0.1714064031839371
0.0000000000000000 0.0000000000000000 0.0000000000000000 0.0000000000000000 0.0000000000000000 0.0000000000000000
0.0000000000000000 0.0000000000000000 0.0000000000000000 0.0000000000000000 0.0000000000000000 0.0000000000000000
0.0000000000000000 0.0000000000000000 0.0000000000000000 0.0000000000000000 0.0000000000000000 0.0000000000000000
0.0000000000000000 0.0000000000000000 0.0000000000000000 0.0000000000000000 0.0000000000000000 0.0000000000000000
0.0000000000000000 0.0000000000000000 0.0000000000000000 0.0000000000000000 0.0000000000000000 0.0000000000000000
0.0000000000000000 0.0000000000000000 0.0000000000000000 0.0000000000000000 0.0000000000000000 0.0000000000000000
0.0000000000000000 0.0000000000000000 0.0000000000000000 0.0000000000000000 0.0000000000000000 0.0000000000000000
0.1612829715013504 0.1612829715013504 0.1612829715013504 0.1612829715013504 0.1612829715013504 0.1612829715013504
0.0000000000000000 0.0000000000000000 0.0000000000000000 0.0000000000000000 0.0000000000000000 0.0000000000000000
0.1626280248165131 0.1626280248165131 0.1626280248165131 0.1626280248165131 0.1626280248165131 0.1626280248165131
0.0000000000000000 0.0000000000000000 0.0000000000000000 0.0000000000000000 0.0000000000000000 0.0000000000000000
1.0510098934173584 1.0510098934173584 1.0510098934173584 1.0510098934173584 0
1.0409291982650757 1.0409291982650757 1.0409291982650757 1.0409291982650757 0
1.0762282609939575 1.0762282609939575 1.0762282609939575 1.0762282609939575 0
1.0641437768936157 1.0641437768936157 1.0641437768936157 1.0641437768936157 0
1.0639274120330811 1.0639274120330811 1.0639274120330811 1.0639274120330811 0
1.0687967538833618 1.0687967538833618 1.0687967538833618 1.0687967538833618 0
1.0433533191680908 1.0433533191680908 1.0433533191680908 1.0433533191680908 0
1.0689756870269775 1.0689756870269775 1.0689756870269775 1.0689756870269775 0
1.0326695442199707 1.0326695442199707 1.0326695442199707 1.0326695442199707 0
1.0393948554992676 1.0393948554992676 1.0393948554992676 1.0393948554992676 0
1.0610105991363525 1.0610105991363525 1.0610105991363525 1.0610105991363525 0
1.0619537830352783 1.0619537830352783 1.0619537830352783 1.0619537830352783 0
1.0534496307373047 1.0534496307373047 1.0534496307373047 1.0534496307373047 0
1.0540570020675659 1.0540570020675659 1.0540570020675659 1.0540570020675659 0
1.0693506002426147 1.0693506002426147 1.0693506002426147 1.0693506002426147 0
1.0632874965667725 1.0632874965667725 1.0632874965667725 1.0632874965667725 0
1.0497032403945923 1.0497032403945923 1.0497032403945923 1.0497032403945923 0
1.0481430292129517 1.0481430292129517 1.0481430292129517 1.0481430292129517 0
1.0645307302474976 1.0645307302474976 1.0645307302474976 1.0645307302474976 0
1.0462410449981689 1.0462410449981689 1.0462410449981689 1.0462410449981689 0
1.0537993907928467 1.0537993907928467 1.0537993907928467 1.0537993907928467 0
1.0493756532669067 1.0493756532669067 1.0493756532669067 1.0493756532669067 0
1.0572216510772705 1.0572216510772705 1.0572216510772705 1.0572216510772705 0
1.0473983287811279 1.0473983287811279 1.0473983287811279 1.0473983287811279 0
1.0403014421463013 1.0403014421463013 1.0403014421463013 1.0403014421463013 0
1.0602382421493530 1.0602382421493530 1.0602382421493530 1.0602382421493530 0
1.0515098571777344 1.0515098571777344 1.0515098571777344 1.0515098571777344 0
1.0528711080551147 1.0528711080551147 1.0528711080551147 1.0528711080551147 0
1.0572068691253662 1.0572068691253662 1.0572068691253662 1.0572068691253662 0
1.0530878305435181 1.0530878305435181 1.0530878305435181 1.0530878305435181 0
1.0412977933883667 1.0412977933883667 1.0412977933883667 1.0412977933883667 0
1.0445053577423096 1.0445053577423096 1.0445053577423096 1.0445053577423096 0
1.0429284572601318 1.0429284572601318 1.0429284572601318 1.0429284572601318 0
1.0221379995346069 1.0221379995346069 1.0221379995346069 1.0221379995346069 0
1.0282607078552246 1.0282607078552246 1.0282607078552246 1.0282607078552246 0
1.0375939607620239 1.0375939607620239 1.0375939607620239 1.0375939607620239 0
1.0380526781082153 1.0380526781082153 1.0380526781082153 1.0380526781082153 0
1.0318690538406372 1.0318690538406372 1.0318690538406372 1.0318690538406372 0
1.0319375991821289 1.0319375991821289 1.0319375991821289 1.0319375991821289 0
1.0355366468429565 1.0355366468429565 1.0355366468429565 1.0355366468429565 0
1.0284550189971924 1.0284550189971924 1.0284550189971924 1.0284550189971924 0
1.0473439693450928 1.0473439693450928 1.0473439693450928 1.0473439693450928 0
1.0449693202972412 1.0449693202972412 1.0449693202972412 1.0449693202972412 0
1.0500739812850952 1.0500739812850952 1.0500739812850952 1.0500739812850952 0
1.0412082672119141 1.0412082672119141 1.0412082672119141 1.0412082672119141 0
1.0464630126953125 1.0464630126953125 1.0464630126953125 1.0464630126953125 0
1.0529829263687134 1.0529829263687134 1.0529829263687134 1.0529829263687134 0
1.0362539291381836 1.0362539291381836 1.0362539291381836 1.0362539291381836 0
1.0376158952713013 1.0376158952713013 1.0376158952713013 1.0376158952713013 0
1.0471318960189819 1.0471318960189819 1.0471318960189819 1.0471318960189819 0
1.0490852594375610 1.0490852594375610 1.0490852594375610 1.0490852594375610 0
1.0663710832595825 1.0663710832595825 1.0663710832595825 1.0663710832595825 0
1.0706104040145874 1.0706104040145874 1.0706104040145874 1.0706104040145874 0
1.0568555593490601 1.0568555593490601 1.0568555593490601 1.0568555593490601 0
1.0420911312103271 1.0420911312103271 1.0420911312103271 1.0420911312103271 0
1.0498652458190918 1.0498652458190918 1.0498652458190918 1.0498652458190918 0
1.0492507219314575 1.0492507219314575 1.0492507219314575 1.0492507219314575 0
1.0412387847900391 1.0412387847900391 1.0412387847900391 1.0412387847900391 0
1.0568523406982422 1.0568523406982422 1.0568523406982422 1.0568523406982422 0
1.0729141235351562 1.0729141235351562 1.0729141235351562 1.0729141235351562 0
1.0726732015609741 1.0726732015609741 1.0726732015609741 1.0726732015609741 0
1.0504397153854370 1.0504397153854370 1.0504397153854370 1.0504397153854370 0
1.0659737586975098 1.0659737586975098 1.0659737586975098 1.0659737586975098 0
1.0480113029479980 1.0480113029479980 1.0480113029479980 1.0480113029479980 0
0.0000000000000000 0.0000000000000000 0.0000000000000000 0.0000000000000000 0.0000000000000000 0.0000000000000000
0.0000000000000000 0.0000000000000000 0.0000000000000000 0.0000000000000000 0.0000000000000000 0.0000000000000000
0.0000000000000000 0.0000000000000000 0.0000000000000000 0.0000000000000000 0.0000000000000000 0.0000000000000000
0.0000000000000000 0.0000000000000000 0.0000000000000000 0.0000000000000000 0.0000000000000000 0.0000000000000000
0.0000000000000000 0.0000000000000000 0.0000000000000000 0.0000000000000000 0.0000000000000000 0.0000000000000000
0.0000000000000000 0.0000000000000000 0.0000000000000000 0.0000000000000000 0.0000000000000000 0.0000000000000000
0.0000000000000000 0.0000000000000000 0.0000000000000000 0.0000000000000000 0.0000000000000000 0.0000000000000000
0.1649778038263321 0.1649778038263321 0.1649778038263321 0.1649778038263321 0.1649778038263321 0.1649778038263321
0.0000000000000000 0.0000000000000000 0.0000000000000000 0.0000000000000000 0.0000000000000000 0.0000000000000000
0.0000000000000000 0.0000000000000000 0.0000000000000000 0.0000000000000000 0.0000000000000000 0.0000000000000000
0.1656348109245300 0.1656348109245300 0.1656348109245300 0.1656348109245300 0.1656348109245300 0.1656348109245300
0.0000000000000000 0.0000000000000000 0.0000000000000000 0.0000000000000000 0.0000000000000000 0.0000000000000000
0.1658008396625519 0.1658008396625519 0.1658008396625519 0.1658008396625519 0.1658008396625519 0.1658008396625519
0.0000000000000000 0.0000000000000000 0.0000000000000000 0.0000000000000000 0.0000000000000000 0.0000000000000000
0.0000000000000000 0.0000000000000000 0.0000000000000000 0.0000000000000000 0.0000000000000000 0.0000000000000000
0.0000000000000000 0.0000000000000000 0.0000000000000000 0.0000000000000000 0.0000000000000000 0.0000000000000000
0.0000000000000000 0.0000000000000000 0.0000000000000000 0.0000000000000000 0.0000000000000000 0.0000000000000000
0.0000000000000000 0.0000000000000000 0.0000000000000000 0.0000000000000000 0.0000000000000000 0.0000000000000000
0.0000000000000000 0.0000000000000000 0.0000000000000000 0.0000000000000000 0.0000000000000000 0.0000000000000000
0.0000000000000000 0.0000000000000000 0.0000000000000000 0.0000000000000000 0.0000000000000000 0.0000000000000000
0.1641523838043213 0.1641523838043213 0.1641523838043213 0.1641523838043213 0.1641523838043213 0.1641523838043213
0.0000000000000000 0.0000000000000000 0.0000000000000000 0.0000000000000000 0.0000000000000000 0.0000000000000000
0.0000000000000000 0.0000000000000000 0.0000000000000000 0.0000000000000000 0.0000000000000000 0.0000000000000000
0.0000000000000000 0.0000000000000000 0.0000000000000000 0.0000000000000000 0.0000000000000000 0.0000000000000000
0.0000000000000000 0.0000000000000000 0.0000000000000000 0.0000000000000000 0.0000000000000000 0.0000000000000000
0.0000000000000000 0.0000000000000000 0.0000000000000000 0.0000000000000000 0.0000000000000000 0.0000000000000000
0.0000000000000000 0.0000000000000000 0.0000000000000000 0.0000000000000000 0.0000000000000000 0.0000000000000000
0.0000000000000000 0.0000000000000000 0.0000000000000000 0.0000000000000000 0.0000000000000000 0.0000000000000000
0.0000000000000000 0.0000000000000000 0.0000000000000000 0.0000000000000000 0.0000000000000000 0.0000000000000000
0.0000000000000000 0.0000000000000000 0.0000000000000000 0.0000000000000000 0.0000000000000000 0.0000000000000000
0.0000000000000000 0.0000000000000000 0.0000000000000000 0.0000000000000000 0.0000000000000000 0.0000000000000000
0.1629006117582321 0.1629006117582321 0.1629006117582321 0.1629006117582321 0.1629006117582321 0.1629006117582321
0.0000000000000000 0.0000000000000000 0.0000000000000000 0.0000000000000000 0.0000000000000000 0.0000000000000000
0.0000000000000000 0.0000000000000000 0.0000000000000000 0.0000000000000000 0.0000000000000000 0.0000000000000000
0.0000000000000000 0.0000000000000000 0.0000000000000000 0.0000000000000000 0.0000000000000000 0.0000000000000000
0.1691562235355377 0.1691562235355377 0.1691562235355377 0.1691562235355377 0.1691562235355377 0.1691562235355377
0.0000000000000000 0.0000000000000000 0.0000000000000000 0.0000000000000000 0.0000000000000000 0.0000000000000000
0.0000000000000000 0.0000000000000000 0.0000000000000000 0.0000000000000000 0.0000000000000000 0.0000000000000000
0.1619060337543488 0.1619060337543488 0.1619060337543488 0.1619060337543488 0.1619060337543488 0.1619060337543488
0.0000000000000000 0.0000000000000000 0.0000000000000000 0.0000000000000000 0.0000000000000000 0.0000000000000000
0.0000000000000000 0.0000000000000000 0.0000000000000000 0.0000000000000000 0.0000000000000000 0.0000000000000000
0.0000000000000000 0.0000000000000000 0.0000000000000000 0.0000000000000000 0.0000000000000000 0.0000000000000000
0.0000000000000000 0.0000000000000000 0.0000000000000000 0.0000000000000000 0.0000000000000000 0.0000000000000000
0.0000000000000000 0.0000000000000000 0.0000000000000000 0.0000000000000000 0.0000000000000000 0.0000000000000000
0.0000000000000000 0.0000000000000000 0.0000000000000000 0.0000000000000000 0.0000000000000000 0.0000000000000000
0.0000000000000000 0.0000000000000000 0.0000000000000000 0.0000000000000000 0.0000000000000000 0.0000000000000000
0.0000000000000000 0.0000000000000000 0.0000000000000000 0.0000000000000000 0.0000000000000000 0.0000000000000000
0.0000000000000000 0.0000000000000000 0.0000000000000000 0.0000000000000000 0.0000000000000000 0.0000000000000000
0.0000000000000000 0.0000000000000000 0.0000000000000000 0.0000000000000000 0.0000000000000000 0.0000000000000000
0.0000000000000000 0.0000000000000000 0.0000000000000000 0.0000000000000000 0.0000000000000000 0.0000000000000000
0.0000000000000000 0.0000000000000000 0.0000000000000000 0.0000000000000000 0.0000000000000000 0.0000000000000000
0.0000000000000000 0.0000000000000000 0.0000000000000000 0.0000000000000000 0.0000000000000000 0.0000000000000000
0.0000000000000000 0.0000000000000000 0.0000000000000000 0.0000000000000000 0.0000000000000000 0.0000000000000000
0.0000000000000000 0.0000000000000000 0.0000000000000000 0.0000000000000000 0.0000000000000000 0.0000000000000000
0.0000000000000000 0.0000000000000000 0.0000000000000000 0.0000000000000000 0.0000000000000000 0.0000000000000000
0.1679473966360092 0.1679473966360092 0.1679473966360092 0.1679473966360092 0.1679473966360092 0.1679473966360092
0.0000000000000000 0.0000000000000000 0.0000000000000000 0.0000000000000000 0.0000000000000000 0.0000000000000000
0.0000000000000000 0.0000000000000000 0.0000000000000000 0.0000000000000000 0.0000000000000000 0.0000000000000000
0.0000000000000000 0.0000000000000000 0.0000000000000000 0.0000000000000000 0.0000000000000000 0.0000000000000000
0.0000000000000000 0.0000000000000000 0.0000000000000000 0.0000000000000000 0.0000000000000000 0.0000000000000000
0.0000000000000000 0.0000000000000000 0.0000000000000000 0.0000000000000000 0.0000000000000000 0.0000000000000000
0.0000000000000000 0.0000000000000000 0.0000000000000000 0.0000000000000000 0.0000000000000000 0.0000000000000000
0.0000000000000000 0.0000000000000000 0.0000000000000000 0.0000000000000000 0.0000000000000000 0.0000000000000000
0.0000000000000000 0.0000000000000000 0.0000000000000000 0.0000000000000000 0.0000000000000000 0.0000000000000000
0.0000000000000000 0.0000000000000000 0.0000000000000000 0.0000000000000000 0.0000000000000000 0.0000000000000000
0.0000000000000000 0.0000000000000000 0.0000000000000000 0.0000000000000000 0.0000000000000000 0.0000000000000000
0.0000000000000000 0.0000000000000000 0.0000000000000000 0.0000000000000000 0.0000000000000000 0.0000000000000000
0.1614091694355011 0.1614091694355011 0.1614091694355011 0.1614091694355011 0.1614091694355011 0.1614091694355011
0.0000000000000000 0.0000000000000000 0.0000000000000000 0.0000000000000000 0.0000000000000000 0.0000000000000000
0.0000000000000000 0.0000000000000000 0.0000000000000000 0.0000000000000000 0.0000000000000000 0.0000000000000000
0.0000000000000000 0.0000000000000000 0.0000000000000000 0.0000000000000000 0.0000000000000000 0.0000000000000000
0.0000000000000000 0.0000000000000000 0.0000000000000000 0.0000000000000000 0.0000000000000000 0.0000000000000000
0.0000000000000000 0.0000000000000000 0.0000000000000000 0.0000000000000000 0.0000000000000000 0.0000000000000000
0.0000000000000000 0.0000000000000000 0.0000000000000000 0.0000000000000000 0.0000000000000000 0.0000000000000000
0.0000000000000000 0.0000000000000000 0.0000000000000000 0.0000000000000000 0.0000000000000000 0.0000000000000000
0.0000000000000000 0.0000000000000000 0.0000000000000000 0.0000000000000000 0.0000000000000000 0.0000000000000000
0.0000000000000000 0.0000000000000000 0.0000000000000000 0.0000000000000000 0.0000000000000000 0.0000000000000000
0.0000000000000000 0.0000000000000000 0.0000000000000000 0.0000000000000000 0.0000000000000000 0.0000000000000000
0.0000000000000000 0.0000000000000000 0.0000000000000000 0.0000000000000000 0.0000000000000000 0.0000000000000000
0.0000000000000000 0.0000000000000000 0.0000000000000000 0.0000000000000000 0.0000000000000000 0.0000000000000000
0.0000000000000000 0.0000000000000000 0.0000000000000000 0.0000000000000000 0.0000000000000000 0.0000000000000000
0.0000000000000000 0.0000000000000000 0.0000000000000000 0.0000000000000000 0.0000000000000000 0.0000000000000000
0.0000000000000000 0.0000000000000000 0.0000000000000000 0.0000000000000000 0.0000000000000000 0.0000000000000000
0.0000000000000000 0.0000000000000000 0.0000000000000000 0.0000000000000000 0.0000000000000000 0.0000000000000000
0.0000000000000000 0.0000000000000000 0.0000000000000000 0.0000000000000000 0.0000000000000000 0.0000000000000000
0.0000000000000000 0.0000000000000000 0.0000000000000000 0.0000000000000000 0.0000000000000000 0.0000000000000000
0.0000000000000000 0.0000000000000000 0.0000000000000000 0.0000000000000000 0.0000000000000000 0.0000000000000000
0.0000000000000000 0.0000000000000000 0.0000000000000000 0.0000000000000000 0.0000000000000000 0.0000000000000000
0.0000000000000000 0.0000000000000000 0.0000000000000000 0.0000000000000000 0.0000000000000000 0.0000000000000000
0.0000000000000000 0.0000000000000000 0.0000000000000000 0.0000000000000000 0.0000000000000000 0.0000000000000000
0.0000000000000000 0.0000000000000000 0.0000000000000000 0.0000000000000000 0.0000000000000000 0.0000000000000000
0.0000000000000000 0.0000000000000000 0.0000000000000000 0.0000000000000000 0.0000000000000000 0.0000000000000000
0.0000000000000000 0.0000000000000000 0.0000000000000000 0.0000000000000000 0.0000000000000000 0.0000000000000000
0.0000000000000000 0.0000000000000000 0.0000000000000000 0.0000000000000000 0.0000000000000000 0.0000000000000000
0.0000000000000000 0.0000000000000000 0.0000000000000000 0.0000000000000000 0.0000000000000000 0.0000000000000000
0.0000000000000000 0.0000000000000000 0.0000000000000000 0.0000000000000000 0.0000000000000000 0.0000000000000000
0.0000000000000000 0.0000000000000000 0.0000000000000000 0.0000000000000000 0.0000000000000000 0.0000000000000000
0.0000000000000000 0.0000000000000000 0.0000000000000000 0.0000000000000000 0.0000000000000000 0.0000000000000000
0.0000000000000000 0.0000000000000000 0.0000000000000000 0.0000000000000000 0.0000000000000000 0.0000000000000000
0.0000000000000000 0.0000000000000000 0.0000000000000000 0.0000000000000000 0.0000000000000000 0.0000000000000000
0.0000000000000000 0.0000000000000000 0.0000000000000000 0.0000000000000000 0.0000000000000000 0.0000000000000000
0.0000000000000000 0.0000000000000000 0.0000000000000000 0.0000000000000000 0.0000000000000000 0.0000000000000000
0.0000000000000000 0.0000000000000000 0.0000000000000000 0.0000000000000000 0.0000000000000000 0.0000000000000000
0.0000000000000000 0.0000000000000000 0.0000000000000000 0.0000000000000000 0.0000000000000000 0.0000000000000000
0.0000000000000000 0.0000000000000000 0.0000000000000000 0.0000000000000000 0.0000000000000000 0.0000000000000000
0.0000000000000000 0.0000000000000000 0.0000000000000000 0.0000000000000000 0.0000000000000000 0.0000000000000000
0.0000000000000000 0.0000000000000000 0.0000000000000000 0.0000000000000000 0.0000000000000000 0.0000000000000000
0.0000000000000000 0.0000000000000000 0.0000000000000000 0.0000000000000000 0.0000000000000000 0.0000000000000000
0.0000000000000000 0.0000000000000000 0.0000000000000000 0.0000000000000000 0.0000000000000000 0.0000000000000000
0.0000000000000000 0.0000000000000000 0.0000000000000000 0.0000000000000000 0.0000000000000000 0.0000000000000000
0.0000000000000000 0.0000000000000000 0.0000000000000000 0.0000000000000000 0.0000000000000000 0.0000000000000000
0.0000000000000000 0.0000000000000000 0.0000000000000000 0.0000000000000000 0.0000000000000000 0.0000000000000000
0.0000000000000000 0.0000000000000000 0.0000000000000000 0.0000000000000000 0.0000000000000000 0.0000000000000000
0.0000000000000000 0.0000000000000000 0.0000000000000000 0.0000000000000000 0.0000000000000000 0.0000000000000000
0.1733292639255524 0.1733292639255524 0.1733292639255524 0.1733292639255524 0.1733292639255524 0.1733292639255524
0.0000000000000000 0.0000000000000000 0.0000000000000000 0.0000000000000000 0.0000000000000000 0.0000000000000000
0.0000000000000000 0.0000000000000000 0.0000000000000000 0.0000000000000000 0.0000000000000000 0.0000000000000000
0.0000000000000000 0.0000000000000000 0.0000000000000000 0.0000000000000000 0.0000000000000000 0.0000000000000000
0.0000000000000000 0.0000000000000000 0.0000000000000000 0.0000000000000000 0.0000000000000000 0.0000000000000000
0.0000000000000000 0.0000000000000000 0.0000000000000000 0.0000000000000000 0.0000000000000000 0.0000000000000000
0.0000000000000000 0.0000000000000000 0.0000000000000000 0.0000000000000000 0.0000000000000000 0.0000000000000000
0.0000000000000000 0.0000000000000000 0.0000000000000000 0.0000000000000000 0.0000000000000000 0.0000000000000000
0.0000000000000000 0.0000000000000000 0.0000000000000000 0.0000000000000000 0.0000000000000000 0.0000000000000000
0.0000000000000000 0.0000000000000000 0.0000000000000000 0.0000000000000000 0.0000000000000000 0.0000000000000000
0.1675329804420471 0.1675329804420471 0.1675329804420471 0.1675329804420471 0.1675329804420471 0.1675329804420471
0.0000000000000000 0.0000000000000000 0.0000000000000000 0.0000000000000000 0.0000000000000000 0.0000000000000000
0.0000000000000000 0.0000000000000000 0.0000000000000000 0.0000000000000000 0.0000000000000000 0.0000000000000000
0.0000000000000000 0.0000000000000000 0.0000000000000000 0.0000000000000000 0.0000000000000000 0.0000000000000000
1.0404165983200073 1.0404165983200073 1.0404165983200073 1.0404165983200073 0
1.0397651195526123 1.0397651195526123 1.0397651195526123 1.0397651195526123 0
1.0440524816513062 1.0440524816513062 1.0440524816513062 1.0440524816513062 0
1.0563924312591553 1.0563924312591553 1.0563924312591553 1.0563924312591553 0
1.0677022933959961 1.0677022933959961 1.0677022933959961 1.0677022933959961 0
1.0529282093048096 1.0529282093048096 1.0529282093048096 1.0529282093048096 0
1.0601918697357178 1.0601918697357178 1.0601918697357178 1.0601918697357178 0
1.0571849346160889 1.0571849346160889 1.0571849346160889 1.0571849346160889 0
1.0559636354446411 1.0559636354446411 1.0559636354446411 1.0559636354446411 0
1.0421258211135864 1.0421258211135864 1.0421258211135864 1.0421258211135864 0
1.0473893880844116 1.0473893880844116 1.0473893880844116 1.0473893880844116 0
1.0567348003387451 1.0567348003387451 1.0567348003387451 1.0567348003387451 0
1.0405799150466919 1.0405799150466919 1.0405799150466919 1.0405799150466919 0
1.0551303625106812 1.0551303625106812 1.0551303625106812 1.0551303625106812 0
1.0575840473175049 1.0575840473175049 1.0575840473175049 1.0575840473175049 0
1.0547101497650146 1.0547101497650146 1.0547101497650146 1.0547101497650146 0
1.0581179857254028 1.0581179857254028 1.0581179857254028 1.0581179857254028 0
1.0468875169754028 1.0468875169754028 1.0468875169754028 1.0468875169754028 0
1.0453983545303345 1.0453983545303345 1.0453983545303345 1.0453983545303345 0
1.0493152141571045 1.0493152141571045 1.0493152141571045 1.0493152141571045 0
1.0421043634414673 1.0421043634414673 1.0421043634414673 1.0421043634414673 0
1.0490782260894775 1.0490782260894775 1.0490782260894775 1.0490782260894775 0
1.0566022396087646 1.0566022396087646 1.0566022396087646 1.0566022396087646 0
1.0416605472564697 1.0416605472564697 1.0416605472564697 1.0416605472564697 0
1.0429259538650513 1.0429259538650513 1.0429259538650513 1.0429259538650513 0
1.0200660228729248 1.0200660228729248 1.0200660228729248 1.0200660228729248 0
1.0275691747665405 1.0275691747665405 1.0275691747665405 1.0275691747665405 0
1.0433328151702881 1.0433328151702881 1.0433328151702881 1.0433328151702881 0
1.0346148014068604 1.0346148014068604 1.0346148014068604 1.0346148014068604 0
1.0434266328811646 1.0434266328811646 1.0434266328811646 1.0434266328811646 0
1.0525786876678467 1.0525786876678467 1.0525786876678467 1.0525786876678467 0
1.0441340208053589 1.0441340208053589 1.0441340208053589 1.0441340208053589 0
1.0355588197708130 1.0355588197708130 1.0355588197708130 1.0355588197708130 0
1.0449141263961792 1.0449141263961792 1.0449141263961792 1.0449141263961792 0
1.0393961668014526 1.0393961668014526 1.0393961668014526 1.0393961668014526 0
1.0480070114135742 1.0480070114135742 1.0480070114135742 1.0480070114135742 0
1.0322605371475220 1.0322605371475220 1.0322605371475220 1.0322605371475220 0
1.0368423461914062 1.0368423461914062 1.0368423461914062 1.0368423461914062 0
1.0541313886642456 1.0541313886642456 1.0541313886642456 1.0541313886642456 0
1.0393799543380737 1.0393799543380737 1.0393799543380737 1.0393799543380737 0
1.0477312803268433 1.0477312803268433 1.0477312803268433 1.0477312803268433 0
1.0461221933364868 1.0461221933364868 1.0461221933364868 1.0461221933364868 0
1.0562425851821899 1.0562425851821899 1.0562425851821899 1.0562425851821899 0
1.0555934906005859 1.0555934906005859 1.0555934906005859 1.0555934906005859 0
1.0577203035354614 1.0577203035354614 1.0577203035354614 1.0577203035354614 0
1.0531802177429199 1.0531802177429199 1.0531802177429199 1.0531802177429199 0
1.0434795618057251 1.0434795618057251 1.0434795618057251 1.0434795618057251 0
1.0483757257461548 1.0483757257461548 1.0483757257461548 1.0483757257461548 0
1.0464621782302856 1.0464621782302856 1.0464621782302856 1.0464621782302856 0
1.0500898361206055 1.0500898361206055 1.0500898361206055 1.0500898361206055 0
1.0363581180572510 1.0363581180572510 1.0363581180572510 1.0363581180572510 0
1.0520632266998291 1.0520632266998291 1.0520632266998291 1.0520632266998291 0
1.0637488365173340 1.0637488365173340 1.0637488365173340 1.0637488365173340 0
1.0673995018005371 1.0673995018005371 1.0673995018005371 1.0673995018005371 0
1.0491242408752441 1.0491242408752441 1.0491242408752441 1.0491242408752441 0
1.0465745925903320 1.0465745925903320 1.0465745925903320 1.0465745925903320 0
1.0420238971710205 1.0420238971710205 1.0420238971710205 1.0420238971710205 0
1.0460045337677002 1.0460045337677002 1.0460045337677002 1.0460045337677002 0
1.0504853725433350 1.0504853725433350 1.0504853725433350 1.0504853725433350 0
1.0611659288406372 1.0611659288406372 1.0611659288406372 1.0611659288406372 0
1.0669926404953003 1.0669926404953003 1.0669926404953003 1.0669926404953003 0
1.0724499225616455 1.0724499225616455 1.0724499225616455 1.0724499225616455 0
1.0591011047363281 1.0591011047363281 1.0591011047363281 1.0591011047363281 0
1.0680953264236450 1.0680953264236450 1.0680953264236450 1.0680953264236450 0
0.0000000000000000 0.0000000000000000 0.0000000000000000 0.0000000000000000 0.0000000000000000 0.0000000000000000
0.0000000000000000 0.0000000000000000 0.0000000000000000 0.0000000000000000 0.0000000000000000 0.0000000000000000
0.0000000000000000 0.0000000000000000 0.0000000000000000 0.0000000000000000 0.0000000000000000 0.0000000000000000
0.0000000000000000 0.0000000000000000 0.0000000000000000 0.0000000000000000 0.0000000000000000 0.0000000000000000
0.0000000000000000 0.0000000000000000 0.0000000000000000 0.0000000000000000 0.0000000000000000 0.0000000000000000
0.0000000000000000 0.0000000000000000 0.0000000000000000 0.0000000000000000 0.0000000000000000 0.0000000000000000
0.0000000000000000 0.0000000000000000 0.0000000000000000 0.0000000000000000 0.0000000000000000 0.0000000000000000
0.0000000000000000 0.0000000000000000 0.0000000000000000 0.0000000000000000 0.0000000000000000 0.0000000000000000
0.0000000000000000 0.0000000000000000 0.0000000000000000 0.0000000000000000 0.0000000000000000 0.0000000000000000
0.0000000000000000 0.0000000000000000 0.0000000000000000 0.0000000000000000 0.0000000000000000 0.0000000000000000
0.0000000000000000 0.0000000000000000 0.0000000000000000 0.0000000000000000 0.0000000000000000 0.0000000000000000
0.1645809561014175 0.1645809561014175 0.1645809561014175 0.1645809561014175 0.1645809561014175 0.1645809561014175
0.1756551116704941 0.1756551116704941 0.1756551116704941 0.1756551116704941 0.1756551116704941 0.1756551116704941
0.0000000000000000 0.0000000000000000 0.0000000000000000 0.0000000000000000 0.0000000000000000 0.0000000000000000
0.0000000000000000 0.0000000000000000 0.0000000000000000 0.0000000000000000 0.0000000000000000 0.0000000000000000
0.1811257004737854 0.1811257004737854 0.1811257004737854 0.1811257004737854 0.1811257004737854 0.1811257004737854
0.1627598851919174 0.1627598851919174 0.1627598851919174 0.1627598851919174 0.1627598851919174 0.1627598851919174
0.0000000000000000 0.0000000000000000 0.0000000000000000 0.0000000000000000 0.0000000000000000 0.0000000000000000
0.0000000000000000 0.0000000000000000 0.0000000000000000 0.0000000000000000 0.0000000000000000 0.0000000000000000
0.1698829084634781 0.1698829084634781 0.1698829084634781 0.1698829084634781 0.1698829084634781 0.1698829084634781
0.1639163196086884 0.1639163196086884 0.1639163196086884 0.1639163196086884 0.1639163196086884 0.1639163196086884
0.0000000000000000 0.0000000000000000 0.0000000000000000 0.0000000000000000 0.0000000000000000 0.0000000000000000
0.0000000000000000 0.0000000000000000 0.0000000000000000 0.0000000000000000 0.0000000000000000 0.0000000000000000
0.0000000000000000 0.0000000000000000 0.0000000000000000 0.0000000000000000 0.0000000000000000 0.0000000000000000
0.0000000000000000 0.0000000000000000 0.0000000000000000 0.0000000000000000 0.0000000000000000 0.0000000000000000
0.0000000000000000 0.0000000000000000 0.0000000000000000 0.0000000000000000 0.0000000000000000 0.0000000000000000
0.0000000000000000 0.0000000000000000 0.0000000000000000 0.0000000000000000 0.0000000000000000 0.0000000000000000
0.0000000000000000 0.0000000000000000 0.0000000000000000 0.0000000000000000 0.0000000000000000 0.0000000000000000
0.0000000000000000 0.0000000000000000 0.0000000000000000 0.0000000000000000 0.0000000000000000 0.0000000000000000
0.1712209433317184 0.1712209433317184 0.1712209433317184 0.1712209433317184 0.1712209433317184 0.1712209433317184
0.0000000000000000 0.0000000000000000 0.0000000000000000 0.0000000000000000 0.0000000000000000 0.0000000000000000
0.0000000000000000 0.0000000000000000 0.0000000000000000 0.0000000000000000 0.0000000000000000 0.0000000000000000
0.0000000000000000 0.0000000000000000 0.0000000000000000 0.0000000000000000 0.0000000000000000 0.0000000000000000
0.0000000000000000 0.0000000000000000 0.0000000000000000 0.0000000000000000 0.0000000000000000 0.0000000000000000
0.0000000000000000 0.0000000000000000 0.0000000000000000 0.0000000000000000 0.0000000000000000 0.0000000000000000
0.0000000000000000 0.0000000000000000 0.0000000000000000 0.0000000000000000 0.0000000000000000 0.0000000000000000
0.1767431497573853 0.1767431497573853 0.1767431497573853 0.1767431497573853 0.1767431497573853 0.1767431497573853
0.1673744767904282 0.1673744767904282 0.1673744767904282 0.1673744767904282 0.1673744767904282 0.1673744767904282
0.1690385341644287 0.1690385341644287 0.1690385341644287 0.1690385341644287 0.1690385341644287 0.1690385341644287
0.0000000000000000 0.0000000000000000 0.0000000000000000 0.0000000000000000 0.0000000000000000 0.0000000000000000
0.0000000000000000 0.0000000000000000 0.0000000000000000 0.0000000000000000 0.0000000000000000 0.0000000000000000
0.0000000000000000 0.0000000000000000 0.0000000000000000 0.0000000000000000 0.0000000000000000 0.0000000000000000
0.0000000000000000 0.0000000000000000 0.0000000000000000 0.0000000000000000 0.0000000000000000 0.0000000000000000
0.0000000000000000 0.0000000000000000 0.0000000000000000 0.0000000000000000 0.0000000000000000 0.0000000000000000
0.0000000000000000 0.0000000000000000 0.0000000000000000 0.0000000000000000 0.0000000000000000 0.0000000000000000
0.1626163423061371 0.1626163423061371 0.1626163423061371 0.1626163423061371 0.1626163423061371 0.1626163423061371
0.0000000000000000 0.0000000000000000 0.0000000000000000 0.0000000000000000 0.0000000000000000 0.0000000000000000
0.0000000000000000 0.0000000000000000 0.0000000000000000 0.0000000000000000 0.0000000000000000 0.0000000000000000
0.0000000000000000 0.0000000000000000 0.0000000000000000 0.0000000000000000 0.0000000000000000 0.0000000000000000
0.0000000000000000 0.0000000000000000 0.0000000000000000 0.0000000000000000 0.0000000000000000 0.0000000000000000
0.0000000000000000 0.0000000000000000 0.0000000000000000 0.0000000000000000 0.0000000000000000 0.0000000000000000
0.0000000000000000 0.0000000000000000 0.0000000000000000 0.0000000000000000 0.0000000000000000 0.0000000000000000
0.0000000000000000 0.0000000000000000 0.0000000000000000 0.0000000000000000 0.0000000000000000 0.0000000000000000
0.0000000000000000 0.0000000000000000 0.0000000000000000 0.0000000000000000 0.0000000000000000 0.0000000000000000
0.0000000000000000 0.0000000000000000 0.0000000000000000 0.0000000000000000 0.0000000000000000 0.0000000000000000
0.0000000000000000 0.0000000000000000 0.0000000000000000 0.0000000000000000 0.0000000000000000 0.0000000000000000
0.0000000000000000 0.0000000000000000 0.0000000000000000 0.0000000000000000 0.0000000000000000 0.0000000000000000
0.0000000000000000 0.0000000000000000 0.0000000000000000 0.0000000000000000 0.0000000000000000 0.0000000000000000
0.0000000000000000 0.0000000000000000 0.0000000000000000 0.0000000000000000 0.0000000000000000 0.0000000000000000
0.0000000000000000 0.0000000000000000 0.0000000000000000 0.0000000000000000 0.0000000000000000 0.0000000000000000
0.0000000000000000 0.0000000000000000 0.0000000000000000 0.0000000000000000 0.0000000000000000 0.0000000000000000
0.0000000000000000 0.0000000000000000 0.0000000000000000 0.0000000000000000 0.0000000000000000 0.0000000000000000
0.0000000000000000 0.0000000000000000 0.0000000000000000 0.0000000000000000 0.0000000000000000 0.0000000000000000
0.0000000000000000 0.0000000000000000 0.0000000000000000 0.0000000000000000 0.0000000000000000 0.0000000000000000
0.0000000000000000 0.0000000000000000 0.0000000000000000 0.0000000000000000 0.0000000000000000 0.0000000000000000
0.0000000000000000 0.0000000000000000 0.0000000000000000 0.0000000000000000 0.0000000000000000 0.0000000000000000
0.0000000000000000 0.0000000000000000 0.0000000000000000 0.0000000000000000 0.0000000000000000 0.0000000000000000
0.1635909378528595 0.1635909378528595 0.1635909378528595 0.1635909378528595 0.1635909378528595 0.1635909378528595
0.0000000000000000 0.0000000000000000 0.0000000000000000 0.0000000000000000 0.0000000000000000 0.0000000000000000
0.0000000000000000 0.0000000000000000 0.0000000000000000 0.0000000000000000 0.0000000000000000 0.0000000000000000
0.0000000000000000 0.0000000000000000 0.0000000000000000 0.0000000000000000 0.0000000000000000 0.0000000000000000
0.0000000000000000 0.0000000000000000 0.0000000000000000 0.0000000000000000 0.0000000000000000 0.0000000000000000
0.0000000000000000 0.0000000000000000 0.0000000000000000 0.0000000000000000 0.0000000000000000 0.0000000000000000
0.0000000000000000 0.0000000000000000 0.0000000000000000 0.0000000000000000 0.0000000000000000 0.0000000000000000
0.0000000000000000 0.0000000000000000 0.0000000000000000 0.0000000000000000 0.0000000000000000 0.0000000000000000
0.0000000000000000 0.0000000000000000 0.0000000000000000 0.0000000000000000 0.0000000000000000 0.0000000000000000
0.0000000000000000 0.0000000000000000 0.0000000000000000 0.0000000000000000 0.0000000000000000 0.0000000000000000
0.0000000000000000 0.0000000000000000 0.0000000000000000 0.0000000000000000 0.0000000000000000 0.0000000000000000
0.0000000000000000 0.0000000000000000 0.0000000000000000 0.0000000000000000 0.0000000000000000 0.0000000000000000
0.0000000000000000 0.0000000000000000 0.0000000000000000 0.0000000000000000 0.0000000000000000 0.0000000000000000
0.1691309213638306 0.1691309213638306 0.1691309213638306 0.1691309213638306 0.1691309213638306 0.1691309213638306
0.0000000000000000 0.0000000000000000 0.0000000000000000 0.0000000000000000 0.0000000000000000 0.0000000000000000
0.0000000000000000 0.0000000000000000 0.0000000000000000 0.0000000000000000 0.0000000000000000 0.0000000000000000
0.0000000000000000 0.0000000000000000 0.0000000000000000 0.0000000000000000 0.0000000000000000 0.0000000000000000
0.1611456573009491 0.1611456573009491 0.1611456573009491 0.1611456573009491 0.1611456573009491 0.1611456573009491
0.0000000000000000 0.0000000000000000 0.0000000000000000 0.0000000000000000 0.0000000000000000 0.0000000000000000
0.0000000000000000 0.0000000000000000 0.0000000000000000 0.0000000000000000 0.0000000000000000 0.0000000000000000
0.0000000000000000 0.0000000000000000 0.0000000000000000 0.0000000000000000 0.0000000000000000 0.0000000000000000
0.0000000000000000 0.0000000000000000 0.0000000000000000 0.0000000000000000 0.0000000000000000 0.0000000000000000
0.0000000000000000 0.0000000000000000 0.0000000000000000 0.0000000000000000 0.0000000000000000 0.0000000000000000
0.0000000000000000 0.0000000000000000 0.0000000000000000 0.0000000000000000 0.0000000000000000 0.0000000000000000
0.0000000000000000 0.0000000000000000 0.0000000000000000 0.0000000000000000 0.0000000000000000 0.0000000000000000
0.0000000000000000 0.0000000000000000 0.0000000000000000 0.0000000000000000 0.0000000000000000 0.0000000000000000
0.0000000000000000 0.0000000000000000 0.0000000000000000 0.0000000000000000 0.0000000000000000 0.0000000000000000
0.0000000000000000 0.0000000000000000 0.0000000000000000 0.0000000000000000 0.0000000000000000 0.0000000000000000
0.1636967808008194 0.1636967808008194 0.1636967808008194 0.1636967808008194 0.1636967808008194 0.1636967808008194
0.1686587035655975 0.1686587035655975 0.1686587035655975 0.1686587035655975 0.1686587035655975 0.1686587035655975
0.1624231338500977 0.1624231338500977 0.1624231338500977 0.1624231338500977 0.1624231338500977 0.1624231338500977
0.1729497313499451 0.1729497313499451 0.1729497313499451 0.1729497313499451 0.1729497313499451 0.1729497313499451
0.0000000000000000 0.0000000000000000 0.0000000000000000 0.0000000000000000 0.0000000000000000 0.0000000000000000
0.1610370576381683 0.1610370576381683 0.1610370576381683 0.1610370576381683 0.1610370576381683 0.1610370576381683
0.0000000000000000 0.0000000000000000 0.0000000000000000 0.0000000000000000 0.0000000000000000 0.0000000000000000
0.0000000000000000 0.0000000000000000 0.0000000000000000 0.0000000000000000 0.0000000000000000 0.0000000000000000
0.0000000000000000 0.0000000000000000 0.0000000000000000 0.0000000000000000 0.0000000000000000 0.0000000000000000
0.0000000000000000 0.0000000000000000 0.0000000000000000 0.0000000000000000 0.0000000000000000 0.0000000000000000
0.0000000000000000 0.0000000000000000 0.0000000000000000 0.0000000000000000 0.0000000000000000 0.0000000000000000
0.0000000000000000 0.0000000000000000 0.0000000000000000 0.0000000000000000 0.0000000000000000 0.0000000000000000
0.0000000000000000 0.0000000000000000 0.0000000000000000 0.0000000000000000 0.0000000000000000 0.0000000000000000
0.0000000000000000 0.0000000000000000 0.0000000000000000 0.0000000000000000 0.0000000000000000 0.0000000000000000
0.0000000000000000 0.0000000000000000 0.0000000000000000 0.0000000000000000 0.0000000000000000 0.0000000000000000
0.0000000000000000 0.0000000000000000 0.0000000000000000 0.0000000000000000 0.0000000000000000 0.0000000000000000
0.1631239652633667 0.1631239652633667 0.1631239652633667 0.1631239652633667 0.1631239652633667 0.1631239652633667
0.0000000000000000 0.0000000000000000 0.0000000000000000 0.0000000000000000 0.0000000000000000 0.0000000000000000
0.1714281439781189 0.1714281439781189 0.1714281439781189 0.1714281439781189 0.1714281439781189 0.1714281439781189
0.1724041104316711 0.1724041104316711 0.1724041104316711 0.1724041104316711 0.1724041104316711 0.1724041104316711
0.1614818423986435 0.1614818423986435 0.1614818423986435 0.1614818423986435 0.1614818423986435 0.1614818423986435
0.1795434206724167 0.1795434206724167 0.1795434206724167 0.1795434206724167 0.1795434206724167 0.1795434206724167
0.0000000000000000 0.0000000000000000 0.0000000000000000 0.0000000000000000 0.0000000000000000 0.0000000000000000
0.1697280406951904 0.1697280406951904 0.1697280406951904 0.1697280406951904 0.1697280406951904 0.1697280406951904
0.1706391125917435 0.1706391125917435 0.1706391125917435 0.1706391125917435 0.1706391125917435 0.1706391125917435
0.0000000000000000 0.0000000000000000 0.0000000000000000 0.0000000000000000 0.0000000000000000 0.0000000000000000
0.0000000000000000 0.0000000000000000 0.0000000000000000 0.0000000000000000 0.0000000000000000 0.0000000000000000
0.1613884866237640 0.1613884866237640 0.1613884866237640 0.1613884866237640 0.1613884866237640 0.1613884866237640
0.0000000000000000 0.0000000000000000 0.0000000000000000 0.0000000000000000 0.0000000000000000 0.0000000000000000
0.1716415137052536 0.1716415137052536 0.1716415137052536 0.1716415137052536 0.1716415137052536 0.1716415137052536
0.1636593639850616 0.1636593639850616 0.1636593639850616 0.1636593639850616 0.1636593639850616 0.1636593639850616
0.1804598867893219 0.1804598867893219 0.1804598867893219 0.1804598867893219 0.1804598867893219 0.1804598867893219
0.0000000000000000 0.0000000000000000 0.0000000000000000 0.0000000000000000 0.0000000000000000 0.0000000000000000
1.0557520389556885 1.0557520389556885 1.0557520389556885 1.0557520389556885 0
1.0502928495407104 1.0502928495407104 1.0502928495407104 1.0502928495407104 0
1.0772947072982788 1.0772947072982788 1.0772947072982788 1.0772947072982788 0
1.0633270740509033 1.0633270740509033 1.0633270740509033 1.0633270740509033 0
1.0632326602935791 1.0632326602935791 1.0632326602935791 1.0632326602935791 0
1.0564293861389160 1.0564293861389160 1.0564293861389160 1.0564293861389160 0
1.0457565784454346 1.0457565784454346 1.0457565784454346 1.0457565784454346 0
1.0726723670959473 1.0726723670959473 1.0726723670959473 1.0726723670959473 0
1.0319851636886597 1.0319851636886597 1.0319851636886597 1.0319851636886597 0
1.0433688163757324 1.0433688163757324 1.0433688163757324 1.0433688163757324 0
1.0732239484786987 1.0732239484786987 1.0732239484786987 1.0732239484786987 0
1.0613515377044678 1.0613515377044678 1.0613515377044678 1.0613515377044678 0
1.0490672588348389 1.0490672588348389 1.0490672588348389 1.0490672588348389 0
1.0611256361007690 1.0611256361007690 1.0611256361007690 1.0611256361007690 0
1.0721101760864258 1.0721101760864258 1.0721101760864258 1.0721101760864258 0
1.0591503381729126 1.0591503381729126 1.0591503381729126 1.0591503381729126 0
1.0506588220596313 1.0506588220596313 1.0506588220596313 1.0506588220596313 0
1.0457044839859009 1.0457044839859009 1.0457044839859009 1.0457044839859009 0
1.0649389028549194 1.0649389028549194 1.0649389028549194 1.0649389028549194 0
1.0466287136077881 1.0466287136077881 1.0466287136077881 1.0466287136077881 0
1.0525869131088257 1.0525869131088257 1.0525869131088257 1.0525869131088257 0
1.0422652959823608 1.0422652959823608 1.0422652959823608 1.0422652959823608 0
1.0644615888595581 1.0644615888595581 1.0644615888595581 1.0644615888595581 0
1.0443410873413086 1.0443410873413086 1.0443410873413086 1.0443410873413086 0
1.0362839698791504 1.0362839698791504 1.0362839698791504 1.0362839698791504 0
1.0556337833404541 1.0556337833404541 1.0556337833404541 1.0556337833404541 0
1.0572891235351562 1.0572891235351562 1.0572891235351562 1.0572891235351562 0
1.0501731634140015 1.0501731634140015 1.0501731634140015 1.0501731634140015 0
1.0404065847396851 1.0404065847396851 1.0404065847396851 1.0404065847396851 0
1.0529587268829346 1.0529587268829346 1.0529587268829346 1.0529587268829346 0
1.0452646017074585 1.0452646017074585 1.0452646017074585 1.0452646017074585 0
1.0516737699508667 1.0516737699508667 1.0516737699508667 1.0516737699508667 0
1.0411436557769775 1.0411436557769775 1.0411436557769775 1.0411436557769775 0
1.0257104635238647 1.0257104635238647 1.0257104635238647 1.0257104635238647 0
1.0252720117568970 1.0252720117568970 1.0252720117568970 1.0252720117568970 0
1.0395606756210327 1.0395606756210327 1.0395606756210327 1.0395606756210327 0
1.0329033136367798 1.0329033136367798 1.0329033136367798 1.0329033136367798 0
1.0340998172760010 1.0340998172760010 1.0340998172760010 1.0340998172760010 0
1.0386140346527100 1.0386140346527100 1.0386140346527100 1.0386140346527100 0
1.0390728712081909 1.0390728712081909 1.0390728712081909 1.0390728712081909 0
1.0372996330261230 1.0372996330261230 1.0372996330261230 1.0372996330261230 0
1.0400323867797852 1.0400323867797852 1.0400323867797852 1.0400323867797852 0
1.0483167171478271 1.0483167171478271 1.0483167171478271 1.0483167171478271 0
1.0453966856002808 1.0453966856002808 1.0453966856002808 1.0453966856002808 0
1.0461980104446411 1.0461980104446411 1.0461980104446411 1.0461980104446411 0
1.0563321113586426 1.0563321113586426 1.0563321113586426 1.0563321113586426 0
1.0506380796432495 1.0506380796432495 1.0506380796432495 1.0506380796432495 0
1.0357325077056885 1.0357325077056885 1.0357325077056885 1.0357325077056885 0
1.0339229106903076 1.0339229106903076 1.0339229106903076 1.0339229106903076 0
1.0549020767211914 1.0549020767211914 1.0549020767211914 1.0549020767211914 0
1.0421586036682129 1.0421586036682129 1.0421586036682129 1.0421586036682129 0
1.0666359663009644 1.0666359663009644 1.0666359663009644 1.0666359663009644 0
1.0720999240875244 1.0720999240875244 1.0720999240875244 1.0720999240875244 0
1.0520983934402466 1.0520983934402466 1.0520983934402466 1.0520983934402466 0
1.0542553663253784 1.0542553663253784 1.0542553663253784 1.0542553663253784 0
1.0500129461288452 1.0500129461288452 1.0500129461288452 1.0500129461288452 0
1.0509543418884277 1.0509543418884277 1.0509543418884277 1.0509543418884277 0
1.0451589822769165 1.0451589822769165 1.0451589822769165 1.0451589822769165 0
1.0582116842269897 1.0582116842269897 1.0582116842269897 1.0582116842269897 0
1.0755723714828491 1.0755723714828491 1.0755723714828491 1.0755723714828491 0
1.0710616111755371 1.0710616111755371 1.0710616111755371 1.0710616111755371 0
1.0531594753265381 1.0531594753265381 1.0531594753265381 1.0531594753265381 0
1.0656477212905884 1.0656477212905884 1.0656477212905884 1.0656477212905884 0
1.0476260185241699 1.0476260185241699 1.0476260185241699 1.0476260185241699 0
0.0000000000000000 0.0000000000000000 0.0000000000000000 0.0000000000000000 0.0000000000000000 0.0000000000000000
0.1626645475625992 0.1626645475625992 0.1626645475625992 0.1626645475625992 0.1626645475625992 0.1626645475625992
0.0000000000000000 0.0000000000000000 0.0000000000000000 0.0000000000000000 0.0000000000000000 0.0000000000000000
0.0000000000000000 0.0000000000000000 0.0000000000000000 0.0000000000000000 0.0000000000000000 0.0000000000000000
0.0000000000000000 0.0000000000000000 0.0000000000000000 0.0000000000000000 0.0000000000000000 0.0000000000000000
0.0000000000000000 0.0000000000000000 0.0000000000000000 0.0000000000000000 0.0000000000000000 0.0000000000000000
0.0000000000000000 0.0000000000000000 0.0000000000000000 0.0000000000000000 0.0000000000000000 0.0000000000000000
0.1785875558853149 0.1785875558853149 0.1785875558853149 0.1785875558853149 0.1785875558853149 0.1785875558853149
0.1732715070247650 0.1732715070247650 0.1732715070247650 0.1732715070247650 0.1732715070247650 0.1732715070247650
0.1709766685962677 0.1709766685962677 0.1709766685962677 0.1709766685962677 0.1709766685962677 0.1709766685962677
0.1734237372875214 0.1734237372875214 0.1734237372875214 0.1734237372875214 0.1734237372875214 0.1734237372875214
0.0000000000000000 0.0000000000000000 0.0000000000000000 0.0000000000000000 0.0000000000000000 0.0000000000000000
0.1790695488452911 0.1790695488452911 0.1790695488452911 0.1790695488452911 0.1790695488452911 0.1790695488452911
0.1691527217626572 0.1691527217626572 0.1691527217626572 0.1691527217626572 0.1691527217626572 0.1691527217626572
0.1654795110225677 0.1654795110225677 0.1654795110225677 0.1654795110225677 0.1654795110225677 0.1654795110225677
0.1628178209066391 0.1628178209066391 0.1628178209066391 0.1628178209066391 0.1628178209066391 0.1628178209066391
0.0000000000000000 0.0000000000000000 0.0000000000000000 0.0000000000000000 0.0000000000000000 0.0000000000000000
0.0000000000000000 0.0000000000000000 0.0000000000000000 0.0000000000000000 0.0000000000000000 0.0000000000000000
0.0000000000000000 0.0000000000000000 0.0000000000000000 0.0000000000000000 0.0000000000000000 0.0000000000000000
0.1685303151607513 0.1685303151607513 0.1685303151607513 0.1685303151607513 0.1685303151607513 0.1685303151607513
0.1757814288139343 0.1757814288139343 0.1757814288139343 0.1757814288139343 0.1757814288139343 0.1757814288139343
0.0000000000000000 0.0000000000000000 0.0000000000000000 0.0000000000000000 0.0000000000000000 0.0000000000000000
0.1626816689968109 0.1626816689968109 0.1626816689968109 0.1626816689968109 0.1626816689968109 0.1626816689968109
0.1667358130216599 0.1667358130216599 0.1667358130216599 0.1667358130216599 0.1667358130216599 0.1667358130216599
0.0000000000000000 0.0000000000000000 0.0000000000000000 0.0000000000000000 0.0000000000000000 0.0000000000000000
0.1682418435811996 0.1682418435811996 0.1682418435811996 0.1682418435811996 0.1682418435811996 0.1682418435811996
0.0000000000000000 0.0000000000000000 0.0000000000000000 0.0000000000000000 0.0000000000000000 0.0000000000000000
0.1664403676986694 0.1664403676986694 0.1664403676986694 0.1664403676986694 0.1664403676986694 0.1664403676986694
0.0000000000000000 0.0000000000000000 0.0000000000000000 0.0000000000000000 0.0000000000000000 0.0000000000000000
0.1712207943201065 0.1712207943201065 0.1712207943201065 0.1712207943201065 0.1712207943201065 0.1712207943201065
0.1715395599603653 0.1715395599603653 0.1715395599603653 0.1715395599603653 0.1715395599603653 0.1715395599603653
0.1635123491287231 0.1635123491287231 0.1635123491287231 0.1635123491287231 0.1635123491287231 0.1635123491287231
0.0000000000000000 0.0000000000000000 0.0000000000000000 0.0000000000000000 0.0000000000000000 0.0000000000000000
0.0000000000000000 0.0000000000000000 0.0000000000000000 0.0000000000000000 0.0000000000000000 0.0000000000000000
0.1640245616436005 0.1640245616436005 0.1640245616436005 0.1640245616436005 0.1640245616436005 0.1640245616436005
0.1800678670406342 0.1800678670406342 0.1800678670406342 0.1800678670406342 0.1800678670406342 0.1800678670406342
0.1610161215066910 0.1610161215066910 0.1610161215066910 0.1610161215066910 0.1610161215066910 0.1610161215066910
0.1629463583230972 0.1629463583230972 0.1629463583230972 0.1629463583230972 0.1629463583230972 0.1629463583230972
0.1739573925733566 0.1739573925733566 0.1739573925733566 0.1739573925733566 0.1739573925733566 0.1739573925733566
0.1655871421098709 0.1655871421098709 0.1655871421098709 0.1655871421098709 0.1655871421098709 0.1655871421098709
0.0000000000000000 0.0000000000000000 0.0000000000000000 0.0000000000000000 0.0000000000000000 0.0000000000000000
0.0000000000000000 0.0000000000000000 0.0000000000000000 0.0000000000000000 0.0000000000000000 0.0000000000000000
0.0000000000000000 0.0000000000000000 0.0000000000000000 0.0000000000000000 0.0000000000000000 0.0000000000000000
0.1611017137765884 0.1611017137765884 0.1611017137765884 0.1611017137765884 0.1611017137765884 0.1611017137765884
0.0000000000000000 0.0000000000000000 0.0000000000000000 0.0000000000000000 0.0000000000000000 0.0000000000000000
0.1763368099927902 0.1763368099927902 0.1763368099927902 0.1763368099927902 0.1763368099927902 0.1763368099927902
0.1627765446901321 0.1627765446901321 0.1627765446901321 0.1627765446901321 0.1627765446901321 0.1627765446901321
0.0000000000000000 0.0000000000000000 0.0000000000000000 0.0000000000000000 0.0000000000000000 0.0000000000000000
0.0000000000000000 0.0000000000000000 0.0000000000000000 0.0000000000000000 0.0000000000000000 0.0000000000000000
0.1629528403282166 0.1629528403282166 0.1629528403282166 0.1629528403282166 0.1629528403282166 0.1629528403282166
0.0000000000000000 0.0000000000000000 0.0000000000000000 0.0000000000000000 0.0000000000000000 0.0000000000000000
0.1659512072801590 0.1659512072801590 0.1659512072801590 0.1659512072801590 0.1659512072801590 0.1659512072801590
0.0000000000000000 0.0000000000000000 0.0000000000000000 0.0000000000000000 0.0000000000000000 0.0000000000000000
0.0000000000000000 0.0000000000000000 0.0000000000000000 0.0000000000000000 0.0000000000000000 0.0000000000000000
0.1635500639677048 0.1635500639677048 0.1635500639677048 0.1635500639677048 0.1635500639677048 0.1635500639677048
0.1725335419178009 0.1725335419178009 0.1725335419178009 0.1725335419178009 0.1725335419178009 0.1725335419178009
0.0000000000000000 0.0000000000000000 0.0000000000000000 0.0000000000000000 0.0000000000000000 0.0000000000000000
0.0000000000000000 0.0000000000000000 0.0000000000000000 0.0000000000000000 0.0000000000000000 0.0000000000000000
0.0000000000000000 0.0000000000000000 0.0000000000000000 0.0000000000000000 0.0000000000000000 0.0000000000000000
0.0000000000000000 0.0000000000000000 0.0000000000000000 0.0000000000000000 0.0000000000000000 0.0000000000000000
0.0000000000000000 0.0000000000000000 0.0000000000000000 0.0000000000000000 0.0000000000000000 0.0000000000000000
0.0000000000000000 0.0000000000000000 0.0000000000000000 0.0000000000000000 0.0000000000000000 0.0000000000000000
0.0000000000000000 0.0000000000000000 0.0000000000000000 0.0000000000000000 0.0000000000000000 0.0000000000000000
0.0000000000000000 0.0000000000000000 0.0000000000000000 0.0000000000000000 0.0000000000000000 0.0000000000000000
0.0000000000000000 0.0000000000000000 0.0000000000000000 0.0000000000000000 0.0000000000000000 0.0000000000000000
0.0000000000000000 0.0000000000000000 0.0000000000000000 0.0000000000000000 0.0000000000000000 0.0000000000000000
0.0000000000000000 0.0000000000000000 0.0000000000000000 0.0000000000000000 0.0000000000000000 0.0000000000000000
0.1688396334648132 0.1688396334648132 0.1688396334648132 0.1688396334648132 0.1688396334648132 0.1688396334648132
0.0000000000000000 0.0000000000000000 0.0000000000000000 0.0000000000000000 0.0000000000000000 0.0000000000000000
0.0000000000000000 0.0000000000000000 0.0000000000000000 0.0000000000000000 0.0000000000000000 0.0000000000000000
0.0000000000000000 0.0000000000000000 0.0000000000000000 0.0000000000000000 0.0000000000000000 0.0000000000000000
0.0000000000000000 0.0000000000000000 0.0000000000000000 0.0000000000000000 0.0000000000000000 0.0000000000000000
0.0000000000000000 0.0000000000000000 0.0000000000000000 0.0000000000000000 0.0000000000000000 0.0000000000000000
0.0000000000000000 0.0000000000000000 0.0000000000000000 0.0000000000000000 0.0000000000000000 0.0000000000000000
0.0000000000000000 0.0000000000000000 0.0000000000000000 0.0000000000000000 0.0000000000000000 0.0000000000000000
0.0000000000000000 0.0000000000000000 0.0000000000000000 0.0000000000000000 0.0000000000000000 0.0000000000000000
0.0000000000000000 0.0000000000000000 0.0000000000000000 0.0000000000000000 0.0000000000000000 0.0000000000000000
0.0000000000000000 0.0000000000000000 0.0000000000000000 0.0000000000000000 0.0000000000000000 0.0000000000000000
0.0000000000000000 0.0000000000000000 0.0000000000000000 0.0000000000000000 0.0000000000000000 0.0000000000000000
0.0000000000000000 0.0000000000000000 0.0000000000000000 0.0000000000000000 0.0000000000000000 0.0000000000000000
0.0000000000000000 0.0000000000000000 0.0000000000000000 0.0000000000000000 0.0000000000000000 0.0000000000000000
0.0000000000000000 0.0000000000000000 0.0000000000000000 0.0000000000000000 0.0000000000000000 0.0000000000000000
0.0000000000000000 0.0000000000000000 0.0000000000000000 0.0000000000000000 0.0000000000000000 0.0000000000000000
0.0000000000000000 0.0000000000000000 0.0000000000000000 0.0000000000000000 0.0000000000000000 0.0000000000000000
0.0000000000000000 0.0000000000000000 0.0000000000000000 0.0000000000000000 0.0000000000000000 0.0000000000000000
0.0000000000000000 0.0000000000000000 0.0000000000000000 0.0000000000000000 0.0000000000000000 0.0000000000000000
0.0000000000000000 0.0000000000000000 0.0000000000000000 0.0000000000000000 0.0000000000000000 0.0000000000000000
0.0000000000000000 0.0000000000000000 0.0000000000000000 0.0000000000000000 0.0000000000000000 0.0000000000000000
0.0000000000000000 0.0000000000000000 0.0000000000000000 0.0000000000000000 0.0000000000000000 0.0000000000000000
0.0000000000000000 0.0000000000000000 0.0000000000000000 0.0000000000000000 0.0000000000000000 0.0000000000000000
0.0000000000000000 0.0000000000000000 0.0000000000000000 0.0000000000000000 0.0000000000000000 0.0000000000000000
0.0000000000000000 0.0000000000000000 0.0000000000000000 0.0000000000000000 0.0000000000000000 0.0000000000000000
0.0000000000000000 0.0000000000000000 0.0000000000000000 0.0000000000000000 0.0000000000000000 0.0000000000000000
0.0000000000000000 0.0000000000000000 0.0000000000000000 0.0000000000000000 0.0000000000000000 0.0000000000000000
0.0000000000000000 0.0000000000000000 0.0000000000000000 0.0000000000000000 0.0000000000000000 0.0000000000000000
0.0000000000000000 0.0000000000000000 0.0000000000000000 0.0000000000000000 0.0000000000000000 0.0000000000000000
0.1618102043867111 0.1618102043867111 0.1618102043867111 0.1618102043867111 0.1618102043867111 0.1618102043867111
0.0000000000000000 0.0000000000000000 0.0000000000000000 0.0000000000000000 0.0000000000000000 0.0000000000000000
0.1618278026580811 0.1618278026580811 0.1618278026580811 0.1618278026580811 0.1618278026580811 0.1618278026580811
0.0000000000000000 0.0000000000000000 0.0000000000000000 0.0000000000000000 0.0000000000000000 0.0000000000000000
0.0000000000000000 0.0000000000000000 0.0000000000000000 0.0000000000000000 0.0000000000000000 0.0000000000000000
0.0000000000000000 0.0000000000000000 0.0000000000000000 0.0000000000000000 0.0000000000000000 0.0000000000000000
0.0000000000000000 0.0000000000000000 0.0000000000000000 0.0000000000000000 0.0000000000000000 0.0000000000000000
0.0000000000000000 0.0000000000000000 0.0000000000000000 0.0000000000000000 0.0000000000000000 0.0000000000000000
0.0000000000000000 0.0000000000000000 0.0000000000000000 0.0000000000000000 0.0000000000000000 0.0000000000000000
0.0000000000000000 0.0000000000000000 0.0000000000000000 0.0000000000000000 0.0000000000000000 0.0000000000000000
0.0000000000000000 0.0000000000000000 0.0000000000000000 0.0000000000000000 0.0000000000000000 0.0000000000000000
0.0000000000000000 0.0000000000000000 0.0000000000000000 0.0000000000000000 0.0000000000000000 0.0000000000000000
0.0000000000000000 0.0000000000000000 0.0000000000000000 0.0000000000000000 0.0000000000000000 0.0000000000000000
0.1611886024475098 0.1611886024475098 0.1611886024475098 0.1611886024475098 0.1611886024475098 0.1611886024475098
0.0000000000000000 0.0000000000000000 0.0000000000000000 0.0000000000000000 0.0000000000000000 0.0000000000000000
0.1693117618560791 0.1693117618560791 0.1693117618560791 0.1693117618560791 0.1693117618560791 0.1693117618560791
0.1669104844331741 0.1669104844331741 0.1669104844331741 0.1669104844331741 0.1669104844331741 0.1669104844331741
0.1607554107904434 0.1607554107904434 0.1607554107904434 0.1607554107904434 0.1607554107904434 0.1607554107904434
0.1783809512853622 0.1783809512853622 0.1783809512853622 0.1783809512853622 0.1783809512853622 0.1783809512853622
0.0000000000000000 0.0000000000000000 0.0000000000000000 0.0000000000000000 0.0000000000000000 0.0000000000000000
0.1625375300645828 0.1625375300645828 0.1625375300645828 0.1625375300645828 0.1625375300645828 0.1625375300645828
0.0000000000000000 0.0000000000000000 0.0000000000000000 0.0000000000000000 0.0000000000000000 0.0000000000000000
0.0000000000000000 0.0000000000000000 0.0000000000000000 0.0000000000000000 0.0000000000000000 0.0000000000000000
0.0000000000000000 0.0000000000000000 0.0000000000000000 0.0000000000000000 0.0000000000000000 0.0000000000000000
0.0000000000000000 0.0000000000000000 0.0000000000000000 0.0000000000000000 0.0000000000000000 0.0000000000000000
0.0000000000000000 0.0000000000000000 0.0000000000000000 0.0000000000000000 0.0000000000000000 0.0000000000000000
0.0000000000000000 0.0000000000000000 0.0000000000000000 0.0000000000000000 0.0000000000000000 0.0000000000000000
0.1773762255907059 0.1773762255907059 0.1773762255907059 0.1773762255907059 0.1773762255907059 0.1773762255907059
0.1821161806583405 0.1821161806583405 0.1821161806583405 0.1821161806583405 0.1821161806583405 0.1821161806583405
0.1747772842645645 0.1747772842645645 0.1747772842645645 0.1747772842645645 0.1747772842645645 0.1747772842645645
0.1611859947443008 0.1611859947443008 0.1611859947443008 0.1611859947443008 0.1611859947443008 0.1611859947443008
0.0000000000000000 0.0000000000000000 0.0000000000000000 0.0000000000000000 0.0000000000000000 0.0000000000000000
1.0439411401748657 1.0439411401748657 1.0439411401748657 1.0439411401748657 0
1.0425708293914795 1.0425708293914795 1.0425708293914795 1.0425708293914795 0
1.0471777915954590 1.0471777915954590 1.0471777915954590 1.0471777915954590 0
1.0598582029342651 1.0598582029342651 1.0598582029342651 1.0598582029342651 0
1.0678486824035645 1.0678486824035645 1.0678486824035645 1.0678486824035645 0
1.0530363321304321 1.0530363321304321 1.0530363321304321 1.0530363321304321 0
1.0564622879028320 1.0564622879028320 1.0564622879028320 1.0564622879028320 0
1.0595866441726685 1.0595866441726685 1.0595866441726685 1.0595866441726685 0
1.0580338239669800 1.0580338239669800 1.0580338239669800 1.0580338239669800 0
1.0469530820846558 1.0469530820846558 1.0469530820846558 1.0469530820846558 0
1.0462982654571533 1.0462982654571533 1.0462982654571533 1.0462982654571533 0
1.0532968044281006 1.0532968044281006 1.0532968044281006 1.0532968044281006 0
1.0445553064346313 1.0445553064346313 1.0445553064346313 1.0445553064346313 0
1.0620365142822266 1.0620365142822266 1.0620365142822266 1.0620365142822266 0
1.0517787933349609 1.0517787933349609 1.0517787933349609 1.0517787933349609 0
1.0570578575134277 1.0570578575134277 1.0570578575134277 1.0570578575134277 0
1.0547730922698975 1.0547730922698975 1.0547730922698975 1.0547730922698975 0
1.0431942939758301 1.0431942939758301 1.0431942939758301 1.0431942939758301 0
1.0426861047744751 1.0426861047744751 1.0426861047744751 1.0426861047744751 0
1.0373978614807129 1.0373978614807129 1.0373978614807129 1.0373978614807129 0
1.0391510725021362 1.0391510725021362 1.0391510725021362 1.0391510725021362 0
1.0510543584823608 1.0510543584823608 1.0510543584823608 1.0510543584823608 0
1.0529085397720337 1.0529085397720337 1.0529085397720337 1.0529085397720337 0
1.0463044643402100 1.0463044643402100 1.0463044643402100 1.0463044643402100 0
1.0483063459396362 1.0483063459396362 1.0483063459396362 1.0483063459396362 0
1.0247753858566284 1.0247753858566284 1.0247753858566284 1.0247753858566284 0
1.0405586957931519 1.0405586957931519 1.0405586957931519 1.0405586957931519 0
1.0359961986541748 1.0359961986541748 1.0359961986541748 1.0359961986541748 0
1.0247114896774292 1.0247114896774292 1.0247114896774292 1.0247114896774292 0
1.0515998601913452 1.0515998601913452 1.0515998601913452 1.0515998601913452 0
1.0629825592041016 1.0629825592041016 1.0629825592041016 1.0629825592041016 0
1.0447732210159302 1.0447732210159302 1.0447732210159302 1.0447732210159302 0
1.0449203252792358 1.0449203252792358 1.0449203252792358 1.0449203252792358 0
1.0371323823928833 1.0371323823928833 1.0371323823928833 1.0371323823928833 0
1.0300066471099854 1.0300066471099854 1.0300066471099854 1.0300066471099854 0
1.0475734472274780 1.0475734472274780 1.0475734472274780 1.0475734472274780 0
1.0304670333862305 1.0304670333862305 1.0304670333862305 1.0304670333862305 0
1.0384140014648438 1.0384140014648438 1.0384140014648438 1.0384140014648438 0
1.0574880838394165 1.0574880838394165 1.0574880838394165 1.0574880838394165 0
1.0332078933715820 1.0332078933715820 1.0332078933715820 1.0332078933715820 0
1.0416501760482788 1.0416501760482788 1.0416501760482788 1.0416501760482788 0
1.0419682264328003 1.0419682264328003 1.0419682264328003 1.0419682264328003 0
1.0467784404754639 1.0467784404754639 1.0467784404754639 1.0467784404754639 0
1.0391727685928345 1.0391727685928345 1.0391727685928345 1.0391727685928345 0
1.0471725463867188 1.0471725463867188 1.0471725463867188 1.0471725463867188 0
1.0599968433380127 1.0599968433380127 1.0599968433380127 1.0599968433380127 0
1.0428497791290283 1.0428497791290283 1.0428497791290283 1.0428497791290283 0
1.0565980672836304 1.0565980672836304 1.0565980672836304 1.0565980672836304 0
1.0513825416564941 1.0513825416564941 1.0513825416564941 1.0513825416564941 0
1.0524684190750122 1.0524684190750122 1.0524684190750122 1.0524684190750122 0
1.0386581420898438 1.0386581420898438 1.0386581420898438 1.0386581420898438 0
1.0377815961837769 1.0377815961837769 1.0377815961837769 1.0377815961837769 0
1.0621781349182129 1.0621781349182129 1.0621781349182129 1.0621781349182129 0
1.0668765306472778 1.0668765306472778 1.0668765306472778 1.0668765306472778 0
1.0485141277313232 1.0485141277313232 1.0485141277313232 1.0485141277313232 0
1.0431305170059204 1.0431305170059204 1.0431305170059204 1.0431305170059204 0
1.0401926040649414 1.0401926040649414 1.0401926040649414 1.0401926040649414 0
1.0502911806106567 1.0502911806106567 1.0502911806106567 1.0502911806106567 0
1.0494472980499268 1.0494472980499268 1.0494472980499268 1.0494472980499268 0
1.0653318166732788 1.0653318166732788 1.0653318166732788 1.0653318166732788 0
1.0701634883880615 1.0701634883880615 1.0701634883880615 1.0701634883880615 0
1.0667991638183594 1.0667991638183594 1.0667991638183594 1.0667991638183594 0
1.0604783296585083 1.0604783296585083 1.0604783296585083 1.0604783296585083 0
1.0707612037658691 1.0707612037658691 1.0707612037658691 1.0707612037658691 0
0.0000000000000000 0.0000000000000000 0.0000000000000000 0.0000000000000000 0.0000000000000000 0.0000000000000000
0.0000000000000000 0.0000000000000000 0.0000000000000000 0.0000000000000000 0.0000000000000000 0.0000000000000000
0.0000000000000000 0.0000000000000000 0.0000000000000000 0.0000000000000000 0.0000000000000000 0.0000000000000000
0.0000000000000000 0.0000000000000000 0.0000000000000000 0.0000000000000000 0.0000000000000000 0.0000000000000000
0.0000000000000000 0.0000000000000000 0.0000000000000000 0.0000000000000000 0.0000000000000000 0.0000000000000000
0.0000000000000000 0.0000000000000000 0.0000000000000000 0.0000000000000000 0.0000000000000000 0.0000000000000000
0.0000000000000000 0.0000000000000000 0.0000000000000000 0.0000000000000000 0.0000000000000000 0.0000000000000000
0.1699129492044449 0.1699129492044449 0.1699129492044449 0.1699129492044449 0.1699129492044449 0.1699129492044449
0.0000000000000000 0.0000000000000000 0.0000000000000000 0.0000000000000000 0.0000000000000000 0.0000000000000000
0.0000000000000000 0.0000000000000000 0.0000000000000000 0.0000000000000000 0.0000000000000000 0.0000000000000000
0.1610741317272186 0.1610741317272186 0.1610741317272186 0.1610741317272186 0.1610741317272186 0.1610741317272186
0.0000000000000000 0.0000000000000000 0.0000000000000000 0.0000000000000000 0.0000000000000000 0.0000000000000000
0.1798896491527557 0.1798896491527557 0.1798896491527557 0.1798896491527557 0.1798896491527557 0.1798896491527557
0.1675309389829636 0.1675309389829636 0.1675309389829636 0.1675309389829636 0.1675309389829636 0.1675309389829636
0.1675410121679306 0.1675410121679306 0.1675410121679306 0.1675410121679306 0.1675410121679306 0.1675410121679306
0.1772408932447433 0.1772408932447433 0.1772408932447433 0.1772408932447433 0.1772408932447433 0.1772408932447433
0.1630644798278809 0.1630644798278809 0.1630644798278809 0.1630644798278809 0.1630644798278809 0.1630644798278809
0.0000000000000000 0.0000000000000000 0.0000000000000000 0.0000000000000000 0.0000000000000000 0.0000000000000000
0.0000000000000000 0.0000000000000000 0.0000000000000000 0.0000000000000000 0.0000000000000000 0.0000000000000000
0.1722609102725983 0.1722609102725983 0.1722609102725983 0.1722609102725983 0.1722609102725983 0.1722609102725983
0.1703007817268372 0.1703007817268372 0.1703007817268372 0.1703007817268372 0.1703007817268372 0.1703007817268372
0.0000000000000000 0.0000000000000000 0.0000000000000000 0.0000000000000000 0.0000000000000000 0.0000000000000000
0.0000000000000000 0.0000000000000000 0.0000000000000000 0.0000000000000000 0.0000000000000000 0.0000000000000000
0.0000000000000000 0.0000000000000000 0.0000000000000000 0.0000000000000000 0.0000000000000000 0.0000000000000000
0.0000000000000000 0.0000000000000000 0.0000000000000000 0.0000000000000000 0.0000000000000000 0.0000000000000000
0.0000000000000000 0.0000000000000000 0.0000000000000000 0.0000000000000000 0.0000000000000000 0.0000000000000000
0.0000000000000000 0.0000000000000000 0.0000000000000000 0.0000000000000000 0.0000000000000000 0.0000000000000000
0.0000000000000000 0.0000000000000000 0.0000000000000000 0.0000000000000000 0.0000000000000000 0.0000000000000000
0.0000000000000000 0.0000000000000000 0.0000000000000000 0.0000000000000000 0.0000000000000000 0.0000000000000000
0.1635661572217941 0.1635661572217941 0.1635661572217941 0.1635661572217941 0.1635661572217941 0.1635661572217941
0.0000000000000000 0.0000000000000000 0.0000000000000000 0.0000000000000000 0.0000000000000000 0.0000000000000000
0.0000000000000000 0.0000000000000000 0.0000000000000000 0.0000000000000000 0.0000000000000000 0.0000000000000000
0.0000000000000000 0.0000000000000000 0.0000000000000000 0.0000000000000000 0.0000000000000000 0.0000000000000000
0.1611783355474472 0.1611783355474472 0.1611783355474472 0.1611783355474472 0.1611783355474472 0.1611783355474472
0.0000000000000000 0.0000000000000000 0.0000000000000000 0.0000000000000000 0.0000000000000000 0.0000000000000000
0.1622387468814850 0.1622387468814850 0.1622387468814850 0.1622387468814850 0.1622387468814850 0.1622387468814850
0.1786176860332489 0.1786176860332489 0.1786176860332489 0.1786176860332489 0.1786176860332489 0.1786176860332489
0.1622667610645294 0.1622667610645294 0.1622667610645294 0.1622667610645294 0.1622667610645294 0.1622667610645294
0.1627117842435837 0.1627117842435837 0.1627117842435837 0.1627117842435837 0.1627117842435837 0.1627117842435837
0.1606338322162628 0.1606338322162628 0.1606338322162628 0.1606338322162628 0.1606338322162628 0.1606338322162628
0.1609196364879608 0.1609196364879608 0.1609196364879608 0.1609196364879608 0.1609196364879608 0.1609196364879608
0.0000000000000000 0.0000000000000000 0.0000000000000000 0.0000000000000000 0.0000000000000000 0.0000000000000000
0.0000000000000000 0.0000000000000000 0.0000000000000000 0.0000000000000000 0.0000000000000000 0.0000000000000000
0.0000000000000000 0.0000000000000000 0.0000000000000000 0.0000000000000000 0.0000000000000000 0.0000000000000000
0.0000000000000000 0.0000000000000000 0.0000000000000000 0.0000000000000000 0.0000000000000000 0.0000000000000000
0.0000000000000000 0.0000000000000000 0.0000000000000000 0.0000000000000000 0.0000000000000000 0.0000000000000000
0.0000000000000000 0.0000000000000000 0.0000000000000000 0.0000000000000000 0.0000000000000000 0.0000000000000000
0.0000000000000000 0.0000000000000000 0.0000000000000000 0.0000000000000000 0.0000000000000000 0.0000000000000000
0.0000000000000000 0.0000000000000000 0.0000000000000000 0.0000000000000000 0.0000000000000000 0.0000000000000000
0.0000000000000000 0.0000000000000000 0.0000000000000000 0.0000000000000000 0.0000000000000000 0.0000000000000000
0.0000000000000000 0.0000000000000000 0.0000000000000000 0.0000000000000000 0.0000000000000000 0.0000000000000000
0.0000000000000000 0.0000000000000000 0.0000000000000000 0.0000000000000000 0.0000000000000000 0.0000000000000000
0.0000000000000000 0.0000000000000000 0.0000000000000000 0.0000000000000000 0.0000000000000000 0.0000000000000000
0.0000000000000000 0.0000000000000000 0.0000000000000000 0.0000000000000000 0.0000000000000000 0.0000000000000000
0.0000000000000000 0.0000000000000000 0.0000000000000000 0.0000000000000000 0.0000000000000000 0.0000000000000000
0.0000000000000000 0.0000000000000000 0.0000000000000000 0.0000000000000000 0.0000000000000000 0.0000000000000000
0.0000000000000000 0.0000000000000000 0.0000000000000000 0.0000000000000000 0.0000000000000000 0.0000000000000000
0.0000000000000000 0.0000000000000000 0.0000000000000000 0.0000000000000000 0.0000000000000000 0.0000000000000000
0.0000000000000000 0.0000000000000000 0.0000000000000000 0.0000000000000000 0.0000000000000000 0.0000000000000000
0.0000000000000000 0.0000000000000000 0.0000000000000000 0.0000000000000000 0.0000000000000000 0.0000000000000000
0.0000000000000000 0.0000000000000000 0.0000000000000000 0.0000000000000000 0.0000000000000000 0.0000000000000000
0.0000000000000000 0.0000000000000000 0.0000000000000000 0.0000000000000000 0.0000000000000000 0.0000000000000000
0.0000000000000000 0.0000000000000000 0.0000000000000000 0.0000000000000000 0.0000000000000000 0.0000000000000000
0.0000000000000000 0.0000000000000000 0.0000000000000000 0.0000000000000000 0.0000000000000000 0.0000000000000000
0.0000000000000000 0.0000000000000000 0.0000000000000000 0.0000000000000000 0.0000000000000000 0.0000000000000000
0.0000000000000000 0.0000000000000000 0.0000000000000000 0.0000000000000000 0.0000000000000000 0.0000000000000000
0.0000000000000000 0.0000000000000000 0.0000000000000000 0.0000000000000000 0.0000000000000000 0.0000000000000000
0.0000000000000000 0.0000000000000000 0.0000000000000000 0.0000000000000000 0.0000000000000000 0.0000000000000000
0.0000000000000000 0.0000000000000000 0.0000000000000000 0.0000000000000000 0.0000000000000000 0.0000000000000000
0.0000000000000000 0.0000000000000000 0.0000000000000000 0.0000000000000000 0.0000000000000000 0.0000000000000000
0.0000000000000000 0.0000000000000000 0.0000000000000000 0.0000000000000000 0.0000000000000000 0.0000000000000000
0.0000000000000000 0.0000000000000000 0.0000000000000000 0.0000000000000000 0.0000000000000000 0.0000000000000000
0.0000000000000000 0.0000000000000000 0.0000000000000000 0.0000000000000000 0.0000000000000000 0.0000000000000000
0.0000000000000000 0.0000000000000000 0.0000000000000000 0.0000000000000000 0.0000000000000000 0.0000000000000000
0.0000000000000000 0.0000000000000000 0.0000000000000000 0.0000000000000000 0.0000000000000000 0.0000000000000000
0.0000000000000000 0.0000000000000000 0.0000000000000000 0.0000000000000000 0.0000000000000000 0.0000000000000000
0.1623535156250000 0.1623535156250000 0.1623535156250000 0.1623535156250000 0.1623535156250000 0.1623535156250000
0.0000000000000000 0.0000000000000000 0.0000000000000000 0.0000000000000000 0.0000000000000000 0.0000000000000000
0.0000000000000000 0.0000000000000000 0.0000000000000000 0.0000000000000000 0.0000000000000000 0.0000000000000000
0.0000000000000000 0.0000000000000000 0.0000000000000000 0.0000000000000000 0.0000000000000000 0.0000000000000000
0.0000000000000000 0.0000000000000000 0.0000000000000000 0.0000000000000000 0.0000000000000000 0.0000000000000000
0.0000000000000000 0.0000000000000000 0.0000000000000000 0.0000000000000000 0.0000000000000000 0.0000000000000000
0.0000000000000000 0.0000000000000000 0.0000000000000000 0.0000000000000000 0.0000000000000000 0.0000000000000000
0.0000000000000000 0.0000000000000000 0.0000000000000000 0.0000000000000000 0.0000000000000000 0.0000000000000000
0.0000000000000000 0.0000000000000000 0.0000000000000000 0.0000000000000000 0.0000000000000000 0.0000000000000000
0.1636989116668701 0.1636989116668701 0.1636989116668701 0.1636989116668701 0.1636989116668701 0.1636989116668701
0.0000000000000000 0.0000000000000000 0.0000000000000000 0.0000000000000000 0.0000000000000000 0.0000000000000000
0.0000000000000000 0.0000000000000000 0.0000000000000000 0.0000000000000000 0.0000000000000000 0.0000000000000000
0.0000000000000000 0.0000000000000000 0.0000000000000000 0.0000000000000000 0.0000000000000000 0.0000000000000000
0.0000000000000000 0.0000000000000000 0.0000000000000000 0.0000000000000000 0.0000000000000000 0.0000000000000000
0.0000000000000000 0.0000000000000000 0.0000000000000000 0.0000000000000000 0.0000000000000000 0.0000000000000000
0.0000000000000000 0.0000000000000000 0.0000000000000000 0.0000000000000000 0.0000000000000000 0.0000000000000000
0.0000000000000000 0.0000000000000000 0.0000000000000000 0.0000000000000000 0.0000000000000000 0.0000000000000000
0.0000000000000000 0.0000000000000000 0.0000000000000000 0.0000000000000000 0.0000000000000000 0.0000000000000000
0.0000000000000000 0.0000000000000000 0.0000000000000000 0.0000000000000000 0.0000000000000000 0.0000000000000000
0.0000000000000000 0.0000000000000000 0.0000000000000000 0.0000000000000000 0.0000000000000000 0.0000000000000000
0.0000000000000000 0.0000000000000000 0.0000000000000000 0.0000000000000000 0.0000000000000000 0.0000000000000000
0.0000000000000000 0.0000000000000000 0.0000000000000000 0.0000000000000000 0.0000000000000000 0.0000000000000000
0.0000000000000000 0.0000000000000000 0.0000000000000000 0.0000000000000000 0.0000000000000000 0.0000000000000000
0.0000000000000000 0.0000000000000000 0.0000000000000000 0.0000000000000000 0.0000000000000000 0.0000000000000000
0.1697937101125717 0.1697937101125717 0.1697937101125717 0.1697937101125717 0.1697937101125717 0.1697937101125717
0.0000000000000000 0.0000000000000000 0.0000000000000000 0.0000000000000000 0.0000000000000000 0.0000000000000000
0.0000000000000000 0.0000000000000000 0.0000000000000000 0.0000000000000000 0.0000000000000000 0.0000000000000000
0.0000000000000000 0.0000000000000000 0.0000000000000000 0.0000000000000000 0.0000000000000000 0.0000000000000000
0.0000000000000000 0.0000000000000000 0.0000000000000000 0.0000000000000000 0.0000000000000000 0.0000000000000000
0.0000000000000000 0.0000000000000000 0.0000000000000000 0.0000000000000000 0.0000000000000000 0.0000000000000000
0.0000000000000000 0.0000000000000000 0.0000000000000000 0.0000000000000000 0.0000000000000000 0.0000000000000000
0.0000000000000000 0.0000000000000000 0.0000000000000000 0.0000000000000000 0.0000000000000000 0.0000000000000000
0.0000000000000000 0.0000000000000000 0.0000000000000000 0.0000000000000000 0.0000000000000000 0.0000000000000000
0.0000000000000000 0.0000000000000000 0.0000000000000000 0.0000000000000000 0.0000000000000000 0.0000000000000000
0.0000000000000000 0.0000000000000000 0.0000000000000000 0.0000000000000000 0.0000000000000000 0.0000000000000000
0.1666346639394760 0.1666346639394760 0.1666346639394760 0.1666346639394760 0.1666346639394760 0.1666346639394760
0.1619380861520767 0.1619380861520767 0.1619380861520767 0.1619380861520767 0.1619380861520767 0.1619380861520767
0.1779766976833344 0.1779766976833344 0.1779766976833344 0.1779766976833344 0.1779766976833344 0.1779766976833344
0.1767553240060806 0.1767553240060806 0.1767553240060806 0.1767553240060806 0.1767553240060806 0.1767553240060806
0.1648743748664856 0.1648743748664856 0.1648743748664856 0.1648743748664856 0.1648743748664856 0.1648743748664856
0.1817198395729065 0.1817198395729065 0.1817198395729065 0.1817198395729065 0.1817198395729065 0.1817198395729065
0.0000000000000000 0.0000000000000000 0.0000000000000000 0.0000000000000000 0.0000000000000000 0.0000000000000000
0.0000000000000000 0.0000000000000000 0.0000000000000000 0.0000000000000000 0.0000000000000000 0.0000000000000000
0.1665815711021423 0.1665815711021423 0.1665815711021423 0.1665815711021423 0.1665815711021423 0.1665815711021423
0.0000000000000000 0.0000000000000000 0.0000000000000000 0.0000000000000000 0.0000000000000000 0.0000000000000000
0.1637649238109589 0.1637649238109589 0.1637649238109589 0.1637649238109589 0.1637649238109589 0.1637649238109589
0.0000000000000000 0.0000000000000000 0.0000000000000000 0.0000000000000000 0.0000000000000000 0.0000000000000000
0.0000000000000000 0.0000000000000000 0.0000000000000000 0.0000000000000000 0.0000000000000000 0.0000000000000000
0.1872660815715790 0.1872660815715790 0.1872660815715790 0.1872660815715790 0.1872660815715790 0.1872660815715790
0.1690046936273575 0.1690046936273575 0.1690046936273575 0.1690046936273575 0.1690046936273575 0.1690046936273575
0.1786452382802963 0.1786452382802963 0.1786452382802963 0.1786452382802963 0.1786452382802963 0.1786452382802963
0.0000000000000000 0.0000000000000000 0.0000000000000000 0.0000000000000000 0.0000000000000000 0.0000000000000000
1.0525784492492676 1.0525784492492676 1.0525784492492676 1.0525784492492676 0
1.0499023199081421 1.0499023199081421 1.0499023199081421 1.0499023199081421 0
1.0723346471786499 1.0723346471786499 1.0723346471786499 1.0723346471786499 0
1.0646940469741821 1.0646940469741821 1.0646940469741821 1.0646940469741821 0
1.0624394416809082 1.0624394416809082 1.0624394416809082 1.0624394416809082 0
1.0487037897109985 1.0487037897109985 1.0487037897109985 1.0487037897109985 0
1.0416508913040161 1.0416508913040161 1.0416508913040161 1.0416508913040161 0
1.0630797147750854 1.0630797147750854 1.0630797147750854 1.0630797147750854 0
1.0331579446792603 1.0331579446792603 1.0331579446792603 1.0331579446792603 0
1.0500184297561646 1.0500184297561646 1.0500184297561646 1.0500184297561646 0
1.0736923217773438 1.0736923217773438 1.0736923217773438 1.0736923217773438 0
1.0600304603576660 1.0600304603576660 1.0600304603576660 1.0600304603576660 0
1.0503470897674561 1.0503470897674561 1.0503470897674561 1.0503470897674561 0
1.0618582963943481 1.0618582963943481 1.0618582963943481 1.0618582963943481 0
1.0720127820968628 1.0720127820968628 1.0720127820968628 1.0720127820968628 0
1.0620622634887695 1.0620622634887695 1.0620622634887695 1.0620622634887695 0
1.0534249544143677 1.0534249544143677 1.0534249544143677 1.0534249544143677 0
1.0548063516616821 1.0548063516616821 1.0548063516616821 1.0548063516616821 0
1.0673035383224487 1.0673035383224487 1.0673035383224487 1.0673035383224487 0
1.0450402498245239 1.0450402498245239 1.0450402498245239 1.0450402498245239 0
1.0547474622726440 1.0547474622726440 1.0547474622726440 1.0547474622726440 0
1.0439385175704956 1.0439385175704956 1.0439385175704956 1.0439385175704956 0
1.0683799982070923 1.0683799982070923 1.0683799982070923 1.0683799982070923 0
1.0515555143356323 1.0515555143356323 1.0515555143356323 1.0515555143356323 0
1.0498404502868652 1.0498404502868652 1.0498404502868652 1.0498404502868652 0
1.0514554977416992 1.0514554977416992 1.0514554977416992 1.0514554977416992 0
1.0466012954711914 1.0466012954711914 1.0466012954711914 1.0466012954711914 0
1.0440895557403564 1.0440895557403564 1.0440895557403564 1.0440895557403564 0
1.0406602621078491 1.0406602621078491 1.0406602621078491 1.0406602621078491 0
1.0524235963821411 1.0524235963821411 1.0524235963821411 1.0524235963821411 0
1.0459533929824829 1.0459533929824829 1.0459533929824829 1.0459533929824829 0
1.0471528768539429 1.0471528768539429 1.0471528768539429 1.0471528768539429 0
1.0470403432846069 1.0470403432846069 1.0470403432846069 1.0470403432846069 0
1.0145785808563232 1.0145785808563232 1.0145785808563232 1.0145785808563232 0
1.0220880508422852 1.0220880508422852 1.0220880508422852 1.0220880508422852 0
1.0421580076217651 1.0421580076217651 1.0421580076217651 1.0421580076217651 0
1.0352388620376587 1.0352388620376587 1.0352388620376587 1.0352388620376587 0
1.0381954908370972 1.0381954908370972 1.0381954908370972 1.0381954908370972 0
1.0514475107192993 1.0514475107192993 1.0514475107192993 1.0514475107192993 0
1.0292448997497559 1.0292448997497559 1.0292448997497559 1.0292448997497559 0
1.0354917049407959 1.0354917049407959 1.0354917049407959 1.0354917049407959 0
1.0428190231323242 1.0428190231323242 1.0428190231323242 1.0428190231323242 0
1.0356574058532715 1.0356574058532715 1.0356574058532715 1.0356574058532715 0
1.0416920185089111 1.0416920185089111 1.0416920185089111 1.0416920185089111 0
1.0444016456604004 1.0444016456604004 1.0444016456604004 1.0444016456604004 0
1.0607517957687378 1.0607517957687378 1.0607517957687378 1.0607517957687378 0
1.0480206012725830 1.0480206012725830 1.0480206012725830 1.0480206012725830 0
1.0372323989868164 1.0372323989868164 1.0372323989868164 1.0372323989868164 0
1.0331861972808838 1.0331861972808838 1.0331861972808838 1.0331861972808838 0
1.0497280359268188 1.0497280359268188 1.0497280359268188 1.0497280359268188 0
1.0487228631973267 1.0487228631973267 1.0487228631973267 1.0487228631973267 0
1.0686141252517700 1.0686141252517700 1.0686141252517700 1.0686141252517700 0
1.0659555196762085 1.0659555196762085 1.0659555196762085 1.0659555196762085 0
1.0444293022155762 1.0444293022155762 1.0444293022155762 1.0444293022155762 0
1.0515755414962769 1.0515755414962769 1.0515755414962769 1.0515755414962769 0
1.0516688823699951 1.0516688823699951 1.0516688823699951 1.0516688823699951 0
1.0470649003982544 1.0470649003982544 1.0470649003982544 1.0470649003982544 0
1.0480037927627563 1.0480037927627563 1.0480037927627563 1.0480037927627563 0
1.0652240514755249 1.0652240514755249 1.0652240514755249 1.0652240514755249 0
1.0695791244506836 1.0695791244506836 1.0695791244506836 1.0695791244506836 0
1.0599882602691650 1.0599882602691650 1.0599882602691650 1.0599882602691650 0
1.0565854310989380 1.0565854310989380 1.0565854310989380 1.0565854310989380 0
1.0668697357177734 1.0668697357177734 1.0668697357177734 1.0668697357177734 0
1.0474891662597656 1.0474891662597656 1.0474891662597656 1.0474891662597656 0
0.0000000000000000 0.0000000000000000 0.0000000000000000 0.0000000000000000 0.0000000000000000 0.0000000000000000
0.1625018417835236 0.1625018417835236 0.1625018417835236 0.1625018417835236 0.1625018417835236 0.1625018417835236
0.0000000000000000 0.0000000000000000 0.0000000000000000 0.0000000000000000 0.0000000000000000 0.0000000000000000
0.0000000000000000 0.0000000000000000 0.0000000000000000 0.0000000000000000 0.0000000000000000 0.0000000000000000
0.0000000000000000 0.0000000000000000 0.0000000000000000 0.0000000000000000 0.0000000000000000 0.0000000000000000
0.0000000000000000 0.0000000000000000 0.0000000000000000 0.0000000000000000 0.0000000000000000 0.0000000000000000
0.0000000000000000 0.0000000000000000 0.0000000000000000 0.0000000000000000 0.0000000000000000 0.0000000000000000
0.1824035197496414 0.1824035197496414 0.1824035197496414 0.1824035197496414 0.1824035197496414 0.1824035197496414
0.1775608509778976 0.1775608509778976 0.1775608509778976 0.1775608509778976 0.1775608509778976 0.1775608509778976
0.1708374917507172 0.1708374917507172 0.1708374917507172 0.1708374917507172 0.1708374917507172 0.1708374917507172
0.1711113899946213 0.1711113899946213 0.1711113899946213 0.1711113899946213 0.1711113899946213 0.1711113899946213
0.1736718863248825 0.1736718863248825 0.1736718863248825 0.1736718863248825 0.1736718863248825 0.1736718863248825
0.1802967339754105 0.1802967339754105 0.1802967339754105 0.1802967339754105 0.1802967339754105 0.1802967339754105
0.1620647013187408 0.1620647013187408 0.1620647013187408 0.1620647013187408 0.1620647013187408 0.1620647013187408
0.1729936450719833 0.1729936450719833 0.1729936450719833 0.1729936450719833 0.1729936450719833 0.1729936450719833
0.0000000000000000 0.0000000000000000 0.0000000000000000 0.0000000000000000 0.0000000000000000 0.0000000000000000
0.0000000000000000 0.0000000000000000 0.0000000000000000 0.0000000000000000 0.0000000000000000 0.0000000000000000
0.1633665561676025 0.1633665561676025 0.1633665561676025 0.1633665561676025 0.1633665561676025 0.1633665561676025
0.0000000000000000 0.0000000000000000 0.0000000000000000 0.0000000000000000 0.0000000000000000 0.0000000000000000
0.1737280637025833 0.1737280637025833 0.1737280637025833 0.1737280637025833 0.1737280637025833 0.1737280637025833
0.1752455383539200 0.1752455383539200 0.1752455383539200 0.1752455383539200 0.1752455383539200 0.1752455383539200
0.0000000000000000 0.0000000000000000 0.0000000000000000 0.0000000000000000 0.0000000000000000 0.0000000000000000
0.1635635942220688 0.1635635942220688 0.1635635942220688 0.1635635942220688 0.1635635942220688 0.1635635942220688
0.1743995696306229 0.1743995696306229 0.1743995696306229 0.1743995696306229 0.1743995696306229 0.1743995696306229
0.0000000000000000 0.0000000000000000 0.0000000000000000 0.0000000000000000 0.0000000000000000 0.0000000000000000
0.1712119132280350 0.1712119132280350 0.1712119132280350 0.1712119132280350 0.1712119132280350 0.1712119132280350
0.0000000000000000 0.0000000000000000 0.0000000000000000 0.0000000000000000 0.0000000000000000 0.0000000000000000
0.0000000000000000 0.0000000000000000 0.0000000000000000 0.0000000000000000 0.0000000000000000 0.0000000000000000
0.0000000000000000 0.0000000000000000 0.0000000000000000 0.0000000000000000 0.0000000000000000 0.0000000000000000
0.1764975339174271 0.1764975339174271 0.1764975339174271 0.1764975339174271 0.1764975339174271 0.1764975339174271
0.1740601360797882 0.1740601360797882 0.1740601360797882 0.1740601360797882 0.1740601360797882 0.1740601360797882
0.1619013100862503 0.1619013100862503 0.1619013100862503 0.1619013100862503 0.1619013100862503 0.1619013100862503
0.0000000000000000 0.0000000000000000 0.0000000000000000 0.0000000000000000 0.0000000000000000 0.0000000000000000
0.1672451049089432 0.1672451049089432 0.1672451049089432 0.1672451049089432 0.1672451049089432 0.1672451049089432
0.0000000000000000 0.0000000000000000 0.0000000000000000 0.0000000000000000 0.0000000000000000 0.0000000000000000
0.1788461357355118 0.1788461357355118 0.1788461357355118 0.1788461357355118 0.1788461357355118 0.1788461357355118
0.1633927822113037 0.1633927822113037 0.1633927822113037 0.1633927822113037 0.1633927822113037 0.1633927822113037
0.1692738831043243 0.1692738831043243 0.1692738831043243 0.1692738831043243 0.1692738831043243 0.1692738831043243
0.1733173131942749 0.1733173131942749 0.1733173131942749 0.1733173131942749 0.1733173131942749 0.1733173131942749
0.1672401577234268 0.1672401577234268 0.1672401577234268 0.1672401577234268 0.1672401577234268 0.1672401577234268
0.0000000000000000 0.0000000000000000 0.0000000000000000 0.0000000000000000 0.0000000000000000 0.0000000000000000
0.0000000000000000 0.0000000000000000 0.0000000000000000 0.0000000000000000 0.0000000000000000 0.0000000000000000
0.1661186069250107 0.1661186069250107 0.1661186069250107 0.1661186069250107 0.1661186069250107 0.1661186069250107
0.0000000000000000 0.0000000000000000 0.0000000000000000 0.0000000000000000 0.0000000000000000 0.0000000000000000
0.0000000000000000 0.0000000000000000 0.0000000000000000 0.0000000000000000 0.0000000000000000 0.0000000000000000
0.1651967912912369 0.1651967912912369 0.1651967912912369 0.1651967912912369 0.1651967912912369 0.1651967912912369
0.1645100414752960 0.1645100414752960 0.1645100414752960 0.1645100414752960 0.1645100414752960 0.1645100414752960
0.0000000000000000 0.0000000000000000 0.0000000000000000 0.0000000000000000 0.0000000000000000 0.0000000000000000
0.0000000000000000 0.0000000000000000 0.0000000000000000 0.0000000000000000 0.0000000000000000 0.0000000000000000
0.1613733172416687 0.1613733172416687 0.1613733172416687 0.1613733172416687 0.1613733172416687 0.1613733172416687
0.0000000000000000 0.0000000000000000 0.0000000000000000 0.0000000000000000 0.0000000000000000 0.0000000000000000
0.1759917140007019 0.1759917140007019 0.1759917140007019 0.1759917140007019 0.1759917140007019 0.1759917140007019
0.0000000000000000 0.0000000000000000 0.0000000000000000 0.0000000000000000 0.0000000000000000 0.0000000000000000
0.0000000000000000 0.0000000000000000 0.0000000000000000 0.0000000000000000 0.0000000000000000 0.0000000000000000
0.1690589487552643 0.1690589487552643 0.1690589487552643 0.1690589487552643 0.1690589487552643 0.1690589487552643
0.1763226240873337 0.1763226240873337 0.1763226240873337 0.1763226240873337 0.1763226240873337 0.1763226240873337
0.0000000000000000 0.0000000000000000 0.0000000000000000 0.0000000000000000 0.0000000000000000 0.0000000000000000
0.0000000000000000 0.0000000000000000 0.0000000000000000 0.0000000000000000 0.0000000000000000 0.0000000000000000
0.0000000000000000 0.0000000000000000 0.0000000000000000 0.0000000000000000 0.0000000000000000 0.0000000000000000
0.0000000000000000 0.0000000000000000 0.0000000000000000 0.0000000000000000 0.0000000000000000 0.0000000000000000
0.0000000000000000 0.0000000000000000 0.0000000000000000 0.0000000000000000 0.0000000000000000 0.0000000000000000
0.0000000000000000 0.0000000000000000 0.0000000000000000 0.0000000000000000 0.0000000000000000 0.0000000000000000
0.0000000000000000 0.0000000000000000 0.0000000000000000 0.0000000000000000 0.0000000000000000 0.0000000000000000
0.0000000000000000 0.0000000000000000 0.0000000000000000 0.0000000000000000 0.0000000000000000 0.0000000000000000
0.0000000000000000 0.0000000000000000 0.0000000000000000 0.0000000000000000 0.0000000000000000 0.0000000000000000
0.0000000000000000 0.0000000000000000 0.0000000000000000 0.0000000000000000 0.0000000000000000 0.0000000000000000
0.0000000000000000 0.0000000000000000 0.0000000000000000 0.0000000000000000 0.0000000000000000 0.0000000000000000
0.1617760956287384 0.1617760956287384 0.1617760956287384 0.1617760956287384 0.1617760956287384 0.1617760956287384
0.0000000000000000 0.0000000000000000 0.0000000000000000 0.0000000000000000 0.0000000000000000 0.0000000000000000
0.0000000000000000 0.0000000000000000 0.0000000000000000 0.0000000000000000 0.0000000000000000 0.0000000000000000
0.0000000000000000 0.0000000000000000 0.0000000000000000 0.0000000000000000 0.0000000000000000 0.0000000000000000
0.0000000000000000 0.0000000000000000 0.0000000000000000 0.0000000000000000 0.0000000000000000 0.0000000000000000
0.0000000000000000 0.0000000000000000 0.0000000000000000 0.0000000000000000 0.0000000000000000 0.0000000000000000
0.0000000000000000 0.0000000000000000 0.0000000000000000 0.0000000000000000 0.0000000000000000 0.0000000000000000
0.0000000000000000 0.0000000000000000 0.0000000000000000 0.0000000000000000 0.0000000000000000 0.0000000000000000
0.0000000000000000 0.0000000000000000 0.0000000000000000 0.0000000000000000 0.0000000000000000 0.0000000000000000
0.0000000000000000 0.0000000000000000 0.0000000000000000 0.0000000000000000 0.0000000000000000 0.0000000000000000
0.0000000000000000 0.0000000000000000 0.0000000000000000 0.0000000000000000 0.0000000000000000 0.0000000000000000
0.0000000000000000 0.0000000000000000 0.0000000000000000 0.0000000000000000 0.0000000000000000 0.0000000000000000
0.0000000000000000 0.0000000000000000 0.0000000000000000 0.0000000000000000 0.0000000000000000 0.0000000000000000
0.0000000000000000 0.0000000000000000 0.0000000000000000 0.0000000000000000 0.0000000000000000 0.0000000000000000
0.0000000000000000 0.0000000000000000 0.0000000000000000 0.0000000000000000 0.0000000000000000 0.0000000000000000
0.0000000000000000 0.0000000000000000 0.0000000000000000 0.0000000000000000 0.0000000000000000 0.0000000000000000
0.0000000000000000 0.0000000000000000 0.0000000000000000 0.0000000000000000 0.0000000000000000 0.0000000000000000
0.0000000000000000 0.0000000000000000 0.0000000000000000 0.0000000000000000 0.0000000000000000 0.0000000000000000
0.0000000000000000 0.0000000000000000 0.0000000000000000 0.0000000000000000 0.0000000000000000 0.0000000000000000
0.0000000000000000 0.0000000000000000 0.0000000000000000 0.0000000000000000 0.0000000000000000 0.0000000000000000
0.0000000000000000 0.0000000000000000 0.0000000000000000 0.0000000000000000 0.0000000000000000 0.0000000000000000
0.0000000000000000 0.0000000000000000 0.0000000000000000 0.0000000000000000 0.0000000000000000 0.0000000000000000
0.0000000000000000 0.0000000000000000 0.0000000000000000 0.0000000000000000 0.0000000000000000 0.0000000000000000
0.0000000000000000 0.0000000000000000 0.0000000000000000 0.0000000000000000 0.0000000000000000 0.0000000000000000
0.0000000000000000 0.0000000000000000 0.0000000000000000 0.0000000000000000 0.0000000000000000 0.0000000000000000
0.0000000000000000 0.0000000000000000 0.0000000000000000 0.0000000000000000 0.0000000000000000 0.0000000000000000
0.0000000000000000 0.0000000000000000 0.0000000000000000 0.0000000000000000 0.0000000000000000 0.0000000000000000
0.0000000000000000 0.0000000000000000 0.0000000000000000 0.0000000000000000 0.0000000000000000 0.0000000000000000
0.0000000000000000 0.0000000000000000 0.0000000000000000 0.0000000000000000 0.0000000000000000 0.0000000000000000
0.1621161997318268 0.1621161997318268 0.1621161997318268 0.1621161997318268 0.1621161997318268 0.1621161997318268
0.0000000000000000 0.0000000000000000 0.0000000000000000 0.0000000000000000 0.0000000000000000 0.0000000000000000
0.1644703745841980 0.1644703745841980 0.1644703745841980 0.1644703745841980 0.1644703745841980 0.1644703745841980
0.0000000000000000 0.0000000000000000 0.0000000000000000 0.0000000000000000 0.0000000000000000 0.0000000000000000
0.0000000000000000 0.0000000000000000 0.0000000000000000 0.0000000000000000 0.0000000000000000 0.0000000000000000
0.0000000000000000 0.0000000000000000 0.0000000000000000 0.0000000000000000 0.0000000000000000 0.0000000000000000
0.0000000000000000 0.0000000000000000 0.0000000000000000 0.0000000000000000 0.0000000000000000 0.0000000000000000
0.0000000000000000 0.0000000000000000 0.0000000000000000 0.0000000000000000 0.0000000000000000 0.0000000000000000
0.0000000000000000 0.0000000000000000 0.0000000000000000 0.0000000000000000 0.0000000000000000 0.0000000000000000
0.0000000000000000 0.0000000000000000 0.0000000000000000 0.0000000000000000 0.0000000000000000 0.0000000000000000
0.0000000000000000 0.0000000000000000 0.0000000000000000 0.0000000000000000 0.0000000000000000 0.0000000000000000
0.0000000000000000 0.0000000000000000 0.0000000000000000 0.0000000000000000 0.0000000000000000 0.0000000000000000
0.0000000000000000 0.0000000000000000 0.0000000000000000 0.0000000000000000 0.0000000000000000 0.0000000000000000
0.1676820218563080 0.1676820218563080 0.1676820218563080 0.1676820218563080 0.1676820218563080 0.1676820218563080
0.0000000000000000 0.0000000000000000 0.0000000000000000 0.0000000000000000 0.0000000000000000 0.0000000000000000
0.1615972518920898 0.1615972518920898 0.1615972518920898 0.1615972518920898 0.1615972518920898 0.1615972518920898
0.1699947416782379 0.1699947416782379 0.1699947416782379 0.1699947416782379 0.1699947416782379 0.1699947416782379
0.0000000000000000 0.0000000000000000 0.0000000000000000 0.0000000000000000 0.0000000000000000 0.0000000000000000
0.1683451384305954 0.1683451384305954 0.1683451384305954 0.1683451384305954 0.1683451384305954 0.1683451384305954
0.0000000000000000 0.0000000000000000 0.0000000000000000 0.0000000000000000 0.0000000000000000 0.0000000000000000
0.1682714819908142 0.1682714819908142 0.1682714819908142 0.1682714819908142 0.1682714819908142 0.1682714819908142
0.0000000000000000 0.0000000000000000 0.0000000000000000 0.0000000000000000 0.0000000000000000 0.0000000000000000
0.0000000000000000 0.0000000000000000 0.0000000000000000 0.0000000000000000 0.0000000000000000 0.0000000000000000
0.0000000000000000 0.0000000000000000 0.0000000000000000 0.0000000000000000 0.0000000000000000 0.0000000000000000
0.0000000000000000 0.0000000000000000 0.0000000000000000 0.0000000000000000 0.0000000000000000 0.0000000000000000
0.0000000000000000 0.0000000000000000 0.0000000000000000 0.0000000000000000 0.0000000000000000 0.0000000000000000
0.1616109609603882 0.1616109609603882 0.1616109609603882 0.1616109609603882 0.1616109609603882 0.1616109609603882
0.1719842851161957 0.1719842851161957 0.1719842851161957 0.1719842851161957 0.1719842851161957 0.1719842851161957
0.1746838986873627 0.1746838986873627 0.1746838986873627 0.1746838986873627 0.1746838986873627 0.1746838986873627
0.1669994592666626 0.1669994592666626 0.1669994592666626 0.1669994592666626 0.1669994592666626 0.1669994592666626
0.1685073375701904 0.1685073375701904 0.1685073375701904 0.1685073375701904 0.1685073375701904 0.1685073375701904
0.0000000000000000 0.0000000000000000 0.0000000000000000 0.0000000000000000 0.0000000000000000 0.0000000000000000
1.0347678661346436 1.0347678661346436 1.0347678661346436 1.0347678661346436 0
1.0512228012084961 1.0512228012084961 1.0512228012084961 1.0512228012084961 0
1.0439847707748413 1.0439847707748413 1.0439847707748413 1.0439847707748413 0
1.0628893375396729 1.0628893375396729 1.0628893375396729 1.0628893375396729 0
1.0625044107437134 1.0625044107437134 1.0625044107437134 1.0625044107437134 0
1.0600336790084839 1.0600336790084839 1.0600336790084839 1.0600336790084839 0
1.0522990226745605 1.0522990226745605 1.0522990226745605 1.0522990226745605 0
1.0573229789733887 1.0573229789733887 1.0573229789733887 1.0573229789733887 0
1.0561236143112183 1.0561236143112183 1.0561236143112183 1.0561236143112183 0
1.0483603477478027 1.0483603477478027 1.0483603477478027 1.0483603477478027 0
1.0505355596542358 1.0505355596542358 1.0505355596542358 1.0505355596542358 0
1.0422531366348267 1.0422531366348267 1.0422531366348267 1.0422531366348267 0
1.0562022924423218 1.0562022924423218 1.0562022924423218 1.0562022924423218 0
1.0581234693527222 1.0581234693527222 1.0581234693527222 1.0581234693527222 0
1.0466815233230591 1.0466815233230591 1.0466815233230591 1.0466815233230591 0
1.0535058975219727 1.0535058975219727 1.0535058975219727 1.0535058975219727 0
1.0480841398239136 1.0480841398239136 1.0480841398239136 1.0480841398239136 0
1.0389233827590942 1.0389233827590942 1.0389233827590942 1.0389233827590942 0
1.0417151451110840 1.0417151451110840 1.0417151451110840 1.0417151451110840 0
1.0467413663864136 1.0467413663864136 1.0467413663864136 1.0467413663864136 0
1.0329756736755371 1.0329756736755371 1.0329756736755371 1.0329756736755371 0
1.0509814023971558 1.0509814023971558 1.0509814023971558 1.0509814023971558 0
1.0602043867111206 1.0602043867111206 1.0602043867111206 1.0602043867111206 0
1.0497823953628540 1.0497823953628540 1.0497823953628540 1.0497823953628540 0
1.0491989850997925 1.0491989850997925 1.0491989850997925 1.0491989850997925 0
1.0336192846298218 1.0336192846298218 1.0336192846298218 1.0336192846298218 0
1.0467239618301392 1.0467239618301392 1.0467239618301392 1.0467239618301392 0
1.0455294847488403 1.0455294847488403 1.0455294847488403 1.0455294847488403 0
1.0281114578247070 1.0281114578247070 1.0281114578247070 1.0281114578247070 0
1.0514898300170898 1.0514898300170898 1.0514898300170898 1.0514898300170898 0
1.0550609827041626 1.0550609827041626 1.0550609827041626 1.0550609827041626 0
1.0353956222534180 1.0353956222534180 1.0353956222534180 1.0353956222534180 0
1.0603626966476440 1.0603626966476440 1.0603626966476440 1.0603626966476440 0
1.0451264381408691 1.0451264381408691 1.0451264381408691 1.0451264381408691 0
1.0341346263885498 1.0341346263885498 1.0341346263885498 1.0341346263885498 0
1.0526136159896851 1.0526136159896851 1.0526136159896851 1.0526136159896851 0
1.0337775945663452 1.0337775945663452 1.0337775945663452 1.0337775945663452 0
1.0441130399703979 1.0441130399703979 1.0441130399703979 1.0441130399703979 0
1.0549473762512207 1.0549473762512207 1.0549473762512207 1.0549473762512207 0
1.0330325365066528 1.0330325365066528 1.0330325365066528 1.0330325365066528 0
1.0304927825927734 1.0304927825927734 1.0304927825927734 1.0304927825927734 0
1.0474735498428345 1.0474735498428345 1.0474735498428345 1.0474735498428345 0
1.0459485054016113 1.0459485054016113 1.0459485054016113 1.0459485054016113 0
1.0435302257537842 1.0435302257537842 1.0435302257537842 1.0435302257537842 0
1.0545846223831177 1.0545846223831177 1.0545846223831177 1.0545846223831177 0
1.0582183599472046 1.0582183599472046 1.0582183599472046 1.0582183599472046 0
1.0304403305053711 1.0304403305053711 1.0304403305053711 1.0304403305053711 0
1.0445652008056641 1.0445652008056641 1.0445652008056641 1.0445652008056641 0
1.0518901348114014 1.0518901348114014 1.0518901348114014 1.0518901348114014 0
1.0558165311813354 1.0558165311813354 1.0558165311813354 1.0558165311813354 0
1.0357497930526733 1.0357497930526733 1.0357497930526733 1.0357497930526733 0
1.0352035760879517 1.0352035760879517 1.0352035760879517 1.0352035760879517 0
1.0635627508163452 1.0635627508163452 1.0635627508163452 1.0635627508163452 0
1.0625112056732178 1.0625112056732178 1.0625112056732178 1.0625112056732178 0
1.0402127504348755 1.0402127504348755 1.0402127504348755 1.0402127504348755 0
1.0202980041503906 1.0202980041503906 1.0202980041503906 1.0202980041503906 0
1.0388929843902588 1.0388929843902588 1.0388929843902588 1.0388929843902588 0
1.0479389429092407 1.0479389429092407 1.0479389429092407 1.0479389429092407 0
1.0482842922210693 1.0482842922210693 1.0482842922210693 1.0482842922210693 0
1.0665230751037598 1.0665230751037598 1.0665230751037598 1.0665230751037598 0
1.0615303516387939 1.0615303516387939 1.0615303516387939 1.0615303516387939 0
1.0605317354202271 1.0605317354202271 1.0605317354202271 1.0605317354202271 0
1.0576760768890381 1.0576760768890381 1.0576760768890381 1.0576760768890381 0
1.0572768449783325 1.0572768449783325 1.0572768449783325 1.0572768449783325 0
0.0000000000000000 0.0000000000000000 0.0000000000000000 0.0000000000000000 0.0000000000000000 0.0000000000000000
0.0000000000000000 0.0000000000000000 0.0000000000000000 0.0000000000000000 0.0000000000000000 0.0000000000000000
0.0000000000000000 0.0000000000000000 0.0000000000000000 0.0000000000000000 0.0000000000000000 0.0000000000000000
0.0000000000000000 0.0000000000000000 0.0000000000000000 0.0000000000000000 0.0000000000000000 0.0000000000000000
0.0000000000000000 0.0000000000000000 0.0000000000000000 0.0000000000000000 0.0000000000000000 0.0000000000000000
0.0000000000000000 0.0000000000000000 0.0000000000000000 0.0000000000000000 0.0000000000000000 0.0000000000000000
0.0000000000000000 0.0000000000000000 0.0000000000000000 0.0000000000000000 0.0000000000000000 0.0000000000000000
0.1793293058872223 0.1793293058872223 0.1793293058872223 0.1793293058872223 0.1793293058872223 0.1793293058872223
0.0000000000000000 0.0000000000000000 0.0000000000000000 0.0000000000000000 0.0000000000000000 0.0000000000000000
0.1656843721866608 0.1656843721866608 0.1656843721866608 0.1656843721866608 0.1656843721866608 0.1656843721866608
0.1632790714502335 0.1632790714502335 0.1632790714502335 0.1632790714502335 0.1632790714502335 0.1632790714502335
0.0000000000000000 0.0000000000000000 0.0000000000000000 0.0000000000000000 0.0000000000000000 0.0000000000000000
0.1765051782131195 0.1765051782131195 0.1765051782131195 0.1765051782131195 0.1765051782131195 0.1765051782131195
0.1710556596517563 0.1710556596517563 0.1710556596517563 0.1710556596517563 0.1710556596517563 0.1710556596517563
0.1726682335138321 0.1726682335138321 0.1726682335138321 0.1726682335138321 0.1726682335138321 0.1726682335138321
0.1727238446474075 0.1727238446474075 0.1727238446474075 0.1727238446474075 0.1727238446474075 0.1727238446474075
0.1693405061960220 0.1693405061960220 0.1693405061960220 0.1693405061960220 0.1693405061960220 0.1693405061960220
0.1646127253770828 0.1646127253770828 0.1646127253770828 0.1646127253770828 0.1646127253770828 0.1646127253770828
0.1705978363752365 0.1705978363752365 0.1705978363752365 0.1705978363752365 0.1705978363752365 0.1705978363752365
0.1777333021163940 0.1777333021163940 0.1777333021163940 0.1777333021163940 0.1777333021163940 0.1777333021163940
0.1700514703989029 0.1700514703989029 0.1700514703989029 0.1700514703989029 0.1700514703989029 0.1700514703989029
0.0000000000000000 0.0000000000000000 0.0000000000000000 0.0000000000000000 0.0000000000000000 0.0000000000000000
0.1625520586967468 0.1625520586967468 0.1625520586967468 0.1625520586967468 0.1625520586967468 0.1625520586967468
0.0000000000000000 0.0000000000000000 0.0000000000000000 0.0000000000000000 0.0000000000000000 0.0000000000000000
0.0000000000000000 0.0000000000000000 0.0000000000000000 0.0000000000000000 0.0000000000000000 0.0000000000000000
0.0000000000000000 0.0000000000000000 0.0000000000000000 0.0000000000000000 0.0000000000000000 0.0000000000000000
0.0000000000000000 0.0000000000000000 0.0000000000000000 0.0000000000000000 0.0000000000000000 0.0000000000000000
0.0000000000000000 0.0000000000000000 0.0000000000000000 0.0000000000000000 0.0000000000000000 0.0000000000000000
0.0000000000000000 0.0000000000000000 0.0000000000000000 0.0000000000000000 0.0000000000000000 0.0000000000000000
0.1652016639709473 0.1652016639709473 0.1652016639709473 0.1652016639709473 0.1652016639709473 0.1652016639709473
0.0000000000000000 0.0000000000000000 0.0000000000000000 0.0000000000000000 0.0000000000000000 0.0000000000000000
0.0000000000000000 0.0000000000000000 0.0000000000000000 0.0000000000000000 0.0000000000000000 0.0000000000000000
0.0000000000000000 0.0000000000000000 0.0000000000000000 0.0000000000000000 0.0000000000000000 0.0000000000000000
0.1698499768972397 0.1698499768972397 0.1698499768972397 0.1698499768972397 0.1698499768972397 0.1698499768972397
0.0000000000000000 0.0000000000000000 0.0000000000000000 0.0000000000000000 0.0000000000000000 0.0000000000000000
0.1643839329481125 0.1643839329481125 0.1643839329481125 0.1643839329481125 0.1643839329481125 0.1643839329481125
0.1649634838104248 0.1649634838104248 0.1649634838104248 0.1649634838104248 0.1649634838104248 0.1649634838104248
0.0000000000000000 0.0000000000000000 0.0000000000000000 0.0000000000000000 0.0000000000000000 0.0000000000000000
0.0000000000000000 0.0000000000000000 0.0000000000000000 0.0000000000000000 0.0000000000000000 0.0000000000000000
0.1642815768718719 0.1642815768718719 0.1642815768718719 0.1642815768718719 0.1642815768718719 0.1642815768718719
0.0000000000000000 0.0000000000000000 0.0000000000000000 0.0000000000000000 0.0000000000000000 0.0000000000000000
0.0000000000000000 0.0000000000000000 0.0000000000000000 0.0000000000000000 0.0000000000000000 0.0000000000000000
0.0000000000000000 0.0000000000000000 0.0000000000000000 0.0000000000000000 0.0000000000000000 0.0000000000000000
0.0000000000000000 0.0000000000000000 0.0000000000000000 0.0000000000000000 0.0000000000000000 0.0000000000000000
0.0000000000000000 0.0000000000000000 0.0000000000000000 0.0000000000000000 0.0000000000000000 0.0000000000000000
0.0000000000000000 0.0000000000000000 0.0000000000000000 0.0000000000000000 0.0000000000000000 0.0000000000000000
0.0000000000000000 0.0000000000000000 0.0000000000000000 0.0000000000000000 0.0000000000000000 0.0000000000000000
0.0000000000000000 0.0000000000000000 0.0000000000000000 0.0000000000000000 0.0000000000000000 0.0000000000000000
0.0000000000000000 0.0000000000000000 0.0000000000000000 0.0000000000000000 0.0000000000000000 0.0000000000000000
0.0000000000000000 0.0000000000000000 0.0000000000000000 0.0000000000000000 0.0000000000000000 0.0000000000000000
0.0000000000000000 0.0000000000000000 0.0000000000000000 0.0000000000000000 0.0000000000000000 0.0000000000000000
0.0000000000000000 0.0000000000000000 0.0000000000000000 0.0000000000000000 0.0000000000000000 0.0000000000000000
0.0000000000000000 0.0000000000000000 0.0000000000000000 0.0000000000000000 0.0000000000000000 0.0000000000000000
0.0000000000000000 0.0000000000000000 0.0000000000000000 0.0000000000000000 0.0000000000000000 0.0000000000000000
0.1641843020915985 0.1641843020915985 0.1641843020915985 0.1641843020915985 0.1641843020915985 0.1641843020915985
0.0000000000000000 0.0000000000000000 0.0000000000000000 0.0000000000000000 0.0000000000000000 0.0000000000000000
0.0000000000000000 0.0000000000000000 0.0000000000000000 0.0000000000000000 0.0000000000000000 0.0000000000000000
0.0000000000000000 0.0000000000000000 0.0000000000000000 0.0000000000000000 0.0000000000000000 0.0000000000000000
0.0000000000000000 0.0000000000000000 0.0000000000000000 0.0000000000000000 0.0000000000000000 0.0000000000000000
0.0000000000000000 0.0000000000000000 0.0000000000000000 0.0000000000000000 0.0000000000000000 0.0000000000000000
0.0000000000000000 0.0000000000000000 0.0000000000000000 0.0000000000000000 0.0000000000000000 0.0000000000000000
0.0000000000000000 0.0000000000000000 0.0000000000000000 0.0000000000000000 0.0000000000000000 0.0000000000000000
0.0000000000000000 0.0000000000000000 0.0000000000000000 0.0000000000000000 0.0000000000000000 0.0000000000000000
0.0000000000000000 0.0000000000000000 0.0000000000000000 0.0000000000000000 0.0000000000000000 0.0000000000000000
0.0000000000000000 0.0000000000000000 0.0000000000000000 0.0000000000000000 0.0000000000000000 0.0000000000000000
0.0000000000000000 0.0000000000000000 0.0000000000000000 0.0000000000000000 0.0000000000000000 0.0000000000000000
0.0000000000000000 0.0000000000000000 0.0000000000000000 0.0000000000000000 0.0000000000000000 0.0000000000000000
0.1627058684825897 0.1627058684825897 0.1627058684825897 0.1627058684825897 0.1627058684825897 0.1627058684825897
0.0000000000000000 0.0000000000000000 0.0000000000000000 0.0000000000000000 0.0000000000000000 0.0000000000000000
0.0000000000000000 0.0000000000000000 0.0000000000000000 0.0000000000000000 0.0000000000000000 0.0000000000000000
0.1672982126474380 0.1672982126474380 0.1672982126474380 0.1672982126474380 0.1672982126474380 0.1672982126474380
0.0000000000000000 0.0000000000000000 0.0000000000000000 0.0000000000000000 0.0000000000000000 0.0000000000000000
0.0000000000000000 0.0000000000000000 0.0000000000000000 0.0000000000000000 0.0000000000000000 0.0000000000000000
0.0000000000000000 0.0000000000000000 0.0000000000000000 0.0000000000000000 0.0000000000000000 0.0000000000000000
0.0000000000000000 0.0000000000000000 0.0000000000000000 0.0000000000000000 0.0000000000000000 0.0000000000000000
0.0000000000000000 0.0000000000000000 0.0000000000000000 0.0000000000000000 0.0000000000000000 0.0000000000000000
0.1642758697271347 0.1642758697271347 0.1642758697271347 0.1642758697271347 0.1642758697271347 0.1642758697271347
0.0000000000000000 0.0000000000000000 0.0000000000000000 0.0000000000000000 0.0000000000000000 0.0000000000000000
0.0000000000000000 0.0000000000000000 0.0000000000000000 0.0000000000000000 0.0000000000000000 0.0000000000000000
0.0000000000000000 0.0000000000000000 0.0000000000000000 0.0000000000000000 0.0000000000000000 0.0000000000000000
0.0000000000000000 0.0000000000000000 0.0000000000000000 0.0000000000000000 0.0000000000000000 0.0000000000000000
0.0000000000000000 0.0000000000000000 0.0000000000000000 0.0000000000000000 0.0000000000000000 0.0000000000000000
0.0000000000000000 0.0000000000000000 0.0000000000000000 0.0000000000000000 0.0000000000000000 0.0000000000000000
0.1620488762855530 0.1620488762855530 0.1620488762855530 0.1620488762855530 0.1620488762855530 0.1620488762855530
0.1618911772966385 0.1618911772966385 0.1618911772966385 0.1618911772966385 0.1618911772966385 0.1618911772966385
0.1608630418777466 0.1608630418777466 0.1608630418777466 0.1608630418777466 0.1608630418777466 0.1608630418777466
0.0000000000000000 0.0000000000000000 0.0000000000000000 0.0000000000000000 0.0000000000000000 0.0000000000000000
0.0000000000000000 0.0000000000000000 0.0000000000000000 0.0000000000000000 0.0000000000000000 0.0000000000000000
0.0000000000000000 0.0000000000000000 0.0000000000000000 0.0000000000000000 0.0000000000000000 0.0000000000000000
0.0000000000000000 0.0000000000000000 0.0000000000000000 0.0000000000000000 0.0000000000000000 0.0000000000000000
0.0000000000000000 0.0000000000000000 0.0000000000000000 0.0000000000000000 0.0000000000000000 0.0000000000000000
0.0000000000000000 0.0000000000000000 0.0000000000000000 0.0000000000000000 0.0000000000000000 0.0000000000000000
0.0000000000000000 0.0000000000000000 0.0000000000000000 0.0000000000000000 0.0000000000000000 0.0000000000000000
0.0000000000000000 0.0000000000000000 0.0000000000000000 0.0000000000000000 0.0000000000000000 0.0000000000000000
0.0000000000000000 0.0000000000000000 0.0000000000000000 0.0000000000000000 0.0000000000000000 0.0000000000000000
0.0000000000000000 0.0000000000000000 0.0000000000000000 0.0000000000000000 0.0000000000000000 0.0000000000000000
0.0000000000000000 0.0000000000000000 0.0000000000000000 0.0000000000000000 0.0000000000000000 0.0000000000000000
0.1617415547370911 0.1617415547370911 0.1617415547370911 0.1617415547370911 0.1617415547370911 0.1617415547370911
0.1625898331403732 0.1625898331403732 0.1625898331403732 0.1625898331403732 0.1625898331403732 0.1625898331403732
0.0000000000000000 0.0000000000000000 0.0000000000000000 0.0000000000000000 0.0000000000000000 0.0000000000000000
0.1625999212265015 0.1625999212265015 0.1625999212265015 0.1625999212265015 0.1625999212265015 0.1625999212265015
0.0000000000000000 0.0000000000000000 0.0000000000000000 0.0000000000000000 0.0000000000000000 0.0000000000000000
0.0000000000000000 0.0000000000000000 0.0000000000000000 0.0000000000000000 0.0000000000000000 0.0000000000000000
0.0000000000000000 0.0000000000000000 0.0000000000000000 0.0000000000000000 0.0000000000000000 0.0000000000000000
0.0000000000000000 0.0000000000000000 0.0000000000000000 0.0000000000000000 0.0000000000000000 0.0000000000000000
0.0000000000000000 0.0000000000000000 0.0000000000000000 0.0000000000000000 0.0000000000000000 0.0000000000000000
0.0000000000000000 0.0000000000000000 0.0000000000000000 0.0000000000000000 0.0000000000000000 0.0000000000000000
0.0000000000000000 0.0000000000000000 0.0000000000000000 0.0000000000000000 0.0000000000000000 0.0000000000000000
0.0000000000000000 0.0000000000000000 0.0000000000000000 0.0000000000000000 0.0000000000000000 0.0000000000000000
0.0000000000000000 0.0000000000000000 0.0000000000000000 0.0000000000000000 0.0000000000000000 0.0000000000000000
0.1621511131525040 0.1621511131525040 0.1621511131525040 0.1621511131525040 0.1621511131525040 0.1621511131525040
0.1641152203083038 0.1641152203083038 0.1641152203083038 0.1641152203083038 0.1641152203083038 0.1641152203083038
0.1657796651124954 0.1657796651124954 0.1657796651124954 0.1657796651124954 0.1657796651124954 0.1657796651124954
0.1837872862815857 0.1837872862815857 0.1837872862815857 0.1837872862815857 0.1837872862815857 0.1837872862815857
0.1654016673564911 0.1654016673564911 0.1654016673564911 0.1654016673564911 0.1654016673564911 0.1654016673564911
0.0000000000000000 0.0000000000000000 0.0000000000000000 0.0000000000000000 0.0000000000000000 0.0000000000000000
0.1728163212537766 0.1728163212537766 0.1728163212537766 0.1728163212537766 0.1728163212537766 0.1728163212537766
0.0000000000000000 0.0000000000000000 0.0000000000000000 0.0000000000000000 0.0000000000000000 0.0000000000000000
0.0000000000000000 0.0000000000000000 0.0000000000000000 0.0000000000000000 0.0000000000000000 0.0000000000000000
0.0000000000000000 0.0000000000000000 0.0000000000000000 0.0000000000000000 0.0000000000000000 0.0000000000000000
0.0000000000000000 0.0000000000000000 0.0000000000000000 0.0000000000000000 0.0000000000000000 0.0000000000000000
0.1736421585083008 0.1736421585083008 0.1736421585083008 0.1736421585083008 0.1736421585083008 0.1736421585083008
0.0000000000000000 0.0000000000000000 0.0000000000000000 0.0000000000000000 0.0000000000000000 0.0000000000000000
0.0000000000000000 0.0000000000000000 0.0000000000000000 0.0000000000000000 0.0000000000000000 0.0000000000000000
0.1885194480419159 0.1885194480419159 0.1885194480419159 0.1885194480419159 0.1885194480419159 0.1885194480419159
0.1632500886917114 0.1632500886917114 0.1632500886917114 0.1632500886917114 0.1632500886917114 0.1632500886917114
0.1693606525659561 0.1693606525659561 0.1693606525659561 0.1693606525659561 0.1693606525659561 0.1693606525659561
0.1618542373180389 0.1618542373180389 0.1618542373180389 0.1618542373180389 0.1618542373180389 0.1618542373180389
1.0384213924407959 1.0384213924407959 1.0384213924407959 1.0384213924407959 0
1.0513191223144531 1.0513191223144531 1.0513191223144531 1.0513191223144531 0
1.0771814584732056 1.0771814584732056 1.0771814584732056 1.0771814584732056 0
1.0652316808700562 1.0652316808700562 1.0652316808700562 1.0652316808700562 0
1.0662692785263062 1.0662692785263062 1.0662692785263062 1.0662692785263062 0
1.0530880689620972 1.0530880689620972 1.0530880689620972 1.0530880689620972 0
1.0344799757003784 1.0344799757003784 1.0344799757003784 1.0344799757003784 0
1.0646625757217407 1.0646625757217407 1.0646625757217407 1.0646625757217407 0
1.0348898172378540 1.0348898172378540 1.0348898172378540 1.0348898172378540 0
1.0448578596115112 1.0448578596115112 1.0448578596115112 1.0448578596115112 0
1.0811706781387329 1.0811706781387329 1.0811706781387329 1.0811706781387329 0
1.0644842386245728 1.0644842386245728 1.0644842386245728 1.0644842386245728 0
1.0471030473709106 1.0471030473709106 1.0471030473709106 1.0471030473709106 0
1.0582906007766724 1.0582906007766724 1.0582906007766724 1.0582906007766724 0
1.0722587108612061 1.0722587108612061 1.0722587108612061 1.0722587108612061 0
1.0664541721343994 1.0664541721343994 1.0664541721343994 1.0664541721343994 0
1.0570378303527832 1.0570378303527832 1.0570378303527832 1.0570378303527832 0
1.0479792356491089 1.0479792356491089 1.0479792356491089 1.0479792356491089 0
1.0678693056106567 1.0678693056106567 1.0678693056106567 1.0678693056106567 0
1.0429553985595703 1.0429553985595703 1.0429553985595703 1.0429553985595703 0
1.0472217798233032 1.0472217798233032 1.0472217798233032 1.0472217798233032 0
1.0585922002792358 1.0585922002792358 1.0585922002792358 1.0585922002792358 0
1.0665413141250610 1.0665413141250610 1.0665413141250610 1.0665413141250610 0
1.0625369548797607 1.0625369548797607 1.0625369548797607 1.0625369548797607 0
1.0505155324935913 1.0505155324935913 1.0505155324935913 1.0505155324935913 0
1.0475864410400391 1.0475864410400391 1.0475864410400391 1.0475864410400391 0
1.0323580503463745 1.0323580503463745 1.0323580503463745 1.0323580503463745 0
1.0260149240493774 1.0260149240493774 1.0260149240493774 1.0260149240493774 0
1.0398795604705811 1.0398795604705811 1.0398795604705811 1.0398795604705811 0
1.0457757711410522 1.0457757711410522 1.0457757711410522 1.0457757711410522 0
1.0476918220520020 1.0476918220520020 1.0476918220520020 1.0476918220520020 0
1.0434836149215698 1.0434836149215698 1.0434836149215698 1.0434836149215698 0
1.0428595542907715 1.0428595542907715 1.0428595542907715 1.0428595542907715 0
1.0071189403533936 1.0071189403533936 1.0071189403533936 1.0071189403533936 0
1.0249454975128174 1.0249454975128174 1.0249454975128174 1.0249454975128174 0
1.0396410226821899 1.0396410226821899 1.0396410226821899 1.0396410226821899 0
1.0468143224716187 1.0468143224716187 1.0468143224716187 1.0468143224716187 0
1.0499103069305420 1.0499103069305420 1.0499103069305420 1.0499103069305420 0
1.0523933172225952 1.0523933172225952 1.0523933172225952 1.0523933172225952 0
1.0352897644042969 1.0352897644042969 1.0352897644042969 1.0352897644042969 0
1.0482188463211060 1.0482188463211060 1.0482188463211060 1.0482188463211060 0
1.0364700555801392 1.0364700555801392 1.0364700555801392 1.0364700555801392 0
1.0432618856430054 1.0432618856430054 1.0432618856430054 1.0432618856430054 0
1.0428508520126343 1.0428508520126343 1.0428508520126343 1.0428508520126343 0
1.0417418479919434 1.0417418479919434 1.0417418479919434 1.0417418479919434 0
1.0569174289703369 1.0569174289703369 1.0569174289703369 1.0569174289703369 0
1.0481032133102417 1.0481032133102417 1.0481032133102417 1.0481032133102417 0
1.0353993177413940 1.0353993177413940 1.0353993177413940 1.0353993177413940 0
1.0201178789138794 1.0201178789138794 1.0201178789138794 1.0201178789138794 0
1.0428724288940430 1.0428724288940430 1.0428724288940430 1.0428724288940430 0
1.0555399656295776 1.0555399656295776 1.0555399656295776 1.0555399656295776 0
1.0738286972045898 1.0738286972045898 1.0738286972045898 1.0738286972045898 0
1.0580762624740601 1.0580762624740601 1.0580762624740601 1.0580762624740601 0
1.0403059720993042 1.0403059720993042 1.0403059720993042 1.0403059720993042 0
1.0489401817321777 1.0489401817321777 1.0489401817321777 1.0489401817321777 0
1.0471022129058838 1.0471022129058838 1.0471022129058838 1.0471022129058838 0
1.0526605844497681 1.0526605844497681 1.0526605844497681 1.0526605844497681 0
1.0406514406204224 1.0406514406204224 1.0406514406204224 1.0406514406204224 0
1.0738320350646973 1.0738320350646973 1.0738320350646973 1.0738320350646973 0
1.0698857307434082 1.0698857307434082 1.0698857307434082 1.0698857307434082 0
1.0697991847991943 1.0697991847991943 1.0697991847991943 1.0697991847991943 0
1.0565390586853027 1.0565390586853027 1.0565390586853027 1.0565390586853027 0
1.0626504421234131 1.0626504421234131 1.0626504421234131 1.0626504421234131 0
1.0470175743103027 1.0470175743103027 1.0470175743103027 1.0470175743103027 0
0.0000000000000000 0.0000000000000000 0.0000000000000000 0.0000000000000000 0.0000000000000000 0.0000000000000000
0.0000000000000000 0.0000000000000000 0.0000000000000000 0.0000000000000000 0.0000000000000000 0.0000000000000000
0.0000000000000000 0.0000000000000000 0.0000000000000000 0.0000000000000000 0.0000000000000000 0.0000000000000000
0.0000000000000000 0.0000000000000000 0.0000000000000000 0.0000000000000000 0.0000000000000000 0.0000000000000000
0.0000000000000000 0.0000000000000000 0.0000000000000000 0.0000000000000000 0.0000000000000000 0.0000000000000000
0.0000000000000000 0.0000000000000000 0.0000000000000000 0.0000000000000000 0.0000000000000000 0.0000000000000000
0.0000000000000000 0.0000000000000000 0.0000000000000000 0.0000000000000000 0.0000000000000000 0.0000000000000000
0.1801456212997437 0.1801456212997437 0.1801456212997437 0.1801456212997437 0.1801456212997437 0.1801456212997437
0.1791601926088333 0.1791601926088333 0.1791601926088333 0.1791601926088333 0.1791601926088333 0.1791601926088333
0.1715908199548721 0.1715908199548721 0.1715908199548721 0.1715908199548721 0.1715908199548721 0.1715908199548721
0.1732089370489120 0.1732089370489120 0.1732089370489120 0.1732089370489120 0.1732089370489120 0.1732089370489120
0.1775067299604416 0.1775067299604416 0.1775067299604416 0.1775067299604416 0.1775067299604416 0.1775067299604416
0.1759274601936340 0.1759274601936340 0.1759274601936340 0.1759274601936340 0.1759274601936340 0.1759274601936340
0.1630082875490189 0.1630082875490189 0.1630082875490189 0.1630082875490189 0.1630082875490189 0.1630082875490189
0.1719665676355362 0.1719665676355362 0.1719665676355362 0.1719665676355362 0.1719665676355362 0.1719665676355362
0.1623740941286087 0.1623740941286087 0.1623740941286087 0.1623740941286087 0.1623740941286087 0.1623740941286087
0.0000000000000000 0.0000000000000000 0.0000000000000000 0.0000000000000000 0.0000000000000000 0.0000000000000000
0.1649169027805328 0.1649169027805328 0.1649169027805328 0.1649169027805328 0.1649169027805328 0.1649169027805328
0.1624366939067841 0.1624366939067841 0.1624366939067841 0.1624366939067841 0.1624366939067841 0.1624366939067841
0.1629440337419510 0.1629440337419510 0.1629440337419510 0.1629440337419510 0.1629440337419510 0.1629440337419510
0.1792893558740616 0.1792893558740616 0.1792893558740616 0.1792893558740616 0.1792893558740616 0.1792893558740616
0.0000000000000000 0.0000000000000000 0.0000000000000000 0.0000000000000000 0.0000000000000000 0.0000000000000000
0.1652404814958572 0.1652404814958572 0.1652404814958572 0.1652404814958572 0.1652404814958572 0.1652404814958572
0.1765893399715424 0.1765893399715424 0.1765893399715424 0.1765893399715424 0.1765893399715424 0.1765893399715424
0.0000000000000000 0.0000000000000000 0.0000000000000000 0.0000000000000000 0.0000000000000000 0.0000000000000000
0.1642595827579498 0.1642595827579498 0.1642595827579498 0.1642595827579498 0.1642595827579498 0.1642595827579498
0.0000000000000000 0.0000000000000000 0.0000000000000000 0.0000000000000000 0.0000000000000000 0.0000000000000000
0.1645863205194473 0.1645863205194473 0.1645863205194473 0.1645863205194473 0.1645863205194473 0.1645863205194473
0.0000000000000000 0.0000000000000000 0.0000000000000000 0.0000000000000000 0.0000000000000000 0.0000000000000000
0.1781030297279358 0.1781030297279358 0.1781030297279358 0.1781030297279358 0.1781030297279358 0.1781030297279358
0.1697204113006592 0.1697204113006592 0.1697204113006592 0.1697204113006592 0.1697204113006592 0.1697204113006592
0.0000000000000000 0.0000000000000000 0.0000000000000000 0.0000000000000000 0.0000000000000000 0.0000000000000000
0.1702128052711487 0.1702128052711487 0.1702128052711487 0.1702128052711487 0.1702128052711487 0.1702128052711487
0.0000000000000000 0.0000000000000000 0.0000000000000000 0.0000000000000000 0.0000000000000000 0.0000000000000000
0.0000000000000000 0.0000000000000000 0.0000000000000000 0.0000000000000000 0.0000000000000000 0.0000000000000000
0.1786544620990753 0.1786544620990753 0.1786544620990753 0.1786544620990753 0.1786544620990753 0.1786544620990753
0.1625831127166748 0.1625831127166748 0.1625831127166748 0.1625831127166748 0.1625831127166748 0.1625831127166748
0.1830211430788040 0.1830211430788040 0.1830211430788040 0.1830211430788040 0.1830211430788040 0.1830211430788040
0.1790491640567780 0.1790491640567780 0.1790491640567780 0.1790491640567780 0.1790491640567780 0.1790491640567780
0.1704048812389374 0.1704048812389374 0.1704048812389374 0.1704048812389374 0.1704048812389374 0.1704048812389374
0.0000000000000000 0.0000000000000000 0.0000000000000000 0.0000000000000000 0.0000000000000000 0.0000000000000000
0.1735055446624756 0.1735055446624756 0.1735055446624756 0.1735055446624756 0.1735055446624756 0.1735055446624756
0.1716084927320480 0.1716084927320480 0.1716084927320480 0.1716084927320480 0.1716084927320480 0.1716084927320480
0.0000000000000000 0.0000000000000000 0.0000000000000000 0.0000000000000000 0.0000000000000000 0.0000000000000000
0.0000000000000000 0.0000000000000000 0.0000000000000000 0.0000000000000000 0.0000000000000000 0.0000000000000000
0.1636094301939011 0.1636094301939011 0.1636094301939011 0.1636094301939011 0.1636094301939011 0.1636094301939011
0.0000000000000000 0.0000000000000000 0.0000000000000000 0.0000000000000000 0.0000000000000000 0.0000000000000000
0.1606419980525970 0.1606419980525970 0.1606419980525970 0.1606419980525970 0.1606419980525970 0.1606419980525970
0.0000000000000000 0.0000000000000000 0.0000000000000000 0.0000000000000000 0.0000000000000000 0.0000000000000000
0.0000000000000000 0.0000000000000000 0.0000000000000000 0.0000000000000000 0.0000000000000000 0.0000000000000000
0.0000000000000000 0.0000000000000000 0.0000000000000000 0.0000000000000000 0.0000000000000000 0.0000000000000000
0.1786216497421265 0.1786216497421265 0.1786216497421265 0.1786216497421265 0.1786216497421265 0.1786216497421265
0.1629993766546249 0.1629993766546249 0.1629993766546249 0.1629993766546249 0.1629993766546249 0.1629993766546249
0.1632810086011887 0.1632810086011887 0.1632810086011887 0.1632810086011887 0.1632810086011887 0.1632810086011887
0.1711159348487854 0.1711159348487854 0.1711159348487854 0.1711159348487854 0.1711159348487854 0.1711159348487854
0.1726894676685333 0.1726894676685333 0.1726894676685333 0.1726894676685333 0.1726894676685333 0.1726894676685333
0.0000000000000000 0.0000000000000000 0.0000000000000000 0.0000000000000000 0.0000000000000000 0.0000000000000000
0.0000000000000000 0.0000000000000000 0.0000000000000000 0.0000000000000000 0.0000000000000000 0.0000000000000000
0.0000000000000000 0.0000000000000000 0.0000000000000000 0.0000000000000000 0.0000000000000000 0.0000000000000000
0.0000000000000000 0.0000000000000000 0.0000000000000000 0.0000000000000000 0.0000000000000000 0.0000000000000000
0.0000000000000000 0.0000000000000000 0.0000000000000000 0.0000000000000000 0.0000000000000000 0.0000000000000000
0.0000000000000000 0.0000000000000000 0.0000000000000000 0.0000000000000000 0.0000000000000000 0.0000000000000000
0.0000000000000000 0.0000000000000000 0.0000000000000000 0.0000000000000000 0.0000000000000000 0.0000000000000000
0.0000000000000000 0.0000000000000000 0.0000000000000000 0.0000000000000000 0.0000000000000000 0.0000000000000000
0.0000000000000000 0.0000000000000000 0.0000000000000000 0.0000000000000000 0.0000000000000000 0.0000000000000000
0.0000000000000000 0.0000000000000000 0.0000000000000000 0.0000000000000000 0.0000000000000000 0.0000000000000000
0.0000000000000000 0.0000000000000000 0.0000000000000000 0.0000000000000000 0.0000000000000000 0.0000000000000000
0.0000000000000000 0.0000000000000000 0.0000000000000000 0.0000000000000000 0.0000000000000000 0.0000000000000000
0.0000000000000000 0.0000000000000000 0.0000000000000000 0.0000000000000000 0.0000000000000000 0.0000000000000000
0.0000000000000000 0.0000000000000000 0.0000000000000000 0.0000000000000000 0.0000000000000000 0.0000000000000000
0.0000000000000000 0.0000000000000000 0.0000000000000000 0.0000000000000000 0.0000000000000000 0.0000000000000000
0.0000000000000000 0.0000000000000000 0.0000000000000000 0.0000000000000000 0.0000000000000000 0.0000000000000000
0.0000000000000000 0.0000000000000000 0.0000000000000000 0.0000000000000000 0.0000000000000000 0.0000000000000000
0.0000000000000000 0.0000000000000000 0.0000000000000000 0.0000000000000000 0.0000000000000000 0.0000000000000000
0.0000000000000000 0.0000000000000000 0.0000000000000000 0.0000000000000000 0.0000000000000000 0.0000000000000000
0.0000000000000000 0.0000000000000000 0.0000000000000000 0.0000000000000000 0.0000000000000000 0.0000000000000000
0.0000000000000000 0.0000000000000000 0.0000000000000000 0.0000000000000000 0.0000000000000000 0.0000000000000000
0.0000000000000000 0.0000000000000000 0.0000000000000000 0.0000000000000000 0.0000000000000000 0.0000000000000000
0.0000000000000000 0.0000000000000000 0.0000000000000000 0.0000000000000000 0.0000000000000000 0.0000000000000000
0.0000000000000000 0.0000000000000000 0.0000000000000000 0.0000000000000000 0.0000000000000000 0.0000000000000000
0.0000000000000000 0.0000000000000000 0.0000000000000000 0.0000000000000000 0.0000000000000000 0.0000000000000000
0.0000000000000000 0.0000000000000000 0.0000000000000000 0.0000000000000000 0.0000000000000000 0.0000000000000000
0.0000000000000000 0.0000000000000000 0.0000000000000000 0.0000000000000000 0.0000000000000000 0.0000000000000000
0.1616026610136032 0.1616026610136032 0.1616026610136032 0.1616026610136032 0.1616026610136032 0.1616026610136032
0.1702449768781662 0.1702449768781662 0.1702449768781662 0.1702449768781662 0.1702449768781662 0.1702449768781662
0.0000000000000000 0.0000000000000000 0.0000000000000000 0.0000000000000000 0.0000000000000000 0.0000000000000000
0.1612659692764282 0.1612659692764282 0.1612659692764282 0.1612659692764282 0.1612659692764282 0.1612659692764282
0.0000000000000000 0.0000000000000000 0.0000000000000000 0.0000000000000000 0.0000000000000000 0.0000000000000000
0.0000000000000000 0.0000000000000000 0.0000000000000000 0.0000000000000000 0.0000000000000000 0.0000000000000000
0.0000000000000000 0.0000000000000000 0.0000000000000000 0.0000000000000000 0.0000000000000000 0.0000000000000000
0.0000000000000000 0.0000000000000000 0.0000000000000000 0.0000000000000000 0.0000000000000000 0.0000000000000000
0.0000000000000000 0.0000000000000000 0.0000000000000000 0.0000000000000000 0.0000000000000000 0.0000000000000000
0.0000000000000000 0.0000000000000000 0.0000000000000000 0.0000000000000000 0.0000000000000000 0.0000000000000000
0.0000000000000000 0.0000000000000000 0.0000000000000000 0.0000000000000000 0.0000000000000000 0.0000000000000000
0.0000000000000000 0.0000000000000000 0.0000000000000000 0.0000000000000000 0.0000000000000000 0.0000000000000000
0.0000000000000000 0.0000000000000000 0.0000000000000000 0.0000000000000000 0.0000000000000000 0.0000000000000000
0.0000000000000000 0.0000000000000000 0.0000000000000000 0.0000000000000000 0.0000000000000000 0.0000000000000000
0.0000000000000000 0.0000000000000000 0.0000000000000000 0.0000000000000000 0.0000000000000000 0.0000000000000000
0.0000000000000000 0.0000000000000000 0.0000000000000000 0.0000000000000000 0.0000000000000000 0.0000000000000000
0.0000000000000000 0.0000000000000000 0.0000000000000000 0.0000000000000000 0.0000000000000000 0.0000000000000000
0.0000000000000000 0.0000000000000000 0.0000000000000000 0.0000000000000000 0.0000000000000000 0.0000000000000000
0.0000000000000000 0.0000000000000000 0.0000000000000000 0.0000000000000000 0.0000000000000000 0.0000000000000000
0.0000000000000000 0.0000000000000000 0.0000000000000000 0.0000000000000000 0.0000000000000000 0.0000000000000000
0.0000000000000000 0.0000000000000000 0.0000000000000000 0.0000000000000000 0.0000000000000000 0.0000000000000000
0.0000000000000000 0.0000000000000000 0.0000000000000000 0.0000000000000000 0.0000000000000000 0.0000000000000000
0.0000000000000000 0.0000000000000000 0.0000000000000000 0.0000000000000000 0.0000000000000000 0.0000000000000000
0.0000000000000000 0.0000000000000000 0.0000000000000000 0.0000000000000000 0.0000000000000000 0.0000000000000000
0.0000000000000000 0.0000000000000000 0.0000000000000000 0.0000000000000000 0.0000000000000000 0.0000000000000000
0.0000000000000000 0.0000000000000000 0.0000000000000000 0.0000000000000000 0.0000000000000000 0.0000000000000000
0.1648044437170029 0.1648044437170029 0.1648044437170029 0.1648044437170029 0.1648044437170029 0.1648044437170029
0.0000000000000000 0.0000000000000000 0.0000000000000000 0.0000000000000000 0.0000000000000000 0.0000000000000000
0.1651218682527542 0.1651218682527542 0.1651218682527542 0.1651218682527542 0.1651218682527542 0.1651218682527542
0.1767728328704834 0.1767728328704834 0.1767728328704834 0.1767728328704834 0.1767728328704834 0.1767728328704834
0.0000000000000000 0.0000000000000000 0.0000000000000000 0.0000000000000000 0.0000000000000000 0.0000000000000000
0.0000000000000000 0.0000000000000000 0.0000000000000000 0.0000000000000000 0.0000000000000000 0.0000000000000000
0.0000000000000000 0.0000000000000000 0.0000000000000000 0.0000000000000000 0.0000000000000000 0.0000000000000000
0.0000000000000000 0.0000000000000000 0.0000000000000000 0.0000000000000000 0.0000000000000000 0.0000000000000000
0.0000000000000000 0.0000000000000000 0.0000000000000000 0.0000000000000000 0.0000000000000000 0.0000000000000000
0.0000000000000000 0.0000000000000000 0.0000000000000000 0.0000000000000000 0.0000000000000000 0.0000000000000000
0.0000000000000000 0.0000000000000000 0.0000000000000000 0.0000000000000000 0.0000000000000000 0.0000000000000000
0.0000000000000000 0.0000000000000000 0.0000000000000000 0.0000000000000000 0.0000000000000000 0.0000000000000000
0.0000000000000000 0.0000000000000000 0.0000000000000000 0.0000000000000000 0.0000000000000000 0.0000000000000000
0.1642632037401199 0.1642632037401199 0.1642632037401199 0.1642632037401199 0.1642632037401199 0.1642632037401199
0.1685350537300110 0.1685350537300110 0.1685350537300110 0.1685350537300110 0.1685350537300110 0.1685350537300110
0.1681130826473236 0.1681130826473236 0.1681130826473236 0.1681130826473236 0.1681130826473236 0.1681130826473236
0.1720838248729706 0.1720838248729706 0.1720838248729706 0.1720838248729706 0.1720838248729706 0.1720838248729706
0.0000000000000000 0.0000000000000000 0.0000000000000000 0.0000000000000000 0.0000000000000000 0.0000000000000000
0.0000000000000000 0.0000000000000000 0.0000000000000000 0.0000000000000000 0.0000000000000000 0.0000000000000000
1.0520616769790649 1.0520616769790649 1.0520616769790649 1.0520616769790649 0
1.0518010854721069 1.0518010854721069 1.0518010854721069 1.0518010854721069 0
1.0537244081497192 1.0537244081497192 1.0537244081497192 1.0537244081497192 0
1.0476491451263428 1.0476491451263428 1.0476491451263428 1.0476491451263428 0
1.0625295639038086 1.0625295639038086 1.0625295639038086 1.0625295639038086 0
1.0580157041549683 1.0580157041549683 1.0580157041549683 1.0580157041549683 0
1.0394654273986816 1.0394654273986816 1.0394654273986816 1.0394654273986816 0
1.0487551689147949 1.0487551689147949 1.0487551689147949 1.0487551689147949 0
1.0425817966461182 1.0425817966461182 1.0425817966461182 1.0425817966461182 0
1.0570530891418457 1.0570530891418457 1.0570530891418457 1.0570530891418457 0
1.0499092340469360 1.0499092340469360 1.0499092340469360 1.0499092340469360 0
1.0485712289810181 1.0485712289810181 1.0485712289810181 1.0485712289810181 0
1.0465159416198730 1.0465159416198730 1.0465159416198730 1.0465159416198730 0
1.0651718378067017 1.0651718378067017 1.0651718378067017 1.0651718378067017 0
1.0502781867980957 1.0502781867980957 1.0502781867980957 1.0502781867980957 0
1.0541565418243408 1.0541565418243408 1.0541565418243408 1.0541565418243408 0
1.0458031892776489 1.0458031892776489 1.0458031892776489 1.0458031892776489 0
1.0198005437850952 1.0198005437850952 1.0198005437850952 1.0198005437850952 0
1.0370156764984131 1.0370156764984131 1.0370156764984131 1.0370156764984131 0
1.0474095344543457 1.0474095344543457 1.0474095344543457 1.0474095344543457 0
1.0358558893203735 1.0358558893203735 1.0358558893203735 1.0358558893203735 0
1.0372036695480347 1.0372036695480347 1.0372036695480347 1.0372036695480347 0
1.0497440099716187 1.0497440099716187 1.0497440099716187 1.0497440099716187 0
1.0492215156555176 1.0492215156555176 1.0492215156555176 1.0492215156555176 0
1.0503088235855103 1.0503088235855103 1.0503088235855103 1.0503088235855103 0
1.0309362411499023 1.0309362411499023 1.0309362411499023 1.0309362411499023 0
1.0402749776840210 1.0402749776840210 1.0402749776840210 1.0402749776840210 0
1.0407599210739136 1.0407599210739136 1.0407599210739136 1.0407599210739136 0
1.0368025302886963 1.0368025302886963 1.0368025302886963 1.0368025302886963 0
1.0596610307693481 1.0596610307693481 1.0596610307693481 1.0596610307693481 0
1.0401703119277954 1.0401703119277954 1.0401703119277954 1.0401703119277954 0
1.0445327758789062 1.0445327758789062 1.0445327758789062 1.0445327758789062 0
1.0495500564575195 1.0495500564575195 1.0495500564575195 1.0495500564575195 0
1.0393335819244385 1.0393335819244385 1.0393335819244385 1.0393335819244385 0
1.0354245901107788 1.0354245901107788 1.0354245901107788 1.0354245901107788 0
1.0545210838317871 1.0545210838317871 1.0545210838317871 1.0545210838317871 0
1.0448250770568848 1.0448250770568848 1.0448250770568848 1.0448250770568848 0
1.0522121191024780 1.0522121191024780 1.0522121191024780 1.0522121191024780 0
1.0560538768768311 1.0560538768768311 1.0560538768768311 1.0560538768768311 0
1.0348465442657471 1.0348465442657471 1.0348465442657471 1.0348465442657471 0
1.0301001071929932 1.0301001071929932 1.0301001071929932 1.0301001071929932 0
1.0476504564285278 1.0476504564285278 1.0476504564285278 1.0476504564285278 0
1.0335400104522705 1.0335400104522705 1.0335400104522705 1.0335400104522705 0
1.0394223928451538 1.0394223928451538 1.0394223928451538 1.0394223928451538 0
1.0469460487365723 1.0469460487365723 1.0469460487365723 1.0469460487365723 0
1.0554059743881226 1.0554059743881226 1.0554059743881226 1.0554059743881226 0
1.0282534360885620 1.0282534360885620 1.0282534360885620 1.0282534360885620 0
1.0346299409866333 1.0346299409866333 1.0346299409866333 1.0346299409866333 0
1.0434411764144897 1.0434411764144897 1.0434411764144897 1.0434411764144897 0
1.0559993982315063 1.0559993982315063 1.0559993982315063 1.0559993982315063 0
1.0419219732284546 1.0419219732284546 1.0419219732284546 1.0419219732284546 0
1.0439360141754150 1.0439360141754150 1.0439360141754150 1.0439360141754150 0
1.0627533197402954 1.0627533197402954 1.0627533197402954 1.0627533197402954 0
1.0517598390579224 1.0517598390579224 1.0517598390579224 1.0517598390579224 0
1.0387799739837646 1.0387799739837646 1.0387799739837646 1.0387799739837646 0
1.0228952169418335 1.0228952169418335 1.0228952169418335 1.0228952169418335 0
1.0421233177185059 1.0421233177185059 1.0421233177185059 1.0421233177185059 0
1.0447210073471069 1.0447210073471069 1.0447210073471069 1.0447210073471069 0
1.0611253976821899 1.0611253976821899 1.0611253976821899 1.0611253976821899 0
1.0550734996795654 1.0550734996795654 1.0550734996795654 1.0550734996795654 0
1.0491474866867065 1.0491474866867065 1.0491474866867065 1.0491474866867065 0
1.0513302087783813 1.0513302087783813 1.0513302087783813 1.0513302087783813 0
1.0509958267211914 1.0509958267211914 1.0509958267211914 1.0509958267211914 0
1.0578827857971191 1.0578827857971191 1.0578827857971191 1.0578827857971191 0
0.0000000000000000 0.0000000000000000 0.0000000000000000 0.0000000000000000 0.0000000000000000 0.0000000000000000
0.0000000000000000 0.0000000000000000 0.0000000000000000 0.0000000000000000 0.0000000000000000 0.0000000000000000
0.0000000000000000 0.0000000000000000 0.0000000000000000 0.0000000000000000 0.0000000000000000 0.0000000000000000
0.0000000000000000 0.0000000000000000 0.0000000000000000 0.0000000000000000 0.0000000000000000 0.0000000000000000
0.0000000000000000 0.0000000000000000 0.0000000000000000 0.0000000000000000 0.0000000000000000 0.0000000000000000
0.0000000000000000 0.0000000000000000 0.0000000000000000 0.0000000000000000 0.0000000000000000 0.0000000000000000
0.0000000000000000 0.0000000000000000 0.0000000000000000 0.0000000000000000 0.0000000000000000 0.0000000000000000
0.1669319421052933 0.1669319421052933 0.1669319421052933 0.1669319421052933 0.1669319421052933 0.1669319421052933
0.0000000000000000 0.0000000000000000 0.0000000000000000 0.0000000000000000 0.0000000000000000 0.0000000000000000
0.1630592346191406 0.1630592346191406 0.1630592346191406 0.1630592346191406 0.1630592346191406 0.1630592346191406
0.1632905304431915 0.1632905304431915 0.1632905304431915 0.1632905304431915 0.1632905304431915 0.1632905304431915
0.1609540134668350 0.1609540134668350 0.1609540134668350 0.1609540134668350 0.1609540134668350 0.1609540134668350
0.1653433591127396 0.1653433591127396 0.1653433591127396 0.1653433591127396 0.1653433591127396 0.1653433591127396
0.1652367413043976 0.1652367413043976 0.1652367413043976 0.1652367413043976 0.1652367413043976 0.1652367413043976
0.1725793629884720 0.1725793629884720 0.1725793629884720 0.1725793629884720 0.1725793629884720 0.1725793629884720
0.1633574664592743 0.1633574664592743 0.1633574664592743 0.1633574664592743 0.1633574664592743 0.1633574664592743
0.1619380563497543 0.1619380563497543 0.1619380563497543 0.1619380563497543 0.1619380563497543 0.1619380563497543
0.1758342683315277 0.1758342683315277 0.1758342683315277 0.1758342683315277 0.1758342683315277 0.1758342683315277
0.0000000000000000 0.0000000000000000 0.0000000000000000 0.0000000000000000 0.0000000000000000 0.0000000000000000
0.1699642390012741 0.1699642390012741 0.1699642390012741 0.1699642390012741 0.1699642390012741 0.1699642390012741
0.0000000000000000 0.0000000000000000 0.0000000000000000 0.0000000000000000 0.0000000000000000 0.0000000000000000
0.0000000000000000 0.0000000000000000 0.0000000000000000 0.0000000000000000 0.0000000000000000 0.0000000000000000
0.0000000000000000 0.0000000000000000 0.0000000000000000 0.0000000000000000 0.0000000000000000 0.0000000000000000
0.0000000000000000 0.0000000000000000 0.0000000000000000 0.0000000000000000 0.0000000000000000 0.0000000000000000
0.0000000000000000 0.0000000000000000 0.0000000000000000 0.0000000000000000 0.0000000000000000 0.0000000000000000
0.0000000000000000 0.0000000000000000 0.0000000000000000 0.0000000000000000 0.0000000000000000 0.0000000000000000
0.0000000000000000 0.0000000000000000 0.0000000000000000 0.0000000000000000 0.0000000000000000 0.0000000000000000
0.0000000000000000 0.0000000000000000 0.0000000000000000 0.0000000000000000 0.0000000000000000 0.0000000000000000
0.0000000000000000 0.0000000000000000 0.0000000000000000 0.0000000000000000 0.0000000000000000 0.0000000000000000
0.0000000000000000 0.0000000000000000 0.0000000000000000 0.0000000000000000 0.0000000000000000 0.0000000000000000
0.0000000000000000 0.0000000000000000 0.0000000000000000 0.0000000000000000 0.0000000000000000 0.0000000000000000
0.0000000000000000 0.0000000000000000 0.0000000000000000 0.0000000000000000 0.0000000000000000 0.0000000000000000
0.0000000000000000 0.0000000000000000 0.0000000000000000 0.0000000000000000 0.0000000000000000 0.0000000000000000
0.1690152287483215 0.1690152287483215 0.1690152287483215 0.1690152287483215 0.1690152287483215 0.1690152287483215
0.0000000000000000 0.0000000000000000 0.0000000000000000 0.0000000000000000 0.0000000000000000 0.0000000000000000
0.1684171110391617 0.1684171110391617 0.1684171110391617 0.1684171110391617 0.1684171110391617 0.1684171110391617
0.1652101874351501 0.1652101874351501 0.1652101874351501 0.1652101874351501 0.1652101874351501 0.1652101874351501
0.0000000000000000 0.0000000000000000 0.0000000000000000 0.0000000000000000 0.0000000000000000 0.0000000000000000
0.0000000000000000 0.0000000000000000 0.0000000000000000 0.0000000000000000 0.0000000000000000 0.0000000000000000
0.0000000000000000 0.0000000000000000 0.0000000000000000 0.0000000000000000 0.0000000000000000 0.0000000000000000
0.0000000000000000 0.0000000000000000 0.0000000000000000 0.0000000000000000 0.0000000000000000 0.0000000000000000
0.0000000000000000 0.0000000000000000 0.0000000000000000 0.0000000000000000 0.0000000000000000 0.0000000000000000
0.0000000000000000 0.0000000000000000 0.0000000000000000 0.0000000000000000 0.0000000000000000 0.0000000000000000
0.0000000000000000 0.0000000000000000 0.0000000000000000 0.0000000000000000 0.0000000000000000 0.0000000000000000
0.0000000000000000 0.0000000000000000 0.0000000000000000 0.0000000000000000 0.0000000000000000 0.0000000000000000
0.0000000000000000 0.0000000000000000 0.0000000000000000 0.0000000000000000 0.0000000000000000 0.0000000000000000
0.0000000000000000 0.0000000000000000 0.0000000000000000 0.0000000000000000 0.0000000000000000 0.0000000000000000
0.0000000000000000 0.0000000000000000 0.0000000000000000 0.0000000000000000 0.0000000000000000 0.0000000000000000
0.0000000000000000 0.0000000000000000 0.0000000000000000 0.0000000000000000 0.0000000000000000 0.0000000000000000
0.0000000000000000 0.0000000000000000 0.0000000000000000 0.0000000000000000 0.0000000000000000 0.0000000000000000
0.0000000000000000 0.0000000000000000 0.0000000000000000 0.0000000000000000 0.0000000000000000 0.0000000000000000
0.0000000000000000 0.0000000000000000 0.0000000000000000 0.0000000000000000 0.0000000000000000 0.0000000000000000
0.0000000000000000 0.0000000000000000 0.0000000000000000 0.0000000000000000 0.0000000000000000 0.0000000000000000
0.0000000000000000 0.0000000000000000 0.0000000000000000 0.0000000000000000 0.0000000000000000 0.0000000000000000
0.1616359353065491 0.1616359353065491 0.1616359353065491 0.1616359353065491 0.1616359353065491 0.1616359353065491
0.0000000000000000 0.0000000000000000 0.0000000000000000 0.0000000000000000 0.0000000000000000 0.0000000000000000
0.0000000000000000 0.0000000000000000 0.0000000000000000 0.0000000000000000 0.0000000000000000 0.0000000000000000
0.0000000000000000 0.0000000000000000 0.0000000000000000 0.0000000000000000 0.0000000000000000 0.0000000000000000
0.0000000000000000 0.0000000000000000 0.0000000000000000 0.0000000000000000 0.0000000000000000 0.0000000000000000
0.0000000000000000 0.0000000000000000 0.0000000000000000 0.0000000000000000 0.0000000000000000 0.0000000000000000
0.0000000000000000 0.0000000000000000 0.0000000000000000 0.0000000000000000 0.0000000000000000 0.0000000000000000
0.0000000000000000 0.0000000000000000 0.0000000000000000 0.0000000000000000 0.0000000000000000 0.0000000000000000
0.0000000000000000 0.0000000000000000 0.0000000000000000 0.0000000000000000 0.0000000000000000 0.0000000000000000
0.0000000000000000 0.0000000000000000 0.0000000000000000 0.0000000000000000 0.0000000000000000 0.0000000000000000
0.0000000000000000 0.0000000000000000 0.0000000000000000 0.0000000000000000 0.0000000000000000 0.0000000000000000
0.0000000000000000 0.0000000000000000 0.0000000000000000 0.0000000000000000 0.0000000000000000 0.0000000000000000
0.0000000000000000 0.0000000000000000 0.0000000000000000 0.0000000000000000 0.0000000000000000 0.0000000000000000
0.1614754796028137 0.1614754796028137 0.1614754796028137 0.1614754796028137 0.1614754796028137 0.1614754796028137
0.0000000000000000 0.0000000000000000 0.0000000000000000 0.0000000000000000 0.0000000000000000 0.0000000000000000
0.0000000000000000 0.0000000000000000 0.0000000000000000 0.0000000000000000 0.0000000000000000 0.0000000000000000
0.0000000000000000 0.0000000000000000 0.0000000000000000 0.0000000000000000 0.0000000000000000 0.0000000000000000
0.0000000000000000 0.0000000000000000 0.0000000000000000 0.0000000000000000 0.0000000000000000 0.0000000000000000
0.0000000000000000 0.0000000000000000 0.0000000000000000 0.0000000000000000 0.0000000000000000 0.0000000000000000
0.0000000000000000 0.0000000000000000 0.0000000000000000 0.0000000000000000 0.0000000000000000 0.0000000000000000
0.0000000000000000 0.0000000000000000 0.0000000000000000 0.0000000000000000 0.0000000000000000 0.0000000000000000
0.0000000000000000 0.0000000000000000 0.0000000000000000 0.0000000000000000 0.0000000000000000 0.0000000000000000
0.0000000000000000 0.0000000000000000 0.0000000000000000 0.0000000000000000 0.0000000000000000 0.0000000000000000
0.0000000000000000 0.0000000000000000 0.0000000000000000 0.0000000000000000 0.0000000000000000 0.0000000000000000
0.0000000000000000 0.0000000000000000 0.0000000000000000 0.0000000000000000 0.0000000000000000 0.0000000000000000
0.0000000000000000 0.0000000000000000 0.0000000000000000 0.0000000000000000 0.0000000000000000 0.0000000000000000
0.0000000000000000 0.0000000000000000 0.0000000000000000 0.0000000000000000 0.0000000000000000 0.0000000000000000
0.0000000000000000 0.0000000000000000 0.0000000000000000 0.0000000000000000 0.0000000000000000 0.0000000000000000
0.0000000000000000 0.0000000000000000 0.0000000000000000 0.0000000000000000 0.0000000000000000 0.0000000000000000
0.0000000000000000 0.0000000000000000 0.0000000000000000 0.0000000000000000 0.0000000000000000 0.0000000000000000
0.1674223989248276 0.1674223989248276 0.1674223989248276 0.1674223989248276 0.1674223989248276 0.1674223989248276
0.0000000000000000 0.0000000000000000 0.0000000000000000 0.0000000000000000 0.0000000000000000 0.0000000000000000
0.0000000000000000 0.0000000000000000 0.0000000000000000 0.0000000000000000 0.0000000000000000 0.0000000000000000
0.0000000000000000 0.0000000000000000 0.0000000000000000 0.0000000000000000 0.0000000000000000 0.0000000000000000
0.0000000000000000 0.0000000000000000 0.0000000000000000 0.0000000000000000 0.0000000000000000 0.0000000000000000
0.0000000000000000 0.0000000000000000 0.0000000000000000 0.0000000000000000 0.0000000000000000 0.0000000000000000
0.0000000000000000 0.0000000000000000 0.0000000000000000 0.0000000000000000 0.0000000000000000 0.0000000000000000
0.0000000000000000 0.0000000000000000 0.0000000000000000 0.0000000000000000 0.0000000000000000 0.0000000000000000
0.0000000000000000 0.0000000000000000 0.0000000000000000 0.0000000000000000 0.0000000000000000 0.0000000000000000
0.0000000000000000 0.0000000000000000 0.0000000000000000 0.0000000000000000 0.0000000000000000 0.0000000000000000
0.0000000000000000 0.0000000000000000 0.0000000000000000 0.0000000000000000 0.0000000000000000 0.0000000000000000
0.0000000000000000 0.0000000000000000 0.0000000000000000 0.0000000000000000 0.0000000000000000 0.0000000000000000
0.0000000000000000 0.0000000000000000 0.0000000000000000 0.0000000000000000 0.0000000000000000 0.0000000000000000
0.1625207513570786 0.1625207513570786 0.1625207513570786 0.1625207513570786 0.1625207513570786 0.1625207513570786
0.1662895679473877 0.1662895679473877 0.1662895679473877 0.1662895679473877 0.1662895679473877 0.1662895679473877
0.0000000000000000 0.0000000000000000 0.0000000000000000 0.0000000000000000 0.0000000000000000 0.0000000000000000
0.0000000000000000 0.0000000000000000 0.0000000000000000 0.0000000000000000 0.0000000000000000 0.0000000000000000
0.0000000000000000 0.0000000000000000 0.0000000000000000 0.0000000000000000 0.0000000000000000 0.0000000000000000
0.0000000000000000 0.0000000000000000 0.0000000000000000 0.0000000000000000 0.0000000000000000 0.0000000000000000
0.0000000000000000 0.0000000000000000 0.0000000000000000 0.0000000000000000 0.0000000000000000 0.0000000000000000
0.1673025190830231 0.1673025190830231 0.1673025190830231 0.1673025190830231 0.1673025190830231 0.1673025190830231
0.0000000000000000 0.0000000000000000 0.0000000000000000 0.0000000000000000 0.0000000000000000 0.0000000000000000
0.0000000000000000 0.0000000000000000 0.0000000000000000 0.0000000000000000 0.0000000000000000 0.0000000000000000
0.1630456447601318 0.1630456447601318 0.1630456447601318 0.1630456447601318 0.1630456447601318 0.1630456447601318
0.0000000000000000 0.0000000000000000 0.0000000000000000 0.0000000000000000 0.0000000000000000 0.0000000000000000
0.0000000000000000 0.0000000000000000 0.0000000000000000 0.0000000000000000 0.0000000000000000 0.0000000000000000
0.0000000000000000 0.0000000000000000 0.0000000000000000 0.0000000000000000 0.0000000000000000 0.0000000000000000
0.1721162050962448 0.1721162050962448 0.1721162050962448 0.1721162050962448 0.1721162050962448 0.1721162050962448
0.1696404069662094 0.1696404069662094 0.1696404069662094 0.1696404069662094 0.1696404069662094 0.1696404069662094
0.1751341372728348 0.1751341372728348 0.1751341372728348 0.1751341372728348 0.1751341372728348 0.1751341372728348
0.1766658276319504 0.1766658276319504 0.1766658276319504 0.1766658276319504 0.1766658276319504 0.1766658276319504
0.0000000000000000 0.0000000000000000 0.0000000000000000 0.0000000000000000 0.0000000000000000 0.0000000000000000
0.1614725738763809 0.1614725738763809 0.1614725738763809 0.1614725738763809 0.1614725738763809 0.1614725738763809
0.0000000000000000 0.0000000000000000 0.0000000000000000 0.0000000000000000 0.0000000000000000 0.0000000000000000
0.0000000000000000 0.0000000000000000 0.0000000000000000 0.0000000000000000 0.0000000000000000 0.0000000000000000
0.0000000000000000 0.0000000000000000 0.0000000000000000 0.0000000000000000 0.0000000000000000 0.0000000000000000
0.0000000000000000 0.0000000000000000 0.0000000000000000 0.0000000000000000 0.0000000000000000 0.0000000000000000
0.1623281687498093 0.1623281687498093 0.1623281687498093 0.1623281687498093 0.1623281687498093 0.1623281687498093
0.0000000000000000 0.0000000000000000 0.0000000000000000 0.0000000000000000 0.0000000000000000 0.0000000000000000
0.0000000000000000 0.0000000000000000 0.0000000000000000 0.0000000000000000 0.0000000000000000 0.0000000000000000
0.1761280596256256 0.1761280596256256 0.1761280596256256 0.1761280596256256 0.1761280596256256 0.1761280596256256
0.0000000000000000 0.0000000000000000 0.0000000000000000 0.0000000000000000 0.0000000000000000 0.0000000000000000
0.1676962822675705 0.1676962822675705 0.1676962822675705 0.1676962822675705 0.1676962822675705 0.1676962822675705
0.0000000000000000 0.0000000000000000 0.0000000000000000 0.0000000000000000 0.0000000000000000 0.0000000000000000
1.0278089046478271 1.0278089046478271 1.0278089046478271 1.0278089046478271 0
1.0354770421981812 1.0354770421981812 1.0354770421981812 1.0354770421981812 0
1.0658755302429199 1.0658755302429199 1.0658755302429199 1.0658755302429199 0
1.0578274726867676 1.0578274726867676 1.0578274726867676 1.0578274726867676 0
1.0599641799926758 1.0599641799926758 1.0599641799926758 1.0599641799926758 0
1.0489085912704468 1.0489085912704468 1.0489085912704468 1.0489085912704468 0
1.0265043973922729 1.0265043973922729 1.0265043973922729 1.0265043973922729 0
1.0662076473236084 1.0662076473236084 1.0662076473236084 1.0662076473236084 0
1.0266332626342773 1.0266332626342773 1.0266332626342773 1.0266332626342773 0
1.0589630603790283 1.0589630603790283 1.0589630603790283 1.0589630603790283 0
1.0729722976684570 1.0729722976684570 1.0729722976684570 1.0729722976684570 0
1.0629292726516724 1.0629292726516724 1.0629292726516724 1.0629292726516724 0
1.0445597171783447 1.0445597171783447 1.0445597171783447 1.0445597171783447 0
1.0578106641769409 1.0578106641769409 1.0578106641769409 1.0578106641769409 0
1.0545891523361206 1.0545891523361206 1.0545891523361206 1.0545891523361206 0
1.0560888051986694 1.0560888051986694 1.0560888051986694 1.0560888051986694 0
1.0633164644241333 1.0633164644241333 1.0633164644241333 1.0633164644241333 0
1.0403171777725220 1.0403171777725220 1.0403171777725220 1.0403171777725220 0
1.0599058866500854 1.0599058866500854 1.0599058866500854 1.0599058866500854 0
1.0556727647781372 1.0556727647781372 1.0556727647781372 1.0556727647781372 0
1.0489099025726318 1.0489099025726318 1.0489099025726318 1.0489099025726318 0
1.0526177883148193 1.0526177883148193 1.0526177883148193 1.0526177883148193 0
1.0587774515151978 1.0587774515151978 1.0587774515151978 1.0587774515151978 0
1.0531132221221924 1.0531132221221924 1.0531132221221924 1.0531132221221924 0
1.0441806316375732 1.0441806316375732 1.0441806316375732 1.0441806316375732 0
1.0357183218002319 1.0357183218002319 1.0357183218002319 1.0357183218002319 0
1.0267802476882935 1.0267802476882935 1.0267802476882935 1.0267802476882935 0
1.0180886983871460 1.0180886983871460 1.0180886983871460 1.0180886983871460 0
1.0413328409194946 1.0413328409194946 1.0413328409194946 1.0413328409194946 0
1.0458943843841553 1.0458943843841553 1.0458943843841553 1.0458943843841553 0
1.0465158224105835 1.0465158224105835 1.0465158224105835 1.0465158224105835 0
1.0441128015518188 1.0441128015518188 1.0441128015518188 1.0441128015518188 0
1.0494265556335449 1.0494265556335449 1.0494265556335449 1.0494265556335449 0
1.0140514373779297 1.0140514373779297 1.0140514373779297 1.0140514373779297 0
1.0153975486755371 1.0153975486755371 1.0153975486755371 1.0153975486755371 0
1.0396294593811035 1.0396294593811035 1.0396294593811035 1.0396294593811035 0
1.0481977462768555 1.0481977462768555 1.0481977462768555 1.0481977462768555 0
1.0565392971038818 1.0565392971038818 1.0565392971038818 1.0565392971038818 0
1.0548931360244751 1.0548931360244751 1.0548931360244751 1.0548931360244751 0
1.0366897583007812 1.0366897583007812 1.0366897583007812 1.0366897583007812 0
1.0449999570846558 1.0449999570846558 1.0449999570846558 1.0449999570846558 0
1.0332100391387939 1.0332100391387939 1.0332100391387939 1.0332100391387939 0
1.0477584600448608 1.0477584600448608 1.0477584600448608 1.0477584600448608 0
1.0488089323043823 1.0488089323043823 1.0488089323043823 1.0488089323043823 0
1.0461108684539795 1.0461108684539795 1.0461108684539795 1.0461108684539795 0
1.0517486333847046 1.0517486333847046 1.0517486333847046 1.0517486333847046 0
1.0412331819534302 1.0412331819534302 1.0412331819534302 1.0412331819534302 0
1.0370905399322510 1.0370905399322510 1.0370905399322510 1.0370905399322510 0
1.0242276191711426 1.0242276191711426 1.0242276191711426 1.0242276191711426 0
1.0471395254135132 1.0471395254135132 1.0471395254135132 1.0471395254135132 0
1.0525076389312744 1.0525076389312744 1.0525076389312744 1.0525076389312744 0
1.0665509700775146 1.0665509700775146 1.0665509700775146 1.0665509700775146 0
1.0549017190933228 1.0549017190933228 1.0549017190933228 1.0549017190933228 0
1.0593094825744629 1.0593094825744629 1.0593094825744629 1.0593094825744629 0
1.0341455936431885 1.0341455936431885 1.0341455936431885 1.0341455936431885 0
1.0428984165191650 1.0428984165191650 1.0428984165191650 1.0428984165191650 0
1.0555658340454102 1.0555658340454102 1.0555658340454102 1.0555658340454102 0
1.0445289611816406 1.0445289611816406 1.0445289611816406 1.0445289611816406 0
1.0732684135437012 1.0732684135437012 1.0732684135437012 1.0732684135437012 0
1.0618530511856079 1.0618530511856079 1.0618530511856079 1.0618530511856079 0
1.0788685083389282 1.0788685083389282 1.0788685083389282 1.0788685083389282 0
1.0595517158508301 1.0595517158508301 1.0595517158508301 1.0595517158508301 0
1.0427640676498413 1.0427640676498413 1.0427640676498413 1.0427640676498413 0
1.0534594058990479 1.0534594058990479 1.0534594058990479 1.0534594058990479 0
0.0000000000000000 0.0000000000000000 0.0000000000000000 0.0000000000000000 0.0000000000000000 0.0000000000000000
0.0000000000000000 0.0000000000000000 0.0000000000000000 0.0000000000000000 0.0000000000000000 0.0000000000000000
0.0000000000000000 0.0000000000000000 0.0000000000000000 0.0000000000000000 0.0000000000000000 0.0000000000000000
0.0000000000000000 0.0000000000000000 0.0000000000000000 0.0000000000000000 0.0000000000000000 0.0000000000000000
0.0000000000000000 0.0000000000000000 0.0000000000000000 0.0000000000000000 0.0000000000000000 0.0000000000000000
0.0000000000000000 0.0000000000000000 0.0000000000000000 0.0000000000000000 0.0000000000000000 0.0000000000000000
0.0000000000000000 0.0000000000000000 0.0000000000000000 0.0000000000000000 0.0000000000000000 0.0000000000000000
0.1629983782768250 0.1629983782768250 0.1629983782768250 0.1629983782768250 0.1629983782768250 0.1629983782768250
0.1770910620689392 0.1770910620689392 0.1770910620689392 0.1770910620689392 0.1770910620689392 0.1770910620689392
0.1648132503032684 0.1648132503032684 0.1648132503032684 0.1648132503032684 0.1648132503032684 0.1648132503032684
0.1610050499439240 0.1610050499439240 0.1610050499439240 0.1610050499439240 0.1610050499439240 0.1610050499439240
0.1717392802238464 0.1717392802238464 0.1717392802238464 0.1717392802238464 0.1717392802238464 0.1717392802238464
0.1723283678293228 0.1723283678293228 0.1723283678293228 0.1723283678293228 0.1723283678293228 0.1723283678293228
0.1608025729656219 0.1608025729656219 0.1608025729656219 0.1608025729656219 0.1608025729656219 0.1608025729656219
0.1757393777370453 0.1757393777370453 0.1757393777370453 0.1757393777370453 0.1757393777370453 0.1757393777370453
0.1772339940071106 0.1772339940071106 0.1772339940071106 0.1772339940071106 0.1772339940071106 0.1772339940071106
0.0000000000000000 0.0000000000000000 0.0000000000000000 0.0000000000000000 0.0000000000000000 0.0000000000000000
0.1610925346612930 0.1610925346612930 0.1610925346612930 0.1610925346612930 0.1610925346612930 0.1610925346612930
0.1687111854553223 0.1687111854553223 0.1687111854553223 0.1687111854553223 0.1687111854553223 0.1687111854553223
0.1669160872697830 0.1669160872697830 0.1669160872697830 0.1669160872697830 0.1669160872697830 0.1669160872697830
0.1608307808637619 0.1608307808637619 0.1608307808637619 0.1608307808637619 0.1608307808637619 0.1608307808637619
0.0000000000000000 0.0000000000000000 0.0000000000000000 0.0000000000000000 0.0000000000000000 0.0000000000000000
0.1610864996910095 0.1610864996910095 0.1610864996910095 0.1610864996910095 0.1610864996910095 0.1610864996910095
0.1681417673826218 0.1681417673826218 0.1681417673826218 0.1681417673826218 0.1681417673826218 0.1681417673826218
0.0000000000000000 0.0000000000000000 0.0000000000000000 0.0000000000000000 0.0000000000000000 0.0000000000000000
0.0000000000000000 0.0000000000000000 0.0000000000000000 0.0000000000000000 0.0000000000000000 0.0000000000000000
0.0000000000000000 0.0000000000000000 0.0000000000000000 0.0000000000000000 0.0000000000000000 0.0000000000000000
0.1726512759923935 0.1726512759923935 0.1726512759923935 0.1726512759923935 0.1726512759923935 0.1726512759923935
0.0000000000000000 0.0000000000000000 0.0000000000000000 0.0000000000000000 0.0000000000000000 0.0000000000000000
0.1707721650600433 0.1707721650600433 0.1707721650600433 0.1707721650600433 0.1707721650600433 0.1707721650600433
0.1670152992010117 0.1670152992010117 0.1670152992010117 0.1670152992010117 0.1670152992010117 0.1670152992010117
0.0000000000000000 0.0000000000000000 0.0000000000000000 0.0000000000000000 0.0000000000000000 0.0000000000000000
0.1688475161790848 0.1688475161790848 0.1688475161790848 0.1688475161790848 0.1688475161790848 0.1688475161790848
0.0000000000000000 0.0000000000000000 0.0000000000000000 0.0000000000000000 0.0000000000000000 0.0000000000000000
0.0000000000000000 0.0000000000000000 0.0000000000000000 0.0000000000000000 0.0000000000000000 0.0000000000000000
0.1677504777908325 0.1677504777908325 0.1677504777908325 0.1677504777908325 0.1677504777908325 0.1677504777908325
0.0000000000000000 0.0000000000000000 0.0000000000000000 0.0000000000000000 0.0000000000000000 0.0000000000000000
0.1839335113763809 0.1839335113763809 0.1839335113763809 0.1839335113763809 0.1839335113763809 0.1839335113763809
0.1682474464178085 0.1682474464178085 0.1682474464178085 0.1682474464178085 0.1682474464178085 0.1682474464178085
0.1617816388607025 0.1617816388607025 0.1617816388607025 0.1617816388607025 0.1617816388607025 0.1617816388607025
0.0000000000000000 0.0000000000000000 0.0000000000000000 0.0000000000000000 0.0000000000000000 0.0000000000000000
0.1727323234081268 0.1727323234081268 0.1727323234081268 0.1727323234081268 0.1727323234081268 0.1727323234081268
0.1644674688577652 0.1644674688577652 0.1644674688577652 0.1644674688577652 0.1644674688577652 0.1644674688577652
0.1680055111646652 0.1680055111646652 0.1680055111646652 0.1680055111646652 0.1680055111646652 0.1680055111646652
0.0000000000000000 0.0000000000000000 0.0000000000000000 0.0000000000000000 0.0000000000000000 0.0000000000000000
0.1699244379997253 0.1699244379997253 0.1699244379997253 0.1699244379997253 0.1699244379997253 0.1699244379997253
0.0000000000000000 0.0000000000000000 0.0000000000000000 0.0000000000000000 0.0000000000000000 0.0000000000000000
0.0000000000000000 0.0000000000000000 0.0000000000000000 0.0000000000000000 0.0000000000000000 0.0000000000000000
0.0000000000000000 0.0000000000000000 0.0000000000000000 0.0000000000000000 0.0000000000000000 0.0000000000000000
0.0000000000000000 0.0000000000000000 0.0000000000000000 0.0000000000000000 0.0000000000000000 0.0000000000000000
0.0000000000000000 0.0000000000000000 0.0000000000000000 0.0000000000000000 0.0000000000000000 0.0000000000000000
0.1648956239223480 0.1648956239223480 0.1648956239223480 0.1648956239223480 0.1648956239223480 0.1648956239223480
0.0000000000000000 0.0000000000000000 0.0000000000000000 0.0000000000000000 0.0000000000000000 0.0000000000000000
0.1726012825965881 0.1726012825965881 0.1726012825965881 0.1726012825965881 0.1726012825965881 0.1726012825965881
0.1772772818803787 0.1772772818803787 0.1772772818803787 0.1772772818803787 0.1772772818803787 0.1772772818803787
0.0000000000000000 0.0000000000000000 0.0000000000000000 0.0000000000000000 0.0000000000000000 0.0000000000000000
0.0000000000000000 0.0000000000000000 0.0000000000000000 0.0000000000000000 0.0000000000000000 0.0000000000000000
0.0000000000000000 0.0000000000000000 0.0000000000000000 0.0000000000000000 0.0000000000000000 0.0000000000000000
0.0000000000000000 0.0000000000000000 0.0000000000000000 0.0000000000000000 0.0000000000000000 0.0000000000000000
0.0000000000000000 0.0000000000000000 0.0000000000000000 0.0000000000000000 0.0000000000000000 0.0000000000000000
0.0000000000000000 0.0000000000000000 0.0000000000000000 0.0000000000000000 0.0000000000000000 0.0000000000000000
0.0000000000000000 0.0000000000000000 0.0000000000000000 0.0000000000000000 0.0000000000000000 0.0000000000000000
0.0000000000000000 0.0000000000000000 0.0000000000000000 0.0000000000000000 0.0000000000000000 0.0000000000000000
0.0000000000000000 0.0000000000000000 0.0000000000000000 0.0000000000000000 0.0000000000000000 0.0000000000000000
0.0000000000000000 0.0000000000000000 0.0000000000000000 0.0000000000000000 0.0000000000000000 0.0000000000000000
0.0000000000000000 0.0000000000000000 0.0000000000000000 0.0000000000000000 0.0000000000000000 0.0000000000000000
0.0000000000000000 0.0000000000000000 0.0000000000000000 0.0000000000000000 0.0000000000000000 0.0000000000000000
0.0000000000000000 0.0000000000000000 0.0000000000000000 0.0000000000000000 0.0000000000000000 0.0000000000000000
0.0000000000000000 0.0000000000000000 0.0000000000000000 0.0000000000000000 0.0000000000000000 0.0000000000000000
0.0000000000000000 0.0000000000000000 0.0000000000000000 0.0000000000000000 0.0000000000000000 0.0000000000000000
0.0000000000000000 0.0000000000000000 0.0000000000000000 0.0000000000000000 0.0000000000000000 0.0000000000000000
0.0000000000000000 0.0000000000000000 0.0000000000000000 0.0000000000000000 0.0000000000000000 0.0000000000000000
0.0000000000000000 0.0000000000000000 0.0000000000000000 0.0000000000000000 0.0000000000000000 0.0000000000000000
0.0000000000000000 0.0000000000000000 0.0000000000000000 0.0000000000000000 0.0000000000000000 0.0000000000000000
0.0000000000000000 0.0000000000000000 0.0000000000000000 0.0000000000000000 0.0000000000000000 0.0000000000000000
0.0000000000000000 0.0000000000000000 0.0000000000000000 0.0000000000000000 0.0000000000000000 0.0000000000000000
0.0000000000000000 0.0000000000000000 0.0000000000000000 0.0000000000000000 0.0000000000000000 0.0000000000000000
0.0000000000000000 0.0000000000000000 0.0000000000000000 0.0000000000000000 0.0000000000000000 0.0000000000000000
0.0000000000000000 0.0000000000000000 0.0000000000000000 0.0000000000000000 0.0000000000000000 0.0000000000000000
0.0000000000000000 0.0000000000000000 0.0000000000000000 0.0000000000000000 0.0000000000000000 0.0000000000000000
0.0000000000000000 0.0000000000000000 0.0000000000000000 0.0000000000000000 0.0000000000000000 0.0000000000000000
0.0000000000000000 0.0000000000000000 0.0000000000000000 0.0000000000000000 0.0000000000000000 0.0000000000000000
0.0000000000000000 0.0000000000000000 0.0000000000000000 0.0000000000000000 0.0000000000000000 0.0000000000000000
0.0000000000000000 0.0000000000000000 0.0000000000000000 0.0000000000000000 0.0000000000000000 0.0000000000000000
0.0000000000000000 0.0000000000000000 0.0000000000000000 0.0000000000000000 0.0000000000000000 0.0000000000000000
0.0000000000000000 0.0000000000000000 0.0000000000000000 0.0000000000000000 0.0000000000000000 0.0000000000000000
0.1623041331768036 0.1623041331768036 0.1623041331768036 0.1623041331768036 0.1623041331768036 0.1623041331768036
0.0000000000000000 0.0000000000000000 0.0000000000000000 0.0000000000000000 0.0000000000000000 0.0000000000000000
0.0000000000000000 0.0000000000000000 0.0000000000000000 0.0000000000000000 0.0000000000000000 0.0000000000000000
0.0000000000000000 0.0000000000000000 0.0000000000000000 0.0000000000000000 0.0000000000000000 0.0000000000000000
0.0000000000000000 0.0000000000000000 0.0000000000000000 0.0000000000000000 0.0000000000000000 0.0000000000000000
0.0000000000000000 0.0000000000000000 0.0000000000000000 0.0000000000000000 0.0000000000000000 0.0000000000000000
0.0000000000000000 0.0000000000000000 0.0000000000000000 0.0000000000000000 0.0000000000000000 0.0000000000000000
0.0000000000000000 0.0000000000000000 0.0000000000000000 0.0000000000000000 0.0000000000000000 0.0000000000000000
0.0000000000000000 0.0000000000000000 0.0000000000000000 0.0000000000000000 0.0000000000000000 0.0000000000000000
0.0000000000000000 0.0000000000000000 0.0000000000000000 0.0000000000000000 0.0000000000000000 0.0000000000000000
0.0000000000000000 0.0000000000000000 0.0000000000000000 0.0000000000000000 0.0000000000000000 0.0000000000000000
0.0000000000000000 0.0000000000000000 0.0000000000000000 0.0000000000000000 0.0000000000000000 0.0000000000000000
0.1630618274211884 0.1630618274211884 0.1630618274211884 0.1630618274211884 0.1630618274211884 0.1630618274211884
0.1631857305765152 0.1631857305765152 0.1631857305765152 0.1631857305765152 0.1631857305765152 0.1631857305765152
0.0000000000000000 0.0000000000000000 0.0000000000000000 0.0000000000000000 0.0000000000000000 0.0000000000000000
0.0000000000000000 0.0000000000000000 0.0000000000000000 0.0000000000000000 0.0000000000000000 0.0000000000000000
0.0000000000000000 0.0000000000000000 0.0000000000000000 0.0000000000000000 0.0000000000000000 0.0000000000000000
0.0000000000000000 0.0000000000000000 0.0000000000000000 0.0000000000000000 0.0000000000000000 0.0000000000000000
0.0000000000000000 0.0000000000000000 0.0000000000000000 0.0000000000000000 0.0000000000000000 0.0000000000000000
0.0000000000000000 0.0000000000000000 0.0000000000000000 0.0000000000000000 0.0000000000000000 0.0000000000000000
0.0000000000000000 0.0000000000000000 0.0000000000000000 0.0000000000000000 0.0000000000000000 0.0000000000000000
0.0000000000000000 0.0000000000000000 0.0000000000000000 0.0000000000000000 0.0000000000000000 0.0000000000000000
0.0000000000000000 0.0000000000000000 0.0000000000000000 0.0000000000000000 0.0000000000000000 0.0000000000000000
0.1633184999227524 0.1633184999227524 0.1633184999227524 0.1633184999227524 0.1633184999227524 0.1633184999227524
0.0000000000000000 0.0000000000000000 0.0000000000000000 0.0000000000000000 0.0000000000000000 0.0000000000000000
0.1637332290410995 0.1637332290410995 0.1637332290410995 0.1637332290410995 0.1637332290410995 0.1637332290410995
0.1768981069326401 0.1768981069326401 0.1768981069326401 0.1768981069326401 0.1768981069326401 0.1768981069326401
0.1637687981128693 0.1637687981128693 0.1637687981128693 0.1637687981128693 0.1637687981128693 0.1637687981128693
0.1728252619504929 0.1728252619504929 0.1728252619504929 0.1728252619504929 0.1728252619504929 0.1728252619504929
0.0000000000000000 0.0000000000000000 0.0000000000000000 0.0000000000000000 0.0000000000000000 0.0000000000000000
0.1608821302652359 0.1608821302652359 0.1608821302652359 0.1608821302652359 0.1608821302652359 0.1608821302652359
0.0000000000000000 0.0000000000000000 0.0000000000000000 0.0000000000000000 0.0000000000000000 0.0000000000000000
0.0000000000000000 0.0000000000000000 0.0000000000000000 0.0000000000000000 0.0000000000000000 0.0000000000000000
0.0000000000000000 0.0000000000000000 0.0000000000000000 0.0000000000000000 0.0000000000000000 0.0000000000000000
0.0000000000000000 0.0000000000000000 0.0000000000000000 0.0000000000000000 0.0000000000000000 0.0000000000000000
0.0000000000000000 0.0000000000000000 0.0000000000000000 0.0000000000000000 0.0000000000000000 0.0000000000000000
0.0000000000000000 0.0000000000000000 0.0000000000000000 0.0000000000000000 0.0000000000000000 0.0000000000000000
0.0000000000000000 0.0000000000000000 0.0000000000000000 0.0000000000000000 0.0000000000000000 0.0000000000000000
0.1647928506135941 0.1647928506135941 0.1647928506135941 0.1647928506135941 0.1647928506135941 0.1647928506135941
0.1722030043601990 0.1722030043601990 0.1722030043601990 0.1722030043601990 0.1722030043601990 0.1722030043601990
0.1628644466400146 0.1628644466400146 0.1628644466400146 0.1628644466400146 0.1628644466400146 0.1628644466400146
0.0000000000000000 0.0000000000000000 0.0000000000000000 0.0000000000000000 0.0000000000000000 0.0000000000000000
1.0674762725830078 1.0674762725830078 1.0674762725830078 1.0674762725830078 0
1.0490758419036865 1.0490758419036865 1.0490758419036865 1.0490758419036865 0
1.0701447725296021 1.0701447725296021 1.0701447725296021 1.0701447725296021 0
1.0458406209945679 1.0458406209945679 1.0458406209945679 1.0458406209945679 0
1.0620507001876831 1.0620507001876831 1.0620507001876831 1.0620507001876831 0
1.0595353841781616 1.0595353841781616 1.0595353841781616 1.0595353841781616 0
1.0371619462966919 1.0371619462966919 1.0371619462966919 1.0371619462966919 0
1.0578752756118774 1.0578752756118774 1.0578752756118774 1.0578752756118774 0
1.0467823743820190 1.0467823743820190 1.0467823743820190 1.0467823743820190 0
1.0551769733428955 1.0551769733428955 1.0551769733428955 1.0551769733428955 0
1.0500808954238892 1.0500808954238892 1.0500808954238892 1.0500808954238892 0
1.0440294742584229 1.0440294742584229 1.0440294742584229 1.0440294742584229 0
1.0537151098251343 1.0537151098251343 1.0537151098251343 1.0537151098251343 0
1.0614491701126099 1.0614491701126099 1.0614491701126099 1.0614491701126099 0
1.0414429903030396 1.0414429903030396 1.0414429903030396 1.0414429903030396 0
1.0458219051361084 1.0458219051361084 1.0458219051361084 1.0458219051361084 0
1.0498548746109009 1.0498548746109009 1.0498548746109009 1.0498548746109009 0
1.0156143903732300 1.0156143903732300 1.0156143903732300 1.0156143903732300 0
1.0377305746078491 1.0377305746078491 1.0377305746078491 1.0377305746078491 0
1.0487426519393921 1.0487426519393921 1.0487426519393921 1.0487426519393921 0
1.0404034852981567 1.0404034852981567 1.0404034852981567 1.0404034852981567 0
1.0422472953796387 1.0422472953796387 1.0422472953796387 1.0422472953796387 0
1.0544110536575317 1.0544110536575317 1.0544110536575317 1.0544110536575317 0
1.0352177619934082 1.0352177619934082 1.0352177619934082 1.0352177619934082 0
1.0586907863616943 1.0586907863616943 1.0586907863616943 1.0586907863616943 0
1.0158491134643555 1.0158491134643555 1.0158491134643555 1.0158491134643555 0
1.0412614345550537 1.0412614345550537 1.0412614345550537 1.0412614345550537 0
1.0261828899383545 1.0261828899383545 1.0261828899383545 1.0261828899383545 0
1.0469934940338135 1.0469934940338135 1.0469934940338135 1.0469934940338135 0
1.0512408018112183 1.0512408018112183 1.0512408018112183 1.0512408018112183 0
1.0367053747177124 1.0367053747177124 1.0367053747177124 1.0367053747177124 0
1.0367809534072876 1.0367809534072876 1.0367809534072876 1.0367809534072876 0
1.0354557037353516 1.0354557037353516 1.0354557037353516 1.0354557037353516 0
1.0354057550430298 1.0354057550430298 1.0354057550430298 1.0354057550430298 0
1.0337196588516235 1.0337196588516235 1.0337196588516235 1.0337196588516235 0
1.0543915033340454 1.0543915033340454 1.0543915033340454 1.0543915033340454 0
1.0488841533660889 1.0488841533660889 1.0488841533660889 1.0488841533660889 0
1.0470963716506958 1.0470963716506958 1.0470963716506958 1.0470963716506958 0
1.0411099195480347 1.0411099195480347 1.0411099195480347 1.0411099195480347 0
1.0331714153289795 1.0331714153289795 1.0331714153289795 1.0331714153289795 0
1.0286874771118164 1.0286874771118164 1.0286874771118164 1.0286874771118164 0
1.0584815740585327 1.0584815740585327 1.0584815740585327 1.0584815740585327 0
1.0602434873580933 1.0602434873580933 1.0602434873580933 1.0602434873580933 0
1.0568673610687256 1.0568673610687256 1.0568673610687256 1.0568673610687256 0
1.0460581779479980 1.0460581779479980 1.0460581779479980 1.0460581779479980 0
1.0482624769210815 1.0482624769210815 1.0482624769210815 1.0482624769210815 0
1.0327451229095459 1.0327451229095459 1.0327451229095459 1.0327451229095459 0
1.0173741579055786 1.0173741579055786 1.0173741579055786 1.0173741579055786 0
1.0443836450576782 1.0443836450576782 1.0443836450576782 1.0443836450576782 0
1.0519117116928101 1.0519117116928101 1.0519117116928101 1.0519117116928101 0
1.0671031475067139 1.0671031475067139 1.0671031475067139 1.0671031475067139 0
1.0373911857604980 1.0373911857604980 1.0373911857604980 1.0373911857604980 0
1.0499892234802246 1.0499892234802246 1.0499892234802246 1.0499892234802246 0
1.0465680360794067 1.0465680360794067 1.0465680360794067 1.0465680360794067 0
1.0344058275222778 1.0344058275222778 1.0344058275222778 1.0344058275222778 0
1.0227442979812622 1.0227442979812622 1.0227442979812622 1.0227442979812622 0
1.0336251258850098 1.0336251258850098 1.0336251258850098 1.0336251258850098 0
1.0398343801498413 1.0398343801498413 1.0398343801498413 1.0398343801498413 0
1.0641889572143555 1.0641889572143555 1.0641889572143555 1.0641889572143555 0
1.0670152902603149 1.0670152902603149 1.0670152902603149 1.0670152902603149 0
1.0380527973175049 1.0380527973175049 1.0380527973175049 1.0380527973175049 0
1.0300561189651489 1.0300561189651489 1.0300561189651489 1.0300561189651489 0
1.0481578111648560 1.0481578111648560 1.0481578111648560 1.0481578111648560 0
1.0463908910751343 1.0463908910751343 1.0463908910751343 1.0463908910751343 0
0.0000000000000000 0.0000000000000000 0.0000000000000000 0.0000000000000000 0.0000000000000000 0.0000000000000000
0.0000000000000000 0.0000000000000000 0.0000000000000000 0.0000000000000000 0.0000000000000000 0.0000000000000000
0.0000000000000000 0.0000000000000000 0.0000000000000000 0.0000000000000000 0.0000000000000000 0.0000000000000000
0.1655750125646591 0.1655750125646591 0.1655750125646591 0.1655750125646591 0.1655750125646591 0.1655750125646591
0.0000000000000000 0.0000000000000000 0.0000000000000000 0.0000000000000000 0.0000000000000000 0.0000000000000000
0.0000000000000000 0.0000000000000000 0.0000000000000000 0.0000000000000000 0.0000000000000000 0.0000000000000000
0.0000000000000000 0.0000000000000000 0.0000000000000000 0.0000000000000000 0.0000000000000000 0.0000000000000000
0.1659103929996490 0.1659103929996490 0.1659103929996490 0.1659103929996490 0.1659103929996490 0.1659103929996490
0.1659229546785355 0.1659229546785355 0.1659229546785355 0.1659229546785355 0.1659229546785355 0.1659229546785355
0.1698835045099258 0.1698835045099258 0.1698835045099258 0.1698835045099258 0.1698835045099258 0.1698835045099258
0.1631090641021729 0.1631090641021729 0.1631090641021729 0.1631090641021729 0.1631090641021729 0.1631090641021729
0.0000000000000000 0.0000000000000000 0.0000000000000000 0.0000000000000000 0.0000000000000000 0.0000000000000000
0.1786256730556488 0.1786256730556488 0.1786256730556488 0.1786256730556488 0.1786256730556488 0.1786256730556488
0.0000000000000000 0.0000000000000000 0.0000000000000000 0.0000000000000000 0.0000000000000000 0.0000000000000000
0.1805992275476456 0.1805992275476456 0.1805992275476456 0.1805992275476456 0.1805992275476456 0.1805992275476456
0.0000000000000000 0.0000000000000000 0.0000000000000000 0.0000000000000000 0.0000000000000000 0.0000000000000000
0.1678597033023834 0.1678597033023834 0.1678597033023834 0.1678597033023834 0.1678597033023834 0.1678597033023834
0.1686679869890213 0.1686679869890213 0.1686679869890213 0.1686679869890213 0.1686679869890213 0.1686679869890213
0.0000000000000000 0.0000000000000000 0.0000000000000000 0.0000000000000000 0.0000000000000000 0.0000000000000000
0.0000000000000000 0.0000000000000000 0.0000000000000000 0.0000000000000000 0.0000000000000000 0.0000000000000000
0.0000000000000000 0.0000000000000000 0.0000000000000000 0.0000000000000000 0.0000000000000000 0.0000000000000000
0.0000000000000000 0.0000000000000000 0.0000000000000000 0.0000000000000000 0.0000000000000000 0.0000000000000000
0.0000000000000000 0.0000000000000000 0.0000000000000000 0.0000000000000000 0.0000000000000000 0.0000000000000000
0.0000000000000000 0.0000000000000000 0.0000000000000000 0.0000000000000000 0.0000000000000000 0.0000000000000000
0.1612737029790878 0.1612737029790878 0.1612737029790878 0.1612737029790878 0.1612737029790878 0.1612737029790878
0.0000000000000000 0.0000000000000000 0.0000000000000000 0.0000000000000000 0.0000000000000000 0.0000000000000000
0.0000000000000000 0.0000000000000000 0.0000000000000000 0.0000000000000000 0.0000000000000000 0.0000000000000000
0.0000000000000000 0.0000000000000000 0.0000000000000000 0.0000000000000000 0.0000000000000000 0.0000000000000000
0.0000000000000000 0.0000000000000000 0.0000000000000000 0.0000000000000000 0.0000000000000000 0.0000000000000000
0.1735488325357437 0.1735488325357437 0.1735488325357437 0.1735488325357437 0.1735488325357437 0.1735488325357437
0.0000000000000000 0.0000000000000000 0.0000000000000000 0.0000000000000000 0.0000000000000000 0.0000000000000000
0.0000000000000000 0.0000000000000000 0.0000000000000000 0.0000000000000000 0.0000000000000000 0.0000000000000000
0.0000000000000000 0.0000000000000000 0.0000000000000000 0.0000000000000000 0.0000000000000000 0.0000000000000000
0.0000000000000000 0.0000000000000000 0.0000000000000000 0.0000000000000000 0.0000000000000000 0.0000000000000000
0.0000000000000000 0.0000000000000000 0.0000000000000000 0.0000000000000000 0.0000000000000000 0.0000000000000000
0.0000000000000000 0.0000000000000000 0.0000000000000000 0.0000000000000000 0.0000000000000000 0.0000000000000000
0.1614022254943848 0.1614022254943848 0.1614022254943848 0.1614022254943848 0.1614022254943848 0.1614022254943848
0.0000000000000000 0.0000000000000000 0.0000000000000000 0.0000000000000000 0.0000000000000000 0.0000000000000000
0.0000000000000000 0.0000000000000000 0.0000000000000000 0.0000000000000000 0.0000000000000000 0.0000000000000000
0.0000000000000000 0.0000000000000000 0.0000000000000000 0.0000000000000000 0.0000000000000000 0.0000000000000000
0.0000000000000000 0.0000000000000000 0.0000000000000000 0.0000000000000000 0.0000000000000000 0.0000000000000000
0.0000000000000000 0.0000000000000000 0.0000000000000000 0.0000000000000000 0.0000000000000000 0.0000000000000000
0.0000000000000000 0.0000000000000000 0.0000000000000000 0.0000000000000000 0.0000000000000000 0.0000000000000000
0.0000000000000000 0.0000000000000000 0.0000000000000000 0.0000000000000000 0.0000000000000000 0.0000000000000000
0.0000000000000000 0.0000000000000000 0.0000000000000000 0.0000000000000000 0.0000000000000000 0.0000000000000000
0.0000000000000000 0.0000000000000000 0.0000000000000000 0.0000000000000000 0.0000000000000000 0.0000000000000000
0.0000000000000000 0.0000000000000000 0.0000000000000000 0.0000000000000000 0.0000000000000000 0.0000000000000000
0.0000000000000000 0.0000000000000000 0.0000000000000000 0.0000000000000000 0.0000000000000000 0.0000000000000000
0.0000000000000000 0.0000000000000000 0.0000000000000000 0.0000000000000000 0.0000000000000000 0.0000000000000000
0.0000000000000000 0.0000000000000000 0.0000000000000000 0.0000000000000000 0.0000000000000000 0.0000000000000000
0.0000000000000000 0.0000000000000000 0.0000000000000000 0.0000000000000000 0.0000000000000000 0.0000000000000000
0.0000000000000000 0.0000000000000000 0.0000000000000000 0.0000000000000000 0.0000000000000000 0.0000000000000000
0.0000000000000000 0.0000000000000000 0.0000000000000000 0.0000000000000000 0.0000000000000000 0.0000000000000000
0.0000000000000000 0.0000000000000000 0.0000000000000000 0.0000000000000000 0.0000000000000000 0.0000000000000000
0.0000000000000000 0.0000000000000000 0.0000000000000000 0.0000000000000000 0.0000000000000000 0.0000000000000000
0.0000000000000000 0.0000000000000000 0.0000000000000000 0.0000000000000000 0.0000000000000000 0.0000000000000000
0.0000000000000000 0.0000000000000000 0.0000000000000000 0.0000000000000000 0.0000000000000000 0.0000000000000000
0.0000000000000000 0.0000000000000000 0.0000000000000000 0.0000000000000000 0.0000000000000000 0.0000000000000000
0.0000000000000000 0.0000000000000000 0.0000000000000000 0.0000000000000000 0.0000000000000000 0.0000000000000000
0.0000000000000000 0.0000000000000000 0.0000000000000000 0.0000000000000000 0.0000000000000000 0.0000000000000000
0.0000000000000000 0.0000000000000000 0.0000000000000000 0.0000000000000000 0.0000000000000000 0.0000000000000000
0.0000000000000000 0.0000000000000000 0.0000000000000000 0.0000000000000000 0.0000000000000000 0.0000000000000000
0.0000000000000000 0.0000000000000000 0.0000000000000000 0.0000000000000000 0.0000000000000000 0.0000000000000000
0.0000000000000000 0.0000000000000000 0.0000000000000000 0.0000000000000000 0.0000000000000000 0.0000000000000000
0.0000000000000000 0.0000000000000000 0.0000000000000000 0.0000000000000000 0.0000000000000000 0.0000000000000000
0.0000000000000000 0.0000000000000000 0.0000000000000000 0.0000000000000000 0.0000000000000000 0.0000000000000000
0.0000000000000000 0.0000000000000000 0.0000000000000000 0.0000000000000000 0.0000000000000000 0.0000000000000000
0.0000000000000000 0.0000000000000000 0.0000000000000000 0.0000000000000000 0.0000000000000000 0.0000000000000000
0.0000000000000000 0.0000000000000000 0.0000000000000000 0.0000000000000000 0.0000000000000000 0.0000000000000000
0.0000000000000000 0.0000000000000000 0.0000000000000000 0.0000000000000000 0.0000000000000000 0.0000000000000000
0.0000000000000000 0.0000000000000000 0.0000000000000000 0.0000000000000000 0.0000000000000000 0.0000000000000000
0.0000000000000000 0.0000000000000000 0.0000000000000000 0.0000000000000000 0.0000000000000000 0.0000000000000000
0.0000000000000000 0.0000000000000000 0.0000000000000000 0.0000000000000000 0.0000000000000000 0.0000000000000000
0.0000000000000000 0.0000000000000000 0.0000000000000000 0.0000000000000000 0.0000000000000000 0.0000000000000000
0.0000000000000000 0.0000000000000000 0.0000000000000000 0.0000000000000000 0.0000000000000000 0.0000000000000000
0.0000000000000000 0.0000000000000000 0.0000000000000000 0.0000000000000000 0.0000000000000000 0.0000000000000000
0.0000000000000000 0.0000000000000000 0.0000000000000000 0.0000000000000000 0.0000000000000000 0.0000000000000000
0.0000000000000000 0.0000000000000000 0.0000000000000000 0.0000000000000000 0.0000000000000000 0.0000000000000000
0.1672444939613342 0.1672444939613342 0.1672444939613342 0.1672444939613342 0.1672444939613342 0.1672444939613342
0.0000000000000000 0.0000000000000000 0.0000000000000000 0.0000000000000000 0.0000000000000000 0.0000000000000000
0.0000000000000000 0.0000000000000000 0.0000000000000000 0.0000000000000000 0.0000000000000000 0.0000000000000000
0.0000000000000000 0.0000000000000000 0.0000000000000000 0.0000000000000000 0.0000000000000000 0.0000000000000000
0.0000000000000000 0.0000000000000000 0.0000000000000000 0.0000000000000000 0.0000000000000000 0.0000000000000000
0.0000000000000000 0.0000000000000000 0.0000000000000000 0.0000000000000000 0.0000000000000000 0.0000000000000000
0.0000000000000000 0.0000000000000000 0.0000000000000000 0.0000000000000000 0.0000000000000000 0.0000000000000000
0.0000000000000000 0.0000000000000000 0.0000000000000000 0.0000000000000000 0.0000000000000000 0.0000000000000000
0.0000000000000000 0.0000000000000000 0.0000000000000000 0.0000000000000000 0.0000000000000000 0.0000000000000000
0.0000000000000000 0.0000000000000000 0.0000000000000000 0.0000000000000000 0.0000000000000000 0.0000000000000000
0.0000000000000000 0.0000000000000000 0.0000000000000000 0.0000000000000000 0.0000000000000000 0.0000000000000000
0.0000000000000000 0.0000000000000000 0.0000000000000000 0.0000000000000000 0.0000000000000000 0.0000000000000000
0.0000000000000000 0.0000000000000000 0.0000000000000000 0.0000000000000000 0.0000000000000000 0.0000000000000000
0.0000000000000000 0.0000000000000000 0.0000000000000000 0.0000000000000000 0.0000000000000000 0.0000000000000000
0.0000000000000000 0.0000000000000000 0.0000000000000000 0.0000000000000000 0.0000000000000000 0.0000000000000000
0.0000000000000000 0.0000000000000000 0.0000000000000000 0.0000000000000000 0.0000000000000000 0.0000000000000000
0.1609248220920563 0.1609248220920563 0.1609248220920563 0.1609248220920563 0.1609248220920563 0.1609248220920563
0.0000000000000000 0.0000000000000000 0.0000000000000000 0.0000000000000000 0.0000000000000000 0.0000000000000000
0.0000000000000000 0.0000000000000000 0.0000000000000000 0.0000000000000000 0.0000000000000000 0.0000000000000000
0.0000000000000000 0.0000000000000000 0.0000000000000000 0.0000000000000000 0.0000000000000000 0.0000000000000000
0.0000000000000000 0.0000000000000000 0.0000000000000000 0.0000000000000000 0.0000000000000000 0.0000000000000000
0.0000000000000000 0.0000000000000000 0.0000000000000000 0.0000000000000000 0.0000000000000000 0.0000000000000000
0.0000000000000000 0.0000000000000000 0.0000000000000000 0.0000000000000000 0.0000000000000000 0.0000000000000000
0.0000000000000000 0.0000000000000000 0.0000000000000000 0.0000000000000000 0.0000000000000000 0.0000000000000000
0.0000000000000000 0.0000000000000000 0.0000000000000000 0.0000000000000000 0.0000000000000000 0.0000000000000000
0.0000000000000000 0.0000000000000000 0.0000000000000000 0.0000000000000000 0.0000000000000000 0.0000000000000000
0.1626725643873215 0.1626725643873215 0.1626725643873215 0.1626725643873215 0.1626725643873215 0.1626725643873215
0.0000000000000000 0.0000000000000000 0.0000000000000000 0.0000000000000000 0.0000000000000000 0.0000000000000000
0.0000000000000000 0.0000000000000000 0.0000000000000000 0.0000000000000000 0.0000000000000000 0.0000000000000000
0.1688647419214249 0.1688647419214249 0.1688647419214249 0.1688647419214249 0.1688647419214249 0.1688647419214249
0.1616533398628235 0.1616533398628235 0.1616533398628235 0.1616533398628235 0.1616533398628235 0.1616533398628235
0.0000000000000000 0.0000000000000000 0.0000000000000000 0.0000000000000000 0.0000000000000000 0.0000000000000000
0.0000000000000000 0.0000000000000000 0.0000000000000000 0.0000000000000000 0.0000000000000000 0.0000000000000000
0.1693413555622101 0.1693413555622101 0.1693413555622101 0.1693413555622101 0.1693413555622101 0.1693413555622101
0.0000000000000000 0.0000000000000000 0.0000000000000000 0.0000000000000000 0.0000000000000000 0.0000000000000000
0.1693455427885056 0.1693455427885056 0.1693455427885056 0.1693455427885056 0.1693455427885056 0.1693455427885056
0.1612434536218643 0.1612434536218643 0.1612434536218643 0.1612434536218643 0.1612434536218643 0.1612434536218643
0.0000000000000000 0.0000000000000000 0.0000000000000000 0.0000000000000000 0.0000000000000000 0.0000000000000000
0.0000000000000000 0.0000000000000000 0.0000000000000000 0.0000000000000000 0.0000000000000000 0.0000000000000000
0.0000000000000000 0.0000000000000000 0.0000000000000000 0.0000000000000000 0.0000000000000000 0.0000000000000000
0.0000000000000000 0.0000000000000000 0.0000000000000000 0.0000000000000000 0.0000000000000000 0.0000000000000000
0.0000000000000000 0.0000000000000000 0.0000000000000000 0.0000000000000000 0.0000000000000000 0.0000000000000000
0.0000000000000000 0.0000000000000000 0.0000000000000000 0.0000000000000000 0.0000000000000000 0.0000000000000000
0.0000000000000000 0.0000000000000000 0.0000000000000000 0.0000000000000000 0.0000000000000000 0.0000000000000000
0.1619349867105484 0.1619349867105484 0.1619349867105484 0.1619349867105484 0.1619349867105484 0.1619349867105484
0.0000000000000000 0.0000000000000000 0.0000000000000000 0.0000000000000000 0.0000000000000000 0.0000000000000000
0.1663430482149124 0.1663430482149124 0.1663430482149124 0.1663430482149124 0.1663430482149124 0.1663430482149124
0.0000000000000000 0.0000000000000000 0.0000000000000000 0.0000000000000000 0.0000000000000000 0.0000000000000000
0.0000000000000000 0.0000000000000000 0.0000000000000000 0.0000000000000000 0.0000000000000000 0.0000000000000000
0.0000000000000000 0.0000000000000000 0.0000000000000000 0.0000000000000000 0.0000000000000000 0.0000000000000000
1.0329705476760864 1.0329705476760864 1.0329705476760864 1.0329705476760864 0
1.0306825637817383 1.0306825637817383 1.0306825637817383 1.0306825637817383 0
1.0586533546447754 1.0586533546447754 1.0586533546447754 1.0586533546447754 0
1.0527857542037964 1.0527857542037964 1.0527857542037964 1.0527857542037964 0
1.0574707984924316 1.0574707984924316 1.0574707984924316 1.0574707984924316 0
1.0582623481750488 1.0582623481750488 1.0582623481750488 1.0582623481750488 0
1.0315613746643066 1.0315613746643066 1.0315613746643066 1.0315613746643066 0
1.0601127147674561 1.0601127147674561 1.0601127147674561 1.0601127147674561 0
1.0369379520416260 1.0369379520416260 1.0369379520416260 1.0369379520416260 0
1.0568863153457642 1.0568863153457642 1.0568863153457642 1.0568863153457642 0
1.0711017847061157 1.0711017847061157 1.0711017847061157 1.0711017847061157 0
1.0514801740646362 1.0514801740646362 1.0514801740646362 1.0514801740646362 0
1.0551737546920776 1.0551737546920776 1.0551737546920776 1.0551737546920776 0
1.0480833053588867 1.0480833053588867 1.0480833053588867 1.0480833053588867 0
1.0509755611419678 1.0509755611419678 1.0509755611419678 1.0509755611419678 0
1.0494360923767090 1.0494360923767090 1.0494360923767090 1.0494360923767090 0
1.0508556365966797 1.0508556365966797 1.0508556365966797 1.0508556365966797 0
1.0542517900466919 1.0542517900466919 1.0542517900466919 1.0542517900466919 0
1.0616775751113892 1.0616775751113892 1.0616775751113892 1.0616775751113892 0
1.0509899854660034 1.0509899854660034 1.0509899854660034 1.0509899854660034 0
1.0478347539901733 1.0478347539901733 1.0478347539901733 1.0478347539901733 0
1.0530821084976196 1.0530821084976196 1.0530821084976196 1.0530821084976196 0
1.0527946949005127 1.0527946949005127 1.0527946949005127 1.0527946949005127 0
1.0526504516601562 1.0526504516601562 1.0526504516601562 1.0526504516601562 0
1.0441855192184448 1.0441855192184448 1.0441855192184448 1.0441855192184448 0
1.0374011993408203 1.0374011993408203 1.0374011993408203 1.0374011993408203 0
1.0278233289718628 1.0278233289718628 1.0278233289718628 1.0278233289718628 0
1.0243692398071289 1.0243692398071289 1.0243692398071289 1.0243692398071289 0
1.0362894535064697 1.0362894535064697 1.0362894535064697 1.0362894535064697 0
1.0487260818481445 1.0487260818481445 1.0487260818481445 1.0487260818481445 0
1.0330013036727905 1.0330013036727905 1.0330013036727905 1.0330013036727905 0
1.0429817438125610 1.0429817438125610 1.0429817438125610 1.0429817438125610 0
1.0442286729812622 1.0442286729812622 1.0442286729812622 1.0442286729812622 0
1.0213617086410522 1.0213617086410522 1.0213617086410522 1.0213617086410522 0
1.0147310495376587 1.0147310495376587 1.0147310495376587 1.0147310495376587 0
1.0441277027130127 1.0441277027130127 1.0441277027130127 1.0441277027130127 0
1.0525621175765991 1.0525621175765991 1.0525621175765991 1.0525621175765991 0
1.0535269975662231 1.0535269975662231 1.0535269975662231 1.0535269975662231 0
1.0459465980529785 1.0459465980529785 1.0459465980529785 1.0459465980529785 0
1.0410661697387695 1.0410661697387695 1.0410661697387695 1.0410661697387695 0
1.0408915281295776 1.0408915281295776 1.0408915281295776 1.0408915281295776 0
1.0566678047180176 1.0566678047180176 1.0566678047180176 1.0566678047180176 0
1.0535677671432495 1.0535677671432495 1.0535677671432495 1.0535677671432495 0
1.0472189188003540 1.0472189188003540 1.0472189188003540 1.0472189188003540 0
1.0361036062240601 1.0361036062240601 1.0361036062240601 1.0361036062240601 0
1.0605947971343994 1.0605947971343994 1.0605947971343994 1.0605947971343994 0
1.0451416969299316 1.0451416969299316 1.0451416969299316 1.0451416969299316 0
1.0302101373672485 1.0302101373672485 1.0302101373672485 1.0302101373672485 0
1.0373452901840210 1.0373452901840210 1.0373452901840210 1.0373452901840210 0
1.0428104400634766 1.0428104400634766 1.0428104400634766 1.0428104400634766 0
1.0522673130035400 1.0522673130035400 1.0522673130035400 1.0522673130035400 0
1.0572078227996826 1.0572078227996826 1.0572078227996826 1.0572078227996826 0
1.0560879707336426 1.0560879707336426 1.0560879707336426 1.0560879707336426 0
1.0534406900405884 1.0534406900405884 1.0534406900405884 1.0534406900405884 0
1.0256612300872803 1.0256612300872803 1.0256612300872803 1.0256612300872803 0
1.0556468963623047 1.0556468963623047 1.0556468963623047 1.0556468963623047 0
1.0483108758926392 1.0483108758926392 1.0483108758926392 1.0483108758926392 0
1.0399756431579590 1.0399756431579590 1.0399756431579590 1.0399756431579590 0
1.0648909807205200 1.0648909807205200 1.0648909807205200 1.0648909807205200 0
1.0620727539062500 1.0620727539062500 1.0620727539062500 1.0620727539062500 0
1.0498896837234497 1.0498896837234497 1.0498896837234497 1.0498896837234497 0
1.0675249099731445 1.0675249099731445 1.0675249099731445 1.0675249099731445 0
1.0373804569244385 1.0373804569244385 1.0373804569244385 1.0373804569244385 0
1.0512340068817139 1.0512340068817139 1.0512340068817139 1.0512340068817139 0
0.0000000000000000 0.0000000000000000 0.0000000000000000 0.0000000000000000 0.0000000000000000 0.0000000000000000
0.0000000000000000 0.0000000000000000 0.0000000000000000 0.0000000000000000 0.0000000000000000 0.0000000000000000
0.0000000000000000 0.0000000000000000 0.0000000000000000 0.0000000000000000 0.0000000000000000 0.0000000000000000
0.0000000000000000 0.0000000000000000 0.0000000000000000 0.0000000000000000 0.0000000000000000 0.0000000000000000
0.0000000000000000 0.0000000000000000 0.0000000000000000 0.0000000000000000 0.0000000000000000 0.0000000000000000
0.0000000000000000 0.0000000000000000 0.0000000000000000 0.0000000000000000 0.0000000000000000 0.0000000000000000
0.0000000000000000 0.0000000000000000 0.0000000000000000 0.0000000000000000 0.0000000000000000 0.0000000000000000
0.0000000000000000 0.0000000000000000 0.0000000000000000 0.0000000000000000 0.0000000000000000 0.0000000000000000
0.1718831211328506 0.1718831211328506 0.1718831211328506 0.1718831211328506 0.1718831211328506 0.1718831211328506
0.1632978022098541 0.1632978022098541 0.1632978022098541 0.1632978022098541 0.1632978022098541 0.1632978022098541
0.0000000000000000 0.0000000000000000 0.0000000000000000 0.0000000000000000 0.0000000000000000 0.0000000000000000
0.0000000000000000 0.0000000000000000 0.0000000000000000 0.0000000000000000 0.0000000000000000 0.0000000000000000
0.0000000000000000 0.0000000000000000 0.0000000000000000 0.0000000000000000 0.0000000000000000 0.0000000000000000
0.1686852276325226 0.1686852276325226 0.1686852276325226 0.1686852276325226 0.1686852276325226 0.1686852276325226
0.1712998002767563 0.1712998002767563 0.1712998002767563 0.1712998002767563 0.1712998002767563 0.1712998002767563
0.1784725040197372 0.1784725040197372 0.1784725040197372 0.1784725040197372 0.1784725040197372 0.1784725040197372
0.0000000000000000 0.0000000000000000 0.0000000000000000 0.0000000000000000 0.0000000000000000 0.0000000000000000
0.0000000000000000 0.0000000000000000 0.0000000000000000 0.0000000000000000 0.0000000000000000 0.0000000000000000
0.1765185892581940 0.1765185892581940 0.1765185892581940 0.1765185892581940 0.1765185892581940 0.1765185892581940
0.0000000000000000 0.0000000000000000 0.0000000000000000 0.0000000000000000 0.0000000000000000 0.0000000000000000
0.0000000000000000 0.0000000000000000 0.0000000000000000 0.0000000000000000 0.0000000000000000 0.0000000000000000
0.0000000000000000 0.0000000000000000 0.0000000000000000 0.0000000000000000 0.0000000000000000 0.0000000000000000
0.1645886898040771 0.1645886898040771 0.1645886898040771 0.1645886898040771 0.1645886898040771 0.1645886898040771
0.1695792675018311 0.1695792675018311 0.1695792675018311 0.1695792675018311 0.1695792675018311 0.1695792675018311
0.0000000000000000 0.0000000000000000 0.0000000000000000 0.0000000000000000 0.0000000000000000 0.0000000000000000
0.0000000000000000 0.0000000000000000 0.0000000000000000 0.0000000000000000 0.0000000000000000 0.0000000000000000
0.0000000000000000 0.0000000000000000 0.0000000000000000 0.0000000000000000 0.0000000000000000 0.0000000000000000
0.1619925051927567 0.1619925051927567 0.1619925051927567 0.1619925051927567 0.1619925051927567 0.1619925051927567
0.0000000000000000 0.0000000000000000 0.0000000000000000 0.0000000000000000 0.0000000000000000 0.0000000000000000
0.1664384156465530 0.1664384156465530 0.1664384156465530 0.1664384156465530 0.1664384156465530 0.1664384156465530
0.1642304211854935 0.1642304211854935 0.1642304211854935 0.1642304211854935 0.1642304211854935 0.1642304211854935
0.1643072515726089 0.1643072515726089 0.1643072515726089 0.1643072515726089 0.1643072515726089 0.1643072515726089
0.1645736694335938 0.1645736694335938 0.1645736694335938 0.1645736694335938 0.1645736694335938 0.1645736694335938
0.0000000000000000 0.0000000000000000 0.0000000000000000 0.0000000000000000 0.0000000000000000 0.0000000000000000
0.1668408215045929 0.1668408215045929 0.1668408215045929 0.1668408215045929 0.1668408215045929 0.1668408215045929
0.1609419435262680 0.1609419435262680 0.1609419435262680 0.1609419435262680 0.1609419435262680 0.1609419435262680
0.0000000000000000 0.0000000000000000 0.0000000000000000 0.0000000000000000 0.0000000000000000 0.0000000000000000
0.1765042692422867 0.1765042692422867 0.1765042692422867 0.1765042692422867 0.1765042692422867 0.1765042692422867
0.1699773371219635 0.1699773371219635 0.1699773371219635 0.1699773371219635 0.1699773371219635 0.1699773371219635
0.1630558520555496 0.1630558520555496 0.1630558520555496 0.1630558520555496 0.1630558520555496 0.1630558520555496
0.1656331270933151 0.1656331270933151 0.1656331270933151 0.1656331270933151 0.1656331270933151 0.1656331270933151
0.1614524275064468 0.1614524275064468 0.1614524275064468 0.1614524275064468 0.1614524275064468 0.1614524275064468
0.1659787297248840 0.1659787297248840 0.1659787297248840 0.1659787297248840 0.1659787297248840 0.1659787297248840
0.1681338697671890 0.1681338697671890 0.1681338697671890 0.1681338697671890 0.1681338697671890 0.1681338697671890
0.0000000000000000 0.0000000000000000 0.0000000000000000 0.0000000000000000 0.0000000000000000 0.0000000000000000
0.1632260531187057 0.1632260531187057 0.1632260531187057 0.1632260531187057 0.1632260531187057 0.1632260531187057
0.0000000000000000 0.0000000000000000 0.0000000000000000 0.0000000000000000 0.0000000000000000 0.0000000000000000
0.1647007167339325 0.1647007167339325 0.1647007167339325 0.1647007167339325 0.1647007167339325 0.1647007167339325
0.0000000000000000 0.0000000000000000 0.0000000000000000 0.0000000000000000 0.0000000000000000 0.0000000000000000
0.0000000000000000 0.0000000000000000 0.0000000000000000 0.0000000000000000 0.0000000000000000 0.0000000000000000
0.0000000000000000 0.0000000000000000 0.0000000000000000 0.0000000000000000 0.0000000000000000 0.0000000000000000
0.1615259945392609 0.1615259945392609 0.1615259945392609 0.1615259945392609 0.1615259945392609 0.1615259945392609
0.0000000000000000 0.0000000000000000 0.0000000000000000 0.0000000000000000 0.0000000000000000 0.0000000000000000
0.1653389483690262 0.1653389483690262 0.1653389483690262 0.1653389483690262 0.1653389483690262 0.1653389483690262
0.0000000000000000 0.0000000000000000 0.0000000000000000 0.0000000000000000 0.0000000000000000 0.0000000000000000
0.1641684025526047 0.1641684025526047 0.1641684025526047 0.1641684025526047 0.1641684025526047 0.1641684025526047
0.0000000000000000 0.0000000000000000 0.0000000000000000 0.0000000000000000 0.0000000000000000 0.0000000000000000
0.0000000000000000 0.0000000000000000 0.0000000000000000 0.0000000000000000 0.0000000000000000 0.0000000000000000
0.0000000000000000 0.0000000000000000 0.0000000000000000 0.0000000000000000 0.0000000000000000 0.0000000000000000
0.0000000000000000 0.0000000000000000 0.0000000000000000 0.0000000000000000 0.0000000000000000 0.0000000000000000
0.0000000000000000 0.0000000000000000 0.0000000000000000 0.0000000000000000 0.0000000000000000 0.0000000000000000
0.0000000000000000 0.0000000000000000 0.0000000000000000 0.0000000000000000 0.0000000000000000 0.0000000000000000
0.0000000000000000 0.0000000000000000 0.0000000000000000 0.0000000000000000 0.0000000000000000 0.0000000000000000
0.0000000000000000 0.0000000000000000 0.0000000000000000 0.0000000000000000 0.0000000000000000 0.0000000000000000
0.0000000000000000 0.0000000000000000 0.0000000000000000 0.0000000000000000 0.0000000000000000 0.0000000000000000
0.0000000000000000 0.0000000000000000 0.0000000000000000 0.0000000000000000 0.0000000000000000 0.0000000000000000
0.0000000000000000 0.0000000000000000 0.0000000000000000 0.0000000000000000 0.0000000000000000 0.0000000000000000
0.0000000000000000 0.0000000000000000 0.0000000000000000 0.0000000000000000 0.0000000000000000 0.0000000000000000
0.1673431098461151 0.1673431098461151 0.1673431098461151 0.1673431098461151 0.1673431098461151 0.1673431098461151
0.0000000000000000 0.0000000000000000 0.0000000000000000 0.0000000000000000 0.0000000000000000 0.0000000000000000
0.0000000000000000 0.0000000000000000 0.0000000000000000 0.0000000000000000 0.0000000000000000 0.0000000000000000
0.0000000000000000 0.0000000000000000 0.0000000000000000 0.0000000000000000 0.0000000000000000 0.0000000000000000
0.0000000000000000 0.0000000000000000 0.0000000000000000 0.0000000000000000 0.0000000000000000 0.0000000000000000
0.0000000000000000 0.0000000000000000 0.0000000000000000 0.0000000000000000 0.0000000000000000 0.0000000000000000
0.0000000000000000 0.0000000000000000 0.0000000000000000 0.0000000000000000 0.0000000000000000 0.0000000000000000
0.0000000000000000 0.0000000000000000 0.0000000000000000 0.0000000000000000 0.0000000000000000 0.0000000000000000
0.0000000000000000 0.0000000000000000 0.0000000000000000 0.0000000000000000 0.0000000000000000 0.0000000000000000
0.0000000000000000 0.0000000000000000 0.0000000000000000 0.0000000000000000 0.0000000000000000 0.0000000000000000
0.0000000000000000 0.0000000000000000 0.0000000000000000 0.0000000000000000 0.0000000000000000 0.0000000000000000
0.0000000000000000 0.0000000000000000 0.0000000000000000 0.0000000000000000 0.0000000000000000 0.0000000000000000
0.0000000000000000 0.0000000000000000 0.0000000000000000 0.0000000000000000 0.0000000000000000 0.0000000000000000
0.0000000000000000 0.0000000000000000 0.0000000000000000 0.0000000000000000 0.0000000000000000 0.0000000000000000
0.0000000000000000 0.0000000000000000 0.0000000000000000 0.0000000000000000 0.0000000000000000 0.0000000000000000
0.1629478335380554 0.1629478335380554 0.1629478335380554 0.1629478335380554 0.1629478335380554 0.1629478335380554
0.0000000000000000 0.0000000000000000 0.0000000000000000 0.0000000000000000 0.0000000000000000 0.0000000000000000
0.0000000000000000 0.0000000000000000 0.0000000000000000 0.0000000000000000 0.0000000000000000 0.0000000000000000
0.0000000000000000 0.0000000000000000 0.0000000000000000 0.0000000000000000 0.0000000000000000 0.0000000000000000
0.0000000000000000 0.0000000000000000 0.0000000000000000 0.0000000000000000 0.0000000000000000 0.0000000000000000
0.0000000000000000 0.0000000000000000 0.0000000000000000 0.0000000000000000 0.0000000000000000 0.0000000000000000
0.0000000000000000 0.0000000000000000 0.0000000000000000 0.0000000000000000 0.0000000000000000 0.0000000000000000
0.0000000000000000 0.0000000000000000 0.0000000000000000 0.0000000000000000 0.0000000000000000 0.0000000000000000
0.0000000000000000 0.0000000000000000 0.0000000000000000 0.0000000000000000 0.0000000000000000 0.0000000000000000
0.0000000000000000 0.0000000000000000 0.0000000000000000 0.0000000000000000 0.0000000000000000 0.0000000000000000
0.0000000000000000 0.0000000000000000 0.0000000000000000 0.0000000000000000 0.0000000000000000 0.0000000000000000
0.0000000000000000 0.0000000000000000 0.0000000000000000 0.0000000000000000 0.0000000000000000 0.0000000000000000
0.0000000000000000 0.0000000000000000 0.0000000000000000 0.0000000000000000 0.0000000000000000 0.0000000000000000
0.0000000000000000 0.0000000000000000 0.0000000000000000 0.0000000000000000 0.0000000000000000 0.0000000000000000
0.0000000000000000 0.0000000000000000 0.0000000000000000 0.0000000000000000 0.0000000000000000 0.0000000000000000
0.1648481488227844 0.1648481488227844 0.1648481488227844 0.1648481488227844 0.1648481488227844 0.1648481488227844
0.0000000000000000 0.0000000000000000 0.0000000000000000 0.0000000000000000 0.0000000000000000 0.0000000000000000
0.0000000000000000 0.0000000000000000 0.0000000000000000 0.0000000000000000 0.0000000000000000 0.0000000000000000
0.0000000000000000 0.0000000000000000 0.0000000000000000 0.0000000000000000 0.0000000000000000 0.0000000000000000
0.0000000000000000 0.0000000000000000 0.0000000000000000 0.0000000000000000 0.0000000000000000 0.0000000000000000
0.0000000000000000 0.0000000000000000 0.0000000000000000 0.0000000000000000 0.0000000000000000 0.0000000000000000
0.0000000000000000 0.0000000000000000 0.0000000000000000 0.0000000000000000 0.0000000000000000 0.0000000000000000
0.0000000000000000 0.0000000000000000 0.0000000000000000 0.0000000000000000 0.0000000000000000 0.0000000000000000
0.0000000000000000 0.0000000000000000 0.0000000000000000 0.0000000000000000 0.0000000000000000 0.0000000000000000
0.0000000000000000 0.0000000000000000 0.0000000000000000 0.0000000000000000 0.0000000000000000 0.0000000000000000
0.0000000000000000 0.0000000000000000 0.0000000000000000 0.0000000000000000 0.0000000000000000 0.0000000000000000
0.1650744676589966 0.1650744676589966 0.1650744676589966 0.1650744676589966 0.1650744676589966 0.1650744676589966
0.1619519740343094 0.1619519740343094 0.1619519740343094 0.1619519740343094 0.1619519740343094 0.1619519740343094
0.0000000000000000 0.0000000000000000 0.0000000000000000 0.0000000000000000 0.0000000000000000 0.0000000000000000
0.1696951836347580 0.1696951836347580 0.1696951836347580 0.1696951836347580 0.1696951836347580 0.1696951836347580
0.1610451489686966 0.1610451489686966 0.1610451489686966 0.1610451489686966 0.1610451489686966 0.1610451489686966
0.1680403500795364 0.1680403500795364 0.1680403500795364 0.1680403500795364 0.1680403500795364 0.1680403500795364
0.1644564718008041 0.1644564718008041 0.1644564718008041 0.1644564718008041 0.1644564718008041 0.1644564718008041
0.1663848906755447 0.1663848906755447 0.1663848906755447 0.1663848906755447 0.1663848906755447 0.1663848906755447
0.0000000000000000 0.0000000000000000 0.0000000000000000 0.0000000000000000 0.0000000000000000 0.0000000000000000
0.0000000000000000 0.0000000000000000 0.0000000000000000 0.0000000000000000 0.0000000000000000 0.0000000000000000
0.0000000000000000 0.0000000000000000 0.0000000000000000 0.0000000000000000 0.0000000000000000 0.0000000000000000
0.0000000000000000 0.0000000000000000 0.0000000000000000 0.0000000000000000 0.0000000000000000 0.0000000000000000
0.1711345613002777 0.1711345613002777 0.1711345613002777 0.1711345613002777 0.1711345613002777 0.1711345613002777
0.0000000000000000 0.0000000000000000 0.0000000000000000 0.0000000000000000 0.0000000000000000 0.0000000000000000
0.1685888767242432 0.1685888767242432 0.1685888767242432 0.1685888767242432 0.1685888767242432 0.1685888767242432
0.0000000000000000 0.0000000000000000 0.0000000000000000 0.0000000000000000 0.0000000000000000 0.0000000000000000
0.1697179824113846 0.1697179824113846 0.1697179824113846 0.1697179824113846 0.1697179824113846 0.1697179824113846
0.0000000000000000 0.0000000000000000 0.0000000000000000 0.0000000000000000 0.0000000000000000 0.0000000000000000
0.0000000000000000 0.0000000000000000 0.0000000000000000 0.0000000000000000 0.0000000000000000 0.0000000000000000
1.0542774200439453 1.0542774200439453 1.0542774200439453 1.0542774200439453 0
1.0400961637496948 1.0400961637496948 1.0400961637496948 1.0400961637496948 0
1.0657624006271362 1.0657624006271362 1.0657624006271362 1.0657624006271362 0
1.0423139333724976 1.0423139333724976 1.0423139333724976 1.0423139333724976 0
1.0512260198593140 1.0512260198593140 1.0512260198593140 1.0512260198593140 0
1.0499053001403809 1.0499053001403809 1.0499053001403809 1.0499053001403809 0
1.0397443771362305 1.0397443771362305 1.0397443771362305 1.0397443771362305 0
1.0437277555465698 1.0437277555465698 1.0437277555465698 1.0437277555465698 0
1.0556671619415283 1.0556671619415283 1.0556671619415283 1.0556671619415283 0
1.0700800418853760 1.0700800418853760 1.0700800418853760 1.0700800418853760 0
1.0529983043670654 1.0529983043670654 1.0529983043670654 1.0529983043670654 0
1.0442130565643311 1.0442130565643311 1.0442130565643311 1.0442130565643311 0
1.0455842018127441 1.0455842018127441 1.0455842018127441 1.0455842018127441 0
1.0618941783905029 1.0618941783905029 1.0618941783905029 1.0618941783905029 0
1.0367708206176758 1.0367708206176758 1.0367708206176758 1.0367708206176758 0
1.0502949953079224 1.0502949953079224 1.0502949953079224 1.0502949953079224 0
1.0389245748519897 1.0389245748519897 1.0389245748519897 1.0389245748519897 0
1.0250852108001709 1.0250852108001709 1.0250852108001709 1.0250852108001709 0
1.0468311309814453 1.0468311309814453 1.0468311309814453 1.0468311309814453 0
1.0344811677932739 1.0344811677932739 1.0344811677932739 1.0344811677932739 0
1.0493805408477783 1.0493805408477783 1.0493805408477783 1.0493805408477783 0
1.0405147075653076 1.0405147075653076 1.0405147075653076 1.0405147075653076 0
1.0588731765747070 1.0588731765747070 1.0588731765747070 1.0588731765747070 0
1.0363502502441406 1.0363502502441406 1.0363502502441406 1.0363502502441406 0
1.0479859113693237 1.0479859113693237 1.0479859113693237 1.0479859113693237 0
1.0272477865219116 1.0272477865219116 1.0272477865219116 1.0272477865219116 0
1.0419678688049316 1.0419678688049316 1.0419678688049316 1.0419678688049316 0
1.0339553356170654 1.0339553356170654 1.0339553356170654 1.0339553356170654 0
1.0424673557281494 1.0424673557281494 1.0424673557281494 1.0424673557281494 0
1.0527780055999756 1.0527780055999756 1.0527780055999756 1.0527780055999756 0
1.0198005437850952 1.0198005437850952 1.0198005437850952 1.0198005437850952 0
1.0305587053298950 1.0305587053298950 1.0305587053298950 1.0305587053298950 0
1.0386184453964233 1.0386184453964233 1.0386184453964233 1.0386184453964233 0
1.0453069210052490 1.0453069210052490 1.0453069210052490 1.0453069210052490 0
1.0395492315292358 1.0395492315292358 1.0395492315292358 1.0395492315292358 0
1.0520790815353394 1.0520790815353394 1.0520790815353394 1.0520790815353394 0
1.0586134195327759 1.0586134195327759 1.0586134195327759 1.0586134195327759 0
1.0517101287841797 1.0517101287841797 1.0517101287841797 1.0517101287841797 0
1.0285048484802246 1.0285048484802246 1.0285048484802246 1.0285048484802246 0
1.0200788974761963 1.0200788974761963 1.0200788974761963 1.0200788974761963 0
1.0369650125503540 1.0369650125503540 1.0369650125503540 1.0369650125503540 0
1.0538462400436401 1.0538462400436401 1.0538462400436401 1.0538462400436401 0
1.0619041919708252 1.0619041919708252 1.0619041919708252 1.0619041919708252 0
1.0512658357620239 1.0512658357620239 1.0512658357620239 1.0512658357620239 0
1.0514948368072510 1.0514948368072510 1.0514948368072510 1.0514948368072510 0
1.0405229330062866 1.0405229330062866 1.0405229330062866 1.0405229330062866 0
1.0317618846893311 1.0317618846893311 1.0317618846893311 1.0317618846893311 0
1.0191258192062378 1.0191258192062378 1.0191258192062378 1.0191258192062378 0
1.0390328168869019 1.0390328168869019 1.0390328168869019 1.0390328168869019 0
1.0590912103652954 1.0590912103652954 1.0590912103652954 1.0590912103652954 0
1.0494679212570190 1.0494679212570190 1.0494679212570190 1.0494679212570190 0
1.0379862785339355 1.0379862785339355 1.0379862785339355 1.0379862785339355 0
1.0468657016754150 1.0468657016754150 1.0468657016754150 1.0468657016754150 0
1.0243536233901978 1.0243536233901978 1.0243536233901978 1.0243536233901978 0
1.0361781120300293 1.0361781120300293 1.0361781120300293 1.0361781120300293 0
1.0169914960861206 1.0169914960861206 1.0169914960861206 1.0169914960861206 0
1.0306637287139893 1.0306637287139893 1.0306637287139893 1.0306637287139893 0
1.0473440885543823 1.0473440885543823 1.0473440885543823 1.0473440885543823 0
1.0566593408584595 1.0566593408584595 1.0566593408584595 1.0566593408584595 0
1.0665255784988403 1.0665255784988403 1.0665255784988403 1.0665255784988403 0
1.0433567762374878 1.0433567762374878 1.0433567762374878 1.0433567762374878 0
1.0424278974533081 1.0424278974533081 1.0424278974533081 1.0424278974533081 0
1.0472570657730103 1.0472570657730103 1.0472570657730103 1.0472570657730103 0
1.0352594852447510 1.0352594852447510 1.0352594852447510 1.0352594852447510 0
0.0000000000000000 0.0000000000000000 0.0000000000000000 0.0000000000000000 0.0000000000000000 0.0000000000000000
0.0000000000000000 0.0000000000000000 0.0000000000000000 0.0000000000000000 0.0000000000000000 0.0000000000000000
0.0000000000000000 0.0000000000000000 0.0000000000000000 0.0000000000000000 0.0000000000000000 0.0000000000000000
0.1614953130483627 0.1614953130483627 0.1614953130483627 0.1614953130483627 0.1614953130483627 0.1614953130483627
0.0000000000000000 0.0000000000000000 0.0000000000000000 0.0000000000000000 0.0000000000000000 0.0000000000000000
0.1637025028467178 0.1637025028467178 0.1637025028467178 0.1637025028467178 0.1637025028467178 0.1637025028467178
0.0000000000000000 0.0000000000000000 0.0000000000000000 0.0000000000000000 0.0000000000000000 0.0000000000000000
0.1673277169466019 0.1673277169466019 0.1673277169466019 0.1673277169466019 0.1673277169466019 0.1673277169466019
0.1716860681772232 0.1716860681772232 0.1716860681772232 0.1716860681772232 0.1716860681772232 0.1716860681772232
0.1627587080001831 0.1627587080001831 0.1627587080001831 0.1627587080001831 0.1627587080001831 0.1627587080001831
0.0000000000000000 0.0000000000000000 0.0000000000000000 0.0000000000000000 0.0000000000000000 0.0000000000000000
0.0000000000000000 0.0000000000000000 0.0000000000000000 0.0000000000000000 0.0000000000000000 0.0000000000000000
0.1612977981567383 0.1612977981567383 0.1612977981567383 0.1612977981567383 0.1612977981567383 0.1612977981567383
0.0000000000000000 0.0000000000000000 0.0000000000000000 0.0000000000000000 0.0000000000000000 0.0000000000000000
0.1800144612789154 0.1800144612789154 0.1800144612789154 0.1800144612789154 0.1800144612789154 0.1800144612789154
0.0000000000000000 0.0000000000000000 0.0000000000000000 0.0000000000000000 0.0000000000000000 0.0000000000000000
0.0000000000000000 0.0000000000000000 0.0000000000000000 0.0000000000000000 0.0000000000000000 0.0000000000000000
0.0000000000000000 0.0000000000000000 0.0000000000000000 0.0000000000000000 0.0000000000000000 0.0000000000000000
0.0000000000000000 0.0000000000000000 0.0000000000000000 0.0000000000000000 0.0000000000000000 0.0000000000000000
0.0000000000000000 0.0000000000000000 0.0000000000000000 0.0000000000000000 0.0000000000000000 0.0000000000000000
0.0000000000000000 0.0000000000000000 0.0000000000000000 0.0000000000000000 0.0000000000000000 0.0000000000000000
0.0000000000000000 0.0000000000000000 0.0000000000000000 0.0000000000000000 0.0000000000000000 0.0000000000000000
0.0000000000000000 0.0000000000000000 0.0000000000000000 0.0000000000000000 0.0000000000000000 0.0000000000000000
0.0000000000000000 0.0000000000000000 0.0000000000000000 0.0000000000000000 0.0000000000000000 0.0000000000000000
0.0000000000000000 0.0000000000000000 0.0000000000000000 0.0000000000000000 0.0000000000000000 0.0000000000000000
0.0000000000000000 0.0000000000000000 0.0000000000000000 0.0000000000000000 0.0000000000000000 0.0000000000000000
0.0000000000000000 0.0000000000000000 0.0000000000000000 0.0000000000000000 0.0000000000000000 0.0000000000000000
0.0000000000000000 0.0000000000000000 0.0000000000000000 0.0000000000000000 0.0000000000000000 0.0000000000000000
0.0000000000000000 0.0000000000000000 0.0000000000000000 0.0000000000000000 0.0000000000000000 0.0000000000000000
0.1750668585300446 0.1750668585300446 0.1750668585300446 0.1750668585300446 0.1750668585300446 0.1750668585300446
0.0000000000000000 0.0000000000000000 0.0000000000000000 0.0000000000000000 0.0000000000000000 0.0000000000000000
0.0000000000000000 0.0000000000000000 0.0000000000000000 0.0000000000000000 0.0000000000000000 0.0000000000000000
0.0000000000000000 0.0000000000000000 0.0000000000000000 0.0000000000000000 0.0000000000000000 0.0000000000000000
0.0000000000000000 0.0000000000000000 0.0000000000000000 0.0000000000000000 0.0000000000000000 0.0000000000000000
0.0000000000000000 0.0000000000000000 0.0000000000000000 0.0000000000000000 0.0000000000000000 0.0000000000000000
0.0000000000000000 0.0000000000000000 0.0000000000000000 0.0000000000000000 0.0000000000000000 0.0000000000000000
0.1628053784370422 0.1628053784370422 0.1628053784370422 0.1628053784370422 0.1628053784370422 0.1628053784370422
0.0000000000000000 0.0000000000000000 0.0000000000000000 0.0000000000000000 0.0000000000000000 0.0000000000000000
0.0000000000000000 0.0000000000000000 0.0000000000000000 0.0000000000000000 0.0000000000000000 0.0000000000000000
0.0000000000000000 0.0000000000000000 0.0000000000000000 0.0000000000000000 0.0000000000000000 0.0000000000000000
0.0000000000000000 0.0000000000000000 0.0000000000000000 0.0000000000000000 0.0000000000000000 0.0000000000000000
0.0000000000000000 0.0000000000000000 0.0000000000000000 0.0000000000000000 0.0000000000000000 0.0000000000000000
0.0000000000000000 0.0000000000000000 0.0000000000000000 0.0000000000000000 0.0000000000000000 0.0000000000000000
0.0000000000000000 0.0000000000000000 0.0000000000000000 0.0000000000000000 0.0000000000000000 0.0000000000000000
0.0000000000000000 0.0000000000000000 0.0000000000000000 0.0000000000000000 0.0000000000000000 0.0000000000000000
0.0000000000000000 0.0000000000000000 0.0000000000000000 0.0000000000000000 0.0000000000000000 0.0000000000000000
0.1611122488975525 0.1611122488975525 0.1611122488975525 0.1611122488975525 0.1611122488975525 0.1611122488975525
0.0000000000000000 0.0000000000000000 0.0000000000000000 0.0000000000000000 0.0000000000000000 0.0000000000000000
0.0000000000000000 0.0000000000000000 0.0000000000000000 0.0000000000000000 0.0000000000000000 0.0000000000000000
0.0000000000000000 0.0000000000000000 0.0000000000000000 0.0000000000000000 0.0000000000000000 0.0000000000000000
0.0000000000000000 0.0000000000000000 0.0000000000000000 0.0000000000000000 0.0000000000000000 0.0000000000000000
0.0000000000000000 0.0000000000000000 0.0000000000000000 0.0000000000000000 0.0000000000000000 0.0000000000000000
0.0000000000000000 0.0000000000000000 0.0000000000000000 0.0000000000000000 0.0000000000000000 0.0000000000000000
0.0000000000000000 0.0000000000000000 0.0000000000000000 0.0000000000000000 0.0000000000000000 0.0000000000000000
0.0000000000000000 0.0000000000000000 0.0000000000000000 0.0000000000000000 0.0000000000000000 0.0000000000000000
0.0000000000000000 0.0000000000000000 0.0000000000000000 0.0000000000000000 0.0000000000000000 0.0000000000000000
0.0000000000000000 0.0000000000000000 0.0000000000000000 0.0000000000000000 0.0000000000000000 0.0000000000000000
0.0000000000000000 0.0000000000000000 0.0000000000000000 0.0000000000000000 0.0000000000000000 0.0000000000000000
0.0000000000000000 0.0000000000000000 0.0000000000000000 0.0000000000000000 0.0000000000000000 0.0000000000000000
0.0000000000000000 0.0000000000000000 0.0000000000000000 0.0000000000000000 0.0000000000000000 0.0000000000000000
0.0000000000000000 0.0000000000000000 0.0000000000000000 0.0000000000000000 0.0000000000000000 0.0000000000000000
0.0000000000000000 0.0000000000000000 0.0000000000000000 0.0000000000000000 0.0000000000000000 0.0000000000000000
0.0000000000000000 0.0000000000000000 0.0000000000000000 0.0000000000000000 0.0000000000000000 0.0000000000000000
0.0000000000000000 0.0000000000000000 0.0000000000000000 0.0000000000000000 0.0000000000000000 0.0000000000000000
0.0000000000000000 0.0000000000000000 0.0000000000000000 0.0000000000000000 0.0000000000000000 0.0000000000000000
0.0000000000000000 0.0000000000000000 0.0000000000000000 0.0000000000000000 0.0000000000000000 0.0000000000000000
0.1693476289510727 0.1693476289510727 0.1693476289510727 0.1693476289510727 0.1693476289510727 0.1693476289510727
0.0000000000000000 0.0000000000000000 0.0000000000000000 0.0000000000000000 0.0000000000000000 0.0000000000000000
0.0000000000000000 0.0000000000000000 0.0000000000000000 0.0000000000000000 0.0000000000000000 0.0000000000000000
0.0000000000000000 0.0000000000000000 0.0000000000000000 0.0000000000000000 0.0000000000000000 0.0000000000000000
0.0000000000000000 0.0000000000000000 0.0000000000000000 0.0000000000000000 0.0000000000000000 0.0000000000000000
0.0000000000000000 0.0000000000000000 0.0000000000000000 0.0000000000000000 0.0000000000000000 0.0000000000000000
0.0000000000000000 0.0000000000000000 0.0000000000000000 0.0000000000000000 0.0000000000000000 0.0000000000000000
0.0000000000000000 0.0000000000000000 0.0000000000000000 0.0000000000000000 0.0000000000000000 0.0000000000000000
0.0000000000000000 0.0000000000000000 0.0000000000000000 0.0000000000000000 0.0000000000000000 0.0000000000000000
0.0000000000000000 0.0000000000000000 0.0000000000000000 0.0000000000000000 0.0000000000000000 0.0000000000000000
0.1609233468770981 0.1609233468770981 0.1609233468770981 0.1609233468770981 0.1609233468770981 0.1609233468770981
0.0000000000000000 0.0000000000000000 0.0000000000000000 0.0000000000000000 0.0000000000000000 0.0000000000000000
0.1716669350862503 0.1716669350862503 0.1716669350862503 0.1716669350862503 0.1716669350862503 0.1716669350862503
0.0000000000000000 0.0000000000000000 0.0000000000000000 0.0000000000000000 0.0000000000000000 0.0000000000000000
0.0000000000000000 0.0000000000000000 0.0000000000000000 0.0000000000000000 0.0000000000000000 0.0000000000000000
0.0000000000000000 0.0000000000000000 0.0000000000000000 0.0000000000000000 0.0000000000000000 0.0000000000000000
0.0000000000000000 0.0000000000000000 0.0000000000000000 0.0000000000000000 0.0000000000000000 0.0000000000000000
0.0000000000000000 0.0000000000000000 0.0000000000000000 0.0000000000000000 0.0000000000000000 0.0000000000000000
0.0000000000000000 0.0000000000000000 0.0000000000000000 0.0000000000000000 0.0000000000000000 0.0000000000000000
0.0000000000000000 0.0000000000000000 0.0000000000000000 0.0000000000000000 0.0000000000000000 0.0000000000000000
0.0000000000000000 0.0000000000000000 0.0000000000000000 0.0000000000000000 0.0000000000000000 0.0000000000000000
0.0000000000000000 0.0000000000000000 0.0000000000000000 0.0000000000000000 0.0000000000000000 0.0000000000000000
0.0000000000000000 0.0000000000000000 0.0000000000000000 0.0000000000000000 0.0000000000000000 0.0000000000000000
0.0000000000000000 0.0000000000000000 0.0000000000000000 0.0000000000000000 0.0000000000000000 0.0000000000000000
0.0000000000000000 0.0000000000000000 0.0000000000000000 0.0000000000000000 0.0000000000000000 0.0000000000000000
0.1637595593929291 0.1637595593929291 0.1637595593929291 0.1637595593929291 0.1637595593929291 0.1637595593929291
0.0000000000000000 0.0000000000000000 0.0000000000000000 0.0000000000000000 0.0000000000000000 0.0000000000000000
0.0000000000000000 0.0000000000000000 0.0000000000000000 0.0000000000000000 0.0000000000000000 0.0000000000000000
0.1609712094068527 0.1609712094068527 0.1609712094068527 0.1609712094068527 0.1609712094068527 0.1609712094068527
0.0000000000000000 0.0000000000000000 0.0000000000000000 0.0000000000000000 0.0000000000000000 0.0000000000000000
0.0000000000000000 0.0000000000000000 0.0000000000000000 0.0000000000000000 0.0000000000000000 0.0000000000000000
0.0000000000000000 0.0000000000000000 0.0000000000000000 0.0000000000000000 0.0000000000000000 0.0000000000000000
0.0000000000000000 0.0000000000000000 0.0000000000000000 0.0000000000000000 0.0000000000000000 0.0000000000000000
0.0000000000000000 0.0000000000000000 0.0000000000000000 0.0000000000000000 0.0000000000000000 0.0000000000000000
0.0000000000000000 0.0000000000000000 0.0000000000000000 0.0000000000000000 0.0000000000000000 0.0000000000000000
0.0000000000000000 0.0000000000000000 0.0000000000000000 0.0000000000000000 0.0000000000000000 0.0000000000000000
0.0000000000000000 0.0000000000000000 0.0000000000000000 0.0000000000000000 0.0000000000000000 0.0000000000000000
0.0000000000000000 0.0000000000000000 0.0000000000000000 0.0000000000000000 0.0000000000000000 0.0000000000000000
0.0000000000000000 0.0000000000000000 0.0000000000000000 0.0000000000000000 0.0000000000000000 0.0000000000000000
0.0000000000000000 0.0000000000000000 0.0000000000000000 0.0000000000000000 0.0000000000000000 0.0000000000000000
0.0000000000000000 0.0000000000000000 0.0000000000000000 0.0000000000000000 0.0000000000000000 0.0000000000000000
0.1668038666248322 0.1668038666248322 0.1668038666248322 0.1668038666248322 0.1668038666248322 0.1668038666248322
0.0000000000000000 0.0000000000000000 0.0000000000000000 0.0000000000000000 0.0000000000000000 0.0000000000000000
0.0000000000000000 0.0000000000000000 0.0000000000000000 0.0000000000000000 0.0000000000000000 0.0000000000000000
0.0000000000000000 0.0000000000000000 0.0000000000000000 0.0000000000000000 0.0000000000000000 0.0000000000000000
0.0000000000000000 0.0000000000000000 0.0000000000000000 0.0000000000000000 0.0000000000000000 0.0000000000000000
0.0000000000000000 0.0000000000000000 0.0000000000000000 0.0000000000000000 0.0000000000000000 0.0000000000000000
0.0000000000000000 0.0000000000000000 0.0000000000000000 0.0000000000000000 0.0000000000000000 0.0000000000000000
0.0000000000000000 0.0000000000000000 0.0000000000000000 0.0000000000000000 0.0000000000000000 0.0000000000000000
0.0000000000000000 0.0000000000000000 0.0000000000000000 0.0000000000000000 0.0000000000000000 0.0000000000000000
0.0000000000000000 0.0000000000000000 0.0000000000000000 0.0000000000000000 0.0000000000000000 0.0000000000000000
0.0000000000000000 0.0000000000000000 0.0000000000000000 0.0000000000000000 0.0000000000000000 0.0000000000000000
0.0000000000000000 0.0000000000000000 0.0000000000000000 0.0000000000000000 0.0000000000000000 0.0000000000000000
0.0000000000000000 0.0000000000000000 0.0000000000000000 0.0000000000000000 0.0000000000000000 0.0000000000000000
0.0000000000000000 0.0000000000000000 0.0000000000000000 0.0000000000000000 0.0000000000000000 0.0000000000000000
0.0000000000000000 0.0000000000000000 0.0000000000000000 0.0000000000000000 0.0000000000000000 0.0000000000000000
0.1665928363800049 0.1665928363800049 0.1665928363800049 0.1665928363800049 0.1665928363800049 0.1665928363800049
0.0000000000000000 0.0000000000000000 0.0000000000000000 0.0000000000000000 0.0000000000000000 0.0000000000000000
0.1652489453554153 0.1652489453554153 0.1652489453554153 0.1652489453554153 0.1652489453554153 0.1652489453554153
0.0000000000000000 0.0000000000000000 0.0000000000000000 0.0000000000000000 0.0000000000000000 0.0000000000000000
0.0000000000000000 0.0000000000000000 0.0000000000000000 0.0000000000000000 0.0000000000000000 0.0000000000000000
0.0000000000000000 0.0000000000000000 0.0000000000000000 0.0000000000000000 0.0000000000000000 0.0000000000000000
1.0450001955032349 1.0450001955032349 1.0450001955032349 1.0450001955032349 0
1.0295066833496094 1.0295066833496094 1.0295066833496094 1.0295066833496094 0
1.0549988746643066 1.0549988746643066 1.0549988746643066 1.0549988746643066 0
1.0510121583938599 1.0510121583938599 1.0510121583938599 1.0510121583938599 0
1.0674452781677246 1.0674452781677246 1.0674452781677246 1.0674452781677246 0
1.0486577749252319 1.0486577749252319 1.0486577749252319 1.0486577749252319 0
1.0244456529617310 1.0244456529617310 1.0244456529617310 1.0244456529617310 0
1.0521725416183472 1.0521725416183472 1.0521725416183472 1.0521725416183472 0
1.0216873884201050 1.0216873884201050 1.0216873884201050 1.0216873884201050 0
1.0567035675048828 1.0567035675048828 1.0567035675048828 1.0567035675048828 0
1.0634653568267822 1.0634653568267822 1.0634653568267822 1.0634653568267822 0
1.0488902330398560 1.0488902330398560 1.0488902330398560 1.0488902330398560 0
1.0522794723510742 1.0522794723510742 1.0522794723510742 1.0522794723510742 0
1.0520043373107910 1.0520043373107910 1.0520043373107910 1.0520043373107910 0
1.0418466329574585 1.0418466329574585 1.0418466329574585 1.0418466329574585 0
1.0511518716812134 1.0511518716812134 1.0511518716812134 1.0511518716812134 0
1.0482287406921387 1.0482287406921387 1.0482287406921387 1.0482287406921387 0
1.0500427484512329 1.0500427484512329 1.0500427484512329 1.0500427484512329 0
1.0622092485427856 1.0622092485427856 1.0622092485427856 1.0622092485427856 0
1.0571434497833252 1.0571434497833252 1.0571434497833252 1.0571434497833252 0
1.0559635162353516 1.0559635162353516 1.0559635162353516 1.0559635162353516 0
1.0406423807144165 1.0406423807144165 1.0406423807144165 1.0406423807144165 0
1.0392968654632568 1.0392968654632568 1.0392968654632568 1.0392968654632568 0
1.0337922573089600 1.0337922573089600 1.0337922573089600 1.0337922573089600 0
1.0357875823974609 1.0357875823974609 1.0357875823974609 1.0357875823974609 0
1.0311714410781860 1.0311714410781860 1.0311714410781860 1.0311714410781860 0
1.0291619300842285 1.0291619300842285 1.0291619300842285 1.0291619300842285 0
1.0129380226135254 1.0129380226135254 1.0129380226135254 1.0129380226135254 0
1.0319837331771851 1.0319837331771851 1.0319837331771851 1.0319837331771851 0
1.0440393686294556 1.0440393686294556 1.0440393686294556 1.0440393686294556 0
1.0342611074447632 1.0342611074447632 1.0342611074447632 1.0342611074447632 0
1.0537295341491699 1.0537295341491699 1.0537295341491699 1.0537295341491699 0
1.0422264337539673 1.0422264337539673 1.0422264337539673 1.0422264337539673 0
1.0342320203781128 1.0342320203781128 1.0342320203781128 1.0342320203781128 0
1.0242142677307129 1.0242142677307129 1.0242142677307129 1.0242142677307129 0
1.0434541702270508 1.0434541702270508 1.0434541702270508 1.0434541702270508 0
1.0414868593215942 1.0414868593215942 1.0414868593215942 1.0414868593215942 0
1.0398868322372437 1.0398868322372437 1.0398868322372437 1.0398868322372437 0
1.0414068698883057 1.0414068698883057 1.0414068698883057 1.0414068698883057 0
1.0364863872528076 1.0364863872528076 1.0364863872528076 1.0364863872528076 0
1.0325866937637329 1.0325866937637329 1.0325866937637329 1.0325866937637329 0
1.0524108409881592 1.0524108409881592 1.0524108409881592 1.0524108409881592 0
1.0475594997406006 1.0475594997406006 1.0475594997406006 1.0475594997406006 0
1.0445293188095093 1.0445293188095093 1.0445293188095093 1.0445293188095093 0
1.0444493293762207 1.0444493293762207 1.0444493293762207 1.0444493293762207 0
1.0544565916061401 1.0544565916061401 1.0544565916061401 1.0544565916061401 0
1.0446587800979614 1.0446587800979614 1.0446587800979614 1.0446587800979614 0
1.0425318479537964 1.0425318479537964 1.0425318479537964 1.0425318479537964 0
1.0448523759841919 1.0448523759841919 1.0448523759841919 1.0448523759841919 0
1.0450547933578491 1.0450547933578491 1.0450547933578491 1.0450547933578491 0
1.0357781648635864 1.0357781648635864 1.0357781648635864 1.0357781648635864 0
1.0472354888916016 1.0472354888916016 1.0472354888916016 1.0472354888916016 0
1.0616762638092041 1.0616762638092041 1.0616762638092041 1.0616762638092041 0
1.0459519624710083 1.0459519624710083 1.0459519624710083 1.0459519624710083 0
1.0386831760406494 1.0386831760406494 1.0386831760406494 1.0386831760406494 0
1.0503460168838501 1.0503460168838501 1.0503460168838501 1.0503460168838501 0
1.0513544082641602 1.0513544082641602 1.0513544082641602 1.0513544082641602 0
1.0304746627807617 1.0304746627807617 1.0304746627807617 1.0304746627807617 0
1.0610845088958740 1.0610845088958740 1.0610845088958740 1.0610845088958740 0
1.0435404777526855 1.0435404777526855 1.0435404777526855 1.0435404777526855 0
1.0474271774291992 1.0474271774291992 1.0474271774291992 1.0474271774291992 0
1.0679857730865479 1.0679857730865479 1.0679857730865479 1.0679857730865479 0
1.0381553173065186 1.0381553173065186 1.0381553173065186 1.0381553173065186 0
1.0548382997512817 1.0548382997512817 1.0548382997512817 1.0548382997512817 0
0.0000000000000000 0.0000000000000000 0.0000000000000000 0.0000000000000000 0.0000000000000000 0.0000000000000000
0.0000000000000000 0.0000000000000000 0.0000000000000000 0.0000000000000000 0.0000000000000000 0.0000000000000000
0.0000000000000000 0.0000000000000000 0.0000000000000000 0.0000000000000000 0.0000000000000000 0.0000000000000000
0.0000000000000000 0.0000000000000000 0.0000000000000000 0.0000000000000000 0.0000000000000000 0.0000000000000000
0.0000000000000000 0.0000000000000000 0.0000000000000000 0.0000000000000000 0.0000000000000000 0.0000000000000000
0.0000000000000000 0.0000000000000000 0.0000000000000000 0.0000000000000000 0.0000000000000000 0.0000000000000000
0.0000000000000000 0.0000000000000000 0.0000000000000000 0.0000000000000000 0.0000000000000000 0.0000000000000000
0.0000000000000000 0.0000000000000000 0.0000000000000000 0.0000000000000000 0.0000000000000000 0.0000000000000000
0.1655333340167999 0.1655333340167999 0.1655333340167999 0.1655333340167999 0.1655333340167999 0.1655333340167999
0.0000000000000000 0.0000000000000000 0.0000000000000000 0.0000000000000000 0.0000000000000000 0.0000000000000000
0.0000000000000000 0.0000000000000000 0.0000000000000000 0.0000000000000000 0.0000000000000000 0.0000000000000000
0.1644897311925888 0.1644897311925888 0.1644897311925888 0.1644897311925888 0.1644897311925888 0.1644897311925888
0.0000000000000000 0.0000000000000000 0.0000000000000000 0.0000000000000000 0.0000000000000000 0.0000000000000000
0.1710016131401062 0.1710016131401062 0.1710016131401062 0.1710016131401062 0.1710016131401062 0.1710016131401062
0.1708011329174042 0.1708011329174042 0.1708011329174042 0.1708011329174042 0.1708011329174042 0.1708011329174042
0.1689506918191910 0.1689506918191910 0.1689506918191910 0.1689506918191910 0.1689506918191910 0.1689506918191910
0.0000000000000000 0.0000000000000000 0.0000000000000000 0.0000000000000000 0.0000000000000000 0.0000000000000000
0.0000000000000000 0.0000000000000000 0.0000000000000000 0.0000000000000000 0.0000000000000000 0.0000000000000000
0.1782402694225311 0.1782402694225311 0.1782402694225311 0.1782402694225311 0.1782402694225311 0.1782402694225311
0.0000000000000000 0.0000000000000000 0.0000000000000000 0.0000000000000000 0.0000000000000000 0.0000000000000000
0.0000000000000000 0.0000000000000000 0.0000000000000000 0.0000000000000000 0.0000000000000000 0.0000000000000000
0.0000000000000000 0.0000000000000000 0.0000000000000000 0.0000000000000000 0.0000000000000000 0.0000000000000000
0.0000000000000000 0.0000000000000000 0.0000000000000000 0.0000000000000000 0.0000000000000000 0.0000000000000000
0.0000000000000000 0.0000000000000000 0.0000000000000000 0.0000000000000000 0.0000000000000000 0.0000000000000000
0.0000000000000000 0.0000000000000000 0.0000000000000000 0.0000000000000000 0.0000000000000000 0.0000000000000000
0.0000000000000000 0.0000000000000000 0.0000000000000000 0.0000000000000000 0.0000000000000000 0.0000000000000000
0.0000000000000000 0.0000000000000000 0.0000000000000000 0.0000000000000000 0.0000000000000000 0.0000000000000000
0.1750084459781647 0.1750084459781647 0.1750084459781647 0.1750084459781647 0.1750084459781647 0.1750084459781647
0.0000000000000000 0.0000000000000000 0.0000000000000000 0.0000000000000000 0.0000000000000000 0.0000000000000000
0.1701921522617340 0.1701921522617340 0.1701921522617340 0.1701921522617340 0.1701921522617340 0.1701921522617340
0.0000000000000000 0.0000000000000000 0.0000000000000000 0.0000000000000000 0.0000000000000000 0.0000000000000000
0.1631667017936707 0.1631667017936707 0.1631667017936707 0.1631667017936707 0.1631667017936707 0.1631667017936707
0.1801376640796661 0.1801376640796661 0.1801376640796661 0.1801376640796661 0.1801376640796661 0.1801376640796661
0.0000000000000000 0.0000000000000000 0.0000000000000000 0.0000000000000000 0.0000000000000000 0.0000000000000000
0.1665772199630737 0.1665772199630737 0.1665772199630737 0.1665772199630737 0.1665772199630737 0.1665772199630737
0.0000000000000000 0.0000000000000000 0.0000000000000000 0.0000000000000000 0.0000000000000000 0.0000000000000000
0.1632411777973175 0.1632411777973175 0.1632411777973175 0.1632411777973175 0.1632411777973175 0.1632411777973175
0.1669066846370697 0.1669066846370697 0.1669066846370697 0.1669066846370697 0.1669066846370697 0.1669066846370697
0.0000000000000000 0.0000000000000000 0.0000000000000000 0.0000000000000000 0.0000000000000000 0.0000000000000000
0.0000000000000000 0.0000000000000000 0.0000000000000000 0.0000000000000000 0.0000000000000000 0.0000000000000000
0.1623729914426804 0.1623729914426804 0.1623729914426804 0.1623729914426804 0.1623729914426804 0.1623729914426804
0.0000000000000000 0.0000000000000000 0.0000000000000000 0.0000000000000000 0.0000000000000000 0.0000000000000000
0.1639249622821808 0.1639249622821808 0.1639249622821808 0.1639249622821808 0.1639249622821808 0.1639249622821808
0.1681459546089172 0.1681459546089172 0.1681459546089172 0.1681459546089172 0.1681459546089172 0.1681459546089172
0.0000000000000000 0.0000000000000000 0.0000000000000000 0.0000000000000000 0.0000000000000000 0.0000000000000000
0.1762699186801910 0.1762699186801910 0.1762699186801910 0.1762699186801910 0.1762699186801910 0.1762699186801910
0.0000000000000000 0.0000000000000000 0.0000000000000000 0.0000000000000000 0.0000000000000000 0.0000000000000000
0.1665016114711761 0.1665016114711761 0.1665016114711761 0.1665016114711761 0.1665016114711761 0.1665016114711761
0.0000000000000000 0.0000000000000000 0.0000000000000000 0.0000000000000000 0.0000000000000000 0.0000000000000000
0.0000000000000000 0.0000000000000000 0.0000000000000000 0.0000000000000000 0.0000000000000000 0.0000000000000000
0.0000000000000000 0.0000000000000000 0.0000000000000000 0.0000000000000000 0.0000000000000000 0.0000000000000000
0.1688621640205383 0.1688621640205383 0.1688621640205383 0.1688621640205383 0.1688621640205383 0.1688621640205383
0.0000000000000000 0.0000000000000000 0.0000000000000000 0.0000000000000000 0.0000000000000000 0.0000000000000000
0.0000000000000000 0.0000000000000000 0.0000000000000000 0.0000000000000000 0.0000000000000000 0.0000000000000000
0.0000000000000000 0.0000000000000000 0.0000000000000000 0.0000000000000000 0.0000000000000000 0.0000000000000000
0.0000000000000000 0.0000000000000000 0.0000000000000000 0.0000000000000000 0.0000000000000000 0.0000000000000000
0.0000000000000000 0.0000000000000000 0.0000000000000000 0.0000000000000000 0.0000000000000000 0.0000000000000000
0.0000000000000000 0.0000000000000000 0.0000000000000000 0.0000000000000000 0.0000000000000000 0.0000000000000000
0.0000000000000000 0.0000000000000000 0.0000000000000000 0.0000000000000000 0.0000000000000000 0.0000000000000000
0.0000000000000000 0.0000000000000000 0.0000000000000000 0.0000000000000000 0.0000000000000000 0.0000000000000000
0.0000000000000000 0.0000000000000000 0.0000000000000000 0.0000000000000000 0.0000000000000000 0.0000000000000000
0.0000000000000000 0.0000000000000000 0.0000000000000000 0.0000000000000000 0.0000000000000000 0.0000000000000000
0.0000000000000000 0.0000000000000000 0.0000000000000000 0.0000000000000000 0.0000000000000000 0.0000000000000000
0.0000000000000000 0.0000000000000000 0.0000000000000000 0.0000000000000000 0.0000000000000000 0.0000000000000000
0.0000000000000000 0.0000000000000000 0.0000000000000000 0.0000000000000000 0.0000000000000000 0.0000000000000000
0.0000000000000000 0.0000000000000000 0.0000000000000000 0.0000000000000000 0.0000000000000000 0.0000000000000000
0.0000000000000000 0.0000000000000000 0.0000000000000000 0.0000000000000000 0.0000000000000000 0.0000000000000000
0.0000000000000000 0.0000000000000000 0.0000000000000000 0.0000000000000000 0.0000000000000000 0.0000000000000000
0.1612731069326401 0.1612731069326401 0.1612731069326401 0.1612731069326401 0.1612731069326401 0.1612731069326401
0.0000000000000000 0.0000000000000000 0.0000000000000000 0.0000000000000000 0.0000000000000000 0.0000000000000000
0.0000000000000000 0.0000000000000000 0.0000000000000000 0.0000000000000000 0.0000000000000000 0.0000000000000000
0.0000000000000000 0.0000000000000000 0.0000000000000000 0.0000000000000000 0.0000000000000000 0.0000000000000000
0.0000000000000000 0.0000000000000000 0.0000000000000000 0.0000000000000000 0.0000000000000000 0.0000000000000000
0.0000000000000000 0.0000000000000000 0.0000000000000000 0.0000000000000000 0.0000000000000000 0.0000000000000000
0.0000000000000000 0.0000000000000000 0.0000000000000000 0.0000000000000000 0.0000000000000000 0.0000000000000000
0.0000000000000000 0.0000000000000000 0.0000000000000000 0.0000000000000000 0.0000000000000000 0.0000000000000000
0.0000000000000000 0.0000000000000000 0.0000000000000000 0.0000000000000000 0.0000000000000000 0.0000000000000000
0.0000000000000000 0.0000000000000000 0.0000000000000000 0.0000000000000000 0.0000000000000000 0.0000000000000000
0.0000000000000000 0.0000000000000000 0.0000000000000000 0.0000000000000000 0.0000000000000000 0.0000000000000000
0.0000000000000000 0.0000000000000000 0.0000000000000000 0.0000000000000000 0.0000000000000000 0.0000000000000000
0.0000000000000000 0.0000000000000000 0.0000000000000000 0.0000000000000000 0.0000000000000000 0.0000000000000000
0.0000000000000000 0.0000000000000000 0.0000000000000000 0.0000000000000000 0.0000000000000000 0.0000000000000000
0.0000000000000000 0.0000000000000000 0.0000000000000000 0.0000000000000000 0.0000000000000000 0.0000000000000000
0.0000000000000000 0.0000000000000000 0.0000000000000000 0.0000000000000000 0.0000000000000000 0.0000000000000000
0.0000000000000000 0.0000000000000000 0.0000000000000000 0.0000000000000000 0.0000000000000000 0.0000000000000000
0.0000000000000000 0.0000000000000000 0.0000000000000000 0.0000000000000000 0.0000000000000000 0.0000000000000000
0.0000000000000000 0.0000000000000000 0.0000000000000000 0.0000000000000000 0.0000000000000000 0.0000000000000000
0.0000000000000000 0.0000000000000000 0.0000000000000000 0.0000000000000000 0.0000000000000000 0.0000000000000000
0.0000000000000000 0.0000000000000000 0.0000000000000000 0.0000000000000000 0.0000000000000000 0.0000000000000000
0.0000000000000000 0.0000000000000000 0.0000000000000000 0.0000000000000000 0.0000000000000000 0.0000000000000000
0.0000000000000000 0.0000000000000000 0.0000000000000000 0.0000000000000000 0.0000000000000000 0.0000000000000000
0.0000000000000000 0.0000000000000000 0.0000000000000000 0.0000000000000000 0.0000000000000000 0.0000000000000000
0.0000000000000000 0.0000000000000000 0.0000000000000000 0.0000000000000000 0.0000000000000000 0.0000000000000000
0.0000000000000000 0.0000000000000000 0.0000000000000000 0.0000000000000000 0.0000000000000000 0.0000000000000000
0.0000000000000000 0.0000000000000000 0.0000000000000000 0.0000000000000000 0.0000000000000000 0.0000000000000000
0.0000000000000000 0.0000000000000000 0.0000000000000000 0.0000000000000000 0.0000000000000000 0.0000000000000000
0.0000000000000000 0.0000000000000000 0.0000000000000000 0.0000000000000000 0.0000000000000000 0.0000000000000000
0.0000000000000000 0.0000000000000000 0.0000000000000000 0.0000000000000000 0.0000000000000000 0.0000000000000000
0.1611744016408920 0.1611744016408920 0.1611744016408920 0.1611744016408920 0.1611744016408920 0.1611744016408920
0.0000000000000000 0.0000000000000000 0.0000000000000000 0.0000000000000000 0.0000000000000000 0.0000000000000000
0.1724413335323334 0.1724413335323334 0.1724413335323334 0.1724413335323334 0.1724413335323334 0.1724413335323334
0.0000000000000000 0.0000000000000000 0.0000000000000000 0.0000000000000000 0.0000000000000000 0.0000000000000000
0.0000000000000000 0.0000000000000000 0.0000000000000000 0.0000000000000000 0.0000000000000000 0.0000000000000000
0.0000000000000000 0.0000000000000000 0.0000000000000000 0.0000000000000000 0.0000000000000000 0.0000000000000000
0.0000000000000000 0.0000000000000000 0.0000000000000000 0.0000000000000000 0.0000000000000000 0.0000000000000000
0.0000000000000000 0.0000000000000000 0.0000000000000000 0.0000000000000000 0.0000000000000000 0.0000000000000000
0.0000000000000000 0.0000000000000000 0.0000000000000000 0.0000000000000000 0.0000000000000000 0.0000000000000000
0.0000000000000000 0.0000000000000000 0.0000000000000000 0.0000000000000000 0.0000000000000000 0.0000000000000000
0.0000000000000000 0.0000000000000000 0.0000000000000000 0.0000000000000000 0.0000000000000000 0.0000000000000000
0.0000000000000000 0.0000000000000000 0.0000000000000000 0.0000000000000000 0.0000000000000000 0.0000000000000000
0.1616358757019043 0.1616358757019043 0.1616358757019043 0.1616358757019043 0.1616358757019043 0.1616358757019043
0.1681642979383469 0.1681642979383469 0.1681642979383469 0.1681642979383469 0.1681642979383469 0.1681642979383469
0.1639036238193512 0.1639036238193512 0.1639036238193512 0.1639036238193512 0.1639036238193512 0.1639036238193512
0.0000000000000000 0.0000000000000000 0.0000000000000000 0.0000000000000000 0.0000000000000000 0.0000000000000000
0.1746978014707565 0.1746978014707565 0.1746978014707565 0.1746978014707565 0.1746978014707565 0.1746978014707565
0.1614418774843216 0.1614418774843216 0.1614418774843216 0.1614418774843216 0.1614418774843216 0.1614418774843216
0.0000000000000000 0.0000000000000000 0.0000000000000000 0.0000000000000000 0.0000000000000000 0.0000000000000000
0.0000000000000000 0.0000000000000000 0.0000000000000000 0.0000000000000000 0.0000000000000000 0.0000000000000000
0.0000000000000000 0.0000000000000000 0.0000000000000000 0.0000000000000000 0.0000000000000000 0.0000000000000000
0.0000000000000000 0.0000000000000000 0.0000000000000000 0.0000000000000000 0.0000000000000000 0.0000000000000000
0.0000000000000000 0.0000000000000000 0.0000000000000000 0.0000000000000000 0.0000000000000000 0.0000000000000000
0.0000000000000000 0.0000000000000000 0.0000000000000000 0.0000000000000000 0.0000000000000000 0.0000000000000000
0.0000000000000000 0.0000000000000000 0.0000000000000000 0.0000000000000000 0.0000000000000000 0.0000000000000000
0.0000000000000000 0.0000000000000000 0.0000000000000000 0.0000000000000000 0.0000000000000000 0.0000000000000000
0.0000000000000000 0.0000000000000000 0.0000000000000000 0.0000000000000000 0.0000000000000000 0.0000000000000000
0.1778969168663025 0.1778969168663025 0.1778969168663025 0.1778969168663025 0.1778969168663025 0.1778969168663025
0.0000000000000000 0.0000000000000000 0.0000000000000000 0.0000000000000000 0.0000000000000000 0.0000000000000000
0.0000000000000000 0.0000000000000000 0.0000000000000000 0.0000000000000000 0.0000000000000000 0.0000000000000000
1.0552202463150024 1.0552202463150024 1.0552202463150024 1.0552202463150024 0
1.0538560152053833 1.0538560152053833 1.0538560152053833 1.0538560152053833 0
1.0383123159408569 1.0383123159408569 1.0383123159408569 1.0383123159408569 0
1.0520098209381104 1.0520098209381104 1.0520098209381104 1.0520098209381104 0
1.0617004632949829 1.0617004632949829 1.0617004632949829 1.0617004632949829 0
1.0515961647033691 1.0515961647033691 1.0515961647033691 1.0515961647033691 0
1.0369055271148682 1.0369055271148682 1.0369055271148682 1.0369055271148682 0
1.0498406887054443 1.0498406887054443 1.0498406887054443 1.0498406887054443 0
1.0503087043762207 1.0503087043762207 1.0503087043762207 1.0503087043762207 0
1.0607136487960815 1.0607136487960815 1.0607136487960815 1.0607136487960815 0
1.0562307834625244 1.0562307834625244 1.0562307834625244 1.0562307834625244 0
1.0471543073654175 1.0471543073654175 1.0471543073654175 1.0471543073654175 0
1.0387057065963745 1.0387057065963745 1.0387057065963745 1.0387057065963745 0
1.0613257884979248 1.0613257884979248 1.0613257884979248 1.0613257884979248 0
1.0396850109100342 1.0396850109100342 1.0396850109100342 1.0396850109100342 0
1.0369778871536255 1.0369778871536255 1.0369778871536255 1.0369778871536255 0
1.0384869575500488 1.0384869575500488 1.0384869575500488 1.0384869575500488 0
1.0254111289978027 1.0254111289978027 1.0254111289978027 1.0254111289978027 0
1.0500462055206299 1.0500462055206299 1.0500462055206299 1.0500462055206299 0
1.0166856050491333 1.0166856050491333 1.0166856050491333 1.0166856050491333 0
1.0606900453567505 1.0606900453567505 1.0606900453567505 1.0606900453567505 0
1.0400539636611938 1.0400539636611938 1.0400539636611938 1.0400539636611938 0
1.0388419628143311 1.0388419628143311 1.0388419628143311 1.0388419628143311 0
1.0246049165725708 1.0246049165725708 1.0246049165725708 1.0246049165725708 0
1.0524058341979980 1.0524058341979980 1.0524058341979980 1.0524058341979980 0
1.0213570594787598 1.0213570594787598 1.0213570594787598 1.0213570594787598 0
1.0355330705642700 1.0355330705642700 1.0355330705642700 1.0355330705642700 0
1.0309374332427979 1.0309374332427979 1.0309374332427979 1.0309374332427979 0
1.0494326353073120 1.0494326353073120 1.0494326353073120 1.0494326353073120 0
1.0489724874496460 1.0489724874496460 1.0489724874496460 1.0489724874496460 0
1.0303766727447510 1.0303766727447510 1.0303766727447510 1.0303766727447510 0
1.0320273637771606 1.0320273637771606 1.0320273637771606 1.0320273637771606 0
1.0391362905502319 1.0391362905502319 1.0391362905502319 1.0391362905502319 0
1.0458813905715942 1.0458813905715942 1.0458813905715942 1.0458813905715942 0
1.0597484111785889 1.0597484111785889 1.0597484111785889 1.0597484111785889 0
1.0506684780120850 1.0506684780120850 1.0506684780120850 1.0506684780120850 0
1.0529023408889771 1.0529023408889771 1.0529023408889771 1.0529023408889771 0
1.0563802719116211 1.0563802719116211 1.0563802719116211 1.0563802719116211 0
1.0048099756240845 1.0048099756240845 1.0048099756240845 1.0048099756240845 0
1.0176167488098145 1.0176167488098145 1.0176167488098145 1.0176167488098145 0
1.0405647754669189 1.0405647754669189 1.0405647754669189 1.0405647754669189 0
1.0604332685470581 1.0604332685470581 1.0604332685470581 1.0604332685470581 0
1.0550737380981445 1.0550737380981445 1.0550737380981445 1.0550737380981445 0
1.0633581876754761 1.0633581876754761 1.0633581876754761 1.0633581876754761 0
1.0395599603652954 1.0395599603652954 1.0395599603652954 1.0395599603652954 0
1.0414657592773438 1.0414657592773438 1.0414657592773438 1.0414657592773438 0
1.0408999919891357 1.0408999919891357 1.0408999919891357 1.0408999919891357 0
1.0285836458206177 1.0285836458206177 1.0285836458206177 1.0285836458206177 0
1.0465947389602661 1.0465947389602661 1.0465947389602661 1.0465947389602661 0
1.0423755645751953 1.0423755645751953 1.0423755645751953 1.0423755645751953 0
1.0501583814620972 1.0501583814620972 1.0501583814620972 1.0501583814620972 0
1.0473746061325073 1.0473746061325073 1.0473746061325073 1.0473746061325073 0
1.0279403924942017 1.0279403924942017 1.0279403924942017 1.0279403924942017 0
1.0217666625976562 1.0217666625976562 1.0217666625976562 1.0217666625976562 0
1.0469204187393188 1.0469204187393188 1.0469204187393188 1.0469204187393188 0
1.0224086046218872 1.0224086046218872 1.0224086046218872 1.0224086046218872 0
1.0251870155334473 1.0251870155334473 1.0251870155334473 1.0251870155334473 0
1.0275948047637939 1.0275948047637939 1.0275948047637939 1.0275948047637939 0
1.0489290952682495 1.0489290952682495 1.0489290952682495 1.0489290952682495 0
1.0486316680908203 1.0486316680908203 1.0486316680908203 1.0486316680908203 0
1.0469151735305786 1.0469151735305786 1.0469151735305786 1.0469151735305786 0
1.0399727821350098 1.0399727821350098 1.0399727821350098 1.0399727821350098 0
1.0531835556030273 1.0531835556030273 1.0531835556030273 1.0531835556030273 0
1.0323754549026489 1.0323754549026489 1.0323754549026489 1.0323754549026489 0
0.0000000000000000 0.0000000000000000 0.0000000000000000 0.0000000000000000 0.0000000000000000 0.0000000000000000
0.0000000000000000 0.0000000000000000 0.0000000000000000 0.0000000000000000 0.0000000000000000 0.0000000000000000
0.1615210324525833 0.1615210324525833 0.1615210324525833 0.1615210324525833 0.1615210324525833 0.1615210324525833
0.0000000000000000 0.0000000000000000 0.0000000000000000 0.0000000000000000 0.0000000000000000 0.0000000000000000
0.0000000000000000 0.0000000000000000 0.0000000000000000 0.0000000000000000 0.0000000000000000 0.0000000000000000
0.0000000000000000 0.0000000000000000 0.0000000000000000 0.0000000000000000 0.0000000000000000 0.0000000000000000
0.0000000000000000 0.0000000000000000 0.0000000000000000 0.0000000000000000 0.0000000000000000 0.0000000000000000
0.1639250218868256 0.1639250218868256 0.1639250218868256 0.1639250218868256 0.1639250218868256 0.1639250218868256
0.1660171896219254 0.1660171896219254 0.1660171896219254 0.1660171896219254 0.1660171896219254 0.1660171896219254
0.0000000000000000 0.0000000000000000 0.0000000000000000 0.0000000000000000 0.0000000000000000 0.0000000000000000
0.0000000000000000 0.0000000000000000 0.0000000000000000 0.0000000000000000 0.0000000000000000 0.0000000000000000
0.0000000000000000 0.0000000000000000 0.0000000000000000 0.0000000000000000 0.0000000000000000 0.0000000000000000
0.1606824249029160 0.1606824249029160 0.1606824249029160 0.1606824249029160 0.1606824249029160 0.1606824249029160
0.0000000000000000 0.0000000000000000 0.0000000000000000 0.0000000000000000 0.0000000000000000 0.0000000000000000
0.1719186156988144 0.1719186156988144 0.1719186156988144 0.1719186156988144 0.1719186156988144 0.1719186156988144
0.0000000000000000 0.0000000000000000 0.0000000000000000 0.0000000000000000 0.0000000000000000 0.0000000000000000
0.0000000000000000 0.0000000000000000 0.0000000000000000 0.0000000000000000 0.0000000000000000 0.0000000000000000
0.0000000000000000 0.0000000000000000 0.0000000000000000 0.0000000000000000 0.0000000000000000 0.0000000000000000
0.1712279617786407 0.1712279617786407 0.1712279617786407 0.1712279617786407 0.1712279617786407 0.1712279617786407
0.0000000000000000 0.0000000000000000 0.0000000000000000 0.0000000000000000 0.0000000000000000 0.0000000000000000
0.0000000000000000 0.0000000000000000 0.0000000000000000 0.0000000000000000 0.0000000000000000 0.0000000000000000
0.0000000000000000 0.0000000000000000 0.0000000000000000 0.0000000000000000 0.0000000000000000 0.0000000000000000
0.0000000000000000 0.0000000000000000 0.0000000000000000 0.0000000000000000 0.0000000000000000 0.0000000000000000
0.0000000000000000 0.0000000000000000 0.0000000000000000 0.0000000000000000 0.0000000000000000 0.0000000000000000
0.0000000000000000 0.0000000000000000 0.0000000000000000 0.0000000000000000 0.0000000000000000 0.0000000000000000
0.0000000000000000 0.0000000000000000 0.0000000000000000 0.0000000000000000 0.0000000000000000 0.0000000000000000
0.0000000000000000 0.0000000000000000 0.0000000000000000 0.0000000000000000 0.0000000000000000 0.0000000000000000
0.0000000000000000 0.0000000000000000 0.0000000000000000 0.0000000000000000 0.0000000000000000 0.0000000000000000
0.0000000000000000 0.0000000000000000 0.0000000000000000 0.0000000000000000 0.0000000000000000 0.0000000000000000
0.1670543104410172 0.1670543104410172 0.1670543104410172 0.1670543104410172 0.1670543104410172 0.1670543104410172
0.0000000000000000 0.0000000000000000 0.0000000000000000 0.0000000000000000 0.0000000000000000 0.0000000000000000
0.0000000000000000 0.0000000000000000 0.0000000000000000 0.0000000000000000 0.0000000000000000 0.0000000000000000
0.0000000000000000 0.0000000000000000 0.0000000000000000 0.0000000000000000 0.0000000000000000 0.0000000000000000
0.0000000000000000 0.0000000000000000 0.0000000000000000 0.0000000000000000 0.0000000000000000 0.0000000000000000
0.1624019593000412 0.1624019593000412 0.1624019593000412 0.1624019593000412 0.1624019593000412 0.1624019593000412
0.1612022370100021 0.1612022370100021 0.1612022370100021 0.1612022370100021 0.1612022370100021 0.1612022370100021
0.1627673655748367 0.1627673655748367 0.1627673655748367 0.1627673655748367 0.1627673655748367 0.1627673655748367
0.0000000000000000 0.0000000000000000 0.0000000000000000 0.0000000000000000 0.0000000000000000 0.0000000000000000
0.1612994968891144 0.1612994968891144 0.1612994968891144 0.1612994968891144 0.1612994968891144 0.1612994968891144
0.0000000000000000 0.0000000000000000 0.0000000000000000 0.0000000000000000 0.0000000000000000 0.0000000000000000
0.0000000000000000 0.0000000000000000 0.0000000000000000 0.0000000000000000 0.0000000000000000 0.0000000000000000
0.0000000000000000 0.0000000000000000 0.0000000000000000 0.0000000000000000 0.0000000000000000 0.0000000000000000
0.0000000000000000 0.0000000000000000 0.0000000000000000 0.0000000000000000 0.0000000000000000 0.0000000000000000
0.0000000000000000 0.0000000000000000 0.0000000000000000 0.0000000000000000 0.0000000000000000 0.0000000000000000
0.0000000000000000 0.0000000000000000 0.0000000000000000 0.0000000000000000 0.0000000000000000 0.0000000000000000
0.0000000000000000 0.0000000000000000 0.0000000000000000 0.0000000000000000 0.0000000000000000 0.0000000000000000
0.1628637909889221 0.1628637909889221 0.1628637909889221 0.1628637909889221 0.1628637909889221 0.1628637909889221
0.0000000000000000 0.0000000000000000 0.0000000000000000 0.0000000000000000 0.0000000000000000 0.0000000000000000
0.0000000000000000 0.0000000000000000 0.0000000000000000 0.0000000000000000 0.0000000000000000 0.0000000000000000
0.0000000000000000 0.0000000000000000 0.0000000000000000 0.0000000000000000 0.0000000000000000 0.0000000000000000
0.1645709872245789 0.1645709872245789 0.1645709872245789 0.1645709872245789 0.1645709872245789 0.1645709872245789
0.0000000000000000 0.0000000000000000 0.0000000000000000 0.0000000000000000 0.0000000000000000 0.0000000000000000
0.0000000000000000 0.0000000000000000 0.0000000000000000 0.0000000000000000 0.0000000000000000 0.0000000000000000
0.0000000000000000 0.0000000000000000 0.0000000000000000 0.0000000000000000 0.0000000000000000 0.0000000000000000
0.0000000000000000 0.0000000000000000 0.0000000000000000 0.0000000000000000 0.0000000000000000 0.0000000000000000
0.0000000000000000 0.0000000000000000 0.0000000000000000 0.0000000000000000 0.0000000000000000 0.0000000000000000
0.0000000000000000 0.0000000000000000 0.0000000000000000 0.0000000000000000 0.0000000000000000 0.0000000000000000
0.0000000000000000 0.0000000000000000 0.0000000000000000 0.0000000000000000 0.0000000000000000 0.0000000000000000
0.0000000000000000 0.0000000000000000 0.0000000000000000 0.0000000000000000 0.0000000000000000 0.0000000000000000
0.0000000000000000 0.0000000000000000 0.0000000000000000 0.0000000000000000 0.0000000000000000 0.0000000000000000
0.0000000000000000 0.0000000000000000 0.0000000000000000 0.0000000000000000 0.0000000000000000 0.0000000000000000
0.0000000000000000 0.0000000000000000 0.0000000000000000 0.0000000000000000 0.0000000000000000 0.0000000000000000
0.0000000000000000 0.0000000000000000 0.0000000000000000 0.0000000000000000 0.0000000000000000 0.0000000000000000
0.0000000000000000 0.0000000000000000 0.0000000000000000 0.0000000000000000 0.0000000000000000 0.0000000000000000
0.0000000000000000 0.0000000000000000 0.0000000000000000 0.0000000000000000 0.0000000000000000 0.0000000000000000
0.0000000000000000 0.0000000000000000 0.0000000000000000 0.0000000000000000 0.0000000000000000 0.0000000000000000
0.0000000000000000 0.0000000000000000 0.0000000000000000 0.0000000000000000 0.0000000000000000 0.0000000000000000
0.0000000000000000 0.0000000000000000 0.0000000000000000 0.0000000000000000 0.0000000000000000 0.0000000000000000
0.0000000000000000 0.0000000000000000 0.0000000000000000 0.0000000000000000 0.0000000000000000 0.0000000000000000
0.0000000000000000 0.0000000000000000 0.0000000000000000 0.0000000000000000 0.0000000000000000 0.0000000000000000
0.0000000000000000 0.0000000000000000 0.0000000000000000 0.0000000000000000 0.0000000000000000 0.0000000000000000
0.0000000000000000 0.0000000000000000 0.0000000000000000 0.0000000000000000 0.0000000000000000 0.0000000000000000
0.0000000000000000 0.0000000000000000 0.0000000000000000 0.0000000000000000 0.0000000000000000 0.0000000000000000
0.0000000000000000 0.0000000000000000 0.0000000000000000 0.0000000000000000 0.0000000000000000 0.0000000000000000
0.0000000000000000 0.0000000000000000 0.0000000000000000 0.0000000000000000 0.0000000000000000 0.0000000000000000
0.0000000000000000 0.0000000000000000 0.0000000000000000 0.0000000000000000 0.0000000000000000 0.0000000000000000
0.0000000000000000 0.0000000000000000 0.0000000000000000 0.0000000000000000 0.0000000000000000 0.0000000000000000
0.1632893830537796 0.1632893830537796 0.1632893830537796 0.1632893830537796 0.1632893830537796 0.1632893830537796
0.0000000000000000 0.0000000000000000 0.0000000000000000 0.0000000000000000 0.0000000000000000 0.0000000000000000
0.0000000000000000 0.0000000000000000 0.0000000000000000 0.0000000000000000 0.0000000000000000 0.0000000000000000
0.0000000000000000 0.0000000000000000 0.0000000000000000 0.0000000000000000 0.0000000000000000 0.0000000000000000
0.0000000000000000 0.0000000000000000 0.0000000000000000 0.0000000000000000 0.0000000000000000 0.0000000000000000
0.0000000000000000 0.0000000000000000 0.0000000000000000 0.0000000000000000 0.0000000000000000 0.0000000000000000
0.0000000000000000 0.0000000000000000 0.0000000000000000 0.0000000000000000 0.0000000000000000 0.0000000000000000
0.0000000000000000 0.0000000000000000 0.0000000000000000 0.0000000000000000 0.0000000000000000 0.0000000000000000
0.0000000000000000 0.0000000000000000 0.0000000000000000 0.0000000000000000 0.0000000000000000 0.0000000000000000
0.0000000000000000 0.0000000000000000 0.0000000000000000 0.0000000000000000 0.0000000000000000 0.0000000000000000
0.0000000000000000 0.0000000000000000 0.0000000000000000 0.0000000000000000 0.0000000000000000 0.0000000000000000
0.0000000000000000 0.0000000000000000 0.0000000000000000 0.0000000000000000 0.0000000000000000 0.0000000000000000
0.0000000000000000 0.0000000000000000 0.0000000000000000 0.0000000000000000 0.0000000000000000 0.0000000000000000
0.0000000000000000 0.0000000000000000 0.0000000000000000 0.0000000000000000 0.0000000000000000 0.0000000000000000
0.1606152206659317 0.1606152206659317 0.1606152206659317 0.1606152206659317 0.1606152206659317 0.1606152206659317
0.0000000000000000 0.0000000000000000 0.0000000000000000 0.0000000000000000 0.0000000000000000 0.0000000000000000
0.1674496382474899 0.1674496382474899 0.1674496382474899 0.1674496382474899 0.1674496382474899 0.1674496382474899
0.0000000000000000 0.0000000000000000 0.0000000000000000 0.0000000000000000 0.0000000000000000 0.0000000000000000
0.1613901555538177 0.1613901555538177 0.1613901555538177 0.1613901555538177 0.1613901555538177 0.1613901555538177
0.1821450442075729 0.1821450442075729 0.1821450442075729 0.1821450442075729 0.1821450442075729 0.1821450442075729
0.0000000000000000 0.0000000000000000 0.0000000000000000 0.0000000000000000 0.0000000000000000 0.0000000000000000
0.0000000000000000 0.0000000000000000 0.0000000000000000 0.0000000000000000 0.0000000000000000 0.0000000000000000
0.0000000000000000 0.0000000000000000 0.0000000000000000 0.0000000000000000 0.0000000000000000 0.0000000000000000
0.0000000000000000 0.0000000000000000 0.0000000000000000 0.0000000000000000 0.0000000000000000 0.0000000000000000
0.0000000000000000 0.0000000000000000 0.0000000000000000 0.0000000000000000 0.0000000000000000 0.0000000000000000
0.0000000000000000 0.0000000000000000 0.0000000000000000 0.0000000000000000 0.0000000000000000 0.0000000000000000
0.0000000000000000 0.0000000000000000 0.0000000000000000 0.0000000000000000 0.0000000000000000 0.0000000000000000
0.0000000000000000 0.0000000000000000 0.0000000000000000 0.0000000000000000 0.0000000000000000 0.0000000000000000
0.0000000000000000 0.0000000000000000 0.0000000000000000 0.0000000000000000 0.0000000000000000 0.0000000000000000
0.0000000000000000 0.0000000000000000 0.0000000000000000 0.0000000000000000 0.0000000000000000 0.0000000000000000
0.0000000000000000 0.0000000000000000 0.0000000000000000 0.0000000000000000 0.0000000000000000 0.0000000000000000
0.0000000000000000 0.0000000000000000 0.0000000000000000 0.0000000000000000 0.0000000000000000 0.0000000000000000
0.0000000000000000 0.0000000000000000 0.0000000000000000 0.0000000000000000 0.0000000000000000 0.0000000000000000
0.0000000000000000 0.0000000000000000 0.0000000000000000 0.0000000000000000 0.0000000000000000 0.0000000000000000
0.0000000000000000 0.0000000000000000 0.0000000000000000 0.0000000000000000 0.0000000000000000 0.0000000000000000
0.0000000000000000 0.0000000000000000 0.0000000000000000 0.0000000000000000 0.0000000000000000 0.0000000000000000
0.0000000000000000 0.0000000000000000 0.0000000000000000 0.0000000000000000 0.0000000000000000 0.0000000000000000
0.0000000000000000 0.0000000000000000 0.0000000000000000 0.0000000000000000 0.0000000000000000 0.0000000000000000
0.0000000000000000 0.0000000000000000 0.0000000000000000 0.0000000000000000 0.0000000000000000 0.0000000000000000
0.0000000000000000 0.0000000000000000 0.0000000000000000 0.0000000000000000 0.0000000000000000 0.0000000000000000
0.0000000000000000 0.0000000000000000 0.0000000000000000 0.0000000000000000 0.0000000000000000 0.0000000000000000
0.0000000000000000 0.0000000000000000 0.0000000000000000 0.0000000000000000 0.0000000000000000 0.0000000000000000
0.0000000000000000 0.0000000000000000 0.0000000000000000 0.0000000000000000 0.0000000000000000 0.0000000000000000
0.0000000000000000 0.0000000000000000 0.0000000000000000 0.0000000000000000 0.0000000000000000 0.0000000000000000
0.0000000000000000 0.0000000000000000 0.0000000000000000 0.0000000000000000 0.0000000000000000 0.0000000000000000
0.0000000000000000 0.0000000000000000 0.0000000000000000 0.0000000000000000 0.0000000000000000 0.0000000000000000
0.0000000000000000 0.0000000000000000 0.0000000000000000 0.0000000000000000 0.0000000000000000 0.0000000000000000
0.1624210476875305 0.1624210476875305 0.1624210476875305 0.1624210476875305 0.1624210476875305 0.1624210476875305
0.0000000000000000 0.0000000000000000 0.0000000000000000 0.0000000000000000 0.0000000000000000 0.0000000000000000
0.0000000000000000 0.0000000000000000 0.0000000000000000 0.0000000000000000 0.0000000000000000 0.0000000000000000
0.0000000000000000 0.0000000000000000 0.0000000000000000 0.0000000000000000 0.0000000000000000 0.0000000000000000
1.0443754196166992 1.0443754196166992 1.0443754196166992 1.0443754196166992 0
1.0480144023895264 1.0480144023895264 1.0480144023895264 1.0480144023895264 0
1.0465331077575684 1.0465331077575684 1.0465331077575684 1.0465331077575684 0
1.0432572364807129 1.0432572364807129 1.0432572364807129 1.0432572364807129 0
1.0559591054916382 1.0559591054916382 1.0559591054916382 1.0559591054916382 0
1.0506081581115723 1.0506081581115723 1.0506081581115723 1.0506081581115723 0
1.0337325334548950 1.0337325334548950 1.0337325334548950 1.0337325334548950 0
1.0433851480484009 1.0433851480484009 1.0433851480484009 1.0433851480484009 0
1.0381039381027222 1.0381039381027222 1.0381039381027222 1.0381039381027222 0
1.0436681509017944 1.0436681509017944 1.0436681509017944 1.0436681509017944 0
1.0595866441726685 1.0595866441726685 1.0595866441726685 1.0595866441726685 0
1.0429246425628662 1.0429246425628662 1.0429246425628662 1.0429246425628662 0
1.0472389459609985 1.0472389459609985 1.0472389459609985 1.0472389459609985 0
1.0584554672241211 1.0584554672241211 1.0584554672241211 1.0584554672241211 0
1.0373010635375977 1.0373010635375977 1.0373010635375977 1.0373010635375977 0
1.0421028137207031 1.0421028137207031 1.0421028137207031 1.0421028137207031 0
1.0465204715728760 1.0465204715728760 1.0465204715728760 1.0465204715728760 0
1.0593060255050659 1.0593060255050659 1.0593060255050659 1.0593060255050659 0
1.0485107898712158 1.0485107898712158 1.0485107898712158 1.0485107898712158 0
1.0682245492935181 1.0682245492935181 1.0682245492935181 1.0682245492935181 0
1.0560697317123413 1.0560697317123413 1.0560697317123413 1.0560697317123413 0
1.0404872894287109 1.0404872894287109 1.0404872894287109 1.0404872894287109 0
1.0330429077148438 1.0330429077148438 1.0330429077148438 1.0330429077148438 0
1.0409126281738281 1.0409126281738281 1.0409126281738281 1.0409126281738281 0
1.0258549451828003 1.0258549451828003 1.0258549451828003 1.0258549451828003 0
1.0325087308883667 1.0325087308883667 1.0325087308883667 1.0325087308883667 0
1.0285866260528564 1.0285866260528564 1.0285866260528564 1.0285866260528564 0
1.0185446739196777 1.0185446739196777 1.0185446739196777 1.0185446739196777 0
1.0267893075942993 1.0267893075942993 1.0267893075942993 1.0267893075942993 0
1.0400656461715698 1.0400656461715698 1.0400656461715698 1.0400656461715698 0
1.0356497764587402 1.0356497764587402 1.0356497764587402 1.0356497764587402 0
1.0477453470230103 1.0477453470230103 1.0477453470230103 1.0477453470230103 0
1.0362386703491211 1.0362386703491211 1.0362386703491211 1.0362386703491211 0
1.0377023220062256 1.0377023220062256 1.0377023220062256 1.0377023220062256 0
1.0351630449295044 1.0351630449295044 1.0351630449295044 1.0351630449295044 0
1.0352247953414917 1.0352247953414917 1.0352247953414917 1.0352247953414917 0
1.0455373525619507 1.0455373525619507 1.0455373525619507 1.0455373525619507 0
1.0507137775421143 1.0507137775421143 1.0507137775421143 1.0507137775421143 0
1.0508015155792236 1.0508015155792236 1.0508015155792236 1.0508015155792236 0
1.0602308511734009 1.0602308511734009 1.0602308511734009 1.0602308511734009 0
1.0387078523635864 1.0387078523635864 1.0387078523635864 1.0387078523635864 0
1.0477865934371948 1.0477865934371948 1.0477865934371948 1.0477865934371948 0
1.0605776309967041 1.0605776309967041 1.0605776309967041 1.0605776309967041 0
1.0568157434463501 1.0568157434463501 1.0568157434463501 1.0568157434463501 0
1.0352985858917236 1.0352985858917236 1.0352985858917236 1.0352985858917236 0
1.0462542772293091 1.0462542772293091 1.0462542772293091 1.0462542772293091 0
1.0465893745422363 1.0465893745422363 1.0465893745422363 1.0465893745422363 0
1.0320761203765869 1.0320761203765869 1.0320761203765869 1.0320761203765869 0
1.0446726083755493 1.0446726083755493 1.0446726083755493 1.0446726083755493 0
1.0512748956680298 1.0512748956680298 1.0512748956680298 1.0512748956680298 0
1.0364276170730591 1.0364276170730591 1.0364276170730591 1.0364276170730591 0
1.0556445121765137 1.0556445121765137 1.0556445121765137 1.0556445121765137 0
1.0734202861785889 1.0734202861785889 1.0734202861785889 1.0734202861785889 0
1.0549829006195068 1.0549829006195068 1.0549829006195068 1.0549829006195068 0
1.0475349426269531 1.0475349426269531 1.0475349426269531 1.0475349426269531 0
1.0502561330795288 1.0502561330795288 1.0502561330795288 1.0502561330795288 0
1.0630749464035034 1.0630749464035034 1.0630749464035034 1.0630749464035034 0
1.0287555456161499 1.0287555456161499 1.0287555456161499 1.0287555456161499 0
1.0448243618011475 1.0448243618011475 1.0448243618011475 1.0448243618011475 0
1.0453915596008301 1.0453915596008301 1.0453915596008301 1.0453915596008301 0
1.0450006723403931 1.0450006723403931 1.0450006723403931 1.0450006723403931 0
1.0696768760681152 1.0696768760681152 1.0696768760681152 1.0696768760681152 0
1.0539591312408447 1.0539591312408447 1.0539591312408447 1.0539591312408447 0
1.0648138523101807 1.0648138523101807 1.0648138523101807 1.0648138523101807 0
0.0000000000000000 0.0000000000000000 0.0000000000000000 0.0000000000000000 0.0000000000000000 0.0000000000000000
0.0000000000000000 0.0000000000000000 0.0000000000000000 0.0000000000000000 0.0000000000000000 0.0000000000000000
0.0000000000000000 0.0000000000000000 0.0000000000000000 0.0000000000000000 0.0000000000000000 0.0000000000000000
0.1610237807035446 0.1610237807035446 0.1610237807035446 0.1610237807035446 0.1610237807035446 0.1610237807035446
0.0000000000000000 0.0000000000000000 0.0000000000000000 0.0000000000000000 0.0000000000000000 0.0000000000000000
0.0000000000000000 0.0000000000000000 0.0000000000000000 0.0000000000000000 0.0000000000000000 0.0000000000000000
0.0000000000000000 0.0000000000000000 0.0000000000000000 0.0000000000000000 0.0000000000000000 0.0000000000000000
0.0000000000000000 0.0000000000000000 0.0000000000000000 0.0000000000000000 0.0000000000000000 0.0000000000000000
0.1625277101993561 0.1625277101993561 0.1625277101993561 0.1625277101993561 0.1625277101993561 0.1625277101993561
0.1675264388322830 0.1675264388322830 0.1675264388322830 0.1675264388322830 0.1675264388322830 0.1675264388322830
0.0000000000000000 0.0000000000000000 0.0000000000000000 0.0000000000000000 0.0000000000000000 0.0000000000000000
0.0000000000000000 0.0000000000000000 0.0000000000000000 0.0000000000000000 0.0000000000000000 0.0000000000000000
0.0000000000000000 0.0000000000000000 0.0000000000000000 0.0000000000000000 0.0000000000000000 0.0000000000000000
0.0000000000000000 0.0000000000000000 0.0000000000000000 0.0000000000000000 0.0000000000000000 0.0000000000000000
0.1680038571357727 0.1680038571357727 0.1680038571357727 0.1680038571357727 0.1680038571357727 0.1680038571357727
0.1688555181026459 0.1688555181026459 0.1688555181026459 0.1688555181026459 0.1688555181026459 0.1688555181026459
0.0000000000000000 0.0000000000000000 0.0000000000000000 0.0000000000000000 0.0000000000000000 0.0000000000000000
0.0000000000000000 0.0000000000000000 0.0000000000000000 0.0000000000000000 0.0000000000000000 0.0000000000000000
0.1811030209064484 0.1811030209064484 0.1811030209064484 0.1811030209064484 0.1811030209064484 0.1811030209064484
0.0000000000000000 0.0000000000000000 0.0000000000000000 0.0000000000000000 0.0000000000000000 0.0000000000000000
0.0000000000000000 0.0000000000000000 0.0000000000000000 0.0000000000000000 0.0000000000000000 0.0000000000000000
0.0000000000000000 0.0000000000000000 0.0000000000000000 0.0000000000000000 0.0000000000000000 0.0000000000000000
0.0000000000000000 0.0000000000000000 0.0000000000000000 0.0000000000000000 0.0000000000000000 0.0000000000000000
0.0000000000000000 0.0000000000000000 0.0000000000000000 0.0000000000000000 0.0000000000000000 0.0000000000000000
0.0000000000000000 0.0000000000000000 0.0000000000000000 0.0000000000000000 0.0000000000000000 0.0000000000000000
0.0000000000000000 0.0000000000000000 0.0000000000000000 0.0000000000000000 0.0000000000000000 0.0000000000000000
0.0000000000000000 0.0000000000000000 0.0000000000000000 0.0000000000000000 0.0000000000000000 0.0000000000000000
0.1616887748241425 0.1616887748241425 0.1616887748241425 0.1616887748241425 0.1616887748241425 0.1616887748241425
0.1623284667730331 0.1623284667730331 0.1623284667730331 0.1623284667730331 0.1623284667730331 0.1623284667730331
0.0000000000000000 0.0000000000000000 0.0000000000000000 0.0000000000000000 0.0000000000000000 0.0000000000000000
0.1668272763490677 0.1668272763490677 0.1668272763490677 0.1668272763490677 0.1668272763490677 0.1668272763490677
0.1655284613370895 0.1655284613370895 0.1655284613370895 0.1655284613370895 0.1655284613370895 0.1655284613370895
0.1794824451208115 0.1794824451208115 0.1794824451208115 0.1794824451208115 0.1794824451208115 0.1794824451208115
0.0000000000000000 0.0000000000000000 0.0000000000000000 0.0000000000000000 0.0000000000000000 0.0000000000000000
0.1637283414602280 0.1637283414602280 0.1637283414602280 0.1637283414602280 0.1637283414602280 0.1637283414602280
0.0000000000000000 0.0000000000000000 0.0000000000000000 0.0000000000000000 0.0000000000000000 0.0000000000000000
0.0000000000000000 0.0000000000000000 0.0000000000000000 0.0000000000000000 0.0000000000000000 0.0000000000000000
0.0000000000000000 0.0000000000000000 0.0000000000000000 0.0000000000000000 0.0000000000000000 0.0000000000000000
0.0000000000000000 0.0000000000000000 0.0000000000000000 0.0000000000000000 0.0000000000000000 0.0000000000000000
0.0000000000000000 0.0000000000000000 0.0000000000000000 0.0000000000000000 0.0000000000000000 0.0000000000000000
0.1691706031560898 0.1691706031560898 0.1691706031560898 0.1691706031560898 0.1691706031560898 0.1691706031560898
0.0000000000000000 0.0000000000000000 0.0000000000000000 0.0000000000000000 0.0000000000000000 0.0000000000000000
0.1660632044076920 0.1660632044076920 0.1660632044076920 0.1660632044076920 0.1660632044076920 0.1660632044076920
0.1722020506858826 0.1722020506858826 0.1722020506858826 0.1722020506858826 0.1722020506858826 0.1722020506858826
0.0000000000000000 0.0000000000000000 0.0000000000000000 0.0000000000000000 0.0000000000000000 0.0000000000000000
0.1806716322898865 0.1806716322898865 0.1806716322898865 0.1806716322898865 0.1806716322898865 0.1806716322898865
0.0000000000000000 0.0000000000000000 0.0000000000000000 0.0000000000000000 0.0000000000000000 0.0000000000000000
0.1717006415128708 0.1717006415128708 0.1717006415128708 0.1717006415128708 0.1717006415128708 0.1717006415128708
0.0000000000000000 0.0000000000000000 0.0000000000000000 0.0000000000000000 0.0000000000000000 0.0000000000000000
0.0000000000000000 0.0000000000000000 0.0000000000000000 0.0000000000000000 0.0000000000000000 0.0000000000000000
0.0000000000000000 0.0000000000000000 0.0000000000000000 0.0000000000000000 0.0000000000000000 0.0000000000000000
0.1628420203924179 0.1628420203924179 0.1628420203924179 0.1628420203924179 0.1628420203924179 0.1628420203924179
0.0000000000000000 0.0000000000000000 0.0000000000000000 0.0000000000000000 0.0000000000000000 0.0000000000000000
0.0000000000000000 0.0000000000000000 0.0000000000000000 0.0000000000000000 0.0000000000000000 0.0000000000000000
0.0000000000000000 0.0000000000000000 0.0000000000000000 0.0000000000000000 0.0000000000000000 0.0000000000000000
0.0000000000000000 0.0000000000000000 0.0000000000000000 0.0000000000000000 0.0000000000000000 0.0000000000000000
0.0000000000000000 0.0000000000000000 0.0000000000000000 0.0000000000000000 0.0000000000000000 0.0000000000000000
0.0000000000000000 0.0000000000000000 0.0000000000000000 0.0000000000000000 0.0000000000000000 0.0000000000000000
0.0000000000000000 0.0000000000000000 0.0000000000000000 0.0000000000000000 0.0000000000000000 0.0000000000000000
0.0000000000000000 0.0000000000000000 0.0000000000000000 0.0000000000000000 0.0000000000000000 0.0000000000000000
0.0000000000000000 0.0000000000000000 0.0000000000000000 0.0000000000000000 0.0000000000000000 0.0000000000000000
0.0000000000000000 0.0000000000000000 0.0000000000000000 0.0000000000000000 0.0000000000000000 0.0000000000000000
0.0000000000000000 0.0000000000000000 0.0000000000000000 0.0000000000000000 0.0000000000000000 0.0000000000000000
0.0000000000000000 0.0000000000000000 0.0000000000000000 0.0000000000000000 0.0000000000000000 0.0000000000000000
0.0000000000000000 0.0000000000000000 0.0000000000000000 0.0000000000000000 0.0000000000000000 0.0000000000000000
0.0000000000000000 0.0000000000000000 0.0000000000000000 0.0000000000000000 0.0000000000000000 0.0000000000000000
0.0000000000000000 0.0000000000000000 0.0000000000000000 0.0000000000000000 0.0000000000000000 0.0000000000000000
0.0000000000000000 0.0000000000000000 0.0000000000000000 0.0000000000000000 0.0000000000000000 0.0000000000000000
0.0000000000000000 0.0000000000000000 0.0000000000000000 0.0000000000000000 0.0000000000000000 0.0000000000000000
0.0000000000000000 0.0000000000000000 0.0000000000000000 0.0000000000000000 0.0000000000000000 0.0000000000000000
0.0000000000000000 0.0000000000000000 0.0000000000000000 0.0000000000000000 0.0000000000000000 0.0000000000000000
0.0000000000000000 0.0000000000000000 0.0000000000000000 0.0000000000000000 0.0000000000000000 0.0000000000000000
0.0000000000000000 0.0000000000000000 0.0000000000000000 0.0000000000000000 0.0000000000000000 0.0000000000000000
0.0000000000000000 0.0000000000000000 0.0000000000000000 0.0000000000000000 0.0000000000000000 0.0000000000000000
0.0000000000000000 0.0000000000000000 0.0000000000000000 0.0000000000000000 0.0000000000000000 0.0000000000000000
0.0000000000000000 0.0000000000000000 0.0000000000000000 0.0000000000000000 0.0000000000000000 0.0000000000000000
0.1619594544172287 0.1619594544172287 0.1619594544172287 0.1619594544172287 0.1619594544172287 0.1619594544172287
0.0000000000000000 0.0000000000000000 0.0000000000000000 0.0000000000000000 0.0000000000000000 0.0000000000000000
0.0000000000000000 0.0000000000000000 0.0000000000000000 0.0000000000000000 0.0000000000000000 0.0000000000000000
0.0000000000000000 0.0000000000000000 0.0000000000000000 0.0000000000000000 0.0000000000000000 0.0000000000000000
0.0000000000000000 0.0000000000000000 0.0000000000000000 0.0000000000000000 0.0000000000000000 0.0000000000000000
0.0000000000000000 0.0000000000000000 0.0000000000000000 0.0000000000000000 0.0000000000000000 0.0000000000000000
0.0000000000000000 0.0000000000000000 0.0000000000000000 0.0000000000000000 0.0000000000000000 0.0000000000000000
0.0000000000000000 0.0000000000000000 0.0000000000000000 0.0000000000000000 0.0000000000000000 0.0000000000000000
0.0000000000000000 0.0000000000000000 0.0000000000000000 0.0000000000000000 0.0000000000000000 0.0000000000000000
0.0000000000000000 0.0000000000000000 0.0000000000000000 0.0000000000000000 0.0000000000000000 0.0000000000000000
0.0000000000000000 0.0000000000000000 0.0000000000000000 0.0000000000000000 0.0000000000000000 0.0000000000000000
0.0000000000000000 0.0000000000000000 0.0000000000000000 0.0000000000000000 0.0000000000000000 0.0000000000000000
0.0000000000000000 0.0000000000000000 0.0000000000000000 0.0000000000000000 0.0000000000000000 0.0000000000000000
0.0000000000000000 0.0000000000000000 0.0000000000000000 0.0000000000000000 0.0000000000000000 0.0000000000000000
0.0000000000000000 0.0000000000000000 0.0000000000000000 0.0000000000000000 0.0000000000000000 0.0000000000000000
0.1607611626386642 0.1607611626386642 0.1607611626386642 0.1607611626386642 0.1607611626386642 0.1607611626386642
0.0000000000000000 0.0000000000000000 0.0000000000000000 0.0000000000000000 0.0000000000000000 0.0000000000000000
0.0000000000000000 0.0000000000000000 0.0000000000000000 0.0000000000000000 0.0000000000000000 0.0000000000000000
0.0000000000000000 0.0000000000000000 0.0000000000000000 0.0000000000000000 0.0000000000000000 0.0000000000000000
0.0000000000000000 0.0000000000000000 0.0000000000000000 0.0000000000000000 0.0000000000000000 0.0000000000000000
0.1658408641815186 0.1658408641815186 0.1658408641815186 0.1658408641815186 0.1658408641815186 0.1658408641815186
0.0000000000000000 0.0000000000000000 0.0000000000000000 0.0000000000000000 0.0000000000000000 0.0000000000000000
0.1622244119644165 0.1622244119644165 0.1622244119644165 0.1622244119644165 0.1622244119644165 0.1622244119644165
0.1724738329648972 0.1724738329648972 0.1724738329648972 0.1724738329648972 0.1724738329648972 0.1724738329648972
0.1766125559806824 0.1766125559806824 0.1766125559806824 0.1766125559806824 0.1766125559806824 0.1766125559806824
0.0000000000000000 0.0000000000000000 0.0000000000000000 0.0000000000000000 0.0000000000000000 0.0000000000000000
0.0000000000000000 0.0000000000000000 0.0000000000000000 0.0000000000000000 0.0000000000000000 0.0000000000000000
0.0000000000000000 0.0000000000000000 0.0000000000000000 0.0000000000000000 0.0000000000000000 0.0000000000000000
0.0000000000000000 0.0000000000000000 0.0000000000000000 0.0000000000000000 0.0000000000000000 0.0000000000000000
0.0000000000000000 0.0000000000000000 0.0000000000000000 0.0000000000000000 0.0000000000000000 0.0000000000000000
0.0000000000000000 0.0000000000000000 0.0000000000000000 0.0000000000000000 0.0000000000000000 0.0000000000000000
0.0000000000000000 0.0000000000000000 0.0000000000000000 0.0000000000000000 0.0000000000000000 0.0000000000000000
0.0000000000000000 0.0000000000000000 0.0000000000000000 0.0000000000000000 0.0000000000000000 0.0000000000000000
0.1677879542112350 0.1677879542112350 0.1677879542112350 0.1677879542112350 0.1677879542112350 0.1677879542112350
0.0000000000000000 0.0000000000000000 0.0000000000000000 0.0000000000000000 0.0000000000000000 0.0000000000000000
0.1786569058895111 0.1786569058895111 0.1786569058895111 0.1786569058895111 0.1786569058895111 0.1786569058895111
0.0000000000000000 0.0000000000000000 0.0000000000000000 0.0000000000000000 0.0000000000000000 0.0000000000000000
0.1628075242042542 0.1628075242042542 0.1628075242042542 0.1628075242042542 0.1628075242042542 0.1628075242042542
0.1725016236305237 0.1725016236305237 0.1725016236305237 0.1725016236305237 0.1725016236305237 0.1725016236305237
0.1671753525733948 0.1671753525733948 0.1671753525733948 0.1671753525733948 0.1671753525733948 0.1671753525733948
0.1651583015918732 0.1651583015918732 0.1651583015918732 0.1651583015918732 0.1651583015918732 0.1651583015918732
0.0000000000000000 0.0000000000000000 0.0000000000000000 0.0000000000000000 0.0000000000000000 0.0000000000000000
0.0000000000000000 0.0000000000000000 0.0000000000000000 0.0000000000000000 0.0000000000000000 0.0000000000000000
0.0000000000000000 0.0000000000000000 0.0000000000000000 0.0000000000000000 0.0000000000000000 0.0000000000000000
0.0000000000000000 0.0000000000000000 0.0000000000000000 0.0000000000000000 0.0000000000000000 0.0000000000000000
0.0000000000000000 0.0000000000000000 0.0000000000000000 0.0000000000000000 0.0000000000000000 0.0000000000000000
0.0000000000000000 0.0000000000000000 0.0000000000000000 0.0000000000000000 0.0000000000000000 0.0000000000000000
0.0000000000000000 0.0000000000000000 0.0000000000000000 0.0000000000000000 0.0000000000000000 0.0000000000000000
0.0000000000000000 0.0000000000000000 0.0000000000000000 0.0000000000000000 0.0000000000000000 0.0000000000000000
0.1839147359132767 0.1839147359132767 0.1839147359132767 0.1839147359132767 0.1839147359132767 0.1839147359132767
0.1642445176839828 0.1642445176839828 0.1642445176839828 0.1642445176839828 0.1642445176839828 0.1642445176839828
0.1668394207954407 0.1668394207954407 0.1668394207954407 0.1668394207954407 0.1668394207954407 0.1668394207954407
1.0497719049453735 1.0497719049453735 1.0497719049453735 1.0497719049453735 0
1.0524171590805054 1.0524171590805054 1.0524171590805054 1.0524171590805054 0
1.0524727106094360 1.0524727106094360 1.0524727106094360 1.0524727106094360 0
1.0365395545959473 1.0365395545959473 1.0365395545959473 1.0365395545959473 0
1.0687346458435059 1.0687346458435059 1.0687346458435059 1.0687346458435059 0
1.0501817464828491 1.0501817464828491 1.0501817464828491 1.0501817464828491 0
1.0366071462631226 1.0366071462631226 1.0366071462631226 1.0366071462631226 0
1.0325409173965454 1.0325409173965454 1.0325409173965454 1.0325409173965454 0
1.0617986917495728 1.0617986917495728 1.0617986917495728 1.0617986917495728 0
1.0646779537200928 1.0646779537200928 1.0646779537200928 1.0646779537200928 0
1.0560200214385986 1.0560200214385986 1.0560200214385986 1.0560200214385986 0
1.0438661575317383 1.0438661575317383 1.0438661575317383 1.0438661575317383 0
1.0491758584976196 1.0491758584976196 1.0491758584976196 1.0491758584976196 0
1.0538674592971802 1.0538674592971802 1.0538674592971802 1.0538674592971802 0
1.0457576513290405 1.0457576513290405 1.0457576513290405 1.0457576513290405 0
1.0527219772338867 1.0527219772338867 1.0527219772338867 1.0527219772338867 0
1.0380271673202515 1.0380271673202515 1.0380271673202515 1.0380271673202515 0
1.0344372987747192 1.0344372987747192 1.0344372987747192 1.0344372987747192 0
1.0359715223312378 1.0359715223312378 1.0359715223312378 1.0359715223312378 0
1.0306798219680786 1.0306798219680786 1.0306798219680786 1.0306798219680786 0
1.0538032054901123 1.0538032054901123 1.0538032054901123 1.0538032054901123 0
1.0484720468521118 1.0484720468521118 1.0484720468521118 1.0484720468521118 0
1.0305670499801636 1.0305670499801636 1.0305670499801636 1.0305670499801636 0
1.0301929712295532 1.0301929712295532 1.0301929712295532 1.0301929712295532 0
1.0503180027008057 1.0503180027008057 1.0503180027008057 1.0503180027008057 0
1.0236464738845825 1.0236464738845825 1.0236464738845825 1.0236464738845825 0
1.0311622619628906 1.0311622619628906 1.0311622619628906 1.0311622619628906 0
1.0368138551712036 1.0368138551712036 1.0368138551712036 1.0368138551712036 0
1.0451706647872925 1.0451706647872925 1.0451706647872925 1.0451706647872925 0
1.0424704551696777 1.0424704551696777 1.0424704551696777 1.0424704551696777 0
1.0355734825134277 1.0355734825134277 1.0355734825134277 1.0355734825134277 0
1.0427168607711792 1.0427168607711792 1.0427168607711792 1.0427168607711792 0
1.0344732999801636 1.0344732999801636 1.0344732999801636 1.0344732999801636 0
1.0404199361801147 1.0404199361801147 1.0404199361801147 1.0404199361801147 0
1.0396163463592529 1.0396163463592529 1.0396163463592529 1.0396163463592529 0
1.0489101409912109 1.0489101409912109 1.0489101409912109 1.0489101409912109 0
1.0583182573318481 1.0583182573318481 1.0583182573318481 1.0583182573318481 0
1.0406496524810791 1.0406496524810791 1.0406496524810791 1.0406496524810791 0
1.0130031108856201 1.0130031108856201 1.0130031108856201 1.0130031108856201 0
1.0222855806350708 1.0222855806350708 1.0222855806350708 1.0222855806350708 0
1.0433946847915649 1.0433946847915649 1.0433946847915649 1.0433946847915649 0
1.0588258504867554 1.0588258504867554 1.0588258504867554 1.0588258504867554 0
1.0615891218185425 1.0615891218185425 1.0615891218185425 1.0615891218185425 0
1.0762771368026733 1.0762771368026733 1.0762771368026733 1.0762771368026733 0
1.0462703704833984 1.0462703704833984 1.0462703704833984 1.0462703704833984 0
1.0474036931991577 1.0474036931991577 1.0474036931991577 1.0474036931991577 0
1.0332076549530029 1.0332076549530029 1.0332076549530029 1.0332076549530029 0
1.0311275720596313 1.0311275720596313 1.0311275720596313 1.0311275720596313 0
1.0556839704513550 1.0556839704513550 1.0556839704513550 1.0556839704513550 0
1.0530720949172974 1.0530720949172974 1.0530720949172974 1.0530720949172974 0
1.0381367206573486 1.0381367206573486 1.0381367206573486 1.0381367206573486 0
1.0386259555816650 1.0386259555816650 1.0386259555816650 1.0386259555816650 0
1.0345458984375000 1.0345458984375000 1.0345458984375000 1.0345458984375000 0
1.0039126873016357 1.0039126873016357 1.0039126873016357 1.0039126873016357 0
1.0511931180953979 1.0511931180953979 1.0511931180953979 1.0511931180953979 0
1.0321933031082153 1.0321933031082153 1.0321933031082153 1.0321933031082153 0
1.0368700027465820 1.0368700027465820 1.0368700027465820 1.0368700027465820 0
1.0361402034759521 1.0361402034759521 1.0361402034759521 1.0361402034759521 0
1.0269565582275391 1.0269565582275391 1.0269565582275391 1.0269565582275391 0
1.0484170913696289 1.0484170913696289 1.0484170913696289 1.0484170913696289 0
1.0361149311065674 1.0361149311065674 1.0361149311065674 1.0361149311065674 0
1.0463858842849731 1.0463858842849731 1.0463858842849731 1.0463858842849731 0
1.0475547313690186 1.0475547313690186 1.0475547313690186 1.0475547313690186 0
1.0499702692031860 1.0499702692031860 1.0499702692031860 1.0499702692031860 0
0.1632932275533676 0.1632932275533676 0.1632932275533676 0.1632932275533676 0.1632932275533676 0.1632932275533676
0.1718262284994125 0.1718262284994125 0.1718262284994125 0.1718262284994125 0.1718262284994125 0.1718262284994125
0.0000000000000000 0.0000000000000000 0.0000000000000000 0.0000000000000000 0.0000000000000000 0.0000000000000000
0.0000000000000000 0.0000000000000000 0.0000000000000000 0.0000000000000000 0.0000000000000000 0.0000000000000000
0.1653476208448410 0.1653476208448410 0.1653476208448410 0.1653476208448410 0.1653476208448410 0.1653476208448410
0.0000000000000000 0.0000000000000000 0.0000000000000000 0.0000000000000000 0.0000000000000000 0.0000000000000000
0.1609517186880112 0.1609517186880112 0.1609517186880112 0.1609517186880112 0.1609517186880112 0.1609517186880112
0.0000000000000000 0.0000000000000000 0.0000000000000000 0.0000000000000000 0.0000000000000000 0.0000000000000000
0.1662284135818481 0.1662284135818481 0.1662284135818481 0.1662284135818481 0.1662284135818481 0.1662284135818481
0.0000000000000000 0.0000000000000000 0.0000000000000000 0.0000000000000000 0.0000000000000000 0.0000000000000000
0.1741967648267746 0.1741967648267746 0.1741967648267746 0.1741967648267746 0.1741967648267746 0.1741967648267746
0.0000000000000000 0.0000000000000000 0.0000000000000000 0.0000000000000000 0.0000000000000000 0.0000000000000000
0.1630118340253830 0.1630118340253830 0.1630118340253830 0.1630118340253830 0.1630118340253830 0.1630118340253830
0.1701917499303818 0.1701917499303818 0.1701917499303818 0.1701917499303818 0.1701917499303818 0.1701917499303818
0.1618136316537857 0.1618136316537857 0.1618136316537857 0.1618136316537857 0.1618136316537857 0.1618136316537857
0.0000000000000000 0.0000000000000000 0.0000000000000000 0.0000000000000000 0.0000000000000000 0.0000000000000000
0.1620390266180038 0.1620390266180038 0.1620390266180038 0.1620390266180038 0.1620390266180038 0.1620390266180038
0.1679617911577225 0.1679617911577225 0.1679617911577225 0.1679617911577225 0.1679617911577225 0.1679617911577225
0.1809506714344025 0.1809506714344025 0.1809506714344025 0.1809506714344025 0.1809506714344025 0.1809506714344025
0.0000000000000000 0.0000000000000000 0.0000000000000000 0.0000000000000000 0.0000000000000000 0.0000000000000000
0.0000000000000000 0.0000000000000000 0.0000000000000000 0.0000000000000000 0.0000000000000000 0.0000000000000000
0.0000000000000000 0.0000000000000000 0.0000000000000000 0.0000000000000000 0.0000000000000000 0.0000000000000000
0.0000000000000000 0.0000000000000000 0.0000000000000000 0.0000000000000000 0.0000000000000000 0.0000000000000000
0.0000000000000000 0.0000000000000000 0.0000000000000000 0.0000000000000000 0.0000000000000000 0.0000000000000000
0.0000000000000000 0.0000000000000000 0.0000000000000000 0.0000000000000000 0.0000000000000000 0.0000000000000000
0.0000000000000000 0.0000000000000000 0.0000000000000000 0.0000000000000000 0.0000000000000000 0.0000000000000000
0.0000000000000000 0.0000000000000000 0.0000000000000000 0.0000000000000000 0.0000000000000000 0.0000000000000000
0.0000000000000000 0.0000000000000000 0.0000000000000000 0.0000000000000000 0.0000000000000000 0.0000000000000000
0.0000000000000000 0.0000000000000000 0.0000000000000000 0.0000000000000000 0.0000000000000000 0.0000000000000000
0.0000000000000000 0.0000000000000000 0.0000000000000000 0.0000000000000000 0.0000000000000000 0.0000000000000000
0.0000000000000000 0.0000000000000000 0.0000000000000000 0.0000000000000000 0.0000000000000000 0.0000000000000000
0.0000000000000000 0.0000000000000000 0.0000000000000000 0.0000000000000000 0.0000000000000000 0.0000000000000000
0.0000000000000000 0.0000000000000000 0.0000000000000000 0.0000000000000000 0.0000000000000000 0.0000000000000000
0.0000000000000000 0.0000000000000000 0.0000000000000000 0.0000000000000000 0.0000000000000000 0.0000000000000000
0.0000000000000000 0.0000000000000000 0.0000000000000000 0.0000000000000000 0.0000000000000000 0.0000000000000000
0.1626041233539581 0.1626041233539581 0.1626041233539581 0.1626041233539581 0.1626041233539581 0.1626041233539581
0.1698390990495682 0.1698390990495682 0.1698390990495682 0.1698390990495682 0.1698390990495682 0.1698390990495682
0.0000000000000000 0.0000000000000000 0.0000000000000000 0.0000000000000000 0.0000000000000000 0.0000000000000000
0.0000000000000000 0.0000000000000000 0.0000000000000000 0.0000000000000000 0.0000000000000000 0.0000000000000000
0.0000000000000000 0.0000000000000000 0.0000000000000000 0.0000000000000000 0.0000000000000000 0.0000000000000000
0.0000000000000000 0.0000000000000000 0.0000000000000000 0.0000000000000000 0.0000000000000000 0.0000000000000000
0.0000000000000000 0.0000000000000000 0.0000000000000000 0.0000000000000000 0.0000000000000000 0.0000000000000000
0.0000000000000000 0.0000000000000000 0.0000000000000000 0.0000000000000000 0.0000000000000000 0.0000000000000000
0.0000000000000000 0.0000000000000000 0.0000000000000000 0.0000000000000000 0.0000000000000000 0.0000000000000000
0.0000000000000000 0.0000000000000000 0.0000000000000000 0.0000000000000000 0.0000000000000000 0.0000000000000000
0.0000000000000000 0.0000000000000000 0.0000000000000000 0.0000000000000000 0.0000000000000000 0.0000000000000000
0.0000000000000000 0.0000000000000000 0.0000000000000000 0.0000000000000000 0.0000000000000000 0.0000000000000000
0.0000000000000000 0.0000000000000000 0.0000000000000000 0.0000000000000000 0.0000000000000000 0.0000000000000000
0.0000000000000000 0.0000000000000000 0.0000000000000000 0.0000000000000000 0.0000000000000000 0.0000000000000000
0.0000000000000000 0.0000000000000000 0.0000000000000000 0.0000000000000000 0.0000000000000000 0.0000000000000000
0.0000000000000000 0.0000000000000000 0.0000000000000000 0.0000000000000000 0.0000000000000000 0.0000000000000000
0.0000000000000000 0.0000000000000000 0.0000000000000000 0.0000000000000000 0.0000000000000000 0.0000000000000000
0.0000000000000000 0.0000000000000000 0.0000000000000000 0.0000000000000000 0.0000000000000000 0.0000000000000000
0.0000000000000000 0.0000000000000000 0.0000000000000000 0.0000000000000000 0.0000000000000000 0.0000000000000000
0.0000000000000000 0.0000000000000000 0.0000000000000000 0.0000000000000000 0.0000000000000000 0.0000000000000000
0.0000000000000000 0.0000000000000000 0.0000000000000000 0.0000000000000000 0.0000000000000000 0.0000000000000000
0.0000000000000000 0.0000000000000000 0.0000000000000000 0.0000000000000000 0.0000000000000000 0.0000000000000000
0.0000000000000000 0.0000000000000000 0.0000000000000000 0.0000000000000000 0.0000000000000000 0.0000000000000000
0.0000000000000000 0.0000000000000000 0.0000000000000000 0.0000000000000000 0.0000000000000000 0.0000000000000000
0.0000000000000000 0.0000000000000000 0.0000000000000000 0.0000000000000000 0.0000000000000000 0.0000000000000000
0.0000000000000000 0.0000000000000000 0.0000000000000000 0.0000000000000000 0.0000000000000000 0.0000000000000000
0.0000000000000000 0.0000000000000000 0.0000000000000000 0.0000000000000000 0.0000000000000000 0.0000000000000000
0.0000000000000000 0.0000000000000000 0.0000000000000000 0.0000000000000000 0.0000000000000000 0.0000000000000000
0.0000000000000000 0.0000000000000000 0.0000000000000000 0.0000000000000000 0.0000000000000000 0.0000000000000000
0.0000000000000000 0.0000000000000000 0.0000000000000000 0.0000000000000000 0.0000000000000000 0.0000000000000000
0.0000000000000000 0.0000000000000000 0.0000000000000000 0.0000000000000000 0.0000000000000000 0.0000000000000000
0.0000000000000000 0.0000000000000000 0.0000000000000000 0.0000000000000000 0.0000000000000000 0.0000000000000000
0.0000000000000000 0.0000000000000000 0.0000000000000000 0.0000000000000000 0.0000000000000000 0.0000000000000000
0.0000000000000000 0.0000000000000000 0.0000000000000000 0.0000000000000000 0.0000000000000000 0.0000000000000000
0.0000000000000000 0.0000000000000000 0.0000000000000000 0.0000000000000000 0.0000000000000000 0.0000000000000000
0.0000000000000000 0.0000000000000000 0.0000000000000000 0.0000000000000000 0.0000000000000000 0.0000000000000000
0.0000000000000000 0.0000000000000000 0.0000000000000000 0.0000000000000000 0.0000000000000000 0.0000000000000000
0.0000000000000000 0.0000000000000000 0.0000000000000000 0.0000000000000000 0.0000000000000000 0.0000000000000000
0.0000000000000000 0.0000000000000000 0.0000000000000000 0.0000000000000000 0.0000000000000000 0.0000000000000000
0.0000000000000000 0.0000000000000000 0.0000000000000000 0.0000000000000000 0.0000000000000000 0.0000000000000000
0.0000000000000000 0.0000000000000000 0.0000000000000000 0.0000000000000000 0.0000000000000000 0.0000000000000000
0.0000000000000000 0.0000000000000000 0.0000000000000000 0.0000000000000000 0.0000000000000000 0.0000000000000000
0.0000000000000000 0.0000000000000000 0.0000000000000000 0.0000000000000000 0.0000000000000000 0.0000000000000000
0.0000000000000000 0.0000000000000000 0.0000000000000000 0.0000000000000000 0.0000000000000000 0.0000000000000000
0.0000000000000000 0.0000000000000000 0.0000000000000000 0.0000000000000000 0.0000000000000000 0.0000000000000000
0.0000000000000000 0.0000000000000000 0.0000000000000000 0.0000000000000000 0.0000000000000000 0.0000000000000000
0.0000000000000000 0.0000000000000000 0.0000000000000000 0.0000000000000000 0.0000000000000000 0.0000000000000000
0.0000000000000000 0.0000000000000000 0.0000000000000000 0.0000000000000000 0.0000000000000000 0.0000000000000000
0.0000000000000000 0.0000000000000000 0.0000000000000000 0.0000000000000000 0.0000000000000000 0.0000000000000000
0.0000000000000000 0.0000000000000000 0.0000000000000000 0.0000000000000000 0.0000000000000000 0.0000000000000000
0.0000000000000000 0.0000000000000000 0.0000000000000000 0.0000000000000000 0.0000000000000000 0.0000000000000000
0.0000000000000000 0.0000000000000000 0.0000000000000000 0.0000000000000000 0.0000000000000000 0.0000000000000000
0.0000000000000000 0.0000000000000000 0.0000000000000000 0.0000000000000000 0.0000000000000000 0.0000000000000000
0.0000000000000000 0.0000000000000000 0.0000000000000000 0.0000000000000000 0.0000000000000000 0.0000000000000000
0.0000000000000000 0.0000000000000000 0.0000000000000000 0.0000000000000000 0.0000000000000000 0.0000000000000000
0.0000000000000000 0.0000000000000000 0.0000000000000000 0.0000000000000000 0.0000000000000000 0.0000000000000000
0.1640145778656006 0.1640145778656006 0.1640145778656006 0.1640145778656006 0.1640145778656006 0.1640145778656006
0.1617259383201599 0.1617259383201599 0.1617259383201599 0.1617259383201599 0.1617259383201599 0.1617259383201599
0.1664526313543320 0.1664526313543320 0.1664526313543320 0.1664526313543320 0.1664526313543320 0.1664526313543320
0.0000000000000000 0.0000000000000000 0.0000000000000000 0.0000000000000000 0.0000000000000000 0.0000000000000000
0.0000000000000000 0.0000000000000000 0.0000000000000000 0.0000000000000000 0.0000000000000000 0.0000000000000000
0.1694067418575287 0.1694067418575287 0.1694067418575287 0.1694067418575287 0.1694067418575287 0.1694067418575287
0.0000000000000000 0.0000000000000000 0.0000000000000000 0.0000000000000000 0.0000000000000000 0.0000000000000000
0.1622125357389450 0.1622125357389450 0.1622125357389450 0.1622125357389450 0.1622125357389450 0.1622125357389450
0.0000000000000000 0.0000000000000000 0.0000000000000000 0.0000000000000000 0.0000000000000000 0.0000000000000000
0.0000000000000000 0.0000000000000000 0.0000000000000000 0.0000000000000000 0.0000000000000000 0.0000000000000000
0.0000000000000000 0.0000000000000000 0.0000000000000000 0.0000000000000000 0.0000000000000000 0.0000000000000000
0.0000000000000000 0.0000000000000000 0.0000000000000000 0.0000000000000000 0.0000000000000000 0.0000000000000000
0.0000000000000000 0.0000000000000000 0.0000000000000000 0.0000000000000000 0.0000000000000000 0.0000000000000000
0.0000000000000000 0.0000000000000000 0.0000000000000000 0.0000000000000000 0.0000000000000000 0.0000000000000000
0.0000000000000000 0.0000000000000000 0.0000000000000000 0.0000000000000000 0.0000000000000000 0.0000000000000000
0.1660733819007874 0.1660733819007874 0.1660733819007874 0.1660733819007874 0.1660733819007874 0.1660733819007874
0.0000000000000000 0.0000000000000000 0.0000000000000000 0.0000000000000000 0.0000000000000000 0.0000000000000000
0.0000000000000000 0.0000000000000000 0.0000000000000000 0.0000000000000000 0.0000000000000000 0.0000000000000000
0.0000000000000000 0.0000000000000000 0.0000000000000000 0.0000000000000000 0.0000000000000000 0.0000000000000000
0.0000000000000000 0.0000000000000000 0.0000000000000000 0.0000000000000000 0.0000000000000000 0.0000000000000000
0.0000000000000000 0.0000000000000000 0.0000000000000000 0.0000000000000000 0.0000000000000000 0.0000000000000000
0.0000000000000000 0.0000000000000000 0.0000000000000000 0.0000000000000000 0.0000000000000000 0.0000000000000000
0.0000000000000000 0.0000000000000000 0.0000000000000000 0.0000000000000000 0.0000000000000000 0.0000000000000000
0.0000000000000000 0.0000000000000000 0.0000000000000000 0.0000000000000000 0.0000000000000000 0.0000000000000000
0.0000000000000000 0.0000000000000000 0.0000000000000000 0.0000000000000000 0.0000000000000000 0.0000000000000000
0.0000000000000000 0.0000000000000000 0.0000000000000000 0.0000000000000000 0.0000000000000000 0.0000000000000000
0.0000000000000000 0.0000000000000000 0.0000000000000000 0.0000000000000000 0.0000000000000000 0.0000000000000000
0.0000000000000000 0.0000000000000000 0.0000000000000000 0.0000000000000000 0.0000000000000000 0.0000000000000000
0.0000000000000000 0.0000000000000000 0.0000000000000000 0.0000000000000000 0.0000000000000000 0.0000000000000000
0.0000000000000000 0.0000000000000000 0.0000000000000000 0.0000000000000000 0.0000000000000000 0.0000000000000000
0.0000000000000000 0.0000000000000000 0.0000000000000000 0.0000000000000000 0.0000000000000000 0.0000000000000000
0.0000000000000000 0.0000000000000000 0.0000000000000000 0.0000000000000000 0.0000000000000000 0.0000000000000000
0.0000000000000000 0.0000000000000000 0.0000000000000000 0.0000000000000000 0.0000000000000000 0.0000000000000000
0.0000000000000000 0.0000000000000000 0.0000000000000000 0.0000000000000000 0.0000000000000000 0.0000000000000000
0.0000000000000000 0.0000000000000000 0.0000000000000000 0.0000000000000000 0.0000000000000000 0.0000000000000000
0.1637964099645615 0.1637964099645615 0.1637964099645615 0.1637964099645615 0.1637964099645615 0.1637964099645615
0.0000000000000000 0.0000000000000000 0.0000000000000000 0.0000000000000000 0.0000000000000000 0.0000000000000000
1.0522820949554443 1.0522820949554443 1.0522820949554443 1.0522820949554443 0
1.0418863296508789 1.0418863296508789 1.0418863296508789 1.0418863296508789 0
1.0431965589523315 1.0431965589523315 1.0431965589523315 1.0431965589523315 0
1.0435847043991089 1.0435847043991089 1.0435847043991089 1.0435847043991089 0
1.0372196435928345 1.0372196435928345 1.0372196435928345 1.0372196435928345 0
1.0622060298919678 1.0622060298919678 1.0622060298919678 1.0622060298919678 0
1.0271415710449219 1.0271415710449219 1.0271415710449219 1.0271415710449219 0
1.0440362691879272 1.0440362691879272 1.0440362691879272 1.0440362691879272 0
1.0542629957199097 1.0542629957199097 1.0542629957199097 1.0542629957199097 0
1.0597645044326782 1.0597645044326782 1.0597645044326782 1.0597645044326782 0
1.0582202672958374 1.0582202672958374 1.0582202672958374 1.0582202672958374 0
1.0394406318664551 1.0394406318664551 1.0394406318664551 1.0394406318664551 0
1.0540087223052979 1.0540087223052979 1.0540087223052979 1.0540087223052979 0
1.0601550340652466 1.0601550340652466 1.0601550340652466 1.0601550340652466 0
1.0358310937881470 1.0358310937881470 1.0358310937881470 1.0358310937881470 0
1.0370821952819824 1.0370821952819824 1.0370821952819824 1.0370821952819824 0
1.0474153757095337 1.0474153757095337 1.0474153757095337 1.0474153757095337 0
1.0505594015121460 1.0505594015121460 1.0505594015121460 1.0505594015121460 0
1.0591133832931519 1.0591133832931519 1.0591133832931519 1.0591133832931519 0
1.0501950979232788 1.0501950979232788 1.0501950979232788 1.0501950979232788 0
1.0580869913101196 1.0580869913101196 1.0580869913101196 1.0580869913101196 0
1.0365996360778809 1.0365996360778809 1.0365996360778809 1.0365996360778809 0
1.0372296571731567 1.0372296571731567 1.0372296571731567 1.0372296571731567 0
1.0360368490219116 1.0360368490219116 1.0360368490219116 1.0360368490219116 0
1.0426801443099976 1.0426801443099976 1.0426801443099976 1.0426801443099976 0
1.0400186777114868 1.0400186777114868 1.0400186777114868 1.0400186777114868 0
1.0330147743225098 1.0330147743225098 1.0330147743225098 1.0330147743225098 0
1.0339120626449585 1.0339120626449585 1.0339120626449585 1.0339120626449585 0
1.0394538640975952 1.0394538640975952 1.0394538640975952 1.0394538640975952 0
1.0304507017135620 1.0304507017135620 1.0304507017135620 1.0304507017135620 0
1.0395874977111816 1.0395874977111816 1.0395874977111816 1.0395874977111816 0
1.0496634244918823 1.0496634244918823 1.0496634244918823 1.0496634244918823 0
1.0394076108932495 1.0394076108932495 1.0394076108932495 1.0394076108932495 0
1.0367355346679688 1.0367355346679688 1.0367355346679688 1.0367355346679688 0
1.0499876737594604 1.0499876737594604 1.0499876737594604 1.0499876737594604 0
1.0446037054061890 1.0446037054061890 1.0446037054061890 1.0446037054061890 0
1.0377196073532104 1.0377196073532104 1.0377196073532104 1.0377196073532104 0
1.0447388887405396 1.0447388887405396 1.0447388887405396 1.0447388887405396 0
1.0581123828887939 1.0581123828887939 1.0581123828887939 1.0581123828887939 0
1.0513799190521240 1.0513799190521240 1.0513799190521240 1.0513799190521240 0
1.0408124923706055 1.0408124923706055 1.0408124923706055 1.0408124923706055 0
1.0567080974578857 1.0567080974578857 1.0567080974578857 1.0567080974578857 0
1.0519486665725708 1.0519486665725708 1.0519486665725708 1.0519486665725708 0
1.0539718866348267 1.0539718866348267 1.0539718866348267 1.0539718866348267 0
1.0527874231338501 1.0527874231338501 1.0527874231338501 1.0527874231338501 0
1.0470863580703735 1.0470863580703735 1.0470863580703735 1.0470863580703735 0
1.0539031028747559 1.0539031028747559 1.0539031028747559 1.0539031028747559 0
1.0405998229980469 1.0405998229980469 1.0405998229980469 1.0405998229980469 0
1.0495429039001465 1.0495429039001465 1.0495429039001465 1.0495429039001465 0
1.0359899997711182 1.0359899997711182 1.0359899997711182 1.0359899997711182 0
1.0328038930892944 1.0328038930892944 1.0328038930892944 1.0328038930892944 0
1.0632221698760986 1.0632221698760986 1.0632221698760986 1.0632221698760986 0
1.0709490776062012 1.0709490776062012 1.0709490776062012 1.0709490776062012 0
1.0826941728591919 1.0826941728591919 1.0826941728591919 1.0826941728591919 0
1.0513719320297241 1.0513719320297241 1.0513719320297241 1.0513719320297241 0
1.0413864850997925 1.0413864850997925 1.0413864850997925 1.0413864850997925 0
1.0683314800262451 1.0683314800262451 1.0683314800262451 1.0683314800262451 0
1.0337738990783691 1.0337738990783691 1.0337738990783691 1.0337738990783691 0
1.0498477220535278 1.0498477220535278 1.0498477220535278 1.0498477220535278 0
1.0484899282455444 1.0484899282455444 1.0484899282455444 1.0484899282455444 0
1.0542503595352173 1.0542503595352173 1.0542503595352173 1.0542503595352173 0
1.0546015501022339 1.0546015501022339 1.0546015501022339 1.0546015501022339 0
1.0463668107986450 1.0463668107986450 1.0463668107986450 1.0463668107986450 0
1.0568969249725342 1.0568969249725342 1.0568969249725342 1.0568969249725342 0
0.0000000000000000 0.0000000000000000 0.0000000000000000 0.0000000000000000 0.0000000000000000 0.0000000000000000
0.0000000000000000 0.0000000000000000 0.0000000000000000 0.0000000000000000 0.0000000000000000 0.0000000000000000
0.0000000000000000 0.0000000000000000 0.0000000000000000 0.0000000000000000 0.0000000000000000 0.0000000000000000
0.1704971790313721 0.1704971790313721 0.1704971790313721 0.1704971790313721 0.1704971790313721 0.1704971790313721
0.0000000000000000 0.0000000000000000 0.0000000000000000 0.0000000000000000 0.0000000000000000 0.0000000000000000
0.1651463359594345 0.1651463359594345 0.1651463359594345 0.1651463359594345 0.1651463359594345 0.1651463359594345
0.0000000000000000 0.0000000000000000 0.0000000000000000 0.0000000000000000 0.0000000000000000 0.0000000000000000
0.0000000000000000 0.0000000000000000 0.0000000000000000 0.0000000000000000 0.0000000000000000 0.0000000000000000
0.0000000000000000 0.0000000000000000 0.0000000000000000 0.0000000000000000 0.0000000000000000 0.0000000000000000
0.0000000000000000 0.0000000000000000 0.0000000000000000 0.0000000000000000 0.0000000000000000 0.0000000000000000
0.0000000000000000 0.0000000000000000 0.0000000000000000 0.0000000000000000 0.0000000000000000 0.0000000000000000
0.0000000000000000 0.0000000000000000 0.0000000000000000 0.0000000000000000 0.0000000000000000 0.0000000000000000
0.0000000000000000 0.0000000000000000 0.0000000000000000 0.0000000000000000 0.0000000000000000 0.0000000000000000
0.0000000000000000 0.0000000000000000 0.0000000000000000 0.0000000000000000 0.0000000000000000 0.0000000000000000
0.0000000000000000 0.0000000000000000 0.0000000000000000 0.0000000000000000 0.0000000000000000 0.0000000000000000
0.0000000000000000 0.0000000000000000 0.0000000000000000 0.0000000000000000 0.0000000000000000 0.0000000000000000
0.0000000000000000 0.0000000000000000 0.0000000000000000 0.0000000000000000 0.0000000000000000 0.0000000000000000
0.0000000000000000 0.0000000000000000 0.0000000000000000 0.0000000000000000 0.0000000000000000 0.0000000000000000
0.1659891009330750 0.1659891009330750 0.1659891009330750 0.1659891009330750 0.1659891009330750 0.1659891009330750
0.0000000000000000 0.0000000000000000 0.0000000000000000 0.0000000000000000 0.0000000000000000 0.0000000000000000
0.0000000000000000 0.0000000000000000 0.0000000000000000 0.0000000000000000 0.0000000000000000 0.0000000000000000
0.0000000000000000 0.0000000000000000 0.0000000000000000 0.0000000000000000 0.0000000000000000 0.0000000000000000
0.0000000000000000 0.0000000000000000 0.0000000000000000 0.0000000000000000 0.0000000000000000 0.0000000000000000
0.0000000000000000 0.0000000000000000 0.0000000000000000 0.0000000000000000 0.0000000000000000 0.0000000000000000
0.0000000000000000 0.0000000000000000 0.0000000000000000 0.0000000000000000 0.0000000000000000 0.0000000000000000
0.0000000000000000 0.0000000000000000 0.0000000000000000 0.0000000000000000 0.0000000000000000 0.0000000000000000
0.0000000000000000 0.0000000000000000 0.0000000000000000 0.0000000000000000 0.0000000000000000 0.0000000000000000
0.1699262112379074 0.1699262112379074 0.1699262112379074 0.1699262112379074 0.1699262112379074 0.1699262112379074
0.1663005799055099 0.1663005799055099 0.1663005799055099 0.1663005799055099 0.1663005799055099 0.1663005799055099
0.0000000000000000 0.0000000000000000 0.0000000000000000 0.0000000000000000 0.0000000000000000 0.0000000000000000
0.1687664240598679 0.1687664240598679 0.1687664240598679 0.1687664240598679 0.1687664240598679 0.1687664240598679
0.1632372885942459 0.1632372885942459 0.1632372885942459 0.1632372885942459 0.1632372885942459 0.1632372885942459
0.1716348975896835 0.1716348975896835 0.1716348975896835 0.1716348975896835 0.1716348975896835 0.1716348975896835
0.1612483412027359 0.1612483412027359 0.1612483412027359 0.1612483412027359 0.1612483412027359 0.1612483412027359
0.1631907373666763 0.1631907373666763 0.1631907373666763 0.1631907373666763 0.1631907373666763 0.1631907373666763
0.0000000000000000 0.0000000000000000 0.0000000000000000 0.0000000000000000 0.0000000000000000 0.0000000000000000
0.0000000000000000 0.0000000000000000 0.0000000000000000 0.0000000000000000 0.0000000000000000 0.0000000000000000
0.0000000000000000 0.0000000000000000 0.0000000000000000 0.0000000000000000 0.0000000000000000 0.0000000000000000
0.0000000000000000 0.0000000000000000 0.0000000000000000 0.0000000000000000 0.0000000000000000 0.0000000000000000
0.0000000000000000 0.0000000000000000 0.0000000000000000 0.0000000000000000 0.0000000000000000 0.0000000000000000
0.1787321418523788 0.1787321418523788 0.1787321418523788 0.1787321418523788 0.1787321418523788 0.1787321418523788
0.0000000000000000 0.0000000000000000 0.0000000000000000 0.0000000000000000 0.0000000000000000 0.0000000000000000
0.1704225838184357 0.1704225838184357 0.1704225838184357 0.1704225838184357 0.1704225838184357 0.1704225838184357
0.1679336726665497 0.1679336726665497 0.1679336726665497 0.1679336726665497 0.1679336726665497 0.1679336726665497
0.0000000000000000 0.0000000000000000 0.0000000000000000 0.0000000000000000 0.0000000000000000 0.0000000000000000
0.1709436178207397 0.1709436178207397 0.1709436178207397 0.1709436178207397 0.1709436178207397 0.1709436178207397
0.0000000000000000 0.0000000000000000 0.0000000000000000 0.0000000000000000 0.0000000000000000 0.0000000000000000
0.0000000000000000 0.0000000000000000 0.0000000000000000 0.0000000000000000 0.0000000000000000 0.0000000000000000
0.0000000000000000 0.0000000000000000 0.0000000000000000 0.0000000000000000 0.0000000000000000 0.0000000000000000
0.0000000000000000 0.0000000000000000 0.0000000000000000 0.0000000000000000 0.0000000000000000 0.0000000000000000
0.0000000000000000 0.0000000000000000 0.0000000000000000 0.0000000000000000 0.0000000000000000 0.0000000000000000
0.0000000000000000 0.0000000000000000 0.0000000000000000 0.0000000000000000 0.0000000000000000 0.0000000000000000
0.0000000000000000 0.0000000000000000 0.0000000000000000 0.0000000000000000 0.0000000000000000 0.0000000000000000
0.0000000000000000 0.0000000000000000 0.0000000000000000 0.0000000000000000 0.0000000000000000 0.0000000000000000
0.0000000000000000 0.0000000000000000 0.0000000000000000 0.0000000000000000 0.0000000000000000 0.0000000000000000
0.0000000000000000 0.0000000000000000 0.0000000000000000 0.0000000000000000 0.0000000000000000 0.0000000000000000
0.0000000000000000 0.0000000000000000 0.0000000000000000 0.0000000000000000 0.0000000000000000 0.0000000000000000
0.0000000000000000 0.0000000000000000 0.0000000000000000 0.0000000000000000 0.0000000000000000 0.0000000000000000
0.0000000000000000 0.0000000000000000 0.0000000000000000 0.0000000000000000 0.0000000000000000 0.0000000000000000
0.0000000000000000 0.0000000000000000 0.0000000000000000 0.0000000000000000 0.0000000000000000 0.0000000000000000
0.0000000000000000 0.0000000000000000 0.0000000000000000 0.0000000000000000 0.0000000000000000 0.0000000000000000
0.0000000000000000 0.0000000000000000 0.0000000000000000 0.0000000000000000 0.0000000000000000 0.0000000000000000
0.0000000000000000 0.0000000000000000 0.0000000000000000 0.0000000000000000 0.0000000000000000 0.0000000000000000
0.0000000000000000 0.0000000000000000 0.0000000000000000 0.0000000000000000 0.0000000000000000 0.0000000000000000
0.0000000000000000 0.0000000000000000 0.0000000000000000 0.0000000000000000 0.0000000000000000 0.0000000000000000
0.0000000000000000 0.0000000000000000 0.0000000000000000 0.0000000000000000 0.0000000000000000 0.0000000000000000
0.0000000000000000 0.0000000000000000 0.0000000000000000 0.0000000000000000 0.0000000000000000 0.0000000000000000
0.0000000000000000 0.0000000000000000 0.0000000000000000 0.0000000000000000 0.0000000000000000 0.0000000000000000
0.0000000000000000 0.0000000000000000 0.0000000000000000 0.0000000000000000 0.0000000000000000 0.0000000000000000
0.0000000000000000 0.0000000000000000 0.0000000000000000 0.0000000000000000 0.0000000000000000 0.0000000000000000
0.0000000000000000 0.0000000000000000 0.0000000000000000 0.0000000000000000 0.0000000000000000 0.0000000000000000
0.0000000000000000 0.0000000000000000 0.0000000000000000 0.0000000000000000 0.0000000000000000 0.0000000000000000
0.0000000000000000 0.0000000000000000 0.0000000000000000 0.0000000000000000 0.0000000000000000 0.0000000000000000
0.0000000000000000 0.0000000000000000 0.0000000000000000 0.0000000000000000 0.0000000000000000 0.0000000000000000
0.0000000000000000 0.0000000000000000 0.0000000000000000 0.0000000000000000 0.0000000000000000 0.0000000000000000
0.0000000000000000 0.0000000000000000 0.0000000000000000 0.0000000000000000 0.0000000000000000 0.0000000000000000
0.1681034564971924 0.1681034564971924 0.1681034564971924 0.1681034564971924 0.1681034564971924 0.1681034564971924
0.0000000000000000 0.0000000000000000 0.0000000000000000 0.0000000000000000 0.0000000000000000 0.0000000000000000
0.0000000000000000 0.0000000000000000 0.0000000000000000 0.0000000000000000 0.0000000000000000 0.0000000000000000
0.0000000000000000 0.0000000000000000 0.0000000000000000 0.0000000000000000 0.0000000000000000 0.0000000000000000
0.0000000000000000 0.0000000000000000 0.0000000000000000 0.0000000000000000 0.0000000000000000 0.0000000000000000
0.0000000000000000 0.0000000000000000 0.0000000000000000 0.0000000000000000 0.0000000000000000 0.0000000000000000
0.1631353199481964 0.1631353199481964 0.1631353199481964 0.1631353199481964 0.1631353199481964 0.1631353199481964
0.0000000000000000 0.0000000000000000 0.0000000000000000 0.0000000000000000 0.0000000000000000 0.0000000000000000
0.0000000000000000 0.0000000000000000 0.0000000000000000 0.0000000000000000 0.0000000000000000 0.0000000000000000
0.0000000000000000 0.0000000000000000 0.0000000000000000 0.0000000000000000 0.0000000000000000 0.0000000000000000
0.0000000000000000 0.0000000000000000 0.0000000000000000 0.0000000000000000 0.0000000000000000 0.0000000000000000
0.0000000000000000 0.0000000000000000 0.0000000000000000 0.0000000000000000 0.0000000000000000 0.0000000000000000
0.0000000000000000 0.0000000000000000 0.0000000000000000 0.0000000000000000 0.0000000000000000 0.0000000000000000
0.0000000000000000 0.0000000000000000 0.0000000000000000 0.0000000000000000 0.0000000000000000 0.0000000000000000
0.0000000000000000 0.0000000000000000 0.0000000000000000 0.0000000000000000 0.0000000000000000 0.0000000000000000
0.1642769277095795 0.1642769277095795 0.1642769277095795 0.1642769277095795 0.1642769277095795 0.1642769277095795
0.0000000000000000 0.0000000000000000 0.0000000000000000 0.0000000000000000 0.0000000000000000 0.0000000000000000
0.1736690104007721 0.1736690104007721 0.1736690104007721 0.1736690104007721 0.1736690104007721 0.1736690104007721
0.0000000000000000 0.0000000000000000 0.0000000000000000 0.0000000000000000 0.0000000000000000 0.0000000000000000
0.1647084206342697 0.1647084206342697 0.1647084206342697 0.1647084206342697 0.1647084206342697 0.1647084206342697
0.1701520234346390 0.1701520234346390 0.1701520234346390 0.1701520234346390 0.1701520234346390 0.1701520234346390
0.1624707877635956 0.1624707877635956 0.1624707877635956 0.1624707877635956 0.1624707877635956 0.1624707877635956
0.1656942218542099 0.1656942218542099 0.1656942218542099 0.1656942218542099 0.1656942218542099 0.1656942218542099
0.1749046891927719 0.1749046891927719 0.1749046891927719 0.1749046891927719 0.1749046891927719 0.1749046891927719
0.1862469464540482 0.1862469464540482 0.1862469464540482 0.1862469464540482 0.1862469464540482 0.1862469464540482
0.1625877320766449 0.1625877320766449 0.1625877320766449 0.1625877320766449 0.1625877320766449 0.1625877320766449
0.0000000000000000 0.0000000000000000 0.0000000000000000 0.0000000000000000 0.0000000000000000 0.0000000000000000
0.0000000000000000 0.0000000000000000 0.0000000000000000 0.0000000000000000 0.0000000000000000 0.0000000000000000
0.0000000000000000 0.0000000000000000 0.0000000000000000 0.0000000000000000 0.0000000000000000 0.0000000000000000
0.0000000000000000 0.0000000000000000 0.0000000000000000 0.0000000000000000 0.0000000000000000 0.0000000000000000
0.0000000000000000 0.0000000000000000 0.0000000000000000 0.0000000000000000 0.0000000000000000 0.0000000000000000
0.0000000000000000 0.0000000000000000 0.0000000000000000 0.0000000000000000 0.0000000000000000 0.0000000000000000
0.0000000000000000 0.0000000000000000 0.0000000000000000 0.0000000000000000 0.0000000000000000 0.0000000000000000
0.1656453162431717 0.1656453162431717 0.1656453162431717 0.1656453162431717 0.1656453162431717 0.1656453162431717
0.0000000000000000 0.0000000000000000 0.0000000000000000 0.0000000000000000 0.0000000000000000 0.0000000000000000
0.1706090420484543 0.1706090420484543 0.1706090420484543 0.1706090420484543 0.1706090420484543 0.1706090420484543
0.0000000000000000 0.0000000000000000 0.0000000000000000 0.0000000000000000 0.0000000000000000 0.0000000000000000
0.1708426922559738 0.1708426922559738 0.1708426922559738 0.1708426922559738 0.1708426922559738 0.1708426922559738
0.1690137982368469 0.1690137982368469 0.1690137982368469 0.1690137982368469 0.1690137982368469 0.1690137982368469
0.1730182021856308 0.1730182021856308 0.1730182021856308 0.1730182021856308 0.1730182021856308 0.1730182021856308
0.1615804284811020 0.1615804284811020 0.1615804284811020 0.1615804284811020 0.1615804284811020 0.1615804284811020
0.0000000000000000 0.0000000000000000 0.0000000000000000 0.0000000000000000 0.0000000000000000 0.0000000000000000
0.0000000000000000 0.0000000000000000 0.0000000000000000 0.0000000000000000 0.0000000000000000 0.0000000000000000
0.0000000000000000 0.0000000000000000 0.0000000000000000 0.0000000000000000 0.0000000000000000 0.0000000000000000
0.0000000000000000 0.0000000000000000 0.0000000000000000 0.0000000000000000 0.0000000000000000 0.0000000000000000
0.0000000000000000 0.0000000000000000 0.0000000000000000 0.0000000000000000 0.0000000000000000 0.0000000000000000
0.0000000000000000 0.0000000000000000 0.0000000000000000 0.0000000000000000 0.0000000000000000 0.0000000000000000
0.0000000000000000 0.0000000000000000 0.0000000000000000 0.0000000000000000 0.0000000000000000 0.0000000000000000
0.0000000000000000 0.0000000000000000 0.0000000000000000 0.0000000000000000 0.0000000000000000 0.0000000000000000
0.1740381270647049 0.1740381270647049 0.1740381270647049 0.1740381270647049 0.1740381270647049 0.1740381270647049
0.1682068109512329 0.1682068109512329 0.1682068109512329 0.1682068109512329 0.1682068109512329 0.1682068109512329
0.1668479144573212 0.1668479144573212 0.1668479144573212 0.1668479144573212 0.1668479144573212 0.1668479144573212
1.0528001785278320 1.0528001785278320 1.0528001785278320 1.0528001785278320 0
1.0498371124267578 1.0498371124267578 1.0498371124267578 1.0498371124267578 0
1.0443943738937378 1.0443943738937378 1.0443943738937378 1.0443943738937378 0
1.0608315467834473 1.0608315467834473 1.0608315467834473 1.0608315467834473 0
1.0639057159423828 1.0639057159423828 1.0639057159423828 1.0639057159423828 0
1.0567123889923096 1.0567123889923096 1.0567123889923096 1.0567123889923096 0
1.0463868379592896 1.0463868379592896 1.0463868379592896 1.0463868379592896 0
1.0459852218627930 1.0459852218627930 1.0459852218627930 1.0459852218627930 0
1.0687625408172607 1.0687625408172607 1.0687625408172607 1.0687625408172607 0
1.0584590435028076 1.0584590435028076 1.0584590435028076 1.0584590435028076 0
1.0448939800262451 1.0448939800262451 1.0448939800262451 1.0448939800262451 0
1.0627517700195312 1.0627517700195312 1.0627517700195312 1.0627517700195312 0
1.0468801259994507 1.0468801259994507 1.0468801259994507 1.0468801259994507 0
1.0461611747741699 1.0461611747741699 1.0461611747741699 1.0461611747741699 0
1.0488532781600952 1.0488532781600952 1.0488532781600952 1.0488532781600952 0
1.0581291913986206 1.0581291913986206 1.0581291913986206 1.0581291913986206 0
1.0416036844253540 1.0416036844253540 1.0416036844253540 1.0416036844253540 0
1.0044703483581543 1.0044703483581543 1.0044703483581543 1.0044703483581543 0
1.0446972846984863 1.0446972846984863 1.0446972846984863 1.0446972846984863 0
1.0309451818466187 1.0309451818466187 1.0309451818466187 1.0309451818466187 0
1.0441421270370483 1.0441421270370483 1.0441421270370483 1.0441421270370483 0
1.0423940420150757 1.0423940420150757 1.0423940420150757 1.0423940420150757 0
1.0407155752182007 1.0407155752182007 1.0407155752182007 1.0407155752182007 0
1.0264648199081421 1.0264648199081421 1.0264648199081421 1.0264648199081421 0
1.0414054393768311 1.0414054393768311 1.0414054393768311 1.0414054393768311 0
1.0337505340576172 1.0337505340576172 1.0337505340576172 1.0337505340576172 0
1.0351982116699219 1.0351982116699219 1.0351982116699219 1.0351982116699219 0
1.0493783950805664 1.0493783950805664 1.0493783950805664 1.0493783950805664 0
1.0323970317840576 1.0323970317840576 1.0323970317840576 1.0323970317840576 0
1.0362780094146729 1.0362780094146729 1.0362780094146729 1.0362780094146729 0
1.0484149456024170 1.0484149456024170 1.0484149456024170 1.0484149456024170 0
1.0451532602310181 1.0451532602310181 1.0451532602310181 1.0451532602310181 0
1.0279502868652344 1.0279502868652344 1.0279502868652344 1.0279502868652344 0
1.0282708406448364 1.0282708406448364 1.0282708406448364 1.0282708406448364 0
1.0582369565963745 1.0582369565963745 1.0582369565963745 1.0582369565963745 0
1.0577138662338257 1.0577138662338257 1.0577138662338257 1.0577138662338257 0
1.0447342395782471 1.0447342395782471 1.0447342395782471 1.0447342395782471 0
1.0367738008499146 1.0367738008499146 1.0367738008499146 1.0367738008499146 0
1.0267246961593628 1.0267246961593628 1.0267246961593628 1.0267246961593628 0
1.0294678211212158 1.0294678211212158 1.0294678211212158 1.0294678211212158 0
1.0330642461776733 1.0330642461776733 1.0330642461776733 1.0330642461776733 0
1.0639582872390747 1.0639582872390747 1.0639582872390747 1.0639582872390747 0
1.0620713233947754 1.0620713233947754 1.0620713233947754 1.0620713233947754 0
1.0669676065444946 1.0669676065444946 1.0669676065444946 1.0669676065444946 0
1.0478558540344238 1.0478558540344238 1.0478558540344238 1.0478558540344238 0
1.0532341003417969 1.0532341003417969 1.0532341003417969 1.0532341003417969 0
1.0298931598663330 1.0298931598663330 1.0298931598663330 1.0298931598663330 0
1.0371788740158081 1.0371788740158081 1.0371788740158081 1.0371788740158081 0
1.0639097690582275 1.0639097690582275 1.0639097690582275 1.0639097690582275 0
1.0559039115905762 1.0559039115905762 1.0559039115905762 1.0559039115905762 0
1.0374044179916382 1.0374044179916382 1.0374044179916382 1.0374044179916382 0
1.0418254137039185 1.0418254137039185 1.0418254137039185 1.0418254137039185 0
1.0173324346542358 1.0173324346542358 1.0173324346542358 1.0173324346542358 0
1.0197675228118896 1.0197675228118896 1.0197675228118896 1.0197675228118896 0
1.0436010360717773 1.0436010360717773 1.0436010360717773 1.0436010360717773 0
1.0382667779922485 1.0382667779922485 1.0382667779922485 1.0382667779922485 0
1.0398099422454834 1.0398099422454834 1.0398099422454834 1.0398099422454834 0
1.0439827442169189 1.0439827442169189 1.0439827442169189 1.0439827442169189 0
1.0375692844390869 1.0375692844390869 1.0375692844390869 1.0375692844390869 0
1.0339303016662598 1.0339303016662598 1.0339303016662598 1.0339303016662598 0
1.0386734008789062 1.0386734008789062 1.0386734008789062 1.0386734008789062 0
1.0368880033493042 1.0368880033493042 1.0368880033493042 1.0368880033493042 0
1.0396611690521240 1.0396611690521240 1.0396611690521240 1.0396611690521240 0
1.0430895090103149 1.0430895090103149 1.0430895090103149 1.0430895090103149 0
0.0000000000000000 0.0000000000000000 0.0000000000000000 0.0000000000000000 0.0000000000000000 0.0000000000000000
0.1741466671228409 0.1741466671228409 0.1741466671228409 0.1741466671228409 0.1741466671228409 0.1741466671228409
0.1692761778831482 0.1692761778831482 0.1692761778831482 0.1692761778831482 0.1692761778831482 0.1692761778831482
0.1723034381866455 0.1723034381866455 0.1723034381866455 0.1723034381866455 0.1723034381866455 0.1723034381866455
0.1724363267421722 0.1724363267421722 0.1724363267421722 0.1724363267421722 0.1724363267421722 0.1724363267421722
0.1670648604631424 0.1670648604631424 0.1670648604631424 0.1670648604631424 0.1670648604631424 0.1670648604631424
0.0000000000000000 0.0000000000000000 0.0000000000000000 0.0000000000000000 0.0000000000000000 0.0000000000000000
0.0000000000000000 0.0000000000000000 0.0000000000000000 0.0000000000000000 0.0000000000000000 0.0000000000000000
0.1650909930467606 0.1650909930467606 0.1650909930467606 0.1650909930467606 0.1650909930467606 0.1650909930467606
0.0000000000000000 0.0000000000000000 0.0000000000000000 0.0000000000000000 0.0000000000000000 0.0000000000000000
0.1776210665702820 0.1776210665702820 0.1776210665702820 0.1776210665702820 0.1776210665702820 0.1776210665702820
0.1659726649522781 0.1659726649522781 0.1659726649522781 0.1659726649522781 0.1659726649522781 0.1659726649522781
0.0000000000000000 0.0000000000000000 0.0000000000000000 0.0000000000000000 0.0000000000000000 0.0000000000000000
0.1815049201250076 0.1815049201250076 0.1815049201250076 0.1815049201250076 0.1815049201250076 0.1815049201250076
0.1715390980243683 0.1715390980243683 0.1715390980243683 0.1715390980243683 0.1715390980243683 0.1715390980243683
0.1703643053770065 0.1703643053770065 0.1703643053770065 0.1703643053770065 0.1703643053770065 0.1703643053770065
0.0000000000000000 0.0000000000000000 0.0000000000000000 0.0000000000000000 0.0000000000000000 0.0000000000000000
0.1688781082630157 0.1688781082630157 0.1688781082630157 0.1688781082630157 0.1688781082630157 0.1688781082630157
0.1713156998157501 0.1713156998157501 0.1713156998157501 0.1713156998157501 0.1713156998157501 0.1713156998157501
0.0000000000000000 0.0000000000000000 0.0000000000000000 0.0000000000000000 0.0000000000000000 0.0000000000000000
0.1646709740161896 0.1646709740161896 0.1646709740161896 0.1646709740161896 0.1646709740161896 0.1646709740161896
0.0000000000000000 0.0000000000000000 0.0000000000000000 0.0000000000000000 0.0000000000000000 0.0000000000000000
0.1675589233636856 0.1675589233636856 0.1675589233636856 0.1675589233636856 0.1675589233636856 0.1675589233636856
0.0000000000000000 0.0000000000000000 0.0000000000000000 0.0000000000000000 0.0000000000000000 0.0000000000000000
0.0000000000000000 0.0000000000000000 0.0000000000000000 0.0000000000000000 0.0000000000000000 0.0000000000000000
0.1631444394588470 0.1631444394588470 0.1631444394588470 0.1631444394588470 0.1631444394588470 0.1631444394588470
0.0000000000000000 0.0000000000000000 0.0000000000000000 0.0000000000000000 0.0000000000000000 0.0000000000000000
0.0000000000000000 0.0000000000000000 0.0000000000000000 0.0000000000000000 0.0000000000000000 0.0000000000000000
0.0000000000000000 0.0000000000000000 0.0000000000000000 0.0000000000000000 0.0000000000000000 0.0000000000000000
0.0000000000000000 0.0000000000000000 0.0000000000000000 0.0000000000000000 0.0000000000000000 0.0000000000000000
0.0000000000000000 0.0000000000000000 0.0000000000000000 0.0000000000000000 0.0000000000000000 0.0000000000000000
0.0000000000000000 0.0000000000000000 0.0000000000000000 0.0000000000000000 0.0000000000000000 0.0000000000000000
0.0000000000000000 0.0000000000000000 0.0000000000000000 0.0000000000000000 0.0000000000000000 0.0000000000000000
0.0000000000000000 0.0000000000000000 0.0000000000000000 0.0000000000000000 0.0000000000000000 0.0000000000000000
0.0000000000000000 0.0000000000000000 0.0000000000000000 0.0000000000000000 0.0000000000000000 0.0000000000000000
0.0000000000000000 0.0000000000000000 0.0000000000000000 0.0000000000000000 0.0000000000000000 0.0000000000000000
0.1636285483837128 0.1636285483837128 0.1636285483837128 0.1636285483837128 0.1636285483837128 0.1636285483837128
0.1635645180940628 0.1635645180940628 0.1635645180940628 0.1635645180940628 0.1635645180940628 0.1635645180940628
0.1667928546667099 0.1667928546667099 0.1667928546667099 0.1667928546667099 0.1667928546667099 0.1667928546667099
0.0000000000000000 0.0000000000000000 0.0000000000000000 0.0000000000000000 0.0000000000000000 0.0000000000000000
0.0000000000000000 0.0000000000000000 0.0000000000000000 0.0000000000000000 0.0000000000000000 0.0000000000000000
0.0000000000000000 0.0000000000000000 0.0000000000000000 0.0000000000000000 0.0000000000000000 0.0000000000000000
0.0000000000000000 0.0000000000000000 0.0000000000000000 0.0000000000000000 0.0000000000000000 0.0000000000000000
0.0000000000000000 0.0000000000000000 0.0000000000000000 0.0000000000000000 0.0000000000000000 0.0000000000000000
0.0000000000000000 0.0000000000000000 0.0000000000000000 0.0000000000000000 0.0000000000000000 0.0000000000000000
0.0000000000000000 0.0000000000000000 0.0000000000000000 0.0000000000000000 0.0000000000000000 0.0000000000000000
0.0000000000000000 0.0000000000000000 0.0000000000000000 0.0000000000000000 0.0000000000000000 0.0000000000000000
0.0000000000000000 0.0000000000000000 0.0000000000000000 0.0000000000000000 0.0000000000000000 0.0000000000000000
0.0000000000000000 0.0000000000000000 0.0000000000000000 0.0000000000000000 0.0000000000000000 0.0000000000000000
0.0000000000000000 0.0000000000000000 0.0000000000000000 0.0000000000000000 0.0000000000000000 0.0000000000000000
0.0000000000000000 0.0000000000000000 0.0000000000000000 0.0000000000000000 0.0000000000000000 0.0000000000000000
0.1649437844753265 0.1649437844753265 0.1649437844753265 0.1649437844753265 0.1649437844753265 0.1649437844753265
0.1620079725980759 0.1620079725980759 0.1620079725980759 0.1620079725980759 0.1620079725980759 0.1620079725980759
0.0000000000000000 0.0000000000000000 0.0000000000000000 0.0000000000000000 0.0000000000000000 0.0000000000000000
0.0000000000000000 0.0000000000000000 0.0000000000000000 0.0000000000000000 0.0000000000000000 0.0000000000000000
0.0000000000000000 0.0000000000000000 0.0000000000000000 0.0000000000000000 0.0000000000000000 0.0000000000000000
0.0000000000000000 0.0000000000000000 0.0000000000000000 0.0000000000000000 0.0000000000000000 0.0000000000000000
0.0000000000000000 0.0000000000000000 0.0000000000000000 0.0000000000000000 0.0000000000000000 0.0000000000000000
0.0000000000000000 0.0000000000000000 0.0000000000000000 0.0000000000000000 0.0000000000000000 0.0000000000000000
0.0000000000000000 0.0000000000000000 0.0000000000000000 0.0000000000000000 0.0000000000000000 0.0000000000000000
0.0000000000000000 0.0000000000000000 0.0000000000000000 0.0000000000000000 0.0000000000000000 0.0000000000000000
0.0000000000000000 0.0000000000000000 0.0000000000000000 0.0000000000000000 0.0000000000000000 0.0000000000000000
0.0000000000000000 0.0000000000000000 0.0000000000000000 0.0000000000000000 0.0000000000000000 0.0000000000000000
0.0000000000000000 0.0000000000000000 0.0000000000000000 0.0000000000000000 0.0000000000000000 0.0000000000000000
0.0000000000000000 0.0000000000000000 0.0000000000000000 0.0000000000000000 0.0000000000000000 0.0000000000000000
0.0000000000000000 0.0000000000000000 0.0000000000000000 0.0000000000000000 0.0000000000000000 0.0000000000000000
0.0000000000000000 0.0000000000000000 0.0000000000000000 0.0000000000000000 0.0000000000000000 0.0000000000000000
0.0000000000000000 0.0000000000000000 0.0000000000000000 0.0000000000000000 0.0000000000000000 0.0000000000000000
0.0000000000000000 0.0000000000000000 0.0000000000000000 0.0000000000000000 0.0000000000000000 0.0000000000000000
0.0000000000000000 0.0000000000000000 0.0000000000000000 0.0000000000000000 0.0000000000000000 0.0000000000000000
0.0000000000000000 0.0000000000000000 0.0000000000000000 0.0000000000000000 0.0000000000000000 0.0000000000000000
0.0000000000000000 0.0000000000000000 0.0000000000000000 0.0000000000000000 0.0000000000000000 0.0000000000000000
0.0000000000000000 0.0000000000000000 0.0000000000000000 0.0000000000000000 0.0000000000000000 0.0000000000000000
0.0000000000000000 0.0000000000000000 0.0000000000000000 0.0000000000000000 0.0000000000000000 0.0000000000000000
0.0000000000000000 0.0000000000000000 0.0000000000000000 0.0000000000000000 0.0000000000000000 0.0000000000000000
0.0000000000000000 0.0000000000000000 0.0000000000000000 0.0000000000000000 0.0000000000000000 0.0000000000000000
0.0000000000000000 0.0000000000000000 0.0000000000000000 0.0000000000000000 0.0000000000000000 0.0000000000000000
0.0000000000000000 0.0000000000000000 0.0000000000000000 0.0000000000000000 0.0000000000000000 0.0000000000000000
0.0000000000000000 0.0000000000000000 0.0000000000000000 0.0000000000000000 0.0000000000000000 0.0000000000000000
0.0000000000000000 0.0000000000000000 0.0000000000000000 0.0000000000000000 0.0000000000000000 0.0000000000000000
0.0000000000000000 0.0000000000000000 0.0000000000000000 0.0000000000000000 0.0000000000000000 0.0000000000000000
0.0000000000000000 0.0000000000000000 0.0000000000000000 0.0000000000000000 0.0000000000000000 0.0000000000000000
0.0000000000000000 0.0000000000000000 0.0000000000000000 0.0000000000000000 0.0000000000000000 0.0000000000000000
0.0000000000000000 0.0000000000000000 0.0000000000000000 0.0000000000000000 0.0000000000000000 0.0000000000000000
0.0000000000000000 0.0000000000000000 0.0000000000000000 0.0000000000000000 0.0000000000000000 0.0000000000000000
0.0000000000000000 0.0000000000000000 0.0000000000000000 0.0000000000000000 0.0000000000000000 0.0000000000000000
0.0000000000000000 0.0000000000000000 0.0000000000000000 0.0000000000000000 0.0000000000000000 0.0000000000000000
0.0000000000000000 0.0000000000000000 0.0000000000000000 0.0000000000000000 0.0000000000000000 0.0000000000000000
0.0000000000000000 0.0000000000000000 0.0000000000000000 0.0000000000000000 0.0000000000000000 0.0000000000000000
0.0000000000000000 0.0000000000000000 0.0000000000000000 0.0000000000000000 0.0000000000000000 0.0000000000000000
0.0000000000000000 0.0000000000000000 0.0000000000000000 0.0000000000000000 0.0000000000000000 0.0000000000000000
0.0000000000000000 0.0000000000000000 0.0000000000000000 0.0000000000000000 0.0000000000000000 0.0000000000000000
0.1702933460474014 0.1702933460474014 0.1702933460474014 0.1702933460474014 0.1702933460474014 0.1702933460474014
0.1689603328704834 0.1689603328704834 0.1689603328704834 0.1689603328704834 0.1689603328704834 0.1689603328704834
0.0000000000000000 0.0000000000000000 0.0000000000000000 0.0000000000000000 0.0000000000000000 0.0000000000000000
0.0000000000000000 0.0000000000000000 0.0000000000000000 0.0000000000000000 0.0000000000000000 0.0000000000000000
0.1706142574548721 0.1706142574548721 0.1706142574548721 0.1706142574548721 0.1706142574548721 0.1706142574548721
0.0000000000000000 0.0000000000000000 0.0000000000000000 0.0000000000000000 0.0000000000000000 0.0000000000000000
0.1643914133310318 0.1643914133310318 0.1643914133310318 0.1643914133310318 0.1643914133310318 0.1643914133310318
0.0000000000000000 0.0000000000000000 0.0000000000000000 0.0000000000000000 0.0000000000000000 0.0000000000000000
0.0000000000000000 0.0000000000000000 0.0000000000000000 0.0000000000000000 0.0000000000000000 0.0000000000000000
0.0000000000000000 0.0000000000000000 0.0000000000000000 0.0000000000000000 0.0000000000000000 0.0000000000000000
0.0000000000000000 0.0000000000000000 0.0000000000000000 0.0000000000000000 0.0000000000000000 0.0000000000000000
0.0000000000000000 0.0000000000000000 0.0000000000000000 0.0000000000000000 0.0000000000000000 0.0000000000000000
0.1670450717210770 0.1670450717210770 0.1670450717210770 0.1670450717210770 0.1670450717210770 0.1670450717210770
0.1611410081386566 0.1611410081386566 0.1611410081386566 0.1611410081386566 0.1611410081386566 0.1611410081386566
0.1674833595752716 0.1674833595752716 0.1674833595752716 0.1674833595752716 0.1674833595752716 0.1674833595752716
0.1652767956256866 0.1652767956256866 0.1652767956256866 0.1652767956256866 0.1652767956256866 0.1652767956256866
0.1687865555286407 0.1687865555286407 0.1687865555286407 0.1687865555286407 0.1687865555286407 0.1687865555286407
0.0000000000000000 0.0000000000000000 0.0000000000000000 0.0000000000000000 0.0000000000000000 0.0000000000000000
0.0000000000000000 0.0000000000000000 0.0000000000000000 0.0000000000000000 0.0000000000000000 0.0000000000000000
0.0000000000000000 0.0000000000000000 0.0000000000000000 0.0000000000000000 0.0000000000000000 0.0000000000000000
0.1676252037286758 0.1676252037286758 0.1676252037286758 0.1676252037286758 0.1676252037286758 0.1676252037286758
0.0000000000000000 0.0000000000000000 0.0000000000000000 0.0000000000000000 0.0000000000000000 0.0000000000000000
0.0000000000000000 0.0000000000000000 0.0000000000000000 0.0000000000000000 0.0000000000000000 0.0000000000000000
0.0000000000000000 0.0000000000000000 0.0000000000000000 0.0000000000000000 0.0000000000000000 0.0000000000000000
0.0000000000000000 0.0000000000000000 0.0000000000000000 0.0000000000000000 0.0000000000000000 0.0000000000000000
0.0000000000000000 0.0000000000000000 0.0000000000000000 0.0000000000000000 0.0000000000000000 0.0000000000000000
0.0000000000000000 0.0000000000000000 0.0000000000000000 0.0000000000000000 0.0000000000000000 0.0000000000000000
0.0000000000000000 0.0000000000000000 0.0000000000000000 0.0000000000000000 0.0000000000000000 0.0000000000000000
0.1620401293039322 0.1620401293039322 0.1620401293039322 0.1620401293039322 0.1620401293039322 0.1620401293039322
0.0000000000000000 0.0000000000000000 0.0000000000000000 0.0000000000000000 0.0000000000000000 0.0000000000000000
0.0000000000000000 0.0000000000000000 0.0000000000000000 0.0000000000000000 0.0000000000000000 0.0000000000000000
0.0000000000000000 0.0000000000000000 0.0000000000000000 0.0000000000000000 0.0000000000000000 0.0000000000000000
0.0000000000000000 0.0000000000000000 0.0000000000000000 0.0000000000000000 0.0000000000000000 0.0000000000000000
0.0000000000000000 0.0000000000000000 0.0000000000000000 0.0000000000000000 0.0000000000000000 0.0000000000000000
0.0000000000000000 0.0000000000000000 0.0000000000000000 0.0000000000000000 0.0000000000000000 0.0000000000000000
0.0000000000000000 0.0000000000000000 0.0000000000000000 0.0000000000000000 0.0000000000000000 0.0000000000000000
1.0411809682846069 1.0411809682846069 1.0411809682846069 1.0411809682846069 0
1.0535012483596802 1.0535012483596802 1.0535012483596802 1.0535012483596802 0
1.0515946149826050 1.0515946149826050 1.0515946149826050 1.0515946149826050 0
1.0469033718109131 1.0469033718109131 1.0469033718109131 1.0469033718109131 0
1.0495781898498535 1.0495781898498535 1.0495781898498535 1.0495781898498535 0
1.0606303215026855 1.0606303215026855 1.0606303215026855 1.0606303215026855 0
1.0298122167587280 1.0298122167587280 1.0298122167587280 1.0298122167587280 0
1.0395514965057373 1.0395514965057373 1.0395514965057373 1.0395514965057373 0
1.0486966371536255 1.0486966371536255 1.0486966371536255 1.0486966371536255 0
1.0533163547515869 1.0533163547515869 1.0533163547515869 1.0533163547515869 0
1.0672469139099121 1.0672469139099121 1.0672469139099121 1.0672469139099121 0
1.0369011163711548 1.0369011163711548 1.0369011163711548 1.0369011163711548 0
1.0551043748855591 1.0551043748855591 1.0551043748855591 1.0551043748855591 0
1.0599215030670166 1.0599215030670166 1.0599215030670166 1.0599215030670166 0
1.0310336351394653 1.0310336351394653 1.0310336351394653 1.0310336351394653 0
1.0497813224792480 1.0497813224792480 1.0497813224792480 1.0497813224792480 0
1.0375000238418579 1.0375000238418579 1.0375000238418579 1.0375000238418579 0
1.0654501914978027 1.0654501914978027 1.0654501914978027 1.0654501914978027 0
1.0486431121826172 1.0486431121826172 1.0486431121826172 1.0486431121826172 0
1.0561926364898682 1.0561926364898682 1.0561926364898682 1.0561926364898682 0
1.0606956481933594 1.0606956481933594 1.0606956481933594 1.0606956481933594 0
1.0354490280151367 1.0354490280151367 1.0354490280151367 1.0354490280151367 0
1.0411487817764282 1.0411487817764282 1.0411487817764282 1.0411487817764282 0
1.0415745973587036 1.0415745973587036 1.0415745973587036 1.0415745973587036 0
1.0486115217208862 1.0486115217208862 1.0486115217208862 1.0486115217208862 0
1.0451693534851074 1.0451693534851074 1.0451693534851074 1.0451693534851074 0
1.0455027818679810 1.0455027818679810 1.0455027818679810 1.0455027818679810 0
1.0322026014328003 1.0322026014328003 1.0322026014328003 1.0322026014328003 0
1.0486758947372437 1.0486758947372437 1.0486758947372437 1.0486758947372437 0
1.0253067016601562 1.0253067016601562 1.0253067016601562 1.0253067016601562 0
1.0433255434036255 1.0433255434036255 1.0433255434036255 1.0433255434036255 0
1.0414363145828247 1.0414363145828247 1.0414363145828247 1.0414363145828247 0
1.0581207275390625 1.0581207275390625 1.0581207275390625 1.0581207275390625 0
1.0624051094055176 1.0624051094055176 1.0624051094055176 1.0624051094055176 0
1.0338766574859619 1.0338766574859619 1.0338766574859619 1.0338766574859619 0
1.0541168451309204 1.0541168451309204 1.0541168451309204 1.0541168451309204 0
1.0452345609664917 1.0452345609664917 1.0452345609664917 1.0452345609664917 0
1.0374467372894287 1.0374467372894287 1.0374467372894287 1.0374467372894287 0
1.0547150373458862 1.0547150373458862 1.0547150373458862 1.0547150373458862 0
1.0627371072769165 1.0627371072769165 1.0627371072769165 1.0627371072769165 0
1.0310045480728149 1.0310045480728149 1.0310045480728149 1.0310045480728149 0
1.0496544837951660 1.0496544837951660 1.0496544837951660 1.0496544837951660 0
1.0553370714187622 1.0553370714187622 1.0553370714187622 1.0553370714187622 0
1.0523835420608521 1.0523835420608521 1.0523835420608521 1.0523835420608521 0
1.0423513650894165 1.0423513650894165 1.0423513650894165 1.0423513650894165 0
1.0502653121948242 1.0502653121948242 1.0502653121948242 1.0502653121948242 0
1.0482751131057739 1.0482751131057739 1.0482751131057739 1.0482751131057739 0
1.0402463674545288 1.0402463674545288 1.0402463674545288 1.0402463674545288 0
1.0332198143005371 1.0332198143005371 1.0332198143005371 1.0332198143005371 0
1.0420876741409302 1.0420876741409302 1.0420876741409302 1.0420876741409302 0
1.0464661121368408 1.0464661121368408 1.0464661121368408 1.0464661121368408 0
1.0790930986404419 1.0790930986404419 1.0790930986404419 1.0790930986404419 0
1.0587605237960815 1.0587605237960815 1.0587605237960815 1.0587605237960815 0
1.0720108747482300 1.0720108747482300 1.0720108747482300 1.0720108747482300 0
1.0545384883880615 1.0545384883880615 1.0545384883880615 1.0545384883880615 0
1.0570137500762939 1.0570137500762939 1.0570137500762939 1.0570137500762939 0
1.0578396320343018 1.0578396320343018 1.0578396320343018 1.0578396320343018 0
1.0384801626205444 1.0384801626205444 1.0384801626205444 1.0384801626205444 0
1.0398221015930176 1.0398221015930176 1.0398221015930176 1.0398221015930176 0
1.0408339500427246 1.0408339500427246 1.0408339500427246 1.0408339500427246 0
1.0331758260726929 1.0331758260726929 1.0331758260726929 1.0331758260726929 0
1.0661852359771729 1.0661852359771729 1.0661852359771729 1.0661852359771729 0
1.0543042421340942 1.0543042421340942 1.0543042421340942 1.0543042421340942 0
1.0510303974151611 1.0510303974151611 1.0510303974151611 1.0510303974151611 0
0.1615570634603500 0.1615570634603500 0.1615570634603500 0.1615570634603500 0.1615570634603500 0.1615570634603500
0.1685959547758102 0.1685959547758102 0.1685959547758102 0.1685959547758102 0.1685959547758102 0.1685959547758102
0.1692288219928741 0.1692288219928741 0.1692288219928741 0.1692288219928741 0.1692288219928741 0.1692288219928741
0.1696794480085373 0.1696794480085373 0.1696794480085373 0.1696794480085373 0.1696794480085373 0.1696794480085373
0.0000000000000000 0.0000000000000000 0.0000000000000000 0.0000000000000000 0.0000000000000000 0.0000000000000000
0.1739558726549149 0.1739558726549149 0.1739558726549149 0.1739558726549149 0.1739558726549149 0.1739558726549149
0.0000000000000000 0.0000000000000000 0.0000000000000000 0.0000000000000000 0.0000000000000000 0.0000000000000000
0.0000000000000000 0.0000000000000000 0.0000000000000000 0.0000000000000000 0.0000000000000000 0.0000000000000000
0.0000000000000000 0.0000000000000000 0.0000000000000000 0.0000000000000000 0.0000000000000000 0.0000000000000000
0.1662339568138123 0.1662339568138123 0.1662339568138123 0.1662339568138123 0.1662339568138123 0.1662339568138123
0.1677482128143311 0.1677482128143311 0.1677482128143311 0.1677482128143311 0.1677482128143311 0.1677482128143311
0.0000000000000000 0.0000000000000000 0.0000000000000000 0.0000000000000000 0.0000000000000000 0.0000000000000000
0.0000000000000000 0.0000000000000000 0.0000000000000000 0.0000000000000000 0.0000000000000000 0.0000000000000000
0.1697852015495300 0.1697852015495300 0.1697852015495300 0.1697852015495300 0.1697852015495300 0.1697852015495300
0.0000000000000000 0.0000000000000000 0.0000000000000000 0.0000000000000000 0.0000000000000000 0.0000000000000000
0.0000000000000000 0.0000000000000000 0.0000000000000000 0.0000000000000000 0.0000000000000000 0.0000000000000000
0.0000000000000000 0.0000000000000000 0.0000000000000000 0.0000000000000000 0.0000000000000000 0.0000000000000000
0.1612782180309296 0.1612782180309296 0.1612782180309296 0.1612782180309296 0.1612782180309296 0.1612782180309296
0.0000000000000000 0.0000000000000000 0.0000000000000000 0.0000000000000000 0.0000000000000000 0.0000000000000000
0.0000000000000000 0.0000000000000000 0.0000000000000000 0.0000000000000000 0.0000000000000000 0.0000000000000000
0.0000000000000000 0.0000000000000000 0.0000000000000000 0.0000000000000000 0.0000000000000000 0.0000000000000000
0.0000000000000000 0.0000000000000000 0.0000000000000000 0.0000000000000000 0.0000000000000000 0.0000000000000000
0.0000000000000000 0.0000000000000000 0.0000000000000000 0.0000000000000000 0.0000000000000000 0.0000000000000000
0.0000000000000000 0.0000000000000000 0.0000000000000000 0.0000000000000000 0.0000000000000000 0.0000000000000000
0.1696811914443970 0.1696811914443970 0.1696811914443970 0.1696811914443970 0.1696811914443970 0.1696811914443970
0.1754459142684937 0.1754459142684937 0.1754459142684937 0.1754459142684937 0.1754459142684937 0.1754459142684937
0.1629116088151932 0.1629116088151932 0.1629116088151932 0.1629116088151932 0.1629116088151932 0.1629116088151932
0.1768542081117630 0.1768542081117630 0.1768542081117630 0.1768542081117630 0.1768542081117630 0.1768542081117630
0.1665103882551193 0.1665103882551193 0.1665103882551193 0.1665103882551193 0.1665103882551193 0.1665103882551193
0.0000000000000000 0.0000000000000000 0.0000000000000000 0.0000000000000000 0.0000000000000000 0.0000000000000000
0.1766734421253204 0.1766734421253204 0.1766734421253204 0.1766734421253204 0.1766734421253204 0.1766734421253204
0.0000000000000000 0.0000000000000000 0.0000000000000000 0.0000000000000000 0.0000000000000000 0.0000000000000000
0.1690032333135605 0.1690032333135605 0.1690032333135605 0.1690032333135605 0.1690032333135605 0.1690032333135605
0.0000000000000000 0.0000000000000000 0.0000000000000000 0.0000000000000000 0.0000000000000000 0.0000000000000000
0.1636565625667572 0.1636565625667572 0.1636565625667572 0.1636565625667572 0.1636565625667572 0.1636565625667572
0.0000000000000000 0.0000000000000000 0.0000000000000000 0.0000000000000000 0.0000000000000000 0.0000000000000000
0.0000000000000000 0.0000000000000000 0.0000000000000000 0.0000000000000000 0.0000000000000000 0.0000000000000000
0.1616435050964355 0.1616435050964355 0.1616435050964355 0.1616435050964355 0.1616435050964355 0.1616435050964355
0.0000000000000000 0.0000000000000000 0.0000000000000000 0.0000000000000000 0.0000000000000000 0.0000000000000000
0.0000000000000000 0.0000000000000000 0.0000000000000000 0.0000000000000000 0.0000000000000000 0.0000000000000000
0.1727219223976135 0.1727219223976135 0.1727219223976135 0.1727219223976135 0.1727219223976135 0.1727219223976135
0.0000000000000000 0.0000000000000000 0.0000000000000000 0.0000000000000000 0.0000000000000000 0.0000000000000000
0.1754969954490662 0.1754969954490662 0.1754969954490662 0.1754969954490662 0.1754969954490662 0.1754969954490662
0.1618890464305878 0.1618890464305878 0.1618890464305878 0.1618890464305878 0.1618890464305878 0.1618890464305878
0.1610566079616547 0.1610566079616547 0.1610566079616547 0.1610566079616547 0.1610566079616547 0.1610566079616547
0.1659628450870514 0.1659628450870514 0.1659628450870514 0.1659628450870514 0.1659628450870514 0.1659628450870514
0.0000000000000000 0.0000000000000000 0.0000000000000000 0.0000000000000000 0.0000000000000000 0.0000000000000000
0.0000000000000000 0.0000000000000000 0.0000000000000000 0.0000000000000000 0.0000000000000000 0.0000000000000000
0.0000000000000000 0.0000000000000000 0.0000000000000000 0.0000000000000000 0.0000000000000000 0.0000000000000000
0.0000000000000000 0.0000000000000000 0.0000000000000000 0.0000000000000000 0.0000000000000000 0.0000000000000000
0.0000000000000000 0.0000000000000000 0.0000000000000000 0.0000000000000000 0.0000000000000000 0.0000000000000000
0.0000000000000000 0.0000000000000000 0.0000000000000000 0.0000000000000000 0.0000000000000000 0.0000000000000000
0.0000000000000000 0.0000000000000000 0.0000000000000000 0.0000000000000000 0.0000000000000000 0.0000000000000000
0.0000000000000000 0.0000000000000000 0.0000000000000000 0.0000000000000000 0.0000000000000000 0.0000000000000000
0.0000000000000000 0.0000000000000000 0.0000000000000000 0.0000000000000000 0.0000000000000000 0.0000000000000000
0.1609258055686951 0.1609258055686951 0.1609258055686951 0.1609258055686951 0.1609258055686951 0.1609258055686951
0.0000000000000000 0.0000000000000000 0.0000000000000000 0.0000000000000000 0.0000000000000000 0.0000000000000000
0.0000000000000000 0.0000000000000000 0.0000000000000000 0.0000000000000000 0.0000000000000000 0.0000000000000000
0.0000000000000000 0.0000000000000000 0.0000000000000000 0.0000000000000000 0.0000000000000000 0.0000000000000000
0.0000000000000000 0.0000000000000000 0.0000000000000000 0.0000000000000000 0.0000000000000000 0.0000000000000000
0.1658465862274170 0.1658465862274170 0.1658465862274170 0.1658465862274170 0.1658465862274170 0.1658465862274170
0.0000000000000000 0.0000000000000000 0.0000000000000000 0.0000000000000000 0.0000000000000000 0.0000000000000000
0.0000000000000000 0.0000000000000000 0.0000000000000000 0.0000000000000000 0.0000000000000000 0.0000000000000000
0.0000000000000000 0.0000000000000000 0.0000000000000000 0.0000000000000000 0.0000000000000000 0.0000000000000000
0.0000000000000000 0.0000000000000000 0.0000000000000000 0.0000000000000000 0.0000000000000000 0.0000000000000000
0.0000000000000000 0.0000000000000000 0.0000000000000000 0.0000000000000000 0.0000000000000000 0.0000000000000000
0.0000000000000000 0.0000000000000000 0.0000000000000000 0.0000000000000000 0.0000000000000000 0.0000000000000000
0.0000000000000000 0.0000000000000000 0.0000000000000000 0.0000000000000000 0.0000000000000000 0.0000000000000000
0.0000000000000000 0.0000000000000000 0.0000000000000000 0.0000000000000000 0.0000000000000000 0.0000000000000000
0.0000000000000000 0.0000000000000000 0.0000000000000000 0.0000000000000000 0.0000000000000000 0.0000000000000000
0.0000000000000000 0.0000000000000000 0.0000000000000000 0.0000000000000000 0.0000000000000000 0.0000000000000000
0.0000000000000000 0.0000000000000000 0.0000000000000000 0.0000000000000000 0.0000000000000000 0.0000000000000000
0.1610288023948669 0.1610288023948669 0.1610288023948669 0.1610288023948669 0.1610288023948669 0.1610288023948669
0.0000000000000000 0.0000000000000000 0.0000000000000000 0.0000000000000000 0.0000000000000000 0.0000000000000000
0.0000000000000000 0.0000000000000000 0.0000000000000000 0.0000000000000000 0.0000000000000000 0.0000000000000000
0.0000000000000000 0.0000000000000000 0.0000000000000000 0.0000000000000000 0.0000000000000000 0.0000000000000000
0.1824650466442108 0.1824650466442108 0.1824650466442108 0.1824650466442108 0.1824650466442108 0.1824650466442108
0.1623178571462631 0.1623178571462631 0.1623178571462631 0.1623178571462631 0.1623178571462631 0.1623178571462631
0.0000000000000000 0.0000000000000000 0.0000000000000000 0.0000000000000000 0.0000000000000000 0.0000000000000000
0.1630968898534775 0.1630968898534775 0.1630968898534775 0.1630968898534775 0.1630968898534775 0.1630968898534775
0.1759582459926605 0.1759582459926605 0.1759582459926605 0.1759582459926605 0.1759582459926605 0.1759582459926605
0.0000000000000000 0.0000000000000000 0.0000000000000000 0.0000000000000000 0.0000000000000000 0.0000000000000000
0.1712172776460648 0.1712172776460648 0.1712172776460648 0.1712172776460648 0.1712172776460648 0.1712172776460648
0.0000000000000000 0.0000000000000000 0.0000000000000000 0.0000000000000000 0.0000000000000000 0.0000000000000000
0.1624534279108047 0.1624534279108047 0.1624534279108047 0.1624534279108047 0.1624534279108047 0.1624534279108047
0.0000000000000000 0.0000000000000000 0.0000000000000000 0.0000000000000000 0.0000000000000000 0.0000000000000000
0.1714654713869095 0.1714654713869095 0.1714654713869095 0.1714654713869095 0.1714654713869095 0.1714654713869095
0.0000000000000000 0.0000000000000000 0.0000000000000000 0.0000000000000000 0.0000000000000000 0.0000000000000000
0.0000000000000000 0.0000000000000000 0.0000000000000000 0.0000000000000000 0.0000000000000000 0.0000000000000000
0.0000000000000000 0.0000000000000000 0.0000000000000000 0.0000000000000000 0.0000000000000000 0.0000000000000000
0.0000000000000000 0.0000000000000000 0.0000000000000000 0.0000000000000000 0.0000000000000000 0.0000000000000000
0.1836627572774887 0.1836627572774887 0.1836627572774887 0.1836627572774887 0.1836627572774887 0.1836627572774887
0.1746216714382172 0.1746216714382172 0.1746216714382172 0.1746216714382172 0.1746216714382172 0.1746216714382172
0.1675688475370407 0.1675688475370407 0.1675688475370407 0.1675688475370407 0.1675688475370407 0.1675688475370407
0.0000000000000000 0.0000000000000000 0.0000000000000000 0.0000000000000000 0.0000000000000000 0.0000000000000000
0.1713877469301224 0.1713877469301224 0.1713877469301224 0.1713877469301224 0.1713877469301224 0.1713877469301224
0.1634293645620346 0.1634293645620346 0.1634293645620346 0.1634293645620346 0.1634293645620346 0.1634293645620346
0.0000000000000000 0.0000000000000000 0.0000000000000000 0.0000000000000000 0.0000000000000000 0.0000000000000000
0.1696586161851883 0.1696586161851883 0.1696586161851883 0.1696586161851883 0.1696586161851883 0.1696586161851883
0.1854446232318878 0.1854446232318878 0.1854446232318878 0.1854446232318878 0.1854446232318878 0.1854446232318878
0.1742533445358276 0.1742533445358276 0.1742533445358276 0.1742533445358276 0.1742533445358276 0.1742533445358276
0.0000000000000000 0.0000000000000000 0.0000000000000000 0.0000000000000000 0.0000000000000000 0.0000000000000000
0.0000000000000000 0.0000000000000000 0.0000000000000000 0.0000000000000000 0.0000000000000000 0.0000000000000000
0.1624142825603485 0.1624142825603485 0.1624142825603485 0.1624142825603485 0.1624142825603485 0.1624142825603485
0.0000000000000000 0.0000000000000000 0.0000000000000000 0.0000000000000000 0.0000000000000000 0.0000000000000000
0.0000000000000000 0.0000000000000000 0.0000000000000000 0.0000000000000000 0.0000000000000000 0.0000000000000000
0.0000000000000000 0.0000000000000000 0.0000000000000000 0.0000000000000000 0.0000000000000000 0.0000000000000000
0.0000000000000000 0.0000000000000000 0.0000000000000000 0.0000000000000000 0.0000000000000000 0.0000000000000000
0.0000000000000000 0.0000000000000000 0.0000000000000000 0.0000000000000000 0.0000000000000000 0.0000000000000000
0.1638341844081879 0.1638341844081879 0.1638341844081879 0.1638341844081879 0.1638341844081879 0.1638341844081879
0.0000000000000000 0.0000000000000000 0.0000000000000000 0.0000000000000000 0.0000000000000000 0.0000000000000000
0.1819568276405334 0.1819568276405334 0.1819568276405334 0.1819568276405334 0.1819568276405334 0.1819568276405334
0.1749711334705353 0.1749711334705353 0.1749711334705353 0.1749711334705353 0.1749711334705353 0.1749711334705353
0.1742849946022034 0.1742849946022034 0.1742849946022034 0.1742849946022034 0.1742849946022034 0.1742849946022034
0.1616231650114059 0.1616231650114059 0.1616231650114059 0.1616231650114059 0.1616231650114059 0.1616231650114059
0.0000000000000000 0.0000000000000000 0.0000000000000000 0.0000000000000000 0.0000000000000000 0.0000000000000000
0.0000000000000000 0.0000000000000000 0.0000000000000000 0.0000000000000000 0.0000000000000000 0.0000000000000000
0.1691080629825592 0.1691080629825592 0.1691080629825592 0.1691080629825592 0.1691080629825592 0.1691080629825592
0.0000000000000000 0.0000000000000000 0.0000000000000000 0.0000000000000000 0.0000000000000000 0.0000000000000000
0.0000000000000000 0.0000000000000000 0.0000000000000000 0.0000000000000000 0.0000000000000000 0.0000000000000000
0.0000000000000000 0.0000000000000000 0.0000000000000000 0.0000000000000000 0.0000000000000000 0.0000000000000000
0.0000000000000000 0.0000000000000000 0.0000000000000000 0.0000000000000000 0.0000000000000000 0.0000000000000000
0.0000000000000000 0.0000000000000000 0.0000000000000000 0.0000000000000000 0.0000000000000000 0.0000000000000000
0.0000000000000000 0.0000000000000000 0.0000000000000000 0.0000000000000000 0.0000000000000000 0.0000000000000000
0.0000000000000000 0.0000000000000000 0.0000000000000000 0.0000000000000000 0.0000000000000000 0.0000000000000000
0.1614517122507095 0.1614517122507095 0.1614517122507095 0.1614517122507095 0.1614517122507095 0.1614517122507095
0.0000000000000000 0.0000000000000000 0.0000000000000000 0.0000000000000000 0.0000000000000000 0.0000000000000000
0.1686214804649353 0.1686214804649353 0.1686214804649353 0.1686214804649353 0.1686214804649353 0.1686214804649353
1.0510319471359253 1.0510319471359253 1.0510319471359253 1.0510319471359253 0
1.0566762685775757 1.0566762685775757 1.0566762685775757 1.0566762685775757 0
1.0499284267425537 1.0499284267425537 1.0499284267425537 1.0499284267425537 0
1.0623064041137695 1.0623064041137695 1.0623064041137695 1.0623064041137695 0
1.0527441501617432 1.0527441501617432 1.0527441501617432 1.0527441501617432 0
1.0528625249862671 1.0528625249862671 1.0528625249862671 1.0528625249862671 0
1.0573067665100098 1.0573067665100098 1.0573067665100098 1.0573067665100098 0
1.0487833023071289 1.0487833023071289 1.0487833023071289 1.0487833023071289 0
1.0728089809417725 1.0728089809417725 1.0728089809417725 1.0728089809417725 0
1.0570600032806396 1.0570600032806396 1.0570600032806396 1.0570600032806396 0
1.0476814508438110 1.0476814508438110 1.0476814508438110 1.0476814508438110 0
1.0584888458251953 1.0584888458251953 1.0584888458251953 1.0584888458251953 0
1.0521185398101807 1.0521185398101807 1.0521185398101807 1.0521185398101807 0
1.0312922000885010 1.0312922000885010 1.0312922000885010 1.0312922000885010 0
1.0403398275375366 1.0403398275375366 1.0403398275375366 1.0403398275375366 0
1.0474538803100586 1.0474538803100586 1.0474538803100586 1.0474538803100586 0
1.0345436334609985 1.0345436334609985 1.0345436334609985 1.0345436334609985 0
1.0299825668334961 1.0299825668334961 1.0299825668334961 1.0299825668334961 0
1.0443927049636841 1.0443927049636841 1.0443927049636841 1.0443927049636841 0
1.0434571504592896 1.0434571504592896 1.0434571504592896 1.0434571504592896 0
1.0516387224197388 1.0516387224197388 1.0516387224197388 1.0516387224197388 0
1.0550956726074219 1.0550956726074219 1.0550956726074219 1.0550956726074219 0
1.0385984182357788 1.0385984182357788 1.0385984182357788 1.0385984182357788 0
1.0302271842956543 1.0302271842956543 1.0302271842956543 1.0302271842956543 0
1.0473843812942505 1.0473843812942505 1.0473843812942505 1.0473843812942505 0
1.0362678766250610 1.0362678766250610 1.0362678766250610 1.0362678766250610 0
1.0337643623352051 1.0337643623352051 1.0337643623352051 1.0337643623352051 0
1.0610915422439575 1.0610915422439575 1.0610915422439575 1.0610915422439575 0
1.0339227914810181 1.0339227914810181 1.0339227914810181 1.0339227914810181 0
1.0381907224655151 1.0381907224655151 1.0381907224655151 1.0381907224655151 0
1.0402406454086304 1.0402406454086304 1.0402406454086304 1.0402406454086304 0
1.0498242378234863 1.0498242378234863 1.0498242378234863 1.0498242378234863 0
1.0425589084625244 1.0425589084625244 1.0425589084625244 1.0425589084625244 0
1.0321666002273560 1.0321666002273560 1.0321666002273560 1.0321666002273560 0
1.0754120349884033 1.0754120349884033 1.0754120349884033 1.0754120349884033 0
1.0616201162338257 1.0616201162338257 1.0616201162338257 1.0616201162338257 0
1.0337437391281128 1.0337437391281128 1.0337437391281128 1.0337437391281128 0
1.0289889574050903 1.0289889574050903 1.0289889574050903 1.0289889574050903 0
1.0323166847229004 1.0323166847229004 1.0323166847229004 1.0323166847229004 0
1.0240064859390259 1.0240064859390259 1.0240064859390259 1.0240064859390259 0
1.0363277196884155 1.0363277196884155 1.0363277196884155 1.0363277196884155 0
1.0672097206115723 1.0672097206115723 1.0672097206115723 1.0672097206115723 0
1.0795099735260010 1.0795099735260010 1.0795099735260010 1.0795099735260010 0
1.0651308298110962 1.0651308298110962 1.0651308298110962 1.0651308298110962 0
1.0501227378845215 1.0501227378845215 1.0501227378845215 1.0501227378845215 0
1.0394446849822998 1.0394446849822998 1.0394446849822998 1.0394446849822998 0
1.0332344770431519 1.0332344770431519 1.0332344770431519 1.0332344770431519 0
1.0396234989166260 1.0396234989166260 1.0396234989166260 1.0396234989166260 0
1.0661174058914185 1.0661174058914185 1.0661174058914185 1.0661174058914185 0
1.0597850084304810 1.0597850084304810 1.0597850084304810 1.0597850084304810 0
1.0571011304855347 1.0571011304855347 1.0571011304855347 1.0571011304855347 0
1.0366753339767456 1.0366753339767456 1.0366753339767456 1.0366753339767456 0
1.0262330770492554 1.0262330770492554 1.0262330770492554 1.0262330770492554 0
1.0288053750991821 1.0288053750991821 1.0288053750991821 1.0288053750991821 0
1.0471581220626831 1.0471581220626831 1.0471581220626831 1.0471581220626831 0
1.0391005277633667 1.0391005277633667 1.0391005277633667 1.0391005277633667 0
1.0430762767791748 1.0430762767791748 1.0430762767791748 1.0430762767791748 0
1.0483244657516479 1.0483244657516479 1.0483244657516479 1.0483244657516479 0
1.0411171913146973 1.0411171913146973 1.0411171913146973 1.0411171913146973 0
1.0582334995269775 1.0582334995269775 1.0582334995269775 1.0582334995269775 0
1.0422705411911011 1.0422705411911011 1.0422705411911011 1.0422705411911011 0
1.0306236743927002 1.0306236743927002 1.0306236743927002 1.0306236743927002 0
1.0495290756225586 1.0495290756225586 1.0495290756225586 1.0495290756225586 0
1.0299768447875977 1.0299768447875977 1.0299768447875977 1.0299768447875977 0
0.1655348092317581 0.1655348092317581 0.1655348092317581 0.1655348092317581 0.1655348092317581 0.1655348092317581
0.1615420430898666 0.1615420430898666 0.1615420430898666 0.1615420430898666 0.1615420430898666 0.1615420430898666
0.1677811741828918 0.1677811741828918 0.1677811741828918 0.1677811741828918 0.1677811741828918 0.1677811741828918
0.1721182763576508 0.1721182763576508 0.1721182763576508 0.1721182763576508 0.1721182763576508 0.1721182763576508
0.1782766431570053 0.1782766431570053 0.1782766431570053 0.1782766431570053 0.1782766431570053 0.1782766431570053
0.1680186688899994 0.1680186688899994 0.1680186688899994 0.1680186688899994 0.1680186688899994 0.1680186688899994
0.1658005416393280 0.1658005416393280 0.1658005416393280 0.1658005416393280 0.1658005416393280 0.1658005416393280
0.0000000000000000 0.0000000000000000 0.0000000000000000 0.0000000000000000 0.0000000000000000 0.0000000000000000
0.1710413843393326 0.1710413843393326 0.1710413843393326 0.1710413843393326 0.1710413843393326 0.1710413843393326
0.0000000000000000 0.0000000000000000 0.0000000000000000 0.0000000000000000 0.0000000000000000 0.0000000000000000
0.1643022000789642 0.1643022000789642 0.1643022000789642 0.1643022000789642 0.1643022000789642 0.1643022000789642
0.1699493378400803 0.1699493378400803 0.1699493378400803 0.1699493378400803 0.1699493378400803 0.1699493378400803
0.1658010631799698 0.1658010631799698 0.1658010631799698 0.1658010631799698 0.1658010631799698 0.1658010631799698
0.1778665781021118 0.1778665781021118 0.1778665781021118 0.1778665781021118 0.1778665781021118 0.1778665781021118
0.1696625649929047 0.1696625649929047 0.1696625649929047 0.1696625649929047 0.1696625649929047 0.1696625649929047
0.1612727046012878 0.1612727046012878 0.1612727046012878 0.1612727046012878 0.1612727046012878 0.1612727046012878
0.1737153530120850 0.1737153530120850 0.1737153530120850 0.1737153530120850 0.1737153530120850 0.1737153530120850
0.1669007539749146 0.1669007539749146 0.1669007539749146 0.1669007539749146 0.1669007539749146 0.1669007539749146
0.1637689024209976 0.1637689024209976 0.1637689024209976 0.1637689024209976 0.1637689024209976 0.1637689024209976
0.1672917753458023 0.1672917753458023 0.1672917753458023 0.1672917753458023 0.1672917753458023 0.1672917753458023
0.0000000000000000 0.0000000000000000 0.0000000000000000 0.0000000000000000 0.0000000000000000 0.0000000000000000
0.1641736030578613 0.1641736030578613 0.1641736030578613 0.1641736030578613 0.1641736030578613 0.1641736030578613
0.1642699092626572 0.1642699092626572 0.1642699092626572 0.1642699092626572 0.1642699092626572 0.1642699092626572
0.0000000000000000 0.0000000000000000 0.0000000000000000 0.0000000000000000 0.0000000000000000 0.0000000000000000
0.1609307229518890 0.1609307229518890 0.1609307229518890 0.1609307229518890 0.1609307229518890 0.1609307229518890
0.1703229397535324 0.1703229397535324 0.1703229397535324 0.1703229397535324 0.1703229397535324 0.1703229397535324
0.0000000000000000 0.0000000000000000 0.0000000000000000 0.0000000000000000 0.0000000000000000 0.0000000000000000
0.1716817021369934 0.1716817021369934 0.1716817021369934 0.1716817021369934 0.1716817021369934 0.1716817021369934
0.0000000000000000 0.0000000000000000 0.0000000000000000 0.0000000000000000 0.0000000000000000 0.0000000000000000
0.1625166833400726 0.1625166833400726 0.1625166833400726 0.1625166833400726 0.1625166833400726 0.1625166833400726
0.1651979088783264 0.1651979088783264 0.1651979088783264 0.1651979088783264 0.1651979088783264 0.1651979088783264
0.0000000000000000 0.0000000000000000 0.0000000000000000 0.0000000000000000 0.0000000000000000 0.0000000000000000
0.1633577793836594 0.1633577793836594 0.1633577793836594 0.1633577793836594 0.1633577793836594 0.1633577793836594
0.0000000000000000 0.0000000000000000 0.0000000000000000 0.0000000000000000 0.0000000000000000 0.0000000000000000
0.0000000000000000 0.0000000000000000 0.0000000000000000 0.0000000000000000 0.0000000000000000 0.0000000000000000
0.0000000000000000 0.0000000000000000 0.0000000000000000 0.0000000000000000 0.0000000000000000 0.0000000000000000
0.1708062887191772 0.1708062887191772 0.1708062887191772 0.1708062887191772 0.1708062887191772 0.1708062887191772
0.0000000000000000 0.0000000000000000 0.0000000000000000 0.0000000000000000 0.0000000000000000 0.0000000000000000
0.1669879257678986 0.1669879257678986 0.1669879257678986 0.1669879257678986 0.1669879257678986 0.1669879257678986
0.0000000000000000 0.0000000000000000 0.0000000000000000 0.0000000000000000 0.0000000000000000 0.0000000000000000
0.0000000000000000 0.0000000000000000 0.0000000000000000 0.0000000000000000 0.0000000000000000 0.0000000000000000
0.0000000000000000 0.0000000000000000 0.0000000000000000 0.0000000000000000 0.0000000000000000 0.0000000000000000
0.0000000000000000 0.0000000000000000 0.0000000000000000 0.0000000000000000 0.0000000000000000 0.0000000000000000
0.0000000000000000 0.0000000000000000 0.0000000000000000 0.0000000000000000 0.0000000000000000 0.0000000000000000
0.0000000000000000 0.0000000000000000 0.0000000000000000 0.0000000000000000 0.0000000000000000 0.0000000000000000
0.0000000000000000 0.0000000000000000 0.0000000000000000 0.0000000000000000 0.0000000000000000 0.0000000000000000
0.0000000000000000 0.0000000000000000 0.0000000000000000 0.0000000000000000 0.0000000000000000 0.0000000000000000
0.0000000000000000 0.0000000000000000 0.0000000000000000 0.0000000000000000 0.0000000000000000 0.0000000000000000
0.0000000000000000 0.0000000000000000 0.0000000000000000 0.0000000000000000 0.0000000000000000 0.0000000000000000
0.0000000000000000 0.0000000000000000 0.0000000000000000 0.0000000000000000 0.0000000000000000 0.0000000000000000
0.1654988378286362 0.1654988378286362 0.1654988378286362 0.1654988378286362 0.1654988378286362 0.1654988378286362
0.1622585505247116 0.1622585505247116 0.1622585505247116 0.1622585505247116 0.1622585505247116 0.1622585505247116
0.0000000000000000 0.0000000000000000 0.0000000000000000 0.0000000000000000 0.0000000000000000 0.0000000000000000
0.0000000000000000 0.0000000000000000 0.0000000000000000 0.0000000000000000 0.0000000000000000 0.0000000000000000
0.0000000000000000 0.0000000000000000 0.0000000000000000 0.0000000000000000 0.0000000000000000 0.0000000000000000
0.0000000000000000 0.0000000000000000 0.0000000000000000 0.0000000000000000 0.0000000000000000 0.0000000000000000
0.0000000000000000 0.0000000000000000 0.0000000000000000 0.0000000000000000 0.0000000000000000 0.0000000000000000
0.0000000000000000 0.0000000000000000 0.0000000000000000 0.0000000000000000 0.0000000000000000 0.0000000000000000
0.0000000000000000 0.0000000000000000 0.0000000000000000 0.0000000000000000 0.0000000000000000 0.0000000000000000
0.0000000000000000 0.0000000000000000 0.0000000000000000 0.0000000000000000 0.0000000000000000 0.0000000000000000
0.0000000000000000 0.0000000000000000 0.0000000000000000 0.0000000000000000 0.0000000000000000 0.0000000000000000
0.0000000000000000 0.0000000000000000 0.0000000000000000 0.0000000000000000 0.0000000000000000 0.0000000000000000
0.0000000000000000 0.0000000000000000 0.0000000000000000 0.0000000000000000 0.0000000000000000 0.0000000000000000
0.0000000000000000 0.0000000000000000 0.0000000000000000 0.0000000000000000 0.0000000000000000 0.0000000000000000
0.0000000000000000 0.0000000000000000 0.0000000000000000 0.0000000000000000 0.0000000000000000 0.0000000000000000
0.0000000000000000 0.0000000000000000 0.0000000000000000 0.0000000000000000 0.0000000000000000 0.0000000000000000
0.0000000000000000 0.0000000000000000 0.0000000000000000 0.0000000000000000 0.0000000000000000 0.0000000000000000
0.0000000000000000 0.0000000000000000 0.0000000000000000 0.0000000000000000 0.0000000000000000 0.0000000000000000
0.0000000000000000 0.0000000000000000 0.0000000000000000 0.0000000000000000 0.0000000000000000 0.0000000000000000
0.0000000000000000 0.0000000000000000 0.0000000000000000 0.0000000000000000 0.0000000000000000 0.0000000000000000
0.0000000000000000 0.0000000000000000 0.0000000000000000 0.0000000000000000 0.0000000000000000 0.0000000000000000
0.0000000000000000 0.0000000000000000 0.0000000000000000 0.0000000000000000 0.0000000000000000 0.0000000000000000
0.0000000000000000 0.0000000000000000 0.0000000000000000 0.0000000000000000 0.0000000000000000 0.0000000000000000
0.0000000000000000 0.0000000000000000 0.0000000000000000 0.0000000000000000 0.0000000000000000 0.0000000000000000
0.0000000000000000 0.0000000000000000 0.0000000000000000 0.0000000000000000 0.0000000000000000 0.0000000000000000
0.1728285253047943 0.1728285253047943 0.1728285253047943 0.1728285253047943 0.1728285253047943 0.1728285253047943
0.0000000000000000 0.0000000000000000 0.0000000000000000 0.0000000000000000 0.0000000000000000 0.0000000000000000
0.1616488397121429 0.1616488397121429 0.1616488397121429 0.1616488397121429 0.1616488397121429 0.1616488397121429
0.1721382588148117 0.1721382588148117 0.1721382588148117 0.1721382588148117 0.1721382588148117 0.1721382588148117
0.0000000000000000 0.0000000000000000 0.0000000000000000 0.0000000000000000 0.0000000000000000 0.0000000000000000
0.1650973558425903 0.1650973558425903 0.1650973558425903 0.1650973558425903 0.1650973558425903 0.1650973558425903
0.0000000000000000 0.0000000000000000 0.0000000000000000 0.0000000000000000 0.0000000000000000 0.0000000000000000
0.1672974675893784 0.1672974675893784 0.1672974675893784 0.1672974675893784 0.1672974675893784 0.1672974675893784
0.0000000000000000 0.0000000000000000 0.0000000000000000 0.0000000000000000 0.0000000000000000 0.0000000000000000
0.0000000000000000 0.0000000000000000 0.0000000000000000 0.0000000000000000 0.0000000000000000 0.0000000000000000
0.0000000000000000 0.0000000000000000 0.0000000000000000 0.0000000000000000 0.0000000000000000 0.0000000000000000
0.0000000000000000 0.0000000000000000 0.0000000000000000 0.0000000000000000 0.0000000000000000 0.0000000000000000
0.0000000000000000 0.0000000000000000 0.0000000000000000 0.0000000000000000 0.0000000000000000 0.0000000000000000
0.0000000000000000 0.0000000000000000 0.0000000000000000 0.0000000000000000 0.0000000000000000 0.0000000000000000
0.0000000000000000 0.0000000000000000 0.0000000000000000 0.0000000000000000 0.0000000000000000 0.0000000000000000
0.1671888530254364 0.1671888530254364 0.1671888530254364 0.1671888530254364 0.1671888530254364 0.1671888530254364
0.1768182516098022 0.1768182516098022 0.1768182516098022 0.1768182516098022 0.1768182516098022 0.1768182516098022
0.1670843213796616 0.1670843213796616 0.1670843213796616 0.1670843213796616 0.1670843213796616 0.1670843213796616
0.1670929938554764 0.1670929938554764 0.1670929938554764 0.1670929938554764 0.1670929938554764 0.1670929938554764
0.1636038720607758 0.1636038720607758 0.1636038720607758 0.1636038720607758 0.1636038720607758 0.1636038720607758
0.1669833213090897 0.1669833213090897 0.1669833213090897 0.1669833213090897 0.1669833213090897 0.1669833213090897
0.0000000000000000 0.0000000000000000 0.0000000000000000 0.0000000000000000 0.0000000000000000 0.0000000000000000
0.0000000000000000 0.0000000000000000 0.0000000000000000 0.0000000000000000 0.0000000000000000 0.0000000000000000
0.1696958392858505 0.1696958392858505 0.1696958392858505 0.1696958392858505 0.1696958392858505 0.1696958392858505
0.0000000000000000 0.0000000000000000 0.0000000000000000 0.0000000000000000 0.0000000000000000 0.0000000000000000
0.0000000000000000 0.0000000000000000 0.0000000000000000 0.0000000000000000 0.0000000000000000 0.0000000000000000
0.0000000000000000 0.0000000000000000 0.0000000000000000 0.0000000000000000 0.0000000000000000 0.0000000000000000
0.0000000000000000 0.0000000000000000 0.0000000000000000 0.0000000000000000 0.0000000000000000 0.0000000000000000
0.0000000000000000 0.0000000000000000 0.0000000000000000 0.0000000000000000 0.0000000000000000 0.0000000000000000
0.1713155955076218 0.1713155955076218 0.1713155955076218 0.1713155955076218 0.1713155955076218 0.1713155955076218
0.1754533648490906 0.1754533648490906 0.1754533648490906 0.1754533648490906 0.1754533648490906 0.1754533648490906
0.1760870665311813 0.1760870665311813 0.1760870665311813 0.1760870665311813 0.1760870665311813 0.1760870665311813
0.1689181029796600 0.1689181029796600 0.1689181029796600 0.1689181029796600 0.1689181029796600 0.1689181029796600
0.1649180799722672 0.1649180799722672 0.1649180799722672 0.1649180799722672 0.1649180799722672 0.1649180799722672
0.1623540967702866 0.1623540967702866 0.1623540967702866 0.1623540967702866 0.1623540967702866 0.1623540967702866
0.0000000000000000 0.0000000000000000 0.0000000000000000 0.0000000000000000 0.0000000000000000 0.0000000000000000
0.0000000000000000 0.0000000000000000 0.0000000000000000 0.0000000000000000 0.0000000000000000 0.0000000000000000
0.0000000000000000 0.0000000000000000 0.0000000000000000 0.0000000000000000 0.0000000000000000 0.0000000000000000
0.0000000000000000 0.0000000000000000 0.0000000000000000 0.0000000000000000 0.0000000000000000 0.0000000000000000
0.0000000000000000 0.0000000000000000 0.0000000000000000 0.0000000000000000 0.0000000000000000 0.0000000000000000
0.0000000000000000 0.0000000000000000 0.0000000000000000 0.0000000000000000 0.0000000000000000 0.0000000000000000
0.0000000000000000 0.0000000000000000 0.0000000000000000 0.0000000000000000 0.0000000000000000 0.0000000000000000
0.0000000000000000 0.0000000000000000 0.0000000000000000 0.0000000000000000 0.0000000000000000 0.0000000000000000
0.0000000000000000 0.0000000000000000 0.0000000000000000 0.0000000000000000 0.0000000000000000 0.0000000000000000
0.0000000000000000 0.0000000000000000 0.0000000000000000 0.0000000000000000 0.0000000000000000 0.0000000000000000
0.1665353626012802 0.1665353626012802 0.1665353626012802 0.1665353626012802 0.1665353626012802 0.1665353626012802
0.1635344475507736 0.1635344475507736 0.1635344475507736 0.1635344475507736 0.1635344475507736 0.1635344475507736
0.1714013069868088 0.1714013069868088 0.1714013069868088 0.1714013069868088 0.1714013069868088 0.1714013069868088
0.0000000000000000 0.0000000000000000 0.0000000000000000 0.0000000000000000 0.0000000000000000 0.0000000000000000
0.1728345304727554 0.1728345304727554 0.1728345304727554 0.1728345304727554 0.1728345304727554 0.1728345304727554
0.0000000000000000 0.0000000000000000 0.0000000000000000 0.0000000000000000 0.0000000000000000 0.0000000000000000
0.0000000000000000 0.0000000000000000 0.0000000000000000 0.0000000000000000 0.0000000000000000 0.0000000000000000
0.0000000000000000 0.0000000000000000 0.0000000000000000 0.0000000000000000 0.0000000000000000 0.0000000000000000
1.0470989942550659 1.0470989942550659 1.0470989942550659 1.0470989942550659 0
1.0494859218597412 1.0494859218597412 1.0494859218597412 1.0494859218597412 0
1.0431183576583862 1.0431183576583862 1.0431183576583862 1.0431183576583862 0
1.0417609214782715 1.0417609214782715 1.0417609214782715 1.0417609214782715 0
1.0426388978958130 1.0426388978958130 1.0426388978958130 1.0426388978958130 0
1.0660206079483032 1.0660206079483032 1.0660206079483032 1.0660206079483032 0
1.0348894596099854 1.0348894596099854 1.0348894596099854 1.0348894596099854 0
1.0444915294647217 1.0444915294647217 1.0444915294647217 1.0444915294647217 0
1.0602227449417114 1.0602227449417114 1.0602227449417114 1.0602227449417114 0
1.0519641637802124 1.0519641637802124 1.0519641637802124 1.0519641637802124 0
1.0518013238906860 1.0518013238906860 1.0518013238906860 1.0518013238906860 0
1.0389980077743530 1.0389980077743530 1.0389980077743530 1.0389980077743530 0
1.0460783243179321 1.0460783243179321 1.0460783243179321 1.0460783243179321 0
1.0713748931884766 1.0713748931884766 1.0713748931884766 1.0713748931884766 0
1.0587204694747925 1.0587204694747925 1.0587204694747925 1.0587204694747925 0
1.0585201978683472 1.0585201978683472 1.0585201978683472 1.0585201978683472 0
1.0453087091445923 1.0453087091445923 1.0453087091445923 1.0453087091445923 0
1.0601004362106323 1.0601004362106323 1.0601004362106323 1.0601004362106323 0
1.0555613040924072 1.0555613040924072 1.0555613040924072 1.0555613040924072 0
1.0569274425506592 1.0569274425506592 1.0569274425506592 1.0569274425506592 0
1.0530394315719604 1.0530394315719604 1.0530394315719604 1.0530394315719604 0
1.0304828882217407 1.0304828882217407 1.0304828882217407 1.0304828882217407 0
1.0565023422241211 1.0565023422241211 1.0565023422241211 1.0565023422241211 0
1.0373575687408447 1.0373575687408447 1.0373575687408447 1.0373575687408447 0
1.0315566062927246 1.0315566062927246 1.0315566062927246 1.0315566062927246 0
1.0545259714126587 1.0545259714126587 1.0545259714126587 1.0545259714126587 0
1.0446097850799561 1.0446097850799561 1.0446097850799561 1.0446097850799561 0
1.0448540449142456 1.0448540449142456 1.0448540449142456 1.0448540449142456 0
1.0319191217422485 1.0319191217422485 1.0319191217422485 1.0319191217422485 0
1.0333313941955566 1.0333313941955566 1.0333313941955566 1.0333313941955566 0
1.0347540378570557 1.0347540378570557 1.0347540378570557 1.0347540378570557 0
1.0619345903396606 1.0619345903396606 1.0619345903396606 1.0619345903396606 0
1.0548479557037354 1.0548479557037354 1.0548479557037354 1.0548479557037354 0
1.0691088438034058 1.0691088438034058 1.0691088438034058 1.0691088438034058 0
1.0639685392379761 1.0639685392379761 1.0639685392379761 1.0639685392379761 0
1.0639171600341797 1.0639171600341797 1.0639171600341797 1.0639171600341797 0
1.0655025243759155 1.0655025243759155 1.0655025243759155 1.0655025243759155 0
1.0307313203811646 1.0307313203811646 1.0307313203811646 1.0307313203811646 0
1.0553226470947266 1.0553226470947266 1.0553226470947266 1.0553226470947266 0
1.0538173913955688 1.0538173913955688 1.0538173913955688 1.0538173913955688 0
1.0204173326492310 1.0204173326492310 1.0204173326492310 1.0204173326492310 0
1.0561374425888062 1.0561374425888062 1.0561374425888062 1.0561374425888062 0
1.0473537445068359 1.0473537445068359 1.0473537445068359 1.0473537445068359 0
1.0592837333679199 1.0592837333679199 1.0592837333679199 1.0592837333679199 0
1.0560858249664307 1.0560858249664307 1.0560858249664307 1.0560858249664307 0
1.0506376028060913 1.0506376028060913 1.0506376028060913 1.0506376028060913 0
1.0488064289093018 1.0488064289093018 1.0488064289093018 1.0488064289093018 0
1.0462021827697754 1.0462021827697754 1.0462021827697754 1.0462021827697754 0
1.0441995859146118 1.0441995859146118 1.0441995859146118 1.0441995859146118 0
1.0590499639511108 1.0590499639511108 1.0590499639511108 1.0590499639511108 0
1.0410389900207520 1.0410389900207520 1.0410389900207520 1.0410389900207520 0
1.0749127864837646 1.0749127864837646 1.0749127864837646 1.0749127864837646 0
1.0532524585723877 1.0532524585723877 1.0532524585723877 1.0532524585723877 0
1.0709722042083740 1.0709722042083740 1.0709722042083740 1.0709722042083740 0
1.0519397258758545 1.0519397258758545 1.0519397258758545 1.0519397258758545 0
1.0484565496444702 1.0484565496444702 1.0484565496444702 1.0484565496444702 0
1.0592342615127563 1.0592342615127563 1.0592342615127563 1.0592342615127563 0
1.0526571273803711 1.0526571273803711 1.0526571273803711 1.0526571273803711 0
1.0467103719711304 1.0467103719711304 1.0467103719711304 1.0467103719711304 0
1.0583475828170776 1.0583475828170776 1.0583475828170776 1.0583475828170776 0
1.0443158149719238 1.0443158149719238 1.0443158149719238 1.0443158149719238 0
1.0661042928695679 1.0661042928695679 1.0661042928695679 1.0661042928695679 0
1.0567930936813354 1.0567930936813354 1.0567930936813354 1.0567930936813354 0
1.0560415983200073 1.0560415983200073 1.0560415983200073 1.0560415983200073 0
0.0000000000000000 0.0000000000000000 0.0000000000000000 0.0000000000000000 0.0000000000000000 0.0000000000000000
0.0000000000000000 0.0000000000000000 0.0000000000000000 0.0000000000000000 0.0000000000000000 0.0000000000000000
0.1727082282304764 0.1727082282304764 0.1727082282304764 0.1727082282304764 0.1727082282304764 0.1727082282304764
0.1626692563295364 0.1626692563295364 0.1626692563295364 0.1626692563295364 0.1626692563295364 0.1626692563295364
0.1666168272495270 0.1666168272495270 0.1666168272495270 0.1666168272495270 0.1666168272495270 0.1666168272495270
0.1712227761745453 0.1712227761745453 0.1712227761745453 0.1712227761745453 0.1712227761745453 0.1712227761745453
0.0000000000000000 0.0000000000000000 0.0000000000000000 0.0000000000000000 0.0000000000000000 0.0000000000000000
0.0000000000000000 0.0000000000000000 0.0000000000000000 0.0000000000000000 0.0000000000000000 0.0000000000000000
0.1618809700012207 0.1618809700012207 0.1618809700012207 0.1618809700012207 0.1618809700012207 0.1618809700012207
0.0000000000000000 0.0000000000000000 0.0000000000000000 0.0000000000000000 0.0000000000000000 0.0000000000000000
0.0000000000000000 0.0000000000000000 0.0000000000000000 0.0000000000000000 0.0000000000000000 0.0000000000000000
0.0000000000000000 0.0000000000000000 0.0000000000000000 0.0000000000000000 0.0000000000000000 0.0000000000000000
0.0000000000000000 0.0000000000000000 0.0000000000000000 0.0000000000000000 0.0000000000000000 0.0000000000000000
0.1609077453613281 0.1609077453613281 0.1609077453613281 0.1609077453613281 0.1609077453613281 0.1609077453613281
0.1718740314245224 0.1718740314245224 0.1718740314245224 0.1718740314245224 0.1718740314245224 0.1718740314245224
0.1645412743091583 0.1645412743091583 0.1645412743091583 0.1645412743091583 0.1645412743091583 0.1645412743091583
0.0000000000000000 0.0000000000000000 0.0000000000000000 0.0000000000000000 0.0000000000000000 0.0000000000000000
0.1678520590066910 0.1678520590066910 0.1678520590066910 0.1678520590066910 0.1678520590066910 0.1678520590066910
0.0000000000000000 0.0000000000000000 0.0000000000000000 0.0000000000000000 0.0000000000000000 0.0000000000000000
0.0000000000000000 0.0000000000000000 0.0000000000000000 0.0000000000000000 0.0000000000000000 0.0000000000000000
0.1606847196817398 0.1606847196817398 0.1606847196817398 0.1606847196817398 0.1606847196817398 0.1606847196817398
0.0000000000000000 0.0000000000000000 0.0000000000000000 0.0000000000000000 0.0000000000000000 0.0000000000000000
0.0000000000000000 0.0000000000000000 0.0000000000000000 0.0000000000000000 0.0000000000000000 0.0000000000000000
0.0000000000000000 0.0000000000000000 0.0000000000000000 0.0000000000000000 0.0000000000000000 0.0000000000000000
0.1694506555795670 0.1694506555795670 0.1694506555795670 0.1694506555795670 0.1694506555795670 0.1694506555795670
0.1755273938179016 0.1755273938179016 0.1755273938179016 0.1755273938179016 0.1755273938179016 0.1755273938179016
0.1618304550647736 0.1618304550647736 0.1618304550647736 0.1618304550647736 0.1618304550647736 0.1618304550647736
0.1667831093072891 0.1667831093072891 0.1667831093072891 0.1667831093072891 0.1667831093072891 0.1667831093072891
0.1679096966981888 0.1679096966981888 0.1679096966981888 0.1679096966981888 0.1679096966981888 0.1679096966981888
0.0000000000000000 0.0000000000000000 0.0000000000000000 0.0000000000000000 0.0000000000000000 0.0000000000000000
0.1725103259086609 0.1725103259086609 0.1725103259086609 0.1725103259086609 0.1725103259086609 0.1725103259086609
0.0000000000000000 0.0000000000000000 0.0000000000000000 0.0000000000000000 0.0000000000000000 0.0000000000000000
0.0000000000000000 0.0000000000000000 0.0000000000000000 0.0000000000000000 0.0000000000000000 0.0000000000000000
0.1673238277435303 0.1673238277435303 0.1673238277435303 0.1673238277435303 0.1673238277435303 0.1673238277435303
0.0000000000000000 0.0000000000000000 0.0000000000000000 0.0000000000000000 0.0000000000000000 0.0000000000000000
0.1615025997161865 0.1615025997161865 0.1615025997161865 0.1615025997161865 0.1615025997161865 0.1615025997161865
0.0000000000000000 0.0000000000000000 0.0000000000000000 0.0000000000000000 0.0000000000000000 0.0000000000000000
0.1676934808492661 0.1676934808492661 0.1676934808492661 0.1676934808492661 0.1676934808492661 0.1676934808492661
0.0000000000000000 0.0000000000000000 0.0000000000000000 0.0000000000000000 0.0000000000000000 0.0000000000000000
0.0000000000000000 0.0000000000000000 0.0000000000000000 0.0000000000000000 0.0000000000000000 0.0000000000000000
0.1804043799638748 0.1804043799638748 0.1804043799638748 0.1804043799638748 0.1804043799638748 0.1804043799638748
0.0000000000000000 0.0000000000000000 0.0000000000000000 0.0000000000000000 0.0000000000000000 0.0000000000000000
0.1688379496335983 0.1688379496335983 0.1688379496335983 0.1688379496335983 0.1688379496335983 0.1688379496335983
0.1643731147050858 0.1643731147050858 0.1643731147050858 0.1643731147050858 0.1643731147050858 0.1643731147050858
0.0000000000000000 0.0000000000000000 0.0000000000000000 0.0000000000000000 0.0000000000000000 0.0000000000000000
0.1781672835350037 0.1781672835350037 0.1781672835350037 0.1781672835350037 0.1781672835350037 0.1781672835350037
0.0000000000000000 0.0000000000000000 0.0000000000000000 0.0000000000000000 0.0000000000000000 0.0000000000000000
0.0000000000000000 0.0000000000000000 0.0000000000000000 0.0000000000000000 0.0000000000000000 0.0000000000000000
0.1637534052133560 0.1637534052133560 0.1637534052133560 0.1637534052133560 0.1637534052133560 0.1637534052133560
0.0000000000000000 0.0000000000000000 0.0000000000000000 0.0000000000000000 0.0000000000000000 0.0000000000000000
0.0000000000000000 0.0000000000000000 0.0000000000000000 0.0000000000000000 0.0000000000000000 0.0000000000000000
0.1669209748506546 0.1669209748506546 0.1669209748506546 0.1669209748506546 0.1669209748506546 0.1669209748506546
0.0000000000000000 0.0000000000000000 0.0000000000000000 0.0000000000000000 0.0000000000000000 0.0000000000000000
0.0000000000000000 0.0000000000000000 0.0000000000000000 0.0000000000000000 0.0000000000000000 0.0000000000000000
0.1740933358669281 0.1740933358669281 0.1740933358669281 0.1740933358669281 0.1740933358669281 0.1740933358669281
0.0000000000000000 0.0000000000000000 0.0000000000000000 0.0000000000000000 0.0000000000000000 0.0000000000000000
0.0000000000000000 0.0000000000000000 0.0000000000000000 0.0000000000000000 0.0000000000000000 0.0000000000000000
0.0000000000000000 0.0000000000000000 0.0000000000000000 0.0000000000000000 0.0000000000000000 0.0000000000000000
0.1715764850378036 0.1715764850378036 0.1715764850378036 0.1715764850378036 0.1715764850378036 0.1715764850378036
0.0000000000000000 0.0000000000000000 0.0000000000000000 0.0000000000000000 0.0000000000000000 0.0000000000000000
0.0000000000000000 0.0000000000000000 0.0000000000000000 0.0000000000000000 0.0000000000000000 0.0000000000000000
0.0000000000000000 0.0000000000000000 0.0000000000000000 0.0000000000000000 0.0000000000000000 0.0000000000000000
0.1619339734315872 0.1619339734315872 0.1619339734315872 0.1619339734315872 0.1619339734315872 0.1619339734315872
0.1614634096622467 0.1614634096622467 0.1614634096622467 0.1614634096622467 0.1614634096622467 0.1614634096622467
0.1750023216009140 0.1750023216009140 0.1750023216009140 0.1750023216009140 0.1750023216009140 0.1750023216009140
0.0000000000000000 0.0000000000000000 0.0000000000000000 0.0000000000000000 0.0000000000000000 0.0000000000000000
0.0000000000000000 0.0000000000000000 0.0000000000000000 0.0000000000000000 0.0000000000000000 0.0000000000000000
0.0000000000000000 0.0000000000000000 0.0000000000000000 0.0000000000000000 0.0000000000000000 0.0000000000000000
0.0000000000000000 0.0000000000000000 0.0000000000000000 0.0000000000000000 0.0000000000000000 0.0000000000000000
0.0000000000000000 0.0000000000000000 0.0000000000000000 0.0000000000000000 0.0000000000000000 0.0000000000000000
0.1701833456754684 0.1701833456754684 0.1701833456754684 0.1701833456754684 0.1701833456754684 0.1701833456754684
0.0000000000000000 0.0000000000000000 0.0000000000000000 0.0000000000000000 0.0000000000000000 0.0000000000000000
0.1766464859247208 0.1766464859247208 0.1766464859247208 0.1766464859247208 0.1766464859247208 0.1766464859247208
0.1710220426321030 0.1710220426321030 0.1710220426321030 0.1710220426321030 0.1710220426321030 0.1710220426321030
0.0000000000000000 0.0000000000000000 0.0000000000000000 0.0000000000000000 0.0000000000000000 0.0000000000000000
0.0000000000000000 0.0000000000000000 0.0000000000000000 0.0000000000000000 0.0000000000000000 0.0000000000000000
0.1809028089046478 0.1809028089046478 0.1809028089046478 0.1809028089046478 0.1809028089046478 0.1809028089046478
0.1724184751510620 0.1724184751510620 0.1724184751510620 0.1724184751510620 0.1724184751510620 0.1724184751510620
0.1711819469928741 0.1711819469928741 0.1711819469928741 0.1711819469928741 0.1711819469928741 0.1711819469928741
0.1765927970409393 0.1765927970409393 0.1765927970409393 0.1765927970409393 0.1765927970409393 0.1765927970409393
0.1862881481647491 0.1862881481647491 0.1862881481647491 0.1862881481647491 0.1862881481647491 0.1862881481647491
0.0000000000000000 0.0000000000000000 0.0000000000000000 0.0000000000000000 0.0000000000000000 0.0000000000000000
0.1838593631982803 0.1838593631982803 0.1838593631982803 0.1838593631982803 0.1838593631982803 0.1838593631982803
0.0000000000000000 0.0000000000000000 0.0000000000000000 0.0000000000000000 0.0000000000000000 0.0000000000000000
0.0000000000000000 0.0000000000000000 0.0000000000000000 0.0000000000000000 0.0000000000000000 0.0000000000000000
0.0000000000000000 0.0000000000000000 0.0000000000000000 0.0000000000000000 0.0000000000000000 0.0000000000000000
0.0000000000000000 0.0000000000000000 0.0000000000000000 0.0000000000000000 0.0000000000000000 0.0000000000000000
0.0000000000000000 0.0000000000000000 0.0000000000000000 0.0000000000000000 0.0000000000000000 0.0000000000000000
0.0000000000000000 0.0000000000000000 0.0000000000000000 0.0000000000000000 0.0000000000000000 0.0000000000000000
0.0000000000000000 0.0000000000000000 0.0000000000000000 0.0000000000000000 0.0000000000000000 0.0000000000000000
0.0000000000000000 0.0000000000000000 0.0000000000000000 0.0000000000000000 0.0000000000000000 0.0000000000000000
0.1675048470497131 0.1675048470497131 0.1675048470497131 0.1675048470497131 0.1675048470497131 0.1675048470497131
0.1799471080303192 0.1799471080303192 0.1799471080303192 0.1799471080303192 0.1799471080303192 0.1799471080303192
0.1648968011140823 0.1648968011140823 0.1648968011140823 0.1648968011140823 0.1648968011140823 0.1648968011140823
0.0000000000000000 0.0000000000000000 0.0000000000000000 0.0000000000000000 0.0000000000000000 0.0000000000000000
0.1826684474945068 0.1826684474945068 0.1826684474945068 0.1826684474945068 0.1826684474945068 0.1826684474945068
0.1758179813623428 0.1758179813623428 0.1758179813623428 0.1758179813623428 0.1758179813623428 0.1758179813623428
0.0000000000000000 0.0000000000000000 0.0000000000000000 0.0000000000000000 0.0000000000000000 0.0000000000000000
0.1616211235523224 0.1616211235523224 0.1616211235523224 0.1616211235523224 0.1616211235523224 0.1616211235523224
0.1705941110849380 0.1705941110849380 0.1705941110849380 0.1705941110849380 0.1705941110849380 0.1705941110849380
0.1698072403669357 0.1698072403669357 0.1698072403669357 0.1698072403669357 0.1698072403669357 0.1698072403669357
0.0000000000000000 0.0000000000000000 0.0000000000000000 0.0000000000000000 0.0000000000000000 0.0000000000000000
0.0000000000000000 0.0000000000000000 0.0000000000000000 0.0000000000000000 0.0000000000000000 0.0000000000000000
0.1607154458761215 0.1607154458761215 0.1607154458761215 0.1607154458761215 0.1607154458761215 0.1607154458761215
0.0000000000000000 0.0000000000000000 0.0000000000000000 0.0000000000000000 0.0000000000000000 0.0000000000000000
0.0000000000000000 0.0000000000000000 0.0000000000000000 0.0000000000000000 0.0000000000000000 0.0000000000000000
0.0000000000000000 0.0000000000000000 0.0000000000000000 0.0000000000000000 0.0000000000000000 0.0000000000000000
0.0000000000000000 0.0000000000000000 0.0000000000000000 0.0000000000000000 0.0000000000000000 0.0000000000000000
0.1707157492637634 0.1707157492637634 0.1707157492637634 0.1707157492637634 0.1707157492637634 0.1707157492637634
0.1693709790706635 0.1693709790706635 0.1693709790706635 0.1693709790706635 0.1693709790706635 0.1693709790706635
0.1651119738817215 0.1651119738817215 0.1651119738817215 0.1651119738817215 0.1651119738817215 0.1651119738817215
0.1707505136728287 0.1707505136728287 0.1707505136728287 0.1707505136728287 0.1707505136728287 0.1707505136728287
0.1790946871042252 0.1790946871042252 0.1790946871042252 0.1790946871042252 0.1790946871042252 0.1790946871042252
0.1659550517797470 0.1659550517797470 0.1659550517797470 0.1659550517797470 0.1659550517797470 0.1659550517797470
0.0000000000000000 0.0000000000000000 0.0000000000000000 0.0000000000000000 0.0000000000000000 0.0000000000000000
0.1772332340478897 0.1772332340478897 0.1772332340478897 0.1772332340478897 0.1772332340478897 0.1772332340478897
0.1672071069478989 0.1672071069478989 0.1672071069478989 0.1672071069478989 0.1672071069478989 0.1672071069478989
0.0000000000000000 0.0000000000000000 0.0000000000000000 0.0000000000000000 0.0000000000000000 0.0000000000000000
0.1694738864898682 0.1694738864898682 0.1694738864898682 0.1694738864898682 0.1694738864898682 0.1694738864898682
0.0000000000000000 0.0000000000000000 0.0000000000000000 0.0000000000000000 0.0000000000000000 0.0000000000000000
0.0000000000000000 0.0000000000000000 0.0000000000000000 0.0000000000000000 0.0000000000000000 0.0000000000000000
0.0000000000000000 0.0000000000000000 0.0000000000000000 0.0000000000000000 0.0000000000000000 0.0000000000000000
0.0000000000000000 0.0000000000000000 0.0000000000000000 0.0000000000000000 0.0000000000000000 0.0000000000000000
0.0000000000000000 0.0000000000000000 0.0000000000000000 0.0000000000000000 0.0000000000000000 0.0000000000000000
0.0000000000000000 0.0000000000000000 0.0000000000000000 0.0000000000000000 0.0000000000000000 0.0000000000000000
0.1644337326288223 0.1644337326288223 0.1644337326288223 0.1644337326288223 0.1644337326288223 0.1644337326288223
0.0000000000000000 0.0000000000000000 0.0000000000000000 0.0000000000000000 0.0000000000000000 0.0000000000000000
0.1706223487854004 0.1706223487854004 0.1706223487854004 0.1706223487854004 0.1706223487854004 0.1706223487854004
1.0457733869552612 1.0457733869552612 1.0457733869552612 1.0457733869552612 0
1.0586807727813721 1.0586807727813721 1.0586807727813721 1.0586807727813721 0
1.0574027299880981 1.0574027299880981 1.0574027299880981 1.0574027299880981 0
1.0692373514175415 1.0692373514175415 1.0692373514175415 1.0692373514175415 0
1.0548483133316040 1.0548483133316040 1.0548483133316040 1.0548483133316040 0
1.0535383224487305 1.0535383224487305 1.0535383224487305 1.0535383224487305 0
1.0516604185104370 1.0516604185104370 1.0516604185104370 1.0516604185104370 0
1.0291993618011475 1.0291993618011475 1.0291993618011475 1.0291993618011475 0
1.0633313655853271 1.0633313655853271 1.0633313655853271 1.0633313655853271 0
1.0770664215087891 1.0770664215087891 1.0770664215087891 1.0770664215087891 0
1.0475637912750244 1.0475637912750244 1.0475637912750244 1.0475637912750244 0
1.0587887763977051 1.0587887763977051 1.0587887763977051 1.0587887763977051 0
1.0620625019073486 1.0620625019073486 1.0620625019073486 1.0620625019073486 0
1.0398489236831665 1.0398489236831665 1.0398489236831665 1.0398489236831665 0
1.0513699054718018 1.0513699054718018 1.0513699054718018 1.0513699054718018 0
1.0649882555007935 1.0649882555007935 1.0649882555007935 1.0649882555007935 0
1.0350326299667358 1.0350326299667358 1.0350326299667358 1.0350326299667358 0
1.0334439277648926 1.0334439277648926 1.0334439277648926 1.0334439277648926 0
1.0490887165069580 1.0490887165069580 1.0490887165069580 1.0490887165069580 0
1.0436844825744629 1.0436844825744629 1.0436844825744629 1.0436844825744629 0
1.0452916622161865 1.0452916622161865 1.0452916622161865 1.0452916622161865 0
1.0578265190124512 1.0578265190124512 1.0578265190124512 1.0578265190124512 0
1.0378942489624023 1.0378942489624023 1.0378942489624023 1.0378942489624023 0
1.0315124988555908 1.0315124988555908 1.0315124988555908 1.0315124988555908 0
1.0386102199554443 1.0386102199554443 1.0386102199554443 1.0386102199554443 0
1.0466860532760620 1.0466860532760620 1.0466860532760620 1.0466860532760620 0
1.0349252223968506 1.0349252223968506 1.0349252223968506 1.0349252223968506 0
1.0566447973251343 1.0566447973251343 1.0566447973251343 1.0566447973251343 0
1.0551985502243042 1.0551985502243042 1.0551985502243042 1.0551985502243042 0
1.0345443487167358 1.0345443487167358 1.0345443487167358 1.0345443487167358 0
1.0356540679931641 1.0356540679931641 1.0356540679931641 1.0356540679931641 0
1.0541144609451294 1.0541144609451294 1.0541144609451294 1.0541144609451294 0
1.0423600673675537 1.0423600673675537 1.0423600673675537 1.0423600673675537 0
1.0422401428222656 1.0422401428222656 1.0422401428222656 1.0422401428222656 0
1.0523810386657715 1.0523810386657715 1.0523810386657715 1.0523810386657715 0
1.0717357397079468 1.0717357397079468 1.0717357397079468 1.0717357397079468 0
1.0502760410308838 1.0502760410308838 1.0502760410308838 1.0502760410308838 0
1.0307295322418213 1.0307295322418213 1.0307295322418213 1.0307295322418213 0
1.0504865646362305 1.0504865646362305 1.0504865646362305 1.0504865646362305 0
1.0234736204147339 1.0234736204147339 1.0234736204147339 1.0234736204147339 0
1.0434242486953735 1.0434242486953735 1.0434242486953735 1.0434242486953735 0
1.0647302865982056 1.0647302865982056 1.0647302865982056 1.0647302865982056 0
1.0693660974502563 1.0693660974502563 1.0693660974502563 1.0693660974502563 0
1.0483353137969971 1.0483353137969971 1.0483353137969971 1.0483353137969971 0
1.0405722856521606 1.0405722856521606 1.0405722856521606 1.0405722856521606 0
1.0490914583206177 1.0490914583206177 1.0490914583206177 1.0490914583206177 0
1.0313217639923096 1.0313217639923096 1.0313217639923096 1.0313217639923096 0
1.0475147962570190 1.0475147962570190 1.0475147962570190 1.0475147962570190 0
1.0665460824966431 1.0665460824966431 1.0665460824966431 1.0665460824966431 0
1.0568853616714478 1.0568853616714478 1.0568853616714478 1.0568853616714478 0
1.0510619878768921 1.0510619878768921 1.0510619878768921 1.0510619878768921 0
1.0359473228454590 1.0359473228454590 1.0359473228454590 1.0359473228454590 0
1.0412796735763550 1.0412796735763550 1.0412796735763550 1.0412796735763550 0
1.0508118867874146 1.0508118867874146 1.0508118867874146 1.0508118867874146 0
1.0628519058227539 1.0628519058227539 1.0628519058227539 1.0628519058227539 0
1.0349845886230469 1.0349845886230469 1.0349845886230469 1.0349845886230469 0
1.0354264974594116 1.0354264974594116 1.0354264974594116 1.0354264974594116 0
1.0427230596542358 1.0427230596542358 1.0427230596542358 1.0427230596542358 0
1.0459855794906616 1.0459855794906616 1.0459855794906616 1.0459855794906616 0
1.0332683324813843 1.0332683324813843 1.0332683324813843 1.0332683324813843 0
1.0319151878356934 1.0319151878356934 1.0319151878356934 1.0319151878356934 0
1.0251265764236450 1.0251265764236450 1.0251265764236450 1.0251265764236450 0
1.0573376417160034 1.0573376417160034 1.0573376417160034 1.0573376417160034 0
1.0362260341644287 1.0362260341644287 1.0362260341644287 1.0362260341644287 0
0.1736590266227722 0.1736590266227722 0.1736590266227722 0.1736590266227722 0.1736590266227722 0.1736590266227722
0.1715420633554459 0.1715420633554459 0.1715420633554459 0.1715420633554459 0.1715420633554459 0.1715420633554459
0.1683851182460785 0.1683851182460785 0.1683851182460785 0.1683851182460785 0.1683851182460785 0.1683851182460785
0.1778163015842438 0.1778163015842438 0.1778163015842438 0.1778163015842438 0.1778163015842438 0.1778163015842438
0.1772145330905914 0.1772145330905914 0.1772145330905914 0.1772145330905914 0.1772145330905914 0.1772145330905914
0.1809149533510208 0.1809149533510208 0.1809149533510208 0.1809149533510208 0.1809149533510208 0.1809149533510208
0.1699501127004623 0.1699501127004623 0.1699501127004623 0.1699501127004623 0.1699501127004623 0.1699501127004623
0.1710259020328522 0.1710259020328522 0.1710259020328522 0.1710259020328522 0.1710259020328522 0.1710259020328522
0.1668962240219116 0.1668962240219116 0.1668962240219116 0.1668962240219116 0.1668962240219116 0.1668962240219116
0.1667566597461700 0.1667566597461700 0.1667566597461700 0.1667566597461700 0.1667566597461700 0.1667566597461700
0.1860970556735992 0.1860970556735992 0.1860970556735992 0.1860970556735992 0.1860970556735992 0.1860970556735992
0.1852724999189377 0.1852724999189377 0.1852724999189377 0.1852724999189377 0.1852724999189377 0.1852724999189377
0.1683818846940994 0.1683818846940994 0.1683818846940994 0.1683818846940994 0.1683818846940994 0.1683818846940994
0.1628382802009583 0.1628382802009583 0.1628382802009583 0.1628382802009583 0.1628382802009583 0.1628382802009583
0.1767055839300156 0.1767055839300156 0.1767055839300156 0.1767055839300156 0.1767055839300156 0.1767055839300156
0.1653099656105042 0.1653099656105042 0.1653099656105042 0.1653099656105042 0.1653099656105042 0.1653099656105042
0.1737423986196518 0.1737423986196518 0.1737423986196518 0.1737423986196518 0.1737423986196518 0.1737423986196518
0.1647817492485046 0.1647817492485046 0.1647817492485046 0.1647817492485046 0.1647817492485046 0.1647817492485046
0.1634206920862198 0.1634206920862198 0.1634206920862198 0.1634206920862198 0.1634206920862198 0.1634206920862198
0.1629151850938797 0.1629151850938797 0.1629151850938797 0.1629151850938797 0.1629151850938797 0.1629151850938797
0.0000000000000000 0.0000000000000000 0.0000000000000000 0.0000000000000000 0.0000000000000000 0.0000000000000000
0.1753317564725876 0.1753317564725876 0.1753317564725876 0.1753317564725876 0.1753317564725876 0.1753317564725876
0.1673516482114792 0.1673516482114792 0.1673516482114792 0.1673516482114792 0.1673516482114792 0.1673516482114792
0.1619692146778107 0.1619692146778107 0.1619692146778107 0.1619692146778107 0.1619692146778107 0.1619692146778107
0.1684141159057617 0.1684141159057617 0.1684141159057617 0.1684141159057617 0.1684141159057617 0.1684141159057617
0.1738481223583221 0.1738481223583221 0.1738481223583221 0.1738481223583221 0.1738481223583221 0.1738481223583221
0.1671822965145111 0.1671822965145111 0.1671822965145111 0.1671822965145111 0.1671822965145111 0.1671822965145111
0.1837876886129379 0.1837876886129379 0.1837876886129379 0.1837876886129379 0.1837876886129379 0.1837876886129379
0.1810130923986435 0.1810130923986435 0.1810130923986435 0.1810130923986435 0.1810130923986435 0.1810130923986435
0.1664725244045258 0.1664725244045258 0.1664725244045258 0.1664725244045258 0.1664725244045258 0.1664725244045258
0.0000000000000000 0.0000000000000000 0.0000000000000000 0.0000000000000000 0.0000000000000000 0.0000000000000000
0.1737872213125229 0.1737872213125229 0.1737872213125229 0.1737872213125229 0.1737872213125229 0.1737872213125229
0.1741918474435806 0.1741918474435806 0.1741918474435806 0.1741918474435806 0.1741918474435806 0.1741918474435806
0.1672388762235641 0.1672388762235641 0.1672388762235641 0.1672388762235641 0.1672388762235641 0.1672388762235641
0.1728852391242981 0.1728852391242981 0.1728852391242981 0.1728852391242981 0.1728852391242981 0.1728852391242981
0.0000000000000000 0.0000000000000000 0.0000000000000000 0.0000000000000000 0.0000000000000000 0.0000000000000000
0.0000000000000000 0.0000000000000000 0.0000000000000000 0.0000000000000000 0.0000000000000000 0.0000000000000000
0.1606582552194595 0.1606582552194595 0.1606582552194595 0.1606582552194595 0.1606582552194595 0.1606582552194595
0.1646235883235931 0.1646235883235931 0.1646235883235931 0.1646235883235931 0.1646235883235931 0.1646235883235931
0.1620995849370956 0.1620995849370956 0.1620995849370956 0.1620995849370956 0.1620995849370956 0.1620995849370956
0.1704299300909042 0.1704299300909042 0.1704299300909042 0.1704299300909042 0.1704299300909042 0.1704299300909042
0.0000000000000000 0.0000000000000000 0.0000000000000000 0.0000000000000000 0.0000000000000000 0.0000000000000000
0.0000000000000000 0.0000000000000000 0.0000000000000000 0.0000000000000000 0.0000000000000000 0.0000000000000000
0.0000000000000000 0.0000000000000000 0.0000000000000000 0.0000000000000000 0.0000000000000000 0.0000000000000000
0.0000000000000000 0.0000000000000000 0.0000000000000000 0.0000000000000000 0.0000000000000000 0.0000000000000000
0.1607700586318970 0.1607700586318970 0.1607700586318970 0.1607700586318970 0.1607700586318970 0.1607700586318970
0.1709036976099014 0.1709036976099014 0.1709036976099014 0.1709036976099014 0.1709036976099014 0.1709036976099014
0.0000000000000000 0.0000000000000000 0.0000000000000000 0.0000000000000000 0.0000000000000000 0.0000000000000000
0.1662073135375977 0.1662073135375977 0.1662073135375977 0.1662073135375977 0.1662073135375977 0.1662073135375977
0.0000000000000000 0.0000000000000000 0.0000000000000000 0.0000000000000000 0.0000000000000000 0.0000000000000000
0.1632481962442398 0.1632481962442398 0.1632481962442398 0.1632481962442398 0.1632481962442398 0.1632481962442398
0.0000000000000000 0.0000000000000000 0.0000000000000000 0.0000000000000000 0.0000000000000000 0.0000000000000000
0.1737674921751022 0.1737674921751022 0.1737674921751022 0.1737674921751022 0.1737674921751022 0.1737674921751022
0.0000000000000000 0.0000000000000000 0.0000000000000000 0.0000000000000000 0.0000000000000000 0.0000000000000000
0.0000000000000000 0.0000000000000000 0.0000000000000000 0.0000000000000000 0.0000000000000000 0.0000000000000000
0.0000000000000000 0.0000000000000000 0.0000000000000000 0.0000000000000000 0.0000000000000000 0.0000000000000000
0.1728179603815079 0.1728179603815079 0.1728179603815079 0.1728179603815079 0.1728179603815079 0.1728179603815079
0.0000000000000000 0.0000000000000000 0.0000000000000000 0.0000000000000000 0.0000000000000000 0.0000000000000000
0.1650628596544266 0.1650628596544266 0.1650628596544266 0.1650628596544266 0.1650628596544266 0.1650628596544266
0.1646891981363297 0.1646891981363297 0.1646891981363297 0.1646891981363297 0.1646891981363297 0.1646891981363297
0.1786871701478958 0.1786871701478958 0.1786871701478958 0.1786871701478958 0.1786871701478958 0.1786871701478958
0.1797372400760651 0.1797372400760651 0.1797372400760651 0.1797372400760651 0.1797372400760651 0.1797372400760651
0.1680075824260712 0.1680075824260712 0.1680075824260712 0.1680075824260712 0.1680075824260712 0.1680075824260712
0.0000000000000000 0.0000000000000000 0.0000000000000000 0.0000000000000000 0.0000000000000000 0.0000000000000000
0.1775377839803696 0.1775377839803696 0.1775377839803696 0.1775377839803696 0.1775377839803696 0.1775377839803696
0.0000000000000000 0.0000000000000000 0.0000000000000000 0.0000000000000000 0.0000000000000000 0.0000000000000000
0.1654109656810760 0.1654109656810760 0.1654109656810760 0.1654109656810760 0.1654109656810760 0.1654109656810760
0.1630508750677109 0.1630508750677109 0.1630508750677109 0.1630508750677109 0.1630508750677109 0.1630508750677109
0.0000000000000000 0.0000000000000000 0.0000000000000000 0.0000000000000000 0.0000000000000000 0.0000000000000000
0.0000000000000000 0.0000000000000000 0.0000000000000000 0.0000000000000000 0.0000000000000000 0.0000000000000000
0.0000000000000000 0.0000000000000000 0.0000000000000000 0.0000000000000000 0.0000000000000000 0.0000000000000000
0.0000000000000000 0.0000000000000000 0.0000000000000000 0.0000000000000000 0.0000000000000000 0.0000000000000000
0.0000000000000000 0.0000000000000000 0.0000000000000000 0.0000000000000000 0.0000000000000000 0.0000000000000000
0.0000000000000000 0.0000000000000000 0.0000000000000000 0.0000000000000000 0.0000000000000000 0.0000000000000000
0.0000000000000000 0.0000000000000000 0.0000000000000000 0.0000000000000000 0.0000000000000000 0.0000000000000000
0.0000000000000000 0.0000000000000000 0.0000000000000000 0.0000000000000000 0.0000000000000000 0.0000000000000000
0.1657871156930923 0.1657871156930923 0.1657871156930923 0.1657871156930923 0.1657871156930923 0.1657871156930923
0.0000000000000000 0.0000000000000000 0.0000000000000000 0.0000000000000000 0.0000000000000000 0.0000000000000000
0.1683967858552933 0.1683967858552933 0.1683967858552933 0.1683967858552933 0.1683967858552933 0.1683967858552933
0.1627135723829269 0.1627135723829269 0.1627135723829269 0.1627135723829269 0.1627135723829269 0.1627135723829269
0.0000000000000000 0.0000000000000000 0.0000000000000000 0.0000000000000000 0.0000000000000000 0.0000000000000000
0.0000000000000000 0.0000000000000000 0.0000000000000000 0.0000000000000000 0.0000000000000000 0.0000000000000000
0.0000000000000000 0.0000000000000000 0.0000000000000000 0.0000000000000000 0.0000000000000000 0.0000000000000000
0.1671894192695618 0.1671894192695618 0.1671894192695618 0.1671894192695618 0.1671894192695618 0.1671894192695618
0.0000000000000000 0.0000000000000000 0.0000000000000000 0.0000000000000000 0.0000000000000000 0.0000000000000000
0.0000000000000000 0.0000000000000000 0.0000000000000000 0.0000000000000000 0.0000000000000000 0.0000000000000000
0.0000000000000000 0.0000000000000000 0.0000000000000000 0.0000000000000000 0.0000000000000000 0.0000000000000000
0.0000000000000000 0.0000000000000000 0.0000000000000000 0.0000000000000000 0.0000000000000000 0.0000000000000000
0.0000000000000000 0.0000000000000000 0.0000000000000000 0.0000000000000000 0.0000000000000000 0.0000000000000000
0.0000000000000000 0.0000000000000000 0.0000000000000000 0.0000000000000000 0.0000000000000000 0.0000000000000000
0.1629703789949417 0.1629703789949417 0.1629703789949417 0.1629703789949417 0.1629703789949417 0.1629703789949417
0.1809493005275726 0.1809493005275726 0.1809493005275726 0.1809493005275726 0.1809493005275726 0.1809493005275726
0.1696696579456329 0.1696696579456329 0.1696696579456329 0.1696696579456329 0.1696696579456329 0.1696696579456329
0.1694930046796799 0.1694930046796799 0.1694930046796799 0.1694930046796799 0.1694930046796799 0.1694930046796799
0.1779967099428177 0.1779967099428177 0.1779967099428177 0.1779967099428177 0.1779967099428177 0.1779967099428177
0.1606186330318451 0.1606186330318451 0.1606186330318451 0.1606186330318451 0.1606186330318451 0.1606186330318451
0.1670597493648529 0.1670597493648529 0.1670597493648529 0.1670597493648529 0.1670597493648529 0.1670597493648529
0.0000000000000000 0.0000000000000000 0.0000000000000000 0.0000000000000000 0.0000000000000000 0.0000000000000000
0.1691633462905884 0.1691633462905884 0.1691633462905884 0.1691633462905884 0.1691633462905884 0.1691633462905884
0.0000000000000000 0.0000000000000000 0.0000000000000000 0.0000000000000000 0.0000000000000000 0.0000000000000000
0.1635155826807022 0.1635155826807022 0.1635155826807022 0.1635155826807022 0.1635155826807022 0.1635155826807022
0.0000000000000000 0.0000000000000000 0.0000000000000000 0.0000000000000000 0.0000000000000000 0.0000000000000000
0.0000000000000000 0.0000000000000000 0.0000000000000000 0.0000000000000000 0.0000000000000000 0.0000000000000000
0.0000000000000000 0.0000000000000000 0.0000000000000000 0.0000000000000000 0.0000000000000000 0.0000000000000000
0.1684959381818771 0.1684959381818771 0.1684959381818771 0.1684959381818771 0.1684959381818771 0.1684959381818771
0.1758606731891632 0.1758606731891632 0.1758606731891632 0.1758606731891632 0.1758606731891632 0.1758606731891632
0.1715877205133438 0.1715877205133438 0.1715877205133438 0.1715877205133438 0.1715877205133438 0.1715877205133438
0.1727837175130844 0.1727837175130844 0.1727837175130844 0.1727837175130844 0.1727837175130844 0.1727837175130844
0.1636188328266144 0.1636188328266144 0.1636188328266144 0.1636188328266144 0.1636188328266144 0.1636188328266144
0.0000000000000000 0.0000000000000000 0.0000000000000000 0.0000000000000000 0.0000000000000000 0.0000000000000000
0.1621696799993515 0.1621696799993515 0.1621696799993515 0.1621696799993515 0.1621696799993515 0.1621696799993515
0.0000000000000000 0.0000000000000000 0.0000000000000000 0.0000000000000000 0.0000000000000000 0.0000000000000000
0.0000000000000000 0.0000000000000000 0.0000000000000000 0.0000000000000000 0.0000000000000000 0.0000000000000000
0.0000000000000000 0.0000000000000000 0.0000000000000000 0.0000000000000000 0.0000000000000000 0.0000000000000000
0.0000000000000000 0.0000000000000000 0.0000000000000000 0.0000000000000000 0.0000000000000000 0.0000000000000000
0.1652919799089432 0.1652919799089432 0.1652919799089432 0.1652919799089432 0.1652919799089432 0.1652919799089432
0.0000000000000000 0.0000000000000000 0.0000000000000000 0.0000000000000000 0.0000000000000000 0.0000000000000000
0.0000000000000000 0.0000000000000000 0.0000000000000000 0.0000000000000000 0.0000000000000000 0.0000000000000000
0.0000000000000000 0.0000000000000000 0.0000000000000000 0.0000000000000000 0.0000000000000000 0.0000000000000000
0.0000000000000000 0.0000000000000000 0.0000000000000000 0.0000000000000000 0.0000000000000000 0.0000000000000000
0.1629705876111984 0.1629705876111984 0.1629705876111984 0.1629705876111984 0.1629705876111984 0.1629705876111984
0.0000000000000000 0.0000000000000000 0.0000000000000000 0.0000000000000000 0.0000000000000000 0.0000000000000000
0.1656188517808914 0.1656188517808914 0.1656188517808914 0.1656188517808914 0.1656188517808914 0.1656188517808914
0.1649452298879623 0.1649452298879623 0.1649452298879623 0.1649452298879623 0.1649452298879623 0.1649452298879623
0.1684305071830750 0.1684305071830750 0.1684305071830750 0.1684305071830750 0.1684305071830750 0.1684305071830750
0.0000000000000000 0.0000000000000000 0.0000000000000000 0.0000000000000000 0.0000000000000000 0.0000000000000000
0.0000000000000000 0.0000000000000000 0.0000000000000000 0.0000000000000000 0.0000000000000000 0.0000000000000000
0.0000000000000000 0.0000000000000000 0.0000000000000000 0.0000000000000000 0.0000000000000000 0.0000000000000000
1.0476217269897461 1.0476217269897461 1.0476217269897461 1.0476217269897461 0
1.0537571907043457 1.0537571907043457 1.0537571907043457 1.0537571907043457 0
1.0446512699127197 1.0446512699127197 1.0446512699127197 1.0446512699127197 0
1.0480266809463501 1.0480266809463501 1.0480266809463501 1.0480266809463501 0
1.0383409261703491 1.0383409261703491 1.0383409261703491 1.0383409261703491 0
1.0623730421066284 1.0623730421066284 1.0623730421066284 1.0623730421066284 0
1.0441590547561646 1.0441590547561646 1.0441590547561646 1.0441590547561646 0
1.0408291816711426 1.0408291816711426 1.0408291816711426 1.0408291816711426 0
1.0576480627059937 1.0576480627059937 1.0576480627059937 1.0576480627059937 0
1.0495401620864868 1.0495401620864868 1.0495401620864868 1.0495401620864868 0
1.0617369413375854 1.0617369413375854 1.0617369413375854 1.0617369413375854 0
1.0469526052474976 1.0469526052474976 1.0469526052474976 1.0469526052474976 0
1.0457466840744019 1.0457466840744019 1.0457466840744019 1.0457466840744019 0
1.0619516372680664 1.0619516372680664 1.0619516372680664 1.0619516372680664 0
1.0539479255676270 1.0539479255676270 1.0539479255676270 1.0539479255676270 0
1.0461453199386597 1.0461453199386597 1.0461453199386597 1.0461453199386597 0
1.0472021102905273 1.0472021102905273 1.0472021102905273 1.0472021102905273 0
1.0569986104965210 1.0569986104965210 1.0569986104965210 1.0569986104965210 0
1.0417404174804688 1.0417404174804688 1.0417404174804688 1.0417404174804688 0
1.0558921098709106 1.0558921098709106 1.0558921098709106 1.0558921098709106 0
1.0503205060958862 1.0503205060958862 1.0503205060958862 1.0503205060958862 0
1.0403892993927002 1.0403892993927002 1.0403892993927002 1.0403892993927002 0
1.0484306812286377 1.0484306812286377 1.0484306812286377 1.0484306812286377 0
1.0487934350967407 1.0487934350967407 1.0487934350967407 1.0487934350967407 0
1.0537707805633545 1.0537707805633545 1.0537707805633545 1.0537707805633545 0
1.0539563894271851 1.0539563894271851 1.0539563894271851 1.0539563894271851 0
1.0647941827774048 1.0647941827774048 1.0647941827774048 1.0647941827774048 0
1.0457998514175415 1.0457998514175415 1.0457998514175415 1.0457998514175415 0
1.0361590385437012 1.0361590385437012 1.0361590385437012 1.0361590385437012 0
1.0248864889144897 1.0248864889144897 1.0248864889144897 1.0248864889144897 0
1.0568876266479492 1.0568876266479492 1.0568876266479492 1.0568876266479492 0
1.0392413139343262 1.0392413139343262 1.0392413139343262 1.0392413139343262 0
1.0596340894699097 1.0596340894699097 1.0596340894699097 1.0596340894699097 0
1.0625300407409668 1.0625300407409668 1.0625300407409668 1.0625300407409668 0
1.0587836503982544 1.0587836503982544 1.0587836503982544 1.0587836503982544 0
1.0579442977905273 1.0579442977905273 1.0579442977905273 1.0579442977905273 0
1.0635718107223511 1.0635718107223511 1.0635718107223511 1.0635718107223511 0
1.0285000801086426 1.0285000801086426 1.0285000801086426 1.0285000801086426 0
1.0451449155807495 1.0451449155807495 1.0451449155807495 1.0451449155807495 0
1.0545364618301392 1.0545364618301392 1.0545364618301392 1.0545364618301392 0
1.0375429391860962 1.0375429391860962 1.0375429391860962 1.0375429391860962 0
1.0405148267745972 1.0405148267745972 1.0405148267745972 1.0405148267745972 0
1.0601123571395874 1.0601123571395874 1.0601123571395874 1.0601123571395874 0
1.0737793445587158 1.0737793445587158 1.0737793445587158 1.0737793445587158 0
1.0669875144958496 1.0669875144958496 1.0669875144958496 1.0669875144958496 0
1.0415138006210327 1.0415138006210327 1.0415138006210327 1.0415138006210327 0
1.0558123588562012 1.0558123588562012 1.0558123588562012 1.0558123588562012 0
1.0346020460128784 1.0346020460128784 1.0346020460128784 1.0346020460128784 0
1.0492138862609863 1.0492138862609863 1.0492138862609863 1.0492138862609863 0
1.0490353107452393 1.0490353107452393 1.0490353107452393 1.0490353107452393 0
1.0456489324569702 1.0456489324569702 1.0456489324569702 1.0456489324569702 0
1.0675570964813232 1.0675570964813232 1.0675570964813232 1.0675570964813232 0
1.0444346666336060 1.0444346666336060 1.0444346666336060 1.0444346666336060 0
1.0455858707427979 1.0455858707427979 1.0455858707427979 1.0455858707427979 0
1.0525118112564087 1.0525118112564087 1.0525118112564087 1.0525118112564087 0
1.0378645658493042 1.0378645658493042 1.0378645658493042 1.0378645658493042 0
1.0661412477493286 1.0661412477493286 1.0661412477493286 1.0661412477493286 0
1.0572003126144409 1.0572003126144409 1.0572003126144409 1.0572003126144409 0
1.0427076816558838 1.0427076816558838 1.0427076816558838 1.0427076816558838 0
1.0557885169982910 1.0557885169982910 1.0557885169982910 1.0557885169982910 0
1.0367248058319092 1.0367248058319092 1.0367248058319092 1.0367248058319092 0
1.0604535341262817 1.0604535341262817 1.0604535341262817 1.0604535341262817 0
1.0649039745330811 1.0649039745330811 1.0649039745330811 1.0649039745330811 0
1.0574766397476196 1.0574766397476196 1.0574766397476196 1.0574766397476196 0
0.1733737438917160 0.1733737438917160 0.1733737438917160 0.1733737438917160 0.1733737438917160 0.1733737438917160
0.1664227694272995 0.1664227694272995 0.1664227694272995 0.1664227694272995 0.1664227694272995 0.1664227694272995
0.1717648357152939 0.1717648357152939 0.1717648357152939 0.1717648357152939 0.1717648357152939 0.1717648357152939
0.1650877892971039 0.1650877892971039 0.1650877892971039 0.1650877892971039 0.1650877892971039 0.1650877892971039
0.1613520085811615 0.1613520085811615 0.1613520085811615 0.1613520085811615 0.1613520085811615 0.1613520085811615
0.1795089542865753 0.1795089542865753 0.1795089542865753 0.1795089542865753 0.1795089542865753 0.1795089542865753
0.0000000000000000 0.0000000000000000 0.0000000000000000 0.0000000000000000 0.0000000000000000 0.0000000000000000
0.1683604419231415 0.1683604419231415 0.1683604419231415 0.1683604419231415 0.1683604419231415 0.1683604419231415
0.1628243923187256 0.1628243923187256 0.1628243923187256 0.1628243923187256 0.1628243923187256 0.1628243923187256
0.0000000000000000 0.0000000000000000 0.0000000000000000 0.0000000000000000 0.0000000000000000 0.0000000000000000
0.1649369597434998 0.1649369597434998 0.1649369597434998 0.1649369597434998 0.1649369597434998 0.1649369597434998
0.1638111323118210 0.1638111323118210 0.1638111323118210 0.1638111323118210 0.1638111323118210 0.1638111323118210
0.1612571477890015 0.1612571477890015 0.1612571477890015 0.1612571477890015 0.1612571477890015 0.1612571477890015
0.1693307161331177 0.1693307161331177 0.1693307161331177 0.1693307161331177 0.1693307161331177 0.1693307161331177
0.1805258691310883 0.1805258691310883 0.1805258691310883 0.1805258691310883 0.1805258691310883 0.1805258691310883
0.0000000000000000 0.0000000000000000 0.0000000000000000 0.0000000000000000 0.0000000000000000 0.0000000000000000
0.0000000000000000 0.0000000000000000 0.0000000000000000 0.0000000000000000 0.0000000000000000 0.0000000000000000
0.1806540191173553 0.1806540191173553 0.1806540191173553 0.1806540191173553 0.1806540191173553 0.1806540191173553
0.1699019670486450 0.1699019670486450 0.1699019670486450 0.1699019670486450 0.1699019670486450 0.1699019670486450
0.0000000000000000 0.0000000000000000 0.0000000000000000 0.0000000000000000 0.0000000000000000 0.0000000000000000
0.1628273129463196 0.1628273129463196 0.1628273129463196 0.1628273129463196 0.1628273129463196 0.1628273129463196
0.0000000000000000 0.0000000000000000 0.0000000000000000 0.0000000000000000 0.0000000000000000 0.0000000000000000
0.0000000000000000 0.0000000000000000 0.0000000000000000 0.0000000000000000 0.0000000000000000 0.0000000000000000
0.0000000000000000 0.0000000000000000 0.0000000000000000 0.0000000000000000 0.0000000000000000 0.0000000000000000
0.1837733536958694 0.1837733536958694 0.1837733536958694 0.1837733536958694 0.1837733536958694 0.1837733536958694
0.1868858784437180 0.1868858784437180 0.1868858784437180 0.1868858784437180 0.1868858784437180 0.1868858784437180
0.1747584789991379 0.1747584789991379 0.1747584789991379 0.1747584789991379 0.1747584789991379 0.1747584789991379
0.1781218647956848 0.1781218647956848 0.1781218647956848 0.1781218647956848 0.1781218647956848 0.1781218647956848
0.1647446602582932 0.1647446602582932 0.1647446602582932 0.1647446602582932 0.1647446602582932 0.1647446602582932
0.1637384593486786 0.1637384593486786 0.1637384593486786 0.1637384593486786 0.1637384593486786 0.1637384593486786
0.1673175841569901 0.1673175841569901 0.1673175841569901 0.1673175841569901 0.1673175841569901 0.1673175841569901
0.0000000000000000 0.0000000000000000 0.0000000000000000 0.0000000000000000 0.0000000000000000 0.0000000000000000
0.1684982329607010 0.1684982329607010 0.1684982329607010 0.1684982329607010 0.1684982329607010 0.1684982329607010
0.1706052720546722 0.1706052720546722 0.1706052720546722 0.1706052720546722 0.1706052720546722 0.1706052720546722
0.0000000000000000 0.0000000000000000 0.0000000000000000 0.0000000000000000 0.0000000000000000 0.0000000000000000
0.1740632355213165 0.1740632355213165 0.1740632355213165 0.1740632355213165 0.1740632355213165 0.1740632355213165
0.1615310609340668 0.1615310609340668 0.1615310609340668 0.1615310609340668 0.1615310609340668 0.1615310609340668
0.1699554622173309 0.1699554622173309 0.1699554622173309 0.1699554622173309 0.1699554622173309 0.1699554622173309
0.1724019199609756 0.1724019199609756 0.1724019199609756 0.1724019199609756 0.1724019199609756 0.1724019199609756
0.0000000000000000 0.0000000000000000 0.0000000000000000 0.0000000000000000 0.0000000000000000 0.0000000000000000
0.1711759120225906 0.1711759120225906 0.1711759120225906 0.1711759120225906 0.1711759120225906 0.1711759120225906
0.1644278764724731 0.1644278764724731 0.1644278764724731 0.1644278764724731 0.1644278764724731 0.1644278764724731
0.1735592186450958 0.1735592186450958 0.1735592186450958 0.1735592186450958 0.1735592186450958 0.1735592186450958
0.1709185838699341 0.1709185838699341 0.1709185838699341 0.1709185838699341 0.1709185838699341 0.1709185838699341
0.1653493046760559 0.1653493046760559 0.1653493046760559 0.1653493046760559 0.1653493046760559 0.1653493046760559
0.1742230951786041 0.1742230951786041 0.1742230951786041 0.1742230951786041 0.1742230951786041 0.1742230951786041
0.1632192879915237 0.1632192879915237 0.1632192879915237 0.1632192879915237 0.1632192879915237 0.1632192879915237
0.1765902787446976 0.1765902787446976 0.1765902787446976 0.1765902787446976 0.1765902787446976 0.1765902787446976
0.1683557480573654 0.1683557480573654 0.1683557480573654 0.1683557480573654 0.1683557480573654 0.1683557480573654
0.0000000000000000 0.0000000000000000 0.0000000000000000 0.0000000000000000 0.0000000000000000 0.0000000000000000
0.1658958792686462 0.1658958792686462 0.1658958792686462 0.1658958792686462 0.1658958792686462 0.1658958792686462
0.0000000000000000 0.0000000000000000 0.0000000000000000 0.0000000000000000 0.0000000000000000 0.0000000000000000
0.0000000000000000 0.0000000000000000 0.0000000000000000 0.0000000000000000 0.0000000000000000 0.0000000000000000
0.1661485135555267 0.1661485135555267 0.1661485135555267 0.1661485135555267 0.1661485135555267 0.1661485135555267
0.1825073063373566 0.1825073063373566 0.1825073063373566 0.1825073063373566 0.1825073063373566 0.1825073063373566
0.1647954881191254 0.1647954881191254 0.1647954881191254 0.1647954881191254 0.1647954881191254 0.1647954881191254
0.0000000000000000 0.0000000000000000 0.0000000000000000 0.0000000000000000 0.0000000000000000 0.0000000000000000
0.0000000000000000 0.0000000000000000 0.0000000000000000 0.0000000000000000 0.0000000000000000 0.0000000000000000
0.1765741854906082 0.1765741854906082 0.1765741854906082 0.1765741854906082 0.1765741854906082 0.1765741854906082
0.1661125570535660 0.1661125570535660 0.1661125570535660 0.1661125570535660 0.1661125570535660 0.1661125570535660
0.1657620966434479 0.1657620966434479 0.1657620966434479 0.1657620966434479 0.1657620966434479 0.1657620966434479
0.1714386492967606 0.1714386492967606 0.1714386492967606 0.1714386492967606 0.1714386492967606 0.1714386492967606
0.0000000000000000 0.0000000000000000 0.0000000000000000 0.0000000000000000 0.0000000000000000 0.0000000000000000
0.1652432531118393 0.1652432531118393 0.1652432531118393 0.1652432531118393 0.1652432531118393 0.1652432531118393
0.1768079251050949 0.1768079251050949 0.1768079251050949 0.1768079251050949 0.1768079251050949 0.1768079251050949
0.0000000000000000 0.0000000000000000 0.0000000000000000 0.0000000000000000 0.0000000000000000 0.0000000000000000
0.1719002425670624 0.1719002425670624 0.1719002425670624 0.1719002425670624 0.1719002425670624 0.1719002425670624
0.0000000000000000 0.0000000000000000 0.0000000000000000 0.0000000000000000 0.0000000000000000 0.0000000000000000
0.0000000000000000 0.0000000000000000 0.0000000000000000 0.0000000000000000 0.0000000000000000 0.0000000000000000
0.1650819778442383 0.1650819778442383 0.1650819778442383 0.1650819778442383 0.1650819778442383 0.1650819778442383
0.1709955781698227 0.1709955781698227 0.1709955781698227 0.1709955781698227 0.1709955781698227 0.1709955781698227
0.1677591800689697 0.1677591800689697 0.1677591800689697 0.1677591800689697 0.1677591800689697 0.1677591800689697
0.1780124008655548 0.1780124008655548 0.1780124008655548 0.1780124008655548 0.1780124008655548 0.1780124008655548
0.1650500744581223 0.1650500744581223 0.1650500744581223 0.1650500744581223 0.1650500744581223 0.1650500744581223
0.0000000000000000 0.0000000000000000 0.0000000000000000 0.0000000000000000 0.0000000000000000 0.0000000000000000
0.1708265990018845 0.1708265990018845 0.1708265990018845 0.1708265990018845 0.1708265990018845 0.1708265990018845
0.1828282773494720 0.1828282773494720 0.1828282773494720 0.1828282773494720 0.1828282773494720 0.1828282773494720
0.1691249310970306 0.1691249310970306 0.1691249310970306 0.1691249310970306 0.1691249310970306 0.1691249310970306
0.1708269119262695 0.1708269119262695 0.1708269119262695 0.1708269119262695 0.1708269119262695 0.1708269119262695
0.1738536804914474 0.1738536804914474 0.1738536804914474 0.1738536804914474 0.1738536804914474 0.1738536804914474
0.1847648024559021 0.1847648024559021 0.1847648024559021 0.1847648024559021 0.1847648024559021 0.1847648024559021
0.1672032475471497 0.1672032475471497 0.1672032475471497 0.1672032475471497 0.1672032475471497 0.1672032475471497
0.1729824095964432 0.1729824095964432 0.1729824095964432 0.1729824095964432 0.1729824095964432 0.1729824095964432
0.1702356785535812 0.1702356785535812 0.1702356785535812 0.1702356785535812 0.1702356785535812 0.1702356785535812
0.0000000000000000 0.0000000000000000 0.0000000000000000 0.0000000000000000 0.0000000000000000 0.0000000000000000
0.0000000000000000 0.0000000000000000 0.0000000000000000 0.0000000000000000 0.0000000000000000 0.0000000000000000
0.1780721247196198 0.1780721247196198 0.1780721247196198 0.1780721247196198 0.1780721247196198 0.1780721247196198
0.0000000000000000 0.0000000000000000 0.0000000000000000 0.0000000000000000 0.0000000000000000 0.0000000000000000
0.0000000000000000 0.0000000000000000 0.0000000000000000 0.0000000000000000 0.0000000000000000 0.0000000000000000
0.0000000000000000 0.0000000000000000 0.0000000000000000 0.0000000000000000 0.0000000000000000 0.0000000000000000
0.0000000000000000 0.0000000000000000 0.0000000000000000 0.0000000000000000 0.0000000000000000 0.0000000000000000
0.1687815934419632 0.1687815934419632 0.1687815934419632 0.1687815934419632 0.1687815934419632 0.1687815934419632
0.1720359176397324 0.1720359176397324 0.1720359176397324 0.1720359176397324 0.1720359176397324 0.1720359176397324
0.1750202625989914 0.1750202625989914 0.1750202625989914 0.1750202625989914 0.1750202625989914 0.1750202625989914
0.0000000000000000 0.0000000000000000 0.0000000000000000 0.0000000000000000 0.0000000000000000 0.0000000000000000
0.1862775832414627 0.1862775832414627 0.1862775832414627 0.1862775832414627 0.1862775832414627 0.1862775832414627
0.1715114265680313 0.1715114265680313 0.1715114265680313 0.1715114265680313 0.1715114265680313 0.1715114265680313
0.0000000000000000 0.0000000000000000 0.0000000000000000 0.0000000000000000 0.0000000000000000 0.0000000000000000
0.1705849915742874 0.1705849915742874 0.1705849915742874 0.1705849915742874 0.1705849915742874 0.1705849915742874
0.1744805872440338 0.1744805872440338 0.1744805872440338 0.1744805872440338 0.1744805872440338 0.1744805872440338
0.0000000000000000 0.0000000000000000 0.0000000000000000 0.0000000000000000 0.0000000000000000 0.0000000000000000
0.0000000000000000 0.0000000000000000 0.0000000000000000 0.0000000000000000 0.0000000000000000 0.0000000000000000
0.1618918180465698 0.1618918180465698 0.1618918180465698 0.1618918180465698 0.1618918180465698 0.1618918180465698
0.0000000000000000 0.0000000000000000 0.0000000000000000 0.0000000000000000 0.0000000000000000 0.0000000000000000
0.1719994843006134 0.1719994843006134 0.1719994843006134 0.1719994843006134 0.1719994843006134 0.1719994843006134
0.0000000000000000 0.0000000000000000 0.0000000000000000 0.0000000000000000 0.0000000000000000 0.0000000000000000
0.0000000000000000 0.0000000000000000 0.0000000000000000 0.0000000000000000 0.0000000000000000 0.0000000000000000
0.0000000000000000 0.0000000000000000 0.0000000000000000 0.0000000000000000 0.0000000000000000 0.0000000000000000
0.1745686084032059 0.1745686084032059 0.1745686084032059 0.1745686084032059 0.1745686084032059 0.1745686084032059
0.0000000000000000 0.0000000000000000 0.0000000000000000 0.0000000000000000 0.0000000000000000 0.0000000000000000
0.0000000000000000 0.0000000000000000 0.0000000000000000 0.0000000000000000 0.0000000000000000 0.0000000000000000
0.1678054481744766 0.1678054481744766 0.1678054481744766 0.1678054481744766 0.1678054481744766 0.1678054481744766
0.1807777136564255 0.1807777136564255 0.1807777136564255 0.1807777136564255 0.1807777136564255 0.1807777136564255
0.0000000000000000 0.0000000000000000 0.0000000000000000 0.0000000000000000 0.0000000000000000 0.0000000000000000
0.1645243912935257 0.1645243912935257 0.1645243912935257 0.1645243912935257 0.1645243912935257 0.1645243912935257
0.0000000000000000 0.0000000000000000 0.0000000000000000 0.0000000000000000 0.0000000000000000 0.0000000000000000
0.1701363623142242 0.1701363623142242 0.1701363623142242 0.1701363623142242 0.1701363623142242 0.1701363623142242
0.1632325500249863 0.1632325500249863 0.1632325500249863 0.1632325500249863 0.1632325500249863 0.1632325500249863
0.0000000000000000 0.0000000000000000 0.0000000000000000 0.0000000000000000 0.0000000000000000 0.0000000000000000
0.1649429202079773 0.1649429202079773 0.1649429202079773 0.1649429202079773 0.1649429202079773 0.1649429202079773
0.0000000000000000 0.0000000000000000 0.0000000000000000 0.0000000000000000 0.0000000000000000 0.0000000000000000
0.1684720516204834 0.1684720516204834 0.1684720516204834 0.1684720516204834 0.1684720516204834 0.1684720516204834
0.0000000000000000 0.0000000000000000 0.0000000000000000 0.0000000000000000 0.0000000000000000 0.0000000000000000
0.0000000000000000 0.0000000000000000 0.0000000000000000 0.0000000000000000 0.0000000000000000 0.0000000000000000
0.0000000000000000 0.0000000000000000 0.0000000000000000 0.0000000000000000 0.0000000000000000 0.0000000000000000
0.1681483238935471 0.1681483238935471 0.1681483238935471 0.1681483238935471 0.1681483238935471 0.1681483238935471
0.1637383997440338 0.1637383997440338 0.1637383997440338 0.1637383997440338 0.1637383997440338 0.1637383997440338
0.1791641563177109 0.1791641563177109 0.1791641563177109 0.1791641563177109 0.1791641563177109 0.1791641563177109
1.0553877353668213 1.0553877353668213 1.0553877353668213 1.0553877353668213 0
1.0692979097366333 1.0692979097366333 1.0692979097366333 1.0692979097366333 0
1.0595914125442505 1.0595914125442505 1.0595914125442505 1.0595914125442505 0
1.0641883611679077 1.0641883611679077 1.0641883611679077 1.0641883611679077 0
1.0540347099304199 1.0540347099304199 1.0540347099304199 1.0540347099304199 0
1.0442022085189819 1.0442022085189819 1.0442022085189819 1.0442022085189819 0
1.0562958717346191 1.0562958717346191 1.0562958717346191 1.0562958717346191 0
1.0464581251144409 1.0464581251144409 1.0464581251144409 1.0464581251144409 0
1.0736417770385742 1.0736417770385742 1.0736417770385742 1.0736417770385742 0
1.0525747537612915 1.0525747537612915 1.0525747537612915 1.0525747537612915 0
1.0448231697082520 1.0448231697082520 1.0448231697082520 1.0448231697082520 0
1.0573569536209106 1.0573569536209106 1.0573569536209106 1.0573569536209106 0
1.0641791820526123 1.0641791820526123 1.0641791820526123 1.0641791820526123 0
1.0331145524978638 1.0331145524978638 1.0331145524978638 1.0331145524978638 0
1.0435854196548462 1.0435854196548462 1.0435854196548462 1.0435854196548462 0
1.0518389940261841 1.0518389940261841 1.0518389940261841 1.0518389940261841 0
1.0455689430236816 1.0455689430236816 1.0455689430236816 1.0455689430236816 0
1.0450987815856934 1.0450987815856934 1.0450987815856934 1.0450987815856934 0
1.0531629323959351 1.0531629323959351 1.0531629323959351 1.0531629323959351 0
1.0466251373291016 1.0466251373291016 1.0466251373291016 1.0466251373291016 0
1.0451114177703857 1.0451114177703857 1.0451114177703857 1.0451114177703857 0
1.0551210641860962 1.0551210641860962 1.0551210641860962 1.0551210641860962 0
1.0120745897293091 1.0120745897293091 1.0120745897293091 1.0120745897293091 0
1.0512684583663940 1.0512684583663940 1.0512684583663940 1.0512684583663940 0
1.0414309501647949 1.0414309501647949 1.0414309501647949 1.0414309501647949 0
1.0474684238433838 1.0474684238433838 1.0474684238433838 1.0474684238433838 0
1.0583864450454712 1.0583864450454712 1.0583864450454712 1.0583864450454712 0
1.0694445371627808 1.0694445371627808 1.0694445371627808 1.0694445371627808 0
1.0428757667541504 1.0428757667541504 1.0428757667541504 1.0428757667541504 0
1.0415189266204834 1.0415189266204834 1.0415189266204834 1.0415189266204834 0
1.0445268154144287 1.0445268154144287 1.0445268154144287 1.0445268154144287 0
1.0673842430114746 1.0673842430114746 1.0673842430114746 1.0673842430114746 0
1.0487005710601807 1.0487005710601807 1.0487005710601807 1.0487005710601807 0
1.0460292100906372 1.0460292100906372 1.0460292100906372 1.0460292100906372 0
1.0669857263565063 1.0669857263565063 1.0669857263565063 1.0669857263565063 0
1.0669881105422974 1.0669881105422974 1.0669881105422974 1.0669881105422974 0
1.0502784252166748 1.0502784252166748 1.0502784252166748 1.0502784252166748 0
1.0488667488098145 1.0488667488098145 1.0488667488098145 1.0488667488098145 0
1.0430843830108643 1.0430843830108643 1.0430843830108643 1.0430843830108643 0
1.0465165376663208 1.0465165376663208 1.0465165376663208 1.0465165376663208 0
1.0568636655807495 1.0568636655807495 1.0568636655807495 1.0568636655807495 0
1.0608224868774414 1.0608224868774414 1.0608224868774414 1.0608224868774414 0
1.0745595693588257 1.0745595693588257 1.0745595693588257 1.0745595693588257 0
1.0453244447708130 1.0453244447708130 1.0453244447708130 1.0453244447708130 0
1.0533945560455322 1.0533945560455322 1.0533945560455322 1.0533945560455322 0
1.0490012168884277 1.0490012168884277 1.0490012168884277 1.0490012168884277 0
1.0438387393951416 1.0438387393951416 1.0438387393951416 1.0438387393951416 0
1.0459507703781128 1.0459507703781128 1.0459507703781128 1.0459507703781128 0
1.0504606962203979 1.0504606962203979 1.0504606962203979 1.0504606962203979 0
1.0573360919952393 1.0573360919952393 1.0573360919952393 1.0573360919952393 0
1.0642002820968628 1.0642002820968628 1.0642002820968628 1.0642002820968628 0
1.0446701049804688 1.0446701049804688 1.0446701049804688 1.0446701049804688 0
1.0382924079895020 1.0382924079895020 1.0382924079895020 1.0382924079895020 0
1.0486150979995728 1.0486150979995728 1.0486150979995728 1.0486150979995728 0
1.0684111118316650 1.0684111118316650 1.0684111118316650 1.0684111118316650 0
1.0478143692016602 1.0478143692016602 1.0478143692016602 1.0478143692016602 0
1.0425126552581787 1.0425126552581787 1.0425126552581787 1.0425126552581787 0
1.0510988235473633 1.0510988235473633 1.0510988235473633 1.0510988235473633 0
1.0365774631500244 1.0365774631500244 1.0365774631500244 1.0365774631500244 0
1.0509016513824463 1.0509016513824463 1.0509016513824463 1.0509016513824463 0
1.0648084878921509 1.0648084878921509 1.0648084878921509 1.0648084878921509 0
1.0395920276641846 1.0395920276641846 1.0395920276641846 1.0395920276641846 0
1.0559731721878052 1.0559731721878052 1.0559731721878052 1.0559731721878052 0
1.0348814725875854 1.0348814725875854 1.0348814725875854 1.0348814725875854 0
0.1855812072753906 0.1855812072753906 0.1855812072753906 0.1855812072753906 0.1855812072753906 0.1855812072753906
0.1738619506359100 0.1738619506359100 0.1738619506359100 0.1738619506359100 0.1738619506359100 0.1738619506359100
0.1724765896797180 0.1724765896797180 0.1724765896797180 0.1724765896797180 0.1724765896797180 0.1724765896797180
0.1692836880683899 0.1692836880683899 0.1692836880683899 0.1692836880683899 0.1692836880683899 0.1692836880683899
0.1913992315530777 0.1913992315530777 0.1913992315530777 0.1913992315530777 0.1913992315530777 0.1913992315530777
0.1937514543533325 0.1937514543533325 0.1937514543533325 0.1937514543533325 0.1937514543533325 0.1937514543533325
0.1800093948841095 0.1800093948841095 0.1800093948841095 0.1800093948841095 0.1800093948841095 0.1800093948841095
0.1735200881958008 0.1735200881958008 0.1735200881958008 0.1735200881958008 0.1735200881958008 0.1735200881958008
0.1784934103488922 0.1784934103488922 0.1784934103488922 0.1784934103488922 0.1784934103488922 0.1784934103488922
0.1623754203319550 0.1623754203319550 0.1623754203319550 0.1623754203319550 0.1623754203319550 0.1623754203319550
0.1775272935628891 0.1775272935628891 0.1775272935628891 0.1775272935628891 0.1775272935628891 0.1775272935628891
0.1762832701206207 0.1762832701206207 0.1762832701206207 0.1762832701206207 0.1762832701206207 0.1762832701206207
0.1610367596149445 0.1610367596149445 0.1610367596149445 0.1610367596149445 0.1610367596149445 0.1610367596149445
0.1797836422920227 0.1797836422920227 0.1797836422920227 0.1797836422920227 0.1797836422920227 0.1797836422920227
0.1788747608661652 0.1788747608661652 0.1788747608661652 0.1788747608661652 0.1788747608661652 0.1788747608661652
0.0000000000000000 0.0000000000000000 0.0000000000000000 0.0000000000000000 0.0000000000000000 0.0000000000000000
0.1700977981090546 0.1700977981090546 0.1700977981090546 0.1700977981090546 0.1700977981090546 0.1700977981090546
0.1799778938293457 0.1799778938293457 0.1799778938293457 0.1799778938293457 0.1799778938293457 0.1799778938293457
0.1674414724111557 0.1674414724111557 0.1674414724111557 0.1674414724111557 0.1674414724111557 0.1674414724111557
0.1831453591585159 0.1831453591585159 0.1831453591585159 0.1831453591585159 0.1831453591585159 0.1831453591585159
0.1652412116527557 0.1652412116527557 0.1652412116527557 0.1652412116527557 0.1652412116527557 0.1652412116527557
0.1653936803340912 0.1653936803340912 0.1653936803340912 0.1653936803340912 0.1653936803340912 0.1653936803340912
0.1659450232982635 0.1659450232982635 0.1659450232982635 0.1659450232982635 0.1659450232982635 0.1659450232982635
0.1677128225564957 0.1677128225564957 0.1677128225564957 0.1677128225564957 0.1677128225564957 0.1677128225564957
0.1797291934490204 0.1797291934490204 0.1797291934490204 0.1797291934490204 0.1797291934490204 0.1797291934490204
0.1866329610347748 0.1866329610347748 0.1866329610347748 0.1866329610347748 0.1866329610347748 0.1866329610347748
0.1761637330055237 0.1761637330055237 0.1761637330055237 0.1761637330055237 0.1761637330055237 0.1761637330055237
0.1796853244304657 0.1796853244304657 0.1796853244304657 0.1796853244304657 0.1796853244304657 0.1796853244304657
0.1746991574764252 0.1746991574764252 0.1746991574764252 0.1746991574764252 0.1746991574764252 0.1746991574764252
0.1746406555175781 0.1746406555175781 0.1746406555175781 0.1746406555175781 0.1746406555175781 0.1746406555175781
0.0000000000000000 0.0000000000000000 0.0000000000000000 0.0000000000000000 0.0000000000000000 0.0000000000000000
0.1743938177824020 0.1743938177824020 0.1743938177824020 0.1743938177824020 0.1743938177824020 0.1743938177824020
0.1705617159605026 0.1705617159605026 0.1705617159605026 0.1705617159605026 0.1705617159605026 0.1705617159605026
0.1625347435474396 0.1625347435474396 0.1625347435474396 0.1625347435474396 0.1625347435474396 0.1625347435474396
0.1792117953300476 0.1792117953300476 0.1792117953300476 0.1792117953300476 0.1792117953300476 0.1792117953300476
0.0000000000000000 0.0000000000000000 0.0000000000000000 0.0000000000000000 0.0000000000000000 0.0000000000000000
0.1615587770938873 0.1615587770938873 0.1615587770938873 0.1615587770938873 0.1615587770938873 0.1615587770938873
0.1606529355049133 0.1606529355049133 0.1606529355049133 0.1606529355049133 0.1606529355049133 0.1606529355049133
0.0000000000000000 0.0000000000000000 0.0000000000000000 0.0000000000000000 0.0000000000000000 0.0000000000000000
0.1620035320520401 0.1620035320520401 0.1620035320520401 0.1620035320520401 0.1620035320520401 0.1620035320520401
0.1749350279569626 0.1749350279569626 0.1749350279569626 0.1749350279569626 0.1749350279569626 0.1749350279569626
0.1609756052494049 0.1609756052494049 0.1609756052494049 0.1609756052494049 0.1609756052494049 0.1609756052494049
0.0000000000000000 0.0000000000000000 0.0000000000000000 0.0000000000000000 0.0000000000000000 0.0000000000000000
0.0000000000000000 0.0000000000000000 0.0000000000000000 0.0000000000000000 0.0000000000000000 0.0000000000000000
0.1703877300024033 0.1703877300024033 0.1703877300024033 0.1703877300024033 0.1703877300024033 0.1703877300024033
0.1715311408042908 0.1715311408042908 0.1715311408042908 0.1715311408042908 0.1715311408042908 0.1715311408042908
0.1797507852315903 0.1797507852315903 0.1797507852315903 0.1797507852315903 0.1797507852315903 0.1797507852315903
0.0000000000000000 0.0000000000000000 0.0000000000000000 0.0000000000000000 0.0000000000000000 0.0000000000000000
0.1692293137311935 0.1692293137311935 0.1692293137311935 0.1692293137311935 0.1692293137311935 0.1692293137311935
0.0000000000000000 0.0000000000000000 0.0000000000000000 0.0000000000000000 0.0000000000000000 0.0000000000000000
0.1773953884840012 0.1773953884840012 0.1773953884840012 0.1773953884840012 0.1773953884840012 0.1773953884840012
0.0000000000000000 0.0000000000000000 0.0000000000000000 0.0000000000000000 0.0000000000000000 0.0000000000000000
0.1817794740200043 0.1817794740200043 0.1817794740200043 0.1817794740200043 0.1817794740200043 0.1817794740200043
0.0000000000000000 0.0000000000000000 0.0000000000000000 0.0000000000000000 0.0000000000000000 0.0000000000000000
0.1647818982601166 0.1647818982601166 0.1647818982601166 0.1647818982601166 0.1647818982601166 0.1647818982601166
0.0000000000000000 0.0000000000000000 0.0000000000000000 0.0000000000000000 0.0000000000000000 0.0000000000000000
0.1615290939807892 0.1615290939807892 0.1615290939807892 0.1615290939807892 0.1615290939807892 0.1615290939807892
0.0000000000000000 0.0000000000000000 0.0000000000000000 0.0000000000000000 0.0000000000000000 0.0000000000000000
0.1619120538234711 0.1619120538234711 0.1619120538234711 0.1619120538234711 0.1619120538234711 0.1619120538234711
0.1735096126794815 0.1735096126794815 0.1735096126794815 0.1735096126794815 0.1735096126794815 0.1735096126794815
0.1624802350997925 0.1624802350997925 0.1624802350997925 0.1624802350997925 0.1624802350997925 0.1624802350997925
0.1772494018077850 0.1772494018077850 0.1772494018077850 0.1772494018077850 0.1772494018077850 0.1772494018077850
0.1764113456010818 0.1764113456010818 0.1764113456010818 0.1764113456010818 0.1764113456010818 0.1764113456010818
0.1708317101001740 0.1708317101001740 0.1708317101001740 0.1708317101001740 0.1708317101001740 0.1708317101001740
0.1780090034008026 0.1780090034008026 0.1780090034008026 0.1780090034008026 0.1780090034008026 0.1780090034008026
0.1653078049421310 0.1653078049421310 0.1653078049421310 0.1653078049421310 0.1653078049421310 0.1653078049421310
0.1713170707225800 0.1713170707225800 0.1713170707225800 0.1713170707225800 0.1713170707225800 0.1713170707225800
0.1658906191587448 0.1658906191587448 0.1658906191587448 0.1658906191587448 0.1658906191587448 0.1658906191587448
0.1647869497537613 0.1647869497537613 0.1647869497537613 0.1647869497537613 0.1647869497537613 0.1647869497537613
0.0000000000000000 0.0000000000000000 0.0000000000000000 0.0000000000000000 0.0000000000000000 0.0000000000000000
0.0000000000000000 0.0000000000000000 0.0000000000000000 0.0000000000000000 0.0000000000000000 0.0000000000000000
0.1640551835298538 0.1640551835298538 0.1640551835298538 0.1640551835298538 0.1640551835298538 0.1640551835298538
0.1611838787794113 0.1611838787794113 0.1611838787794113 0.1611838787794113 0.1611838787794113 0.1611838787794113
0.0000000000000000 0.0000000000000000 0.0000000000000000 0.0000000000000000 0.0000000000000000 0.0000000000000000
0.1683606356382370 0.1683606356382370 0.1683606356382370 0.1683606356382370 0.1683606356382370 0.1683606356382370
0.1641101688146591 0.1641101688146591 0.1641101688146591 0.1641101688146591 0.1641101688146591 0.1641101688146591
0.0000000000000000 0.0000000000000000 0.0000000000000000 0.0000000000000000 0.0000000000000000 0.0000000000000000
0.1716412454843521 0.1716412454843521 0.1716412454843521 0.1716412454843521 0.1716412454843521 0.1716412454843521
0.1792049556970596 0.1792049556970596 0.1792049556970596 0.1792049556970596 0.1792049556970596 0.1792049556970596
0.1737652271986008 0.1737652271986008 0.1737652271986008 0.1737652271986008 0.1737652271986008 0.1737652271986008
0.0000000000000000 0.0000000000000000 0.0000000000000000 0.0000000000000000 0.0000000000000000 0.0000000000000000
0.1637861728668213 0.1637861728668213 0.1637861728668213 0.1637861728668213 0.1637861728668213 0.1637861728668213
0.0000000000000000 0.0000000000000000 0.0000000000000000 0.0000000000000000 0.0000000000000000 0.0000000000000000
0.1722291857004166 0.1722291857004166 0.1722291857004166 0.1722291857004166 0.1722291857004166 0.1722291857004166
0.0000000000000000 0.0000000000000000 0.0000000000000000 0.0000000000000000 0.0000000000000000 0.0000000000000000
0.1612620353698730 0.1612620353698730 0.1612620353698730 0.1612620353698730 0.1612620353698730 0.1612620353698730
0.0000000000000000 0.0000000000000000 0.0000000000000000 0.0000000000000000 0.0000000000000000 0.0000000000000000
0.0000000000000000 0.0000000000000000 0.0000000000000000 0.0000000000000000 0.0000000000000000 0.0000000000000000
0.0000000000000000 0.0000000000000000 0.0000000000000000 0.0000000000000000 0.0000000000000000 0.0000000000000000
0.1672440767288208 0.1672440767288208 0.1672440767288208 0.1672440767288208 0.1672440767288208 0.1672440767288208
0.1704040467739105 0.1704040467739105 0.1704040467739105 0.1704040467739105 0.1704040467739105 0.1704040467739105
0.1821895390748978 0.1821895390748978 0.1821895390748978 0.1821895390748978 0.1821895390748978 0.1821895390748978
0.1618181914091110 0.1618181914091110 0.1618181914091110 0.1618181914091110 0.1618181914091110 0.1618181914091110
0.1688493937253952 0.1688493937253952 0.1688493937253952 0.1688493937253952 0.1688493937253952 0.1688493937253952
0.1927011907100677 0.1927011907100677 0.1927011907100677 0.1927011907100677 0.1927011907100677 0.1927011907100677
0.1862818300724030 0.1862818300724030 0.1862818300724030 0.1862818300724030 0.1862818300724030 0.1862818300724030
0.1783781349658966 0.1783781349658966 0.1783781349658966 0.1783781349658966 0.1783781349658966 0.1783781349658966
0.1691188365221024 0.1691188365221024 0.1691188365221024 0.1691188365221024 0.1691188365221024 0.1691188365221024
0.1729910969734192 0.1729910969734192 0.1729910969734192 0.1729910969734192 0.1729910969734192 0.1729910969734192
0.0000000000000000 0.0000000000000000 0.0000000000000000 0.0000000000000000 0.0000000000000000 0.0000000000000000
0.0000000000000000 0.0000000000000000 0.0000000000000000 0.0000000000000000 0.0000000000000000 0.0000000000000000
0.0000000000000000 0.0000000000000000 0.0000000000000000 0.0000000000000000 0.0000000000000000 0.0000000000000000
0.0000000000000000 0.0000000000000000 0.0000000000000000 0.0000000000000000 0.0000000000000000 0.0000000000000000
0.0000000000000000 0.0000000000000000 0.0000000000000000 0.0000000000000000 0.0000000000000000 0.0000000000000000
0.1722489744424820 0.1722489744424820 0.1722489744424820 0.1722489744424820 0.1722489744424820 0.1722489744424820
0.1678805798292160 0.1678805798292160 0.1678805798292160 0.1678805798292160 0.1678805798292160 0.1678805798292160
0.1692248880863190 0.1692248880863190 0.1692248880863190 0.1692248880863190 0.1692248880863190 0.1692248880863190
0.1860774457454681 0.1860774457454681 0.1860774457454681 0.1860774457454681 0.1860774457454681 0.1860774457454681
0.1760723441839218 0.1760723441839218 0.1760723441839218 0.1760723441839218 0.1760723441839218 0.1760723441839218
0.1675131469964981 0.1675131469964981 0.1675131469964981 0.1675131469964981 0.1675131469964981 0.1675131469964981
0.1702654957771301 0.1702654957771301 0.1702654957771301 0.1702654957771301 0.1702654957771301 0.1702654957771301
0.1643266081809998 0.1643266081809998 0.1643266081809998 0.1643266081809998 0.1643266081809998 0.1643266081809998
0.1632620841264725 0.1632620841264725 0.1632620841264725 0.1632620841264725 0.1632620841264725 0.1632620841264725
0.1607140004634857 0.1607140004634857 0.1607140004634857 0.1607140004634857 0.1607140004634857 0.1607140004634857
0.0000000000000000 0.0000000000000000 0.0000000000000000 0.0000000000000000 0.0000000000000000 0.0000000000000000
0.1727443784475327 0.1727443784475327 0.1727443784475327 0.1727443784475327 0.1727443784475327 0.1727443784475327
0.1699413508176804 0.1699413508176804 0.1699413508176804 0.1699413508176804 0.1699413508176804 0.1699413508176804
0.0000000000000000 0.0000000000000000 0.0000000000000000 0.0000000000000000 0.0000000000000000 0.0000000000000000
0.0000000000000000 0.0000000000000000 0.0000000000000000 0.0000000000000000 0.0000000000000000 0.0000000000000000
0.0000000000000000 0.0000000000000000 0.0000000000000000 0.0000000000000000 0.0000000000000000 0.0000000000000000
0.1749815642833710 0.1749815642833710 0.1749815642833710 0.1749815642833710 0.1749815642833710 0.1749815642833710
0.1679404079914093 0.1679404079914093 0.1679404079914093 0.1679404079914093 0.1679404079914093 0.1679404079914093
0.1747462153434753 0.1747462153434753 0.1747462153434753 0.1747462153434753 0.1747462153434753 0.1747462153434753
0.0000000000000000 0.0000000000000000 0.0000000000000000 0.0000000000000000 0.0000000000000000 0.0000000000000000
0.0000000000000000 0.0000000000000000 0.0000000000000000 0.0000000000000000 0.0000000000000000 0.0000000000000000
0.0000000000000000 0.0000000000000000 0.0000000000000000 0.0000000000000000 0.0000000000000000 0.0000000000000000
0.0000000000000000 0.0000000000000000 0.0000000000000000 0.0000000000000000 0.0000000000000000 0.0000000000000000
0.0000000000000000 0.0000000000000000 0.0000000000000000 0.0000000000000000 0.0000000000000000 0.0000000000000000
1.0480531454086304 1.0480531454086304 1.0480531454086304 1.0480531454086304 0
1.0577250719070435 1.0577250719070435 1.0577250719070435 1.0577250719070435 0
1.0439809560775757 1.0439809560775757 1.0439809560775757 1.0439809560775757 0
1.0534634590148926 1.0534634590148926 1.0534634590148926 1.0534634590148926 0
1.0459181070327759 1.0459181070327759 1.0459181070327759 1.0459181070327759 0
1.0457019805908203 1.0457019805908203 1.0457019805908203 1.0457019805908203 0
1.0583257675170898 1.0583257675170898 1.0583257675170898 1.0583257675170898 0
1.0468676090240479 1.0468676090240479 1.0468676090240479 1.0468676090240479 0
1.0531235933303833 1.0531235933303833 1.0531235933303833 1.0531235933303833 0
1.0483818054199219 1.0483818054199219 1.0483818054199219 1.0483818054199219 0
1.0537217855453491 1.0537217855453491 1.0537217855453491 1.0537217855453491 0
1.0519514083862305 1.0519514083862305 1.0519514083862305 1.0519514083862305 0
1.0441371202468872 1.0441371202468872 1.0441371202468872 1.0441371202468872 0
1.0549798011779785 1.0549798011779785 1.0549798011779785 1.0549798011779785 0
1.0527750253677368 1.0527750253677368 1.0527750253677368 1.0527750253677368 0
1.0419408082962036 1.0419408082962036 1.0419408082962036 1.0419408082962036 0
1.0553293228149414 1.0553293228149414 1.0553293228149414 1.0553293228149414 0
1.0584690570831299 1.0584690570831299 1.0584690570831299 1.0584690570831299 0
1.0540899038314819 1.0540899038314819 1.0540899038314819 1.0540899038314819 0
1.0611420869827271 1.0611420869827271 1.0611420869827271 1.0611420869827271 0
1.0537558794021606 1.0537558794021606 1.0537558794021606 1.0537558794021606 0
1.0446984767913818 1.0446984767913818 1.0446984767913818 1.0446984767913818 0
1.0609532594680786 1.0609532594680786 1.0609532594680786 1.0609532594680786 0
1.0451956987380981 1.0451956987380981 1.0451956987380981 1.0451956987380981 0
1.0499321222305298 1.0499321222305298 1.0499321222305298 1.0499321222305298 0
1.0692440271377563 1.0692440271377563 1.0692440271377563 1.0692440271377563 0
1.0542033910751343 1.0542033910751343 1.0542033910751343 1.0542033910751343 0
1.0426737070083618 1.0426737070083618 1.0426737070083618 1.0426737070083618 0
1.0408623218536377 1.0408623218536377 1.0408623218536377 1.0408623218536377 0
1.0489543676376343 1.0489543676376343 1.0489543676376343 1.0489543676376343 0
1.0476429462432861 1.0476429462432861 1.0476429462432861 1.0476429462432861 0
1.0447906255722046 1.0447906255722046 1.0447906255722046 1.0447906255722046 0
1.0454981327056885 1.0454981327056885 1.0454981327056885 1.0454981327056885 0
1.0608140230178833 1.0608140230178833 1.0608140230178833 1.0608140230178833 0
1.0503723621368408 1.0503723621368408 1.0503723621368408 1.0503723621368408 0
1.0692660808563232 1.0692660808563232 1.0692660808563232 1.0692660808563232 0
1.0600166320800781 1.0600166320800781 1.0600166320800781 1.0600166320800781 0
1.0389519929885864 1.0389519929885864 1.0389519929885864 1.0389519929885864 0
1.0507104396820068 1.0507104396820068 1.0507104396820068 1.0507104396820068 0
1.0599536895751953 1.0599536895751953 1.0599536895751953 1.0599536895751953 0
1.0410401821136475 1.0410401821136475 1.0410401821136475 1.0410401821136475 0
1.0517640113830566 1.0517640113830566 1.0517640113830566 1.0517640113830566 0
1.0555467605590820 1.0555467605590820 1.0555467605590820 1.0555467605590820 0
1.0650428533554077 1.0650428533554077 1.0650428533554077 1.0650428533554077 0
1.0618340969085693 1.0618340969085693 1.0618340969085693 1.0618340969085693 0
1.0456362962722778 1.0456362962722778 1.0456362962722778 1.0456362962722778 0
1.0491851568222046 1.0491851568222046 1.0491851568222046 1.0491851568222046 0
1.0535283088684082 1.0535283088684082 1.0535283088684082 1.0535283088684082 0
1.0468900203704834 1.0468900203704834 1.0468900203704834 1.0468900203704834 0
1.0524882078170776 1.0524882078170776 1.0524882078170776 1.0524882078170776 0
1.0493626594543457 1.0493626594543457 1.0493626594543457 1.0493626594543457 0
1.0585561990737915 1.0585561990737915 1.0585561990737915 1.0585561990737915 0
1.0461338758468628 1.0461338758468628 1.0461338758468628 1.0461338758468628 0
1.0520504713058472 1.0520504713058472 1.0520504713058472 1.0520504713058472 0
1.0463060140609741 1.0463060140609741 1.0463060140609741 1.0463060140609741 0
1.0448716878890991 1.0448716878890991 1.0448716878890991 1.0448716878890991 0
1.0630265474319458 1.0630265474319458 1.0630265474319458 1.0630265474319458 0
1.0421431064605713 1.0421431064605713 1.0421431064605713 1.0421431064605713 0
1.0528544187545776 1.0528544187545776 1.0528544187545776 1.0528544187545776 0
1.0518153905868530 1.0518153905868530 1.0518153905868530 1.0518153905868530 0
1.0609620809555054 1.0609620809555054 1.0609620809555054 1.0609620809555054 0
1.0456495285034180 1.0456495285034180 1.0456495285034180 1.0456495285034180 0
1.0567067861557007 1.0567067861557007 1.0567067861557007 1.0567067861557007 0
1.0623761415481567 1.0623761415481567 1.0623761415481567 1.0623761415481567 0
0.1865075379610062 0.1865075379610062 0.1865075379610062 0.1865075379610062 0.1865075379610062 0.1865075379610062
0.1676590889692307 0.1676590889692307 0.1676590889692307 0.1676590889692307 0.1676590889692307 0.1676590889692307
0.1771038025617599 0.1771038025617599 0.1771038025617599 0.1771038025617599 0.1771038025617599 0.1771038025617599
0.0000000000000000 0.0000000000000000 0.0000000000000000 0.0000000000000000 0.0000000000000000 0.0000000000000000
0.1731105297803879 0.1731105297803879 0.1731105297803879 0.1731105297803879 0.1731105297803879 0.1731105297803879
0.1820221096277237 0.1820221096277237 0.1820221096277237 0.1820221096277237 0.1820221096277237 0.1820221096277237
0.1783665567636490 0.1783665567636490 0.1783665567636490 0.1783665567636490 0.1783665567636490 0.1783665567636490
0.0000000000000000 0.0000000000000000 0.0000000000000000 0.0000000000000000 0.0000000000000000 0.0000000000000000
0.0000000000000000 0.0000000000000000 0.0000000000000000 0.0000000000000000 0.0000000000000000 0.0000000000000000
0.0000000000000000 0.0000000000000000 0.0000000000000000 0.0000000000000000 0.0000000000000000 0.0000000000000000
0.1631028652191162 0.1631028652191162 0.1631028652191162 0.1631028652191162 0.1631028652191162 0.1631028652191162
0.1854593008756638 0.1854593008756638 0.1854593008756638 0.1854593008756638 0.1854593008756638 0.1854593008756638
0.1711229681968689 0.1711229681968689 0.1711229681968689 0.1711229681968689 0.1711229681968689 0.1711229681968689
0.1835113614797592 0.1835113614797592 0.1835113614797592 0.1835113614797592 0.1835113614797592 0.1835113614797592
0.1752660274505615 0.1752660274505615 0.1752660274505615 0.1752660274505615 0.1752660274505615 0.1752660274505615
0.1616254150867462 0.1616254150867462 0.1616254150867462 0.1616254150867462 0.1616254150867462 0.1616254150867462
0.1616737544536591 0.1616737544536591 0.1616737544536591 0.1616737544536591 0.1616737544536591 0.1616737544536591
0.1780875623226166 0.1780875623226166 0.1780875623226166 0.1780875623226166 0.1780875623226166 0.1780875623226166
0.1634686142206192 0.1634686142206192 0.1634686142206192 0.1634686142206192 0.1634686142206192 0.1634686142206192
0.0000000000000000 0.0000000000000000 0.0000000000000000 0.0000000000000000 0.0000000000000000 0.0000000000000000
0.1851612329483032 0.1851612329483032 0.1851612329483032 0.1851612329483032 0.1851612329483032 0.1851612329483032
0.0000000000000000 0.0000000000000000 0.0000000000000000 0.0000000000000000 0.0000000000000000 0.0000000000000000
0.1677666902542114 0.1677666902542114 0.1677666902542114 0.1677666902542114 0.1677666902542114 0.1677666902542114
0.0000000000000000 0.0000000000000000 0.0000000000000000 0.0000000000000000 0.0000000000000000 0.0000000000000000
0.1754596084356308 0.1754596084356308 0.1754596084356308 0.1754596084356308 0.1754596084356308 0.1754596084356308
0.1795310676097870 0.1795310676097870 0.1795310676097870 0.1795310676097870 0.1795310676097870 0.1795310676097870
0.1832444369792938 0.1832444369792938 0.1832444369792938 0.1832444369792938 0.1832444369792938 0.1832444369792938
0.1768802106380463 0.1768802106380463 0.1768802106380463 0.1768802106380463 0.1768802106380463 0.1768802106380463
0.1683511883020401 0.1683511883020401 0.1683511883020401 0.1683511883020401 0.1683511883020401 0.1683511883020401
0.1836479008197784 0.1836479008197784 0.1836479008197784 0.1836479008197784 0.1836479008197784 0.1836479008197784
0.1669197529554367 0.1669197529554367 0.1669197529554367 0.1669197529554367 0.1669197529554367 0.1669197529554367
0.1772149205207825 0.1772149205207825 0.1772149205207825 0.1772149205207825 0.1772149205207825 0.1772149205207825
0.1774314194917679 0.1774314194917679 0.1774314194917679 0.1774314194917679 0.1774314194917679 0.1774314194917679
0.1690399348735809 0.1690399348735809 0.1690399348735809 0.1690399348735809 0.1690399348735809 0.1690399348735809
0.0000000000000000 0.0000000000000000 0.0000000000000000 0.0000000000000000 0.0000000000000000 0.0000000000000000
0.1834801286458969 0.1834801286458969 0.1834801286458969 0.1834801286458969 0.1834801286458969 0.1834801286458969
0.0000000000000000 0.0000000000000000 0.0000000000000000 0.0000000000000000 0.0000000000000000 0.0000000000000000
0.1801010072231293 0.1801010072231293 0.1801010072231293 0.1801010072231293 0.1801010072231293 0.1801010072231293
0.1754595041275024 0.1754595041275024 0.1754595041275024 0.1754595041275024 0.1754595041275024 0.1754595041275024
0.0000000000000000 0.0000000000000000 0.0000000000000000 0.0000000000000000 0.0000000000000000 0.0000000000000000
0.1803150475025177 0.1803150475025177 0.1803150475025177 0.1803150475025177 0.1803150475025177 0.1803150475025177
0.1718949675559998 0.1718949675559998 0.1718949675559998 0.1718949675559998 0.1718949675559998 0.1718949675559998
0.1721557527780533 0.1721557527780533 0.1721557527780533 0.1721557527780533 0.1721557527780533 0.1721557527780533
0.1650897860527039 0.1650897860527039 0.1650897860527039 0.1650897860527039 0.1650897860527039 0.1650897860527039
0.1887531429529190 0.1887531429529190 0.1887531429529190 0.1887531429529190 0.1887531429529190 0.1887531429529190
0.1742604672908783 0.1742604672908783 0.1742604672908783 0.1742604672908783 0.1742604672908783 0.1742604672908783
0.1707399934530258 0.1707399934530258 0.1707399934530258 0.1707399934530258 0.1707399934530258 0.1707399934530258
0.1837339252233505 0.1837339252233505 0.1837339252233505 0.1837339252233505 0.1837339252233505 0.1837339252233505
0.1704657673835754 0.1704657673835754 0.1704657673835754 0.1704657673835754 0.1704657673835754 0.1704657673835754
0.0000000000000000 0.0000000000000000 0.0000000000000000 0.0000000000000000 0.0000000000000000 0.0000000000000000
0.1809597164392471 0.1809597164392471 0.1809597164392471 0.1809597164392471 0.1809597164392471 0.1809597164392471
0.1736068427562714 0.1736068427562714 0.1736068427562714 0.1736068427562714 0.1736068427562714 0.1736068427562714
0.1748119294643402 0.1748119294643402 0.1748119294643402 0.1748119294643402 0.1748119294643402 0.1748119294643402
0.1807019412517548 0.1807019412517548 0.1807019412517548 0.1807019412517548 0.1807019412517548 0.1807019412517548
0.1734709888696671 0.1734709888696671 0.1734709888696671 0.1734709888696671 0.1734709888696671 0.1734709888696671
0.1725136935710907 0.1725136935710907 0.1725136935710907 0.1725136935710907 0.1725136935710907 0.1725136935710907
0.1751562505960464 0.1751562505960464 0.1751562505960464 0.1751562505960464 0.1751562505960464 0.1751562505960464
0.1760490238666534 0.1760490238666534 0.1760490238666534 0.1760490238666534 0.1760490238666534 0.1760490238666534
0.1782209128141403 0.1782209128141403 0.1782209128141403 0.1782209128141403 0.1782209128141403 0.1782209128141403
0.1732988655567169 0.1732988655567169 0.1732988655567169 0.1732988655567169 0.1732988655567169 0.1732988655567169
0.1682556122541428 0.1682556122541428 0.1682556122541428 0.1682556122541428 0.1682556122541428 0.1682556122541428
0.1819394379854202 0.1819394379854202 0.1819394379854202 0.1819394379854202 0.1819394379854202 0.1819394379854202
0.1639177948236465 0.1639177948236465 0.1639177948236465 0.1639177948236465 0.1639177948236465 0.1639177948236465
0.1720393896102905 0.1720393896102905 0.1720393896102905 0.1720393896102905 0.1720393896102905 0.1720393896102905
0.1770987212657928 0.1770987212657928 0.1770987212657928 0.1770987212657928 0.1770987212657928 0.1770987212657928
0.1642323434352875 0.1642323434352875 0.1642323434352875 0.1642323434352875 0.1642323434352875 0.1642323434352875
0.1685238480567932 0.1685238480567932 0.1685238480567932 0.1685238480567932 0.1685238480567932 0.1685238480567932
0.1648318916559219 0.1648318916559219 0.1648318916559219 0.1648318916559219 0.1648318916559219 0.1648318916559219
0.1702604293823242 0.1702604293823242 0.1702604293823242 0.1702604293823242 0.1702604293823242 0.1702604293823242
0.1774986088275909 0.1774986088275909 0.1774986088275909 0.1774986088275909 0.1774986088275909 0.1774986088275909
0.1759144663810730 0.1759144663810730 0.1759144663810730 0.1759144663810730 0.1759144663810730 0.1759144663810730
0.1679579317569733 0.1679579317569733 0.1679579317569733 0.1679579317569733 0.1679579317569733 0.1679579317569733
0.1830242574214935 0.1830242574214935 0.1830242574214935 0.1830242574214935 0.1830242574214935 0.1830242574214935
0.1673532575368881 0.1673532575368881 0.1673532575368881 0.1673532575368881 0.1673532575368881 0.1673532575368881
0.1673819720745087 0.1673819720745087 0.1673819720745087 0.1673819720745087 0.1673819720745087 0.1673819720745087
0.0000000000000000 0.0000000000000000 0.0000000000000000 0.0000000000000000 0.0000000000000000 0.0000000000000000
0.1735304296016693 0.1735304296016693 0.1735304296016693 0.1735304296016693 0.1735304296016693 0.1735304296016693
0.1751680374145508 0.1751680374145508 0.1751680374145508 0.1751680374145508 0.1751680374145508 0.1751680374145508
0.1678890138864517 0.1678890138864517 0.1678890138864517 0.1678890138864517 0.1678890138864517 0.1678890138864517
0.1778775900602341 0.1778775900602341 0.1778775900602341 0.1778775900602341 0.1778775900602341 0.1778775900602341
0.1887690126895905 0.1887690126895905 0.1887690126895905 0.1887690126895905 0.1887690126895905 0.1887690126895905
0.0000000000000000 0.0000000000000000 0.0000000000000000 0.0000000000000000 0.0000000000000000 0.0000000000000000
0.1753804087638855 0.1753804087638855 0.1753804087638855 0.1753804087638855 0.1753804087638855 0.1753804087638855
0.1661045998334885 0.1661045998334885 0.1661045998334885 0.1661045998334885 0.1661045998334885 0.1661045998334885
0.1738058477640152 0.1738058477640152 0.1738058477640152 0.1738058477640152 0.1738058477640152 0.1738058477640152
0.0000000000000000 0.0000000000000000 0.0000000000000000 0.0000000000000000 0.0000000000000000 0.0000000000000000
0.1723986119031906 0.1723986119031906 0.1723986119031906 0.1723986119031906 0.1723986119031906 0.1723986119031906
0.0000000000000000 0.0000000000000000 0.0000000000000000 0.0000000000000000 0.0000000000000000 0.0000000000000000
0.1656475216150284 0.1656475216150284 0.1656475216150284 0.1656475216150284 0.1656475216150284 0.1656475216150284
0.0000000000000000 0.0000000000000000 0.0000000000000000 0.0000000000000000 0.0000000000000000 0.0000000000000000
0.0000000000000000 0.0000000000000000 0.0000000000000000 0.0000000000000000 0.0000000000000000 0.0000000000000000
0.1669411659240723 0.1669411659240723 0.1669411659240723 0.1669411659240723 0.1669411659240723 0.1669411659240723
0.1786551773548126 0.1786551773548126 0.1786551773548126 0.1786551773548126 0.1786551773548126 0.1786551773548126
0.1825671792030334 0.1825671792030334 0.1825671792030334 0.1825671792030334 0.1825671792030334 0.1825671792030334
0.1686703264713287 0.1686703264713287 0.1686703264713287 0.1686703264713287 0.1686703264713287 0.1686703264713287
0.1873114556074142 0.1873114556074142 0.1873114556074142 0.1873114556074142 0.1873114556074142 0.1873114556074142
0.1816945970058441 0.1816945970058441 0.1816945970058441 0.1816945970058441 0.1816945970058441 0.1816945970058441
0.1670714020729065 0.1670714020729065 0.1670714020729065 0.1670714020729065 0.1670714020729065 0.1670714020729065
0.1771491020917892 0.1771491020917892 0.1771491020917892 0.1771491020917892 0.1771491020917892 0.1771491020917892
0.1704495847225189 0.1704495847225189 0.1704495847225189 0.1704495847225189 0.1704495847225189 0.1704495847225189
0.0000000000000000 0.0000000000000000 0.0000000000000000 0.0000000000000000 0.0000000000000000 0.0000000000000000
0.1608332097530365 0.1608332097530365 0.1608332097530365 0.1608332097530365 0.1608332097530365 0.1608332097530365
0.1615688800811768 0.1615688800811768 0.1615688800811768 0.1615688800811768 0.1615688800811768 0.1615688800811768
0.0000000000000000 0.0000000000000000 0.0000000000000000 0.0000000000000000 0.0000000000000000 0.0000000000000000
0.1647696495056152 0.1647696495056152 0.1647696495056152 0.1647696495056152 0.1647696495056152 0.1647696495056152
0.0000000000000000 0.0000000000000000 0.0000000000000000 0.0000000000000000 0.0000000000000000 0.0000000000000000
0.1844652295112610 0.1844652295112610 0.1844652295112610 0.1844652295112610 0.1844652295112610 0.1844652295112610
0.1624589413404465 0.1624589413404465 0.1624589413404465 0.1624589413404465 0.1624589413404465 0.1624589413404465
0.0000000000000000 0.0000000000000000 0.0000000000000000 0.0000000000000000 0.0000000000000000 0.0000000000000000
0.1668888330459595 0.1668888330459595 0.1668888330459595 0.1668888330459595 0.1668888330459595 0.1668888330459595
0.1626994311809540 0.1626994311809540 0.1626994311809540 0.1626994311809540 0.1626994311809540 0.1626994311809540
0.1642497777938843 0.1642497777938843 0.1642497777938843 0.1642497777938843 0.1642497777938843 0.1642497777938843
0.1693012863397598 0.1693012863397598 0.1693012863397598 0.1693012863397598 0.1693012863397598 0.1693012863397598
0.0000000000000000 0.0000000000000000 0.0000000000000000 0.0000000000000000 0.0000000000000000 0.0000000000000000
0.1645706444978714 0.1645706444978714 0.1645706444978714 0.1645706444978714 0.1645706444978714 0.1645706444978714
0.0000000000000000 0.0000000000000000 0.0000000000000000 0.0000000000000000 0.0000000000000000 0.0000000000000000
0.0000000000000000 0.0000000000000000 0.0000000000000000 0.0000000000000000 0.0000000000000000 0.0000000000000000
0.0000000000000000 0.0000000000000000 0.0000000000000000 0.0000000000000000 0.0000000000000000 0.0000000000000000
0.0000000000000000 0.0000000000000000 0.0000000000000000 0.0000000000000000 0.0000000000000000 0.0000000000000000
0.0000000000000000 0.0000000000000000 0.0000000000000000 0.0000000000000000 0.0000000000000000 0.0000000000000000
0.1715701669454575 0.1715701669454575 0.1715701669454575 0.1715701669454575 0.1715701669454575 0.1715701669454575
0.1689041256904602 0.1689041256904602 0.1689041256904602 0.1689041256904602 0.1689041256904602 0.1689041256904602
0.0000000000000000 0.0000000000000000 0.0000000000000000 0.0000000000000000 0.0000000000000000 0.0000000000000000
0.0000000000000000 0.0000000000000000 0.0000000000000000 0.0000000000000000 0.0000000000000000 0.0000000000000000
0.0000000000000000 0.0000000000000000 0.0000000000000000 0.0000000000000000 0.0000000000000000 0.0000000000000000
0.1719799935817719 0.1719799935817719 0.1719799935817719 0.1719799935817719 0.1719799935817719 0.1719799935817719
0.1687454581260681 0.1687454581260681 0.1687454581260681 0.1687454581260681 0.1687454581260681 0.1687454581260681
0.1749063134193420 0.1749063134193420 0.1749063134193420 0.1749063134193420 0.1749063134193420 0.1749063134193420
1.0621458292007446 1.0621458292007446 1.0621458292007446 1.0621458292007446 0
1.0578680038452148 1.0578680038452148 1.0578680038452148 1.0578680038452148 0
1.0682508945465088 1.0682508945465088 1.0682508945465088 1.0682508945465088 0
1.0461542606353760 1.0461542606353760 1.0461542606353760 1.0461542606353760 0
1.0533732175827026 1.0533732175827026 1.0533732175827026 1.0533732175827026 0
1.0618628263473511 1.0618628263473511 1.0618628263473511 1.0618628263473511 0
1.0708059072494507 1.0708059072494507 1.0708059072494507 1.0708059072494507 0
1.0526617765426636 1.0526617765426636 1.0526617765426636 1.0526617765426636 0
1.0633763074874878 1.0633763074874878 1.0633763074874878 1.0633763074874878 0
1.0639081001281738 1.0639081001281738 1.0639081001281738 1.0639081001281738 0
1.0553506612777710 1.0553506612777710 1.0553506612777710 1.0553506612777710 0
1.0429689884185791 1.0429689884185791 1.0429689884185791 1.0429689884185791 0
1.0698177814483643 1.0698177814483643 1.0698177814483643 1.0698177814483643 0
1.0553772449493408 1.0553772449493408 1.0553772449493408 1.0553772449493408 0
1.0572422742843628 1.0572422742843628 1.0572422742843628 1.0572422742843628 0
1.0662900209426880 1.0662900209426880 1.0662900209426880 1.0662900209426880 0
1.0577715635299683 1.0577715635299683 1.0577715635299683 1.0577715635299683 0
1.0529242753982544 1.0529242753982544 1.0529242753982544 1.0529242753982544 0
1.0644108057022095 1.0644108057022095 1.0644108057022095 1.0644108057022095 0
1.0603092908859253 1.0603092908859253 1.0603092908859253 1.0603092908859253 0
1.0436165332794189 1.0436165332794189 1.0436165332794189 1.0436165332794189 0
1.0535018444061279 1.0535018444061279 1.0535018444061279 1.0535018444061279 0
1.0348193645477295 1.0348193645477295 1.0348193645477295 1.0348193645477295 0
1.0442183017730713 1.0442183017730713 1.0442183017730713 1.0442183017730713 0
1.0581126213073730 1.0581126213073730 1.0581126213073730 1.0581126213073730 0
1.0601227283477783 1.0601227283477783 1.0601227283477783 1.0601227283477783 0
1.0575926303863525 1.0575926303863525 1.0575926303863525 1.0575926303863525 0
1.0552490949630737 1.0552490949630737 1.0552490949630737 1.0552490949630737 0
1.0500167608261108 1.0500167608261108 1.0500167608261108 1.0500167608261108 0
1.0473110675811768 1.0473110675811768 1.0473110675811768 1.0473110675811768 0
1.0440073013305664 1.0440073013305664 1.0440073013305664 1.0440073013305664 0
1.0736067295074463 1.0736067295074463 1.0736067295074463 1.0736067295074463 0
1.0666507482528687 1.0666507482528687 1.0666507482528687 1.0666507482528687 0
1.0433173179626465 1.0433173179626465 1.0433173179626465 1.0433173179626465 0
1.0598694086074829 1.0598694086074829 1.0598694086074829 1.0598694086074829 0
1.0699435472488403 1.0699435472488403 1.0699435472488403 1.0699435472488403 0
1.0596623420715332 1.0596623420715332 1.0596623420715332 1.0596623420715332 0
1.0400756597518921 1.0400756597518921 1.0400756597518921 1.0400756597518921 0
1.0589612722396851 1.0589612722396851 1.0589612722396851 1.0589612722396851 0
1.0456361770629883 1.0456361770629883 1.0456361770629883 1.0456361770629883 0
1.0677213668823242 1.0677213668823242 1.0677213668823242 1.0677213668823242 0
1.0686987638473511 1.0686987638473511 1.0686987638473511 1.0686987638473511 0
1.0597867965698242 1.0597867965698242 1.0597867965698242 1.0597867965698242 0
1.0529768466949463 1.0529768466949463 1.0529768466949463 1.0529768466949463 0
1.0432691574096680 1.0432691574096680 1.0432691574096680 1.0432691574096680 0
1.0590327978134155 1.0590327978134155 1.0590327978134155 1.0590327978134155 0
1.0534571409225464 1.0534571409225464 1.0534571409225464 1.0534571409225464 0
1.0544422864913940 1.0544422864913940 1.0544422864913940 1.0544422864913940 0
1.0592410564422607 1.0592410564422607 1.0592410564422607 1.0592410564422607 0
1.0674527883529663 1.0674527883529663 1.0674527883529663 1.0674527883529663 0
1.0588775873184204 1.0588775873184204 1.0588775873184204 1.0588775873184204 0
1.0461724996566772 1.0461724996566772 1.0461724996566772 1.0461724996566772 0
1.0473583936691284 1.0473583936691284 1.0473583936691284 1.0473583936691284 0
1.0524274110794067 1.0524274110794067 1.0524274110794067 1.0524274110794067 0
1.0515729188919067 1.0515729188919067 1.0515729188919067 1.0515729188919067 0
1.0417728424072266 1.0417728424072266 1.0417728424072266 1.0417728424072266 0
1.0416967868804932 1.0416967868804932 1.0416967868804932 1.0416967868804932 0
1.0509731769561768 1.0509731769561768 1.0509731769561768 1.0509731769561768 0
1.0626026391983032 1.0626026391983032 1.0626026391983032 1.0626026391983032 0
1.0489943027496338 1.0489943027496338 1.0489943027496338 1.0489943027496338 0
1.0462148189544678 1.0462148189544678 1.0462148189544678 1.0462148189544678 0
1.0486958026885986 1.0486958026885986 1.0486958026885986 1.0486958026885986 0
1.0573030710220337 1.0573030710220337 1.0573030710220337 1.0573030710220337 0
1.0347048044204712 1.0347048044204712 1.0347048044204712 1.0347048044204712 0
0.1886124163866043 0.1886124163866043 0.1886124163866043 0.1886124163866043 0.1886124163866043 0.1886124163866043
0.1816308498382568 0.1816308498382568 0.1816308498382568 0.1816308498382568 0.1816308498382568 0.1816308498382568
0.1852131187915802 0.1852131187915802 0.1852131187915802 0.1852131187915802 0.1852131187915802 0.1852131187915802
0.1913035959005356 0.1913035959005356 0.1913035959005356 0.1913035959005356 0.1913035959005356 0.1913035959005356
0.1829656362533569 0.1829656362533569 0.1829656362533569 0.1829656362533569 0.1829656362533569 0.1829656362533569
0.1970746964216232 0.1970746964216232 0.1970746964216232 0.1970746964216232 0.1970746964216232 0.1970746964216232
0.1807529628276825 0.1807529628276825 0.1807529628276825 0.1807529628276825 0.1807529628276825 0.1807529628276825
0.1751485913991928 0.1751485913991928 0.1751485913991928 0.1751485913991928 0.1751485913991928 0.1751485913991928
0.1880769431591034 0.1880769431591034 0.1880769431591034 0.1880769431591034 0.1880769431591034 0.1880769431591034
0.1834703981876373 0.1834703981876373 0.1834703981876373 0.1834703981876373 0.1834703981876373 0.1834703981876373
0.1877427101135254 0.1877427101135254 0.1877427101135254 0.1877427101135254 0.1877427101135254 0.1877427101135254
0.1847867816686630 0.1847867816686630 0.1847867816686630 0.1847867816686630 0.1847867816686630 0.1847867816686630
0.1735783219337463 0.1735783219337463 0.1735783219337463 0.1735783219337463 0.1735783219337463 0.1735783219337463
0.1682152152061462 0.1682152152061462 0.1682152152061462 0.1682152152061462 0.1682152152061462 0.1682152152061462
0.1781539767980576 0.1781539767980576 0.1781539767980576 0.1781539767980576 0.1781539767980576 0.1781539767980576
0.1646908372640610 0.1646908372640610 0.1646908372640610 0.1646908372640610 0.1646908372640610 0.1646908372640610
0.1670713126659393 0.1670713126659393 0.1670713126659393 0.1670713126659393 0.1670713126659393 0.1670713126659393
0.1783351600170135 0.1783351600170135 0.1783351600170135 0.1783351600170135 0.1783351600170135 0.1783351600170135
0.1789692342281342 0.1789692342281342 0.1789692342281342 0.1789692342281342 0.1789692342281342 0.1789692342281342
0.1838839054107666 0.1838839054107666 0.1838839054107666 0.1838839054107666 0.1838839054107666 0.1838839054107666
0.1735650897026062 0.1735650897026062 0.1735650897026062 0.1735650897026062 0.1735650897026062 0.1735650897026062
0.1887944191694260 0.1887944191694260 0.1887944191694260 0.1887944191694260 0.1887944191694260 0.1887944191694260
0.1855567842721939 0.1855567842721939 0.1855567842721939 0.1855567842721939 0.1855567842721939 0.1855567842721939
0.1647856235504150 0.1647856235504150 0.1647856235504150 0.1647856235504150 0.1647856235504150 0.1647856235504150
0.1885220408439636 0.1885220408439636 0.1885220408439636 0.1885220408439636 0.1885220408439636 0.1885220408439636
0.1945404261350632 0.1945404261350632 0.1945404261350632 0.1945404261350632 0.1945404261350632 0.1945404261350632
0.1896600127220154 0.1896600127220154 0.1896600127220154 0.1896600127220154 0.1896600127220154 0.1896600127220154
0.1825974136590958 0.1825974136590958 0.1825974136590958 0.1825974136590958 0.1825974136590958 0.1825974136590958
0.1719882488250732 0.1719882488250732 0.1719882488250732 0.1719882488250732 0.1719882488250732 0.1719882488250732
0.1745932698249817 0.1745932698249817 0.1745932698249817 0.1745932698249817 0.1745932698249817 0.1745932698249817
0.1786830425262451 0.1786830425262451 0.1786830425262451 0.1786830425262451 0.1786830425262451 0.1786830425262451
0.1700214147567749 0.1700214147567749 0.1700214147567749 0.1700214147567749 0.1700214147567749 0.1700214147567749
0.1641599982976913 0.1641599982976913 0.1641599982976913 0.1641599982976913 0.1641599982976913 0.1641599982976913
0.1703167408704758 0.1703167408704758 0.1703167408704758 0.1703167408704758 0.1703167408704758 0.1703167408704758
0.1714521795511246 0.1714521795511246 0.1714521795511246 0.1714521795511246 0.1714521795511246 0.1714521795511246
0.1797995269298553 0.1797995269298553 0.1797995269298553 0.1797995269298553 0.1797995269298553 0.1797995269298553
0.1618084013462067 0.1618084013462067 0.1618084013462067 0.1618084013462067 0.1618084013462067 0.1618084013462067
0.1674185544252396 0.1674185544252396 0.1674185544252396 0.1674185544252396 0.1674185544252396 0.1674185544252396
0.1635882407426834 0.1635882407426834 0.1635882407426834 0.1635882407426834 0.1635882407426834 0.1635882407426834
0.1668031215667725 0.1668031215667725 0.1668031215667725 0.1668031215667725 0.1668031215667725 0.1668031215667725
0.1826577484607697 0.1826577484607697 0.1826577484607697 0.1826577484607697 0.1826577484607697 0.1826577484607697
0.1709702610969543 0.1709702610969543 0.1709702610969543 0.1709702610969543 0.1709702610969543 0.1709702610969543
0.1812067776918411 0.1812067776918411 0.1812067776918411 0.1812067776918411 0.1812067776918411 0.1812067776918411
0.1702795177698135 0.1702795177698135 0.1702795177698135 0.1702795177698135 0.1702795177698135 0.1702795177698135
0.1657863259315491 0.1657863259315491 0.1657863259315491 0.1657863259315491 0.1657863259315491 0.1657863259315491
0.1778622418642044 0.1778622418642044 0.1778622418642044 0.1778622418642044 0.1778622418642044 0.1778622418642044
0.1850742697715759 0.1850742697715759 0.1850742697715759 0.1850742697715759 0.1850742697715759 0.1850742697715759
0.1662545353174210 0.1662545353174210 0.1662545353174210 0.1662545353174210 0.1662545353174210 0.1662545353174210
0.1783393919467926 0.1783393919467926 0.1783393919467926 0.1783393919467926 0.1783393919467926 0.1783393919467926
0.1669794321060181 0.1669794321060181 0.1669794321060181 0.1669794321060181 0.1669794321060181 0.1669794321060181
0.1709492355585098 0.1709492355585098 0.1709492355585098 0.1709492355585098 0.1709492355585098 0.1709492355585098
0.1715800166130066 0.1715800166130066 0.1715800166130066 0.1715800166130066 0.1715800166130066 0.1715800166130066
0.1740797013044357 0.1740797013044357 0.1740797013044357 0.1740797013044357 0.1740797013044357 0.1740797013044357
0.0000000000000000 0.0000000000000000 0.0000000000000000 0.0000000000000000 0.0000000000000000 0.0000000000000000
0.0000000000000000 0.0000000000000000 0.0000000000000000 0.0000000000000000 0.0000000000000000 0.0000000000000000
0.1615164130926132 0.1615164130926132 0.1615164130926132 0.1615164130926132 0.1615164130926132 0.1615164130926132
0.1681618690490723 0.1681618690490723 0.1681618690490723 0.1681618690490723 0.1681618690490723 0.1681618690490723
0.1842230707406998 0.1842230707406998 0.1842230707406998 0.1842230707406998 0.1842230707406998 0.1842230707406998
0.1773184090852737 0.1773184090852737 0.1773184090852737 0.1773184090852737 0.1773184090852737 0.1773184090852737
0.1791529953479767 0.1791529953479767 0.1791529953479767 0.1791529953479767 0.1791529953479767 0.1791529953479767
0.1715672165155411 0.1715672165155411 0.1715672165155411 0.1715672165155411 0.1715672165155411 0.1715672165155411
0.1786035597324371 0.1786035597324371 0.1786035597324371 0.1786035597324371 0.1786035597324371 0.1786035597324371
0.1950602233409882 0.1950602233409882 0.1950602233409882 0.1950602233409882 0.1950602233409882 0.1950602233409882
0.1684779971837997 0.1684779971837997 0.1684779971837997 0.1684779971837997 0.1684779971837997 0.1684779971837997
0.1770707517862320 0.1770707517862320 0.1770707517862320 0.1770707517862320 0.1770707517862320 0.1770707517862320
0.1659291237592697 0.1659291237592697 0.1659291237592697 0.1659291237592697 0.1659291237592697 0.1659291237592697
0.1741701960563660 0.1741701960563660 0.1741701960563660 0.1741701960563660 0.1741701960563660 0.1741701960563660
0.1727121770381927 0.1727121770381927 0.1727121770381927 0.1727121770381927 0.1727121770381927 0.1727121770381927
0.1681589335203171 0.1681589335203171 0.1681589335203171 0.1681589335203171 0.1681589335203171 0.1681589335203171
0.1616642475128174 0.1616642475128174 0.1616642475128174 0.1616642475128174 0.1616642475128174 0.1616642475128174
0.1648593395948410 0.1648593395948410 0.1648593395948410 0.1648593395948410 0.1648593395948410 0.1648593395948410
0.1759109646081924 0.1759109646081924 0.1759109646081924 0.1759109646081924 0.1759109646081924 0.1759109646081924
0.1783873438835144 0.1783873438835144 0.1783873438835144 0.1783873438835144 0.1783873438835144 0.1783873438835144
0.1702340096235275 0.1702340096235275 0.1702340096235275 0.1702340096235275 0.1702340096235275 0.1702340096235275
0.1779151558876038 0.1779151558876038 0.1779151558876038 0.1779151558876038 0.1779151558876038 0.1779151558876038
0.1795240193605423 0.1795240193605423 0.1795240193605423 0.1795240193605423 0.1795240193605423 0.1795240193605423
0.1727233678102493 0.1727233678102493 0.1727233678102493 0.1727233678102493 0.1727233678102493 0.1727233678102493
0.1781044602394104 0.1781044602394104 0.1781044602394104 0.1781044602394104 0.1781044602394104 0.1781044602394104
0.1871207952499390 0.1871207952499390 0.1871207952499390 0.1871207952499390 0.1871207952499390 0.1871207952499390
0.1962371021509171 0.1962371021509171 0.1962371021509171 0.1962371021509171 0.1962371021509171 0.1962371021509171
0.1642542034387589 0.1642542034387589 0.1642542034387589 0.1642542034387589 0.1642542034387589 0.1642542034387589
0.1750184446573257 0.1750184446573257 0.1750184446573257 0.1750184446573257 0.1750184446573257 0.1750184446573257
0.1682880669832230 0.1682880669832230 0.1682880669832230 0.1682880669832230 0.1682880669832230 0.1682880669832230
0.1812934577465057 0.1812934577465057 0.1812934577465057 0.1812934577465057 0.1812934577465057 0.1812934577465057
0.1679820269346237 0.1679820269346237 0.1679820269346237 0.1679820269346237 0.1679820269346237 0.1679820269346237
0.1704719960689545 0.1704719960689545 0.1704719960689545 0.1704719960689545 0.1704719960689545 0.1704719960689545
0.0000000000000000 0.0000000000000000 0.0000000000000000 0.0000000000000000 0.0000000000000000 0.0000000000000000
0.1623312681913376 0.1623312681913376 0.1623312681913376 0.1623312681913376 0.1623312681913376 0.1623312681913376
0.1858322620391846 0.1858322620391846 0.1858322620391846 0.1858322620391846 0.1858322620391846 0.1858322620391846
0.1837316006422043 0.1837316006422043 0.1837316006422043 0.1837316006422043 0.1837316006422043 0.1837316006422043
0.1690022498369217 0.1690022498369217 0.1690022498369217 0.1690022498369217 0.1690022498369217 0.1690022498369217
0.1848794817924500 0.1848794817924500 0.1848794817924500 0.1848794817924500 0.1848794817924500 0.1848794817924500
0.1857268959283829 0.1857268959283829 0.1857268959283829 0.1857268959283829 0.1857268959283829 0.1857268959283829
0.1706916242837906 0.1706916242837906 0.1706916242837906 0.1706916242837906 0.1706916242837906 0.1706916242837906
0.1797125786542892 0.1797125786542892 0.1797125786542892 0.1797125786542892 0.1797125786542892 0.1797125786542892
0.1861808449029922 0.1861808449029922 0.1861808449029922 0.1861808449029922 0.1861808449029922 0.1861808449029922
0.1813743412494659 0.1813743412494659 0.1813743412494659 0.1813743412494659 0.1813743412494659 0.1813743412494659
0.1810534149408340 0.1810534149408340 0.1810534149408340 0.1810534149408340 0.1810534149408340 0.1810534149408340
0.1756038665771484 0.1756038665771484 0.1756038665771484 0.1756038665771484 0.1756038665771484 0.1756038665771484
0.1678842455148697 0.1678842455148697 0.1678842455148697 0.1678842455148697 0.1678842455148697 0.1678842455148697
0.1763796508312225 0.1763796508312225 0.1763796508312225 0.1763796508312225 0.1763796508312225 0.1763796508312225
0.1672805249691010 0.1672805249691010 0.1672805249691010 0.1672805249691010 0.1672805249691010 0.1672805249691010
0.0000000000000000 0.0000000000000000 0.0000000000000000 0.0000000000000000 0.0000000000000000 0.0000000000000000
0.1687268167734146 0.1687268167734146 0.1687268167734146 0.1687268167734146 0.1687268167734146 0.1687268167734146
0.1735994070768356 0.1735994070768356 0.1735994070768356 0.1735994070768356 0.1735994070768356 0.1735994070768356
0.1687881201505661 0.1687881201505661 0.1687881201505661 0.1687881201505661 0.1687881201505661 0.1687881201505661
0.1774487197399139 0.1774487197399139 0.1774487197399139 0.1774487197399139 0.1774487197399139 0.1774487197399139
0.1786605268716812 0.1786605268716812 0.1786605268716812 0.1786605268716812 0.1786605268716812 0.1786605268716812
0.1745287328958511 0.1745287328958511 0.1745287328958511 0.1745287328958511 0.1745287328958511 0.1745287328958511
0.1742778420448303 0.1742778420448303 0.1742778420448303 0.1742778420448303 0.1742778420448303 0.1742778420448303
0.1750781834125519 0.1750781834125519 0.1750781834125519 0.1750781834125519 0.1750781834125519 0.1750781834125519
0.1803608536720276 0.1803608536720276 0.1803608536720276 0.1803608536720276 0.1803608536720276 0.1803608536720276
0.0000000000000000 0.0000000000000000 0.0000000000000000 0.0000000000000000 0.0000000000000000 0.0000000000000000
0.1746685355901718 0.1746685355901718 0.1746685355901718 0.1746685355901718 0.1746685355901718 0.1746685355901718
0.1630839705467224 0.1630839705467224 0.1630839705467224 0.1630839705467224 0.1630839705467224 0.1630839705467224
0.1802864223718643 0.1802864223718643 0.1802864223718643 0.1802864223718643 0.1802864223718643 0.1802864223718643
0.0000000000000000 0.0000000000000000 0.0000000000000000 0.0000000000000000 0.0000000000000000 0.0000000000000000
0.1651023179292679 0.1651023179292679 0.1651023179292679 0.1651023179292679 0.1651023179292679 0.1651023179292679
0.1781585961580276 0.1781585961580276 0.1781585961580276 0.1781585961580276 0.1781585961580276 0.1781585961580276
0.0000000000000000 0.0000000000000000 0.0000000000000000 0.0000000000000000 0.0000000000000000 0.0000000000000000
0.1874465197324753 0.1874465197324753 0.1874465197324753 0.1874465197324753 0.1874465197324753 0.1874465197324753
0.1618211269378662 0.1618211269378662 0.1618211269378662 0.1618211269378662 0.1618211269378662 0.1618211269378662
0.1700393855571747 0.1700393855571747 0.1700393855571747 0.1700393855571747 0.1700393855571747 0.1700393855571747
0.1780448108911514 0.1780448108911514 0.1780448108911514 0.1780448108911514 0.1780448108911514 0.1780448108911514
0.1784204989671707 0.1784204989671707 0.1784204989671707 0.1784204989671707 0.1784204989671707 0.1784204989671707
0.0000000000000000 0.0000000000000000 0.0000000000000000 0.0000000000000000 0.0000000000000000 0.0000000000000000
0.1694731116294861 0.1694731116294861 0.1694731116294861 0.1694731116294861 0.1694731116294861 0.1694731116294861
0.1662629097700119 0.1662629097700119 0.1662629097700119 0.1662629097700119 0.1662629097700119 0.1662629097700119
1.0554522275924683 1.0554522275924683 1.0554522275924683 1.0554522275924683 0
1.0660475492477417 1.0660475492477417 1.0660475492477417 1.0660475492477417 0
1.0523741245269775 1.0523741245269775 1.0523741245269775 1.0523741245269775 0
1.0467569828033447 1.0467569828033447 1.0467569828033447 1.0467569828033447 0
1.0490890741348267 1.0490890741348267 1.0490890741348267 1.0490890741348267 0
1.0589373111724854 1.0589373111724854 1.0589373111724854 1.0589373111724854 0
1.0721795558929443 1.0721795558929443 1.0721795558929443 1.0721795558929443 0
1.0684956312179565 1.0684956312179565 1.0684956312179565 1.0684956312179565 0
1.0736218690872192 1.0736218690872192 1.0736218690872192 1.0736218690872192 0
1.0556701421737671 1.0556701421737671 1.0556701421737671 1.0556701421737671 0
1.0593752861022949 1.0593752861022949 1.0593752861022949 1.0593752861022949 0
1.0582617521286011 1.0582617521286011 1.0582617521286011 1.0582617521286011 0
1.0587621927261353 1.0587621927261353 1.0587621927261353 1.0587621927261353 0
1.0674461126327515 1.0674461126327515 1.0674461126327515 1.0674461126327515 0
1.0634132623672485 1.0634132623672485 1.0634132623672485 1.0634132623672485 0
1.0429548025131226 1.0429548025131226 1.0429548025131226 1.0429548025131226 0
1.0669386386871338 1.0669386386871338 1.0669386386871338 1.0669386386871338 0
1.0614789724349976 1.0614789724349976 1.0614789724349976 1.0614789724349976 0
1.0521479845046997 1.0521479845046997 1.0521479845046997 1.0521479845046997 0
1.0699692964553833 1.0699692964553833 1.0699692964553833 1.0699692964553833 0
1.0600892305374146 1.0600892305374146 1.0600892305374146 1.0600892305374146 0
1.0504233837127686 1.0504233837127686 1.0504233837127686 1.0504233837127686 0
1.0654290914535522 1.0654290914535522 1.0654290914535522 1.0654290914535522 0
1.0516591072082520 1.0516591072082520 1.0516591072082520 1.0516591072082520 0
1.0577559471130371 1.0577559471130371 1.0577559471130371 1.0577559471130371 0
1.0655457973480225 1.0655457973480225 1.0655457973480225 1.0655457973480225 0
1.0542603731155396 1.0542603731155396 1.0542603731155396 1.0542603731155396 0
1.0465065240859985 1.0465065240859985 1.0465065240859985 1.0465065240859985 0
1.0468719005584717 1.0468719005584717 1.0468719005584717 1.0468719005584717 0
1.0515644550323486 1.0515644550323486 1.0515644550323486 1.0515644550323486 0
1.0525851249694824 1.0525851249694824 1.0525851249694824 1.0525851249694824 0
1.0417835712432861 1.0417835712432861 1.0417835712432861 1.0417835712432861 0
1.0591076612472534 1.0591076612472534 1.0591076612472534 1.0591076612472534 0
1.0597984790802002 1.0597984790802002 1.0597984790802002 1.0597984790802002 0
1.0601599216461182 1.0601599216461182 1.0601599216461182 1.0601599216461182 0
1.0560675859451294 1.0560675859451294 1.0560675859451294 1.0560675859451294 0
1.0566985607147217 1.0566985607147217 1.0566985607147217 1.0566985607147217 0
1.0547187328338623 1.0547187328338623 1.0547187328338623 1.0547187328338623 0
1.0518636703491211 1.0518636703491211 1.0518636703491211 1.0518636703491211 0
1.0506579875946045 1.0506579875946045 1.0506579875946045 1.0506579875946045 0
1.0363910198211670 1.0363910198211670 1.0363910198211670 1.0363910198211670 0
1.0344918966293335 1.0344918966293335 1.0344918966293335 1.0344918966293335 0
1.0542489290237427 1.0542489290237427 1.0542489290237427 1.0542489290237427 0
1.0652706623077393 1.0652706623077393 1.0652706623077393 1.0652706623077393 0
1.0535606145858765 1.0535606145858765 1.0535606145858765 1.0535606145858765 0
1.0340169668197632 1.0340169668197632 1.0340169668197632 1.0340169668197632 0
1.0475014448165894 1.0475014448165894 1.0475014448165894 1.0475014448165894 0
1.0518590211868286 1.0518590211868286 1.0518590211868286 1.0518590211868286 0
1.0446974039077759 1.0446974039077759 1.0446974039077759 1.0446974039077759 0
1.0572854280471802 1.0572854280471802 1.0572854280471802 1.0572854280471802 0
1.0482246875762939 1.0482246875762939 1.0482246875762939 1.0482246875762939 0
1.0500420331954956 1.0500420331954956 1.0500420331954956 1.0500420331954956 0
1.0629489421844482 1.0629489421844482 1.0629489421844482 1.0629489421844482 0
1.0381547212600708 1.0381547212600708 1.0381547212600708 1.0381547212600708 0
1.0571835041046143 1.0571835041046143 1.0571835041046143 1.0571835041046143 0
1.0454492568969727 1.0454492568969727 1.0454492568969727 1.0454492568969727 0
1.0692894458770752 1.0692894458770752 1.0692894458770752 1.0692894458770752 0
1.0366909503936768 1.0366909503936768 1.0366909503936768 1.0366909503936768 0
1.0448058843612671 1.0448058843612671 1.0448058843612671 1.0448058843612671 0
1.0439916849136353 1.0439916849136353 1.0439916849136353 1.0439916849136353 0
1.0519477128982544 1.0519477128982544 1.0519477128982544 1.0519477128982544 0
1.0467276573181152 1.0467276573181152 1.0467276573181152 1.0467276573181152 0
1.0661181211471558 1.0661181211471558 1.0661181211471558 1.0661181211471558 0
1.0548474788665771 1.0548474788665771 1.0548474788665771 1.0548474788665771 0
0.1842126548290253 0.1842126548290253 0.1842126548290253 0.1842126548290253 0.1842126548290253 0.1842126548290253
0.1793401986360550 0.1793401986360550 0.1793401986360550 0.1793401986360550 0.1793401986360550 0.1793401986360550
0.1720532029867172 0.1720532029867172 0.1720532029867172 0.1720532029867172 0.1720532029867172 0.1720532029867172
0.1640593707561493 0.1640593707561493 0.1640593707561493 0.1640593707561493 0.1640593707561493 0.1640593707561493
0.1906040757894516 0.1906040757894516 0.1906040757894516 0.1906040757894516 0.1906040757894516 0.1906040757894516
0.1916043758392334 0.1916043758392334 0.1916043758392334 0.1916043758392334 0.1916043758392334 0.1916043758392334
0.1747605949640274 0.1747605949640274 0.1747605949640274 0.1747605949640274 0.1747605949640274 0.1747605949640274
0.1654225289821625 0.1654225289821625 0.1654225289821625 0.1654225289821625 0.1654225289821625 0.1654225289821625
0.1760972291231155 0.1760972291231155 0.1760972291231155 0.1760972291231155 0.1760972291231155 0.1760972291231155
0.0000000000000000 0.0000000000000000 0.0000000000000000 0.0000000000000000 0.0000000000000000 0.0000000000000000
0.1632098704576492 0.1632098704576492 0.1632098704576492 0.1632098704576492 0.1632098704576492 0.1632098704576492
0.1836784631013870 0.1836784631013870 0.1836784631013870 0.1836784631013870 0.1836784631013870 0.1836784631013870
0.1671761274337769 0.1671761274337769 0.1671761274337769 0.1671761274337769 0.1671761274337769 0.1671761274337769
0.1655636727809906 0.1655636727809906 0.1655636727809906 0.1655636727809906 0.1655636727809906 0.1655636727809906
0.1795497983694077 0.1795497983694077 0.1795497983694077 0.1795497983694077 0.1795497983694077 0.1795497983694077
0.1667602509260178 0.1667602509260178 0.1667602509260178 0.1667602509260178 0.1667602509260178 0.1667602509260178
0.1791975796222687 0.1791975796222687 0.1791975796222687 0.1791975796222687 0.1791975796222687 0.1791975796222687
0.1836118698120117 0.1836118698120117 0.1836118698120117 0.1836118698120117 0.1836118698120117 0.1836118698120117
0.1637929975986481 0.1637929975986481 0.1637929975986481 0.1637929975986481 0.1637929975986481 0.1637929975986481
0.1773952990770340 0.1773952990770340 0.1773952990770340 0.1773952990770340 0.1773952990770340 0.1773952990770340
0.1813608407974243 0.1813608407974243 0.1813608407974243 0.1813608407974243 0.1813608407974243 0.1813608407974243
0.1831976622343063 0.1831976622343063 0.1831976622343063 0.1831976622343063 0.1831976622343063 0.1831976622343063
0.0000000000000000 0.0000000000000000 0.0000000000000000 0.0000000000000000 0.0000000000000000 0.0000000000000000
0.1616856157779694 0.1616856157779694 0.1616856157779694 0.1616856157779694 0.1616856157779694 0.1616856157779694
0.1901659369468689 0.1901659369468689 0.1901659369468689 0.1901659369468689 0.1901659369468689 0.1901659369468689
0.1828142702579498 0.1828142702579498 0.1828142702579498 0.1828142702579498 0.1828142702579498 0.1828142702579498
0.1984951198101044 0.1984951198101044 0.1984951198101044 0.1984951198101044 0.1984951198101044 0.1984951198101044
0.1812463253736496 0.1812463253736496 0.1812463253736496 0.1812463253736496 0.1812463253736496 0.1812463253736496
0.1808586865663528 0.1808586865663528 0.1808586865663528 0.1808586865663528 0.1808586865663528 0.1808586865663528
0.1841161996126175 0.1841161996126175 0.1841161996126175 0.1841161996126175 0.1841161996126175 0.1841161996126175
0.0000000000000000 0.0000000000000000 0.0000000000000000 0.0000000000000000 0.0000000000000000 0.0000000000000000
0.1918938308954239 0.1918938308954239 0.1918938308954239 0.1918938308954239 0.1918938308954239 0.1918938308954239
0.1759282499551773 0.1759282499551773 0.1759282499551773 0.1759282499551773 0.1759282499551773 0.1759282499551773
0.1850485801696777 0.1850485801696777 0.1850485801696777 0.1850485801696777 0.1850485801696777 0.1850485801696777
0.1811612546443939 0.1811612546443939 0.1811612546443939 0.1811612546443939 0.1811612546443939 0.1811612546443939
0.1862690597772598 0.1862690597772598 0.1862690597772598 0.1862690597772598 0.1862690597772598 0.1862690597772598
0.1697836965322495 0.1697836965322495 0.1697836965322495 0.1697836965322495 0.1697836965322495 0.1697836965322495
0.1661377549171448 0.1661377549171448 0.1661377549171448 0.1661377549171448 0.1661377549171448 0.1661377549171448
0.1611517667770386 0.1611517667770386 0.1611517667770386 0.1611517667770386 0.1611517667770386 0.1611517667770386
0.1870972812175751 0.1870972812175751 0.1870972812175751 0.1870972812175751 0.1870972812175751 0.1870972812175751
0.1881459206342697 0.1881459206342697 0.1881459206342697 0.1881459206342697 0.1881459206342697 0.1881459206342697
0.1906486898660660 0.1906486898660660 0.1906486898660660 0.1906486898660660 0.1906486898660660 0.1906486898660660
0.1850157380104065 0.1850157380104065 0.1850157380104065 0.1850157380104065 0.1850157380104065 0.1850157380104065
0.1733105778694153 0.1733105778694153 0.1733105778694153 0.1733105778694153 0.1733105778694153 0.1733105778694153
0.1903097629547119 0.1903097629547119 0.1903097629547119 0.1903097629547119 0.1903097629547119 0.1903097629547119
0.1848429441452026 0.1848429441452026 0.1848429441452026 0.1848429441452026 0.1848429441452026 0.1848429441452026
0.1705812662839890 0.1705812662839890 0.1705812662839890 0.1705812662839890 0.1705812662839890 0.1705812662839890
0.1968537718057632 0.1968537718057632 0.1968537718057632 0.1968537718057632 0.1968537718057632 0.1968537718057632
0.1909206062555313 0.1909206062555313 0.1909206062555313 0.1909206062555313 0.1909206062555313 0.1909206062555313
0.1636036187410355 0.1636036187410355 0.1636036187410355 0.1636036187410355 0.1636036187410355 0.1636036187410355
0.1764588057994843 0.1764588057994843 0.1764588057994843 0.1764588057994843 0.1764588057994843 0.1764588057994843
0.1732243746519089 0.1732243746519089 0.1732243746519089 0.1732243746519089 0.1732243746519089 0.1732243746519089
0.1673923283815384 0.1673923283815384 0.1673923283815384 0.1673923283815384 0.1673923283815384 0.1673923283815384
0.1708482503890991 0.1708482503890991 0.1708482503890991 0.1708482503890991 0.1708482503890991 0.1708482503890991
0.1795065701007843 0.1795065701007843 0.1795065701007843 0.1795065701007843 0.1795065701007843 0.1795065701007843
0.1806285381317139 0.1806285381317139 0.1806285381317139 0.1806285381317139 0.1806285381317139 0.1806285381317139
0.1762069016695023 0.1762069016695023 0.1762069016695023 0.1762069016695023 0.1762069016695023 0.1762069016695023
0.1702842414379120 0.1702842414379120 0.1702842414379120 0.1702842414379120 0.1702842414379120 0.1702842414379120
0.1910095661878586 0.1910095661878586 0.1910095661878586 0.1910095661878586 0.1910095661878586 0.1910095661878586
0.1700305044651031 0.1700305044651031 0.1700305044651031 0.1700305044651031 0.1700305044651031 0.1700305044651031
0.1846251636743546 0.1846251636743546 0.1846251636743546 0.1846251636743546 0.1846251636743546 0.1846251636743546
0.1819173991680145 0.1819173991680145 0.1819173991680145 0.1819173991680145 0.1819173991680145 0.1819173991680145
0.1678628623485565 0.1678628623485565 0.1678628623485565 0.1678628623485565 0.1678628623485565 0.1678628623485565
0.1646582186222076 0.1646582186222076 0.1646582186222076 0.1646582186222076 0.1646582186222076 0.1646582186222076
0.1671154499053955 0.1671154499053955 0.1671154499053955 0.1671154499053955 0.1671154499053955 0.1671154499053955
0.1643331944942474 0.1643331944942474 0.1643331944942474 0.1643331944942474 0.1643331944942474 0.1643331944942474
0.1764643639326096 0.1764643639326096 0.1764643639326096 0.1764643639326096 0.1764643639326096 0.1764643639326096
0.1764138340950012 0.1764138340950012 0.1764138340950012 0.1764138340950012 0.1764138340950012 0.1764138340950012
0.1836997270584106 0.1836997270584106 0.1836997270584106 0.1836997270584106 0.1836997270584106 0.1836997270584106
0.1851974576711655 0.1851974576711655 0.1851974576711655 0.1851974576711655 0.1851974576711655 0.1851974576711655
0.1990680396556854 0.1990680396556854 0.1990680396556854 0.1990680396556854 0.1990680396556854 0.1990680396556854
0.1815482378005981 0.1815482378005981 0.1815482378005981 0.1815482378005981 0.1815482378005981 0.1815482378005981
0.1907780021429062 0.1907780021429062 0.1907780021429062 0.1907780021429062 0.1907780021429062 0.1907780021429062
0.1806527525186539 0.1806527525186539 0.1806527525186539 0.1806527525186539 0.1806527525186539 0.1806527525186539
0.1726405918598175 0.1726405918598175 0.1726405918598175 0.1726405918598175 0.1726405918598175 0.1726405918598175
0.1654134541749954 0.1654134541749954 0.1654134541749954 0.1654134541749954 0.1654134541749954 0.1654134541749954
0.1762469857931137 0.1762469857931137 0.1762469857931137 0.1762469857931137 0.1762469857931137 0.1762469857931137
0.1786472350358963 0.1786472350358963 0.1786472350358963 0.1786472350358963 0.1786472350358963 0.1786472350358963
0.1798539161682129 0.1798539161682129 0.1798539161682129 0.1798539161682129 0.1798539161682129 0.1798539161682129
0.1719555705785751 0.1719555705785751 0.1719555705785751 0.1719555705785751 0.1719555705785751 0.1719555705785751
0.1834422796964645 0.1834422796964645 0.1834422796964645 0.1834422796964645 0.1834422796964645 0.1834422796964645
0.1797471642494202 0.1797471642494202 0.1797471642494202 0.1797471642494202 0.1797471642494202 0.1797471642494202
0.1775605827569962 0.1775605827569962 0.1775605827569962 0.1775605827569962 0.1775605827569962 0.1775605827569962
0.1732826977968216 0.1732826977968216 0.1732826977968216 0.1732826977968216 0.1732826977968216 0.1732826977968216
0.1738189011812210 0.1738189011812210 0.1738189011812210 0.1738189011812210 0.1738189011812210 0.1738189011812210
0.0000000000000000 0.0000000000000000 0.0000000000000000 0.0000000000000000 0.0000000000000000 0.0000000000000000
0.1897974461317062 0.1897974461317062 0.1897974461317062 0.1897974461317062 0.1897974461317062 0.1897974461317062
0.1717423051595688 0.1717423051595688 0.1717423051595688 0.1717423051595688 0.1717423051595688 0.1717423051595688
0.1650907993316650 0.1650907993316650 0.1650907993316650 0.1650907993316650 0.1650907993316650 0.1650907993316650
0.1793162375688553 0.1793162375688553 0.1793162375688553 0.1793162375688553 0.1793162375688553 0.1793162375688553
0.1647047251462936 0.1647047251462936 0.1647047251462936 0.1647047251462936 0.1647047251462936 0.1647047251462936
0.1676414310932159 0.1676414310932159 0.1676414310932159 0.1676414310932159 0.1676414310932159 0.1676414310932159
0.1780310273170471 0.1780310273170471 0.1780310273170471 0.1780310273170471 0.1780310273170471 0.1780310273170471
0.1782224178314209 0.1782224178314209 0.1782224178314209 0.1782224178314209 0.1782224178314209 0.1782224178314209
0.1819934248924255 0.1819934248924255 0.1819934248924255 0.1819934248924255 0.1819934248924255 0.1819934248924255
0.1829735040664673 0.1829735040664673 0.1829735040664673 0.1829735040664673 0.1829735040664673 0.1829735040664673
0.1819278895854950 0.1819278895854950 0.1819278895854950 0.1819278895854950 0.1819278895854950 0.1819278895854950
0.1773975193500519 0.1773975193500519 0.1773975193500519 0.1773975193500519 0.1773975193500519 0.1773975193500519
0.1771758794784546 0.1771758794784546 0.1771758794784546 0.1771758794784546 0.1771758794784546 0.1771758794784546
0.1800240427255630 0.1800240427255630 0.1800240427255630 0.1800240427255630 0.1800240427255630 0.1800240427255630
0.1683912128210068 0.1683912128210068 0.1683912128210068 0.1683912128210068 0.1683912128210068 0.1683912128210068
0.1805143505334854 0.1805143505334854 0.1805143505334854 0.1805143505334854 0.1805143505334854 0.1805143505334854
0.1618283540010452 0.1618283540010452 0.1618283540010452 0.1618283540010452 0.1618283540010452 0.1618283540010452
0.1712233275175095 0.1712233275175095 0.1712233275175095 0.1712233275175095 0.1712233275175095 0.1712233275175095
0.1701261103153229 0.1701261103153229 0.1701261103153229 0.1701261103153229 0.1701261103153229 0.1701261103153229
0.1628026217222214 0.1628026217222214 0.1628026217222214 0.1628026217222214 0.1628026217222214 0.1628026217222214
0.1670015007257462 0.1670015007257462 0.1670015007257462 0.1670015007257462 0.1670015007257462 0.1670015007257462
0.1677334308624268 0.1677334308624268 0.1677334308624268 0.1677334308624268 0.1677334308624268 0.1677334308624268
0.1687117218971252 0.1687117218971252 0.1687117218971252 0.1687117218971252 0.1687117218971252 0.1687117218971252
0.1677455604076385 0.1677455604076385 0.1677455604076385 0.1677455604076385 0.1677455604076385 0.1677455604076385
0.1709427535533905 0.1709427535533905 0.1709427535533905 0.1709427535533905 0.1709427535533905 0.1709427535533905
0.1636011749505997 0.1636011749505997 0.1636011749505997 0.1636011749505997 0.1636011749505997 0.1636011749505997
0.1619489639997482 0.1619489639997482 0.1619489639997482 0.1619489639997482 0.1619489639997482 0.1619489639997482
0.0000000000000000 0.0000000000000000 0.0000000000000000 0.0000000000000000 0.0000000000000000 0.0000000000000000
0.1744128465652466 0.1744128465652466 0.1744128465652466 0.1744128465652466 0.1744128465652466 0.1744128465652466
0.0000000000000000 0.0000000000000000 0.0000000000000000 0.0000000000000000 0.0000000000000000 0.0000000000000000
0.1731519252061844 0.1731519252061844 0.1731519252061844 0.1731519252061844 0.1731519252061844 0.1731519252061844
0.1722250133752823 0.1722250133752823 0.1722250133752823 0.1722250133752823 0.1722250133752823 0.1722250133752823
0.1681105792522430 0.1681105792522430 0.1681105792522430 0.1681105792522430 0.1681105792522430 0.1681105792522430
0.0000000000000000 0.0000000000000000 0.0000000000000000 0.0000000000000000 0.0000000000000000 0.0000000000000000
0.1816223263740540 0.1816223263740540 0.1816223263740540 0.1816223263740540 0.1816223263740540 0.1816223263740540
0.0000000000000000 0.0000000000000000 0.0000000000000000 0.0000000000000000 0.0000000000000000 0.0000000000000000
0.0000000000000000 0.0000000000000000 0.0000000000000000 0.0000000000000000 0.0000000000000000 0.0000000000000000
0.0000000000000000 0.0000000000000000 0.0000000000000000 0.0000000000000000 0.0000000000000000 0.0000000000000000
0.1644475162029266 0.1644475162029266 0.1644475162029266 0.1644475162029266 0.1644475162029266 0.1644475162029266
0.1762679815292358 0.1762679815292358 0.1762679815292358 0.1762679815292358 0.1762679815292358 0.1762679815292358
0.1757717132568359 0.1757717132568359 0.1757717132568359 0.1757717132568359 0.1757717132568359 0.1757717132568359
0.1699159294366837 0.1699159294366837 0.1699159294366837 0.1699159294366837 0.1699159294366837 0.1699159294366837
1.0573865175247192 1.0573865175247192 1.0573865175247192 1.0573865175247192 0
1.0693446397781372 1.0693446397781372 1.0693446397781372 1.0693446397781372 0
1.0626584291458130 1.0626584291458130 1.0626584291458130 1.0626584291458130 0
1.0701892375946045 1.0701892375946045 1.0701892375946045 1.0701892375946045 0
1.0583901405334473 1.0583901405334473 1.0583901405334473 1.0583901405334473 0
1.0519832372665405 1.0519832372665405 1.0519832372665405 1.0519832372665405 0
1.0638477802276611 1.0638477802276611 1.0638477802276611 1.0638477802276611 0
1.0498378276824951 1.0498378276824951 1.0498378276824951 1.0498378276824951 0
1.0559389591217041 1.0559389591217041 1.0559389591217041 1.0559389591217041 0
1.0579165220260620 1.0579165220260620 1.0579165220260620 1.0579165220260620 0
1.0506346225738525 1.0506346225738525 1.0506346225738525 1.0506346225738525 0
1.0604056119918823 1.0604056119918823 1.0604056119918823 1.0604056119918823 0
1.0544856786727905 1.0544856786727905 1.0544856786727905 1.0544856786727905 0
1.0437009334564209 1.0437009334564209 1.0437009334564209 1.0437009334564209 0
1.0556833744049072 1.0556833744049072 1.0556833744049072 1.0556833744049072 0
1.0665743350982666 1.0665743350982666 1.0665743350982666 1.0665743350982666 0
1.0588419437408447 1.0588419437408447 1.0588419437408447 1.0588419437408447 0
1.0750900506973267 1.0750900506973267 1.0750900506973267 1.0750900506973267 0
1.0654747486114502 1.0654747486114502 1.0654747486114502 1.0654747486114502 0
1.0504869222640991 1.0504869222640991 1.0504869222640991 1.0504869222640991 0
1.0522669553756714 1.0522669553756714 1.0522669553756714 1.0522669553756714 0
1.0531468391418457 1.0531468391418457 1.0531468391418457 1.0531468391418457 0
1.0315767526626587 1.0315767526626587 1.0315767526626587 1.0315767526626587 0
1.0621309280395508 1.0621309280395508 1.0621309280395508 1.0621309280395508 0
1.0689979791641235 1.0689979791641235 1.0689979791641235 1.0689979791641235 0
1.0569903850555420 1.0569903850555420 1.0569903850555420 1.0569903850555420 0
1.0677077770233154 1.0677077770233154 1.0677077770233154 1.0677077770233154 0
1.0720292329788208 1.0720292329788208 1.0720292329788208 1.0720292329788208 0
1.0537469387054443 1.0537469387054443 1.0537469387054443 1.0537469387054443 0
1.0401537418365479 1.0401537418365479 1.0401537418365479 1.0401537418365479 0
1.0530513525009155 1.0530513525009155 1.0530513525009155 1.0530513525009155 0
1.0672985315322876 1.0672985315322876 1.0672985315322876 1.0672985315322876 0
1.0637998580932617 1.0637998580932617 1.0637998580932617 1.0637998580932617 0
1.0761187076568604 1.0761187076568604 1.0761187076568604 1.0761187076568604 0
1.0619305372238159 1.0619305372238159 1.0619305372238159 1.0619305372238159 0
1.0658122301101685 1.0658122301101685 1.0658122301101685 1.0658122301101685 0
1.0638571977615356 1.0638571977615356 1.0638571977615356 1.0638571977615356 0
1.0483149290084839 1.0483149290084839 1.0483149290084839 1.0483149290084839 0
1.0466189384460449 1.0466189384460449 1.0466189384460449 1.0466189384460449 0
1.0615996122360229 1.0615996122360229 1.0615996122360229 1.0615996122360229 0
1.0656712055206299 1.0656712055206299 1.0656712055206299 1.0656712055206299 0
1.0666514635086060 1.0666514635086060 1.0666514635086060 1.0666514635086060 0
1.0446194410324097 1.0446194410324097 1.0446194410324097 1.0446194410324097 0
1.0595498085021973 1.0595498085021973 1.0595498085021973 1.0595498085021973 0
1.0550049543380737 1.0550049543380737 1.0550049543380737 1.0550049543380737 0
1.0533699989318848 1.0533699989318848 1.0533699989318848 1.0533699989318848 0
1.0576456785202026 1.0576456785202026 1.0576456785202026 1.0576456785202026 0
1.0600343942642212 1.0600343942642212 1.0600343942642212 1.0600343942642212 0
1.0645208358764648 1.0645208358764648 1.0645208358764648 1.0645208358764648 0
1.0753972530364990 1.0753972530364990 1.0753972530364990 1.0753972530364990 0
1.0668957233428955 1.0668957233428955 1.0668957233428955 1.0668957233428955 0
1.0557639598846436 1.0557639598846436 1.0557639598846436 1.0557639598846436 0
1.0414268970489502 1.0414268970489502 1.0414268970489502 1.0414268970489502 0
1.0464996099472046 1.0464996099472046 1.0464996099472046 1.0464996099472046 0
1.0493831634521484 1.0493831634521484 1.0493831634521484 1.0493831634521484 0
1.0492444038391113 1.0492444038391113 1.0492444038391113 1.0492444038391113 0
1.0463918447494507 1.0463918447494507 1.0463918447494507 1.0463918447494507 0
1.0515224933624268 1.0515224933624268 1.0515224933624268 1.0515224933624268 0
1.0577460527420044 1.0577460527420044 1.0577460527420044 1.0577460527420044 0
1.0723373889923096 1.0723373889923096 1.0723373889923096 1.0723373889923096 0
1.0589079856872559 1.0589079856872559 1.0589079856872559 1.0589079856872559 0
1.0484970808029175 1.0484970808029175 1.0484970808029175 1.0484970808029175 0
1.0555351972579956 1.0555351972579956 1.0555351972579956 1.0555351972579956 0
1.0477051734924316 1.0477051734924316 1.0477051734924316 1.0477051734924316 0
0.1877644807100296 0.1877644807100296 0.1877644807100296 0.1877644807100296 0.1877644807100296 0.1877644807100296
0.1759840548038483 0.1759840548038483 0.1759840548038483 0.1759840548038483 0.1759840548038483 0.1759840548038483
0.1938589662313461 0.1938589662313461 0.1938589662313461 0.1938589662313461 0.1938589662313461 0.1938589662313461
0.1858509927988052 0.1858509927988052 0.1858509927988052 0.1858509927988052 0.1858509927988052 0.1858509927988052
0.1834100186824799 0.1834100186824799 0.1834100186824799 0.1834100186824799 0.1834100186824799 0.1834100186824799
0.1966839879751205 0.1966839879751205 0.1966839879751205 0.1966839879751205 0.1966839879751205 0.1966839879751205
0.1862156093120575 0.1862156093120575 0.1862156093120575 0.1862156093120575 0.1862156093120575 0.1862156093120575
0.1814221441745758 0.1814221441745758 0.1814221441745758 0.1814221441745758 0.1814221441745758 0.1814221441745758
0.1802722811698914 0.1802722811698914 0.1802722811698914 0.1802722811698914 0.1802722811698914 0.1802722811698914
0.1899669170379639 0.1899669170379639 0.1899669170379639 0.1899669170379639 0.1899669170379639 0.1899669170379639
0.1844392418861389 0.1844392418861389 0.1844392418861389 0.1844392418861389 0.1844392418861389 0.1844392418861389
0.1784188747406006 0.1784188747406006 0.1784188747406006 0.1784188747406006 0.1784188747406006 0.1784188747406006
0.1796667277812958 0.1796667277812958 0.1796667277812958 0.1796667277812958 0.1796667277812958 0.1796667277812958
0.1753459572792053 0.1753459572792053 0.1753459572792053 0.1753459572792053 0.1753459572792053 0.1753459572792053
0.1864878833293915 0.1864878833293915 0.1864878833293915 0.1864878833293915 0.1864878833293915 0.1864878833293915
0.1867860108613968 0.1867860108613968 0.1867860108613968 0.1867860108613968 0.1867860108613968 0.1867860108613968
0.1790635436773300 0.1790635436773300 0.1790635436773300 0.1790635436773300 0.1790635436773300 0.1790635436773300
0.1798297464847565 0.1798297464847565 0.1798297464847565 0.1798297464847565 0.1798297464847565 0.1798297464847565
0.1832948774099350 0.1832948774099350 0.1832948774099350 0.1832948774099350 0.1832948774099350 0.1832948774099350
0.1789326667785645 0.1789326667785645 0.1789326667785645 0.1789326667785645 0.1789326667785645 0.1789326667785645
0.1808799952268600 0.1808799952268600 0.1808799952268600 0.1808799952268600 0.1808799952268600 0.1808799952268600
0.1777086108922958 0.1777086108922958 0.1777086108922958 0.1777086108922958 0.1777086108922958 0.1777086108922958
0.1807501614093781 0.1807501614093781 0.1807501614093781 0.1807501614093781 0.1807501614093781 0.1807501614093781
0.1697745472192764 0.1697745472192764 0.1697745472192764 0.1697745472192764 0.1697745472192764 0.1697745472192764
0.1905324906110764 0.1905324906110764 0.1905324906110764 0.1905324906110764 0.1905324906110764 0.1905324906110764
0.1966490000486374 0.1966490000486374 0.1966490000486374 0.1966490000486374 0.1966490000486374 0.1966490000486374
0.1972671598196030 0.1972671598196030 0.1972671598196030 0.1972671598196030 0.1972671598196030 0.1972671598196030
0.1793118715286255 0.1793118715286255 0.1793118715286255 0.1793118715286255 0.1793118715286255 0.1793118715286255
0.1901556402444839 0.1901556402444839 0.1901556402444839 0.1901556402444839 0.1901556402444839 0.1901556402444839
0.1894672065973282 0.1894672065973282 0.1894672065973282 0.1894672065973282 0.1894672065973282 0.1894672065973282
0.1891104280948639 0.1891104280948639 0.1891104280948639 0.1891104280948639 0.1891104280948639 0.1891104280948639
0.1718882620334625 0.1718882620334625 0.1718882620334625 0.1718882620334625 0.1718882620334625 0.1718882620334625
0.1829701960086823 0.1829701960086823 0.1829701960086823 0.1829701960086823 0.1829701960086823 0.1829701960086823
0.1748339682817459 0.1748339682817459 0.1748339682817459 0.1748339682817459 0.1748339682817459 0.1748339682817459
0.1830122619867325 0.1830122619867325 0.1830122619867325 0.1830122619867325 0.1830122619867325 0.1830122619867325
0.1870842427015305 0.1870842427015305 0.1870842427015305 0.1870842427015305 0.1870842427015305 0.1870842427015305
0.1612243354320526 0.1612243354320526 0.1612243354320526 0.1612243354320526 0.1612243354320526 0.1612243354320526
0.1782761216163635 0.1782761216163635 0.1782761216163635 0.1782761216163635 0.1782761216163635 0.1782761216163635
0.1650440394878387 0.1650440394878387 0.1650440394878387 0.1650440394878387 0.1650440394878387 0.1650440394878387
0.1706297397613525 0.1706297397613525 0.1706297397613525 0.1706297397613525 0.1706297397613525 0.1706297397613525
0.1994672268629074 0.1994672268629074 0.1994672268629074 0.1994672268629074 0.1994672268629074 0.1994672268629074
0.1722299456596375 0.1722299456596375 0.1722299456596375 0.1722299456596375 0.1722299456596375 0.1722299456596375
0.2005640417337418 0.2005640417337418 0.2005640417337418 0.2005640417337418 0.2005640417337418 0.2005640417337418
0.1939812600612640 0.1939812600612640 0.1939812600612640 0.1939812600612640 0.1939812600612640 0.1939812600612640
0.1838594377040863 0.1838594377040863 0.1838594377040863 0.1838594377040863 0.1838594377040863 0.1838594377040863
0.1845711916685104 0.1845711916685104 0.1845711916685104 0.1845711916685104 0.1845711916685104 0.1845711916685104
0.1886019557714462 0.1886019557714462 0.1886019557714462 0.1886019557714462 0.1886019557714462 0.1886019557714462
0.1811319291591644 0.1811319291591644 0.1811319291591644 0.1811319291591644 0.1811319291591644 0.1811319291591644
0.1758805960416794 0.1758805960416794 0.1758805960416794 0.1758805960416794 0.1758805960416794 0.1758805960416794
0.0000000000000000 0.0000000000000000 0.0000000000000000 0.0000000000000000 0.0000000000000000 0.0000000000000000
0.1835074573755264 0.1835074573755264 0.1835074573755264 0.1835074573755264 0.1835074573755264 0.1835074573755264
0.1814073473215103 0.1814073473215103 0.1814073473215103 0.1814073473215103 0.1814073473215103 0.1814073473215103
0.1873660236597061 0.1873660236597061 0.1873660236597061 0.1873660236597061 0.1873660236597061 0.1873660236597061
0.1654606312513351 0.1654606312513351 0.1654606312513351 0.1654606312513351 0.1654606312513351 0.1654606312513351
0.1768900454044342 0.1768900454044342 0.1768900454044342 0.1768900454044342 0.1768900454044342 0.1768900454044342
0.1760069876909256 0.1760069876909256 0.1760069876909256 0.1760069876909256 0.1760069876909256 0.1760069876909256
0.1849343478679657 0.1849343478679657 0.1849343478679657 0.1849343478679657 0.1849343478679657 0.1849343478679657
0.1897391229867935 0.1897391229867935 0.1897391229867935 0.1897391229867935 0.1897391229867935 0.1897391229867935
0.1857118904590607 0.1857118904590607 0.1857118904590607 0.1857118904590607 0.1857118904590607 0.1857118904590607
0.1870423853397369 0.1870423853397369 0.1870423853397369 0.1870423853397369 0.1870423853397369 0.1870423853397369
0.1757976859807968 0.1757976859807968 0.1757976859807968 0.1757976859807968 0.1757976859807968 0.1757976859807968
0.1922385394573212 0.1922385394573212 0.1922385394573212 0.1922385394573212 0.1922385394573212 0.1922385394573212
0.1921452134847641 0.1921452134847641 0.1921452134847641 0.1921452134847641 0.1921452134847641 0.1921452134847641
0.1806183606386185 0.1806183606386185 0.1806183606386185 0.1806183606386185 0.1806183606386185 0.1806183606386185
0.1844608634710312 0.1844608634710312 0.1844608634710312 0.1844608634710312 0.1844608634710312 0.1844608634710312
0.1735900938510895 0.1735900938510895 0.1735900938510895 0.1735900938510895 0.1735900938510895 0.1735900938510895
0.1901808977127075 0.1901808977127075 0.1901808977127075 0.1901808977127075 0.1901808977127075 0.1901808977127075
0.1831991374492645 0.1831991374492645 0.1831991374492645 0.1831991374492645 0.1831991374492645 0.1831991374492645
0.1891806274652481 0.1891806274652481 0.1891806274652481 0.1891806274652481 0.1891806274652481 0.1891806274652481
0.1804968118667603 0.1804968118667603 0.1804968118667603 0.1804968118667603 0.1804968118667603 0.1804968118667603
0.1670087128877640 0.1670087128877640 0.1670087128877640 0.1670087128877640 0.1670087128877640 0.1670087128877640
0.1842578202486038 0.1842578202486038 0.1842578202486038 0.1842578202486038 0.1842578202486038 0.1842578202486038
0.1936435401439667 0.1936435401439667 0.1936435401439667 0.1936435401439667 0.1936435401439667 0.1936435401439667
0.1899223327636719 0.1899223327636719 0.1899223327636719 0.1899223327636719 0.1899223327636719 0.1899223327636719
0.1845756173133850 0.1845756173133850 0.1845756173133850 0.1845756173133850 0.1845756173133850 0.1845756173133850
0.1870564520359039 0.1870564520359039 0.1870564520359039 0.1870564520359039 0.1870564520359039 0.1870564520359039
0.1881887614727020 0.1881887614727020 0.1881887614727020 0.1881887614727020 0.1881887614727020 0.1881887614727020
0.1859725266695023 0.1859725266695023 0.1859725266695023 0.1859725266695023 0.1859725266695023 0.1859725266695023
0.1881610751152039 0.1881610751152039 0.1881610751152039 0.1881610751152039 0.1881610751152039 0.1881610751152039
0.1878742873668671 0.1878742873668671 0.1878742873668671 0.1878742873668671 0.1878742873668671 0.1878742873668671
0.1832240372896194 0.1832240372896194 0.1832240372896194 0.1832240372896194 0.1832240372896194 0.1832240372896194
0.1928474307060242 0.1928474307060242 0.1928474307060242 0.1928474307060242 0.1928474307060242 0.1928474307060242
0.1792185306549072 0.1792185306549072 0.1792185306549072 0.1792185306549072 0.1792185306549072 0.1792185306549072
0.2045414000749588 0.2045414000749588 0.2045414000749588 0.2045414000749588 0.2045414000749588 0.2045414000749588
0.1826372444629669 0.1826372444629669 0.1826372444629669 0.1826372444629669 0.1826372444629669 0.1826372444629669
0.1731750667095184 0.1731750667095184 0.1731750667095184 0.1731750667095184 0.1731750667095184 0.1731750667095184
0.1682916283607483 0.1682916283607483 0.1682916283607483 0.1682916283607483 0.1682916283607483 0.1682916283607483
0.1755728870630264 0.1755728870630264 0.1755728870630264 0.1755728870630264 0.1755728870630264 0.1755728870630264
0.1968745440244675 0.1968745440244675 0.1968745440244675 0.1968745440244675 0.1968745440244675 0.1968745440244675
0.1935792863368988 0.1935792863368988 0.1935792863368988 0.1935792863368988 0.1935792863368988 0.1935792863368988
0.1945250630378723 0.1945250630378723 0.1945250630378723 0.1945250630378723 0.1945250630378723 0.1945250630378723
0.1877456307411194 0.1877456307411194 0.1877456307411194 0.1877456307411194 0.1877456307411194 0.1877456307411194
0.1868528723716736 0.1868528723716736 0.1868528723716736 0.1868528723716736 0.1868528723716736 0.1868528723716736
0.1869828104972839 0.1869828104972839 0.1869828104972839 0.1869828104972839 0.1869828104972839 0.1869828104972839
0.1878816187381744 0.1878816187381744 0.1878816187381744 0.1878816187381744 0.1878816187381744 0.1878816187381744
0.1762602627277374 0.1762602627277374 0.1762602627277374 0.1762602627277374 0.1762602627277374 0.1762602627277374
0.1845230907201767 0.1845230907201767 0.1845230907201767 0.1845230907201767 0.1845230907201767 0.1845230907201767
0.1739188730716705 0.1739188730716705 0.1739188730716705 0.1739188730716705 0.1739188730716705 0.1739188730716705
0.1664678454399109 0.1664678454399109 0.1664678454399109 0.1664678454399109 0.1664678454399109 0.1664678454399109
0.1929912716150284 0.1929912716150284 0.1929912716150284 0.1929912716150284 0.1929912716150284 0.1929912716150284
0.1758948415517807 0.1758948415517807 0.1758948415517807 0.1758948415517807 0.1758948415517807 0.1758948415517807
0.1749040037393570 0.1749040037393570 0.1749040037393570 0.1749040037393570 0.1749040037393570 0.1749040037393570
0.1631126552820206 0.1631126552820206 0.1631126552820206 0.1631126552820206 0.1631126552820206 0.1631126552820206
0.1809209734201431 0.1809209734201431 0.1809209734201431 0.1809209734201431 0.1809209734201431 0.1809209734201431
0.1818745583295822 0.1818745583295822 0.1818745583295822 0.1818745583295822 0.1818745583295822 0.1818745583295822
0.1805454194545746 0.1805454194545746 0.1805454194545746 0.1805454194545746 0.1805454194545746 0.1805454194545746
0.1671908944845200 0.1671908944845200 0.1671908944845200 0.1671908944845200 0.1671908944845200 0.1671908944845200
0.1945140808820724 0.1945140808820724 0.1945140808820724 0.1945140808820724 0.1945140808820724 0.1945140808820724
0.1884399354457855 0.1884399354457855 0.1884399354457855 0.1884399354457855 0.1884399354457855 0.1884399354457855
0.1670047342777252 0.1670047342777252 0.1670047342777252 0.1670047342777252 0.1670047342777252 0.1670047342777252
0.1833424568176270 0.1833424568176270 0.1833424568176270 0.1833424568176270 0.1833424568176270 0.1833424568176270
0.1689618974924088 0.1689618974924088 0.1689618974924088 0.1689618974924088 0.1689618974924088 0.1689618974924088
0.1797598749399185 0.1797598749399185 0.1797598749399185 0.1797598749399185 0.1797598749399185 0.1797598749399185
0.1647543907165527 0.1647543907165527 0.1647543907165527 0.1647543907165527 0.1647543907165527 0.1647543907165527
0.1631990075111389 0.1631990075111389 0.1631990075111389 0.1631990075111389 0.1631990075111389 0.1631990075111389
0.1826851963996887 0.1826851963996887 0.1826851963996887 0.1826851963996887 0.1826851963996887 0.1826851963996887
0.1606609374284744 0.1606609374284744 0.1606609374284744 0.1606609374284744 0.1606609374284744 0.1606609374284744
0.1661073714494705 0.1661073714494705 0.1661073714494705 0.1661073714494705 0.1661073714494705 0.1661073714494705
0.1718108654022217 0.1718108654022217 0.1718108654022217 0.1718108654022217 0.1718108654022217 0.1718108654022217
0.1666871011257172 0.1666871011257172 0.1666871011257172 0.1666871011257172 0.1666871011257172 0.1666871011257172
0.1828245818614960 0.1828245818614960 0.1828245818614960 0.1828245818614960 0.1828245818614960 0.1828245818614960
0.1650836765766144 0.1650836765766144 0.1650836765766144 0.1650836765766144 0.1650836765766144 0.1650836765766144
0.1755280941724777 0.1755280941724777 0.1755280941724777 0.1755280941724777 0.1755280941724777 0.1755280941724777
0.1958305537700653 0.1958305537700653 0.1958305537700653 0.1958305537700653 0.1958305537700653 0.1958305537700653
0.1825848966836929 0.1825848966836929 0.1825848966836929 0.1825848966836929 0.1825848966836929 0.1825848966836929
0.0000000000000000 0.0000000000000000 0.0000000000000000 0.0000000000000000 0.0000000000000000 0.0000000000000000
0.1714188158512115 0.1714188158512115 0.1714188158512115 0.1714188158512115 0.1714188158512115 0.1714188158512115
0.1740381419658661 0.1740381419658661 0.1740381419658661 0.1740381419658661 0.1740381419658661 0.1740381419658661
1.0627485513687134 1.0627485513687134 1.0627485513687134 1.0627485513687134 0
1.0631387233734131 1.0631387233734131 1.0631387233734131 1.0631387233734131 0
1.0539101362228394 1.0539101362228394 1.0539101362228394 1.0539101362228394 0
1.0538762807846069 1.0538762807846069 1.0538762807846069 1.0538762807846069 0
1.0506243705749512 1.0506243705749512 1.0506243705749512 1.0506243705749512 0
1.0460814237594604 1.0460814237594604 1.0460814237594604 1.0460814237594604 0
1.0552504062652588 1.0552504062652588 1.0552504062652588 1.0552504062652588 0
1.0621000528335571 1.0621000528335571 1.0621000528335571 1.0621000528335571 0
1.0567040443420410 1.0567040443420410 1.0567040443420410 1.0567040443420410 0
1.0553849935531616 1.0553849935531616 1.0553849935531616 1.0553849935531616 0
1.0678983926773071 1.0678983926773071 1.0678983926773071 1.0678983926773071 0
1.0552649497985840 1.0552649497985840 1.0552649497985840 1.0552649497985840 0
1.0549719333648682 1.0549719333648682 1.0549719333648682 1.0549719333648682 0
1.0695023536682129 1.0695023536682129 1.0695023536682129 1.0695023536682129 0
1.0624090433120728 1.0624090433120728 1.0624090433120728 1.0624090433120728 0
1.0513653755187988 1.0513653755187988 1.0513653755187988 1.0513653755187988 0
1.0708577632904053 1.0708577632904053 1.0708577632904053 1.0708577632904053 0
1.0627886056900024 1.0627886056900024 1.0627886056900024 1.0627886056900024 0
1.0605520009994507 1.0605520009994507 1.0605520009994507 1.0605520009994507 0
1.0583930015563965 1.0583930015563965 1.0583930015563965 1.0583930015563965 0
1.0628827810287476 1.0628827810287476 1.0628827810287476 1.0628827810287476 0
1.0554877519607544 1.0554877519607544 1.0554877519607544 1.0554877519607544 0
1.0747731924057007 1.0747731924057007 1.0747731924057007 1.0747731924057007 0
1.0623863935470581 1.0623863935470581 1.0623863935470581 1.0623863935470581 0
1.0662853717803955 1.0662853717803955 1.0662853717803955 1.0662853717803955 0
1.0805636644363403 1.0805636644363403 1.0805636644363403 1.0805636644363403 0
1.0597995519638062 1.0597995519638062 1.0597995519638062 1.0597995519638062 0
1.0477781295776367 1.0477781295776367 1.0477781295776367 1.0477781295776367 0
1.0511037111282349 1.0511037111282349 1.0511037111282349 1.0511037111282349 0
1.0576844215393066 1.0576844215393066 1.0576844215393066 1.0576844215393066 0
1.0599240064620972 1.0599240064620972 1.0599240064620972 1.0599240064620972 0
1.0597349405288696 1.0597349405288696 1.0597349405288696 1.0597349405288696 0
1.0472942590713501 1.0472942590713501 1.0472942590713501 1.0472942590713501 0
1.0580655336380005 1.0580655336380005 1.0580655336380005 1.0580655336380005 0
1.0642272233963013 1.0642272233963013 1.0642272233963013 1.0642272233963013 0
1.0649814605712891 1.0649814605712891 1.0649814605712891 1.0649814605712891 0
1.0576767921447754 1.0576767921447754 1.0576767921447754 1.0576767921447754 0
1.0622998476028442 1.0622998476028442 1.0622998476028442 1.0622998476028442 0
1.0748981237411499 1.0748981237411499 1.0748981237411499 1.0748981237411499 0
1.0568066835403442 1.0568066835403442 1.0568066835403442 1.0568066835403442 0
1.0494523048400879 1.0494523048400879 1.0494523048400879 1.0494523048400879 0
1.0358310937881470 1.0358310937881470 1.0358310937881470 1.0358310937881470 0
1.0569714307785034 1.0569714307785034 1.0569714307785034 1.0569714307785034 0
1.0599862337112427 1.0599862337112427 1.0599862337112427 1.0599862337112427 0
1.0579743385314941 1.0579743385314941 1.0579743385314941 1.0579743385314941 0
1.0553710460662842 1.0553710460662842 1.0553710460662842 1.0553710460662842 0
1.0473821163177490 1.0473821163177490 1.0473821163177490 1.0473821163177490 0
1.0560010671615601 1.0560010671615601 1.0560010671615601 1.0560010671615601 0
1.0463564395904541 1.0463564395904541 1.0463564395904541 1.0463564395904541 0
1.0391457080841064 1.0391457080841064 1.0391457080841064 1.0391457080841064 0
1.0586200952529907 1.0586200952529907 1.0586200952529907 1.0586200952529907 0
1.0637995004653931 1.0637995004653931 1.0637995004653931 1.0637995004653931 0
1.0490442514419556 1.0490442514419556 1.0490442514419556 1.0490442514419556 0
1.0500100851058960 1.0500100851058960 1.0500100851058960 1.0500100851058960 0
1.0490636825561523 1.0490636825561523 1.0490636825561523 1.0490636825561523 0
1.0388470888137817 1.0388470888137817 1.0388470888137817 1.0388470888137817 0
1.0595959424972534 1.0595959424972534 1.0595959424972534 1.0595959424972534 0
1.0354835987091064 1.0354835987091064 1.0354835987091064 1.0354835987091064 0
1.0643060207366943 1.0643060207366943 1.0643060207366943 1.0643060207366943 0
1.0612958669662476 1.0612958669662476 1.0612958669662476 1.0612958669662476 0
1.0529960393905640 1.0529960393905640 1.0529960393905640 1.0529960393905640 0
1.0472797155380249 1.0472797155380249 1.0472797155380249 1.0472797155380249 0
1.0492584705352783 1.0492584705352783 1.0492584705352783 1.0492584705352783 0
1.0610010623931885 1.0610010623931885 1.0610010623931885 1.0610010623931885 0
0.1939728409051895 0.1939728409051895 0.1939728409051895 0.1939728409051895 0.1939728409051895 0.1939728409051895
0.1769134551286697 0.1769134551286697 0.1769134551286697 0.1769134551286697 0.1769134551286697 0.1769134551286697
0.1918241977691650 0.1918241977691650 0.1918241977691650 0.1918241977691650 0.1918241977691650 0.1918241977691650
0.1728462874889374 0.1728462874889374 0.1728462874889374 0.1728462874889374 0.1728462874889374 0.1728462874889374
0.1802199333906174 0.1802199333906174 0.1802199333906174 0.1802199333906174 0.1802199333906174 0.1802199333906174
0.2076804488897324 0.2076804488897324 0.2076804488897324 0.2076804488897324 0.2076804488897324 0.2076804488897324
0.1716545820236206 0.1716545820236206 0.1716545820236206 0.1716545820236206 0.1716545820236206 0.1716545820236206
0.1717094928026199 0.1717094928026199 0.1717094928026199 0.1717094928026199 0.1717094928026199 0.1717094928026199
0.1901341825723648 0.1901341825723648 0.1901341825723648 0.1901341825723648 0.1901341825723648 0.1901341825723648
0.1670107394456863 0.1670107394456863 0.1670107394456863 0.1670107394456863 0.1670107394456863 0.1670107394456863
0.1806299686431885 0.1806299686431885 0.1806299686431885 0.1806299686431885 0.1806299686431885 0.1806299686431885
0.1761236488819122 0.1761236488819122 0.1761236488819122 0.1761236488819122 0.1761236488819122 0.1761236488819122
0.1789135485887527 0.1789135485887527 0.1789135485887527 0.1789135485887527 0.1789135485887527 0.1789135485887527
0.1743483543395996 0.1743483543395996 0.1743483543395996 0.1743483543395996 0.1743483543395996 0.1743483543395996
0.1848700046539307 0.1848700046539307 0.1848700046539307 0.1848700046539307 0.1848700046539307 0.1848700046539307
0.1722207516431808 0.1722207516431808 0.1722207516431808 0.1722207516431808 0.1722207516431808 0.1722207516431808
0.1920789182186127 0.1920789182186127 0.1920789182186127 0.1920789182186127 0.1920789182186127 0.1920789182186127
0.1933414340019226 0.1933414340019226 0.1933414340019226 0.1933414340019226 0.1933414340019226 0.1933414340019226
0.1725263893604279 0.1725263893604279 0.1725263893604279 0.1725263893604279 0.1725263893604279 0.1725263893604279
0.1740122735500336 0.1740122735500336 0.1740122735500336 0.1740122735500336 0.1740122735500336 0.1740122735500336
0.1731103360652924 0.1731103360652924 0.1731103360652924 0.1731103360652924 0.1731103360652924 0.1731103360652924
0.1754789352416992 0.1754789352416992 0.1754789352416992 0.1754789352416992 0.1754789352416992 0.1754789352416992
0.0000000000000000 0.0000000000000000 0.0000000000000000 0.0000000000000000 0.0000000000000000 0.0000000000000000
0.1730168759822845 0.1730168759822845 0.1730168759822845 0.1730168759822845 0.1730168759822845 0.1730168759822845
0.1962535977363586 0.1962535977363586 0.1962535977363586 0.1962535977363586 0.1962535977363586 0.1962535977363586
0.1912583410739899 0.1912583410739899 0.1912583410739899 0.1912583410739899 0.1912583410739899 0.1912583410739899
0.1994106173515320 0.1994106173515320 0.1994106173515320 0.1994106173515320 0.1994106173515320 0.1994106173515320
0.1988322883844376 0.1988322883844376 0.1988322883844376 0.1988322883844376 0.1988322883844376 0.1988322883844376
0.1947070956230164 0.1947070956230164 0.1947070956230164 0.1947070956230164 0.1947070956230164 0.1947070956230164
0.1890010833740234 0.1890010833740234 0.1890010833740234 0.1890010833740234 0.1890010833740234 0.1890010833740234
0.1870220303535461 0.1870220303535461 0.1870220303535461 0.1870220303535461 0.1870220303535461 0.1870220303535461
0.1942192167043686 0.1942192167043686 0.1942192167043686 0.1942192167043686 0.1942192167043686 0.1942192167043686
0.1833505928516388 0.1833505928516388 0.1833505928516388 0.1833505928516388 0.1833505928516388 0.1833505928516388
0.1944130659103394 0.1944130659103394 0.1944130659103394 0.1944130659103394 0.1944130659103394 0.1944130659103394
0.1773210614919662 0.1773210614919662 0.1773210614919662 0.1773210614919662 0.1773210614919662 0.1773210614919662
0.1682411283254623 0.1682411283254623 0.1682411283254623 0.1682411283254623 0.1682411283254623 0.1682411283254623
0.1751046478748322 0.1751046478748322 0.1751046478748322 0.1751046478748322 0.1751046478748322 0.1751046478748322
0.1830655932426453 0.1830655932426453 0.1830655932426453 0.1830655932426453 0.1830655932426453 0.1830655932426453
0.1917037218809128 0.1917037218809128 0.1917037218809128 0.1917037218809128 0.1917037218809128 0.1917037218809128
0.1817395389080048 0.1817395389080048 0.1817395389080048 0.1817395389080048 0.1817395389080048 0.1817395389080048
0.1954974830150604 0.1954974830150604 0.1954974830150604 0.1954974830150604 0.1954974830150604 0.1954974830150604
0.1846897900104523 0.1846897900104523 0.1846897900104523 0.1846897900104523 0.1846897900104523 0.1846897900104523
0.2015688866376877 0.2015688866376877 0.2015688866376877 0.2015688866376877 0.2015688866376877 0.2015688866376877
0.1825220435857773 0.1825220435857773 0.1825220435857773 0.1825220435857773 0.1825220435857773 0.1825220435857773
0.1889106482267380 0.1889106482267380 0.1889106482267380 0.1889106482267380 0.1889106482267380 0.1889106482267380
0.1711551994085312 0.1711551994085312 0.1711551994085312 0.1711551994085312 0.1711551994085312 0.1711551994085312
0.1868344694375992 0.1868344694375992 0.1868344694375992 0.1868344694375992 0.1868344694375992 0.1868344694375992
0.1968464553356171 0.1968464553356171 0.1968464553356171 0.1968464553356171 0.1968464553356171 0.1968464553356171
0.1824401170015335 0.1824401170015335 0.1824401170015335 0.1824401170015335 0.1824401170015335 0.1824401170015335
0.1729120314121246 0.1729120314121246 0.1729120314121246 0.1729120314121246 0.1729120314121246 0.1729120314121246
0.1785125136375427 0.1785125136375427 0.1785125136375427 0.1785125136375427 0.1785125136375427 0.1785125136375427
0.1805918663740158 0.1805918663740158 0.1805918663740158 0.1805918663740158 0.1805918663740158 0.1805918663740158
0.1814277917146683 0.1814277917146683 0.1814277917146683 0.1814277917146683 0.1814277917146683 0.1814277917146683
0.1968061029911041 0.1968061029911041 0.1968061029911041 0.1968061029911041 0.1968061029911041 0.1968061029911041
0.1909604221582413 0.1909604221582413 0.1909604221582413 0.1909604221582413 0.1909604221582413 0.1909604221582413
0.1764946281909943 0.1764946281909943 0.1764946281909943 0.1764946281909943 0.1764946281909943 0.1764946281909943
0.1796872317790985 0.1796872317790985 0.1796872317790985 0.1796872317790985 0.1796872317790985 0.1796872317790985
0.1770380586385727 0.1770380586385727 0.1770380586385727 0.1770380586385727 0.1770380586385727 0.1770380586385727
0.1768794804811478 0.1768794804811478 0.1768794804811478 0.1768794804811478 0.1768794804811478 0.1768794804811478
0.1747933775186539 0.1747933775186539 0.1747933775186539 0.1747933775186539 0.1747933775186539 0.1747933775186539
0.1740259379148483 0.1740259379148483 0.1740259379148483 0.1740259379148483 0.1740259379148483 0.1740259379148483
0.1689074635505676 0.1689074635505676 0.1689074635505676 0.1689074635505676 0.1689074635505676 0.1689074635505676
0.1724074780941010 0.1724074780941010 0.1724074780941010 0.1724074780941010 0.1724074780941010 0.1724074780941010
0.1773555278778076 0.1773555278778076 0.1773555278778076 0.1773555278778076 0.1773555278778076 0.1773555278778076
0.1636345982551575 0.1636345982551575 0.1636345982551575 0.1636345982551575 0.1636345982551575 0.1636345982551575
0.1856851726770401 0.1856851726770401 0.1856851726770401 0.1856851726770401 0.1856851726770401 0.1856851726770401
0.1798360645771027 0.1798360645771027 0.1798360645771027 0.1798360645771027 0.1798360645771027 0.1798360645771027
0.1843858808279037 0.1843858808279037 0.1843858808279037 0.1843858808279037 0.1843858808279037 0.1843858808279037
0.1976558268070221 0.1976558268070221 0.1976558268070221 0.1976558268070221 0.1976558268070221 0.1976558268070221
0.1774137169122696 0.1774137169122696 0.1774137169122696 0.1774137169122696 0.1774137169122696 0.1774137169122696
0.1918747425079346 0.1918747425079346 0.1918747425079346 0.1918747425079346 0.1918747425079346 0.1918747425079346
0.1834092140197754 0.1834092140197754 0.1834092140197754 0.1834092140197754 0.1834092140197754 0.1834092140197754
0.1898371428251266 0.1898371428251266 0.1898371428251266 0.1898371428251266 0.1898371428251266 0.1898371428251266
0.1829327642917633 0.1829327642917633 0.1829327642917633 0.1829327642917633 0.1829327642917633 0.1829327642917633
0.1879587173461914 0.1879587173461914 0.1879587173461914 0.1879587173461914 0.1879587173461914 0.1879587173461914
0.1627290546894073 0.1627290546894073 0.1627290546894073 0.1627290546894073 0.1627290546894073 0.1627290546894073
0.1729281991720200 0.1729281991720200 0.1729281991720200 0.1729281991720200 0.1729281991720200 0.1729281991720200
0.1945357769727707 0.1945357769727707 0.1945357769727707 0.1945357769727707 0.1945357769727707 0.1945357769727707
0.1936183124780655 0.1936183124780655 0.1936183124780655 0.1936183124780655 0.1936183124780655 0.1936183124780655
0.1842009425163269 0.1842009425163269 0.1842009425163269 0.1842009425163269 0.1842009425163269 0.1842009425163269
0.1880514621734619 0.1880514621734619 0.1880514621734619 0.1880514621734619 0.1880514621734619 0.1880514621734619
0.1849319189786911 0.1849319189786911 0.1849319189786911 0.1849319189786911 0.1849319189786911 0.1849319189786911
0.1782454550266266 0.1782454550266266 0.1782454550266266 0.1782454550266266 0.1782454550266266 0.1782454550266266
0.2008765190839767 0.2008765190839767 0.2008765190839767 0.2008765190839767 0.2008765190839767 0.2008765190839767
0.1917210072278976 0.1917210072278976 0.1917210072278976 0.1917210072278976 0.1917210072278976 0.1917210072278976
0.1896980106830597 0.1896980106830597 0.1896980106830597 0.1896980106830597 0.1896980106830597 0.1896980106830597
0.1952100247144699 0.1952100247144699 0.1952100247144699 0.1952100247144699 0.1952100247144699 0.1952100247144699
0.1876248568296432 0.1876248568296432 0.1876248568296432 0.1876248568296432 0.1876248568296432 0.1876248568296432
0.1683032512664795 0.1683032512664795 0.1683032512664795 0.1683032512664795 0.1683032512664795 0.1683032512664795
0.1802068352699280 0.1802068352699280 0.1802068352699280 0.1802068352699280 0.1802068352699280 0.1802068352699280
0.1669587492942810 0.1669587492942810 0.1669587492942810 0.1669587492942810 0.1669587492942810 0.1669587492942810
0.1797956228256226 0.1797956228256226 0.1797956228256226 0.1797956228256226 0.1797956228256226 0.1797956228256226
0.1772320270538330 0.1772320270538330 0.1772320270538330 0.1772320270538330 0.1772320270538330 0.1772320270538330
0.1812862604856491 0.1812862604856491 0.1812862604856491 0.1812862604856491 0.1812862604856491 0.1812862604856491
0.1804827749729156 0.1804827749729156 0.1804827749729156 0.1804827749729156 0.1804827749729156 0.1804827749729156
0.1886867731809616 0.1886867731809616 0.1886867731809616 0.1886867731809616 0.1886867731809616 0.1886867731809616
0.1785431206226349 0.1785431206226349 0.1785431206226349 0.1785431206226349 0.1785431206226349 0.1785431206226349
0.1861615628004074 0.1861615628004074 0.1861615628004074 0.1861615628004074 0.1861615628004074 0.1861615628004074
0.1790409684181213 0.1790409684181213 0.1790409684181213 0.1790409684181213 0.1790409684181213 0.1790409684181213
0.1812190264463425 0.1812190264463425 0.1812190264463425 0.1812190264463425 0.1812190264463425 0.1812190264463425
0.1702254563570023 0.1702254563570023 0.1702254563570023 0.1702254563570023 0.1702254563570023 0.1702254563570023
0.1763006448745728 0.1763006448745728 0.1763006448745728 0.1763006448745728 0.1763006448745728 0.1763006448745728
0.1742346435785294 0.1742346435785294 0.1742346435785294 0.1742346435785294 0.1742346435785294 0.1742346435785294
0.1699588149785995 0.1699588149785995 0.1699588149785995 0.1699588149785995 0.1699588149785995 0.1699588149785995
0.1705947816371918 0.1705947816371918 0.1705947816371918 0.1705947816371918 0.1705947816371918 0.1705947816371918
0.0000000000000000 0.0000000000000000 0.0000000000000000 0.0000000000000000 0.0000000000000000 0.0000000000000000
0.1696900278329849 0.1696900278329849 0.1696900278329849 0.1696900278329849 0.1696900278329849 0.1696900278329849
0.1647824943065643 0.1647824943065643 0.1647824943065643 0.1647824943065643 0.1647824943065643 0.1647824943065643
0.1695186495780945 0.1695186495780945 0.1695186495780945 0.1695186495780945 0.1695186495780945 0.1695186495780945
0.0000000000000000 0.0000000000000000 0.0000000000000000 0.0000000000000000 0.0000000000000000 0.0000000000000000
0.1679531037807465 0.1679531037807465 0.1679531037807465 0.1679531037807465 0.1679531037807465 0.1679531037807465
0.1708786636590958 0.1708786636590958 0.1708786636590958 0.1708786636590958 0.1708786636590958 0.1708786636590958
0.1760991513729095 0.1760991513729095 0.1760991513729095 0.1760991513729095 0.1760991513729095 0.1760991513729095
0.1641435772180557 0.1641435772180557 0.1641435772180557 0.1641435772180557 0.1641435772180557 0.1641435772180557
0.1774443835020065 0.1774443835020065 0.1774443835020065 0.1774443835020065 0.1774443835020065 0.1774443835020065
0.1706788092851639 0.1706788092851639 0.1706788092851639 0.1706788092851639 0.1706788092851639 0.1706788092851639
0.1734924763441086 0.1734924763441086 0.1734924763441086 0.1734924763441086 0.1734924763441086 0.1734924763441086
0.1676769852638245 0.1676769852638245 0.1676769852638245 0.1676769852638245 0.1676769852638245 0.1676769852638245
0.1811454743146896 0.1811454743146896 0.1811454743146896 0.1811454743146896 0.1811454743146896 0.1811454743146896
0.1640698760747910 0.1640698760747910 0.1640698760747910 0.1640698760747910 0.1640698760747910 0.1640698760747910
0.1764539033174515 0.1764539033174515 0.1764539033174515 0.1764539033174515 0.1764539033174515 0.1764539033174515
0.1620160043239594 0.1620160043239594 0.1620160043239594 0.1620160043239594 0.1620160043239594 0.1620160043239594
0.0000000000000000 0.0000000000000000 0.0000000000000000 0.0000000000000000 0.0000000000000000 0.0000000000000000
0.1760043650865555 0.1760043650865555 0.1760043650865555 0.1760043650865555 0.1760043650865555 0.1760043650865555
0.1743629127740860 0.1743629127740860 0.1743629127740860 0.1743629127740860 0.1743629127740860 0.1743629127740860
0.1689848452806473 0.1689848452806473 0.1689848452806473 0.1689848452806473 0.1689848452806473 0.1689848452806473
0.1685212999582291 0.1685212999582291 0.1685212999582291 0.1685212999582291 0.1685212999582291 0.1685212999582291
0.1661877781152725 0.1661877781152725 0.1661877781152725 0.1661877781152725 0.1661877781152725 0.1661877781152725
1.0549855232238770 1.0549855232238770 1.0549855232238770 1.0549855232238770 0
1.0666645765304565 1.0666645765304565 1.0666645765304565 1.0666645765304565 0
1.0673239231109619 1.0673239231109619 1.0673239231109619 1.0673239231109619 0
1.0537871122360229 1.0537871122360229 1.0537871122360229 1.0537871122360229 0
1.0662533044815063 1.0662533044815063 1.0662533044815063 1.0662533044815063 0
1.0526553392410278 1.0526553392410278 1.0526553392410278 1.0526553392410278 0
1.0650858879089355 1.0650858879089355 1.0650858879089355 1.0650858879089355 0
1.0543724298477173 1.0543724298477173 1.0543724298477173 1.0543724298477173 0
1.0587723255157471 1.0587723255157471 1.0587723255157471 1.0587723255157471 0
1.0622234344482422 1.0622234344482422 1.0622234344482422 1.0622234344482422 0
1.0518745183944702 1.0518745183944702 1.0518745183944702 1.0518745183944702 0
1.0434130430221558 1.0434130430221558 1.0434130430221558 1.0434130430221558 0
1.0717484951019287 1.0717484951019287 1.0717484951019287 1.0717484951019287 0
1.0553075075149536 1.0553075075149536 1.0553075075149536 1.0553075075149536 0
1.0467737913131714 1.0467737913131714 1.0467737913131714 1.0467737913131714 0
1.0673626661300659 1.0673626661300659 1.0673626661300659 1.0673626661300659 0
1.0621333122253418 1.0621333122253418 1.0621333122253418 1.0621333122253418 0
1.0859688520431519 1.0859688520431519 1.0859688520431519 1.0859688520431519 0
1.0680141448974609 1.0680141448974609 1.0680141448974609 1.0680141448974609 0
1.0568473339080811 1.0568473339080811 1.0568473339080811 1.0568473339080811 0
1.0462572574615479 1.0462572574615479 1.0462572574615479 1.0462572574615479 0
1.0577399730682373 1.0577399730682373 1.0577399730682373 1.0577399730682373 0
1.0507928133010864 1.0507928133010864 1.0507928133010864 1.0507928133010864 0
1.0518758296966553 1.0518758296966553 1.0518758296966553 1.0518758296966553 0
1.0623959302902222 1.0623959302902222 1.0623959302902222 1.0623959302902222 0
1.0799392461776733 1.0799392461776733 1.0799392461776733 1.0799392461776733 0
1.0630992650985718 1.0630992650985718 1.0630992650985718 1.0630992650985718 0
1.0559636354446411 1.0559636354446411 1.0559636354446411 1.0559636354446411 0
1.0439822673797607 1.0439822673797607 1.0439822673797607 1.0439822673797607 0
1.0473314523696899 1.0473314523696899 1.0473314523696899 1.0473314523696899 0
1.0635507106781006 1.0635507106781006 1.0635507106781006 1.0635507106781006 0
1.0612410306930542 1.0612410306930542 1.0612410306930542 1.0612410306930542 0
1.0594496726989746 1.0594496726989746 1.0594496726989746 1.0594496726989746 0
1.0587676763534546 1.0587676763534546 1.0587676763534546 1.0587676763534546 0
1.0625855922698975 1.0625855922698975 1.0625855922698975 1.0625855922698975 0
1.0747171640396118 1.0747171640396118 1.0747171640396118 1.0747171640396118 0
1.0717192888259888 1.0717192888259888 1.0717192888259888 1.0717192888259888 0
1.0466499328613281 1.0466499328613281 1.0466499328613281 1.0466499328613281 0
1.0637843608856201 1.0637843608856201 1.0637843608856201 1.0637843608856201 0
1.0580461025238037 1.0580461025238037 1.0580461025238037 1.0580461025238037 0
1.0620665550231934 1.0620665550231934 1.0620665550231934 1.0620665550231934 0
1.0761253833770752 1.0761253833770752 1.0761253833770752 1.0761253833770752 0
1.0475217103958130 1.0475217103958130 1.0475217103958130 1.0475217103958130 0
1.0480974912643433 1.0480974912643433 1.0480974912643433 1.0480974912643433 0
1.0390895605087280 1.0390895605087280 1.0390895605087280 1.0390895605087280 0
1.0486804246902466 1.0486804246902466 1.0486804246902466 1.0486804246902466 0
1.0455679893493652 1.0455679893493652 1.0455679893493652 1.0455679893493652 0
1.0579574108123779 1.0579574108123779 1.0579574108123779 1.0579574108123779 0
1.0755481719970703 1.0755481719970703 1.0755481719970703 1.0755481719970703 0
1.0744382143020630 1.0744382143020630 1.0744382143020630 1.0744382143020630 0
1.0539571046829224 1.0539571046829224 1.0539571046829224 1.0539571046829224 0
1.0522890090942383 1.0522890090942383 1.0522890090942383 1.0522890090942383 0
1.0547460317611694 1.0547460317611694 1.0547460317611694 1.0547460317611694 0
1.0511639118194580 1.0511639118194580 1.0511639118194580 1.0511639118194580 0
1.0586572885513306 1.0586572885513306 1.0586572885513306 1.0586572885513306 0
1.0472532510757446 1.0472532510757446 1.0472532510757446 1.0472532510757446 0
1.0311652421951294 1.0311652421951294 1.0311652421951294 1.0311652421951294 0
1.0545895099639893 1.0545895099639893 1.0545895099639893 1.0545895099639893 0
1.0470947027206421 1.0470947027206421 1.0470947027206421 1.0470947027206421 0
1.0509618520736694 1.0509618520736694 1.0509618520736694 1.0509618520736694 0
1.0502108335494995 1.0502108335494995 1.0502108335494995 1.0502108335494995 0
1.0505360364913940 1.0505360364913940 1.0505360364913940 1.0505360364913940 0
1.0527111291885376 1.0527111291885376 1.0527111291885376 1.0527111291885376 0
1.0542848110198975 1.0542848110198975 1.0542848110198975 1.0542848110198975 0
0.1728266477584839 0.1728266477584839 0.1728266477584839 0.1728266477584839 0.1728266477584839 0.1728266477584839
0.1870525330305099 0.1870525330305099 0.1870525330305099 0.1870525330305099 0.1870525330305099 0.1870525330305099
0.1885552704334259 0.1885552704334259 0.1885552704334259 0.1885552704334259 0.1885552704334259 0.1885552704334259
0.1743011772632599 0.1743011772632599 0.1743011772632599 0.1743011772632599 0.1743011772632599 0.1743011772632599
0.1976776868104935 0.1976776868104935 0.1976776868104935 0.1976776868104935 0.1976776868104935 0.1976776868104935
0.1978808939456940 0.1978808939456940 0.1978808939456940 0.1978808939456940 0.1978808939456940 0.1978808939456940
0.1875545680522919 0.1875545680522919 0.1875545680522919 0.1875545680522919 0.1875545680522919 0.1875545680522919
0.1785818487405777 0.1785818487405777 0.1785818487405777 0.1785818487405777 0.1785818487405777 0.1785818487405777
0.1899607777595520 0.1899607777595520 0.1899607777595520 0.1899607777595520 0.1899607777595520 0.1899607777595520
0.1879286915063858 0.1879286915063858 0.1879286915063858 0.1879286915063858 0.1879286915063858 0.1879286915063858
0.1939739882946014 0.1939739882946014 0.1939739882946014 0.1939739882946014 0.1939739882946014 0.1939739882946014
0.1886607259511948 0.1886607259511948 0.1886607259511948 0.1886607259511948 0.1886607259511948 0.1886607259511948
0.1873672157526016 0.1873672157526016 0.1873672157526016 0.1873672157526016 0.1873672157526016 0.1873672157526016
0.1833282858133316 0.1833282858133316 0.1833282858133316 0.1833282858133316 0.1833282858133316 0.1833282858133316
0.1934761852025986 0.1934761852025986 0.1934761852025986 0.1934761852025986 0.1934761852025986 0.1934761852025986
0.1781223267316818 0.1781223267316818 0.1781223267316818 0.1781223267316818 0.1781223267316818 0.1781223267316818
0.1921074390411377 0.1921074390411377 0.1921074390411377 0.1921074390411377 0.1921074390411377 0.1921074390411377
0.1854328811168671 0.1854328811168671 0.1854328811168671 0.1854328811168671 0.1854328811168671 0.1854328811168671
0.1705158352851868 0.1705158352851868 0.1705158352851868 0.1705158352851868 0.1705158352851868 0.1705158352851868
0.1651347428560257 0.1651347428560257 0.1651347428560257 0.1651347428560257 0.1651347428560257 0.1651347428560257
0.1823050975799561 0.1823050975799561 0.1823050975799561 0.1823050975799561 0.1823050975799561 0.1823050975799561
0.1852594614028931 0.1852594614028931 0.1852594614028931 0.1852594614028931 0.1852594614028931 0.1852594614028931
0.1840184926986694 0.1840184926986694 0.1840184926986694 0.1840184926986694 0.1840184926986694 0.1840184926986694
0.1753455400466919 0.1753455400466919 0.1753455400466919 0.1753455400466919 0.1753455400466919 0.1753455400466919
0.1885942816734314 0.1885942816734314 0.1885942816734314 0.1885942816734314 0.1885942816734314 0.1885942816734314
0.1849796921014786 0.1849796921014786 0.1849796921014786 0.1849796921014786 0.1849796921014786 0.1849796921014786
0.1917299330234528 0.1917299330234528 0.1917299330234528 0.1917299330234528 0.1917299330234528 0.1917299330234528
0.1991230696439743 0.1991230696439743 0.1991230696439743 0.1991230696439743 0.1991230696439743 0.1991230696439743
0.2012508809566498 0.2012508809566498 0.2012508809566498 0.2012508809566498 0.2012508809566498 0.2012508809566498
0.1754944175481796 0.1754944175481796 0.1754944175481796 0.1754944175481796 0.1754944175481796 0.1754944175481796
0.1800017803907394 0.1800017803907394 0.1800017803907394 0.1800017803907394 0.1800017803907394 0.1800017803907394
0.1764654964208603 0.1764654964208603 0.1764654964208603 0.1764654964208603 0.1764654964208603 0.1764654964208603
0.1781166493892670 0.1781166493892670 0.1781166493892670 0.1781166493892670 0.1781166493892670 0.1781166493892670
0.1914733797311783 0.1914733797311783 0.1914733797311783 0.1914733797311783 0.1914733797311783 0.1914733797311783
0.1821321696043015 0.1821321696043015 0.1821321696043015 0.1821321696043015 0.1821321696043015 0.1821321696043015
0.1964607387781143 0.1964607387781143 0.1964607387781143 0.1964607387781143 0.1964607387781143 0.1964607387781143
0.1852627694606781 0.1852627694606781 0.1852627694606781 0.1852627694606781 0.1852627694606781 0.1852627694606781
0.1778150945901871 0.1778150945901871 0.1778150945901871 0.1778150945901871 0.1778150945901871 0.1778150945901871
0.1745021343231201 0.1745021343231201 0.1745021343231201 0.1745021343231201 0.1745021343231201 0.1745021343231201
0.1785506010055542 0.1785506010055542 0.1785506010055542 0.1785506010055542 0.1785506010055542 0.1785506010055542
0.2040669769048691 0.2040669769048691 0.2040669769048691 0.2040669769048691 0.2040669769048691 0.2040669769048691
0.1826745271682739 0.1826745271682739 0.1826745271682739 0.1826745271682739 0.1826745271682739 0.1826745271682739
0.1934854090213776 0.1934854090213776 0.1934854090213776 0.1934854090213776 0.1934854090213776 0.1934854090213776
0.1981333494186401 0.1981333494186401 0.1981333494186401 0.1981333494186401 0.1981333494186401 0.1981333494186401
0.1981932967901230 0.1981932967901230 0.1981932967901230 0.1981932967901230 0.1981932967901230 0.1981932967901230
0.1915239691734314 0.1915239691734314 0.1915239691734314 0.1915239691734314 0.1915239691734314 0.1915239691734314
0.1929301917552948 0.1929301917552948 0.1929301917552948 0.1929301917552948 0.1929301917552948 0.1929301917552948
0.1870208233594894 0.1870208233594894 0.1870208233594894 0.1870208233594894 0.1870208233594894 0.1870208233594894
0.1982302218675613 0.1982302218675613 0.1982302218675613 0.1982302218675613 0.1982302218675613 0.1982302218675613
0.1773754805326462 0.1773754805326462 0.1773754805326462 0.1773754805326462 0.1773754805326462 0.1773754805326462
0.1801223158836365 0.1801223158836365 0.1801223158836365 0.1801223158836365 0.1801223158836365 0.1801223158836365
0.1864632815122604 0.1864632815122604 0.1864632815122604 0.1864632815122604 0.1864632815122604 0.1864632815122604
0.1827281266450882 0.1827281266450882 0.1827281266450882 0.1827281266450882 0.1827281266450882 0.1827281266450882
0.1817780584096909 0.1817780584096909 0.1817780584096909 0.1817780584096909 0.1817780584096909 0.1817780584096909
0.1646304279565811 0.1646304279565811 0.1646304279565811 0.1646304279565811 0.1646304279565811 0.1646304279565811
0.1856078058481216 0.1856078058481216 0.1856078058481216 0.1856078058481216 0.1856078058481216 0.1856078058481216
0.1940612196922302 0.1940612196922302 0.1940612196922302 0.1940612196922302 0.1940612196922302 0.1940612196922302
0.1847214251756668 0.1847214251756668 0.1847214251756668 0.1847214251756668 0.1847214251756668 0.1847214251756668
0.1950929164886475 0.1950929164886475 0.1950929164886475 0.1950929164886475 0.1950929164886475 0.1950929164886475
0.1899399459362030 0.1899399459362030 0.1899399459362030 0.1899399459362030 0.1899399459362030 0.1899399459362030
0.2052051872014999 0.2052051872014999 0.2052051872014999 0.2052051872014999 0.2052051872014999 0.2052051872014999
0.1890824884176254 0.1890824884176254 0.1890824884176254 0.1890824884176254 0.1890824884176254 0.1890824884176254
0.1920077502727509 0.1920077502727509 0.1920077502727509 0.1920077502727509 0.1920077502727509 0.1920077502727509
0.1868534833192825 0.1868534833192825 0.1868534833192825 0.1868534833192825 0.1868534833192825 0.1868534833192825
0.1942070722579956 0.1942070722579956 0.1942070722579956 0.1942070722579956 0.1942070722579956 0.1942070722579956
0.1810435652732849 0.1810435652732849 0.1810435652732849 0.1810435652732849 0.1810435652732849 0.1810435652732849
0.1951486468315125 0.1951486468315125 0.1951486468315125 0.1951486468315125 0.1951486468315125 0.1951486468315125
0.1842342615127563 0.1842342615127563 0.1842342615127563 0.1842342615127563 0.1842342615127563 0.1842342615127563
0.1792246848344803 0.1792246848344803 0.1792246848344803 0.1792246848344803 0.1792246848344803 0.1792246848344803
0.1755389571189880 0.1755389571189880 0.1755389571189880 0.1755389571189880 0.1755389571189880 0.1755389571189880
0.1677090376615524 0.1677090376615524 0.1677090376615524 0.1677090376615524 0.1677090376615524 0.1677090376615524
0.1810483634471893 0.1810483634471893 0.1810483634471893 0.1810483634471893 0.1810483634471893 0.1810483634471893
0.1860449165105820 0.1860449165105820 0.1860449165105820 0.1860449165105820 0.1860449165105820 0.1860449165105820
0.1999995708465576 0.1999995708465576 0.1999995708465576 0.1999995708465576 0.1999995708465576 0.1999995708465576
0.1925625354051590 0.1925625354051590 0.1925625354051590 0.1925625354051590 0.1925625354051590 0.1925625354051590
0.1866919994354248 0.1866919994354248 0.1866919994354248 0.1866919994354248 0.1866919994354248 0.1866919994354248
0.1857290714979172 0.1857290714979172 0.1857290714979172 0.1857290714979172 0.1857290714979172 0.1857290714979172
0.1904991716146469 0.1904991716146469 0.1904991716146469 0.1904991716146469 0.1904991716146469 0.1904991716146469
0.1871981918811798 0.1871981918811798 0.1871981918811798 0.1871981918811798 0.1871981918811798 0.1871981918811798
0.2117019295692444 0.2117019295692444 0.2117019295692444 0.2117019295692444 0.2117019295692444 0.2117019295692444
0.1797823160886765 0.1797823160886765 0.1797823160886765 0.1797823160886765 0.1797823160886765 0.1797823160886765
0.1926238536834717 0.1926238536834717 0.1926238536834717 0.1926238536834717 0.1926238536834717 0.1926238536834717
0.1871569156646729 0.1871569156646729 0.1871569156646729 0.1871569156646729 0.1871569156646729 0.1871569156646729
0.1853810101747513 0.1853810101747513 0.1853810101747513 0.1853810101747513 0.1853810101747513 0.1853810101747513
0.1834034919738770 0.1834034919738770 0.1834034919738770 0.1834034919738770 0.1834034919738770 0.1834034919738770
0.1812405288219452 0.1812405288219452 0.1812405288219452 0.1812405288219452 0.1812405288219452 0.1812405288219452
0.1827273666858673 0.1827273666858673 0.1827273666858673 0.1827273666858673 0.1827273666858673 0.1827273666858673
0.1811334043741226 0.1811334043741226 0.1811334043741226 0.1811334043741226 0.1811334043741226 0.1811334043741226
0.1964821219444275 0.1964821219444275 0.1964821219444275 0.1964821219444275 0.1964821219444275 0.1964821219444275
0.1880996972322464 0.1880996972322464 0.1880996972322464 0.1880996972322464 0.1880996972322464 0.1880996972322464
0.1950793415307999 0.1950793415307999 0.1950793415307999 0.1950793415307999 0.1950793415307999 0.1950793415307999
0.1952470988035202 0.1952470988035202 0.1952470988035202 0.1952470988035202 0.1952470988035202 0.1952470988035202
0.2106883972883224 0.2106883972883224 0.2106883972883224 0.2106883972883224 0.2106883972883224 0.2106883972883224
0.1898377686738968 0.1898377686738968 0.1898377686738968 0.1898377686738968 0.1898377686738968 0.1898377686738968
0.1763432621955872 0.1763432621955872 0.1763432621955872 0.1763432621955872 0.1763432621955872 0.1763432621955872
0.1732048988342285 0.1732048988342285 0.1732048988342285 0.1732048988342285 0.1732048988342285 0.1732048988342285
0.1808331906795502 0.1808331906795502 0.1808331906795502 0.1808331906795502 0.1808331906795502 0.1808331906795502
0.1844680756330490 0.1844680756330490 0.1844680756330490 0.1844680756330490 0.1844680756330490 0.1844680756330490
0.1759470254182816 0.1759470254182816 0.1759470254182816 0.1759470254182816 0.1759470254182816 0.1759470254182816
0.1878418922424316 0.1878418922424316 0.1878418922424316 0.1878418922424316 0.1878418922424316 0.1878418922424316
0.1837450116872787 0.1837450116872787 0.1837450116872787 0.1837450116872787 0.1837450116872787 0.1837450116872787
0.1735676079988480 0.1735676079988480 0.1735676079988480 0.1735676079988480 0.1735676079988480 0.1735676079988480
0.1777000576257706 0.1777000576257706 0.1777000576257706 0.1777000576257706 0.1777000576257706 0.1777000576257706
0.1837905049324036 0.1837905049324036 0.1837905049324036 0.1837905049324036 0.1837905049324036 0.1837905049324036
0.1935990601778030 0.1935990601778030 0.1935990601778030 0.1935990601778030 0.1935990601778030 0.1935990601778030
0.1923682391643524 0.1923682391643524 0.1923682391643524 0.1923682391643524 0.1923682391643524 0.1923682391643524
0.1697989404201508 0.1697989404201508 0.1697989404201508 0.1697989404201508 0.1697989404201508 0.1697989404201508
0.1882202476263046 0.1882202476263046 0.1882202476263046 0.1882202476263046 0.1882202476263046 0.1882202476263046
0.1881948858499527 0.1881948858499527 0.1881948858499527 0.1881948858499527 0.1881948858499527 0.1881948858499527
0.1608509272336960 0.1608509272336960 0.1608509272336960 0.1608509272336960 0.1608509272336960 0.1608509272336960
0.1750053763389587 0.1750053763389587 0.1750053763389587 0.1750053763389587 0.1750053763389587 0.1750053763389587
0.1905833780765533 0.1905833780765533 0.1905833780765533 0.1905833780765533 0.1905833780765533 0.1905833780765533
0.1718661338090897 0.1718661338090897 0.1718661338090897 0.1718661338090897 0.1718661338090897 0.1718661338090897
0.1880633831024170 0.1880633831024170 0.1880633831024170 0.1880633831024170 0.1880633831024170 0.1880633831024170
0.1780979633331299 0.1780979633331299 0.1780979633331299 0.1780979633331299 0.1780979633331299 0.1780979633331299
0.1893489956855774 0.1893489956855774 0.1893489956855774 0.1893489956855774 0.1893489956855774 0.1893489956855774
0.1746629029512405 0.1746629029512405 0.1746629029512405 0.1746629029512405 0.1746629029512405 0.1746629029512405
0.1770189106464386 0.1770189106464386 0.1770189106464386 0.1770189106464386 0.1770189106464386 0.1770189106464386
0.1800877004861832 0.1800877004861832 0.1800877004861832 0.1800877004861832 0.1800877004861832 0.1800877004861832
0.1826155930757523 0.1826155930757523 0.1826155930757523 0.1826155930757523 0.1826155930757523 0.1826155930757523
0.1669741272926331 0.1669741272926331 0.1669741272926331 0.1669741272926331 0.1669741272926331 0.1669741272926331
0.1772844493389130 0.1772844493389130 0.1772844493389130 0.1772844493389130 0.1772844493389130 0.1772844493389130
0.1918498575687408 0.1918498575687408 0.1918498575687408 0.1918498575687408 0.1918498575687408 0.1918498575687408
0.1939788609743118 0.1939788609743118 0.1939788609743118 0.1939788609743118 0.1939788609743118 0.1939788609743118
0.1868814080953598 0.1868814080953598 0.1868814080953598 0.1868814080953598 0.1868814080953598 0.1868814080953598
0.1679114699363708 0.1679114699363708 0.1679114699363708 0.1679114699363708 0.1679114699363708 0.1679114699363708
0.1763323694467545 0.1763323694467545 0.1763323694467545 0.1763323694467545 0.1763323694467545 0.1763323694467545
0.1700485199689865 0.1700485199689865 0.1700485199689865 0.1700485199689865 0.1700485199689865 0.1700485199689865
1.0617589950561523 1.0617589950561523 1.0617589950561523 1.0617589950561523 0
1.0741391181945801 1.0741391181945801 1.0741391181945801 1.0741391181945801 0
1.0538480281829834 1.0538480281829834 1.0538480281829834 1.0538480281829834 0
1.0656402111053467 1.0656402111053467 1.0656402111053467 1.0656402111053467 0
1.0554581880569458 1.0554581880569458 1.0554581880569458 1.0554581880569458 0
1.0637375116348267 1.0637375116348267 1.0637375116348267 1.0637375116348267 0
1.0650680065155029 1.0650680065155029 1.0650680065155029 1.0650680065155029 0
1.0663795471191406 1.0663795471191406 1.0663795471191406 1.0663795471191406 0
1.0892220735549927 1.0892220735549927 1.0892220735549927 1.0892220735549927 0
1.0709118843078613 1.0709118843078613 1.0709118843078613 1.0709118843078613 0
1.0740667581558228 1.0740667581558228 1.0740667581558228 1.0740667581558228 0
1.0679959058761597 1.0679959058761597 1.0679959058761597 1.0679959058761597 0
1.0746723413467407 1.0746723413467407 1.0746723413467407 1.0746723413467407 0
1.0710474252700806 1.0710474252700806 1.0710474252700806 1.0710474252700806 0
1.0671052932739258 1.0671052932739258 1.0671052932739258 1.0671052932739258 0
1.0646035671234131 1.0646035671234131 1.0646035671234131 1.0646035671234131 0
1.0699036121368408 1.0699036121368408 1.0699036121368408 1.0699036121368408 0
1.0798695087432861 1.0798695087432861 1.0798695087432861 1.0798695087432861 0
1.0522717237472534 1.0522717237472534 1.0522717237472534 1.0522717237472534 0
1.0543168783187866 1.0543168783187866 1.0543168783187866 1.0543168783187866 0
1.0619144439697266 1.0619144439697266 1.0619144439697266 1.0619144439697266 0
1.0487797260284424 1.0487797260284424 1.0487797260284424 1.0487797260284424 0
1.0789623260498047 1.0789623260498047 1.0789623260498047 1.0789623260498047 0
1.0502554178237915 1.0502554178237915 1.0502554178237915 1.0502554178237915 0
1.0486054420471191 1.0486054420471191 1.0486054420471191 1.0486054420471191 0
1.0737217664718628 1.0737217664718628 1.0737217664718628 1.0737217664718628 0
1.0716804265975952 1.0716804265975952 1.0716804265975952 1.0716804265975952 0
1.0586777925491333 1.0586777925491333 1.0586777925491333 1.0586777925491333 0
1.0590242147445679 1.0590242147445679 1.0590242147445679 1.0590242147445679 0
1.0400511026382446 1.0400511026382446 1.0400511026382446 1.0400511026382446 0
1.0644418001174927 1.0644418001174927 1.0644418001174927 1.0644418001174927 0
1.0570576190948486 1.0570576190948486 1.0570576190948486 1.0570576190948486 0
1.0434530973434448 1.0434530973434448 1.0434530973434448 1.0434530973434448 0
1.0689105987548828 1.0689105987548828 1.0689105987548828 1.0689105987548828 0
1.0440796613693237 1.0440796613693237 1.0440796613693237 1.0440796613693237 0
1.0497765541076660 1.0497765541076660 1.0497765541076660 1.0497765541076660 0
1.0618475675582886 1.0618475675582886 1.0618475675582886 1.0618475675582886 0
1.0458867549896240 1.0458867549896240 1.0458867549896240 1.0458867549896240 0
1.0644924640655518 1.0644924640655518 1.0644924640655518 1.0644924640655518 0
1.0651453733444214 1.0651453733444214 1.0651453733444214 1.0651453733444214 0
1.0659466981887817 1.0659466981887817 1.0659466981887817 1.0659466981887817 0
1.0484867095947266 1.0484867095947266 1.0484867095947266 1.0484867095947266 0
1.0644233226776123 1.0644233226776123 1.0644233226776123 1.0644233226776123 0
1.0585107803344727 1.0585107803344727 1.0585107803344727 1.0585107803344727 0
1.0701184272766113 1.0701184272766113 1.0701184272766113 1.0701184272766113 0
1.0489599704742432 1.0489599704742432 1.0489599704742432 1.0489599704742432 0
1.0547237396240234 1.0547237396240234 1.0547237396240234 1.0547237396240234 0
1.0548292398452759 1.0548292398452759 1.0548292398452759 1.0548292398452759 0
1.0461888313293457 1.0461888313293457 1.0461888313293457 1.0461888313293457 0
1.0631200075149536 1.0631200075149536 1.0631200075149536 1.0631200075149536 0
1.0483646392822266 1.0483646392822266 1.0483646392822266 1.0483646392822266 0
1.0699385404586792 1.0699385404586792 1.0699385404586792 1.0699385404586792 0
1.0634725093841553 1.0634725093841553 1.0634725093841553 1.0634725093841553 0
1.0506756305694580 1.0506756305694580 1.0506756305694580 1.0506756305694580 0
1.0599002838134766 1.0599002838134766 1.0599002838134766 1.0599002838134766 0
1.0458073616027832 1.0458073616027832 1.0458073616027832 1.0458073616027832 0
1.0666159391403198 1.0666159391403198 1.0666159391403198 1.0666159391403198 0
1.0403339862823486 1.0403339862823486 1.0403339862823486 1.0403339862823486 0
1.0494449138641357 1.0494449138641357 1.0494449138641357 1.0494449138641357 0
1.0439637899398804 1.0439637899398804 1.0439637899398804 1.0439637899398804 0
1.0433998107910156 1.0433998107910156 1.0433998107910156 1.0433998107910156 0
1.0434790849685669 1.0434790849685669 1.0434790849685669 1.0434790849685669 0
1.0525703430175781 1.0525703430175781 1.0525703430175781 1.0525703430175781 0
1.0416711568832397 1.0416711568832397 1.0416711568832397 1.0416711568832397 0
0.1927902996540070 0.1927902996540070 0.1927902996540070 0.1927902996540070 0.1927902996540070 0.1927902996540070
0.1873087882995605 0.1873087882995605 0.1873087882995605 0.1873087882995605 0.1873087882995605 0.1873087882995605
0.1906287670135498 0.1906287670135498 0.1906287670135498 0.1906287670135498 0.1906287670135498 0.1906287670135498
0.1878838837146759 0.1878838837146759 0.1878838837146759 0.1878838837146759 0.1878838837146759 0.1878838837146759
0.1873799413442612 0.1873799413442612 0.1873799413442612 0.1873799413442612 0.1873799413442612 0.1873799413442612
0.1966937631368637 0.1966937631368637 0.1966937631368637 0.1966937631368637 0.1966937631368637 0.1966937631368637
0.1753997802734375 0.1753997802734375 0.1753997802734375 0.1753997802734375 0.1753997802734375 0.1753997802734375
0.1828025132417679 0.1828025132417679 0.1828025132417679 0.1828025132417679 0.1828025132417679 0.1828025132417679
0.1986008584499359 0.1986008584499359 0.1986008584499359 0.1986008584499359 0.1986008584499359 0.1986008584499359
0.1924013197422028 0.1924013197422028 0.1924013197422028 0.1924013197422028 0.1924013197422028 0.1924013197422028
0.2002163976430893 0.2002163976430893 0.2002163976430893 0.2002163976430893 0.2002163976430893 0.2002163976430893
0.1921714097261429 0.1921714097261429 0.1921714097261429 0.1921714097261429 0.1921714097261429 0.1921714097261429
0.1894621998071671 0.1894621998071671 0.1894621998071671 0.1894621998071671 0.1894621998071671 0.1894621998071671
0.1779782623052597 0.1779782623052597 0.1779782623052597 0.1779782623052597 0.1779782623052597 0.1779782623052597
0.1871736943721771 0.1871736943721771 0.1871736943721771 0.1871736943721771 0.1871736943721771 0.1871736943721771
0.1811550855636597 0.1811550855636597 0.1811550855636597 0.1811550855636597 0.1811550855636597 0.1811550855636597
0.1886181682348251 0.1886181682348251 0.1886181682348251 0.1886181682348251 0.1886181682348251 0.1886181682348251
0.2001224160194397 0.2001224160194397 0.2001224160194397 0.2001224160194397 0.2001224160194397 0.2001224160194397
0.1749171614646912 0.1749171614646912 0.1749171614646912 0.1749171614646912 0.1749171614646912 0.1749171614646912
0.1861291527748108 0.1861291527748108 0.1861291527748108 0.1861291527748108 0.1861291527748108 0.1861291527748108
0.1943109035491943 0.1943109035491943 0.1943109035491943 0.1943109035491943 0.1943109035491943 0.1943109035491943
0.1658185571432114 0.1658185571432114 0.1658185571432114 0.1658185571432114 0.1658185571432114 0.1658185571432114
0.1782785654067993 0.1782785654067993 0.1782785654067993 0.1782785654067993 0.1782785654067993 0.1782785654067993
0.1859052181243896 0.1859052181243896 0.1859052181243896 0.1859052181243896 0.1859052181243896 0.1859052181243896
0.1985610723495483 0.1985610723495483 0.1985610723495483 0.1985610723495483 0.1985610723495483 0.1985610723495483
0.2020793259143829 0.2020793259143829 0.2020793259143829 0.2020793259143829 0.2020793259143829 0.2020793259143829
0.2059142291545868 0.2059142291545868 0.2059142291545868 0.2059142291545868 0.2059142291545868 0.2059142291545868
0.2121262699365616 0.2121262699365616 0.2121262699365616 0.2121262699365616 0.2121262699365616 0.2121262699365616
0.1831051558256149 0.1831051558256149 0.1831051558256149 0.1831051558256149 0.1831051558256149 0.1831051558256149
0.1970591694116592 0.1970591694116592 0.1970591694116592 0.1970591694116592 0.1970591694116592 0.1970591694116592
0.1996193677186966 0.1996193677186966 0.1996193677186966 0.1996193677186966 0.1996193677186966 0.1996193677186966
0.1931607276201248 0.1931607276201248 0.1931607276201248 0.1931607276201248 0.1931607276201248 0.1931607276201248
0.1828127950429916 0.1828127950429916 0.1828127950429916 0.1828127950429916 0.1828127950429916 0.1828127950429916
0.1892053782939911 0.1892053782939911 0.1892053782939911 0.1892053782939911 0.1892053782939911 0.1892053782939911
0.1843906790018082 0.1843906790018082 0.1843906790018082 0.1843906790018082 0.1843906790018082 0.1843906790018082
0.1960651129484177 0.1960651129484177 0.1960651129484177 0.1960651129484177 0.1960651129484177 0.1960651129484177
0.1802766770124435 0.1802766770124435 0.1802766770124435 0.1802766770124435 0.1802766770124435 0.1802766770124435
0.1811248809099197 0.1811248809099197 0.1811248809099197 0.1811248809099197 0.1811248809099197 0.1811248809099197
0.2015614658594131 0.2015614658594131 0.2015614658594131 0.2015614658594131 0.2015614658594131 0.2015614658594131
0.1900781691074371 0.1900781691074371 0.1900781691074371 0.1900781691074371 0.1900781691074371 0.1900781691074371
0.2085267454385757 0.2085267454385757 0.2085267454385757 0.2085267454385757 0.2085267454385757 0.2085267454385757
0.1924699246883392 0.1924699246883392 0.1924699246883392 0.1924699246883392 0.1924699246883392 0.1924699246883392
0.1872363686561584 0.1872363686561584 0.1872363686561584 0.1872363686561584 0.1872363686561584 0.1872363686561584
0.1784966140985489 0.1784966140985489 0.1784966140985489 0.1784966140985489 0.1784966140985489 0.1784966140985489
0.1988002955913544 0.1988002955913544 0.1988002955913544 0.1988002955913544 0.1988002955913544 0.1988002955913544
0.1670676320791245 0.1670676320791245 0.1670676320791245 0.1670676320791245 0.1670676320791245 0.1670676320791245
0.1822779029607773 0.1822779029607773 0.1822779029607773 0.1822779029607773 0.1822779029607773 0.1822779029607773
0.1709714233875275 0.1709714233875275 0.1709714233875275 0.1709714233875275 0.1709714233875275 0.1709714233875275
0.1826761513948441 0.1826761513948441 0.1826761513948441 0.1826761513948441 0.1826761513948441 0.1826761513948441
0.1783599257469177 0.1783599257469177 0.1783599257469177 0.1783599257469177 0.1783599257469177 0.1783599257469177
0.1731734722852707 0.1731734722852707 0.1731734722852707 0.1731734722852707 0.1731734722852707 0.1731734722852707
0.1972248107194901 0.1972248107194901 0.1972248107194901 0.1972248107194901 0.1972248107194901 0.1972248107194901
0.1742453873157501 0.1742453873157501 0.1742453873157501 0.1742453873157501 0.1742453873157501 0.1742453873157501
0.2037565112113953 0.2037565112113953 0.2037565112113953 0.2037565112113953 0.2037565112113953 0.2037565112113953
0.1906576603651047 0.1906576603651047 0.1906576603651047 0.1906576603651047 0.1906576603651047 0.1906576603651047
0.2006324231624603 0.2006324231624603 0.2006324231624603 0.2006324231624603 0.2006324231624603 0.2006324231624603
0.1877465546131134 0.1877465546131134 0.1877465546131134 0.1877465546131134 0.1877465546131134 0.1877465546131134
0.1865196526050568 0.1865196526050568 0.1865196526050568 0.1865196526050568 0.1865196526050568 0.1865196526050568
0.1835094094276428 0.1835094094276428 0.1835094094276428 0.1835094094276428 0.1835094094276428 0.1835094094276428
0.1926562041044235 0.1926562041044235 0.1926562041044235 0.1926562041044235 0.1926562041044235 0.1926562041044235
0.1941727846860886 0.1941727846860886 0.1941727846860886 0.1941727846860886 0.1941727846860886 0.1941727846860886
0.1801508814096451 0.1801508814096451 0.1801508814096451 0.1801508814096451 0.1801508814096451 0.1801508814096451
0.1768176853656769 0.1768176853656769 0.1768176853656769 0.1768176853656769 0.1768176853656769 0.1768176853656769
0.1932301968336105 0.1932301968336105 0.1932301968336105 0.1932301968336105 0.1932301968336105 0.1932301968336105
0.1854648590087891 0.1854648590087891 0.1854648590087891 0.1854648590087891 0.1854648590087891 0.1854648590087891
0.1620195657014847 0.1620195657014847 0.1620195657014847 0.1620195657014847 0.1620195657014847 0.1620195657014847
0.1734920740127563 0.1734920740127563 0.1734920740127563 0.1734920740127563 0.1734920740127563 0.1734920740127563
0.1831503361463547 0.1831503361463547 0.1831503361463547 0.1831503361463547 0.1831503361463547 0.1831503361463547
0.1924254894256592 0.1924254894256592 0.1924254894256592 0.1924254894256592 0.1924254894256592 0.1924254894256592
0.2002712637186050 0.2002712637186050 0.2002712637186050 0.2002712637186050 0.2002712637186050 0.2002712637186050
0.1960759162902832 0.1960759162902832 0.1960759162902832 0.1960759162902832 0.1960759162902832 0.1960759162902832
0.1860845834016800 0.1860845834016800 0.1860845834016800 0.1860845834016800 0.1860845834016800 0.1860845834016800
0.1790801584720612 0.1790801584720612 0.1790801584720612 0.1790801584720612 0.1790801584720612 0.1790801584720612
0.1880839467048645 0.1880839467048645 0.1880839467048645 0.1880839467048645 0.1880839467048645 0.1880839467048645
0.1806385815143585 0.1806385815143585 0.1806385815143585 0.1806385815143585 0.1806385815143585 0.1806385815143585
0.1859276294708252 0.1859276294708252 0.1859276294708252 0.1859276294708252 0.1859276294708252 0.1859276294708252
0.1731013804674149 0.1731013804674149 0.1731013804674149 0.1731013804674149 0.1731013804674149 0.1731013804674149
0.1872745454311371 0.1872745454311371 0.1872745454311371 0.1872745454311371 0.1872745454311371 0.1872745454311371
0.1790142208337784 0.1790142208337784 0.1790142208337784 0.1790142208337784 0.1790142208337784 0.1790142208337784
0.1856440007686615 0.1856440007686615 0.1856440007686615 0.1856440007686615 0.1856440007686615 0.1856440007686615
0.1878668814897537 0.1878668814897537 0.1878668814897537 0.1878668814897537 0.1878668814897537 0.1878668814897537
0.1860181242227554 0.1860181242227554 0.1860181242227554 0.1860181242227554 0.1860181242227554 0.1860181242227554
0.1909693628549576 0.1909693628549576 0.1909693628549576 0.1909693628549576 0.1909693628549576 0.1909693628549576
0.2067418098449707 0.2067418098449707 0.2067418098449707 0.2067418098449707 0.2067418098449707 0.2067418098449707
0.1890312433242798 0.1890312433242798 0.1890312433242798 0.1890312433242798 0.1890312433242798 0.1890312433242798
0.1877972930669785 0.1877972930669785 0.1877972930669785 0.1877972930669785 0.1877972930669785 0.1877972930669785
0.1985068172216415 0.1985068172216415 0.1985068172216415 0.1985068172216415 0.1985068172216415 0.1985068172216415
0.1809322685003281 0.1809322685003281 0.1809322685003281 0.1809322685003281 0.1809322685003281 0.1809322685003281
0.1701528728008270 0.1701528728008270 0.1701528728008270 0.1701528728008270 0.1701528728008270 0.1701528728008270
0.1805672794580460 0.1805672794580460 0.1805672794580460 0.1805672794580460 0.1805672794580460 0.1805672794580460
0.1746617406606674 0.1746617406606674 0.1746617406606674 0.1746617406606674 0.1746617406606674 0.1746617406606674
0.1770270317792892 0.1770270317792892 0.1770270317792892 0.1770270317792892 0.1770270317792892 0.1770270317792892
0.1836554557085037 0.1836554557085037 0.1836554557085037 0.1836554557085037 0.1836554557085037 0.1836554557085037
0.1926463246345520 0.1926463246345520 0.1926463246345520 0.1926463246345520 0.1926463246345520 0.1926463246345520
0.1774349957704544 0.1774349957704544 0.1774349957704544 0.1774349957704544 0.1774349957704544 0.1774349957704544
0.1968170404434204 0.1968170404434204 0.1968170404434204 0.1968170404434204 0.1968170404434204 0.1968170404434204
0.1921899914741516 0.1921899914741516 0.1921899914741516 0.1921899914741516 0.1921899914741516 0.1921899914741516
0.1929154694080353 0.1929154694080353 0.1929154694080353 0.1929154694080353 0.1929154694080353 0.1929154694080353
0.1946785897016525 0.1946785897016525 0.1946785897016525 0.1946785897016525 0.1946785897016525 0.1946785897016525
0.1845770031213760 0.1845770031213760 0.1845770031213760 0.1845770031213760 0.1845770031213760 0.1845770031213760
0.1870117634534836 0.1870117634534836 0.1870117634534836 0.1870117634534836 0.1870117634534836 0.1870117634534836
0.1836514621973038 0.1836514621973038 0.1836514621973038 0.1836514621973038 0.1836514621973038 0.1836514621973038
0.1796795427799225 0.1796795427799225 0.1796795427799225 0.1796795427799225 0.1796795427799225 0.1796795427799225
0.1722806394100189 0.1722806394100189 0.1722806394100189 0.1722806394100189 0.1722806394100189 0.1722806394100189
0.1787083446979523 0.1787083446979523 0.1787083446979523 0.1787083446979523 0.1787083446979523 0.1787083446979523
0.0000000000000000 0.0000000000000000 0.0000000000000000 0.0000000000000000 0.0000000000000000 0.0000000000000000
0.1702326238155365 0.1702326238155365 0.1702326238155365 0.1702326238155365 0.1702326238155365 0.1702326238155365
0.1611120402812958 0.1611120402812958 0.1611120402812958 0.1611120402812958 0.1611120402812958 0.1611120402812958
0.1765397489070892 0.1765397489070892 0.1765397489070892 0.1765397489070892 0.1765397489070892 0.1765397489070892
0.1706200391054153 0.1706200391054153 0.1706200391054153 0.1706200391054153 0.1706200391054153 0.1706200391054153
0.1815628409385681 0.1815628409385681 0.1815628409385681 0.1815628409385681 0.1815628409385681 0.1815628409385681
0.1844417601823807 0.1844417601823807 0.1844417601823807 0.1844417601823807 0.1844417601823807 0.1844417601823807
0.1719893813133240 0.1719893813133240 0.1719893813133240 0.1719893813133240 0.1719893813133240 0.1719893813133240
0.1764507591724396 0.1764507591724396 0.1764507591724396 0.1764507591724396 0.1764507591724396 0.1764507591724396
0.1831546872854233 0.1831546872854233 0.1831546872854233 0.1831546872854233 0.1831546872854233 0.1831546872854233
0.1922218501567841 0.1922218501567841 0.1922218501567841 0.1922218501567841 0.1922218501567841 0.1922218501567841
0.1663598865270615 0.1663598865270615 0.1663598865270615 0.1663598865270615 0.1663598865270615 0.1663598865270615
0.1757808625698090 0.1757808625698090 0.1757808625698090 0.1757808625698090 0.1757808625698090 0.1757808625698090
0.1836193650960922 0.1836193650960922 0.1836193650960922 0.1836193650960922 0.1836193650960922 0.1836193650960922
0.1622124612331390 0.1622124612331390 0.1622124612331390 0.1622124612331390 0.1622124612331390 0.1622124612331390
0.1736230999231339 0.1736230999231339 0.1736230999231339 0.1736230999231339 0.1736230999231339 0.1736230999231339
0.1749969720840454 0.1749969720840454 0.1749969720840454 0.1749969720840454 0.1749969720840454 0.1749969720840454
0.0000000000000000 0.0000000000000000 0.0000000000000000 0.0000000000000000 0.0000000000000000 0.0000000000000000
0.1770082712173462 0.1770082712173462 0.1770082712173462 0.1770082712173462 0.1770082712173462 0.1770082712173462
0.1697934269905090 0.1697934269905090 0.1697934269905090 0.1697934269905090 0.1697934269905090 0.1697934269905090
0.1666849851608276 0.1666849851608276 0.1666849851608276 0.1666849851608276 0.1666849851608276 0.1666849851608276
0.1679220199584961 0.1679220199584961 0.1679220199584961 0.1679220199584961 0.1679220199584961 0.1679220199584961
0.0000000000000000 0.0000000000000000 0.0000000000000000 0.0000000000000000 0.0000000000000000 0.0000000000000000
1.0599611997604370 1.0599611997604370 1.0599611997604370 1.0599611997604370 0
1.0813400745391846 1.0813400745391846 1.0813400745391846 1.0813400745391846 0
1.0581493377685547 1.0581493377685547 1.0581493377685547 1.0581493377685547 0
1.0650647878646851 1.0650647878646851 1.0650647878646851 1.0650647878646851 0
1.0519866943359375 1.0519866943359375 1.0519866943359375 1.0519866943359375 0
1.0633386373519897 1.0633386373519897 1.0633386373519897 1.0633386373519897 0
1.0607579946517944 1.0607579946517944 1.0607579946517944 1.0607579946517944 0
1.0500032901763916 1.0500032901763916 1.0500032901763916 1.0500032901763916 0
1.0571347475051880 1.0571347475051880 1.0571347475051880 1.0571347475051880 0
1.0685636997222900 1.0685636997222900 1.0685636997222900 1.0685636997222900 0
1.0566034317016602 1.0566034317016602 1.0566034317016602 1.0566034317016602 0
1.0705043077468872 1.0705043077468872 1.0705043077468872 1.0705043077468872 0
1.0485440492630005 1.0485440492630005 1.0485440492630005 1.0485440492630005 0
1.0539562702178955 1.0539562702178955 1.0539562702178955 1.0539562702178955 0
1.0516449213027954 1.0516449213027954 1.0516449213027954 1.0516449213027954 0
1.0575777292251587 1.0575777292251587 1.0575777292251587 1.0575777292251587 0
1.0639880895614624 1.0639880895614624 1.0639880895614624 1.0639880895614624 0
1.0682092905044556 1.0682092905044556 1.0682092905044556 1.0682092905044556 0
1.0771815776824951 1.0771815776824951 1.0771815776824951 1.0771815776824951 0
1.0639147758483887 1.0639147758483887 1.0639147758483887 1.0639147758483887 0
1.0429688692092896 1.0429688692092896 1.0429688692092896 1.0429688692092896 0
1.0537396669387817 1.0537396669387817 1.0537396669387817 1.0537396669387817 0
1.0549529790878296 1.0549529790878296 1.0549529790878296 1.0549529790878296 0
1.0646057128906250 1.0646057128906250 1.0646057128906250 1.0646057128906250 0
1.0678068399429321 1.0678068399429321 1.0678068399429321 1.0678068399429321 0
1.0537054538726807 1.0537054538726807 1.0537054538726807 1.0537054538726807 0
1.0764051675796509 1.0764051675796509 1.0764051675796509 1.0764051675796509 0
1.0547333955764771 1.0547333955764771 1.0547333955764771 1.0547333955764771 0
1.0461089611053467 1.0461089611053467 1.0461089611053467 1.0461089611053467 0
1.0576918125152588 1.0576918125152588 1.0576918125152588 1.0576918125152588 0
1.0562955141067505 1.0562955141067505 1.0562955141067505 1.0562955141067505 0
1.0533638000488281 1.0533638000488281 1.0533638000488281 1.0533638000488281 0
1.0630691051483154 1.0630691051483154 1.0630691051483154 1.0630691051483154 0
1.0737128257751465 1.0737128257751465 1.0737128257751465 1.0737128257751465 0
1.0524640083312988 1.0524640083312988 1.0524640083312988 1.0524640083312988 0
1.0785715579986572 1.0785715579986572 1.0785715579986572 1.0785715579986572 0
1.0734224319458008 1.0734224319458008 1.0734224319458008 1.0734224319458008 0
1.0568153858184814 1.0568153858184814 1.0568153858184814 1.0568153858184814 0
1.0445953607559204 1.0445953607559204 1.0445953607559204 1.0445953607559204 0
1.0464001893997192 1.0464001893997192 1.0464001893997192 1.0464001893997192 0
1.0647958517074585 1.0647958517074585 1.0647958517074585 1.0647958517074585 0
1.0642169713973999 1.0642169713973999 1.0642169713973999 1.0642169713973999 0
1.0514639616012573 1.0514639616012573 1.0514639616012573 1.0514639616012573 0
1.0615819692611694 1.0615819692611694 1.0615819692611694 1.0615819692611694 0
1.0687632560729980 1.0687632560729980 1.0687632560729980 1.0687632560729980 0
1.0637326240539551 1.0637326240539551 1.0637326240539551 1.0637326240539551 0
1.0549416542053223 1.0549416542053223 1.0549416542053223 1.0549416542053223 0
1.0406048297882080 1.0406048297882080 1.0406048297882080 1.0406048297882080 0
1.0798140764236450 1.0798140764236450 1.0798140764236450 1.0798140764236450 0
1.0667947530746460 1.0667947530746460 1.0667947530746460 1.0667947530746460 0
1.0688576698303223 1.0688576698303223 1.0688576698303223 1.0688576698303223 0
1.0475916862487793 1.0475916862487793 1.0475916862487793 1.0475916862487793 0
1.0480411052703857 1.0480411052703857 1.0480411052703857 1.0480411052703857 0
1.0696630477905273 1.0696630477905273 1.0696630477905273 1.0696630477905273 0
1.0568703413009644 1.0568703413009644 1.0568703413009644 1.0568703413009644 0
1.0416035652160645 1.0416035652160645 1.0416035652160645 1.0416035652160645 0
1.0549852848052979 1.0549852848052979 1.0549852848052979 1.0549852848052979 0
1.0590746402740479 1.0590746402740479 1.0590746402740479 1.0590746402740479 0
1.0512726306915283 1.0512726306915283 1.0512726306915283 1.0512726306915283 0
1.0618051290512085 1.0618051290512085 1.0618051290512085 1.0618051290512085 0
1.0584213733673096 1.0584213733673096 1.0584213733673096 1.0584213733673096 0
1.0481545925140381 1.0481545925140381 1.0481545925140381 1.0481545925140381 0
1.0353888273239136 1.0353888273239136 1.0353888273239136 1.0353888273239136 0
1.0538663864135742 1.0538663864135742 1.0538663864135742 1.0538663864135742 0
0.2011233568191528 0.2011233568191528 0.2011233568191528 0.2011233568191528 0.2011233568191528 0.2011233568191528
0.1849509179592133 0.1849509179592133 0.1849509179592133 0.1849509179592133 0.1849509179592133 0.1849509179592133
0.2018301188945770 0.2018301188945770 0.2018301188945770 0.2018301188945770 0.2018301188945770 0.2018301188945770
0.1847975701093674 0.1847975701093674 0.1847975701093674 0.1847975701093674 0.1847975701093674 0.1847975701093674
0.2004434764385223 0.2004434764385223 0.2004434764385223 0.2004434764385223 0.2004434764385223 0.2004434764385223
0.2053191512823105 0.2053191512823105 0.2053191512823105 0.2053191512823105 0.2053191512823105 0.2053191512823105
0.1999963223934174 0.1999963223934174 0.1999963223934174 0.1999963223934174 0.1999963223934174 0.1999963223934174
0.1877693235874176 0.1877693235874176 0.1877693235874176 0.1877693235874176 0.1877693235874176 0.1877693235874176
0.1860949397087097 0.1860949397087097 0.1860949397087097 0.1860949397087097 0.1860949397087097 0.1860949397087097
0.1735679358243942 0.1735679358243942 0.1735679358243942 0.1735679358243942 0.1735679358243942 0.1735679358243942
0.1853444576263428 0.1853444576263428 0.1853444576263428 0.1853444576263428 0.1853444576263428 0.1853444576263428
0.1877305060625076 0.1877305060625076 0.1877305060625076 0.1877305060625076 0.1877305060625076 0.1877305060625076
0.1906673312187195 0.1906673312187195 0.1906673312187195 0.1906673312187195 0.1906673312187195 0.1906673312187195
0.1786899566650391 0.1786899566650391 0.1786899566650391 0.1786899566650391 0.1786899566650391 0.1786899566650391
0.1685199290513992 0.1685199290513992 0.1685199290513992 0.1685199290513992 0.1685199290513992 0.1685199290513992
0.1912369430065155 0.1912369430065155 0.1912369430065155 0.1912369430065155 0.1912369430065155 0.1912369430065155
0.1884747594594955 0.1884747594594955 0.1884747594594955 0.1884747594594955 0.1884747594594955 0.1884747594594955
0.2059410959482193 0.2059410959482193 0.2059410959482193 0.2059410959482193 0.2059410959482193 0.2059410959482193
0.1793946921825409 0.1793946921825409 0.1793946921825409 0.1793946921825409 0.1793946921825409 0.1793946921825409
0.1826386451721191 0.1826386451721191 0.1826386451721191 0.1826386451721191 0.1826386451721191 0.1826386451721191
0.1795993149280548 0.1795993149280548 0.1795993149280548 0.1795993149280548 0.1795993149280548 0.1795993149280548
0.1835242658853531 0.1835242658853531 0.1835242658853531 0.1835242658853531 0.1835242658853531 0.1835242658853531
0.1823018193244934 0.1823018193244934 0.1823018193244934 0.1823018193244934 0.1823018193244934 0.1823018193244934
0.1750037521123886 0.1750037521123886 0.1750037521123886 0.1750037521123886 0.1750037521123886 0.1750037521123886
0.1968819946050644 0.1968819946050644 0.1968819946050644 0.1968819946050644 0.1968819946050644 0.1968819946050644
0.1967993229627609 0.1967993229627609 0.1967993229627609 0.1967993229627609 0.1967993229627609 0.1967993229627609
0.1948735415935516 0.1948735415935516 0.1948735415935516 0.1948735415935516 0.1948735415935516 0.1948735415935516
0.1955488920211792 0.1955488920211792 0.1955488920211792 0.1955488920211792 0.1955488920211792 0.1955488920211792
0.1916765272617340 0.1916765272617340 0.1916765272617340 0.1916765272617340 0.1916765272617340 0.1916765272617340
0.1809404492378235 0.1809404492378235 0.1809404492378235 0.1809404492378235 0.1809404492378235 0.1809404492378235
0.1866272240877151 0.1866272240877151 0.1866272240877151 0.1866272240877151 0.1866272240877151 0.1866272240877151
0.1970579177141190 0.1970579177141190 0.1970579177141190 0.1970579177141190 0.1970579177141190 0.1970579177141190
0.1944056749343872 0.1944056749343872 0.1944056749343872 0.1944056749343872 0.1944056749343872 0.1944056749343872
0.1836321055889130 0.1836321055889130 0.1836321055889130 0.1836321055889130 0.1836321055889130 0.1836321055889130
0.1771204918622971 0.1771204918622971 0.1771204918622971 0.1771204918622971 0.1771204918622971 0.1771204918622971
0.1806703507900238 0.1806703507900238 0.1806703507900238 0.1806703507900238 0.1806703507900238 0.1806703507900238
0.1917038261890411 0.1917038261890411 0.1917038261890411 0.1917038261890411 0.1917038261890411 0.1917038261890411
0.1789335012435913 0.1789335012435913 0.1789335012435913 0.1789335012435913 0.1789335012435913 0.1789335012435913
0.1803157627582550 0.1803157627582550 0.1803157627582550 0.1803157627582550 0.1803157627582550 0.1803157627582550
0.1828582435846329 0.1828582435846329 0.1828582435846329 0.1828582435846329 0.1828582435846329 0.1828582435846329
0.2022555768489838 0.2022555768489838 0.2022555768489838 0.2022555768489838 0.2022555768489838 0.2022555768489838
0.1890509426593781 0.1890509426593781 0.1890509426593781 0.1890509426593781 0.1890509426593781 0.1890509426593781
0.1973300427198410 0.1973300427198410 0.1973300427198410 0.1973300427198410 0.1973300427198410 0.1973300427198410
0.2009902298450470 0.2009902298450470 0.2009902298450470 0.2009902298450470 0.2009902298450470 0.2009902298450470
0.1916946768760681 0.1916946768760681 0.1916946768760681 0.1916946768760681 0.1916946768760681 0.1916946768760681
0.1959019303321838 0.1959019303321838 0.1959019303321838 0.1959019303321838 0.1959019303321838 0.1959019303321838
0.1970246285200119 0.1970246285200119 0.1970246285200119 0.1970246285200119 0.1970246285200119 0.1970246285200119
0.1822660118341446 0.1822660118341446 0.1822660118341446 0.1822660118341446 0.1822660118341446 0.1822660118341446
0.1900267899036407 0.1900267899036407 0.1900267899036407 0.1900267899036407 0.1900267899036407 0.1900267899036407
0.1761909276247025 0.1761909276247025 0.1761909276247025 0.1761909276247025 0.1761909276247025 0.1761909276247025
0.1721739023923874 0.1721739023923874 0.1721739023923874 0.1721739023923874 0.1721739023923874 0.1721739023923874
0.1882035285234451 0.1882035285234451 0.1882035285234451 0.1882035285234451 0.1882035285234451 0.1882035285234451
0.1846085190773010 0.1846085190773010 0.1846085190773010 0.1846085190773010 0.1846085190773010 0.1846085190773010
0.1868652850389481 0.1868652850389481 0.1868652850389481 0.1868652850389481 0.1868652850389481 0.1868652850389481
0.1848456412553787 0.1848456412553787 0.1848456412553787 0.1848456412553787 0.1848456412553787 0.1848456412553787
0.1806944310665131 0.1806944310665131 0.1806944310665131 0.1806944310665131 0.1806944310665131 0.1806944310665131
0.1951295733451843 0.1951295733451843 0.1951295733451843 0.1951295733451843 0.1951295733451843 0.1951295733451843
0.1978407204151154 0.1978407204151154 0.1978407204151154 0.1978407204151154 0.1978407204151154 0.1978407204151154
0.1865886300802231 0.1865886300802231 0.1865886300802231 0.1865886300802231 0.1865886300802231 0.1865886300802231
0.1928428262472153 0.1928428262472153 0.1928428262472153 0.1928428262472153 0.1928428262472153 0.1928428262472153
0.2015436440706253 0.2015436440706253 0.2015436440706253 0.2015436440706253 0.2015436440706253 0.2015436440706253
0.1964398622512817 0.1964398622512817 0.1964398622512817 0.1964398622512817 0.1964398622512817 0.1964398622512817
0.1910142451524734 0.1910142451524734 0.1910142451524734 0.1910142451524734 0.1910142451524734 0.1910142451524734
0.1778006851673126 0.1778006851673126 0.1778006851673126 0.1778006851673126 0.1778006851673126 0.1778006851673126
0.1928465068340302 0.1928465068340302 0.1928465068340302 0.1928465068340302 0.1928465068340302 0.1928465068340302
0.1780424416065216 0.1780424416065216 0.1780424416065216 0.1780424416065216 0.1780424416065216 0.1780424416065216
0.1920961737632751 0.1920961737632751 0.1920961737632751 0.1920961737632751 0.1920961737632751 0.1920961737632751
0.1952257603406906 0.1952257603406906 0.1952257603406906 0.1952257603406906 0.1952257603406906 0.1952257603406906
0.1985012292861938 0.1985012292861938 0.1985012292861938 0.1985012292861938 0.1985012292861938 0.1985012292861938
0.1839580088853836 0.1839580088853836 0.1839580088853836 0.1839580088853836 0.1839580088853836 0.1839580088853836
0.1735738217830658 0.1735738217830658 0.1735738217830658 0.1735738217830658 0.1735738217830658 0.1735738217830658
0.1813253760337830 0.1813253760337830 0.1813253760337830 0.1813253760337830 0.1813253760337830 0.1813253760337830
0.1955058276653290 0.1955058276653290 0.1955058276653290 0.1955058276653290 0.1955058276653290 0.1955058276653290
0.1902333050966263 0.1902333050966263 0.1902333050966263 0.1902333050966263 0.1902333050966263 0.1902333050966263
0.1950862407684326 0.1950862407684326 0.1950862407684326 0.1950862407684326 0.1950862407684326 0.1950862407684326
0.1894521713256836 0.1894521713256836 0.1894521713256836 0.1894521713256836 0.1894521713256836 0.1894521713256836
0.2003666013479233 0.2003666013479233 0.2003666013479233 0.2003666013479233 0.2003666013479233 0.2003666013479233
0.1982881426811218 0.1982881426811218 0.1982881426811218 0.1982881426811218 0.1982881426811218 0.1982881426811218
0.1841322481632233 0.1841322481632233 0.1841322481632233 0.1841322481632233 0.1841322481632233 0.1841322481632233
0.2013016790151596 0.2013016790151596 0.2013016790151596 0.2013016790151596 0.2013016790151596 0.2013016790151596
0.2031615972518921 0.2031615972518921 0.2031615972518921 0.2031615972518921 0.2031615972518921 0.2031615972518921
0.1975636780261993 0.1975636780261993 0.1975636780261993 0.1975636780261993 0.1975636780261993 0.1975636780261993
0.2017621994018555 0.2017621994018555 0.2017621994018555 0.2017621994018555 0.2017621994018555 0.2017621994018555
0.1835603713989258 0.1835603713989258 0.1835603713989258 0.1835603713989258 0.1835603713989258 0.1835603713989258
0.1935140490531921 0.1935140490531921 0.1935140490531921 0.1935140490531921 0.1935140490531921 0.1935140490531921
0.1666864603757858 0.1666864603757858 0.1666864603757858 0.1666864603757858 0.1666864603757858 0.1666864603757858
0.1748345196247101 0.1748345196247101 0.1748345196247101 0.1748345196247101 0.1748345196247101 0.1748345196247101
0.1831489354372025 0.1831489354372025 0.1831489354372025 0.1831489354372025 0.1831489354372025 0.1831489354372025
0.1965794414281845 0.1965794414281845 0.1965794414281845 0.1965794414281845 0.1965794414281845 0.1965794414281845
0.1905899345874786 0.1905899345874786 0.1905899345874786 0.1905899345874786 0.1905899345874786 0.1905899345874786
0.1991366297006607 0.1991366297006607 0.1991366297006607 0.1991366297006607 0.1991366297006607 0.1991366297006607
0.2001035511493683 0.2001035511493683 0.2001035511493683 0.2001035511493683 0.2001035511493683 0.2001035511493683
0.2041768431663513 0.2041768431663513 0.2041768431663513 0.2041768431663513 0.2041768431663513 0.2041768431663513
0.1836975961923599 0.1836975961923599 0.1836975961923599 0.1836975961923599 0.1836975961923599 0.1836975961923599
0.1879443079233170 0.1879443079233170 0.1879443079233170 0.1879443079233170 0.1879443079233170 0.1879443079233170
0.1983903795480728 0.1983903795480728 0.1983903795480728 0.1983903795480728 0.1983903795480728 0.1983903795480728
0.1802227199077606 0.1802227199077606 0.1802227199077606 0.1802227199077606 0.1802227199077606 0.1802227199077606
0.1963178962469101 0.1963178962469101 0.1963178962469101 0.1963178962469101 0.1963178962469101 0.1963178962469101
0.1907625794410706 0.1907625794410706 0.1907625794410706 0.1907625794410706 0.1907625794410706 0.1907625794410706
0.1875334829092026 0.1875334829092026 0.1875334829092026 0.1875334829092026 0.1875334829092026 0.1875334829092026
0.1812699586153030 0.1812699586153030 0.1812699586153030 0.1812699586153030 0.1812699586153030 0.1812699586153030
0.1826465427875519 0.1826465427875519 0.1826465427875519 0.1826465427875519 0.1826465427875519 0.1826465427875519
0.1762301474809647 0.1762301474809647 0.1762301474809647 0.1762301474809647 0.1762301474809647 0.1762301474809647
0.1861700713634491 0.1861700713634491 0.1861700713634491 0.1861700713634491 0.1861700713634491 0.1861700713634491
0.1986855864524841 0.1986855864524841 0.1986855864524841 0.1986855864524841 0.1986855864524841 0.1986855864524841
0.2012053579092026 0.2012053579092026 0.2012053579092026 0.2012053579092026 0.2012053579092026 0.2012053579092026
0.1848887801170349 0.1848887801170349 0.1848887801170349 0.1848887801170349 0.1848887801170349 0.1848887801170349
0.2013071328401566 0.2013071328401566 0.2013071328401566 0.2013071328401566 0.2013071328401566 0.2013071328401566
0.1942536383867264 0.1942536383867264 0.1942536383867264 0.1942536383867264 0.1942536383867264 0.1942536383867264
0.1907170712947845 0.1907170712947845 0.1907170712947845 0.1907170712947845 0.1907170712947845 0.1907170712947845
0.1641655415296555 0.1641655415296555 0.1641655415296555 0.1641655415296555 0.1641655415296555 0.1641655415296555
0.1731157898902893 0.1731157898902893 0.1731157898902893 0.1731157898902893 0.1731157898902893 0.1731157898902893
0.1754241287708282 0.1754241287708282 0.1754241287708282 0.1754241287708282 0.1754241287708282 0.1754241287708282
0.1984333544969559 0.1984333544969559 0.1984333544969559 0.1984333544969559 0.1984333544969559 0.1984333544969559
0.2029013335704803 0.2029013335704803 0.2029013335704803 0.2029013335704803 0.2029013335704803 0.2029013335704803
0.1927259862422943 0.1927259862422943 0.1927259862422943 0.1927259862422943 0.1927259862422943 0.1927259862422943
0.1954776793718338 0.1954776793718338 0.1954776793718338 0.1954776793718338 0.1954776793718338 0.1954776793718338
0.1776202023029327 0.1776202023029327 0.1776202023029327 0.1776202023029327 0.1776202023029327 0.1776202023029327
0.1730170547962189 0.1730170547962189 0.1730170547962189 0.1730170547962189 0.1730170547962189 0.1730170547962189
0.1820086836814880 0.1820086836814880 0.1820086836814880 0.1820086836814880 0.1820086836814880 0.1820086836814880
0.1786319911479950 0.1786319911479950 0.1786319911479950 0.1786319911479950 0.1786319911479950 0.1786319911479950
0.1713867038488388 0.1713867038488388 0.1713867038488388 0.1713867038488388 0.1713867038488388 0.1713867038488388
0.1759773343801498 0.1759773343801498 0.1759773343801498 0.1759773343801498 0.1759773343801498 0.1759773343801498
0.1787728816270828 0.1787728816270828 0.1787728816270828 0.1787728816270828 0.1787728816270828 0.1787728816270828
0.1937927007675171 0.1937927007675171 0.1937927007675171 0.1937927007675171 0.1937927007675171 0.1937927007675171
0.1665842086076736 0.1665842086076736 0.1665842086076736 0.1665842086076736 0.1665842086076736 0.1665842086076736
0.1824855059385300 0.1824855059385300 0.1824855059385300 0.1824855059385300 0.1824855059385300 0.1824855059385300
0.1662555187940598 0.1662555187940598 0.1662555187940598 0.1662555187940598 0.1662555187940598 0.1662555187940598
1.0537613630294800 1.0537613630294800 1.0537613630294800 1.0537613630294800 0
1.0592916011810303 1.0592916011810303 1.0592916011810303 1.0592916011810303 0
1.0629037618637085 1.0629037618637085 1.0629037618637085 1.0629037618637085 0
1.0724192857742310 1.0724192857742310 1.0724192857742310 1.0724192857742310 0
1.0677938461303711 1.0677938461303711 1.0677938461303711 1.0677938461303711 0
1.0661429166793823 1.0661429166793823 1.0661429166793823 1.0661429166793823 0
1.0620139837265015 1.0620139837265015 1.0620139837265015 1.0620139837265015 0
1.0634766817092896 1.0634766817092896 1.0634766817092896 1.0634766817092896 0
1.0705314874649048 1.0705314874649048 1.0705314874649048 1.0705314874649048 0
1.0789670944213867 1.0789670944213867 1.0789670944213867 1.0789670944213867 0
1.0646026134490967 1.0646026134490967 1.0646026134490967 1.0646026134490967 0
1.0723096132278442 1.0723096132278442 1.0723096132278442 1.0723096132278442 0
1.0705653429031372 1.0705653429031372 1.0705653429031372 1.0705653429031372 0
1.0752940177917480 1.0752940177917480 1.0752940177917480 1.0752940177917480 0
1.0498719215393066 1.0498719215393066 1.0498719215393066 1.0498719215393066 0
1.0640859603881836 1.0640859603881836 1.0640859603881836 1.0640859603881836 0
1.0634503364562988 1.0634503364562988 1.0634503364562988 1.0634503364562988 0
1.0538028478622437 1.0538028478622437 1.0538028478622437 1.0538028478622437 0
1.0696076154708862 1.0696076154708862 1.0696076154708862 1.0696076154708862 0
1.0625499486923218 1.0625499486923218 1.0625499486923218 1.0625499486923218 0
1.0539726018905640 1.0539726018905640 1.0539726018905640 1.0539726018905640 0
1.0616804361343384 1.0616804361343384 1.0616804361343384 1.0616804361343384 0
1.0612918138504028 1.0612918138504028 1.0612918138504028 1.0612918138504028 0
1.0568050146102905 1.0568050146102905 1.0568050146102905 1.0568050146102905 0
1.0609200000762939 1.0609200000762939 1.0609200000762939 1.0609200000762939 0
1.0719505548477173 1.0719505548477173 1.0719505548477173 1.0719505548477173 0
1.0629315376281738 1.0629315376281738 1.0629315376281738 1.0629315376281738 0
1.0433591604232788 1.0433591604232788 1.0433591604232788 1.0433591604232788 0
1.0519605875015259 1.0519605875015259 1.0519605875015259 1.0519605875015259 0
1.0656169652938843 1.0656169652938843 1.0656169652938843 1.0656169652938843 0
1.0598597526550293 1.0598597526550293 1.0598597526550293 1.0598597526550293 0
1.0459803342819214 1.0459803342819214 1.0459803342819214 1.0459803342819214 0
1.0577976703643799 1.0577976703643799 1.0577976703643799 1.0577976703643799 0
1.0544071197509766 1.0544071197509766 1.0544071197509766 1.0544071197509766 0
1.0612090826034546 1.0612090826034546 1.0612090826034546 1.0612090826034546 0
1.0541211366653442 1.0541211366653442 1.0541211366653442 1.0541211366653442 0
1.0610957145690918 1.0610957145690918 1.0610957145690918 1.0610957145690918 0
1.0502116680145264 1.0502116680145264 1.0502116680145264 1.0502116680145264 0
1.0852257013320923 1.0852257013320923 1.0852257013320923 1.0852257013320923 0
1.0406255722045898 1.0406255722045898 1.0406255722045898 1.0406255722045898 0
1.0421928167343140 1.0421928167343140 1.0421928167343140 1.0421928167343140 0
1.0613404512405396 1.0613404512405396 1.0613404512405396 1.0613404512405396 0
1.0642871856689453 1.0642871856689453 1.0642871856689453 1.0642871856689453 0
1.0585435628890991 1.0585435628890991 1.0585435628890991 1.0585435628890991 0
1.0527992248535156 1.0527992248535156 1.0527992248535156 1.0527992248535156 0
1.0593836307525635 1.0593836307525635 1.0593836307525635 1.0593836307525635 0
1.0553250312805176 1.0553250312805176 1.0553250312805176 1.0553250312805176 0
1.0558516979217529 1.0558516979217529 1.0558516979217529 1.0558516979217529 0
1.0569295883178711 1.0569295883178711 1.0569295883178711 1.0569295883178711 0
1.0384292602539062 1.0384292602539062 1.0384292602539062 1.0384292602539062 0
1.0637478828430176 1.0637478828430176 1.0637478828430176 1.0637478828430176 0
1.0623482465744019 1.0623482465744019 1.0623482465744019 1.0623482465744019 0
1.0485310554504395 1.0485310554504395 1.0485310554504395 1.0485310554504395 0
1.0537738800048828 1.0537738800048828 1.0537738800048828 1.0537738800048828 0
1.0488582849502563 1.0488582849502563 1.0488582849502563 1.0488582849502563 0
1.0428280830383301 1.0428280830383301 1.0428280830383301 1.0428280830383301 0
1.0420762300491333 1.0420762300491333 1.0420762300491333 1.0420762300491333 0
1.0484441518783569 1.0484441518783569 1.0484441518783569 1.0484441518783569 0
1.0520787239074707 1.0520787239074707 1.0520787239074707 1.0520787239074707 0
1.0479522943496704 1.0479522943496704 1.0479522943496704 1.0479522943496704 0
1.0514936447143555 1.0514936447143555 1.0514936447143555 1.0514936447143555 0
1.0394191741943359 1.0394191741943359 1.0394191741943359 1.0394191741943359 0
1.0448013544082642 1.0448013544082642 1.0448013544082642 1.0448013544082642 0
1.0393455028533936 1.0393455028533936 1.0393455028533936 1.0393455028533936 0
0.1982739716768265 0.1982739716768265 0.1982739716768265 0.1982739716768265 0.1982739716768265 0.1982739716768265
0.1981860697269440 0.1981860697269440 0.1981860697269440 0.1981860697269440 0.1981860697269440 0.1981860697269440
0.2138434201478958 0.2138434201478958 0.2138434201478958 0.2138434201478958 0.2138434201478958 0.2138434201478958
0.1815764158964157 0.1815764158964157 0.1815764158964157 0.1815764158964157 0.1815764158964157 0.1815764158964157
0.2000381648540497 0.2000381648540497 0.2000381648540497 0.2000381648540497 0.2000381648540497 0.2000381648540497
0.2068015336990356 0.2068015336990356 0.2068015336990356 0.2068015336990356 0.2068015336990356 0.2068015336990356
0.1896856874227524 0.1896856874227524 0.1896856874227524 0.1896856874227524 0.1896856874227524 0.1896856874227524
0.1968177706003189 0.1968177706003189 0.1968177706003189 0.1968177706003189 0.1968177706003189 0.1968177706003189
0.1961456984281540 0.1961456984281540 0.1961456984281540 0.1961456984281540 0.1961456984281540 0.1961456984281540
0.1881449371576309 0.1881449371576309 0.1881449371576309 0.1881449371576309 0.1881449371576309 0.1881449371576309
0.1935888230800629 0.1935888230800629 0.1935888230800629 0.1935888230800629 0.1935888230800629 0.1935888230800629
0.1940985172986984 0.1940985172986984 0.1940985172986984 0.1940985172986984 0.1940985172986984 0.1940985172986984
0.1974836587905884 0.1974836587905884 0.1974836587905884 0.1974836587905884 0.1974836587905884 0.1974836587905884
0.1774598062038422 0.1774598062038422 0.1774598062038422 0.1774598062038422 0.1774598062038422 0.1774598062038422
0.1861783564090729 0.1861783564090729 0.1861783564090729 0.1861783564090729 0.1861783564090729 0.1861783564090729
0.1799266338348389 0.1799266338348389 0.1799266338348389 0.1799266338348389 0.1799266338348389 0.1799266338348389
0.1908127218484879 0.1908127218484879 0.1908127218484879 0.1908127218484879 0.1908127218484879 0.1908127218484879
0.1977321058511734 0.1977321058511734 0.1977321058511734 0.1977321058511734 0.1977321058511734 0.1977321058511734
0.1812478601932526 0.1812478601932526 0.1812478601932526 0.1812478601932526 0.1812478601932526 0.1812478601932526
0.1907161027193069 0.1907161027193069 0.1907161027193069 0.1907161027193069 0.1907161027193069 0.1907161027193069
0.1918310821056366 0.1918310821056366 0.1918310821056366 0.1918310821056366 0.1918310821056366 0.1918310821056366
0.1733095943927765 0.1733095943927765 0.1733095943927765 0.1733095943927765 0.1733095943927765 0.1733095943927765
0.1929241567850113 0.1929241567850113 0.1929241567850113 0.1929241567850113 0.1929241567850113 0.1929241567850113
0.1743828952312469 0.1743828952312469 0.1743828952312469 0.1743828952312469 0.1743828952312469 0.1743828952312469
0.2061342000961304 0.2061342000961304 0.2061342000961304 0.2061342000961304 0.2061342000961304 0.2061342000961304
0.1987003535032272 0.1987003535032272 0.1987003535032272 0.1987003535032272 0.1987003535032272 0.1987003535032272
0.1969314217567444 0.1969314217567444 0.1969314217567444 0.1969314217567444 0.1969314217567444 0.1969314217567444
0.2091231644153595 0.2091231644153595 0.2091231644153595 0.2091231644153595 0.2091231644153595 0.2091231644153595
0.2005257457494736 0.2005257457494736 0.2005257457494736 0.2005257457494736 0.2005257457494736 0.2005257457494736
0.1977962255477905 0.1977962255477905 0.1977962255477905 0.1977962255477905 0.1977962255477905 0.1977962255477905
0.1943942457437515 0.1943942457437515 0.1943942457437515 0.1943942457437515 0.1943942457437515 0.1943942457437515
0.1963058561086655 0.1963058561086655 0.1963058561086655 0.1963058561086655 0.1963058561086655 0.1963058561086655
0.1865445822477341 0.1865445822477341 0.1865445822477341 0.1865445822477341 0.1865445822477341 0.1865445822477341
0.2010533213615417 0.2010533213615417 0.2010533213615417 0.2010533213615417 0.2010533213615417 0.2010533213615417
0.1865666955709457 0.1865666955709457 0.1865666955709457 0.1865666955709457 0.1865666955709457 0.1865666955709457
0.1987823396921158 0.1987823396921158 0.1987823396921158 0.1987823396921158 0.1987823396921158 0.1987823396921158
0.1919745951890945 0.1919745951890945 0.1919745951890945 0.1919745951890945 0.1919745951890945 0.1919745951890945
0.1855633109807968 0.1855633109807968 0.1855633109807968 0.1855633109807968 0.1855633109807968 0.1855633109807968
0.1930913627147675 0.1930913627147675 0.1930913627147675 0.1930913627147675 0.1930913627147675 0.1930913627147675
0.1840531080961227 0.1840531080961227 0.1840531080961227 0.1840531080961227 0.1840531080961227 0.1840531080961227
0.1935286074876785 0.1935286074876785 0.1935286074876785 0.1935286074876785 0.1935286074876785 0.1935286074876785
0.1942941993474960 0.1942941993474960 0.1942941993474960 0.1942941993474960 0.1942941993474960 0.1942941993474960
0.1928837895393372 0.1928837895393372 0.1928837895393372 0.1928837895393372 0.1928837895393372 0.1928837895393372
0.1936723142862320 0.1936723142862320 0.1936723142862320 0.1936723142862320 0.1936723142862320 0.1936723142862320
0.1916206181049347 0.1916206181049347 0.1916206181049347 0.1916206181049347 0.1916206181049347 0.1916206181049347
0.1765270382165909 0.1765270382165909 0.1765270382165909 0.1765270382165909 0.1765270382165909 0.1765270382165909
0.1858558207750320 0.1858558207750320 0.1858558207750320 0.1858558207750320 0.1858558207750320 0.1858558207750320
0.1750852465629578 0.1750852465629578 0.1750852465629578 0.1750852465629578 0.1750852465629578 0.1750852465629578
0.1797505170106888 0.1797505170106888 0.1797505170106888 0.1797505170106888 0.1797505170106888 0.1797505170106888
0.1805577427148819 0.1805577427148819 0.1805577427148819 0.1805577427148819 0.1805577427148819 0.1805577427148819
0.1925351470708847 0.1925351470708847 0.1925351470708847 0.1925351470708847 0.1925351470708847 0.1925351470708847
0.1957174688577652 0.1957174688577652 0.1957174688577652 0.1957174688577652 0.1957174688577652 0.1957174688577652
0.1824140101671219 0.1824140101671219 0.1824140101671219 0.1824140101671219 0.1824140101671219 0.1824140101671219
0.1977650523185730 0.1977650523185730 0.1977650523185730 0.1977650523185730 0.1977650523185730 0.1977650523185730
0.2105583697557449 0.2105583697557449 0.2105583697557449 0.2105583697557449 0.2105583697557449 0.2105583697557449
0.1955141425132751 0.1955141425132751 0.1955141425132751 0.1955141425132751 0.1955141425132751 0.1955141425132751
0.1947567313909531 0.1947567313909531 0.1947567313909531 0.1947567313909531 0.1947567313909531 0.1947567313909531
0.1886058449745178 0.1886058449745178 0.1886058449745178 0.1886058449745178 0.1886058449745178 0.1886058449745178
0.1916219741106033 0.1916219741106033 0.1916219741106033 0.1916219741106033 0.1916219741106033 0.1916219741106033
0.1822932213544846 0.1822932213544846 0.1822932213544846 0.1822932213544846 0.1822932213544846 0.1822932213544846
0.1777062863111496 0.1777062863111496 0.1777062863111496 0.1777062863111496 0.1777062863111496 0.1777062863111496
0.1764129549264908 0.1764129549264908 0.1764129549264908 0.1764129549264908 0.1764129549264908 0.1764129549264908
0.1874576508998871 0.1874576508998871 0.1874576508998871 0.1874576508998871 0.1874576508998871 0.1874576508998871
0.1816233396530151 0.1816233396530151 0.1816233396530151 0.1816233396530151 0.1816233396530151 0.1816233396530151
0.1772239059209824 0.1772239059209824 0.1772239059209824 0.1772239059209824 0.1772239059209824 0.1772239059209824
0.1774234920740128 0.1774234920740128 0.1774234920740128 0.1774234920740128 0.1774234920740128 0.1774234920740128
0.1828922331333160 0.1828922331333160 0.1828922331333160 0.1828922331333160 0.1828922331333160 0.1828922331333160
0.2020379304885864 0.2020379304885864 0.2020379304885864 0.2020379304885864 0.2020379304885864 0.2020379304885864
0.1825612932443619 0.1825612932443619 0.1825612932443619 0.1825612932443619 0.1825612932443619 0.1825612932443619
0.2025003880262375 0.2025003880262375 0.2025003880262375 0.2025003880262375 0.2025003880262375 0.2025003880262375
0.2007174938917160 0.2007174938917160 0.2007174938917160 0.2007174938917160 0.2007174938917160 0.2007174938917160
0.1777784526348114 0.1777784526348114 0.1777784526348114 0.1777784526348114 0.1777784526348114 0.1777784526348114
0.1863744556903839 0.1863744556903839 0.1863744556903839 0.1863744556903839 0.1863744556903839 0.1863744556903839
0.1949300765991211 0.1949300765991211 0.1949300765991211 0.1949300765991211 0.1949300765991211 0.1949300765991211
0.1834248900413513 0.1834248900413513 0.1834248900413513 0.1834248900413513 0.1834248900413513 0.1834248900413513
0.1820429861545563 0.1820429861545563 0.1820429861545563 0.1820429861545563 0.1820429861545563 0.1820429861545563
0.1887057572603226 0.1887057572603226 0.1887057572603226 0.1887057572603226 0.1887057572603226 0.1887057572603226
0.1847604960203171 0.1847604960203171 0.1847604960203171 0.1847604960203171 0.1847604960203171 0.1847604960203171
0.1826679259538651 0.1826679259538651 0.1826679259538651 0.1826679259538651 0.1826679259538651 0.1826679259538651
0.1944994181394577 0.1944994181394577 0.1944994181394577 0.1944994181394577 0.1944994181394577 0.1944994181394577
0.1931377798318863 0.1931377798318863 0.1931377798318863 0.1931377798318863 0.1931377798318863 0.1931377798318863
0.1902434825897217 0.1902434825897217 0.1902434825897217 0.1902434825897217 0.1902434825897217 0.1902434825897217
0.1857290863990784 0.1857290863990784 0.1857290863990784 0.1857290863990784 0.1857290863990784 0.1857290863990784
0.2098201662302017 0.2098201662302017 0.2098201662302017 0.2098201662302017 0.2098201662302017 0.2098201662302017
0.1827115714550018 0.1827115714550018 0.1827115714550018 0.1827115714550018 0.1827115714550018 0.1827115714550018
0.1861801594495773 0.1861801594495773 0.1861801594495773 0.1861801594495773 0.1861801594495773 0.1861801594495773
0.1976714432239532 0.1976714432239532 0.1976714432239532 0.1976714432239532 0.1976714432239532 0.1976714432239532
0.1776605844497681 0.1776605844497681 0.1776605844497681 0.1776605844497681 0.1776605844497681 0.1776605844497681
0.1857298910617828 0.1857298910617828 0.1857298910617828 0.1857298910617828 0.1857298910617828 0.1857298910617828
0.1808537989854813 0.1808537989854813 0.1808537989854813 0.1808537989854813 0.1808537989854813 0.1808537989854813
0.1889313161373138 0.1889313161373138 0.1889313161373138 0.1889313161373138 0.1889313161373138 0.1889313161373138
0.1949763596057892 0.1949763596057892 0.1949763596057892 0.1949763596057892 0.1949763596057892 0.1949763596057892
0.1912297904491425 0.1912297904491425 0.1912297904491425 0.1912297904491425 0.1912297904491425 0.1912297904491425
0.1967207491397858 0.1967207491397858 0.1967207491397858 0.1967207491397858 0.1967207491397858 0.1967207491397858
0.1951092928647995 0.1951092928647995 0.1951092928647995 0.1951092928647995 0.1951092928647995 0.1951092928647995
0.1932988464832306 0.1932988464832306 0.1932988464832306 0.1932988464832306 0.1932988464832306 0.1932988464832306
0.1895655542612076 0.1895655542612076 0.1895655542612076 0.1895655542612076 0.1895655542612076 0.1895655542612076
0.1937105208635330 0.1937105208635330 0.1937105208635330 0.1937105208635330 0.1937105208635330 0.1937105208635330
0.1884149312973022 0.1884149312973022 0.1884149312973022 0.1884149312973022 0.1884149312973022 0.1884149312973022
0.1841903179883957 0.1841903179883957 0.1841903179883957 0.1841903179883957 0.1841903179883957 0.1841903179883957
0.1910326480865479 0.1910326480865479 0.1910326480865479 0.1910326480865479 0.1910326480865479 0.1910326480865479
0.1920800358057022 0.1920800358057022 0.1920800358057022 0.1920800358057022 0.1920800358057022 0.1920800358057022
0.1893319934606552 0.1893319934606552 0.1893319934606552 0.1893319934606552 0.1893319934606552 0.1893319934606552
0.1658998727798462 0.1658998727798462 0.1658998727798462 0.1658998727798462 0.1658998727798462 0.1658998727798462
0.1865341216325760 0.1865341216325760 0.1865341216325760 0.1865341216325760 0.1865341216325760 0.1865341216325760
0.1727278083562851 0.1727278083562851 0.1727278083562851 0.1727278083562851 0.1727278083562851 0.1727278083562851
0.1700849533081055 0.1700849533081055 0.1700849533081055 0.1700849533081055 0.1700849533081055 0.1700849533081055
0.1698794811964035 0.1698794811964035 0.1698794811964035 0.1698794811964035 0.1698794811964035 0.1698794811964035
0.1688352674245834 0.1688352674245834 0.1688352674245834 0.1688352674245834 0.1688352674245834 0.1688352674245834
0.1910154074430466 0.1910154074430466 0.1910154074430466 0.1910154074430466 0.1910154074430466 0.1910154074430466
0.1717200279235840 0.1717200279235840 0.1717200279235840 0.1717200279235840 0.1717200279235840 0.1717200279235840
0.1801824420690536 0.1801824420690536 0.1801824420690536 0.1801824420690536 0.1801824420690536 0.1801824420690536
0.1831929385662079 0.1831929385662079 0.1831929385662079 0.1831929385662079 0.1831929385662079 0.1831929385662079
0.1811976134777069 0.1811976134777069 0.1811976134777069 0.1811976134777069 0.1811976134777069 0.1811976134777069
0.1831345409154892 0.1831345409154892 0.1831345409154892 0.1831345409154892 0.1831345409154892 0.1831345409154892
0.1846164613962173 0.1846164613962173 0.1846164613962173 0.1846164613962173 0.1846164613962173 0.1846164613962173
0.1815948486328125 0.1815948486328125 0.1815948486328125 0.1815948486328125 0.1815948486328125 0.1815948486328125
0.1697429716587067 0.1697429716587067 0.1697429716587067 0.1697429716587067 0.1697429716587067 0.1697429716587067
0.1795524060726166 0.1795524060726166 0.1795524060726166 0.1795524060726166 0.1795524060726166 0.1795524060726166
0.1689549535512924 0.1689549535512924 0.1689549535512924 0.1689549535512924 0.1689549535512924 0.1689549535512924
0.1760145276784897 0.1760145276784897 0.1760145276784897 0.1760145276784897 0.1760145276784897 0.1760145276784897
0.1647549718618393 0.1647549718618393 0.1647549718618393 0.1647549718618393 0.1647549718618393 0.1647549718618393
0.1770673394203186 0.1770673394203186 0.1770673394203186 0.1770673394203186 0.1770673394203186 0.1770673394203186
0.1687623113393784 0.1687623113393784 0.1687623113393784 0.1687623113393784 0.1687623113393784 0.1687623113393784
0.1780023276805878 0.1780023276805878 0.1780023276805878 0.1780023276805878 0.1780023276805878 0.1780023276805878
0.1664752513170242 0.1664752513170242 0.1664752513170242 0.1664752513170242 0.1664752513170242 0.1664752513170242
0.1765840649604797 0.1765840649604797 0.1765840649604797 0.1765840649604797 0.1765840649604797 0.1765840649604797
0.1642389297485352 0.1642389297485352 0.1642389297485352 0.1642389297485352 0.1642389297485352 0.1642389297485352
1.0571302175521851 1.0571302175521851 1.0571302175521851 1.0571302175521851 0
1.0694475173950195 1.0694475173950195 1.0694475173950195 1.0694475173950195 0
1.0758678913116455 1.0758678913116455 1.0758678913116455 1.0758678913116455 0
1.0556143522262573 1.0556143522262573 1.0556143522262573 1.0556143522262573 0
1.0567647218704224 1.0567647218704224 1.0567647218704224 1.0567647218704224 0
1.0497708320617676 1.0497708320617676 1.0497708320617676 1.0497708320617676 0
1.0532228946685791 1.0532228946685791 1.0532228946685791 1.0532228946685791 0
1.0408833026885986 1.0408833026885986 1.0408833026885986 1.0408833026885986 0
1.0741147994995117 1.0741147994995117 1.0741147994995117 1.0741147994995117 0
1.0788667201995850 1.0788667201995850 1.0788667201995850 1.0788667201995850 0
1.0558525323867798 1.0558525323867798 1.0558525323867798 1.0558525323867798 0
1.0451500415802002 1.0451500415802002 1.0451500415802002 1.0451500415802002 0
1.0515093803405762 1.0515093803405762 1.0515093803405762 1.0515093803405762 0
1.0729366540908813 1.0729366540908813 1.0729366540908813 1.0729366540908813 0
1.0644327402114868 1.0644327402114868 1.0644327402114868 1.0644327402114868 0
1.0332146883010864 1.0332146883010864 1.0332146883010864 1.0332146883010864 0
1.0766795873641968 1.0766795873641968 1.0766795873641968 1.0766795873641968 0
1.0778908729553223 1.0778908729553223 1.0778908729553223 1.0778908729553223 0
1.0619151592254639 1.0619151592254639 1.0619151592254639 1.0619151592254639 0
1.0571626424789429 1.0571626424789429 1.0571626424789429 1.0571626424789429 0
1.0519435405731201 1.0519435405731201 1.0519435405731201 1.0519435405731201 0
1.0581556558609009 1.0581556558609009 1.0581556558609009 1.0581556558609009 0
1.0600919723510742 1.0600919723510742 1.0600919723510742 1.0600919723510742 0
1.0567584037780762 1.0567584037780762 1.0567584037780762 1.0567584037780762 0
1.0707221031188965 1.0707221031188965 1.0707221031188965 1.0707221031188965 0
1.0889708995819092 1.0889708995819092 1.0889708995819092 1.0889708995819092 0
1.0467822551727295 1.0467822551727295 1.0467822551727295 1.0467822551727295 0
1.0436949729919434 1.0436949729919434 1.0436949729919434 1.0436949729919434 0
1.0656594038009644 1.0656594038009644 1.0656594038009644 1.0656594038009644 0
1.0539406538009644 1.0539406538009644 1.0539406538009644 1.0539406538009644 0
1.0612090826034546 1.0612090826034546 1.0612090826034546 1.0612090826034546 0
1.0411473512649536 1.0411473512649536 1.0411473512649536 1.0411473512649536 0
1.0670000314712524 1.0670000314712524 1.0670000314712524 1.0670000314712524 0
1.0649399757385254 1.0649399757385254 1.0649399757385254 1.0649399757385254 0
1.0592691898345947 1.0592691898345947 1.0592691898345947 1.0592691898345947 0
1.0634257793426514 1.0634257793426514 1.0634257793426514 1.0634257793426514 0
1.0642732381820679 1.0642732381820679 1.0642732381820679 1.0642732381820679 0
1.0576866865158081 1.0576866865158081 1.0576866865158081 1.0576866865158081 0
1.0551373958587646 1.0551373958587646 1.0551373958587646 1.0551373958587646 0
1.0447678565979004 1.0447678565979004 1.0447678565979004 1.0447678565979004 0
1.0809121131896973 1.0809121131896973 1.0809121131896973 1.0809121131896973 0
1.0867888927459717 1.0867888927459717 1.0867888927459717 1.0867888927459717 0
1.0578495264053345 1.0578495264053345 1.0578495264053345 1.0578495264053345 0
1.0556608438491821 1.0556608438491821 1.0556608438491821 1.0556608438491821 0
1.0616044998168945 1.0616044998168945 1.0616044998168945 1.0616044998168945 0
1.0567766427993774 1.0567766427993774 1.0567766427993774 1.0567766427993774 0
1.0555145740509033 1.0555145740509033 1.0555145740509033 1.0555145740509033 0
1.0520812273025513 1.0520812273025513 1.0520812273025513 1.0520812273025513 0
1.0750019550323486 1.0750019550323486 1.0750019550323486 1.0750019550323486 0
1.0831025838851929 1.0831025838851929 1.0831025838851929 1.0831025838851929 0
1.0600465536117554 1.0600465536117554 1.0600465536117554 1.0600465536117554 0
1.0471217632293701 1.0471217632293701 1.0471217632293701 1.0471217632293701 0
1.0582903623580933 1.0582903623580933 1.0582903623580933 1.0582903623580933 0
1.0633487701416016 1.0633487701416016 1.0633487701416016 1.0633487701416016 0
1.0665371417999268 1.0665371417999268 1.0665371417999268 1.0665371417999268 0
1.0360372066497803 1.0360372066497803 1.0360372066497803 1.0360372066497803 0
1.0737169981002808 1.0737169981002808 1.0737169981002808 1.0737169981002808 0
1.0517697334289551 1.0517697334289551 1.0517697334289551 1.0517697334289551 0
1.0407241582870483 1.0407241582870483 1.0407241582870483 1.0407241582870483 0
1.0310760736465454 1.0310760736465454 1.0310760736465454 1.0310760736465454 0
1.0529499053955078 1.0529499053955078 1.0529499053955078 1.0529499053955078 0
1.0576462745666504 1.0576462745666504 1.0576462745666504 1.0576462745666504 0
1.0603623390197754 1.0603623390197754 1.0603623390197754 1.0603623390197754 0
1.0507820844650269 1.0507820844650269 1.0507820844650269 1.0507820844650269 0
0.1896353363990784 0.1896353363990784 0.1896353363990784 0.1896353363990784 0.1896353363990784 0.1896353363990784
0.1811530739068985 0.1811530739068985 0.1811530739068985 0.1811530739068985 0.1811530739068985 0.1811530739068985
0.1966781318187714 0.1966781318187714 0.1966781318187714 0.1966781318187714 0.1966781318187714 0.1966781318187714
0.1773160696029663 0.1773160696029663 0.1773160696029663 0.1773160696029663 0.1773160696029663 0.1773160696029663
0.1961721479892731 0.1961721479892731 0.1961721479892731 0.1961721479892731 0.1961721479892731 0.1961721479892731
0.2050321847200394 0.2050321847200394 0.2050321847200394 0.2050321847200394 0.2050321847200394 0.2050321847200394
0.1878513842821121 0.1878513842821121 0.1878513842821121 0.1878513842821121 0.1878513842821121 0.1878513842821121
0.1861272752285004 0.1861272752285004 0.1861272752285004 0.1861272752285004 0.1861272752285004 0.1861272752285004
0.1810744255781174 0.1810744255781174 0.1810744255781174 0.1810744255781174 0.1810744255781174 0.1810744255781174
0.1653300076723099 0.1653300076723099 0.1653300076723099 0.1653300076723099 0.1653300076723099 0.1653300076723099
0.2010150998830795 0.2010150998830795 0.2010150998830795 0.2010150998830795 0.2010150998830795 0.2010150998830795
0.1800605654716492 0.1800605654716492 0.1800605654716492 0.1800605654716492 0.1800605654716492 0.1800605654716492
0.1704088449478149 0.1704088449478149 0.1704088449478149 0.1704088449478149 0.1704088449478149 0.1704088449478149
0.1905165165662766 0.1905165165662766 0.1905165165662766 0.1905165165662766 0.1905165165662766 0.1905165165662766
0.1710077524185181 0.1710077524185181 0.1710077524185181 0.1710077524185181 0.1710077524185181 0.1710077524185181
0.1803039759397507 0.1803039759397507 0.1803039759397507 0.1803039759397507 0.1803039759397507 0.1803039759397507
0.1915159374475479 0.1915159374475479 0.1915159374475479 0.1915159374475479 0.1915159374475479 0.1915159374475479
0.1822847574949265 0.1822847574949265 0.1822847574949265 0.1822847574949265 0.1822847574949265 0.1822847574949265
0.1765500307083130 0.1765500307083130 0.1765500307083130 0.1765500307083130 0.1765500307083130 0.1765500307083130
0.1748121827840805 0.1748121827840805 0.1748121827840805 0.1748121827840805 0.1748121827840805 0.1748121827840805
0.1836630553007126 0.1836630553007126 0.1836630553007126 0.1836630553007126 0.1836630553007126 0.1836630553007126
0.1748646795749664 0.1748646795749664 0.1748646795749664 0.1748646795749664 0.1748646795749664 0.1748646795749664
0.1613158732652664 0.1613158732652664 0.1613158732652664 0.1613158732652664 0.1613158732652664 0.1613158732652664
0.1647606790065765 0.1647606790065765 0.1647606790065765 0.1647606790065765 0.1647606790065765 0.1647606790065765
0.1975894123315811 0.1975894123315811 0.1975894123315811 0.1975894123315811 0.1975894123315811 0.1975894123315811
0.1863112747669220 0.1863112747669220 0.1863112747669220 0.1863112747669220 0.1863112747669220 0.1863112747669220
0.1909428536891937 0.1909428536891937 0.1909428536891937 0.1909428536891937 0.1909428536891937 0.1909428536891937
0.1988296955823898 0.1988296955823898 0.1988296955823898 0.1988296955823898 0.1988296955823898 0.1988296955823898
0.1989950686693192 0.1989950686693192 0.1989950686693192 0.1989950686693192 0.1989950686693192 0.1989950686693192
0.1663629263639450 0.1663629263639450 0.1663629263639450 0.1663629263639450 0.1663629263639450 0.1663629263639450
0.1768135279417038 0.1768135279417038 0.1768135279417038 0.1768135279417038 0.1768135279417038 0.1768135279417038
0.1854783147573471 0.1854783147573471 0.1854783147573471 0.1854783147573471 0.1854783147573471 0.1854783147573471
0.1711527109146118 0.1711527109146118 0.1711527109146118 0.1711527109146118 0.1711527109146118 0.1711527109146118
0.1875624060630798 0.1875624060630798 0.1875624060630798 0.1875624060630798 0.1875624060630798 0.1875624060630798
0.1698088943958282 0.1698088943958282 0.1698088943958282 0.1698088943958282 0.1698088943958282 0.1698088943958282
0.1936011016368866 0.1936011016368866 0.1936011016368866 0.1936011016368866 0.1936011016368866 0.1936011016368866
0.1805897057056427 0.1805897057056427 0.1805897057056427 0.1805897057056427 0.1805897057056427 0.1805897057056427
0.1795557737350464 0.1795557737350464 0.1795557737350464 0.1795557737350464 0.1795557737350464 0.1795557737350464
0.1791047751903534 0.1791047751903534 0.1791047751903534 0.1791047751903534 0.1791047751903534 0.1791047751903534
0.1691226214170456 0.1691226214170456 0.1691226214170456 0.1691226214170456 0.1691226214170456 0.1691226214170456
0.1962307691574097 0.1962307691574097 0.1962307691574097 0.1962307691574097 0.1962307691574097 0.1962307691574097
0.1841360777616501 0.1841360777616501 0.1841360777616501 0.1841360777616501 0.1841360777616501 0.1841360777616501
0.1887788027524948 0.1887788027524948 0.1887788027524948 0.1887788027524948 0.1887788027524948 0.1887788027524948
0.2073105275630951 0.2073105275630951 0.2073105275630951 0.2073105275630951 0.2073105275630951 0.2073105275630951
0.1901242882013321 0.1901242882013321 0.1901242882013321 0.1901242882013321 0.1901242882013321 0.1901242882013321
0.1894095838069916 0.1894095838069916 0.1894095838069916 0.1894095838069916 0.1894095838069916 0.1894095838069916
0.1786926537752151 0.1786926537752151 0.1786926537752151 0.1786926537752151 0.1786926537752151 0.1786926537752151
0.1810499280691147 0.1810499280691147 0.1810499280691147 0.1810499280691147 0.1810499280691147 0.1810499280691147
0.1658246368169785 0.1658246368169785 0.1658246368169785 0.1658246368169785 0.1658246368169785 0.1658246368169785
0.1826602518558502 0.1826602518558502 0.1826602518558502 0.1826602518558502 0.1826602518558502 0.1826602518558502
0.1785489171743393 0.1785489171743393 0.1785489171743393 0.1785489171743393 0.1785489171743393 0.1785489171743393
0.1951384991407394 0.1951384991407394 0.1951384991407394 0.1951384991407394 0.1951384991407394 0.1951384991407394
0.1831308752298355 0.1831308752298355 0.1831308752298355 0.1831308752298355 0.1831308752298355 0.1831308752298355
0.1862017959356308 0.1862017959356308 0.1862017959356308 0.1862017959356308 0.1862017959356308 0.1862017959356308
0.1854953914880753 0.1854953914880753 0.1854953914880753 0.1854953914880753 0.1854953914880753 0.1854953914880753
0.1688273400068283 0.1688273400068283 0.1688273400068283 0.1688273400068283 0.1688273400068283 0.1688273400068283
0.1882115900516510 0.1882115900516510 0.1882115900516510 0.1882115900516510 0.1882115900516510 0.1882115900516510
0.1874092519283295 0.1874092519283295 0.1874092519283295 0.1874092519283295 0.1874092519283295 0.1874092519283295
0.1851684451103210 0.1851684451103210 0.1851684451103210 0.1851684451103210 0.1851684451103210 0.1851684451103210
0.1962012201547623 0.1962012201547623 0.1962012201547623 0.1962012201547623 0.1962012201547623 0.1962012201547623
0.1944414377212524 0.1944414377212524 0.1944414377212524 0.1944414377212524 0.1944414377212524 0.1944414377212524
0.1861321926116943 0.1861321926116943 0.1861321926116943 0.1861321926116943 0.1861321926116943 0.1861321926116943
0.1809297949075699 0.1809297949075699 0.1809297949075699 0.1809297949075699 0.1809297949075699 0.1809297949075699
0.1821272224187851 0.1821272224187851 0.1821272224187851 0.1821272224187851 0.1821272224187851 0.1821272224187851
0.1723356395959854 0.1723356395959854 0.1723356395959854 0.1723356395959854 0.1723356395959854 0.1723356395959854
0.1887603253126144 0.1887603253126144 0.1887603253126144 0.1887603253126144 0.1887603253126144 0.1887603253126144
0.1909441798925400 0.1909441798925400 0.1909441798925400 0.1909441798925400 0.1909441798925400 0.1909441798925400
0.1967415064573288 0.1967415064573288 0.1967415064573288 0.1967415064573288 0.1967415064573288 0.1967415064573288
0.1792564243078232 0.1792564243078232 0.1792564243078232 0.1792564243078232 0.1792564243078232 0.1792564243078232
0.1718380451202393 0.1718380451202393 0.1718380451202393 0.1718380451202393 0.1718380451202393 0.1718380451202393
0.1664468348026276 0.1664468348026276 0.1664468348026276 0.1664468348026276 0.1664468348026276 0.1664468348026276
0.1639539897441864 0.1639539897441864 0.1639539897441864 0.1639539897441864 0.1639539897441864 0.1639539897441864
0.1833804845809937 0.1833804845809937 0.1833804845809937 0.1833804845809937 0.1833804845809937 0.1833804845809937
0.1792070716619492 0.1792070716619492 0.1792070716619492 0.1792070716619492 0.1792070716619492 0.1792070716619492
0.1972428709268570 0.1972428709268570 0.1972428709268570 0.1972428709268570 0.1972428709268570 0.1972428709268570
0.1985883712768555 0.1985883712768555 0.1985883712768555 0.1985883712768555 0.1985883712768555 0.1985883712768555
0.1980339437723160 0.1980339437723160 0.1980339437723160 0.1980339437723160 0.1980339437723160 0.1980339437723160
0.1891640722751617 0.1891640722751617 0.1891640722751617 0.1891640722751617 0.1891640722751617 0.1891640722751617
0.1699925810098648 0.1699925810098648 0.1699925810098648 0.1699925810098648 0.1699925810098648 0.1699925810098648
0.2030019760131836 0.2030019760131836 0.2030019760131836 0.2030019760131836 0.2030019760131836 0.2030019760131836
0.1810535043478012 0.1810535043478012 0.1810535043478012 0.1810535043478012 0.1810535043478012 0.1810535043478012
0.1936362683773041 0.1936362683773041 0.1936362683773041 0.1936362683773041 0.1936362683773041 0.1936362683773041
0.1871761828660965 0.1871761828660965 0.1871761828660965 0.1871761828660965 0.1871761828660965 0.1871761828660965
0.1879747956991196 0.1879747956991196 0.1879747956991196 0.1879747956991196 0.1879747956991196 0.1879747956991196
0.1711660474538803 0.1711660474538803 0.1711660474538803 0.1711660474538803 0.1711660474538803 0.1711660474538803
0.1723190695047379 0.1723190695047379 0.1723190695047379 0.1723190695047379 0.1723190695047379 0.1723190695047379
0.1777106225490570 0.1777106225490570 0.1777106225490570 0.1777106225490570 0.1777106225490570 0.1777106225490570
0.1651723086833954 0.1651723086833954 0.1651723086833954 0.1651723086833954 0.1651723086833954 0.1651723086833954
0.1914351284503937 0.1914351284503937 0.1914351284503937 0.1914351284503937 0.1914351284503937 0.1914351284503937
0.1887059658765793 0.1887059658765793 0.1887059658765793 0.1887059658765793 0.1887059658765793 0.1887059658765793
0.2100589722394943 0.2100589722394943 0.2100589722394943 0.2100589722394943 0.2100589722394943 0.2100589722394943
0.1996799558401108 0.1996799558401108 0.1996799558401108 0.1996799558401108 0.1996799558401108 0.1996799558401108
0.1953413188457489 0.1953413188457489 0.1953413188457489 0.1953413188457489 0.1953413188457489 0.1953413188457489
0.2017213404178619 0.2017213404178619 0.2017213404178619 0.2017213404178619 0.2017213404178619 0.2017213404178619
0.1833272278308868 0.1833272278308868 0.1833272278308868 0.1833272278308868 0.1833272278308868 0.1833272278308868
0.1932459473609924 0.1932459473609924 0.1932459473609924 0.1932459473609924 0.1932459473609924 0.1932459473609924
0.1807110309600830 0.1807110309600830 0.1807110309600830 0.1807110309600830 0.1807110309600830 0.1807110309600830
0.1820527613162994 0.1820527613162994 0.1820527613162994 0.1820527613162994 0.1820527613162994 0.1820527613162994
0.1812471896409988 0.1812471896409988 0.1812471896409988 0.1812471896409988 0.1812471896409988 0.1812471896409988
0.1833683550357819 0.1833683550357819 0.1833683550357819 0.1833683550357819 0.1833683550357819 0.1833683550357819
0.1812510490417480 0.1812510490417480 0.1812510490417480 0.1812510490417480 0.1812510490417480 0.1812510490417480
0.1785067766904831 0.1785067766904831 0.1785067766904831 0.1785067766904831 0.1785067766904831 0.1785067766904831
0.1796392053365707 0.1796392053365707 0.1796392053365707 0.1796392053365707 0.1796392053365707 0.1796392053365707
0.1646358668804169 0.1646358668804169 0.1646358668804169 0.1646358668804169 0.1646358668804169 0.1646358668804169
0.1974855214357376 0.1974855214357376 0.1974855214357376 0.1974855214357376 0.1974855214357376 0.1974855214357376
0.1881089508533478 0.1881089508533478 0.1881089508533478 0.1881089508533478 0.1881089508533478 0.1881089508533478
0.2005631178617477 0.2005631178617477 0.2005631178617477 0.2005631178617477 0.2005631178617477 0.2005631178617477
0.1893710047006607 0.1893710047006607 0.1893710047006607 0.1893710047006607 0.1893710047006607 0.1893710047006607
0.1854659169912338 0.1854659169912338 0.1854659169912338 0.1854659169912338 0.1854659169912338 0.1854659169912338
0.1779752671718597 0.1779752671718597 0.1779752671718597 0.1779752671718597 0.1779752671718597 0.1779752671718597
0.0000000000000000 0.0000000000000000 0.0000000000000000 0.0000000000000000 0.0000000000000000 0.0000000000000000
0.1880851686000824 0.1880851686000824 0.1880851686000824 0.1880851686000824 0.1880851686000824 0.1880851686000824
0.1757709681987762 0.1757709681987762 0.1757709681987762 0.1757709681987762 0.1757709681987762 0.1757709681987762
0.1922747045755386 0.1922747045755386 0.1922747045755386 0.1922747045755386 0.1922747045755386 0.1922747045755386
0.1828453838825226 0.1828453838825226 0.1828453838825226 0.1828453838825226 0.1828453838825226 0.1828453838825226
0.1912980228662491 0.1912980228662491 0.1912980228662491 0.1912980228662491 0.1912980228662491 0.1912980228662491
0.1847768723964691 0.1847768723964691 0.1847768723964691 0.1847768723964691 0.1847768723964691 0.1847768723964691
0.1785080879926682 0.1785080879926682 0.1785080879926682 0.1785080879926682 0.1785080879926682 0.1785080879926682
0.1818528771400452 0.1818528771400452 0.1818528771400452 0.1818528771400452 0.1818528771400452 0.1818528771400452
0.1606343090534210 0.1606343090534210 0.1606343090534210 0.1606343090534210 0.1606343090534210 0.1606343090534210
0.1878935247659683 0.1878935247659683 0.1878935247659683 0.1878935247659683 0.1878935247659683 0.1878935247659683
0.1844882667064667 0.1844882667064667 0.1844882667064667 0.1844882667064667 0.1844882667064667 0.1844882667064667
0.1801826655864716 0.1801826655864716 0.1801826655864716 0.1801826655864716 0.1801826655864716 0.1801826655864716
0.1610886156558990 0.1610886156558990 0.1610886156558990 0.1610886156558990 0.1610886156558990 0.1610886156558990
0.1825067847967148 0.1825067847967148 0.1825067847967148 0.1825067847967148 0.1825067847967148 0.1825067847967148
0.1791104376316071 0.1791104376316071 0.1791104376316071 0.1791104376316071 0.1791104376316071 0.1791104376316071
0.1779870092868805 0.1779870092868805 0.1779870092868805 0.1779870092868805 0.1779870092868805 0.1779870092868805
0.0000000000000000 0.0000000000000000 0.0000000000000000 0.0000000000000000 0.0000000000000000 0.0000000000000000
1.0710777044296265 1.0710777044296265 1.0710777044296265 1.0710777044296265 0
1.0631808042526245 1.0631808042526245 1.0631808042526245 1.0631808042526245 0
1.0661339759826660 1.0661339759826660 1.0661339759826660 1.0661339759826660 0
1.0701191425323486 1.0701191425323486 1.0701191425323486 1.0701191425323486 0
1.0694197416305542 1.0694197416305542 1.0694197416305542 1.0694197416305542 0
1.0827161073684692 1.0827161073684692 1.0827161073684692 1.0827161073684692 0
1.0663400888442993 1.0663400888442993 1.0663400888442993 1.0663400888442993 0
1.0706343650817871 1.0706343650817871 1.0706343650817871 1.0706343650817871 0
1.0757964849472046 1.0757964849472046 1.0757964849472046 1.0757964849472046 0
1.0882678031921387 1.0882678031921387 1.0882678031921387 1.0882678031921387 0
1.0784649848937988 1.0784649848937988 1.0784649848937988 1.0784649848937988 0
1.0762926340103149 1.0762926340103149 1.0762926340103149 1.0762926340103149 0
1.0696672201156616 1.0696672201156616 1.0696672201156616 1.0696672201156616 0
1.0737698078155518 1.0737698078155518 1.0737698078155518 1.0737698078155518 0
1.0747665166854858 1.0747665166854858 1.0747665166854858 1.0747665166854858 0
1.0521723031997681 1.0521723031997681 1.0521723031997681 1.0521723031997681 0
1.0756806135177612 1.0756806135177612 1.0756806135177612 1.0756806135177612 0
1.0628210306167603 1.0628210306167603 1.0628210306167603 1.0628210306167603 0
1.0594847202301025 1.0594847202301025 1.0594847202301025 1.0594847202301025 0
1.0475935935974121 1.0475935935974121 1.0475935935974121 1.0475935935974121 0
1.0354859828948975 1.0354859828948975 1.0354859828948975 1.0354859828948975 0
1.0584548711776733 1.0584548711776733 1.0584548711776733 1.0584548711776733 0
1.0683405399322510 1.0683405399322510 1.0683405399322510 1.0683405399322510 0
1.0579079389572144 1.0579079389572144 1.0579079389572144 1.0579079389572144 0
1.0579874515533447 1.0579874515533447 1.0579874515533447 1.0579874515533447 0
1.0620807409286499 1.0620807409286499 1.0620807409286499 1.0620807409286499 0
1.0501321554183960 1.0501321554183960 1.0501321554183960 1.0501321554183960 0
1.0546977519989014 1.0546977519989014 1.0546977519989014 1.0546977519989014 0
1.0602688789367676 1.0602688789367676 1.0602688789367676 1.0602688789367676 0
1.0495244264602661 1.0495244264602661 1.0495244264602661 1.0495244264602661 0
1.0734356641769409 1.0734356641769409 1.0734356641769409 1.0734356641769409 0
1.0406392812728882 1.0406392812728882 1.0406392812728882 1.0406392812728882 0
1.0535929203033447 1.0535929203033447 1.0535929203033447 1.0535929203033447 0
1.0606946945190430 1.0606946945190430 1.0606946945190430 1.0606946945190430 0
1.0483896732330322 1.0483896732330322 1.0483896732330322 1.0483896732330322 0
1.0509719848632812 1.0509719848632812 1.0509719848632812 1.0509719848632812 0
1.0593287944793701 1.0593287944793701 1.0593287944793701 1.0593287944793701 0
1.0540806055068970 1.0540806055068970 1.0540806055068970 1.0540806055068970 0
1.0513842105865479 1.0513842105865479 1.0513842105865479 1.0513842105865479 0
1.0525977611541748 1.0525977611541748 1.0525977611541748 1.0525977611541748 0
1.0643484592437744 1.0643484592437744 1.0643484592437744 1.0643484592437744 0
1.0461089611053467 1.0461089611053467 1.0461089611053467 1.0461089611053467 0
1.0675803422927856 1.0675803422927856 1.0675803422927856 1.0675803422927856 0
1.0483191013336182 1.0483191013336182 1.0483191013336182 1.0483191013336182 0
1.0451296567916870 1.0451296567916870 1.0451296567916870 1.0451296567916870 0
1.0507559776306152 1.0507559776306152 1.0507559776306152 1.0507559776306152 0
1.0583841800689697 1.0583841800689697 1.0583841800689697 1.0583841800689697 0
1.0494517087936401 1.0494517087936401 1.0494517087936401 1.0494517087936401 0
1.0554984807968140 1.0554984807968140 1.0554984807968140 1.0554984807968140 0
1.0606462955474854 1.0606462955474854 1.0606462955474854 1.0606462955474854 0
1.0576261281967163 1.0576261281967163 1.0576261281967163 1.0576261281967163 0
1.0601334571838379 1.0601334571838379 1.0601334571838379 1.0601334571838379 0
1.0518016815185547 1.0518016815185547 1.0518016815185547 1.0518016815185547 0
1.0626703500747681 1.0626703500747681 1.0626703500747681 1.0626703500747681 0
1.0447511672973633 1.0447511672973633 1.0447511672973633 1.0447511672973633 0
1.0450851917266846 1.0450851917266846 1.0450851917266846 1.0450851917266846 0
1.0586924552917480 1.0586924552917480 1.0586924552917480 1.0586924552917480 0
1.0398513078689575 1.0398513078689575 1.0398513078689575 1.0398513078689575 0
1.0523891448974609 1.0523891448974609 1.0523891448974609 1.0523891448974609 0
1.0460120439529419 1.0460120439529419 1.0460120439529419 1.0460120439529419 0
1.0441640615463257 1.0441640615463257 1.0441640615463257 1.0441640615463257 0
1.0441883802413940 1.0441883802413940 1.0441883802413940 1.0441883802413940 0
1.0395599603652954 1.0395599603652954 1.0395599603652954 1.0395599603652954 0
1.0443431138992310 1.0443431138992310 1.0443431138992310 1.0443431138992310 0
0.1934346854686737 0.1934346854686737 0.1934346854686737 0.1934346854686737 0.1934346854686737 0.1934346854686737
0.1933907568454742 0.1933907568454742 0.1933907568454742 0.1933907568454742 0.1933907568454742 0.1933907568454742
0.1842262595891953 0.1842262595891953 0.1842262595891953 0.1842262595891953 0.1842262595891953 0.1842262595891953
0.1859797090291977 0.1859797090291977 0.1859797090291977 0.1859797090291977 0.1859797090291977 0.1859797090291977
0.1912948191165924 0.1912948191165924 0.1912948191165924 0.1912948191165924 0.1912948191165924 0.1912948191165924
0.2004925161600113 0.2004925161600113 0.2004925161600113 0.2004925161600113 0.2004925161600113 0.2004925161600113
0.1836528778076172 0.1836528778076172 0.1836528778076172 0.1836528778076172 0.1836528778076172 0.1836528778076172
0.1868867576122284 0.1868867576122284 0.1868867576122284 0.1868867576122284 0.1868867576122284 0.1868867576122284
0.1929388642311096 0.1929388642311096 0.1929388642311096 0.1929388642311096 0.1929388642311096 0.1929388642311096
0.1826686859130859 0.1826686859130859 0.1826686859130859 0.1826686859130859 0.1826686859130859 0.1826686859130859
0.1872852146625519 0.1872852146625519 0.1872852146625519 0.1872852146625519 0.1872852146625519 0.1872852146625519
0.1991612017154694 0.1991612017154694 0.1991612017154694 0.1991612017154694 0.1991612017154694 0.1991612017154694
0.1869178116321564 0.1869178116321564 0.1869178116321564 0.1869178116321564 0.1869178116321564 0.1869178116321564
0.1855680197477341 0.1855680197477341 0.1855680197477341 0.1855680197477341 0.1855680197477341 0.1855680197477341
0.1878589689731598 0.1878589689731598 0.1878589689731598 0.1878589689731598 0.1878589689731598 0.1878589689731598
0.1739241480827332 0.1739241480827332 0.1739241480827332 0.1739241480827332 0.1739241480827332 0.1739241480827332
0.1930291354656219 0.1930291354656219 0.1930291354656219 0.1930291354656219 0.1930291354656219 0.1930291354656219
0.1967674046754837 0.1967674046754837 0.1967674046754837 0.1967674046754837 0.1967674046754837 0.1967674046754837
0.1778376549482346 0.1778376549482346 0.1778376549482346 0.1778376549482346 0.1778376549482346 0.1778376549482346
0.1930548101663589 0.1930548101663589 0.1930548101663589 0.1930548101663589 0.1930548101663589 0.1930548101663589
0.1908773034811020 0.1908773034811020 0.1908773034811020 0.1908773034811020 0.1908773034811020 0.1908773034811020
0.1734803617000580 0.1734803617000580 0.1734803617000580 0.1734803617000580 0.1734803617000580 0.1734803617000580
0.1788113564252853 0.1788113564252853 0.1788113564252853 0.1788113564252853 0.1788113564252853 0.1788113564252853
0.1812523901462555 0.1812523901462555 0.1812523901462555 0.1812523901462555 0.1812523901462555 0.1812523901462555
0.2018822431564331 0.2018822431564331 0.2018822431564331 0.2018822431564331 0.2018822431564331 0.2018822431564331
0.1978522241115570 0.1978522241115570 0.1978522241115570 0.1978522241115570 0.1978522241115570 0.1978522241115570
0.2053158879280090 0.2053158879280090 0.2053158879280090 0.2053158879280090 0.2053158879280090 0.2053158879280090
0.2144302874803543 0.2144302874803543 0.2144302874803543 0.2144302874803543 0.2144302874803543 0.2144302874803543
0.2088465988636017 0.2088465988636017 0.2088465988636017 0.2088465988636017 0.2088465988636017 0.2088465988636017
0.2011193782091141 0.2011193782091141 0.2011193782091141 0.2011193782091141 0.2011193782091141 0.2011193782091141
0.2077336013317108 0.2077336013317108 0.2077336013317108 0.2077336013317108 0.2077336013317108 0.2077336013317108
0.1884878873825073 0.1884878873825073 0.1884878873825073 0.1884878873825073 0.1884878873825073 0.1884878873825073
0.1946385502815247 0.1946385502815247 0.1946385502815247 0.1946385502815247 0.1946385502815247 0.1946385502815247
0.1888846307992935 0.1888846307992935 0.1888846307992935 0.1888846307992935 0.1888846307992935 0.1888846307992935
0.1835164278745651 0.1835164278745651 0.1835164278745651 0.1835164278745651 0.1835164278745651 0.1835164278745651
0.1986982226371765 0.1986982226371765 0.1986982226371765 0.1986982226371765 0.1986982226371765 0.1986982226371765
0.1956770271062851 0.1956770271062851 0.1956770271062851 0.1956770271062851 0.1956770271062851 0.1956770271062851
0.1809775382280350 0.1809775382280350 0.1809775382280350 0.1809775382280350 0.1809775382280350 0.1809775382280350
0.1896081417798996 0.1896081417798996 0.1896081417798996 0.1896081417798996 0.1896081417798996 0.1896081417798996
0.1893786787986755 0.1893786787986755 0.1893786787986755 0.1893786787986755 0.1893786787986755 0.1893786787986755
0.1901573836803436 0.1901573836803436 0.1901573836803436 0.1901573836803436 0.1901573836803436 0.1901573836803436
0.1789564639329910 0.1789564639329910 0.1789564639329910 0.1789564639329910 0.1789564639329910 0.1789564639329910
0.2053333520889282 0.2053333520889282 0.2053333520889282 0.2053333520889282 0.2053333520889282 0.2053333520889282
0.1790360361337662 0.1790360361337662 0.1790360361337662 0.1790360361337662 0.1790360361337662 0.1790360361337662
0.1842158138751984 0.1842158138751984 0.1842158138751984 0.1842158138751984 0.1842158138751984 0.1842158138751984
0.1806559413671494 0.1806559413671494 0.1806559413671494 0.1806559413671494 0.1806559413671494 0.1806559413671494
0.1841981709003448 0.1841981709003448 0.1841981709003448 0.1841981709003448 0.1841981709003448 0.1841981709003448
0.0000000000000000 0.0000000000000000 0.0000000000000000 0.0000000000000000 0.0000000000000000 0.0000000000000000
0.1698296368122101 0.1698296368122101 0.1698296368122101 0.1698296368122101 0.1698296368122101 0.1698296368122101
0.1805471777915955 0.1805471777915955 0.1805471777915955 0.1805471777915955 0.1805471777915955 0.1805471777915955
0.1816857159137726 0.1816857159137726 0.1816857159137726 0.1816857159137726 0.1816857159137726 0.1816857159137726
0.1761552989482880 0.1761552989482880 0.1761552989482880 0.1761552989482880 0.1761552989482880 0.1761552989482880
0.1865040361881256 0.1865040361881256 0.1865040361881256 0.1865040361881256 0.1865040361881256 0.1865040361881256
0.1874032467603683 0.1874032467603683 0.1874032467603683 0.1874032467603683 0.1874032467603683 0.1874032467603683
0.2050947397947311 0.2050947397947311 0.2050947397947311 0.2050947397947311 0.2050947397947311 0.2050947397947311
0.1886728256940842 0.1886728256940842 0.1886728256940842 0.1886728256940842 0.1886728256940842 0.1886728256940842
0.1751673072576523 0.1751673072576523 0.1751673072576523 0.1751673072576523 0.1751673072576523 0.1751673072576523
0.1733867228031158 0.1733867228031158 0.1733867228031158 0.1733867228031158 0.1733867228031158 0.1733867228031158
0.1876328140497208 0.1876328140497208 0.1876328140497208 0.1876328140497208 0.1876328140497208 0.1876328140497208
0.1751702576875687 0.1751702576875687 0.1751702576875687 0.1751702576875687 0.1751702576875687 0.1751702576875687
0.1825179457664490 0.1825179457664490 0.1825179457664490 0.1825179457664490 0.1825179457664490 0.1825179457664490
0.1672454178333282 0.1672454178333282 0.1672454178333282 0.1672454178333282 0.1672454178333282 0.1672454178333282
0.1853774338960648 0.1853774338960648 0.1853774338960648 0.1853774338960648 0.1853774338960648 0.1853774338960648
0.1691113561391830 0.1691113561391830 0.1691113561391830 0.1691113561391830 0.1691113561391830 0.1691113561391830
0.1701938658952713 0.1701938658952713 0.1701938658952713 0.1701938658952713 0.1701938658952713 0.1701938658952713
0.1793247312307358 0.1793247312307358 0.1793247312307358 0.1793247312307358 0.1793247312307358 0.1793247312307358
0.1872118413448334 0.1872118413448334 0.1872118413448334 0.1872118413448334 0.1872118413448334 0.1872118413448334
0.1878842711448669 0.1878842711448669 0.1878842711448669 0.1878842711448669 0.1878842711448669 0.1878842711448669
0.1765946000814438 0.1765946000814438 0.1765946000814438 0.1765946000814438 0.1765946000814438 0.1765946000814438
0.1784763634204865 0.1784763634204865 0.1784763634204865 0.1784763634204865 0.1784763634204865 0.1784763634204865
0.1925977915525436 0.1925977915525436 0.1925977915525436 0.1925977915525436 0.1925977915525436 0.1925977915525436
0.1748825460672379 0.1748825460672379 0.1748825460672379 0.1748825460672379 0.1748825460672379 0.1748825460672379
0.1832090467214584 0.1832090467214584 0.1832090467214584 0.1832090467214584 0.1832090467214584 0.1832090467214584
0.1670186370611191 0.1670186370611191 0.1670186370611191 0.1670186370611191 0.1670186370611191 0.1670186370611191
0.1983110904693604 0.1983110904693604 0.1983110904693604 0.1983110904693604 0.1983110904693604 0.1983110904693604
0.1832866668701172 0.1832866668701172 0.1832866668701172 0.1832866668701172 0.1832866668701172 0.1832866668701172
0.1793887466192245 0.1793887466192245 0.1793887466192245 0.1793887466192245 0.1793887466192245 0.1793887466192245
0.1760374605655670 0.1760374605655670 0.1760374605655670 0.1760374605655670 0.1760374605655670 0.1760374605655670
0.1814252436161041 0.1814252436161041 0.1814252436161041 0.1814252436161041 0.1814252436161041 0.1814252436161041
0.1800777316093445 0.1800777316093445 0.1800777316093445 0.1800777316093445 0.1800777316093445 0.1800777316093445
0.1821151226758957 0.1821151226758957 0.1821151226758957 0.1821151226758957 0.1821151226758957 0.1821151226758957
0.1786900162696838 0.1786900162696838 0.1786900162696838 0.1786900162696838 0.1786900162696838 0.1786900162696838
0.1889017671346664 0.1889017671346664 0.1889017671346664 0.1889017671346664 0.1889017671346664 0.1889017671346664
0.1805222481489182 0.1805222481489182 0.1805222481489182 0.1805222481489182 0.1805222481489182 0.1805222481489182
0.1909706592559814 0.1909706592559814 0.1909706592559814 0.1909706592559814 0.1909706592559814 0.1909706592559814
0.1716873794794083 0.1716873794794083 0.1716873794794083 0.1716873794794083 0.1716873794794083 0.1716873794794083
0.1933497935533524 0.1933497935533524 0.1933497935533524 0.1933497935533524 0.1933497935533524 0.1933497935533524
0.1876586079597473 0.1876586079597473 0.1876586079597473 0.1876586079597473 0.1876586079597473 0.1876586079597473
0.1750096082687378 0.1750096082687378 0.1750096082687378 0.1750096082687378 0.1750096082687378 0.1750096082687378
0.1757022887468338 0.1757022887468338 0.1757022887468338 0.1757022887468338 0.1757022887468338 0.1757022887468338
0.1820360124111176 0.1820360124111176 0.1820360124111176 0.1820360124111176 0.1820360124111176 0.1820360124111176
0.1674098670482635 0.1674098670482635 0.1674098670482635 0.1674098670482635 0.1674098670482635 0.1674098670482635
0.1748349666595459 0.1748349666595459 0.1748349666595459 0.1748349666595459 0.1748349666595459 0.1748349666595459
0.1823572218418121 0.1823572218418121 0.1823572218418121 0.1823572218418121 0.1823572218418121 0.1823572218418121
0.1798954457044601 0.1798954457044601 0.1798954457044601 0.1798954457044601 0.1798954457044601 0.1798954457044601
0.1718170493841171 0.1718170493841171 0.1718170493841171 0.1718170493841171 0.1718170493841171 0.1718170493841171
0.1820372045040131 0.1820372045040131 0.1820372045040131 0.1820372045040131 0.1820372045040131 0.1820372045040131
0.1757785230875015 0.1757785230875015 0.1757785230875015 0.1757785230875015 0.1757785230875015 0.1757785230875015
0.1803403496742249 0.1803403496742249 0.1803403496742249 0.1803403496742249 0.1803403496742249 0.1803403496742249
0.1857315599918365 0.1857315599918365 0.1857315599918365 0.1857315599918365 0.1857315599918365 0.1857315599918365
0.1808982640504837 0.1808982640504837 0.1808982640504837 0.1808982640504837 0.1808982640504837 0.1808982640504837
0.1672639995813370 0.1672639995813370 0.1672639995813370 0.1672639995813370 0.1672639995813370 0.1672639995813370
0.1802698224782944 0.1802698224782944 0.1802698224782944 0.1802698224782944 0.1802698224782944 0.1802698224782944
0.1743853390216827 0.1743853390216827 0.1743853390216827 0.1743853390216827 0.1743853390216827 0.1743853390216827
0.1661494076251984 0.1661494076251984 0.1661494076251984 0.1661494076251984 0.1661494076251984 0.1661494076251984
0.1666887551546097 0.1666887551546097 0.1666887551546097 0.1666887551546097 0.1666887551546097 0.1666887551546097
0.1757793277502060 0.1757793277502060 0.1757793277502060 0.1757793277502060 0.1757793277502060 0.1757793277502060
0.1726464480161667 0.1726464480161667 0.1726464480161667 0.1726464480161667 0.1726464480161667 0.1726464480161667
0.1655737459659576 0.1655737459659576 0.1655737459659576 0.1655737459659576 0.1655737459659576 0.1655737459659576
0.1727487295866013 0.1727487295866013 0.1727487295866013 0.1727487295866013 0.1727487295866013 0.1727487295866013
0.1664893925189972 0.1664893925189972 0.1664893925189972 0.1664893925189972 0.1664893925189972 0.1664893925189972
0.1670384556055069 0.1670384556055069 0.1670384556055069 0.1670384556055069 0.1670384556055069 0.1670384556055069
0.1631623655557632 0.1631623655557632 0.1631623655557632 0.1631623655557632 0.1631623655557632 0.1631623655557632
0.1811070889234543 0.1811070889234543 0.1811070889234543 0.1811070889234543 0.1811070889234543 0.1811070889234543
0.1702769994735718 0.1702769994735718 0.1702769994735718 0.1702769994735718 0.1702769994735718 0.1702769994735718
0.1836757510900497 0.1836757510900497 0.1836757510900497 0.1836757510900497 0.1836757510900497 0.1836757510900497
0.1792548149824142 0.1792548149824142 0.1792548149824142 0.1792548149824142 0.1792548149824142 0.1792548149824142
0.1647536307573318 0.1647536307573318 0.1647536307573318 0.1647536307573318 0.1647536307573318 0.1647536307573318
0.1674229502677917 0.1674229502677917 0.1674229502677917 0.1674229502677917 0.1674229502677917 0.1674229502677917
0.1676211804151535 0.1676211804151535 0.1676211804151535 0.1676211804151535 0.1676211804151535 0.1676211804151535
0.1660257875919342 0.1660257875919342 0.1660257875919342 0.1660257875919342 0.1660257875919342 0.1660257875919342
0.0000000000000000 0.0000000000000000 0.0000000000000000 0.0000000000000000 0.0000000000000000 0.0000000000000000
0.1664507538080215 0.1664507538080215 0.1664507538080215 0.1664507538080215 0.1664507538080215 0.1664507538080215
0.1648520976305008 0.1648520976305008 0.1648520976305008 0.1648520976305008 0.1648520976305008 0.1648520976305008
0.1638735234737396 0.1638735234737396 0.1638735234737396 0.1638735234737396 0.1638735234737396 0.1638735234737396
0.0000000000000000 0.0000000000000000 0.0000000000000000 0.0000000000000000 0.0000000000000000 0.0000000000000000
0.1664868444204330 0.1664868444204330 0.1664868444204330 0.1664868444204330 0.1664868444204330 0.1664868444204330
0.0000000000000000 0.0000000000000000 0.0000000000000000 0.0000000000000000 0.0000000000000000 0.0000000000000000
