19
128 384
1.0475005 1.0699356 1.0061618 1.0023109 1.0140653 1.0055118 1.0150136 1.0104548 1.0991552 1.0932126 1.017952 1.0115381 1.0079168 1.0254807 1.0110278 1.0171806
1.0858035 1.0766546 1.0035146 1.0062852 1.0116701 1.0112911 1.0174253 1.0146085 1.0808923 1.085805 1.0159376 1.010196 1.0078706 1.0166209 1.0168971 1.0042428
1.0885291 1.0792557 1.0069784 1.0189044 1.0127363 1.0121157 1.0166457 1.0079856 1.0896084 1.1194344 1.014434 1.0142004 1.0052286 1.0410163 1.0195733 1.0216652
1.1084379 1.1136234 1.016867 1.0235676 1.0230896 1.0133874 1.008076 1.0445615 1.1301074 1.1052605 1.0171411 1.0190543 1.020436 1.038416 1.0201715 1.036689
1.0972465 1.1048566 1.0230871 1.0235034 1.019324 1.0237017 1.0408305 1.0274261 1.0933071 1.0938045 1.0407226 1.0203407 1.033324 1.026496 1.0191087 1.0214058
1.0964175 1.1024755 1.0270333 1.0239497 1.0164114 1.0505822 1.0319879 1.0405796 1.104414 1.1053952 1.0422077 1.0208178 1.0229892 1.0114281 1.0201491 1.0177497
1.0818443 1.1103244 1.0223409 1.0322425 1.0213474 1.0267189 1.0428858 1.015575 1.1110356 1.0884142 1.0226911 1.0189321 1.0172545 1.0216428 1.048354 1.0097166
1.0867589 1.0847191 1.0033712 1.0331708 1.0188078 1.017255 1.0113969 1.0185688 1.0907706 1.0758177 1.0141951 1.0108906 1.044418 1.0081592 1.0072095 1.0155287
1.0575972 1.0638447 1.0061985 1.0047659 1.0191902 1.0095197 1.0119649 1.0185441 1.0540229 1.083746 1.0125345 1.0084089 1.0025127 0.99511063 1.0194103 1.016818
1.0937829 1.0695108 1.0041354 1.0083668 1.0178989 1.012066 1.0127085 1.0052282 1.0616764 1.089548 1.0091437 1.0185437 1.0161184 0.99958074 1.0235974 1.0103426
1.1137327 1.0976167 1.0075781 1.0214131 1.0164094 1.0127538 1.0257019 1.01764 1.0776105 1.1192017 1.0153766 1.0258802 1.0015452 1.0106523 1.0313432 1.02223
1.1066133 1.0998276 1.0203034 1.0261947 1.061137 1.0230893 1.0111108 1.0193553 1.117243 1.1002356 1.0223494 1.019797 1.0228492 1.0201473 1.0453967 1.0121206
1.1042695 1.075452 1.0224887 1.0252434 1.0399339 1.008275 1.0205399 1.0173743 1.1109679 1.0791243 1.0218235 1.0167764 1.0320096 1.0104803 1.0165688 1.0217904
1.0919201 1.0866535 1.0261478 1.0237887 1.0259079 1.0247301 1.0203394 1.0276818 1.094031 1.0708328 1.0189289 1.018524 1.0453764 1.0227205 1.0356126 1.0221965
1.0773101 1.0805459 1.018496 1.0261247 1.0211055 1.0175804 1.0241127 1.0231313 1.0771514 1.0998936 1.0158226 1.042528 1.0197366 1.0217059 1.0187123 1.0275209
1.0980245 1.0904903 1.0034019 1.03054 1.0169189 1.0136449 1.0279887 1.0100945 1.0911365 1.0816818 1.0405078 1.005484 1.0123273 1.0305749 1.0342169 1.017294
1.0513693 1.066256 1.0121484 1.0111208 1.0125467 1.0079662 1.0170205 1.0173258 1.0656439 1.0557679 0.99756765 1.0142077 1.0072436 1.0103933 1.0161959 1.03155
1.0807924 1.0799233 1.015985 1.0123595 1.0152501 1.009346 1.019309 1.0034176 1.0683036 1.090737 0.998592 1.0113736 1.0115012 1.0110422 1.0192426 1.0137786
1.1066327 1.0903229 1.0171024 1.01345 1.0234051 1.0183183 1.0219777 1.016166 1.074023 1.1102192 1.0122571 1.0226282 1.0072403 1.0139432 1.0181184 1.0194916
1.114697 1.0703218 1.027654 1.0209657 1.0112411 1.0204573 1.0048009 1.01108 1.0919137 1.0700496 1.0188532 1.0126854 1.0145068 1.0178554 1.0166817 1.0139911
1.0773091 1.0544875 1.0203526 1.0088478 1.024541 1.0047847 1.0227596 1.0090693 1.0924318 1.0857238 1.0167203 1.0204699 1.0234045 1.0125494 1.0133898 1.0177951
1.0856323 1.061974 1.0193638 1.0217603 1.0209994 1.0219349 1.0128841 1.0067586 1.0934018 1.0747733 1.0193391 1.0274265 1.0146744 1.0169572 1.0173378 1.013895
1.0843871 1.0878732 1.0218451 1.0216463 1.027201 1.0144174 1.0086849 1.0075506 1.0783049 1.0937046 1.0257422 1.0313874 1.0157397 1.0112461 1.0155792 1.0187097
1.0848235 1.0574385 1.0164839 1.0149652 1.0281844 1.0181409 1.0118093 1.0098501 1.0963824 1.0623208 1.0323057 1.0149001 1.007916 1.0126634 1.0172247 1.0314444
1.06553 1.0546772 1.0185617 1.0084327 1.0166512 0.99858296 1.0139906 1.009412 1.0434985 1.0791831 1.008408 1.030964 1.0066584 0.99977297 1.018421 1.0157622
1.0903504 1.0281398 1.0088577 1.0113279 1.0176044 0.9999992 1.0029248 1.0124241 1.0425444 1.0716755 1.0120351 1.0109081 1.0155274 0.99893284 1.0107431 1.0146084
1.0857782 1.0581003 1.0141681 1.0151889 1.0189109 1.0030158 0.9991453 1.0059211 1.0773243 1.0726976 1.0150664 1.0248699 1.0116189 1.0137309 1.0192182 1.0012903
1.1023145 1.0669998 1.0182817 1.0212362 1.0006139 1.0001773 1.0099581 0.99731946 1.0668676 1.0838641 1.0226 1.0133667 1.0147172 1.0012718 1.0081979 1.018914
1.0779402 1.0639291 1.018038 1.002617 1.0206767 1.011671 1.0071117 1.0058223 1.1005648 1.0895764 1.0117838 1.0183583 1.0188247 1.0172962 1.0175387 1.0163255
1.0692765 1.0940989 1.0209202 1.017652 1.0158877 1.0110294 1.0163436 1.0062859 1.0811285 1.101412 1.0144515 1.0129399 1.009713 1.0186436 1.028068 1.011711
1.0811445 1.0746583 1.0263861 1.0181314 1.011139 1.0178816 1.0050657 1.0149895 1.082516 1.0809503 1.0111508 1.0162346 1.0168375 1.0095588 1.0127898 1.0064237
1.0565718 1.0697287 1.0104837 1.0213524 1.010742 1.017359 1.0044122 1.0210202 1.0942031 1.0764703 1.0202062 1.0295159 1.0096629 1.025778 1.0065839 1.012499
1.0589945 1.0701066 1.0187268 0.9993121 1.0156021 1.0133221 1.0074002 1.0191729 1.0763756 1.0697528 1.0004561 1.0127187 1.0061424 1.0136334 1.0060772 1.0113921
1.038915 1.0668356 1.0055643 1.0017159 1.0014281 1.0130086 1.0083579 1.0191536 1.0770181 1.0434854 1.004657 1.0132905 1.0083692 1.0125072 0.99810576 1.005127
1.072994 1.0733861 1.012931 1.0032076 0.9984229 1.0074959 1.0061729 1.0110111 1.0395021 1.0625595 1.0133125 1.0042428 1.0064061 1.0039228 1.0036223 1.0108948
1.083891 1.0801383 1.0164092 1.002478 1.0145248 1.0031036 1.0030295 1.0176036 1.0767593 1.0697712 1.0051582 1.0214239 1.0009142 1.0079609 1.0062604 1.0123892
1.0807781 1.0686263 1.0111678 1.0152339 1.0076889 1.0036908 1.0115478 1.0142891 1.0850825 1.0670857 1.0210083 1.0188255 1.0047089 1.016069 1.0017625 1.0155863
1.0853685 1.0814791 1.0084996 1.0099182 1.0177013 1.0096049 1.0101787 1.0178821 1.0624588 1.0629324 1.018549 1.0103893 1.0076869 1.0145782 1.0104843 1.0171318
1.0725385 1.0907854 1.0076417 1.0160534 0.9994113 1.0097599 1.0100214 1.013759 1.0656217 1.0572 1.0101879 1.0057387 0.9994351 1.0193455 1.0061957 1.009677
1.0606353 1.0759064 1.0088544 1.0153481 1.0022706 1.0081798 1.0126892 1.0089414 1.0808855 1.0611637 1.0049201 1.015165 1.008187 1.0121642 1.0118912 1.0143182
1.0377504 1.0852585 1.0071394 1.0119311 1.0060284 1.0119182 1.0129019 1.0116763 1.06839 1.0587844 1.013219 1.0128261 1.0135611 1.0090615 1.0127004 1.0125945
1.055701 1.0808984 1.0135685 1.0067226 1.0080918 1.012622 1.0085433 1.0156814 1.0612923 1.0862852 1.0124367 1.0065289 1.0030166 1.0085229 1.002383 1.0033522
1.0638783 1.0851134 1.0075915 1.0097072 1.0045807 1.0095078 1.0129771 1.0072533 1.0751362 1.0733831 1.0062081 1.0100521 1.0178719 1.0045403 1.0170332 1.005451
1.0722221 1.0833248 0.996581 0.999462 1.0007123 1.0106304 1.0093284 1.0124261 1.0711247 1.0966078 1.0101725 1.0142311 1.0046401 1.0017483 1.0096146 1.0184475
1.0816025 1.1181093 1.0075239 1.0015802 1.0101132 1.010959 1.0202198 1.0209317 1.0848175 1.0707834 1.0149148 1.017213 1.017525 1.0194802 1.0120951 1.0206633
1.0792868 1.0938116 1.006014 1.0080022 1.0093138 1.0189025 1.0095466 1.0127076 1.0714699 1.0743729 1.0163435 1.0160928 1.0100254 1.0201299 1.0176646 1.0206448
1.1001872 1.0853753 1.0118133 1.0087655 1.0131396 1.0116513 1.0125874 1.0237056 1.0694427 1.0683607 1.0174593 1.0113341 1.0068575 1.0169027 1.012698 1.0078794
1.0725999 1.0820135 1.0190233 1.0083156 1.0120118 1.0118872 1.0126694 1.0154458 1.0793667 1.0578706 1.011635 1.0143337 1.0027564 1.0147736 1.0087957 1.008803
1.0700966 1.0679235 1.0155379 1.0139909 1.0119866 1.006709 1.0063002 1.0073301 1.0817667 1.0842608 1.006753 1.0122788 1.0091321 1.0072246 1.0107492 1.0015709
1.0775576 1.0905986 1.0201781 1.0113711 1.0077541 1.0114642 1.0201399 1.0137613 1.0838423 1.0859532 1.0079477 1.0020323 1.0025728 1.0073209 1.0088397 1.0237303
1.0790302 1.0769751 1.0121161 1.01013 1.011819 1.0189756 1.0034697 1.0154077 1.0744463 1.0825475 1.0033816 1.0060624 1.0075504 1.0229353 1.0247748 1.0134691
1.0925502 1.0956668 1.0176739 1.0105945 1.0090729 1.0043741 1.0179766 1.0162797 1.0818789 1.1132516 1.0046507 1.0188197 1.0079532 1.0131202 1.021368 1.0153409
1.0892256 1.1183313 1.0143429 1.0108708 1.0168295 1.0172136 1.0444778 1.0235574 1.1097432 1.1197822 1.0199187 1.0191879 1.0207939 1.0194349 1.0242835 1.0384911
1.0974232 1.1367335 1.017708 1.02024 1.0113764 1.043833 1.0210632 1.0502003 1.1020838 1.0890117 1.0176028 1.0132127 1.0229193 1.0426608 1.0181899 1.0263654
1.0804116 1.0957656 1.0178093 1.0124996 1.0156069 1.0221417 1.016611 1.027742 1.1115549 1.0726603 1.0146699 1.0057876 1.0257361 1.0282744 1.0078338 1.0140842
1.0840977 1.076098 1.0115715 1.009699 1.0132381 1.0026431 1.0138912 1.0148284 1.0868472 1.0816778 1.0069585 1.0110866 1.0032825 1.0209131 1.0131441 1.003564
1.0781367 1.0760622 1.0179123 1.0129694 1.0062662 1.0059239 1.0162925 1.0112203 1.0944837 1.0775155 1.010426 1.0182674 1.0052888 1.0038666 1.0049331 1.0164278
1.0817595 1.0874577 1.0166069 1.0154546 1.0091594 1.0182256 1.0180073 1.0161768 1.0878496 1.0964658 1.0082595 1.0038635 1.0097672 1.0235198 1.015237 1.0185082
1.0776106 1.0671469 1.0196722 1.010266 1.0178562 1.0046786 1.0200436 1.0099045 1.0841863 1.1017829 1.0036255 1.020166 1.0226266 1.0120769 1.0069096 1.0211943
1.0806469 1.1056459 1.0591097 1.0123531 1.0030907 1.0152391 1.0090985 1.0489053 1.1012573 1.1002259 1.0196062 1.0343118 1.0130763 1.016395 1.0215954 1.0449556
1.1097293 1.1150824 1.0424107 1.020675 1.0151864 1.0383654 1.0450369 1.0236919 1.1087048 1.1099054 1.0365484 1.0218788 1.0186721 1.0347708 1.0218829 1.0199025
1.1173077 1.0987918 1.0204513 1.0185881 1.0361608 1.0227187 1.0302917 1.0358001 1.1230761 1.103437 1.0236118 1.016723 1.0400883 1.0274262 1.0490619 1.0176089
1.0855091 1.0834879 1.0228783 1.017254 1.0224217 1.0120503 1.042087 1.0172529 1.0991257 1.1059363 1.018344 1.0110302 1.0270754 1.01061 1.0213662 1.0129092
1.0960758 1.0866442 1.0186975 1.0147243 1.0039685 1.0143751 1.0112132 1.0185138 1.1089386 1.0611573 1.0101373 1.0165148 1.0110831 1.0041085 1.014005 1.0181829
1.0511016 1.0920746 1.005261 1.0117588 1.0146512 1.0083065 1.0106413 1.0159808 1.0994166 1.0427514 1.0167311 1.0166596 1.0096036 1.0010799 1.0134377 0.9974996
1.0728811 1.1138473 1.0046291 1.0111465 1.0133668 1.0225182 1.015519 1.0191349 1.0815122 1.0796009 1.0172259 1.0155696 1.0018154 1.001093 1.0231671 1.0096012
1.1011138 1.1134517 1.0035782 1.0123551 1.0200428 1.0255476 1.0265163 1.058897 1.1213148 1.1124455 1.0152192 1.0407748 1.0233251 1.0257156 1.0306914 1.0224978
1.1101649 1.1056201 1.0158106 1.0229326 1.0601488 1.023913 1.0168628 1.0482258 1.1012242 1.104477 1.0450675 1.0390097 1.0337911 1.031431 1.044425 1.0120552
1.1133164 1.075947 1.0220795 1.0192761 1.0422162 1.0225755 1.0168066 1.0258532 1.093358 1.089513 1.0451744 1.0220183 1.0235108 1.0457927 1.0165303 1.0223303
1.088221 1.0874132 1.0243273 1.0178535 1.0238589 1.0316559 1.020783 1.0229968 1.1058081 1.090735 1.0209287 1.0134195 1.0174751 1.0209659 1.0401131 1.0228132
1.0839198 1.0959878 1.0038558 1.021788 1.021413 1.0205455 1.0157467 1.0169053 1.0672554 1.0772905 1.0104588 1.0185634 1.009842 1.0284258 1.020355 1.0264269
1.0555764 1.0960057 1.0097898 1.0108321 1.0180228 1.0316768 1.0180545 1.0194006 1.0847691 1.0661275 1.0158395 1.0191876 1.0175858 1.0122885 1.0239557 1.0178503
1.0597155 1.077396 1.0110615 1.013416 1.0101583 1.0177267 1.0142826 1.0060691 1.0714039 1.0600742 1.0114032 1.0019534 1.0150976 1.0099772 1.0091798 1.0088544
1.0710521 1.1116948 1.0165827 1.015261 1.0135664 1.0032486 1.0258881 1.0141281 1.1070414 1.0842373 1.0166771 1.0036211 1.0238748 1.0067779 1.0172029 1.0117862
1.1064526 1.1105051 1.0154891 1.0264415 1.0141182 1.0125123 1.0119894 1.0161003 1.1382335 1.1029466 1.0233442 1.0205557 1.035842 1.0170984 1.019796 1.0175225
1.1174836 1.0976633 1.0275692 1.0241766 1.0236257 1.019118 1.0275443 1.0170234 1.1037539 1.0752926 1.0235188 1.0348184 1.0462697 1.0206426 1.0159597 1.0112597
1.0796604 1.0816028 1.0200516 1.0185872 1.0097095 1.0138615 1.0212778 1.0231624 1.0829839 1.0929595 1.0163842 1.0427872 1.0206889 1.017562 1.016614 1.0171427
1.0864079 1.0756205 1.018076 1.0216159 1.0194134 1.0200541 1.026279 1.02386 1.0863458 1.0735084 1.0160519 1.0165263 1.0346949 1.01431 1.0130136 1.0122019
1.0838859 1.0791465 1.0212675 1.0161968 1.0123972 1.0212703 1.0240217 1.0091903 1.0991205 1.0832695 1.0432891 1.0311322 1.0183735 1.0144888 1.01375 1.0198528
1.0765852 1.077231 1.0092094 1.016843 1.0109869 1.0194173 1.029983 1.0090016 1.0891829 1.072484 1.0069469 1.0124032 1.0181419 1.0105555 1.017955 1.0307558
1.0479445 1.0802186 1.0207963 1.0119764 1.0207679 1.0173913 1.0200039 1.0048653 1.0597224 1.0410573 0.9984574 1.0068082 1.0095062 1.0084337 1.0170748 1.0026988
1.0640129 1.0809377 1.0090019 1.0131879 1.0109042 1.0045019 1.0232598 1.0164869 1.0926117 1.0822926 1.011993 1.008885 1.0176172 1.0111536 1.0128224 1.0136763
1.0839902 1.0862699 1.0159762 1.0200492 1.0154995 1.0154476 1.010637 1.0106465 1.104606 1.085799 1.0245409 1.0165269 1.0195416 1.0177777 1.015241 0.99915254
1.1022106 1.0719908 1.019534 1.0156775 1.022466 1.0115589 1.022998 1.0103837 1.082062 1.0749971 1.0153499 1.0186758 1.0165163 1.0178281 1.0110121 1.0186054
1.0700904 1.0747188 1.0137817 1.0233117 0.9996943 1.009609 1.0155163 1.009449 1.0985847 1.0890676 1.0226628 1.0155953 1.0154653 1.0105989 1.0164928 1.0165286
1.0707921 1.0901741 1.0199664 1.0245099 1.0200136 1.0098814 1.0091501 1.0053756 1.0700234 1.100935 1.0273424 1.0169222 1.0161384 1.0169578 1.02703 1.0098375
1.0894881 1.0610518 1.027151 1.012021 1.0210344 1.0158238 1.0041467 1.0126157 1.0899231 1.0942187 1.0314441 1.0136024 1.0166515 1.0326449 1.0156701 1.005943
1.0703559 1.0540667 1.0171293 1.0089875 1.0059558 1.013157 1.0082772 1.0114298 1.0507057 1.0694454 1.0122964 1.0100049 1.0159528 1.0155704 1.0144134 1.0134199
1.0571182 1.0461986 1.016784 1.0057219 1.0161202 1.004869 1.0053148 1.0144044 1.0559843 1.0649003 1.0132887 1.0101553 1.0154686 1.0059738 1.0113018 1.0137081
1.0534035 1.0568236 1.005498 1.0158426 1.0024469 1.0127815 1.0037476 1.0091652 1.069877 1.0389313 1.011166 1.009691 1.0115635 1.0061951 0.99929255 1.0041549
1.0662507 1.0819939 1.0151305 1.0148547 1.0065991 1.0105375 1.0144446 1.0004442 1.077531 1.0556813 1.0226959 1.0124804 1.0149333 1.0003089 1.0046387 1.0069703
1.0901775 1.0696965 1.011907 1.0107367 0.999165 0.9994996 1.0074645 1.0057787 1.1003674 1.0715783 1.0142334 1.018817 1.0084552 1.0024686 1.0057176 1.0165362
1.079974 1.0886844 1.0129045 1.0092028 1.0131114 1.0077384 1.0182456 1.0079496 1.0938503 1.0667145 1.0150551 1.0090038 1.0168676 1.0063875 1.0001034 1.0165665
1.0858603 1.0762354 1.0099604 1.0093218 1.0117087 1.006178 1.0029031 1.0126249 1.085282 1.0679348 1.0140653 1.0187219 1.028551 1.000543 1.0101401 1.0180659
1.0765402 1.0553232 1.008044 1.0116718 1.0180534 1.0176879 1.012924 1.0181645 1.0897591 1.0781454 1.0170653 1.0318245 1.0181594 1.0111854 1.0060809 1.0123993
1.0541447 1.0664196 1.016583 1.0105385 0.9987603 1.006266 1.0023088 1.0177588 1.0731293 1.0700957 1.0329958 1.013151 1.0187328 1.0089173 1.004387 1.0137137
1.0501928 1.058595 1.0061482 1.0148778 1.0073619 1.018747 1.0097343 1.0198008 1.0730578 1.0621154 1.0023558 1.0076499 1.0110209 1.01283 1.005249 1.0093514
1.0728797 1.0717685 1.012698 1.0121157 1.0127099 1.0154399 1.0093626 1.011485 1.052954 1.0699846 1.0145828 1.0065514 0.99982804 1.0141206 1.0079736 1.0047084
1.0779206 1.0708491 1.0064399 0.9994078 1.0061642 1.0132236 1.003927 1.0178947 1.0726541 1.0648917 1.0043646 1.0007615 1.0041862 1.00595 1.0163262 1.0043075
1.094343 1.0818782 0.9995397 1.0066779 1.0011564 1.0173264 1.0106657 1.0129122 1.0695671 1.1032478 1.021878 1.0059007 1.0080996 1.0156692 1.0105549 1.0199013
1.0641195 1.0803179 1.0074741 1.0069909 1.001832 1.0135192 1.009354 1.0192443 1.0474317 1.0740838 1.0164846 1.0061669 0.99971694 1.0102587 1.0090303 1.0192446
1.0740265 1.0892413 1.0069014 1.0124899 1.0094713 1.0176605 1.0157906 1.0150044 1.0533081 1.0728226 1.0092283 1.0001404 1.0108151 1.0085348 1.0171705 1.017706
1.1011276 1.0552951 1.0127715 1.0178951 1.009337 1.0107187 1.0186758 1.0116316 1.0560246 1.0823349 1.0044456 1.0123584 1.0055126 1.0171899 1.0133097 1.0105295
1.0673784 1.0740285 1.0077748 1.0179008 1.0112616 1.0198789 1.0117201 1.0106257 1.0656852 1.0555712 1.0143791 1.0094973 1.0043932 1.0031981 1.0117513 1.009703
1.0783584 1.0738593 1.0158479 1.0204853 1.0096282 1.0084634 1.0074652 1.0181304 1.0527925 1.088237 1.015499 1.0151564 1.0033357 1.0070149 1.0043217 1.007497
1.0838505 1.0919601 1.016747 1.0136236 1.0147547 1.0144262 1.0120603 1.0072799 1.0773027 1.1086631 1.0067401 1.0150216 1.0082489 1.0088172 1.0077242 1.0250225
1.0800692 1.1027455 1.014595 1.0155762 1.0092995 1.0076026 1.0101103 1.0132536 1.0845903 1.1012466 1.0085764 1.0039775 1.018076 1.0109386 1.0217485 1.0182022
1.0885206 1.1137165 1.0188735 1.0165735 1.0109543 1.0156968 1.0208129 1.021426 1.0783918 1.1184399 1.0164626 1.019302 1.0084687 1.0199 1.020836 1.0172647
1.1062819 1.0827892 1.0157841 1.0173055 1.0108823 1.0188982 1.0144098 1.0152923 1.0776663 1.1013916 1.0182444 1.0114743 1.0110966 1.0221208 1.0244403 1.0418496
1.0886648 1.063563 1.0162072 1.0149972 1.0198911 1.0142499 1.0132835 1.0211734 1.0749941 1.1037701 1.0171195 1.007815 1.017706 1.0240656 1.0174177 1.0290785
1.0944564 1.0924051 1.0179147 1.0116397 1.010669 1.0145 1.0216771 1.0143197 1.0752611 1.0896895 1.013292 1.0157431 1.0138357 1.0216647 1.0099195 1.0152483
1.0701252 1.0860931 1.0169713 1.0111933 1.0122149 1.0121295 1.0132947 1.0132929 1.070957 1.0883572 1.0122973 1.0026892 1.0115739 1.0047526 1.0099636 1.0041431
1.0678943 1.0968344 1.0107622 1.0188718 1.0069792 1.0100136 1.0176098 1.0153892 1.0797279 1.0951803 1.0082271 1.0064229 1.007545 1.002131 1.0049038 1.0165565
1.0958184 1.0857542 1.0137919 1.0080503 1.0097541 1.0162054 1.0030539 1.0161431 1.0820622 1.0858188 1.0062605 0.99906594 1.0052874 1.0060924 1.0073148 1.0188316
1.0642763 1.1093794 1.0076994 1.0153248 1.0181633 1.016505 1.0173674 1.0181367 1.0780181 1.093211 1.0160162 1.0078118 1.0074002 1.0238781 1.0224522 1.0224402
1.0889304 1.1288365 1.0146589 1.0212016 1.0063587 1.0154562 1.0428905 1.0268852 1.1049747 1.1106443 1.0379902 1.0213275 1.0225244 1.0241666 1.0268883 1.0448647
1.1101481 1.1326205 1.0174824 1.0124146 1.0169039 1.0264262 1.0239112 1.0481025 1.1055069 1.106131 1.0238359 1.0170861 1.0212952 1.0249624 1.0495182 1.0201478
1.1338935 1.1055274 1.0152851 1.0182471 1.0411421 1.05269 1.01215 1.0253886 1.1020839 1.104292 1.017875 1.0139848 1.025202 1.0177107 1.0221571 1.0174537
1.0922176 1.0777754 1.0204211 1.0143652 1.0027307 1.0235728 1.0293717 1.017582 1.0811027 1.1134765 1.0113255 1.0096136 1.0204794 1.0066187 1.0203407 1.0159001
1.050846 1.0962416 1.0096581 1.016595 1.007568 1.0075314 1.0145086 1.018103 1.072354 1.0886604 1.0173037 1.0110192 1.0033633 1.0092753 1.0141594 1.0165951
1.0683287 1.0892532 1.0134901 1.0166572 1.0069504 1.0118448 1.0100063 1.0140263 1.08842 1.092609 1.0163226 1.0144912 1.0093362 1.0081264 1.0079265 1.0140138
1.077484 1.0837716 1.0149585 1.0169648 1.0147755 1.0139058 1.0175381 1.009602 1.0821654 1.0890812 1.0196428 1.0156665 1.0147806 1.0241143 1.0083503 1.0186051
1.0845066 1.1155976 1.0198197 1.0639412 1.0129385 1.0108254 1.0155321 1.0445755 1.1155783 1.1030777 1.0188279 1.0458275 1.0232891 1.0143368 1.0198803 1.0222778
1.1048025 1.1255244 1.0626488 1.046718 1.0120897 1.0254068 1.0095922 1.026626 1.098105 1.1172012 1.0414982 1.0411124 1.0209447 1.0149255 1.0227269 1.0432595
1.1269163 1.1062866 1.0431288 1.0214026 1.0274484 1.0533923 1.0472796 1.0440495 1.1040329 1.1123376 1.0422367 1.0240877 1.0193937 1.0362744 1.0463761 1.0186006
1.1207311 1.089592 1.0233006 1.0246104 1.0525182 1.0240214 1.0289346 1.017446 1.1086923 1.1064796 1.0235785 1.013301 1.021004 1.0266767 1.0207266 1.0160323
1.0975196 1.0928426 1.0222808 1.017685 1.0271271 1.0192163 1.0101122 1.0452497 1.0912858 1.1025015 1.0105225 1.0187837 1.0476682 1.0114733 1.0187366 1.0147082
1.0711246 1.1048126 1.0173745 1.0169603 1.0076917 1.0187482 1.0173206 1.0174227 1.0865178 1.0770729 1.0152426 1.0208236 1.0070354 1.0044369 1.0154849 1.0161766
1.0491277 1.0792828 1.0256225 1.0297867 1.0340325 1.0289445 1.0436604 1.0450835 1.1096979 1.1026196 1.045491 1.042516 1.0430837 1.0810671 1.0493921 1.0679739
1.0926285 1.0876639 1.0251999 1.0300374 1.0311928 1.0406735 1.047206 1.0871806 1.095404 1.1097882 1.0713956 1.0380335 1.0401896 1.0418642 1.0324788 1.035044
1.0852308 1.0742167 1.0295477 1.044429 1.0360231 1.0357444 1.0805905 1.0391743 1.1006018 1.1268994 1.0442897 1.0305468 1.0380552 1.1068372 1.1084504 1.1059397
1.1030452 1.103325 1.0489073 1.0488399 1.0928674 1.0425643 1.0418228 1.1108943 1.126522 1.1105775 1.0434386 1.1166958 1.1115838 1.0929738 1.048612 1.0960798
1.0891838 1.1120964 1.0455958 1.0452867 1.0422163 1.1014296 1.0989265 1.1042676 1.1091877 1.0988829 1.1071053 1.0486943 1.089165 1.0843052 1.0812324 1.0791569
1.0983067 1.11037 1.0479401 1.0739945 1.038495 1.1111621 1.1087911 1.0991603 1.1031163 1.0925215 1.0944597 1.0840555 1.0910708 1.04033 1.0445994 1.0422353
1.0845195 1.1015022 1.0723519 1.0795705 1.0786496 1.0887727 1.1028756 1.0464079 1.1083422 1.0942458 1.094391 1.0454232 1.0405589 1.0833234 1.1075753 1.0414667
1.0825874 1.0973114 1.0297916 1.0835679 1.0477223 1.08656 1.0440924 1.0419722 1.0782796 1.0974262 1.0690039 1.0369349 1.0984883 1.0375857 1.047109 1.0682212
1.0744903 1.0732026 1.0251131 1.0327339 1.0471463 1.0333391 1.0388463 1.0413218 1.0531865 1.070952 1.0368466 1.0507848 1.0201167 1.0153066 1.0629281 1.0542574
1.0806415 1.0637255 1.0261189 1.0320903 1.0433708 1.0347636 1.0400939 1.0275259 1.0629702 1.1000196 1.0380965 1.0359923 1.0607429 1.0179516 1.0916747 1.0284797
1.1154943 1.1156619 1.0326896 1.0507087 1.0436778 1.0370091 1.1011033 1.0420827 1.0764724 1.1271316 1.0326331 1.1214299 1.0191698 1.0304799 1.0918975 1.0801889
1.1062925 1.1058547 1.0519129 1.0549245 1.1191916 1.098932 1.0339451 1.0399083 1.1315917 1.11706 1.1219493 1.0491061 1.0911123 1.0785466 1.0903268 1.0346063
1.1111349 1.0849108 1.0488176 1.046748 1.0994922 1.0280881 1.0400158 1.0347521 1.102163 1.0877212 1.0512803 1.0761296 1.0967948 1.0282433 1.0466243 1.0861089
1.0912853 1.0880436 1.0475916 1.0721382 1.0558327 1.0450361 1.0532784 1.0801907 1.0986953 1.0857749 1.0741768 1.0435177 1.0916809 1.0933406 1.0873803 1.0666255
1.0756568 1.081178 1.0738754 1.0749791 1.0437707 1.0457543 1.068949 1.0606995 1.0820643 1.0952057 1.0390539 1.1012648 1.0479518 1.0617539 1.0634181 1.0833235
1.0959505 1.0886416 1.0279258 1.0810813 1.0408375 1.0425624 1.0728137 1.0365204 1.0911794 1.0854479 1.103224 1.0510145 1.0529379 1.0831565 1.0882685 1.0623299
1.0593609 1.0677861 1.035707 1.0332253 1.0417006 1.0380114 1.0332613 1.0373183 1.061829 1.0673529 1.0134951 1.0528203 1.0335207 1.0419583 1.0420263 1.068069
1.0850605 1.0879956 1.0329659 1.038136 1.0384189 1.0424252 1.0417255 1.0164369 1.08236 1.0704552 1.016924 1.0328625 1.0372869 1.0444291 1.0776981 1.0402576
1.1137489 1.0940422 1.042323 1.035918 1.1071159 1.0383713 1.0708086 1.0340127 1.081046 1.1089196 1.0281792 1.0873446 1.0353827 1.0374968 1.0892588 1.0694331
1.1092027 1.0750017 1.0981807 1.095112 1.0300568 1.069561 1.0296628 1.0338478 1.0911485 1.0744182 1.0796316 1.0316433 1.075194 1.0670922 1.0393672 1.0291278
1.0774102 1.0539147 1.0456909 1.0294111 1.0444034 1.0272682 1.0432293 1.0284687 1.0819702 1.091566 1.0359149 1.0923171 1.0893214 1.029362 1.0728425 1.0356061
1.0800368 1.0732199 1.0451494 1.0408171 1.0472844 1.040012 1.0345488 1.0268174 1.0960884 1.0777601 1.0867002 1.0720395 1.0371358 1.0347128 1.070494 1.0396115
1.0878013 1.0865322 1.0763551 1.0512757 1.0707695 1.0382993 1.0270814 1.0331277 1.077939 1.104583 1.0672517 1.0868492 1.0745586 1.0358297 1.0385321 1.0777698
1.074806 1.0533351 1.0447891 1.0445704 1.0697718 1.0386784 1.0307294 1.0254604 1.1125252 1.0686128 1.0864602 1.0572636 1.0389259 1.0635823 1.0729258 1.0653824
1.0687952 1.073056 1.0408442 1.0392627 1.0340015 1.0209961 1.0329351 1.0321139 1.0601387 1.0785673 1.0403972 1.073965 1.0297977 1.027904 1.0365056 1.030167
1.0938666 1.04436 1.0324024 1.0417718 1.0394444 1.0238048 1.0203334 1.0276335 1.0533116 1.0848974 1.0448778 1.0354877 1.0384853 1.0261079 1.0349847 1.0389715
1.0783484 1.0638967 1.0405722 1.0381752 1.0673003 1.0247661 1.0199449 1.0241941 1.071778 1.0808425 1.0443758 1.074908 1.0388114 1.0390363 1.0426817 1.0267901
1.0958365 1.0749305 1.0409014 1.0714247 1.0272268 1.0205814 1.0347234 1.0183781 1.0782851 1.0839367 1.072444 1.0315317 1.0399204 1.0270597 1.0278904 1.0421226
1.0727395 1.0648433 1.0399063 1.0305406 1.0443228 1.0360096 1.0256972 1.020501 1.107282 1.0822501 1.0298861 1.036642 1.0421944 1.0370374 1.0368752 1.0348762
1.0746706 1.0878171 1.0707359 1.0368813 1.0394214 1.0315048 1.0654762 1.0316051 1.0815861 1.1078382 1.0317563 1.0387905 1.0257508 1.0322611 1.0732008 1.0378858
1.0779008 1.0773981 1.0645279 1.0401366 1.0328101 1.0702869 1.0315487 1.0400264 1.0835952 1.0924864 1.0371857 1.0754246 1.0331553 1.0385396 1.0304598 1.0305266
1.0610135 1.0588769 1.0385029 1.0404662 1.0291808 1.0321662 1.0296793 1.0417747 1.1009076 1.0720254 1.0765755 1.0660952 1.036715 1.075958 1.0315404 1.0268589
1.0746837 1.0882624 1.0415899 1.0260906 1.0337147 1.0351855 1.0237055 1.0404121 1.0703068 1.078934 1.0278937 1.0311215 1.0265571 1.0298809 1.0285369 1.0310603
1.0472449 1.0662317 1.022775 1.0253785 1.0196178 1.0316089 1.0269674 1.0405643 1.083042 1.0615809 1.0321437 1.0323591 1.0285687 1.0336643 1.0199493 1.0239465
1.0712444 1.0675845 1.0303254 1.0196319 1.0171446 1.025369 1.0273911 1.0337272 1.0579259 1.0671906 1.0318834 1.0260834 1.0284784 1.0252025 1.0214053 1.0275215
1.084615 1.0946041 1.0380211 1.025056 1.0363989 1.0254103 1.0228419 1.0698901 1.079319 1.0784932 1.0321765 1.0378884 1.0250229 1.0246766 1.0237339 1.0267731
1.0723512 1.0702325 1.0341349 1.038588 1.0261707 1.023051 1.0232787 1.0308579 1.0900223 1.0617537 1.0378406 1.0327294 1.0254847 1.035092 1.0255755 1.0337512
1.0934672 1.0848572 1.0286161 1.0284376 1.070669 1.0204142 1.0287967 1.0682918 1.0614748 1.0716546 1.031569 1.0357305 1.0284622 1.0305103 1.0412946 1.0376636
1.0787278 1.0886363 1.0251082 1.0632278 1.0202957 1.0279175 1.0314236 1.0349692 1.0686641 1.066253 1.0334703 1.0293411 1.0238664 1.0364093 1.0247064 1.0334967
1.0524437 1.088276 1.0235875 1.0307052 1.0240247 1.0272288 1.0376611 1.0322239 1.096469 1.0669799 1.0317438 1.0308052 1.0300814 1.0396346 1.0413097 1.0339558
1.0461124 1.085835 1.0227629 1.0334234 1.0192982 1.0348167 1.034614 1.0371692 1.0665467 1.0744983 1.0361007 1.0336655 1.0401336 1.0352932 1.0355612 1.0330838
1.06581 1.089316 1.0313948 1.0293185 1.0244699 1.0342375 1.032082 1.0370791 1.0603404 1.0833832 1.0292944 1.0234178 1.0201173 1.0253783 1.0256253 1.0268939
1.064989 1.0864376 1.023219 1.0293181 1.0272464 1.0320381 1.0413835 1.03579 1.0707134 1.0858823 1.0248773 1.0308124 1.0329621 1.030994 1.0388738 1.0321392
1.0748718 1.0778724 1.016688 1.0201292 1.016988 1.0374278 1.0702622 1.0727402 1.0786484 1.0876311 1.0251197 1.0324647 1.0225195 1.0235564 1.0259733 1.085153
1.0690721 1.1059177 1.0213921 1.0180504 1.0211304 1.0754659 1.0892506 1.1023234 1.0846744 1.082808 1.0320826 1.0324055 1.037056 1.081547 1.0333843 1.0742173
1.0598545 1.0901699 1.027944 1.0169678 1.0291432 1.0878539 1.0325532 1.0854622 1.073542 1.0979303 1.0292442 1.0384612 1.0285848 1.0831699 1.0360295 1.0464073
1.1025543 1.0954306 1.0335988 1.0298187 1.0407453 1.0352569 1.0322962 1.0441903 1.0944712 1.0599682 1.0355048 1.0391586 1.0277542 1.042348 1.0329708 1.0329888
1.0706023 1.083037 1.038354 1.0263454 1.0368638 1.0320095 1.0326377 1.041068 1.088536 1.0561755 1.0387253 1.0319449 1.0250585 1.0409622 1.0318654 1.0284251
1.0682633 1.0663692 1.0357962 1.0383817 1.0334545 1.0366414 1.0381312 1.0327363 1.0808654 1.0810212 1.0288274 1.0324502 1.0309527 1.0340292 1.0371546 1.0293211
1.0764364 1.0878925 1.0411046 1.0360982 1.0322075 1.0396826 1.0449532 1.0408105 1.0799643 1.0935355 1.0267738 1.0276985 1.0238845 1.0336486 1.038693 1.0486524
1.0688059 1.0708638 1.0332223 1.0323879 1.0362841 1.0475225 1.0317407 1.048153 1.0909742 1.0984837 1.02407 1.0282896 1.0280793 1.0441551 1.0903739 1.0492678
1.0906768 1.0839212 1.0654743 1.0397133 1.0695155 1.0289358 1.092014 1.0477836 1.0835265 1.1219639 1.0263315 1.0782261 1.0382509 1.0444583 1.0930226 1.0992178
1.0771147 1.1236559 1.0270358 1.0676299 1.0775012 1.0911916 1.1100122 1.1127404 1.1257942 1.1278722 1.0835325 1.0687934 1.086254 1.1010135 1.0950176 1.1076522
1.0952629 1.1395245 1.0661457 1.089973 1.0328146 1.1091835 1.0926279 1.116633 1.1057148 1.090241 1.0673374 1.0393035 1.0969038 1.1053356 1.0393409 1.0749937
1.0829313 1.0934796 1.0403374 1.0321363 1.0374528 1.0934094 1.0447785 1.0860276 1.1161215 1.0667711 1.0404904 1.0275168 1.1025741 1.084051 1.0328143 1.0452738
1.0880203 1.0901822 1.02977 1.0282512 1.0326076 1.0260143 1.0348785 1.0790753 1.0903556 1.0818222 1.0286756 1.0294181 1.0252914 1.0424217 1.0404462 1.028121
1.0699563 1.0794892 1.0474793 1.0387517 1.0369467 1.0356947 1.0436823 1.0469527 1.0998344 1.0875748 1.0427594 1.0666282 1.0331438 1.0298815 1.0336198 1.0413746
1.0717674 1.0842872 1.0411917 1.0359287 1.0366455 1.0390604 1.04401 1.086566 1.0979778 1.0987912 1.0377407 1.0358115 1.0370712 1.0442375 1.0411122 1.0505121
1.0861328 1.0777495 1.0404855 1.0392824 1.0399755 1.0381674 1.0831383 1.0440819 1.0977181 1.0986377 1.0363684 1.0986568 1.0446641 1.0398253 1.0389539 1.0923797
1.0851274 1.1092435 1.1154081 1.0693064 1.0321199 1.0924203 1.0462388 1.1159118 1.1017375 1.0982807 1.1063159 1.0905703 1.0413301 1.0915015 1.043817 1.095076
1.1121918 1.1093159 1.1070199 1.0852413 1.0864455 1.0960749 1.1040833 1.1010158 1.1164198 1.1252859 1.1006576 1.084988 1.1022446 1.0983391 1.1008078 1.089651
1.1171637 1.0939476 1.0454934 1.0851552 1.102608 1.0868074 1.1016958 1.0878384 1.1061704 1.1125115 1.0878385 1.0450332 1.1018218 1.0801494 1.1091529 1.0731671
1.0886241 1.0798993 1.0463933 1.0388153 1.0949874 1.0380113 1.098381 1.0424932 1.1050336 1.1003029 1.0436555 1.0401478 1.0797529 1.0380424 1.0913459 1.0356071
1.1013049 1.0960647 1.0459684 1.036946 1.0309005 1.0389124 1.0478629 1.042333 1.1041027 1.069958 1.0387878 1.0673767 1.0381346 1.0266855 1.0404215 1.0818218
1.053079 1.0887842 1.0333829 1.0342772 1.044215 1.0298923 1.0301876 1.0404768 1.1082941 1.0477304 1.0458488 1.0729762 1.0387756 1.0195669 1.0484517 1.0148865
1.066929 1.1281167 1.0283539 1.0326527 1.0416464 1.0538497 1.038677 1.0444229 1.0872277 1.0869739 1.0453491 1.0419791 1.0280603 1.0173688 1.0955366 1.0284451
1.1136132 1.1087486 1.0289823 1.0359248 1.0463272 1.0492848 1.0937976 1.1142917 1.1381242 1.108058 1.0468348 1.1057178 1.111678 1.0908302 1.0865589 1.0714309
1.1156247 1.1175935 1.0440934 1.0968318 1.1148243 1.0491323 1.0446917 1.1131324 1.1025878 1.1053087 1.1127601 1.0883619 1.0993278 1.0963995 1.0882487 1.0329274
1.1171888 1.079892 1.0458694 1.0424721 1.1084216 1.0756936 1.0384969 1.0550425 1.0990795 1.0838346 1.094295 1.083804 1.0914643 1.0889515 1.0521517 1.0916431
1.1016495 1.0873759 1.047438 1.0414765 1.0499779 1.0782955 1.0775604 1.0461185 1.1060565 1.0916044 1.0813713 1.0432363 1.0447179 1.0498174 1.0902793 1.0657493
1.09583 1.1030172 1.031406 1.0747387 1.0804011 1.0438304 1.044401 1.0423161 1.0704894 1.0783634 1.0361671 1.076725 1.0361046 1.0719416 1.056179 1.0742397
1.0718086 1.090496 1.0319574 1.0358951 1.046234 1.0852458 1.0457407 1.0436553 1.1003234 1.072361 1.0712221 1.0806113 1.0717847 1.0505227 1.0709468 1.0508503
1.0741863 1.0735466 1.034459 1.0295849 1.0392462 1.0407444 1.0406998 1.0263858 1.0702026 1.0495719 1.0401645 1.023506 1.062251 1.0381368 1.0339351 1.0407991
1.0752152 1.1201106 1.0310824 1.0405121 1.0354669 1.0279624 1.1074324 1.0390636 1.1161373 1.0879083 1.0356203 1.022797 1.0990031 1.0352356 1.075673 1.0398618
1.0939021 1.0943354 1.0374136 1.0991297 1.0346324 1.0367599 1.0325339 1.0359676 1.1498944 1.1066761 1.1273497 1.091093 1.1046767 1.0759338 1.0880461 1.0613735
1.117283 1.0975605 1.0957835 1.0553682 1.0988222 1.0370021 1.0466722 1.0362598 1.0906003 1.08222 1.0530307 1.0964621 1.0900834 1.0894989 1.0391899 1.0252001
1.0740943 1.079609 1.044934 1.0389341 1.0253851 1.0313625 1.0478623 1.0737303 1.072624 1.0977077 1.0776889 1.0858208 1.0529019 1.0387276 1.0747004 1.0362707
1.100939 1.0701716 1.0417626 1.078621 1.0411495 1.0764722 1.0709087 1.0596573 1.0989552 1.0735376 1.0421824 1.0501378 1.075639 1.0746375 1.0623772 1.0352936
1.0925713 1.0777997 1.0718625 1.0414225 1.040856 1.0481579 1.0615487 1.0377547 1.1018326 1.0884159 1.1021408 1.0830623 1.0562863 1.0651509 1.0378586 1.0769494
1.0733086 1.07176 1.0320295 1.043313 1.0314763 1.0429091 1.0696121 1.0348141 1.0872378 1.0764169 1.0504565 1.0545826 1.0675868 1.0458361 1.0451201 1.067234
1.0693524 1.0876082 1.0446111 1.0327569 1.0406448 1.0399743 1.040972 1.0201648 1.0615437 1.060237 1.0152223 1.033614 1.0320735 1.0347507 1.0397663 1.0303864
1.0904309 1.0810778 1.0351723 1.0393124 1.0407096 1.0184294 1.0723608 1.0362245 1.0863929 1.0913757 1.0339665 1.0376151 1.0782149 1.0375693 1.0419105 1.0372454
1.0801258 1.0838882 1.0418743 1.0357609 1.0401517 1.0352855 1.0317671 1.0335042 1.1011369 1.0916753 1.0852002 1.0790693 1.0872132 1.0427676 1.036146 1.0213118
1.0943083 1.0785474 1.0409062 1.0378522 1.0752797 1.03372 1.0434875 1.0338706 1.0811397 1.0880164 1.0343659 1.086565 1.0363454 1.0415245 1.0310782 1.0377756
1.0612428 1.0789039 1.0337325 1.0731447 1.0251087 1.0282611 1.0386741 1.030359 1.1053563 1.0871643 1.0971676 1.0390161 1.0758458 1.030854 1.0373725 1.0341114
1.0830749 1.0906969 1.0749887 1.0661999 1.0402427 1.0284398 1.030268 1.0308391 1.0706904 1.0955055 1.0680252 1.0727692 1.0677848 1.0338035 1.0775158 1.0340993
1.0823548 1.0715349 1.0658506 1.0425915 1.0398068 1.0361627 1.0300573 1.0291342 1.0877678 1.1008737 1.0844768 1.0644007 1.0416049 1.082008 1.037149 1.0337679
1.0761771 1.054831 1.0387456 1.0350715 1.0324645 1.0345086 1.0247966 1.0244745 1.0664002 1.0515649 1.0514834 1.0366122 1.0395019 1.0394056 1.0307168 1.0268079
1.0628684 1.0553021 1.0382599 1.0231504 1.0357534 1.0264283 1.0214311 1.0291575 1.0640304 1.0761023 1.0437229 1.0367434 1.0407648 1.0281512 1.0296282 1.0332322
1.0597707 1.06686 1.0217266 1.0337005 1.0229475 1.0294594 1.02021 1.0264986 1.0659984 1.0476524 1.0357647 1.032625 1.0385296 1.0257115 1.0189615 1.0215687
1.0810694 1.0763806 1.034749 1.0317686 1.0272114 1.0323607 1.0374575 1.0225652 1.0914121 1.0566192 1.0741469 1.0397278 1.0367821 1.0208968 1.0255125 1.0255445
1.0988301 1.0656334 1.0318698 1.0327029 1.0223156 1.0207582 1.0244453 1.0171753 1.1051916 1.0800351 1.0326846 1.0416222 1.0303351 1.019029 1.0252981 1.0343233
1.0722479 1.0928881 1.0316823 1.0297862 1.0330634 1.0230947 1.0704601 1.0329851 1.0870048 1.0711514 1.0375022 1.029319 1.0357256 1.0279955 1.0233288 1.0355059
1.0782967 1.0721359 1.0296589 1.0320466 1.0321391 1.0317913 1.0295687 1.0372666 1.0922903 1.0695798 1.0430576 1.0345348 1.0820187 1.0223526 1.0397896 1.0362918
1.0851567 1.0613736 1.0318595 1.0285968 1.0316033 1.0737047 1.0384694 1.0402766 1.1140913 1.1011134 1.0808898 1.0826672 1.0384148 1.0417721 1.0280123 1.0403012
1.0600882 1.0652345 1.0405948 1.024805 1.0230669 1.0272343 1.0247761 1.0388013 1.0808189 1.0893167 1.0727195 1.0391415 1.0368872 1.0305207 1.0299323 1.0342673
1.0622193 1.0685158 1.0261098 1.0309641 1.0257747 1.040387 1.0291443 1.0433944 1.0843629 1.0669703 1.0316046 1.029661 1.0290954 1.0309447 1.0275775 1.0300184
1.0732859 1.0622071 1.0273254 1.0315027 1.0302459 1.0395691 1.0312427 1.0372504 1.0692012 1.072178 1.0345349 1.029461 1.0211022 1.031281 1.0333123 1.0290866
1.07119 1.0850347 1.0209057 1.0225475 1.0229994 1.0386348 1.0191785 1.0648109 1.0822753 1.0696568 1.0285902 1.0246333 1.0225207 1.0262583 1.0321736 1.0242645
1.0928165 1.0730771 1.0206959 1.0210061 1.0227972 1.0702441 1.0232062 1.0320174 1.0776416 1.0902745 1.038625 1.0231332 1.0267471 1.0347842 1.0265738 1.087676
1.0549184 1.0740894 1.0215479 1.0282891 1.0193261 1.0319803 1.0281204 1.0714918 1.0443301 1.0720712 1.030362 1.024061 1.0221642 1.0262007 1.03107 1.0769181
1.0786366 1.1056486 1.0301888 1.0359564 1.0185211 1.0719287 1.0417703 1.0403043 1.0528822 1.0935144 1.0279573 1.0233934 1.0382037 1.0294014 1.0385026 1.0433465
1.1146343 1.0675374 1.0346919 1.0400451 1.0275395 1.0311404 1.0429333 1.0332077 1.0705076 1.0804818 1.027767 1.038717 1.0249316 1.0427375 1.0348262 1.0344368
1.0725067 1.0714442 1.0281199 1.0380698 1.0370313 1.0392613 1.0363724 1.0306135 1.0729904 1.0581638 1.0301535 1.0276694 1.0242938 1.0246158 1.0300148 1.0283657
1.0841302 1.0762776 1.03335 1.0433525 1.0348281 1.0354671 1.0332013 1.0413038 1.0574853 1.0893878 1.0348358 1.0340474 1.0237714 1.0289067 1.0238293 1.0358069
1.0880951 1.089913 1.0414977 1.0394186 1.0406104 1.038013 1.0426788 1.0357184 1.0802042 1.1246548 1.0267198 1.0355449 1.0335354 1.0331725 1.0406424 1.051248
1.0922453 1.0996164 1.0405799 1.0671078 1.0311251 1.0385171 1.0819575 1.0856485 1.0710039 1.1046659 1.0280807 1.0270878 1.0386112 1.041512 1.0863419 1.0572445
1.0870372 1.11057 1.0722055 1.0312787 1.0405425 1.0751191 1.0904843 1.1043328 1.0794404 1.1198697 1.0348393 1.0364243 1.0255936 1.0869684 1.0962723 1.1050732
1.0961682 1.0857818 1.0270238 1.0640281 1.0682089 1.0934258 1.03683 1.0798054 1.0802722 1.0951357 1.0269593 1.0245074 1.0280436 1.094963 1.0934557 1.1014968
1.0916976 1.0685453 1.063954 1.0399755 1.0845377 1.0866561 1.0342448 1.044862 1.0939381 1.1048808 1.0381541 1.0269439 1.0412339 1.100753 1.0418383 1.085704
1.1004804 1.0994934 1.0411611 1.0331681 1.0304239 1.0358119 1.0423717 1.039125 1.0903729 1.0911986 1.0420592 1.0436692 1.0351192 1.0439762 1.0360882 1.0463963
1.0745652 1.0832747 1.0351019 1.032976 1.0355458 1.0398836 1.0331693 1.0370609 1.0757289 1.0879827 1.0319005 1.0268161 1.0372579 1.0255305 1.0355729 1.0290259
1.0722079 1.0896791 1.0355189 1.0389757 1.0408927 1.0383496 1.0406138 1.0409207 1.0731825 1.100101 1.0396088 1.0267345 1.0271364 1.0242281 1.0336989 1.0432492
1.0903853 1.0701909 1.0394007 1.0338339 1.0352241 1.0403348 1.0331047 1.0448469 1.0899793 1.0905181 1.034933 1.0225239 1.0246547 1.0288289 1.037603 1.0450716
1.0654837 1.0871449 1.0355135 1.0751574 1.0446224 1.047586 1.0935066 1.0483226 1.0807546 1.0988648 1.101613 1.0287846 1.0348755 1.0895815 1.0520444 1.099948
1.0895442 1.1213844 1.0669132 1.0871136 1.0319906 1.0465573 1.1047496 1.1074053 1.1111434 1.1100762 1.0978943 1.0812172 1.0861809 1.094265 1.1084799 1.10535
1.1185608 1.1131355 1.0868347 1.0761918 1.088818 1.1126624 1.0868479 1.1084963 1.1110464 1.1102899 1.0852989 1.0680928 1.0946815 1.0892339 1.110531 1.0927211
1.1334167 1.0905161 1.0893701 1.0385538 1.105715 1.1211623 1.0389801 1.0838718 1.1169074 1.1043283 1.0466115 1.0372328 1.0951298 1.039088 1.0963993 1.0783591
1.0951906 1.0857744 1.0443321 1.0371197 1.0283029 1.1003673 1.0898343 1.0802865 1.0915809 1.1204588 1.0430174 1.0305521 1.0417176 1.031509 1.0916538 1.044131
1.0633894 1.1137494 1.0360571 1.0384841 1.036361 1.0327059 1.0382651 1.085628 1.0671067 1.0899931 1.0724527 1.0299448 1.0244391 1.035304 1.0409203 1.0438921
1.0734453 1.0840234 1.0406634 1.0413904 1.0345923 1.0406772 1.043355 1.087316 1.1123773 1.0997858 1.0454987 1.0778055 1.0362867 1.0343341 1.0366377 1.0390862
1.0770729 1.0857584 1.0390213 1.0413973 1.0429521 1.0411597 1.0429314 1.0443172 1.0990541 1.092111 1.0517712 1.0409684 1.0354817 1.0452943 1.0412859 1.0507593
1.0886089 1.1146415 1.0457327 1.1181391 1.0395681 1.0403872 1.0806302 1.1128949 1.1189567 1.1160337 1.0448703 1.1100403 1.1111734 1.0458354 1.0496335 1.1020415
1.1057106 1.1197863 1.1167305 1.1113743 1.0445286 1.1084085 1.0444385 1.1033403 1.1065116 1.1253259 1.1147281 1.0926502 1.0499822 1.0981447 1.1021473 1.108623
1.133915 1.1199591 1.1112924 1.0465357 1.1113739 1.1187534 1.1142677 1.1010276 1.0887418 1.1141961 1.0888331 1.0841455 1.0829821 1.1012664 1.1076808 1.0849537
1.1277286 1.0878999 1.0508469 1.0473665 1.1164047 1.0814209 1.1113569 1.0450472 1.0964721 1.1102902 1.0825007 1.0398102 1.0480239 1.0725558 1.0881629 1.0757064
1.0914165 1.0943637 1.0462188 1.0471092 1.0858524 1.0872489 1.0458254 1.1050788 1.0929333 1.0989709 1.0383267 1.0811021 1.1068225 1.0403091 1.0841702 1.04179
1.0739678 1.0972135 1.0441647 1.0419593 1.0321647 1.08949 1.0452946 1.039488 1.0963202 1.0935527 1.0739164 1.0818496 1.050875 1.0298803 1.0409575 1.041807
1.0572315 1.0793104 1.0285763 1.0337632 1.0382286 1.0369142 1.0440329 1.076565 1.1037735 1.0956444 1.050133 1.0432068 1.0440885 1.0978612 1.0697511 1.0927733
1.0878824 1.0794781 1.0359828 1.038374 1.0368296 1.0423055 1.0463259 1.0553255 1.0964402 1.0980568 1.0773125 1.0425663 1.0445 1.0511217 1.0398709 1.0453606
1.0824063 1.0757394 1.0352867 1.1023484 1.0411464 1.0440736 1.054335 1.0439445 1.1103066 1.1213372 1.0508642 1.0405172 1.0481912 1.1243864 1.1228389 1.122998
1.0973507 1.0995948 1.0974761 1.0965222 1.0508101 1.0972043 1.0478343 1.1284964 1.1372896 1.1260737 1.0464542 1.1223153 1.1259725 1.110452 1.1073043 1.1142011
1.1101743 1.1261053 1.0981071 1.1024309 1.0940531 1.1126535 1.1160828 1.104556 1.1144826 1.093947 1.1258289 1.1115273 1.1030806 1.0905913 1.1044939 1.0535938
1.0995015 1.1085533 1.1027162 1.0846071 1.0445082 1.1229093 1.1107028 1.1021516 1.0962692 1.096519 1.1122689 1.1009535 1.0560578 1.0461894 1.0876539 1.0498308
1.0820625 1.0893514 1.0805724 1.0919894 1.0896878 1.0529641 1.1048384 1.0515147 1.1044058 1.0949575 1.1044279 1.0929686 1.0486779 1.1019257 1.1196234 1.051368
1.0816216 1.0853814 1.0362669 1.0998855 1.053232 1.0939376 1.0742676 1.0465773 1.0764383 1.0899236 1.0756022 1.0440638 1.1033436 1.0451504 1.0622977 1.090879
1.060272 1.0707141 1.0327917 1.0386041 1.0524572 1.0451864 1.0449458 1.051747 1.0498967 1.0757902 1.0361302 1.0713414 1.024207 1.0140971 1.0766776 1.069945
1.0730273 1.0753617 1.0347726 1.0392303 1.048649 1.0419585 1.0479348 1.0316426 1.0493833 1.0927383 1.039122 1.042109 1.0736768 1.0219507 1.0537386 1.0372623
1.0900517 1.0993879 1.0350889 1.1059573 1.0504901 1.0492775 1.1108834 1.0462316 1.0802951 1.1304188 1.0377761 1.136365 1.0242609 1.0417266 1.1101037 1.0970705
1.1087685 1.0971196 1.1066839 1.107751 1.1191645 1.1091782 1.0423517 1.0456773 1.119455 1.1150712 1.1293188 1.1058089 1.0543851 1.0937343 1.0944041 1.0492694
1.1003032 1.0849864 1.0959669 1.0920238 1.1156534 1.0342535 1.0927713 1.0392044 1.1065729 1.0935352 1.099375 1.0915277 1.1040344 1.040802 1.0781168 1.0476149
1.1027328 1.1061975 1.1036683 1.077696 1.0646206 1.0972064 1.093033 1.0947866 1.0943923 1.0837152 1.1022807 1.0884283 1.1006811 1.0563442 1.0956906 1.0850997
1.0747753 1.0739454 1.0754669 1.0851045 1.0472623 1.0858063 1.0737842 1.0693109 1.0853482 1.093434 1.0895241 1.1141816 1.0878788 1.081392 1.0784539 1.0943238
1.0803946 1.0886438 1.0329137 1.0957355 1.0408987 1.0471267 1.0729713 1.0647354 1.0923518 1.0912083 1.1133089 1.0739276 1.0792532 1.1045014 1.101827 1.0769676
1.0741414 1.0587095 1.0438273 1.040105 1.0441613 1.0626541 1.0375415 1.0411868 1.073803 1.0669824 1.0175421 1.0668396 1.0447855 1.0724528 1.0529221 1.0804067
1.0933205 1.082422 1.0345762 1.043656 1.0513384 1.0627565 1.0423782 1.0252773 1.0948862 1.0710572 1.0286982 1.0409503 1.0501435 1.0721834 1.0521965 1.0441529
1.1119237 1.0895 1.0440148 1.0465834 1.1156037 1.0370598 1.0465636 1.0386758 1.0698999 1.1210518 1.0368538 1.1041523 1.0417935 1.0373862 1.1076175 1.0859593
1.1108869 1.0764778 1.0514466 1.1044035 1.037722 1.0470672 1.0339278 1.0351664 1.0920495 1.0795887 1.0975355 1.0452036 1.0433749 1.0766462 1.0432044 1.0316137
1.0827796 1.0570627 1.0966142 1.0340909 1.1039125 1.0296364 1.047274 1.0297885 1.0830268 1.0831022 1.0475451 1.0514333 1.0914415 1.0362349 1.0855619 1.0363963
1.1079963 1.0711461 1.0487721 1.0981814 1.0864798 1.0406977 1.0406291 1.0389808 1.0867618 1.0885266 1.0498946 1.0858204 1.0403476 1.0377848 1.0923909 1.0434526
1.0869495 1.0897845 1.0891887 1.0910399 1.0767319 1.0447499 1.0306892 1.0430472 1.0853071 1.1086673 1.0762482 1.0969005 1.0833516 1.0423169 1.0506483 1.0964563
1.0826774 1.0609018 1.0478978 1.0485106 1.0718371 1.0440277 1.035327 1.0316463 1.117493 1.0714638 1.0955737 1.0679445 1.0495877 1.0854512 1.0858866 1.0769845
1.0666502 1.076905 1.0440612 1.0621943 1.0388182 1.0343163 1.0385982 1.0398061 1.0581114 1.0773308 1.0661924 1.0878415 1.0378543 1.0332558 1.0370136 1.033479
1.0736455 1.0517162 1.0386297 1.0644219 1.0421602 1.0338975 1.0298523 1.0332329 1.0419984 1.0670586 1.0666566 1.0368123 1.0371895 1.0318837 1.0417084 1.0414909
1.0714673 1.0633694 1.0465626 1.0401124 1.0471746 1.0309762 1.0278496 1.0309392 1.0757619 1.0843579 1.0468478 1.089798 1.0535997 1.0422428 1.0463067 1.0335534
1.083448 1.0830461 1.048395 1.0489099 1.035118 1.0344337 1.0346636 1.0334324 1.076139 1.0660884 1.0913236 1.0360236 1.0413665 1.0341117 1.0312139 1.0412589
1.0671345 1.0559673 1.0422727 1.0369868 1.0491018 1.0400856 1.0312243 1.0221299 1.0936693 1.0759097 1.0345352 1.0407029 1.0429547 1.0406828 1.0400784 1.0323567
1.0756037 1.084222 1.0907059 1.0411991 1.0430769 1.0361519 1.0446099 1.0361286 1.068241 1.0928237 1.0424163 1.0497407 1.0306306 1.0314424 1.0876483 1.0434061
1.0876806 1.0895811 1.079568 1.0474252 1.0397514 1.0463725 1.0436856 1.0463188 1.0751489 1.0949663 1.0419378 1.0883292 1.03178 1.0451899 1.0332187 1.0365821
1.0665694 1.0663131 1.061828 1.0431793 1.0308697 1.036247 1.0435611 1.0409907 1.0990709 1.0562893 1.0962901 1.0767037 1.0409496 1.0836481 1.0450206 1.0321618
1.0561641 1.0977373 1.0466113 1.0438526 1.0405695 1.0459999 1.0318058 1.0469562 1.0673078 1.070816 1.0351086 1.0328996 1.0302564 1.0407925 1.0362786 1.038975
1.0562485 1.0726545 1.026559 1.0369617 1.0306294 1.0381811 1.0296164 1.0793256 1.0793616 1.0518287 1.0363648 1.0339625 1.040019 1.0431906 1.0232925 1.0258813
1.0661542 1.0587344 1.0357245 1.0261062 1.0284072 1.0319331 1.0361233 1.034231 1.0570269 1.0530343 1.0358853 1.0317676 1.0335087 1.0262102 1.0277605 1.0308751
1.0914685 1.0931656 1.0424767 1.0407614 1.0366169 1.0321205 1.0261623 1.044988 1.0642196 1.0660548 1.0389955 1.0392561 1.0290027 1.0305712 1.0284224 1.0326636
1.0634087 1.0740774 1.0366169 1.0447235 1.0336728 1.023965 1.0220071 1.0333773 1.0882771 1.0736814 1.0424979 1.0301619 1.0338205 1.0419002 1.0334814 1.0367594
1.0969896 1.0888314 1.0419749 1.0317959 1.0425398 1.0176599 1.040937 1.049574 1.0698183 1.0762917 1.0310706 1.0435048 1.0333253 1.0348741 1.0521822 1.0486128
1.0806577 1.0933193 1.0357413 1.0398967 1.0313933 1.0354016 1.067771 1.0347954 1.08968 1.0837468 1.0431296 1.0372748 1.0251718 1.045468 1.0319078 1.0395396
1.0510179 1.0884867 1.0303236 1.0362918 1.0371168 1.0359756 1.0812589 1.0368443 1.096378 1.0684174 1.0409786 1.0348966 1.0393113 1.0432383 1.0491868 1.0423819
1.0644462 1.0685276 1.0304227 1.042849 1.0261959 1.0383397 1.0353432 1.041261 1.0739545 1.0833617 1.0493002 1.045099 1.0452111 1.0398216 1.0461022 1.0379189
1.0644618 1.0849062 1.0394782 1.0422992 1.031736 1.0325757 1.029362 1.0389931 1.0746181 1.0605915 1.03765 1.0262367 1.0259748 1.0280412 1.031068 1.0281734
1.0746665 1.0753057 1.0351028 1.0320722 1.0335035 1.0301812 1.0457087 1.0420239 1.0530577 1.0965047 1.0311748 1.0364665 1.0329373 1.0290816 1.04119 1.0403814
1.0811014 1.0634764 1.0276172 1.0240449 1.0175866 1.0363309 1.0421956 1.0486262 1.0756824 1.093724 1.0301518 1.0387805 1.0265607 1.0271298 1.0375636 1.1059127
1.0836425 1.1065158 1.026304 1.0203183 1.0211575 1.047195 1.047407 1.0598774 1.0904343 1.082202 1.0318516 1.035691 1.0375115 1.0979351 1.0425773 1.0987366
1.0711172 1.1143563 1.0311298 1.0152097 1.0333235 1.0478014 1.0382164 1.104613 1.0839739 1.1050696 1.036899 1.0460382 1.0381602 1.1043333 1.041808 1.0468892
1.1168872 1.0841079 1.0434291 1.0347155 1.076175 1.044209 1.0305767 1.041254 1.0998523 1.0540637 1.0422908 1.0486369 1.0371039 1.042878 1.0433749 1.0361726
1.0756068 1.083193 1.0438582 1.0351236 1.0783108 1.0310324 1.032742 1.0412773 1.0840015 1.0567188 1.0460571 1.0365391 1.0359643 1.043436 1.036115 1.0317065
1.0551676 1.0746527 1.0396366 1.0402141 1.032861 1.0406352 1.0424838 1.0408615 1.0719408 1.0787921 1.0309262 1.0365882 1.0314041 1.0366899 1.0461627 1.034855
1.0840956 1.0848792 1.074012 1.0324816 1.027103 1.0493462 1.0462638 1.0474229 1.0832053 1.0954821 1.0320859 1.0274566 1.0269269 1.0380453 1.0425893 1.0527968
1.0707607 1.0867782 1.0388961 1.0299542 1.0356746 1.0482192 1.0325729 1.0505638 1.0607079 1.1066357 1.0238211 1.03303 1.0301496 1.0457506 1.1067404 1.0559808
1.0899091 1.0690466 1.0393407 1.0412827 1.0401992 1.0347257 1.10047 1.0958565 1.0855789 1.107071 1.028922 1.092523 1.04193 1.0500485 1.1113813 1.1142913
1.0825535 1.1228247 1.0297126 1.0390445 1.0401717 1.0999438 1.1188956 1.1290941 1.1278135 1.1093282 1.0995388 1.0927217 1.101372 1.1231633 1.0504234 1.1258665
1.1078218 1.1343672 1.0455766 1.0508504 1.0425382 1.1214918 1.102207 1.1246455 1.1129159 1.0906758 1.0930102 1.0426581 1.1248267 1.1306454 1.0463365 1.0892245
1.0767928 1.0786033 1.0431716 1.0422146 1.0368425 1.1018374 1.0468864 1.0549504 1.0994128 1.067296 1.0431819 1.0336694 1.0585463 1.1037247 1.0359417 1.045693
1.0966166 1.0766623 1.0348995 1.0304216 1.0306345 1.0363666 1.0371156 1.0805333 1.0944992 1.0850818 1.0321882 1.0359718 1.0292499 1.0471958 1.0438745 1.0375531
1.0666883 1.0973897 1.0519681 1.0393771 1.041758 1.04149 1.0501548 1.0827482 1.0924085 1.0832016 1.0472716 1.0952549 1.0340124 1.036187 1.0393606 1.0451254
1.072735 1.0888885 1.0459727 1.0386347 1.0419927 1.0395967 1.0497411 1.0560324 1.095167 1.0920801 1.0451852 1.0461688 1.0380427 1.0483742 1.0480676 1.1099945
1.076096 1.0861393 1.0447254 1.043161 1.0418324 1.0431453 1.0582205 1.0480995 1.095539 1.0936192 1.0486327 1.121076 1.0456145 1.049536 1.044377 1.1058497
1.095084 1.0995128 1.113164 1.0476146 1.0376952 1.0917648 1.0482974 1.1266907 1.1067104 1.1077243 1.1174527 1.1100972 1.0474054 1.115903 1.0972295 1.1057969
1.1078888 1.1229914 1.1256794 1.0501299 1.0925372 1.1085533 1.1169405 1.1052771 1.1185284 1.1223241 1.1214308 1.0577012 1.1325122 1.1147206 1.1232696 1.1023848
1.116982 1.0944095 1.0473788 1.1035267 1.1155944 1.0960236 1.1054847 1.091805 1.1177269 1.1149671 1.0581338 1.0491718 1.1214164 1.0963265 1.1180042 1.0855412
1.0970645 1.0845219 1.0449862 1.0383061 1.1037258 1.0409546 1.1052458 1.0467901 1.1075944 1.0822533 1.045738 1.0477706 1.1007532 1.0399239 1.1158978 1.0390583
1.0847579 1.0936372 1.0481076 1.0356034 1.0334942 1.0419543 1.0797733 1.0502645 1.1089685 1.0702196 1.049339 1.0904071 1.0417061 1.0353893 1.0466964 1.0995673
1.0501922 1.0772272 1.0370635 1.0390388 1.0465573 1.0384483 1.0320239 1.0454313 1.112599 1.0625447 1.0471311 1.0820185 1.0417485 1.0282528 1.0667611 1.0202739
1.0736321 1.1199486 1.0337424 1.0316246 1.0482203 1.1129428 1.0445976 1.0484874 1.0935731 1.0899076 1.0446218 1.0471586 1.0381736 1.0227855 1.0547004 1.0351198
1.1059248 1.1112814 1.0340475 1.041266 1.0495926 1.106029 1.047267 1.1225607 1.1398996 1.1105015 1.0496596 1.1308115 1.1302103 1.0551693 1.1041484 1.0903274
1.1031809 1.1026989 1.1043168 1.0482416 1.1165912 1.1077162 1.0961763 1.1303315 1.111124 1.1045618 1.1261775 1.1030563 1.1125007 1.1085731 1.0993379 1.0451066
1.09925 1.0796572 1.1061983 1.0973746 1.1213552 1.0840133 1.0457048 1.0621995 1.103916 1.0805078 1.1148595 1.0896512 1.0574356 1.0993953 1.0916114 1.0525378
1.1152767 1.0833246 1.1025043 1.0480539 1.0596409 1.0956945 1.0856768 1.0502596 1.091625 1.0934056 1.0908586 1.0483387 1.0512416 1.0901448 1.0999217 1.082167
1.0881214 1.1021926 1.0384198 1.0819988 1.090517 1.0457286 1.0483632 1.0467981 1.0492437 1.0813397 1.041378 1.0904692 1.039999 1.0863296 1.0730094 1.0891327
1.0763102 1.090375 1.0353498 1.0437387 1.0545615 1.0969027 1.0535581 1.0475016 1.106416 1.0849417 1.0800171 1.1001102 1.0993865 1.0741913 1.0836189 1.0670881
1.0718778 1.0776557 1.0404217 1.0311307 1.04287 1.0486834 1.0485842 1.0291638 1.0787526 1.0562869 1.0435517 1.025583 1.0773635 1.0428547 1.0466477 1.0722977
1.0748489 1.1072638 1.0324565 1.045478 1.0405746 1.035999 1.1170177 1.0457451 1.1164026 1.0730727 1.0410562 1.0270576 1.0568585 1.0463259 1.0439144 1.042343
1.0772159 1.0850768 1.0426148 1.0499347 1.0452623 1.0403059 1.0440179 1.0415169 1.1445118 1.0991056 1.134301 1.0572164 1.1194576 1.0444793 1.100809 1.0772811
1.1095885 1.0994909 1.0513842 1.1124488 1.1094602 1.0423199 1.100471 1.0425423 1.0951732 1.0714251 1.1069403 1.1075389 1.0957227 1.1001347 1.0425153 1.0282121
1.0852197 1.0795269 1.0989089 1.040211 1.0363564 1.0379578 1.082638 1.0864149 1.0869721 1.0877943 1.1033247 1.0988458 1.0811007 1.0419472 1.0836536 1.0408069
1.0994848 1.0777357 1.0488662 1.093673 1.0966611 1.0926306 1.0756274 1.068444 1.0830301 1.076118 1.0888574 1.085468 1.0863887 1.0827105 1.0846072 1.03722
1.0885082 1.0734342 1.0809609 1.0486475 1.0437967 1.0850059 1.0669388 1.0578939 1.083256 1.1026912 1.1114342 1.094643 1.0687597 1.0919924 1.0517516 1.0981042
1.0742671 1.0739511 1.0389662 1.052126 1.0381926 1.0503815 1.0751196 1.0602658 1.0942119 1.074083 1.0705031 1.0718869 1.0807028 1.0559427 1.053684 1.0779275
1.0549802 1.0838684 1.051804 1.0376853 1.0463187 1.0456536 1.0447587 1.0269258 1.0617894 1.0722241 1.0167637 1.041322 1.0398736 1.0444984 1.0392263 1.0364577
1.0808468 1.0750195 1.042347 1.0409021 1.0628307 1.0257248 1.0467684 1.0403838 1.0914644 1.0797029 1.0349813 1.0449325 1.0487498 1.0492439 1.0478805 1.0386164
1.0747342 1.0838202 1.0445836 1.0443023 1.0374986 1.035286 1.0375091 1.0403918 1.1060445 1.0705386 1.1034814 1.0541253 1.1015055 1.0442193 1.0405418 1.0324097
1.0821092 1.0750282 1.0547086 1.0461248 1.0529078 1.0429807 1.0471361 1.0376909 1.0842577 1.088473 1.0455674 1.0977491 1.0424217 1.0430596 1.0323391 1.0372075
1.0668821 1.0898436 1.0435352 1.0900269 1.0323032 1.0317824 1.0432788 1.0433252 1.0946518 1.0820326 1.0555358 1.0405358 1.0837511 1.0365174 1.0379312 1.0327855
1.0929687 1.0889772 1.0936359 1.0801268 1.0441328 1.042268 1.0364393 1.0472233 1.0834149 1.0944331 1.078723 1.0864699 1.0873694 1.0339459 1.0814234 1.0393944
1.0828459 1.0740646 1.074382 1.0638143 1.0459163 1.0421153 1.0443966 1.0347689 1.089844 1.1020337 1.0906616 1.087537 1.0550207 1.0868626 1.0398546 1.0396242
1.0712813 1.0663403 1.0472903 1.0644437 1.0676081 1.0398351 1.0266201 1.0299568 1.0542911 1.0430721 1.0645864 1.0482745 1.0546303 1.0408195 1.0318401 1.0304035
1.0694032 1.0547103 1.0444099 1.0277241 1.0372287 1.0336298 1.0325699 1.036101 1.0619587 1.0761352 1.0685313 1.0461926 1.0460247 1.033885 1.0396651 1.0454925
1.0675085 1.067833 1.0263593 1.0373901 1.0339488 1.0369127 1.0297167 1.0355877 1.0616021 1.0395157 1.0354264 1.0434244 1.0398533 1.0312686 1.0240881 1.0246102
1.0915499 1.0797355 1.04124 1.0385329 1.0343955 1.0433425 1.0373867 1.03225 1.0909172 1.0577713 1.0871965 1.0446495 1.0380352 1.0238678 1.0287789 1.0277449
1.0914936 1.041066 1.0395126 1.0335218 1.0337505 1.0340627 1.0313709 1.0209783 1.0933101 1.0858647 1.035209 1.0412751 1.0293986 1.0260524 1.0290145 1.036168
1.0537187 1.086098 1.0359267 1.0491722 1.0361255 1.0255092 1.0511254 1.0391333 1.0853443 1.078284 1.0435231 1.0343401 1.0374875 1.0326691 1.0340153 1.037779
1.0852346 1.0974371 1.0425957 1.0444752 1.0352976 1.0349741 1.038397 1.045254 1.083052 1.0770462 1.048358 1.0339881 1.0889674 1.0236871 1.0473706 1.0476184
1.0822223 1.0453473 1.0436128 1.034995 1.0386419 1.0484695 1.0476556 1.0421393 1.1021057 1.1073481 1.0983574 1.0912608 1.0447462 1.0462387 1.0334673 1.0463828
1.0592555 1.053042 1.0463787 1.0317373 1.03755 1.0375137 1.0380603 1.0413142 1.0685555 1.0735013 1.0858318 1.0479238 1.0448747 1.0422584 1.0426955 1.0430655
1.0740094 1.0623951 1.0350931 1.0392137 1.031372 1.0446116 1.0339476 1.0817652 1.0751781 1.0648168 1.0400474 1.0357736 1.040875 1.0284122 1.0379862 1.0322106
1.0837644 1.0628008 1.0327724 1.0412756 1.0379978 1.075727 1.0394515 1.0390072 1.0679293 1.0686748 1.0367337 1.0373864 1.0242208 1.0301821 1.0374839 1.0332743
1.0675521 1.0889199 1.030641 1.0352132 1.0309365 1.0425699 1.0246121 1.0447845 1.0633175 1.0698203 1.0339575 1.0311701 1.0268742 1.028777 1.0334644 1.0277691
1.108056 1.0731217 1.0337403 1.0249596 1.0297527 1.0400317 1.0211891 1.0300359 1.0801454 1.108982 1.0424014 1.0312349 1.0326451 1.0333598 1.033592 1.1081539
1.0583863 1.0720326 1.026019 1.0346661 1.0195531 1.0315104 1.0373391 1.0492955 1.04433 1.0820127 1.0266875 1.0306458 1.0295588 1.0324646 1.0394613 1.0992407
1.0806587 1.1125995 1.0352006 1.0458401 1.0171813 1.0499983 1.082111 1.0407755 1.0556084 1.0947993 1.0364591 1.0288188 1.043657 1.0385872 1.0406394 1.045066
1.1148798 1.0736935 1.0448664 1.0422995 1.0341831 1.0353973 1.0439994 1.0364947 1.0895724 1.0851419 1.035695 1.0446141 1.0310296 1.0459224 1.0435323 1.0364395
1.085152 1.0673089 1.036203 1.0438459 1.0477412 1.0415994 1.0828482 1.0325835 1.069362 1.0578238 1.0332317 1.0362726 1.0294585 1.034347 1.0440811 1.030829
1.0735881 1.0894439 1.0364187 1.0775123 1.0385255 1.037689 1.0299581 1.0437621 1.0659919 1.0943837 1.0424042 1.0341247 1.0296516 1.0283809 1.0277492 1.0383663
1.0835038 1.0696049 1.0719776 1.0462626 1.0413768 1.0430928 1.0465649 1.0421485 1.0848012 1.1041725 1.0319446 1.0371122 1.0364656 1.034063 1.0453837 1.053007
1.0793687 1.0874296 1.0481912 1.0394995 1.0368972 1.0496916 1.0458769 1.0573285 1.0748271 1.1041741 1.0300716 1.0279942 1.0359399 1.0426254 1.1070458 1.0628326
1.0926876 1.1016053 1.0477179 1.0341543 1.0482161 1.0537357 1.048368 1.0557984 1.07733 1.1043409 1.0392889 1.0353951 1.0327109 1.0986923 1.1111807 1.1202735
1.0891681 1.0986378 1.0286843 1.0411956 1.0427991 1.0556997 1.0411881 1.1038373 1.0788044 1.0980968 1.0292735 1.03252 1.0359997 1.1071723 1.0547522 1.1181282
1.1053792 1.0610002 1.0438665 1.0447389 1.0456897 1.1052153 1.0338503 1.0440489 1.0907226 1.0988139 1.045047 1.0424889 1.0486541 1.0589796 1.0484763 1.1007117
1.0920234 1.086662 1.041494 1.0354337 1.0326573 1.0431991 1.0410151 1.042167 1.0770013 1.0892066 1.051364 1.0466844 1.0448424 1.0471367 1.0373822 1.0448524
1.0681404 1.0899212 1.0412304 1.0373001 1.0403004 1.0415655 1.0369976 1.0386308 1.0835758 1.0906234 1.0407827 1.0377797 1.0418124 1.0270455 1.0402105 1.0367756
1.0876362 1.091972 1.0388211 1.0436522 1.0458275 1.0507953 1.0415126 1.0442194 1.0660281 1.1031618 1.048679 1.0295562 1.0249797 1.0241044 1.0418895 1.0524027
1.0978132 1.0822947 1.0431741 1.0383806 1.03928 1.0433879 1.0359192 1.052041 1.0813546 1.0850891 1.0406799 1.0199403 1.0218973 1.0324328 1.0385264 1.1052216
1.0811042 1.0872138 1.0436279 1.054053 1.047019 1.0572754 1.0996146 1.0995181 1.076626 1.0978333 1.1206113 1.03201 1.0388669 1.1060193 1.1100428 1.1124197
1.0756731 1.1127496 1.0515558 1.0531721 1.0392675 1.0989305 1.1163551 1.1229829 1.1263775 1.1121832 1.1159863 1.0993693 1.0964749 1.1087657 1.1186957 1.1108584
1.1007937 1.1065875 1.0460819 1.0958853 1.1027449 1.1172386 1.0919197 1.1179898 1.110155 1.1206872 1.0570326 1.0927044 1.1119478 1.058919 1.1269715 1.1177801
1.1419609 1.0813607 1.0993553 1.0343871 1.1164759 1.1295695 1.0391086 1.0467136 1.1075305 1.1100091 1.0502619 1.0440912 1.0607873 1.0443816 1.1152647 1.0830647
1.0826924 1.0576102 1.0420789 1.037133 1.0359257 1.1040585 1.0517025 1.0854673 1.0991935 1.1214799 1.055359 1.0344102 1.046725 1.0360938 1.1091686 1.0508802
1.0632912 1.0952107 1.0378227 1.0407457 1.0399714 1.0443435 1.0446619 1.0905358 1.0622758 1.0902352 1.092827 1.0338975 1.0245383 1.038769 1.0495014 1.0476809
1.0759355 1.0822779 1.0414333 1.0461701 1.040651 1.0428746 1.0716302 1.054302 1.1038721 1.1014432 1.0508031 1.0862353 1.0423167 1.0341244 1.043759 1.0442191
1.0727494 1.0751649 1.0438011 1.0436248 1.0468161 1.052048 1.0425838 1.0511069 1.1064274 1.0755513 1.0586392 1.0529724 1.0447258 1.0437322 1.043136 1.1078477
1.0828742 1.0926136 1.0530169 1.1160603 1.0558136 1.0903347 1.0600265 1.1162797 1.1045692 1.1333026 1.0478542 1.1206856 1.1152086 1.0554024 1.1071475 1.1090181
1.1139607 1.1099803 1.1145785 1.1211333 1.093374 1.116316 1.0505856 1.1020175 1.1156051 1.127868 1.1257727 1.111971 1.1017537 1.1210603 1.1101657 1.1211025
1.146029 1.1153097 1.1243205 1.0537218 1.1217064 1.1253402 1.1269577 1.0942779 1.1083333 1.110116 1.1115866 1.0928729 1.1092103 1.1230721 1.1248713 1.1135702
1.1239942 1.0866262 1.0552835 1.0518646 1.1285917 1.0442033 1.116831 1.0475589 1.0967047 1.1128929 1.0880625 1.0442729 1.0897666 1.0916365 1.1169337 1.0883989
1.081602 1.0887514 1.0509238 1.049791 1.0479203 1.0957036 1.0857427 1.110682 1.0954862 1.0944499 1.0465198 1.0985738 1.1132829 1.0454348 1.0999628 1.0454544
1.0789313 1.0810128 1.0530083 1.0459164 1.0439245 1.0920722 1.0530789 1.0464863 1.0871595 1.0817505 1.0818666 1.0960156 1.0684121 1.0357785 1.0482371 1.0462651
1.0668972 1.0614961 1.031623 1.0344973 1.0388286 1.0425768 1.0444059 1.0915861 1.0947661 1.0982232 1.0458666 1.0357316 1.0403512 1.1000168 1.0789688 1.114473
1.0773958 1.0783076 1.0384713 1.0474561 1.0390528 1.044389 1.0450786 1.0461745 1.0792933 1.100818 1.045088 1.0371813 1.0414791 1.0498248 1.0437437 1.0484015
1.0756385 1.0858307 1.0410355 1.0935036 1.0377994 1.0828774 1.0502087 1.0416591 1.1151087 1.121109 1.0437459 1.0419818 1.0522029 1.1287453 1.1294358 1.1264682
1.0948603 1.1044881 1.1089458 1.0895088 1.0490277 1.0964396 1.0482776 1.1161247 1.1302187 1.1224174 1.0498123 1.1273406 1.132127 1.1145583 1.1082212 1.1316957
1.1057105 1.1105106 1.0949088 1.1069956 1.0997306 1.1148205 1.1129969 1.0966835 1.122684 1.1107014 1.1361297 1.1201363 1.1256313 1.1048809 1.1095809 1.1189631
1.1103672 1.0944605 1.1035608 1.093278 1.1013306 1.1154778 1.0921191 1.1004388 1.1025482 1.0993202 1.1114163 1.0984852 1.1181095 1.0416908 1.0892761 1.1065692
1.0668702 1.0924175 1.084072 1.0978264 1.0909259 1.0418516 1.0968641 1.1038965 1.1145803 1.0801815 1.1162802 1.104968 1.1143645 1.102704 1.1180094 1.0519714
1.0749602 1.0777948 1.0350218 1.099088 1.0693492 1.0497626 1.0857962 1.08273 1.0592878 1.0891707 1.0457557 1.0472476 1.1089618 1.0512784 1.0777919 1.111443
1.0762861 1.0750285 1.0407891 1.0393263 1.0511814 1.0502511 1.0426023 1.0502417 1.061574 1.0893153 1.0321383 1.0850005 1.0238234 1.0198292 1.0980769 1.0885633
1.0844531 1.0761007 1.0384704 1.0486792 1.0512131 1.0481331 1.0508277 1.0392 1.0599842 1.0950056 1.0386131 1.0474778 1.0810513 1.0301872 1.1073498 1.0390283
1.0788275 1.0942123 1.0407822 1.114532 1.0955027 1.0493445 1.1084036 1.0498518 1.0762421 1.1151383 1.0376605 1.1253581 1.0310583 1.048525 1.1164038 1.1013762
1.0862789 1.0899224 1.1139561 1.0979934 1.1142853 1.1055365 1.0437523 1.0390983 1.1098133 1.1127766 1.1295292 1.1132156 1.0968143 1.0991887 1.0499588 1.1058059
1.0994352 1.0710418 1.0921197 1.1080713 1.1043928 1.0369757 1.1053307 1.0399116 1.1087291 1.0915903 1.1127713 1.1039853 1.1147205 1.0958499 1.0469376 1.0467371
1.100784 1.129058 1.1061246 1.0863028 1.096198 1.1070318 1.090632 1.0979165 1.0900661 1.0871975 1.1122642 1.09925 1.0515873 1.0551689 1.1063681 1.0934829
1.0681283 1.0854601 1.0842628 1.0842885 1.0449481 1.086488 1.0461482 1.0454499 1.0831474 1.1046433 1.0961357 1.1120818 1.0562801 1.0957068 1.0956407 1.0955827
1.0732118 1.0864319 1.0346874 1.0939509 1.0412016 1.041688 1.0436845 1.0624146 1.1079277 1.0940772 1.1111432 1.084771 1.0758168 1.1090764 1.1094728 1.09231
1.067548 1.0462624 1.0422686 1.0439122 1.0364687 1.0450416 1.0337945 1.047746 1.0773233 1.0777664 1.02181 1.0841298 1.0505674 1.081792 1.091327 1.0776397
1.0896034 1.0608644 1.0402101 1.0501338 1.0559869 1.0433357 1.0409638 1.0274687 1.0802286 1.0984066 1.0343928 1.0421437 1.0879173 1.088459 1.0560843 1.0444955
1.0947216 1.0883217 1.0410558 1.0489563 1.1106395 1.0384676 1.0462826 1.039883 1.0874747 1.1289271 1.0386825 1.1092523 1.0488553 1.0411122 1.1050624 1.0409147
1.0962405 1.0782312 1.0512425 1.1066251 1.0423162 1.0511769 1.0306764 1.0376099 1.0997787 1.0714226 1.0965303 1.1074564 1.050898 1.0379173 1.0896487 1.0270145
1.0824714 1.069956 1.1032047 1.0400722 1.1132029 1.0303574 1.0404814 1.0342863 1.0753239 1.0583882 1.1016663 1.0514321 1.1024505 1.0337163 1.0429132 1.0358511
1.1086787 1.0834392 1.1023074 1.1064208 1.0871842 1.0378429 1.0409688 1.0366273 1.0691724 1.0872626 1.0508646 1.090365 1.0930395 1.0386406 1.100864 1.0921165
1.0874524 1.0769031 1.0911189 1.0962362 1.0453175 1.0430883 1.033407 1.0800899 1.096093 1.1034478 1.0942528 1.1029544 1.0428319 1.091847 1.0921761 1.1034523
1.0882956 1.06662 1.0715567 1.0434746 1.0462657 1.0359765 1.0352136 1.0360355 1.0907228 1.0814383 1.0959893 1.0825636 1.0795022 1.091697 1.0883278 1.0791407
1.0469787 1.0858946 1.04985 1.0443972 1.0385528 1.0361781 1.0400542 1.0464562 1.057542 1.0755706 1.0814174 1.0864975 1.0393162 1.039643 1.0442455 1.0349706
1.0704916 1.051643 1.0491207 1.0517224 1.0460442 1.032711 1.0309922 1.0358846 1.0500036 1.0561991 1.0742571 1.0393409 1.0394372 1.0364739 1.038703 1.0351802
1.0645663 1.0876019 1.0527564 1.0454828 1.0434972 1.0402099 1.0365388 1.0353558 1.0699229 1.0762012 1.0468402 1.0545471 1.055396 1.0399587 1.0419961 1.0319408
1.0813304 1.0782092 1.0496751 1.0480195 1.0350816 1.0370504 1.0375308 1.0408263 1.0625535 1.0691022 1.0504105 1.0414876 1.0403744 1.03292 1.0346196 1.0422293
1.0593826 1.0799446 1.0438085 1.038264 1.0440816 1.0431297 1.0338929 1.021554 1.0871636 1.0859112 1.0313263 1.0361439 1.0360974 1.0415156 1.0377327 1.0354378
1.0782734 1.0835029 1.0948257 1.0375093 1.0452266 1.0328913 1.0900254 1.0378565 1.0631713 1.0669881 1.0406836 1.094232 1.0342294 1.0343484 1.0520762 1.0455372
1.0889348 1.0788913 1.0555527 1.049387 1.0425315 1.0887475 1.0487024 1.0859722 1.0663674 1.0951675 1.0947715 1.0847615 1.0330989 1.041148 1.0359325 1.0416732
1.0606056 1.0609273 1.062275 1.0411782 1.0329647 1.0419674 1.0480158 1.0373685 1.105056 1.0638195 1.1004908 1.0795805 1.0393116 1.053608 1.0470607 1.0315489
1.0653279 1.0892382 1.0517579 1.0428461 1.0382406 1.0466486 1.0385032 1.0404446 1.0648189 1.0752065 1.0358493 1.0306722 1.0271851 1.0387174 1.0394816 1.0358907
1.0573647 1.0858402 1.0303428 1.0397444 1.0355918 1.0393722 1.026786 1.0899049 1.0879419 1.0573204 1.0366635 1.0279762 1.046541 1.0437733 1.026855 1.0231191
1.0766478 1.0653483 1.0363379 1.0304308 1.0391208 1.0327907 1.0380557 1.0385447 1.058504 1.048207 1.0335165 1.0279791 1.037718 1.0217247 1.0259334 1.0291269
1.090018 1.1073687 1.0418009 1.0464706 1.0351893 1.0363307 1.0251696 1.0411851 1.0669142 1.0784097 1.0306221 1.037668 1.0312914 1.0300931 1.0339717 1.0327415
1.0688467 1.0776365 1.0404801 1.0494099 1.0355161 1.0256933 1.0273705 1.0345829 1.0924398 1.072703 1.0413057 1.0352938 1.0326481 1.0398663 1.0391148 1.0377226
1.0929787 1.074609 1.0438534 1.031945 1.0912354 1.0175307 1.0846175 1.0889988 1.0636716 1.09006 1.0380335 1.042483 1.0418891 1.0359782 1.0883733 1.0986458
1.0717716 1.0726621 1.0770543 1.0883769 1.0382297 1.0823902 1.0683082 1.0414176 1.0863281 1.0701302 1.0433592 1.0473906 1.0290583 1.0943159 1.04281 1.0799483
1.062718 1.0693325 1.0347946 1.038807 1.0440073 1.0390428 1.0822202 1.0330796 1.1011604 1.0663588 1.0479302 1.0342541 1.0409222 1.0834914 1.0839698 1.0361376
1.074801 1.0605146 1.0374247 1.0435364 1.0344557 1.0420817 1.0251547 1.0440539 1.087418 1.075561 1.0510725 1.0465767 1.0421457 1.0359663 1.0430288 1.0364497
1.070594 1.0743333 1.0399673 1.0428852 1.0329083 1.0353305 1.0270479 1.0443345 1.0721613 1.0601391 1.0392283 1.0225445 1.028353 1.029138 1.0316687 1.0268753
1.062423 1.0800279 1.0321107 1.0343044 1.0353329 1.0358721 1.0419871 1.051865 1.0453565 1.0953188 1.0286844 1.0293941 1.0297476 1.0241193 1.0341202 1.0417316
1.0843463 1.039652 1.0364037 1.0280622 1.0187622 1.0329056 1.038061 1.0417521 1.0689641 1.0863814 1.0235178 1.0440226 1.0264525 1.0315869 1.0408185 1.0514855
1.0831187 1.0970865 1.03136 1.0225372 1.023441 1.0421355 1.1121211 1.1038994 1.0931143 1.0889497 1.0346303 1.0377479 1.0364974 1.0493456 1.0487454 1.0601034
1.0673193 1.1161727 1.0300293 1.0143528 1.0756992 1.1007509 1.0361485 1.1065159 1.0870985 1.0930946 1.0412308 1.0933461 1.0424459 1.0560306 1.0453235 1.0480582
1.096611 1.0834048 1.0857147 1.0819188 1.0801706 1.0422202 1.0282946 1.0353239 1.1054443 1.0547508 1.0962754 1.0780461 1.04462 1.0529362 1.0364358 1.027956
1.0563939 1.0804058 1.0378996 1.0395517 1.0714538 1.022554 1.0313841 1.0343697 1.0988622 1.0597398 1.0856471 1.0325278 1.0344166 1.0481484 1.0328784 1.0263654
1.0456023 1.0686332 1.0419095 1.0442784 1.0270743 1.0494492 1.0454134 1.0436968 1.0636923 1.0710205 1.0350521 1.0320191 1.0312665 1.04243 1.0420179 1.0364952
1.0875342 1.0911489 1.0861018 1.0361869 1.0278909 1.0586663 1.0499089 1.0489594 1.0643071 1.0662001 1.0318444 1.024377 1.0267867 1.0464545 1.049003 1.050962
1.0807831 1.0790778 1.0388361 1.0334347 1.0314701 1.0493644 1.0364829 1.0911068 1.0544764 1.1070217 1.0267589 1.0371541 1.0272405 1.0455381 1.0985458 1.0583782
1.0853493 1.0711752 1.0374546 1.0374362 1.0398575 1.033385 1.094931 1.098933 1.1008444 1.1092731 1.0336367 1.0521402 1.0459567 1.0521423 1.1210109 1.1224205
1.0650929 1.1101897 1.0294826 1.0380825 1.096872 1.095426 1.1197263 1.1178932 1.1367147 1.1061629 1.0528909 1.0537388 1.1025133 1.1300795 1.055299 1.0648367
1.105512 1.1146392 1.0864643 1.1055847 1.0386122 1.1325624 1.0501707 1.11787 1.1190206 1.1016285 1.0561551 1.0431541 1.1353445 1.0677117 1.0444607 1.0594194
1.0785723 1.0678765 1.0439593 1.0429971 1.0312629 1.0519091 1.040444 1.0470192 1.115601 1.0699484 1.0434042 1.0320517 1.0519409 1.0639701 1.035892 1.0395046
1.0858698 1.0711437 1.0322629 1.0251696 1.0306064 1.040956 1.030999 1.0429071 1.0997622 1.0769535 1.0338527 1.0329574 1.0291303 1.048538 1.0419647 1.0395958
1.0797596 1.0890522 1.0504414 1.0415106 1.0525584 1.0415677 1.049997 1.089937 1.0974424 1.0708033 1.0425563 1.1072608 1.0366365 1.0363932 1.0429586 1.0400561
1.0816249 1.0703244 1.0487745 1.047226 1.0470859 1.046999 1.0488774 1.0501664 1.1044713 1.0867275 1.043184 1.0473199 1.0447043 1.0435814 1.0536038 1.1081728
1.0769829 1.1106709 1.1069628 1.0469462 1.0496651 1.0426056 1.0558459 1.0503268 1.0952917 1.1042013 1.0474665 1.1227857 1.0447284 1.051863 1.0445192 1.1142313
1.0841421 1.1005775 1.1050239 1.0444999 1.0309658 1.0911921 1.0457373 1.120504 1.1112689 1.1086738 1.1224563 1.1269027 1.0519161 1.1294717 1.1081052 1.1277483
1.0963808 1.1183765 1.1121122 1.0881854 1.0922337 1.1168573 1.1128969 1.0924358 1.1347545 1.1387618 1.1393749 1.1193467 1.1314479 1.0662501 1.1325918 1.1260016
1.1187476 1.0781933 1.0909098 1.1154741 1.1263627 1.0489233 1.0916569 1.0905046 1.1298302 1.1223327 1.1118642 1.1105245 1.0618433 1.061985 1.125484 1.0461657
1.0678213 1.0550758 1.0406085 1.0341077 1.0533625 1.0344478 1.0914011 1.0849934 1.1216288 1.066932 1.1069663 1.0523288 1.0605124 1.0356594 1.1245981 1.0394475
1.0451072 1.0827699 1.0494412 1.0342516 1.0449858 1.0307537 1.091079 1.0923303 1.1092525 1.06837 1.0540011 1.1021441 1.0368316 1.0353935 1.049195 1.0521619
1.0461917 1.0692005 1.0367666 1.0365362 1.0482631 1.048331 1.039321 1.0469685 1.0953013 1.0688187 1.03938 1.044294 1.0378219 1.0320619 1.075666 1.0254107
1.066274 1.0980334 1.0333083 1.037252 1.0457672 1.1128166 1.0481437 1.112471 1.0932032 1.0863106 1.0347435 1.0458919 1.0442097 1.0289534 1.105997 1.0409001
1.1105359 1.1076307 1.041932 1.0397576 1.1119531 1.0996097 1.0446328 1.1135328 1.1452918 1.1078806 1.0503728 1.1326411 1.1232113 1.0991734 1.1116178 1.101055
1.0766804 1.1094346 1.1132755 1.0490407 1.1131588 1.1115248 1.0976069 1.1167362 1.1120235 1.1023893 1.1279888 1.1129026 1.1313269 1.1089301 1.0468802 1.1022896
1.0765421 1.0803831 1.0920974 1.0915725 1.0983313 1.0965149 1.097608 1.1056582 1.1065971 1.0720248 1.1219037 1.0925058 1.1206704 1.0513537 1.0539268 1.052837
1.1118912 1.079857 1.1121308 1.1087235 1.1096379 1.103733 1.090299 1.0464052 1.1048725 1.0926265 1.0967441 1.0512861 1.1058742 1.0609096 1.1072093 1.0956168
1.0832063 1.1135136 1.041907 1.086517 1.092039 1.0482802 1.075504 1.0498996 1.0663532 1.1004366 1.0437564 1.0897785 1.0429664 1.0948094 1.0900892 1.0874772
1.0902584 1.0879853 1.0401012 1.0414711 1.0546637 1.1018618 1.077757 1.0510244 1.1047815 1.1000288 1.0501713 1.1006216 1.1144446 1.0763586 1.0982913 1.0852447
1.0663484 1.0628527 1.0406592 1.0340824 1.0382075 1.0445986 1.0480095 1.0328628 1.0790896 1.0560272 1.0410333 1.0318676 1.0799974 1.0522634 1.0848244 1.0877006
1.0707418 1.0971874 1.0425718 1.0435776 1.0470247 1.0404192 1.109736 1.0529736 1.1125104 1.0869677 1.0420451 1.032635 1.1050715 1.0529817 1.0486827 1.0485601
1.0739183 1.0902121 1.0434604 1.0495821 1.0486147 1.0442286 1.0453656 1.0455523 1.1330483 1.1117965 1.1329252 1.1063503 1.1283199 1.0541627 1.1024865 1.0472854
1.0949241 1.0901984 1.0513043 1.109673 1.1059546 1.0411783 1.1105479 1.0430847 1.0915781 1.0805011 1.1097672 1.1119747 1.0456287 1.1033404 1.0898739 1.030903
1.0758184 1.0885965 1.0969769 1.0852574 1.039156 1.0371873 1.0808694 1.0840737 1.0792891 1.0764605 1.109446 1.050512 1.0579476 1.09603 1.0455879 1.0447426
1.1148283 1.0867733 1.1031616 1.0934072 1.1085678 1.0963783 1.0456553 1.0480691 1.0797485 1.0759631 1.0990121 1.0551624 1.0992738 1.0368654 1.09769 1.0881256
1.078698 1.0724869 1.0868195 1.0653335 1.0390761 1.0878522 1.0421057 1.0597984 1.0840122 1.1001105 1.1041147 1.1008602 1.0853475 1.103519 1.0912691 1.0981734
1.0695642 1.065739 1.0405171 1.0758363 1.0409157 1.0459148 1.0447387 1.0646958 1.103838 1.0906818 1.0904967 1.07411 1.1071681 1.0896586 1.0888097 1.0829929
1.0497922 1.0607327 1.051603 1.0434333 1.0489804 1.053637 1.0450647 1.0327425 1.054485 1.0721178 1.0209091 1.0413806 1.0787609 1.0446271 1.0363514 1.035385
1.0710245 1.0757954 1.0453773 1.0446612 1.0440823 1.0285981 1.049168 1.038261 1.0901171 1.0666515 1.039147 1.0506966 1.0523661 1.0504687 1.0405312 1.0321003
1.0803639 1.0945395 1.0463588 1.0410122 1.0380886 1.0360693 1.0333155 1.0399679 1.1145443 1.0738182 1.1130439 1.0602827 1.100682 1.0387881 1.0327077 1.0233067
1.0842632 1.0870882 1.0495311 1.0490826 1.054255 1.0491277 1.0463558 1.036203 1.0841503 1.0771106 1.1054858 1.1030235 1.0908464 1.0356863 1.0326838 1.035904
1.0815214 1.0859127 1.0408862 1.0940179 1.0316551 1.0303271 1.0410366 1.0425553 1.0754168 1.0965002 1.0558817 1.0960919 1.048994 1.0413474 1.0373548 1.0387609
1.1056756 1.0839411 1.1005342 1.053267 1.0440755 1.0441144 1.0373337 1.0823668 1.0880755 1.070863 1.092467 1.0501511 1.1005555 1.0346793 1.0421333 1.0398233
1.0865885 1.0662063 1.0504975 1.0702859 1.0413543 1.0433807 1.078945 1.0427898 1.090011 1.0994048 1.0919594 1.098516 1.0906326 1.0482765 1.0442858 1.0401733
1.0571736 1.06537 1.0485181 1.0632764 1.039129 1.0437747 1.0265168 1.0422932 1.0663347 1.051718 1.0857726 1.0809923 1.0886958 1.0415916 1.0428029 1.0321181
1.0742068 1.0573254 1.0444074 1.0367603 1.0373812 1.039534 1.0335388 1.0350015 1.0704873 1.080258 1.0823998 1.0435014 1.044561 1.0366529 1.0452609 1.0476309
1.0658102 1.0905532 1.0283942 1.0368075 1.0355402 1.0329374 1.0362902 1.0350685 1.0522705 1.0450437 1.0371375 1.0447553 1.0330384 1.0359498 1.0270996 1.0191914
1.0831424 1.0824178 1.0399896 1.0449346 1.0389712 1.0421128 1.0427676 1.0375928 1.0750228 1.0610397 1.0534164 1.0410777 1.0353957 1.0257599 1.0271124 1.0257273
1.0914482 1.058841 1.0400592 1.033965 1.0383456 1.0413961 1.0276879 1.0214512 1.0951213 1.07857 1.0324923 1.035922 1.0300301 1.0238193 1.0344062 1.0369921
1.0722071 1.0891031 1.0389072 1.0535076 1.0409266 1.0291791 1.0934907 1.0445409 1.061261 1.0654466 1.0404001 1.041544 1.0257447 1.0335014 1.0331469 1.0389597
1.0969223 1.0880436 1.0401583 1.0864893 1.0319619 1.0340868 1.042685 1.0889949 1.0688472 1.0769329 1.1008369 1.0325699 1.0552595 1.0285708 1.0865995 1.0926139
1.0690672 1.0460384 1.0776273 1.0422226 1.0436946 1.0930643 1.0847868 1.0360792 1.0987355 1.1033881 1.0999259 1.0540862 1.0488695 1.0860784 1.0374058 1.080814
1.066676 1.0470183 1.0455104 1.0327959 1.0383956 1.0410451 1.0434612 1.0389355 1.0810242 1.0648239 1.0898416 1.0498941 1.0501975 1.0469074 1.0453645 1.0432752
1.0787283 1.0692452 1.0364602 1.0388693 1.0329523 1.0388874 1.0340738 1.084141 1.0729526 1.0644776 1.0420495 1.0368046 1.0478954 1.0300344 1.0382497 1.0308602
1.0825152 1.0609267 1.035167 1.0406924 1.0414766 1.0851545 1.045731 1.0387313 1.0541803 1.0588225 1.0342405 1.0382664 1.0263155 1.0308229 1.0332785 1.0306342
1.0712463 1.0942596 1.0294995 1.038491 1.0314515 1.0466979 1.0279897 1.0420184 1.0625334 1.0672046 1.0266176 1.0343038 1.0238016 1.0239105 1.0270067 1.0312341
1.1116496 1.0768517 1.0389282 1.0311285 1.0341023 1.0324255 1.0183301 1.0328759 1.0756325 1.0953698 1.0427678 1.0276144 1.0462021 1.0343605 1.0408698 1.0546278
1.068872 1.0858006 1.0270554 1.0345002 1.02315 1.0360414 1.0802617 1.0873325 1.0409756 1.076002 1.0303986 1.0390078 1.030648 1.0373776 1.0407084 1.0490993
1.0808016 1.0855056 1.0383964 1.0866067 1.015681 1.0938356 1.0784622 1.04205 1.0681971 1.0891665 1.0365124 1.032121 1.0815476 1.0433164 1.0502836 1.0505275
1.1033317 1.079412 1.0872093 1.0354807 1.0378672 1.0869019 1.0444285 1.0290502 1.0755934 1.0739195 1.0434322 1.0827857 1.0368583 1.0466632 1.0354385 1.031629
1.0824997 1.0529252 1.0390102 1.0401167 1.0426847 1.0389115 1.0797275 1.0271529 1.0642526 1.0446389 1.0345099 1.0423445 1.0397878 1.0305778 1.0410492 1.0267575
1.0708815 1.090454 1.0366541 1.0918779 1.0304189 1.0426053 1.0333992 1.0466908 1.059598 1.0767775 1.041255 1.0289124 1.0254631 1.0276488 1.0273348 1.0387142
1.093743 1.065025 1.0827613 1.0452796 1.0420883 1.048587 1.0421661 1.0485523 1.0719981 1.1008554 1.0312082 1.0344044 1.0358896 1.0314099 1.0523748 1.0538175
1.0807344 1.0974199 1.0504366 1.034773 1.0420115 1.0549461 1.0448021 1.051976 1.074682 1.087916 1.0255514 1.0258222 1.0292213 1.0444515 1.0980856 1.0570587
1.0870796 1.1067481 1.0437639 1.0331068 1.0493128 1.0570287 1.104518 1.1037217 1.0766476 1.0981871 1.0408179 1.028429 1.0309383 1.0981452 1.113624 1.1190124
1.0769522 1.0912809 1.0266424 1.0839539 1.041295 1.102796 1.0364695 1.1041228 1.0940777 1.1047595 1.029345 1.0339861 1.0455785 1.11609 1.0540849 1.0636226
1.1087098 1.0516152 1.0870392 1.0450671 1.1079664 1.1171691 1.0285237 1.0360117 1.0910854 1.0946087 1.0909942 1.0478076 1.0502104 1.0560758 1.0493085 1.0573828
1.0914055 1.0807842 1.0443487 1.029355 1.029504 1.0389348 1.0310426 1.0343298 1.0784905 1.101231 1.0820631 1.0533149 1.0356414 1.0513914 1.0430675 1.0402477
1.0594981 1.0879623 1.0397577 1.0330516 1.0447423 1.0428584 1.0356303 1.0335543 1.0782228 1.0854293 1.038621 1.034636 1.0349061 1.0277903 1.0374932 1.0415188
1.0886978 1.1038997 1.0432057 1.0527337 1.0477223 1.0550101 1.0559599 1.0506592 1.053805 1.0927056 1.0453622 1.0297176 1.0192983 1.0227079 1.0412267 1.0465934
1.095197 1.0736045 1.0461485 1.0433284 1.0445801 1.0460979 1.0364264 1.0934701 1.0574199 1.0843941 1.0441629 1.0119473 1.0194072 1.0358435 1.0407687 1.1110603
1.069893 1.0696204 1.0490543 1.0502557 1.0519902 1.088886 1.10043 1.0985157 1.095292 1.107813 1.1211303 1.0319632 1.0435338 1.0960903 1.1126919 1.1219145
1.0781364 1.1057538 1.0474511 1.0950254 1.0363942 1.1069044 1.134524 1.1203061 1.1303326 1.1137348 1.1281806 1.0537024 1.0938674 1.1252679 1.1234704 1.1226398
1.0959432 1.1044239 1.0899034 1.0994805 1.0926594 1.111341 1.040695 1.108373 1.1103346 1.1245534 1.1182219 1.0545876 1.1218832 1.0541112 1.1271297 1.1246097
1.1212815 1.0608019 1.1080111 1.0270009 1.1294519 1.1223284 1.0296744 1.0356518 1.1186786 1.1098809 1.1078168 1.0508261 1.0564243 1.0470439 1.1244701 1.0484782
1.0601625 1.0390829 1.0301076 1.0293282 1.0388429 1.0519719 1.0452487 1.0495658 1.0968605 1.1073686 1.0565861 1.0375614 1.0453504 1.038727 1.057875 1.0523108
1.0646192 1.0922759 1.041711 1.0354607 1.0500637 1.0477854 1.0420208 1.0569298 1.0726833 1.0744332 1.1039182 1.0323118 1.021014 1.0372393 1.0489575 1.0466027
1.0611163 1.0887033 1.0361638 1.0430555 1.0392532 1.0432898 1.0751041 1.0484259 1.0853944 1.0928243 1.0442368 1.0519866 1.0362674 1.036754 1.0457485 1.050569
1.0626876 1.0819547 1.0467331 1.100903 1.0498389 1.0907913 1.0450101 1.0509715 1.1024117 1.0731149 1.0463308 1.0480847 1.0435561 1.0422636 1.0461775 1.1100551
1.0938638 1.0947511 1.1088011 1.1065326 1.0905051 1.0934607 1.0609437 1.1079662 1.1046698 1.1212556 1.049794 1.1222305 1.1182578 1.0587326 1.117314 1.1201396
1.1096543 1.0972053 1.1139553 1.1062264 1.091624 1.1112705 1.0507872 1.0876726 1.1060193 1.1265607 1.1251218 1.1218207 1.1079779 1.1233869 1.1168945 1.1263311
1.1198924 1.1054728 1.1132054 1.1040868 1.1188371 1.1148671 1.1178403 1.0976374 1.120362 1.1310557 1.1251954 1.1004927 1.1115843 1.0718874 1.1334127 1.1264511
1.1133283 1.0756135 1.1110075 1.0500498 1.1215321 1.0399274 1.1039563 1.0943929 1.0923716 1.1043729 1.0932932 1.048734 1.0837224 1.0542517 1.1246419 1.0432409
1.0763124 1.0970018 1.0513475 1.0553428 1.0426102 1.0552281 1.0954169 1.1008346 1.0670127 1.0966628 1.0509628 1.0950986 1.1133157 1.0405086 1.0529076 1.0466418
1.0732807 1.0822942 1.0514569 1.0525306 1.0459857 1.0553136 1.0512086 1.0863839 1.1000544 1.0926784 1.0457554 1.0987777 1.0814016 1.0381347 1.0522143 1.045546
1.0573763 1.0553542 1.0323507 1.0380745 1.030686 1.0457431 1.0464747 1.0950174 1.0865132 1.1018456 1.0371001 1.024506 1.0352149 1.1049017 1.0864164 1.1114862
1.0821896 1.0688738 1.0450753 1.0491184 1.038212 1.0492738 1.0489236 1.0454537 1.0796653 1.099947 1.0456469 1.0282346 1.0469621 1.0442407 1.0414884 1.0430671
1.0854558 1.0847722 1.044563 1.085327 1.0384852 1.042999 1.0480974 1.0368072 1.1126232 1.0982418 1.0395421 1.0407908 1.0434688 1.121442 1.118817 1.1193912
1.0709727 1.0970894 1.1031746 1.0705453 1.0866135 1.0950692 1.0455459 1.1023226 1.1203768 1.1201429 1.0404907 1.1261365 1.1329392 1.1067047 1.1188107 1.1240114
1.0855567 1.0923642 1.0818601 1.0876961 1.09969 1.1108124 1.1051118 1.046612 1.1033597 1.1078802 1.1331329 1.1271305 1.1311951 1.1165522 1.1123086 1.1399904
1.1003286 1.0676568 1.0856395 1.0841998 1.1085956 1.1031431 1.0538 1.0992457 1.1154516 1.1095988 1.1071743 1.1115837 1.1449739 1.0440984 1.095621 1.1228205
1.0632977 1.0816503 1.0807524 1.0918512 1.056664 1.0453304 1.1049597 1.0508742 1.1050259 1.0889444 1.1109589 1.109109 1.1260992 1.1000093 1.0992874 1.051904
1.074917 1.069549 1.0410626 1.080963 1.0469873 1.0390152 1.0961473 1.0447297 1.0617384 1.1082789 1.045217 1.0467623 1.0927753 1.0481068 1.0830791 1.1028209
1.0766592 1.0734478 1.0431515 1.0425237 1.0573547 1.0541162 1.0446069 1.0534259 1.0609502 1.0781862 1.0267152 1.0902599 1.0208445 1.0279704 1.1017325 1.0873986
1.075452 1.08439 1.0445902 1.049748 1.0508653 1.0527582 1.0475488 1.0445485 1.039528 1.0859269 1.0314635 1.045656 1.0473529 1.0320742 1.1011506 1.0498825
1.0615364 1.0804213 1.042747 1.0959753 1.0934762 1.0473318 1.0569246 1.0464553 1.087679 1.1068426 1.0387396 1.1223788 1.0286497 1.0513425 1.1037412 1.1030804
1.0852369 1.067817 1.1086503 1.0790077 1.0912066 1.0487133 1.0469006 1.0359919 1.1004227 1.1025162 1.1142932 1.1237124 1.0963283 1.1037396 1.0478821 1.1077788
1.0883068 1.069356 1.083659 1.0904703 1.0869918 1.0425898 1.0978088 1.0391191 1.1004575 1.0865803 1.1217716 1.105446 1.1066586 1.0910363 1.048253 1.0515877
1.1064501 1.1289402 1.0951812 1.0881131 1.0547775 1.1111135 1.1091229 1.101399 1.0965676 1.0873443 1.1123757 1.0990951 1.0488825 1.0557171 1.0957499 1.0539372
1.0601485 1.0786873 1.0818949 1.0816187 1.0394173 1.0924262 1.0446297 1.0395414 1.0677824 1.0883098 1.0973536 1.0944079 1.0502851 1.053252 1.1043056 1.0947995
1.0776864 1.0766741 1.0400887 1.0804021 1.0395875 1.0422033 1.0380342 1.0413258 1.0992746 1.1004386 1.0987784 1.088391 1.0379035 1.1094766 1.108123 1.0866991
1.0761088 1.0445001 1.0444603 1.0490856 1.0363443 1.0416825 1.0271662 1.0481946 1.0911332 1.0860776 1.0286351 1.0762537 1.0572181 1.0888414 1.0914168 1.0536982
1.0915586 1.043912 1.050705 1.0544025 1.0505347 1.0456643 1.0418109 1.0303253 1.0900439 1.09319 1.0359563 1.0502154 1.0959591 1.093461 1.1118696 1.0422819
1.0790279 1.0950844 1.044215 1.0471636 1.0516897 1.0352998 1.0416112 1.0379574 1.09237 1.1168855 1.0459197 1.1045648 1.0585415 1.0374634 1.1114465 1.0386317
1.070873 1.0928147 1.0766768 1.0523754 1.0444524 1.0485996 1.0330317 1.0406252 1.1132439 1.0825912 1.1041402 1.0947024 1.1085353 1.0381666 1.0510702 1.032968
1.0835907 1.0659009 1.1002557 1.0499266 1.1196655 1.0309317 1.0404506 1.0379374 1.0773183 1.0805267 1.1045337 1.0470434 1.1161574 1.038921 1.0458367 1.0427902
1.108734 1.0754807 1.1003205 1.1048173 1.0870036 1.0347288 1.0387857 1.0340469 1.078914 1.0853003 1.0504267 1.0626739 1.052302 1.0420759 1.105769 1.0536677
1.0927634 1.0680839 1.0568708 1.1010013 1.0440108 1.0372524 1.0307232 1.0763191 1.0890158 1.1060251 1.0521436 1.0981344 1.0423371 1.0438508 1.0900879 1.1050882
1.0866207 1.0537395 1.0456626 1.0421032 1.0444163 1.0278108 1.0346229 1.0373741 1.0786502 1.1000708 1.0853176 1.0760052 1.0955164 1.0864365 1.0854758 1.0544274
1.0457284 1.0782217 1.053138 1.0381038 1.0299302 1.0435312 1.0422637 1.044639 1.0781356 1.066296 1.093362 1.056097 1.0387895 1.0410302 1.0441096 1.0359199
1.0637118 1.0430729 1.0502949 1.0506616 1.0506067 1.0334234 1.035949 1.0367868 1.065068 1.043947 1.085716 1.0419631 1.0366429 1.0401326 1.0401905 1.0308403
1.0451796 1.0771635 1.0505948 1.0466418 1.0427356 1.0462664 1.0399187 1.0405805 1.0571012 1.0770367 1.0383894 1.0513766 1.0432572 1.0349051 1.0300734 1.0269365
1.0802294 1.0941713 1.0535647 1.0434561 1.0373033 1.039316 1.0433823 1.0415925 1.055988 1.0696278 1.0520663 1.0392781 1.039029 1.030188 1.0357724 1.0408313
1.0666419 1.0932173 1.0445589 1.0387621 1.0411046 1.0460522 1.0339757 1.0337385 1.080448 1.0741782 1.0360383 1.0384029 1.0288411 1.0404626 1.0399708 1.0328643
1.0637965 1.0795227 1.0935636 1.0310496 1.0375097 1.0315945 1.0924858 1.0436771 1.0775998 1.0722392 1.037226 1.0519851 1.0344844 1.0322645 1.0486944 1.0478413
1.0640218 1.051846 1.0511605 1.0435867 1.03528 1.0801027 1.0372341 1.0414863 1.0766126 1.0903555 1.0485307 1.0896963 1.0408739 1.0463727 1.0383013 1.038294
1.0795282 1.0617675 1.0517793 1.0349249 1.033916 1.0395607 1.0416625 1.0317085 1.0820605 1.0567037 1.0968887 1.0534507 1.0372174 1.0460835 1.0415366 1.0360211
1.0510442 1.083212 1.0454656 1.0411206 1.0376676 1.043124 1.0397108 1.0406437 1.0792403 1.0689456 1.0364946 1.031514 1.0280387 1.0415924 1.0468999 1.0316625
1.070142 1.0843266 1.0323545 1.0443317 1.0413738 1.0361333 1.0317072 1.0417699 1.09525 1.044369 1.0334473 1.0215347 1.0466115 1.0431 1.0291318 1.0274348
1.0738592 1.0719182 1.0367185 1.0362942 1.0387367 1.0377969 1.0409008 1.0373249 1.0444506 1.0519224 1.0260937 1.0283223 1.0352746 1.0256184 1.0252314 1.0254931
1.086816 1.0879874 1.0370338 1.0418526 1.0391324 1.0349642 1.0334792 1.0491436 1.0592943 1.0900044 1.0242705 1.0355157 1.0303285 1.0257405 1.0337129 1.0387176
1.0641457 1.0767733 1.0424217 1.0489433 1.0329431 1.0300382 1.033917 1.0357054 1.0891311 1.0769578 1.0380594 1.0378993 1.0305219 1.0426905 1.0390869 1.0437732
1.0883026 1.0670756 1.038794 1.0335431 1.0845907 1.0285338 1.0405929 1.0937749 1.0844207 1.0833687 1.0375284 1.0548993 1.0425336 1.044047 1.0509014 1.0490624
1.049411 1.0635128 1.0779246 1.0796884 1.0309365 1.04153 1.0378408 1.0323178 1.0894376 1.0908217 1.0557361 1.0452244 1.0326259 1.048473 1.0386859 1.084766
1.0669951 1.0623533 1.031844 1.0357203 1.0396957 1.0378008 1.0439142 1.028452 1.105921 1.0679853 1.0431092 1.0362107 1.0404475 1.0507462 1.0943586 1.0330125
1.0657793 1.0391302 1.0363955 1.0413659 1.0377958 1.0374591 1.0183818 1.0405499 1.0857085 1.0814452 1.053373 1.036716 1.0388932 1.0292324 1.0376545 1.0290122
1.0783203 1.0750935 1.0460982 1.045891 1.0399814 1.0353763 1.0366439 1.0466398 1.0680659 1.0523187 1.0428121 1.0275342 1.0233449 1.0235403 1.0305703 1.0256935
1.0648981 1.0777191 1.0286278 1.039668 1.0361396 1.0419618 1.0479106 1.0558562 1.0303378 1.095681 1.0299201 1.0271205 1.0281204 1.0211376 1.0391989 1.0466965
1.068964 1.0646608 1.0338807 1.0307804 1.0246468 1.0389823 1.0397274 1.0483049 1.0773565 1.0951203 1.0201099 1.0407155 1.0242687 1.0381917 1.04035 1.0460453
1.1062455 1.0816299 1.0441939 1.0309483 1.0345542 1.0442797 1.1112936 1.1115845 1.1012529 1.0795014 1.0353533 1.0347456 1.0387192 1.0458392 1.0466635 1.1216664
1.0829973 1.0880723 1.0418142 1.0277077 1.0442222 1.1048456 1.0268219 1.0397029 1.102649 1.0863987 1.0433496 1.0462105 1.050733 1.1336329 1.0870569 1.05477
1.0786918 1.0640616 1.0425078 1.0427945 1.0438677 1.0332177 1.0236992 1.0340003 1.0951723 1.0559309 1.0448303 1.0830889 1.0558537 1.0592188 1.0375592 1.0254786
1.050501 1.0539045 1.0331347 1.0445051 1.0358788 1.0154924 1.0293902 1.0297036 1.0858285 1.0737218 1.0871955 1.0314567 1.027405 1.0977548 1.0236375 1.0242833
1.0576557 1.0852667 1.0448633 1.0441535 1.0235618 1.0881146 1.0388219 1.0419056 1.0577531 1.0657743 1.0329859 1.0317402 1.0334133 1.0486368 1.0453801 1.0424389
1.1045443 1.0822314 1.0444149 1.0408237 1.0337124 1.0960878 1.092132 1.0543857 1.0691754 1.0635351 1.027987 1.0250543 1.0347885 1.0501943 1.0408161 1.0450447
1.0740534 1.0758536 1.0357411 1.0421141 1.0326563 1.0945919 1.0412178 1.0492569 1.0773116 1.0911161 1.0275106 1.0396754 1.0370488 1.0467086 1.0923774 1.0502594
1.0938505 1.0733024 1.0426316 1.0346736 1.0402764 1.0412906 1.0940056 1.1002604 1.0943236 1.1081175 1.0431501 1.0489751 1.0409483 1.0559822 1.1250938 1.1169157
1.0757076 1.107595 1.0351126 1.0374961 1.1072696 1.1021199 1.1052668 1.1197001 1.1047058 1.1088334 1.0535914 1.1328319 1.1048713 1.1312209 1.1226932 1.1444198
1.0951288 1.1030551 1.0957483 1.1140583 1.0364552 1.1202058 1.0455354 1.0951623 1.1116656 1.1102979 1.1171548 1.0491405 1.1414587 1.139207 1.0443144 1.0999565
1.0400479 1.0577184 1.0346999 1.0349607 1.0299102 1.0497217 1.0352056 1.0554838 1.1136422 1.060958 1.0446935 1.0265819 1.1212583 1.1214757 1.0312514 1.0371468
1.0710772 1.0575126 1.0334064 1.0213001 1.0290018 1.0365187 1.0308553 1.0377557 1.0975189 1.058329 1.0278372 1.0292234 1.0321953 1.0486047 1.0362252 1.0413172
1.0828494 1.0908324 1.0550364 1.0439886 1.0983846 1.0396173 1.0535177 1.099362 1.0983019 1.0822942 1.0414249 1.1047355 1.0443279 1.0419436 1.0431494 1.042707
1.0692158 1.0645725 1.0453509 1.0491334 1.0891935 1.0859276 1.0484312 1.0495995 1.1111546 1.0902654 1.0467081 1.0441452 1.0535828 1.046557 1.0519876 1.05815
1.0936054 1.114936 1.1096473 1.0562518 1.1002113 1.0493364 1.0588344 1.0492707 1.0979087 1.1104096 1.0418518 1.1190441 1.0509807 1.0517973 1.0418345 1.0592213
1.0781611 1.0854133 1.0928309 1.0387895 1.0329007 1.0912097 1.0431507 1.1026877 1.1130795 1.1051065 1.1282306 1.1280135 1.0544145 1.1294473 1.0555676 1.129536
1.0986142 1.1055921 1.0905272 1.0950265 1.0882763 1.1012591 1.1023628 1.046535 1.137345 1.138954 1.1386194 1.1235176 1.1359748 1.137994 1.0580688 1.1294422
1.0893787 1.0539029 1.0419372 1.0460689 1.1099092 1.047799 1.0449184 1.0948422 1.1156744 1.1157421 1.1310464 1.1316159 1.1406631 1.1207546 1.1346872 1.107602
1.0685656 1.0696981 1.0416698 1.0260229 1.0445148 1.0254202 1.0981561 1.0476897 1.1181841 1.0539727 1.1188395 1.04329 1.1083705 1.0353627 1.1290852 1.0390332
1.065787 1.0844364 1.0461761 1.029926 1.0483582 1.0332768 1.0951942 1.0509915 1.0827862 1.0916185 1.0548831 1.104158 1.0299602 1.0379142 1.0530121 1.1124438
1.0523013 1.0758291 1.0436133 1.0386822 1.0513488 1.0514708 1.040604 1.0444523 1.079582 1.0523672 1.0417322 1.0445223 1.0481299 1.0327913 1.0410906 1.0309415
1.077914 1.097465 1.0380108 1.0423912 1.0462373 1.1058031 1.0529945 1.1147153 1.0745502 1.0838754 1.0299686 1.0371578 1.0398037 1.0256966 1.1087742 1.0487044
1.1092632 1.0774057 1.0430301 1.0435623 1.11841 1.084087 1.0713125 1.096017 1.1375072 1.1098938 1.051306 1.1266346 1.1204284 1.0964011 1.1093055 1.1009853
1.0803823 1.0870211 1.1074901 1.0778465 1.0958278 1.0907773 1.089269 1.0860088 1.0967839 1.0907223 1.1245291 1.1081975 1.1291552 1.0993088 1.0443617 1.0981148
1.0689507 1.078058 1.0860139 1.0911653 1.0843595 1.0909947 1.1057799 1.0573605 1.1030978 1.0969687 1.1209118 1.1041975 1.1384401 1.045654 1.0511448 1.05119
1.1073914 1.0808274 1.0991136 1.1185702 1.0521396 1.0967565 1.0549353 1.0447477 1.0971404 1.0817497 1.1027828 1.0546649 1.1249986 1.0576634 1.1007454 1.0582844
1.0722437 1.1187476 1.0472333 1.0855929 1.0574362 1.0496793 1.0469097 1.0549178 1.0531234 1.0867108 1.0475258 1.0894247 1.0437067 1.0872612 1.0871085 1.0877442
1.083238 1.0847232 1.0421524 1.0416898 1.0560495 1.0934885 1.0498235 1.0455682 1.1165557 1.0892646 1.0488063 1.0984066 1.1093094 1.0401168 1.0977811 1.0874435
1.0742325 1.0736654 1.039232 1.0380855 1.040187 1.0433514 1.0404483 1.0396768 1.0764763 1.0645125 1.0371765 1.0322312 1.048005 1.0557289 1.0932047 1.0926303
1.0820255 1.1093329 1.0443385 1.0518609 1.0523111 1.0406216 1.0610117 1.0519664 1.1060138 1.0939205 1.0435619 1.0335457 1.1082685 1.0612081 1.1134166 1.0478389
1.0855924 1.0769358 1.0451698 1.0868846 1.0522438 1.0396535 1.0556134 1.0372522 1.1302913 1.1051044 1.1339748 1.1142142 1.1168242 1.110008 1.1133505 1.0467674
1.091576 1.084126 1.0816467 1.0908759 1.0551844 1.0413002 1.1054397 1.0403814 1.078192 1.0868155 1.1135128 1.0959333 1.0363449 1.1035147 1.051774 1.0324563
1.076977 1.0852616 1.0965515 1.1017396 1.0509362 1.0441326 1.0875232 1.086458 1.0872931 1.088918 1.1093662 1.0454425 1.0495754 1.0560474 1.0466237 1.0470192
1.1071365 1.0876809 1.1144762 1.05816 1.1191751 1.095775 1.0416319 1.0448505 1.0630672 1.0713778 1.095645 1.0489525 1.0841525 1.0397196 1.0938582 1.0430835
1.0781835 1.080287 1.054422 1.0444925 1.036838 1.0952039 1.04165 1.0416718 1.0624664 1.0954698 1.0890759 1.0890462 1.0833071 1.1048203 1.0933701 1.1059394
1.0713011 1.0686357 1.0424781 1.0452204 1.0387231 1.0521337 1.0398161 1.0409116 1.1042855 1.0971326 1.1026539 1.0435208 1.1031305 1.0976578 1.0913589 1.0601362
1.0560205 1.0505223 1.0583587 1.0390351 1.0397577 1.0495201 1.041839 1.0335724 1.0729513 1.0779923 1.0233546 1.0505248 1.0843214 1.0405827 1.0328796 1.0372307
1.048769 1.077337 1.0395715 1.0421001 1.043238 1.026995 1.0458128 1.035882 1.0939255 1.065366 1.0506111 1.0574399 1.1162528 1.040834 1.0404474 1.0296911
1.0833771 1.0847201 1.043309 1.0360252 1.0427487 1.041464 1.0316128 1.0360605 1.1232973 1.0581483 1.1121473 1.1204357 1.1050832 1.0367736 1.0274053 1.023388
1.0866455 1.0681928 1.0471581 1.0463976 1.052576 1.0458641 1.0384547 1.0364736 1.0775585 1.0858444 1.0924835 1.097512 1.0510428 1.0328641 1.036772 1.0366822
1.0818946 1.088186 1.0432532 1.0971656 1.0306331 1.0370761 1.0445912 1.0446588 1.0682317 1.0999722 1.0523341 1.0541425 1.0414221 1.0463961 1.0427737 1.0421014
1.0931381 1.0734972 1.1054181 1.0502656 1.0405511 1.0423992 1.0361433 1.0829846 1.0708647 1.0927795 1.0558329 1.0482302 1.0975624 1.03942 1.0440387 1.0471816
1.0811598 1.070059 1.0479807 1.0532031 1.0311981 1.0396254 1.0813291 1.0384653 1.0798151 1.0932869 1.0860149 1.0973438 1.0928998 1.0353559 1.0486614 1.0345762
1.0597085 1.0594652 1.0542241 1.0483403 1.0403187 1.041485 1.0310527 1.0411963 1.074171 1.0641859 1.0866611 1.100491 1.096906 1.0395827 1.0418127 1.0326054
1.0731311 1.0571095 1.044649 1.0319712 1.0432467 1.0409667 1.0352225 1.0330635 1.066531 1.0853658 1.0903981 1.0378942 1.041929 1.0369003 1.0420331 1.0486398
1.0779806 1.0806409 1.0284579 1.0351187 1.0368843 1.0360274 1.0380476 1.0452603 1.0421256 1.0277246 1.0393406 1.0343412 1.0312481 1.037107 1.0280592 1.0233115
1.0844861 1.0917667 1.0371025 1.0361196 1.0462927 1.0472126 1.0453482 1.0349334 1.076527 1.0474255 1.049081 1.0357412 1.0242298 1.0280856 1.028118 1.0216483
1.0895367 1.0674602 1.0396976 1.0390501 1.0402172 1.0460424 1.0341262 1.0343175 1.0967124 1.0685027 1.0342754 1.0278001 1.0360476 1.0227392 1.0338064 1.0386277
1.0683082 1.1112294 1.0391383 1.0483712 1.0467613 1.0388483 1.0908487 1.0520055 1.0809911 1.0848936 1.0448984 1.0404235 1.0389392 1.0363346 1.0340611 1.0468932
1.1010213 1.074689 1.0351428 1.0891291 1.0289254 1.0400674 1.038607 1.0432197 1.0724835 1.0868723 1.0578461 1.039568 1.0514824 1.0364006 1.0456895 1.046644
1.05381 1.0567001 1.0766311 1.0388492 1.0414414 1.0802684 1.0418875 1.0210665 1.0955637 1.1153543 1.1091579 1.0489755 1.0530108 1.0486287 1.0416365 1.0941535
1.0755112 1.0382633 1.0450436 1.0372897 1.0423753 1.0376823 1.0364816 1.0289881 1.0869273 1.055004 1.0632222 1.0485519 1.0544488 1.0467243 1.0446987 1.042101
1.0647625 1.0720195 1.0328512 1.0361197 1.0329038 1.0407563 1.0379632 1.0412449 1.0687072 1.0808837 1.0401618 1.0345405 1.0423325 1.0349052 1.0301417 1.0263304
1.0842233 1.067872 1.0399337 1.0391905 1.034325 1.0412076 1.0475441 1.041369 1.050773 1.0574552 1.0289565 1.0381417 1.0244864 1.0388253 1.0374663 1.0287753
1.0692536 1.0949587 1.0314199 1.0433428 1.0402967 1.0426506 1.0278552 1.0472717 1.0637274 1.0566599 1.0244527 1.0305974 1.025327 1.0276448 1.0351746 1.0355843
1.0981501 1.0907385 1.0395763 1.0421699 1.0332898 1.0390532 1.0329136 1.0380319 1.072557 1.0967777 1.0383458 1.0267608 1.0368272 1.039217 1.0464475 1.0560491
1.0813444 1.0707008 1.0359188 1.0417897 1.0298334 1.0376942 1.0437074 1.0936291 1.0507246 1.0814042 1.0327692 1.0374649 1.0329328 1.0440277 1.0458105 1.1128656
1.0870453 1.0700119 1.0448099 1.0456686 1.0318385 1.0973456 1.0469358 1.0365804 1.0891701 1.0967793 1.0445961 1.0396739 1.0486753 1.0445251 1.09427 1.0536039
1.0811628 1.0533183 1.039941 1.0252881 1.0356044 1.0362967 1.0339885 1.0250584 1.0772355 1.062932 1.0392532 1.0511913 1.0386128 1.0985894 1.0415385 1.0336242
1.0799276 1.0382053 1.0350146 1.0293299 1.0409846 1.0395014 1.0390829 1.0287089 1.0619061 1.0512214 1.036987 1.045214 1.0437479 1.0273622 1.0392371 1.0245022
1.0757272 1.0992267 1.0413283 1.043532 1.0262506 1.0406615 1.0359154 1.0469519 1.0669222 1.0727048 1.0404683 1.0282887 1.0221012 1.0343053 1.0306833 1.0452247
1.079735 1.0680529 1.0482427 1.0429765 1.0425547 1.0543598 1.0491534 1.0520743 1.0687984 1.0958664 1.0390198 1.0365278 1.0354048 1.0428427 1.0462937 1.0596417
1.0866517 1.0767926 1.045349 1.0387479 1.0478914 1.0587095 1.0404894 1.0445235 1.0821997 1.0962728 1.0200365 1.026097 1.0312469 1.0361947 1.0952963 1.0588355
1.086796 1.0918332 1.0434505 1.038281 1.0444703 1.0512043 1.1077245 1.1020879 1.0734892 1.1099627 1.042024 1.0328151 1.0349092 1.0984582 1.1280633 1.1246816
1.080771 1.0768588 1.0283059 1.0895115 1.0398887 1.1063087 1.0300425 1.0392636 1.089461 1.1159941 1.0374041 1.0387957 1.0492861 1.1335273 1.1131415 1.1255256
1.0937059 1.056716 1.0991994 1.0392332 1.116513 1.0524485 1.0286416 1.0332031 1.0984699 1.1110309 1.0443431 1.0495938 1.0976819 1.1236527 1.0496563 1.1121508
1.0704081 1.0778323 1.0399635 1.0315695 1.0255909 1.0395468 1.0332242 1.034108 1.0687954 1.0889494 1.0921098 1.1006528 1.0430974 1.0508698 1.0422475 1.0374395
1.0574245 1.0839138 1.0397067 1.0350397 1.0464147 1.0431896 1.0343907 1.0312871 1.0852898 1.0806136 1.0379016 1.0328029 1.0387743 1.0389858 1.0396796 1.0471494
1.0815526 1.1041272 1.0400645 1.0538777 1.0470235 1.0564905 1.09564 1.0504906 1.0663913 1.0876822 1.0397073 1.0285643 1.0208099 1.0306993 1.0322794 1.0459921
1.1007997 1.0668558 1.0501107 1.0451332 1.085365 1.0488241 1.0400447 1.0456277 1.0833353 1.0837032 1.0466757 1.01442 1.0320647 1.0348104 1.04647 1.0498981
1.0764182 1.0794696 1.0524999 1.0495332 1.0949003 1.0549157 1.1032745 1.0966696 1.107754 1.1142718 1.1221145 1.0327077 1.0350008 1.0999012 1.0557631 1.0561346
1.0930324 1.1064994 1.0477546 1.1043873 1.0444415 1.10844 1.1234051 1.1191285 1.1255982 1.1182712 1.1288147 1.0548075 1.1093265 1.1332884 1.0543901 1.1180978
1.0906255 1.0917536 1.1007819 1.0397906 1.0962776 1.107223 1.0407157 1.0872555 1.1077629 1.1173512 1.1335107 1.1134566 1.1364394 1.1059011 1.1272309 1.1339377
1.0900275 1.0652568 1.0463477 1.0237988 1.1107506 1.0944575 1.0263647 1.0405673 1.1324699 1.1181372 1.1217827 1.0567145 1.1265603 1.0515171 1.1318492 1.1104804
1.0630131 1.0322939 1.0253792 1.0232348 1.0336608 1.0458647 1.0470427 1.0388966 1.0868423 1.0872917 1.0531386 1.0339097 1.043436 1.0380801 1.1134845 1.0484724
1.0665863 1.0749531 1.038639 1.0314475 1.0939455 1.0523825 1.0422492 1.0480425 1.0748057 1.08367 1.1062895 1.0315472 1.0334071 1.0351734 1.051074 1.0421642
1.0470899 1.0820719 1.0405452 1.0381082 1.046772 1.0489724 1.078654 1.0487578 1.0841606 1.0882121 1.0389043 1.0471107 1.0257733 1.0421989 1.0465325 1.045332
1.0700324 1.0936707 1.0454726 1.113811 1.0515364 1.0484015 1.045026 1.0435996 1.0872325 1.0822735 1.0433599 1.0384843 1.0389385 1.0424985 1.041341 1.0497352
1.100317 1.0901402 1.1168426 1.0966291 1.0511029 1.0994744 1.0608821 1.1071174 1.0961177 1.1028364 1.0450718 1.116322 1.1124529 1.0589391 1.0599233 1.0601399
1.0934079 1.0831437 1.1090602 1.0895027 1.0897037 1.1006595 1.0467771 1.0517633 1.1112999 1.1171385 1.1256394 1.1131179 1.1217669 1.1309506 1.0560237 1.1189406
1.0998828 1.0883361 1.0897667 1.0542375 1.1089505 1.1042967 1.1100235 1.103672 1.1028194 1.1080277 1.1266092 1.1112497 1.1132998 1.1461414 1.1368655 1.1430392
1.0771466 1.0725527 1.0543308 1.048528 1.1014335 1.048802 1.0511938 1.046958 1.0890298 1.09416 1.0993708 1.0572478 1.0902251 1.1173213 1.1402806 1.1136235
1.0857041 1.0941088 1.0487828 1.0543246 1.0460484 1.0491536 1.098887 1.1038611 1.0605828 1.0937065 1.0450745 1.0950029 1.0918429 1.0323089 1.1097316 1.0413359
1.0883995 1.0653774 1.0519097 1.0449934 1.0463244 1.041705 1.0498266 1.0458355 1.0842496 1.0876203 1.0437962 1.0965377 1.0847242 1.0366217 1.0554723 1.0444336
1.0640731 1.0486646 1.0292531 1.0436215 1.0361066 1.0461227 1.0505514 1.0428241 1.0726671 1.0895706 1.0379827 1.0242072 1.0429659 1.0546974 1.0831686 1.1113591
1.0890231 1.0819699 1.0422468 1.0493665 1.0441755 1.0954486 1.04991 1.0870137 1.0709337 1.0947796 1.0449909 1.0317123 1.0472041 1.0441791 1.0449221 1.0459062
1.088226 1.0830833 1.0415949 1.0949711 1.0877563 1.0486825 1.0772014 1.0484601 1.100756 1.0984327 1.0390426 1.037676 1.048691 1.050195 1.1165413 1.1134573
1.0673757 1.122797 1.1015481 1.0586727 1.0503268 1.0535889 1.0397786 1.0945688 1.0926076 1.1086215 1.0353667 1.128636 1.1265522 1.0537401 1.0606115 1.0525873
1.0887532 1.0635467 1.0683814 1.0518101 1.0972674 1.0955352 1.094886 1.038292 1.1014338 1.1086313 1.0607445 1.05604 1.0525707 1.1176432 1.1271327 1.1420474
1.0747373 1.0640278 1.0453742 1.0846516 1.1065943 1.0498288 1.0520304 1.0596156 1.1128668 1.118983 1.0397445 1.1271161 1.1309057 1.0453433 1.0400296 1.1377279
1.0411925 1.0763886 1.0953586 1.0526596 1.0561855 1.0420691 1.052991 1.047858 1.0941923 1.0737277 1.105571 1.0431882 1.1228774 1.0500686 1.0474799 1.0496312
1.0789171 1.0568833 1.042764 1.0537027 1.0439641 1.0349098 1.0502408 1.0386251 1.0738403 1.1027834 1.0461847 1.0500991 1.0541419 1.0497415 1.0890361 1.1150668
1.0945855 1.071031 1.0442165 1.0492262 1.100738 1.08596 1.0443592 1.0518823 1.0612458 1.0833069 1.0272471 1.0945913 1.0271752 1.0361379 1.1045979 1.0953584
1.0792888 1.0829649 1.044979 1.0507548 1.0500813 1.0946709 1.052097 1.0432415 1.0536264 1.073211 1.0359672 1.0500141 1.0457641 1.0380539 1.1005514 1.0566319
1.0864955 1.0760723 1.0444626 1.0906556 1.0939496 1.0443394 1.1005955 1.0518929 1.080372 1.0947067 1.0306487 1.1158732 1.0240695 1.0555376 1.1110177 1.1130066
1.0748583 1.0610886 1.1011839 1.0684148 1.0945368 1.0914998 1.0409406 1.0342658 1.0775377 1.0902576 1.1134961 1.0560012 1.098141 1.1064111 1.0888538 1.1078099
1.0831118 1.0726548 1.0762819 1.046027 1.0447661 1.0404085 1.0454568 1.038804 1.0986084 1.0895448 1.0500883 1.121292 1.1192064 1.1056943 1.0433666 1.1082206
1.0953106 1.1231874 1.0476437 1.0952529 1.0496521 1.0522496 1.0527022 1.1123359 1.1095129 1.0806447 1.1166807 1.0466152 1.1044759 1.1078176 1.0924501 1.05281
1.0496557 1.0804856 1.0883721 1.0519762 1.0450627 1.0472893 1.040056 1.0451252 1.0525471 1.0809162 1.0424781 1.044966 1.0487772 1.0520135 1.1021208 1.0951089
1.0862315 1.0655457 1.0457458 1.0517607 1.0425674 1.0443949 1.0338001 1.0364813 1.090776 1.0784603 1.0399799 1.0911952 1.0428979 1.0973204 1.0973449 1.0901836
1.0696822 1.0635581 1.0502697 1.0900497 1.0375206 1.0384648 1.0342027 1.0508133 1.0897412 1.0764606 1.0400124 1.077948 1.1145763 1.1107564 1.0760515 1.0792367
1.0943165 1.0369587 1.0519583 1.0905766 1.049204 1.0328206 1.0436614 1.0306729 1.0706564 1.0836883 1.0397489 1.0568262 1.0887833 1.1175919 1.1082201 1.0443604
1.07934 1.0810348 1.0836257 1.0511582 1.0977709 1.0372534 1.0395169 1.0474498 1.0823014 1.1151767 1.0545793 1.1104687 1.1126887 1.0441295 1.1049008 1.0306492
1.0885985 1.0907006 1.0420401 1.0885705 1.046547 1.0436342 1.0382637 1.0402998 1.1170185 1.0802284 1.114588 1.0953028 1.0994202 1.0378594 1.1133984 1.0385072
1.0873529 1.0754302 1.100618 1.0533273 1.0539984 1.045022 1.0352918 1.045905 1.0911474 1.0733044 1.1038296 1.1054068 1.1115552 1.0381365 1.0421807 1.0433787
1.1067971 1.0753115 1.0961982 1.043271 1.0485623 1.0371041 1.0377263 1.0345225 1.0667639 1.0751908 1.1090895 1.0582492 1.1162579 1.0381157 1.0987452 1.0495791
1.0733831 1.0571976 1.0530465 1.0524161 1.0379993 1.0381573 1.0284994 1.0442379 1.0706578 1.087788 1.0464077 1.0850301 1.039901 1.0409834 1.0724324 1.0410239
1.0816022 1.0424088 1.0386302 1.0432538 1.0309203 1.030559 1.0330184 1.0295907 1.0665833 1.0848728 1.0750136 1.0828822 1.0868776 1.0725794 1.0399138 1.078427
1.0647099 1.0786101 1.0539176 1.0348737 1.031998 1.0470976 1.0415988 1.0523541 1.0888479 1.0529764 1.1123421 1.0979346 1.041974 1.0381156 1.0453835 1.0362738
1.0636333 1.0543922 1.0430931 1.0506026 1.0444108 1.0384583 1.033903 1.0224631 1.067241 1.0470285 1.0971541 1.045307 1.0358603 1.0396633 1.0336647 1.0291711
1.0427325 1.0888579 1.0466276 1.0400738 1.040757 1.0519729 1.0372227 1.0447283 1.0554392 1.0734828 1.0419443 1.041623 1.0469208 1.0326943 1.0235419 1.0242109
1.073847 1.0776151 1.0469053 1.0425901 1.0369861 1.0382154 1.0352904 1.037717 1.0689228 1.0787023 1.0491711 1.0367762 1.0357244 1.0356917 1.0366606 1.044233
1.0882063 1.08633 1.051238 1.0449727 1.0404124 1.0371721 1.0427598 1.0407399 1.0879452 1.0636159 1.0284941 1.0339358 1.0247018 1.0457048 1.0453347 1.0443662
1.0679258 1.0820144 1.0957633 1.0265086 1.0394206 1.0414675 1.0522344 1.0455171 1.0677909 1.0774833 1.0428379 1.051653 1.0364693 1.0458202 1.0444775 1.0912188
1.0720168 1.0397985 1.0487281 1.0413868 1.0338714 1.0408503 1.0279175 1.0321862 1.0662622 1.0717226 1.0533233 1.0474284 1.0486263 1.092015 1.041121 1.0384663
1.0611353 1.0325489 1.0449895 1.0320907 1.0296887 1.0379224 1.0337836 1.0279717 1.0648452 1.0633823 1.0444647 1.0826387 1.0326568 1.0425668 1.0313221 1.0364444
1.0593157 1.0870466 1.041261 1.0423856 1.0414225 1.0372548 1.0403622 1.0449088 1.0771046 1.0665097 1.0376686 1.026529 1.0299984 1.0418012 1.0425719 1.0302672
1.0579301 1.0845453 1.0323023 1.052026 1.0425305 1.0286826 1.0389149 1.0327504 1.0864289 1.0570239 1.0381924 1.0193729 1.0461174 1.0374314 1.027035 1.0265228
1.0747666 1.0772412 1.0363606 1.0275398 1.032493 1.0444431 1.0468032 1.1122196 1.0575619 1.0522646 1.0319444 1.0299959 1.0364932 1.0297407 1.0216962 1.0293336
1.0660101 1.0918568 1.0443999 1.0407623 1.0350432 1.0414306 1.0427918 1.0489482 1.0447283 1.0989003 1.0268898 1.0364779 1.0280746 1.0342196 1.0335635 1.0403526
1.091812 1.0760937 1.0507861 1.0426619 1.0407194 1.0374714 1.041533 1.038627 1.1038042 1.0784745 1.0401387 1.0414194 1.0301017 1.0459402 1.0426035 1.0438219
1.0914057 1.0774782 1.0365065 1.0379261 1.0451453 1.0401559 1.0291378 1.0459603 1.0932833 1.0773683 1.0452783 1.0906577 1.0357829 1.0507137 1.0832605 1.0418938
1.0457313 1.0479398 1.0407199 1.040099 1.019641 1.0349182 1.0328175 1.0314583 1.0984746 1.0723271 1.0984348 1.0425162 1.0380579 1.0451789 1.0353404 1.0378119
1.0752643 1.053055 1.0346471 1.0377994 1.0305059 1.0341065 1.0390985 1.0227402 1.0761031 1.0727938 1.0437702 1.0339959 1.039045 1.0948787 1.0403997 1.0289104
1.0615454 1.053398 1.0460336 1.0332202 1.036402 1.0355071 1.0095127 1.0383918 1.0965949 1.0735475 1.0411245 1.0374546 1.0329825 1.026059 1.0331848 1.030438
1.0658537 1.0936658 1.0401802 1.0361111 1.0413786 1.0302655 1.0435321 1.039478 1.0792651 1.0567337 1.033064 1.0282272 1.0250131 1.0261055 1.032605 1.0311517
1.0536506 1.0727236 1.0308547 1.0398192 1.042988 1.0514206 1.0480506 1.0914744 1.0651988 1.0983007 1.026097 1.0313525 1.0310926 1.0230955 1.0416377 1.0473766
1.0808733 1.0838909 1.0294119 1.0380807 1.034745 1.0469986 1.0349742 1.0487248 1.0635657 1.0915521 1.0243886 1.0432315 1.0314581 1.0293301 1.0432705 1.0482535
1.1227386 1.0781653 1.0482199 1.0400847 1.0464381 1.0377815 1.0493942 1.0525374 1.0817204 1.0731692 1.0359688 1.0411165 1.0412326 1.0572149 1.0468739 1.1283706
1.0848414 1.0710183 1.0463337 1.0380561 1.0385679 1.0509217 1.0261719 1.0278699 1.0956717 1.0898341 1.0418413 1.0463147 1.0456638 1.1422341 1.0437235 1.05493
1.0471698 1.0653474 1.0358483 1.041373 1.0372041 1.0328172 1.0188458 1.0320133 1.0959628 1.0691469 1.0495894 1.0365993 1.0575883 1.0601431 1.0345042 1.0210733
1.0468025 1.0398828 1.031315 1.0372723 1.0294594 1.0091959 1.0272382 1.0264838 1.0901744 1.0753874 1.0330266 1.0297594 1.0316616 1.0444976 1.0276757 1.0278441
1.0729297 1.0664164 1.0482743 1.0414921 1.0180334 1.084367 1.03011 1.0457578 1.0664648 1.0806617 1.0269641 1.0345098 1.0366137 1.0470811 1.0465584 1.0383881
1.1073495 1.0864427 1.0419642 1.0362197 1.0441914 1.096285 1.0889822 1.096045 1.0606303 1.0568966 1.0301604 1.03287 1.0446349 1.0387256 1.0383883 1.0402694
1.1022748 1.0714289 1.0910254 1.0455328 1.0454266 1.0961788 1.0395103 1.0508316 1.0840335 1.0848684 1.0341214 1.0359694 1.0396963 1.0452816 1.0958565 1.0977355
1.1077287 1.0569668 1.0419503 1.0465608 1.0336255 1.035437 1.0949565 1.0503734 1.0861728 1.0947449 1.0410429 1.050033 1.0425082 1.1015685 1.0501634 1.1211419
1.0848866 1.0926709 1.0392811 1.034755 1.0479847 1.0986195 1.0999435 1.1119624 1.1101098 1.1132096 1.0513012 1.1287278 1.1034368 1.1204333 1.1301808 1.1301829
1.0908338 1.0841483 1.0419843 1.0583057 1.0324602 1.1045562 1.0387723 1.0470297 1.1180449 1.1133652 1.123492 1.0589144 1.0673082 1.1321774 1.0963784 1.1106603
1.0537298 1.0457973 1.0296434 1.0285543 1.0254573 1.0471429 1.0413015 1.0492527 1.1026798 1.0678166 1.0437799 1.0241417 1.1214217 1.1253724 1.0353377 1.0391157
1.0534078 1.0540643 1.0366213 1.0168781 1.0268024 1.0329994 1.0374812 1.0334164 1.079824 1.0560765 1.0256501 1.0281367 1.0342745 1.1023738 1.0354261 1.0411808
1.09408 1.0836478 1.0954769 1.04529 1.096198 1.0332984 1.0562496 1.0493162 1.0924946 1.0824398 1.044893 1.1120383 1.0445447 1.0381126 1.0455563 1.0528498
1.0734416 1.0756972 1.048626 1.0462112 1.0904822 1.0920185 1.0507342 1.085982 1.1034398 1.0894223 1.0426066 1.0377072 1.0466865 1.0474968 1.1117688 1.0434783
1.0957049 1.0958127 1.1084657 1.0975155 1.1006671 1.0483668 1.0929072 1.050696 1.0901011 1.0985519 1.0394167 1.1241844 1.0370121 1.1040872 1.0367439 1.1125798
1.060929 1.1046271 1.093108 1.039185 1.0353888 1.0928364 1.0461868 1.0911695 1.1087981 1.1037251 1.1342108 1.0501928 1.1127518 1.1293131 1.0503844 1.0573777
1.0650859 1.1035326 1.0414486 1.0343676 1.0778778 1.1006929 1.1028368 1.0382162 1.1379234 1.12605 1.0538721 1.1346833 1.1374633 1.1308314 1.1251085 1.1321751
1.086218 1.0458406 1.038145 1.0364476 1.1064026 1.0377007 1.0360315 1.03899 1.1058462 1.11672 1.127278 1.1278069 1.1357611 1.1300466 1.0634303 1.0449188
1.0630201 1.0722383 1.0480231 1.0246438 1.0453444 1.0329046 1.0515765 1.039488 1.103836 1.0675435 1.1143035 1.0363971 1.1354144 1.0326874 1.1320895 1.0376041
1.0678436 1.0816733 1.0426173 1.0229932 1.0381144 1.0407507 1.0436141 1.0452672 1.0886849 1.076115 1.0508692 1.1150529 1.0317951 1.0400857 1.1083413 1.0411958
1.061892 1.0752403 1.0516908 1.0517671 1.078724 1.051394 1.0493764 1.0438664 1.073232 1.0686203 1.0417463 1.0412724 1.0454072 1.0326462 1.0438564 1.0303861
1.0796636 1.1053432 1.0421236 1.0445031 1.0507088 1.1037891 1.0966437 1.1166639 1.0711337 1.0710272 1.0294344 1.030776 1.0353069 1.0280342 1.1041542 1.051573
1.1182363 1.0780092 1.0468786 1.0971142 1.1043541 1.0717226 1.0476177 1.0889593 1.1048295 1.0947642 1.0459636 1.0507748 1.1175082 1.0975527 1.1171385 1.1025071
1.058601 1.0823483 1.093498 1.0485809 1.0945925 1.0472164 1.086396 1.0460755 1.0819948 1.1056154 1.0471598 1.0458131 1.0502348 1.1055832 1.0873346 1.1080593
1.0715204 1.0706266 1.08094 1.0945486 1.0481161 1.0979412 1.1005158 1.0581135 1.1003453 1.100879 1.0486608 1.1126858 1.1298779 1.0938772 1.0447286 1.1020674
1.1064932 1.0790337 1.0474321 1.1196598 1.056457 1.0572343 1.0523891 1.0552845 1.0937449 1.0670545 1.1044743 1.0524963 1.1327648 1.0466933 1.0840107 1.0543766
1.0767536 1.1047155 1.0511005 1.0913864 1.052967 1.0467956 1.0478276 1.0517367 1.052218 1.1003702 1.0398694 1.0469863 1.0405014 1.0832807 1.0918217 1.0914325
1.0881902 1.0697652 1.0410339 1.0523105 1.0932345 1.053507 1.04652 1.048316 1.1072648 1.083384 1.0420282 1.0547935 1.1089019 1.0405021 1.0965008 1.0977765
1.081746 1.0818115 1.0525287 1.0445752 1.0437386 1.0453037 1.0492936 1.040751 1.0920548 1.0634456 1.0353231 1.0341253 1.0527023 1.0952207 1.0943855 1.1047792
1.0731145 1.0890894 1.0461514 1.0970831 1.0887587 1.0399889 1.08931 1.0529687 1.0964904 1.099787 1.0525643 1.0381788 1.1040474 1.1038455 1.1084847 1.0425291
1.0638224 1.0860593 1.090907 1.0530483 1.0450504 1.0387374 1.0534841 1.0429115 1.1124479 1.1072358 1.1309037 1.1192958 1.1229234 1.1032301 1.1108568 1.0418808
1.0921738 1.0860865 1.0468109 1.0892984 1.0953496 1.0402484 1.056996 1.0437533 1.0724869 1.1063706 1.0494214 1.1010274 1.0798823 1.0994055 1.1050768 1.0377288
1.0867206 1.0831535 1.1005831 1.1039578 1.0514071 1.047524 1.0489002 1.0974597 1.0864313 1.0951838 1.1154093 1.0816967 1.0514548 1.1102742 1.0515552 1.0464004
1.1227862 1.067262 1.1169729 1.0510248 1.0526183 1.1123976 1.0386828 1.0437356 1.06822 1.0994387 1.0500759 1.048328 1.0897259 1.0459397 1.0956268 1.0455965
1.0662322 1.0759654 1.0503237 1.0421495 1.0418749 1.0511395 1.0387061 1.0415066 1.0818732 1.0706306 1.0478883 1.0856528 1.0885396 1.0895483 1.0818276 1.0495988
1.0908648 1.0604477 1.0530351 1.045161 1.0814748 1.0526806 1.0373425 1.0402553 1.0775146 1.0960048 1.0970904 1.0456586 1.1007098 1.1014593 1.0809325 1.0922987
1.0554875 1.0405743 1.0540956 1.0344048 1.0421826 1.0450234 1.036429 1.0295005 1.0594296 1.0681188 1.0306133 1.094272 1.0871925 1.0377479 1.0317781 1.0412459
1.0523951 1.0695472 1.0344625 1.0434291 1.0412097 1.0259702 1.0434728 1.0439852 1.0764608 1.0705752 1.0539757 1.087635 1.1032495 1.0403534 1.0328962 1.0298874
1.0682828 1.0682036 1.0338376 1.0305291 1.0370252 1.043949 1.0273709 1.0335717 1.121918 1.0621684 1.1180847 1.1103352 1.1033344 1.0309044 1.0266608 1.0282894
1.0837097 1.0673869 1.0379044 1.0467012 1.0474201 1.0440438 1.0368987 1.054203 1.0806714 1.1002911 1.0904225 1.0987222 1.1042428 1.0252028 1.0381857 1.0419521
1.0816635 1.0901772 1.0435296 1.0986999 1.0410924 1.0431002 1.0526785 1.0408963 1.0635973 1.0928731 1.1015103 1.1075988 1.0427448 1.0408398 1.0453387 1.0424587
1.0874809 1.0690373 1.1107075 1.055039 1.0414927 1.0439118 1.0271937 1.0482277 1.0807081 1.0924357 1.0540549 1.0531552 1.0943944 1.0522399 1.0466173 1.1105938
1.0756489 1.0630596 1.0490776 1.046469 1.0342427 1.0448676 1.0465157 1.0306486 1.064287 1.0680554 1.0799788 1.085327 1.0878129 1.0304841 1.0395828 1.0276148
1.0707487 1.0523926 1.0554241 1.0452297 1.0413612 1.0425081 1.035079 1.0355253 1.0785873 1.0614511 1.0859339 1.090783 1.0797668 1.0335075 1.0418174 1.0356086
1.0885183 1.0652843 1.04836 1.0305952 1.0505259 1.0519636 1.0384154 1.0265684 1.0774906 1.0788385 1.101678 1.0381655 1.0354795 1.0389943 1.0314462 1.037069
1.0892018 1.0898752 1.0294513 1.0383862 1.0468956 1.0280472 1.0310918 1.0485137 1.041086 1.0345603 1.0387653 1.032182 1.0224062 1.0319726 1.0273159 1.0211141
1.096123 1.0734785 1.043878 1.0361836 1.0489938 1.0520265 1.0362096 1.030571 1.0726612 1.0489925 1.0391508 1.022918 1.0188613 1.0272889 1.0266886 1.0302352
1.0749683 1.0828476 1.0413836 1.0439489 1.036741 1.0450848 1.0427601 1.0439787 1.0952938 1.0603263 1.0272937 1.0210408 1.0294532 1.0272958 1.024971 1.0404102
1.0992987 1.1002195 1.0555123 1.0474211 1.0464017 1.0481132 1.0522671 1.0494728 1.0769075 1.0804437 1.0418526 1.0367063 1.0410984 1.035636 1.0405293 1.049349
1.0703305 1.0855091 1.0356584 1.0484484 1.0331312 1.0419134 1.0284725 1.0398618 1.0575087 1.081061 1.0537366 1.0447767 1.050294 1.0396446 1.0885394 1.0429246
1.057822 1.0338222 1.0469154 1.0257714 1.0356482 1.0402415 1.0391549 1.0225822 1.0738555 1.0810584 1.0435427 1.0419227 1.0491909 1.0989494 1.0415032 1.03783
1.0682449 1.0304945 1.0368202 1.033127 1.0430843 1.0403184 1.0348563 1.0329717 1.068446 1.0630323 1.0880631 1.037825 1.0437729 1.0407778 1.0412116 1.039568
1.0593839 1.0736657 1.0379646 1.0290185 1.0302641 1.035496 1.038596 1.0300506 1.0606606 1.0776768 1.0377531 1.0351642 1.0302905 1.0323858 1.0268879 1.0242454
1.0791672 1.0541472 1.0299662 1.0423203 1.0338132 1.0389735 1.0538585 1.0985031 1.0512787 1.0727487 1.0291202 1.0368794 1.0275531 1.0352525 1.0453156 1.0321523
1.0630809 1.0916797 1.0351894 1.0339757 1.0411246 1.1081897 1.0365896 1.0459431 1.0627444 1.0790111 1.0259668 1.0302868 1.0283588 1.0332884 1.0342638 1.037182
1.0937889 1.1003629 1.0339447 1.0428648 1.0373567 1.0417854 1.0421824 1.0450337 1.079985 1.1089295 1.0360043 1.0266005 1.0331038 1.038359 1.0457313 1.049492
1.0806859 1.0607015 1.0444655 1.0507019 1.0434511 1.0400541 1.0450919 1.0514895 1.055208 1.0852579 1.0322826 1.0334994 1.0341455 1.0472934 1.0495628 1.1229742
1.0755211 1.0483687 1.0496206 1.0457531 1.0439308 1.0467864 1.0432485 1.0299362 1.1078126 1.08687 1.0923814 1.0464659 1.0898592 1.0405824 1.0403374 1.0517007
1.0548387 1.0486466 1.0381222 1.0241796 1.0310161 1.0332757 1.0273125 1.0217141 1.0545616 1.0792361 1.0406824 1.0973518 1.0349553 1.0468712 1.0358622 1.0311996
1.0778202 1.0407413 1.0427753 1.0271931 1.0314038 1.0354645 1.0339832 1.0244114 1.08939 1.0490137 1.0350926 1.0468616 1.0474464 1.0277122 1.0381585 1.0314293
1.0789441 1.091074 1.0400053 1.0423481 1.0212551 1.0425338 1.0450681 1.0412333 1.0716125 1.0840591 1.036828 1.0283067 1.0249594 1.0411242 1.0380613 1.0408694
1.0998794 1.083617 1.0501344 1.0904826 1.0420042 1.0577555 1.0554454 1.0838171 1.0775584 1.0710315 1.0426518 1.0370352 1.0413611 1.0426414 1.0486042 1.0434346
1.0930961 1.0752659 1.1022861 1.0360403 1.0486739 1.0928855 1.0339091 1.036325 1.0916257 1.0909623 1.0218048 1.0325032 1.0308232 1.044953 1.1025022 1.0987101
1.0936797 1.0827469 1.0451072 1.035085 1.0503863 1.0419219 1.0524163 1.0498295 1.0870717 1.1000029 1.0446111 1.036172 1.0425617 1.0996386 1.053882 1.1177373
1.0917565 1.0739623 1.0367103 1.0397573 1.037497 1.0463328 1.0330344 1.0311955 1.0997838 1.113876 1.0424948 1.0424775 1.0511146 1.0692989 1.12761 1.1265593
1.0812908 1.0636014 1.0399586 1.0274835 1.0510375 1.0373719 1.0205985 1.0307081 1.0940541 1.1208166 1.046046 1.0496883 1.0535468 1.1260083 1.1050708 1.1260448
1.0611712 1.0544949 1.0349289 1.0277206 1.0216672 1.0374509 1.0380546 1.0254624 1.0676901 1.0765703 1.0370078 1.0497433 1.0336846 1.1018947 1.0400238 1.0342443
1.052421 1.0516535 1.0378481 1.02819 1.0376412 1.0434521 1.0304216 1.0245038 1.0734502 1.0990287 1.0396547 1.0331268 1.0314775 1.0413309 1.0425247 1.0535517
1.065756 1.0768266 1.0472894 1.0481313 1.0391085 1.0557301 1.0934328 1.0915643 1.0568112 1.0843204 1.0430384 1.0246344 1.0304345 1.0307581 1.0362225 1.1022487
1.0843403 1.0794318 1.0504491 1.0916458 1.0882212 1.0909708 1.0349354 1.0455925 1.085639 1.0859268 1.038224 1.0344465 1.0427114 1.0418205 1.0436417 1.0387764
1.0893493 1.0663911 1.0835391 1.0445886 1.0911227 1.0541927 1.1030306 1.0517527 1.0983768 1.0849652 1.1208653 1.0361146 1.0406961 1.1049951 1.044494 1.1088152
1.0945843 1.0812229 1.0412012 1.0465796 1.0441816 1.0543886 1.1068971 1.1053615 1.1299214 1.1130483 1.0484482 1.053178 1.1130834 1.0600001 1.1145706 1.0533471
1.0746553 1.0825866 1.0420815 1.0404003 1.0977002 1.098319 1.0397521 1.04315 1.1074395 1.112658 1.1368638 1.1180382 1.068548 1.1187743 1.0541643 1.1286196
1.0759572 1.0585672 1.0386933 1.0209366 1.0962802 1.0499094 1.0318117 1.0376925 1.1333236 1.12218 1.1175609 1.0579382 1.1362313 1.1241901 1.1390113 1.040646
1.0564662 1.0279434 1.0252708 1.0145729 1.0291102 1.0432926 1.0395237 1.032166 1.0870515 1.084697 1.051729 1.0291072 1.1035968 1.042671 1.048527 1.049891
1.0597115 1.0672882 1.0441706 1.0255191 1.0879998 1.0506297 1.0450628 1.0401077 1.0640534 1.097677 1.123288 1.0325857 1.0294323 1.0408539 1.105014 1.0497067
1.0649304 1.0845053 1.0783379 1.0368055 1.0460461 1.0995381 1.0418581 1.0818751 1.0798341 1.083979 1.0366964 1.0459522 1.0306939 1.0416611 1.0399282 1.1042982
1.0775098 1.0766901 1.0449159 1.1133783 1.0904863 1.046895 1.043662 1.0473231 1.0702863 1.0831605 1.0411934 1.0344743 1.0414822 1.0381764 1.0433145 1.0388037
1.0682164 1.0993062 1.1071907 1.0935788 1.050672 1.0535557 1.0848686 1.0954685 1.0879632 1.0926175 1.0376252 1.058085 1.1092505 1.1030809 1.0442283 1.1109502
1.0997703 1.0750092 1.1019552 1.0568835 1.0487927 1.0973911 1.0508894 1.0438411 1.0979713 1.1128138 1.0526125 1.0419388 1.0530695 1.1352274 1.1202747 1.0536841
1.0842974 1.0878259 1.0439831 1.0476042 1.10528 1.0475799 1.1131846 1.052359 1.1204969 1.1119117 1.0597498 1.1234744 1.124577 1.1364732 1.0640438 1.1407862
1.0727608 1.0831552 1.051459 1.0498616 1.0496911 1.0468572 1.0421122 1.0483215 1.0937326 1.0927242 1.1025889 1.0561445 1.0425557 1.1288916 1.1400589 1.0416313
1.0708584 1.0817345 1.0566807 1.0480391 1.0457137 1.0412364 1.04846 1.054266 1.0628031 1.0968996 1.0399296 1.0476662 1.0398377 1.030938 1.0449227 1.0481112
1.0858527 1.0659956 1.0914146 1.0377144 1.043036 1.033198 1.0480639 1.0384986 1.0811657 1.1090637 1.038074 1.0499239 1.085359 1.0320699 1.1005955 1.0474858
1.050129 1.0551039 1.032849 1.0468951 1.0384938 1.0422877 1.0467508 1.0456437 1.0783898 1.0825064 1.0419174 1.02771 1.049759 1.0474201 1.0457214 1.0557107
1.0782486 1.0790062 1.0450314 1.0470657 1.0882611 1.0470709 1.0496562 1.0935218 1.0862006 1.0959003 1.0455358 1.032682 1.0517246 1.049536 1.0476828 1.0406438
1.0731763 1.0844198 1.04657 1.0969905 1.0898887 1.0413057 1.0819224 1.0441284 1.1022403 1.0944616 1.04208 1.0452492 1.0368146 1.0386481 1.110714 1.046781
1.0516326 1.0916795 1.0959154 1.0437902 1.0498453 1.0525478 1.0330479 1.0824988 1.0892494 1.072324 1.0287857 1.1205658 1.048557 1.0491972 1.1242443 1.0482063
1.0836058 1.0608621 1.0448711 1.0510192 1.1007015 1.0314983 1.0933378 1.0354927 1.0890405 1.1004891 1.0467383 1.1251987 1.0534666 1.1160344 1.1177053 1.1275865
1.078086 1.0707418 1.0510142 1.0418025 1.0403622 1.0465539 1.0454715 1.0582141 1.112376 1.1312358 1.0395789 1.1110764 1.1147184 1.0438222 1.0431491 1.1419541
1.0582379 1.0820295 1.0522183 1.0449805 1.0532316 1.040038 1.0590513 1.0362346 1.0981561 1.0696958 1.1043558 1.0457036 1.1243796 1.0384511 1.0399363 1.0424407
1.0812209 1.0514002 1.0465381 1.0482943 1.0453761 1.0284041 1.0446088 1.0306915 1.0740377 1.0895671 1.0380615 1.0472018 1.0429507 1.0457 1.039575 1.050085
1.0688835 1.0943376 1.0465326 1.052482 1.1053324 1.0569834 1.0465597 1.040265 1.0585828 1.0936171 1.0325541 1.048728 1.0365148 1.0409613 1.1000162 1.0441273
1.0663401 1.07584 1.0452917 1.0472109 1.0486535 1.058684 1.0487785 1.0442684 1.0553138 1.0869011 1.0401694 1.0545015 1.049503 1.0460993 1.1208671 1.0535884
1.0789399 1.0928532 1.0415565 1.0928692 1.0958838 1.0474887 1.0944375 1.0438005 1.0905246 1.1081984 1.0357505 1.1187116 1.0327629 1.0472014 1.1160465 1.0553699
1.0313128 1.0698344 1.0987035 1.050987 1.0755365 1.083206 1.0312274 1.0341616 1.0744617 1.0739591 1.113193 1.1025898 1.1040783 1.0501932 1.0850133 1.1142453
1.0740665 1.0721817 1.046928 1.04575 1.0423753 1.0286642 1.0406504 1.0319874 1.0836518 1.0912908 1.1065037 1.1061395 1.1213512 1.1148671 1.0490222 1.1061401
1.0926709 1.1079441 1.0492351 1.0415995 1.0494864 1.0430804 1.0481148 1.1121373 1.0854999 1.0792482 1.1048295 1.0443858 1.1032691 1.1099135 1.0468774 1.0931773
1.0590494 1.0728227 1.0528063 1.0437447 1.0493945 1.0446668 1.0368373 1.0394777 1.0566614 1.0769225 1.0461737 1.0370705 1.0488781 1.0874733 1.1056335 1.044409
1.081131 1.0762136 1.0439827 1.051765 1.0386926 1.0464638 1.037431 1.0445743 1.0824895 1.079856 1.0255603 1.0431414 1.0410141 1.0420042 1.0402907 1.041524
1.0812019 1.071307 1.0462953 1.0462456 1.0430723 1.039947 1.0352479 1.0413116 1.0873517 1.0511376 1.0463805 1.0482367 1.1184009 1.1046978 1.0441043 1.0507611
1.0816838 1.0378246 1.0935359 1.0540493 1.0428865 1.04592 1.0432175 1.0322062 1.0736738 1.0851983 1.0441927 1.0505264 1.0399019 1.107174 1.114619 1.0443691
1.0897254 1.0711286 1.0934343 1.044461 1.0845875 1.0411447 1.0393014 1.0912979 1.0890186 1.0837021 1.0431588 1.0522915 1.1031293 1.0396211 1.1266305 1.0320112
1.070259 1.084067 1.0503328 1.0826762 1.0430542 1.038187 1.0391355 1.0468285 1.1114691 1.0983533 1.0567096 1.1079186 1.1086149 1.0389161 1.1055794 1.0358545
1.0961922 1.0775768 1.1086951 1.0436444 1.046529 1.038591 1.0444208 1.0552049 1.1002258 1.0945741 1.1106728 1.1057736 1.1201413 1.0382061 1.0414022 1.0414274
1.1027149 1.064498 1.0416684 1.0420468 1.0440773 1.0356852 1.03676 1.0362399 1.0773332 1.0654701 1.1187547 1.081635 1.1015695 1.036291 1.0844495 1.0405568
1.0629644 1.0547553 1.0476723 1.0488164 1.0359069 1.0342387 1.0334122 1.0307994 1.044048 1.0767934 1.0714272 1.0441303 1.0328903 1.0343993 1.0379035 1.0368694
1.0920205 1.049865 1.0394793 1.0427603 1.0354565 1.0317508 1.0353123 1.0310498 1.0503598 1.0812386 1.0374584 1.0436127 1.0359977 1.079845 1.0395668 1.0470942
1.0516169 1.0741086 1.045449 1.0323006 1.0330546 1.0461599 1.0387369 1.0510308 1.09148 1.0567012 1.0992607 1.0602148 1.0385721 1.0345972 1.046526 1.0478392
1.0626258 1.0636454 1.0414487 1.0537099 1.036691 1.0328298 1.0303037 1.0292381 1.063828 1.049769 1.0891904 1.0445193 1.0324904 1.0345215 1.0395514 1.0323181
1.0473672 1.0766459 1.0382495 1.0307292 1.0291835 1.040248 1.0424482 1.0346321 1.0589502 1.0730418 1.0380006 1.0375814 1.0462258 1.0292265 1.0284319 1.033201
1.0553429 1.0765175 1.0410714 1.0349003 1.0379801 1.0343152 1.0339395 1.0448338 1.0690278 1.0623946 1.0394135 1.0391034 1.03206 1.0367372 1.0274833 1.0413053
1.0938482 1.0700998 1.050427 1.0487536 1.0485526 1.0403987 1.0448619 1.1069455 1.0761896 1.0584359 1.0305587 1.0349106 1.019673 1.0415473 1.0414679 1.0430909
1.0632443 1.0703695 1.1021602 1.034242 1.040956 1.0439228 1.0432518 1.0455893 1.0748022 1.0525676 1.0444703 1.0489422 1.0339575 1.0459915 1.0367161 1.0915216
1.0662854 1.0481691 1.0501099 1.0396202 1.0333679 1.0293486 1.0285515 1.0312332 1.0527552 1.0650659 1.0429717 1.0386373 1.0418698 1.0820086 1.0324413 1.030932
1.0593079 1.0311888 1.0484911 1.0324354 1.0352479 1.0324581 1.0277299 1.0264014 1.0628319 1.0746106 1.0408174 1.044031 1.0372745 1.0429751 1.033191 1.04165
1.0830117 1.1045514 1.0417563 1.0434222 1.0444756 1.0428196 1.0419146 1.0466084 1.0812107 1.0658641 1.0383298 1.0420252 1.0369388 1.0374588 1.0338968 1.0286336
1.0574541 1.0859306 1.034538 1.0461637 1.0381929 1.0329833 1.0433428 1.1082926 1.0863765 1.0553975 1.0374942 1.0172642 1.0369792 1.033027 1.0333546 1.0331882
1.0685074 1.0823698 1.0864671 1.0208917 1.0367569 1.0435277 1.0497292 1.1065471 1.0817436 1.059483 1.03138 1.026395 1.0304258 1.036055 1.023426 1.0332944
1.0712798 1.1007807 1.046749 1.0386647 1.0360333 1.059396 1.0450715 1.050008 1.0577277 1.1036817 1.0329709 1.0331372 1.0336211 1.0464249 1.0343015 1.0439346
1.1015065 1.0628595 1.0567693 1.0481834 1.0503142 1.0410528 1.0421876 1.0470778 1.1077646 1.0871124 1.0390265 1.0347985 1.0358887 1.0509329 1.0394717 1.0436804
1.0801877 1.0711453 1.03192 1.0459515 1.0396926 1.0333043 1.0360917 1.042917 1.0978799 1.0617354 1.0442586 1.083975 1.0416687 1.0454315 1.0393672 1.0400677
1.0467126 1.07333 1.0294454 1.0278022 1.0208364 1.0357088 1.0228299 1.029025 1.0706589 1.0915247 1.0925763 1.042881 1.0412151 1.0372506 1.0380595 1.0355343
1.0713263 1.0415893 1.0347674 1.0396203 1.0295182 1.032036 1.0336248 1.0263077 1.0839581 1.0690986 1.0411296 1.037886 1.0326923 1.0448053 1.0327578 1.0325841
1.0697103 1.0590097 1.043804 1.0382663 1.0336981 1.0308533 1.0167155 1.0334755 1.0689565 1.0652394 1.0377496 1.0378187 1.0346847 1.0232219 1.0285331 1.032011
1.0675308 1.0790428 1.0393012 1.0424023 1.0417631 1.0277019 1.107966 1.0389941 1.0623662 1.0614396 1.0329351 1.0403241 1.030859 1.0264755 1.0395625 1.0328174
1.0758034 1.0912904 1.0370594 1.0427095 1.048472 1.1103106 1.0568658 1.0930624 1.0782648 1.0894392 1.0241162 1.0459332 1.0297878 1.0339538 1.0482602 1.0439953
1.0871236 1.0718125 1.0356591 1.0397483 1.0315107 1.0478365 1.0377084 1.0516305 1.069701 1.0887759 1.0400003 1.047367 1.035157 1.0366987 1.0439434 1.0485795
1.1034486 1.0845166 1.11673 1.0473175 1.0445474 1.0515994 1.0531154 1.0553151 1.0999196 1.0908115 1.0484506 1.0393095 1.0524342 1.0547745 1.0474377 1.1334504
1.0843886 1.0663484 1.0396501 1.0327933 1.0378636 1.0519469 1.0313673 1.0294408 1.086374 1.1008599 1.0336711 1.0444938 1.0405805 1.1449114 1.0455832 1.1255078
1.0597018 1.0705441 1.027289 1.0326786 1.0222969 1.035885 1.0297011 1.0321931 1.1227621 1.0695927 1.050468 1.0296751 1.0479994 1.1323327 1.0250664 1.0294045
1.0645541 1.0469282 1.0237418 1.0375544 1.0272063 1.012689 1.0314274 1.0270625 1.0738577 1.0583341 1.0249308 1.0343643 1.0336719 1.0480623 1.0264231 1.0260581
1.0758985 1.0675822 1.046406 1.0405043 1.0224924 1.0384033 1.0291275 1.0449963 1.0629691 1.0835091 1.0304989 1.0390116 1.0366024 1.0429212 1.0506756 1.0375599
1.0977521 1.0721822 1.1015807 1.0403626 1.1039053 1.0468606 1.0791621 1.042613 1.041922 1.0630579 1.0320745 1.0442908 1.0372832 1.0347948 1.0297107 1.0319
1.0967144 1.0484197 1.0946883 1.0963233 1.043459 1.0896562 1.0410913 1.041376 1.0897052 1.0931841 1.0451491 1.038601 1.0382926 1.0346724 1.0472063 1.1033466
1.1282873 1.0656787 1.04333 1.0549124 1.0458623 1.0419784 1.0436364 1.0507915 1.0633308 1.086414 1.0444068 1.0512338 1.037287 1.1019545 1.113997 1.0953698
1.0923911 1.0746015 1.0390522 1.0424283 1.0460218 1.0413219 1.045768 1.0427617 1.1040822 1.1079681 1.0517436 1.1233071 1.0527595 1.1046107 1.0526245 1.120679
1.0772073 1.060104 1.0432371 1.0481113 1.0356982 1.0513195 1.0377537 1.0450937 1.1178144 1.09174 1.1188656 1.1296495 1.1242129 1.1349454 1.1080295 1.0514877
1.0403684 1.0460083 1.0257306 1.0236601 1.0237166 1.0459086 1.0330056 1.0408376 1.0944909 1.0921972 1.1134429 1.0260743 1.0447081 1.0420934 1.036575 1.0440984
1.05654 1.0539895 1.0328113 1.021469 1.0253233 1.0262768 1.0277368 1.0277628 1.1067712 1.0757108 1.0295115 1.0366135 1.043334 1.1258583 1.0451604 1.0388955
1.0770596 1.0809089 1.1115837 1.0338391 1.0442713 1.0309248 1.0453899 1.0401888 1.1003655 1.0911775 1.0406953 1.0503124 1.0399705 1.0368018 1.0440338 1.0536695
1.0981656 1.0676488 1.0429182 1.0385779 1.0467103 1.0823987 1.0504723 1.091932 1.1035901 1.0697075 1.0457983 1.034842 1.0428791 1.0377363 1.0553733 1.0365802
1.0763037 1.1013192 1.0980606 1.0908805 1.0913296 1.0492082 1.0865568 1.0499084 1.0628316 1.1071947 1.0370033 1.061009 1.0315601 1.1046215 1.0388253 1.0536892
1.0700788 1.0952889 1.0854062 1.049218 1.0400068 1.0479392 1.045343 1.0942408 1.0948822 1.0869114 1.0588135 1.0492666 1.1113584 1.1136817 1.03656 1.0394591
1.0547017 1.0888973 1.035105 1.0343333 1.0292187 1.0351803 1.0896878 1.0366784 1.1049032 1.1091233 1.0470062 1.1082727 1.1139114 1.1248533 1.0449169 1.1196092
1.0767641 1.0616493 1.0442247 1.035656 1.0434262 1.0309508 1.0360912 1.043225 1.1015003 1.126327 1.109032 1.1308758 1.1418009 1.0535158 1.0486405 1.0489197
1.0674136 1.0786034 1.0508628 1.0299366 1.038445 1.0339648 1.0522941 1.0412254 1.1125207 1.0956224 1.1225196 1.0337276 1.0551026 1.0366119 1.1348823 1.0373042
1.0535144 1.0610013 1.0321337 1.0261558 1.0416973 1.0340192 1.0382947 1.0323664 1.0893322 1.0789261 1.0460385 1.0552626 1.0393615 1.0367826 1.0539293 1.0536519
1.0650576 1.0606093 1.0546395 1.0496888 1.087529 1.0533185 1.0978539 1.036525 1.0868762 1.074779 1.0419531 1.0398182 1.0475118 1.0400141 1.039017 1.0426276
1.0722607 1.0978893 1.0534829 1.1084388 1.047794 1.0992925 1.0938861 1.109435 1.0703362 1.0769027 1.030226 1.0366648 1.033598 1.0349935 1.1091013 1.0404042
1.1038136 1.0672587 1.0384138 1.0957067 1.0950787 1.0454752 1.046259 1.0820764 1.0916827 1.1055456 1.0448825 1.0465274 1.0525563 1.1010115 1.1145244 1.0492929
1.0522538 1.0804927 1.0915934 1.0415881 1.0778073 1.0487726 1.1000205 1.0420192 1.0602071 1.0817895 1.0385835 1.0373629 1.037147 1.1019368 1.084495 1.1176964
1.0690479 1.0784516 1.0452881 1.1024674 1.0500386 1.0545294 1.0423859 1.061706 1.0878202 1.0962952 1.0529922 1.1108226 1.1218596 1.0863584 1.0446906 1.096972
1.09497 1.0819731 1.0503473 1.0487864 1.0579379 1.0504574 1.052165 1.0572078 1.086189 1.0598574 1.1073458 1.0428021 1.1353267 1.0450689 1.0476143 1.0831676
1.0686117 1.0999883 1.0527511 1.0507864 1.0509695 1.0512033 1.0460885 1.042094 1.0415728 1.0949885 1.0374972 1.0356077 1.036437 1.0483562 1.0855372 1.0407729
1.0845265 1.0644621 1.0462741 1.0525653 1.0952826 1.0480907 1.042671 1.0421151 1.0924057 1.0727749 1.0462596 1.0515426 1.0532858 1.0386721 1.0999948 1.0474927
1.0742208 1.0625949 1.0496597 1.0926267 1.049022 1.0479531 1.0497533 1.0391773 1.0969602 1.0586814 1.0412909 1.0445936 1.0515218 1.0967658 1.0505182 1.1024386
1.0863177 1.0848179 1.0836434 1.0917519 1.0490856 1.0384755 1.0796382 1.0550497 1.0939935 1.1148223 1.0494065 1.0447896 1.1044432 1.1126807 1.107785 1.0490596
1.0570139 1.0683838 1.0843848 1.050668 1.0445367 1.0423658 1.0481992 1.0390146 1.1283991 1.1095343 1.1166561 1.1198497 1.115058 1.1074386 1.1222923 1.0445015
1.0788707 1.0834408 1.0414927 1.1020856 1.0926777 1.0386639 1.0528501 1.0383277 1.0686074 1.1123759 1.1000216 1.1080133 1.0812598 1.1165391 1.1033552 1.0417608
1.0773989 1.074718 1.106331 1.0412962 1.0391043 1.042081 1.0479207 1.1002239 1.0895107 1.094988 1.0998784 1.0892575 1.045755 1.1025943 1.0474044 1.0440791
1.1050154 1.0766793 1.0561109 1.0371234 1.0483108 1.1119201 1.0309486 1.0457407 1.0590678 1.0563987 1.0497686 1.0472074 1.048058 1.0396237 1.0965143 1.0365695
1.0631586 1.0735217 1.049094 1.0434388 1.0492287 1.0470046 1.0454726 1.0505531 1.0701187 1.0582061 1.0326903 1.0459243 1.0888042 1.0820566 1.0413071 1.0402328
1.0948377 1.0677742 1.0496781 1.0431892 1.0506735 1.0498121 1.0405874 1.0466732 1.0907747 1.0742689 1.0560987 1.0413209 1.094968 1.0468768 1.045887 1.0504241
1.041142 1.0533987 1.0501852 1.032135 1.0498658 1.0350829 1.0359416 1.0281097 1.0566658 1.0669498 1.0349352 1.1023732 1.0408813 1.0368177 1.0277936 1.0444399
1.0680463 1.0702771 1.0348948 1.046605 1.0434695 1.0337982 1.0422955 1.0968944 1.063863 1.0759114 1.0453854 1.1003011 1.0999815 1.037967 1.0314701 1.0345634
1.0721304 1.0570645 1.0389507 1.0325708 1.036088 1.0922697 1.0311484 1.0416225 1.1103309 1.0677384 1.0528728 1.1082698 1.1272806 1.0301625 1.0262222 1.0296335
1.0519705 1.0885407 1.033755 1.0418205 1.0379193 1.0448177 1.0368065 1.055866 1.08758 1.095435 1.1030947 1.1108956 1.1044754 1.0263798 1.0392574 1.039748
1.0919315 1.0934271 1.0470928 1.1087587 1.0456583 1.0527079 1.050072 1.0490128 1.0657008 1.081929 1.1080954 1.1043825 1.0434314 1.0306225 1.0354427 1.0412672
1.0850149 1.0693837 1.1089399 1.0558013 1.0517008 1.0378444 1.0357819 1.0443603 1.0622568 1.0821294 1.0795348 1.0503055 1.0837903 1.0409434 1.0395119 1.1024647
1.0609281 1.0631905 1.0497384 1.0458825 1.0344133 1.0472963 1.0395738 1.0316336 1.0510354 1.0555602 1.034781 1.0726874 1.0383255 1.0289901 1.03929 1.0258114
1.0664763 1.0668675 1.0427588 1.0503978 1.0343535 1.0344336 1.0363283 1.0366287 1.054616 1.054318 1.0482078 1.0455663 1.0436944 1.0282115 1.0391331 1.0387683
1.0848556 1.049945 1.0433344 1.0256709 1.0459222 1.0515963 1.0323876 1.0279647 1.0771935 1.0859867 1.1096823 1.0404549 1.0301992 1.0340165 1.027443 1.0360378
1.0714489 1.0906321 1.0298029 1.0848303 1.0422628 1.0267484 1.0343329 1.0421987 1.0591797 1.0622121 1.0353581 1.0341159 1.026655 1.0269964 1.037643 1.0296826
1.0925887 1.0652223 1.1009803 1.0394742 1.0489037 1.0456866 1.0388459 1.0334948 1.0605804 1.0904615 1.0362899 1.0230359 1.020211 1.0297854 1.0344917 1.0410559
1.0834183 1.082615 1.0529611 1.0476067 1.0402187 1.0500815 1.0503908 1.1135261 1.0754004 1.0740234 1.0274801 1.0141345 1.0242414 1.0329473 1.0293498 1.0432047
1.0854646 1.0959339 1.0591594 1.0505896 1.0484701 1.1066206 1.0451561 1.0488303 1.0554111 1.0881556 1.0374614 1.0342693 1.037578 1.0448118 1.0474532 1.0503455
1.0549754 1.0770948 1.0251821 1.0438378 1.035496 1.0350964 1.0342461 1.0369833 1.042764 1.0803225 1.0427872 1.039172 1.0398775 1.0468284 1.0432601 1.0395584
1.0412151 1.0440319 1.030924 1.0232164 1.0326113 1.0280024 1.033922 1.0170115 1.0568067 1.0929414 1.035457 1.0378529 1.0413535 1.0340861 1.0333275 1.0287799
1.0795557 1.0447304 1.0341398 1.0352286 1.0392262 1.0443949 1.0361944 1.0273144 1.0695626 1.0493542 1.0494806 1.0404388 1.0446981 1.0307118 1.0404823 1.0371313
1.0770042 1.0817945 1.0406321 1.0318568 1.0334041 1.0365068 1.0372496 1.1031531 1.0904062 1.0897514 1.0312471 1.027743 1.032587 1.0311902 1.0354933 1.0300629
1.0745846 1.0654289 1.0289661 1.0419861 1.0374813 1.1093707 1.0556891 1.1023741 1.0558451 1.0827018 1.0300987 1.0301136 1.0372808 1.033451 1.0445136 1.0408133
1.0672896 1.1047778 1.0342863 1.0451729 1.0403764 1.0929056 1.0388403 1.0444815 1.0668684 1.0784068 1.0181998 1.0309294 1.0303301 1.035512 1.0376706 1.0375807
1.0827825 1.095302 1.0462284 1.1004081 1.0550315 1.0465194 1.042934 1.050599 1.0794392 1.1184286 1.0397727 1.0384798 1.0373356 1.0445628 1.044125 1.0512321
1.0878608 1.0638329 1.1025686 1.0507258 1.0402219 1.0470533 1.0452826 1.0455984 1.07939 1.0965389 1.0342709 1.0347449 1.034172 1.0461639 1.0493404 1.1264743
1.0801104 1.0494999 1.0466348 1.0394021 1.0394573 1.0416907 1.029652 1.0282717 1.0922023 1.1181651 1.10148 1.0446438 1.0474693 1.0355513 1.0473297 1.1347749
1.0701902 1.0714194 1.0300218 1.0213989 1.0289521 1.0304084 1.0296525 1.023603 1.0578272 1.0758114 1.0309013 1.0420322 1.0235636 1.0453465 1.0252004 1.0319896
1.0919516 1.0395746 1.0435199 1.0170338 1.0350571 1.039449 1.0250317 1.0233043 1.0910857 1.0709289 1.0368173 1.046886 1.0402824 1.043764 1.0268899 1.0399417
1.0713581 1.0896932 1.0375772 1.1140496 1.0300674 1.0332772 1.1092252 1.0402986 1.0850943 1.0656401 1.0341557 1.0313647 1.0320747 1.036789 1.0437375 1.0418952
1.0909234 1.0852094 1.1070269 1.1015456 1.0462862 1.0581203 1.0535994 1.0753092 1.0916531 1.0954717 1.0470419 1.0430157 1.0566342 1.0383428 1.0381488 1.0386819
1.0928584 1.0907806 1.1021646 1.0337436 1.0982231 1.0776457 1.0417266 1.0466942 1.073141 1.0851307 1.0351728 1.032447 1.035156 1.0383923 1.0521256 1.0981244
1.1045347 1.0789962 1.0421867 1.0346801 1.052473 1.0558237 1.0461371 1.0522227 1.0895834 1.1039301 1.0478718 1.0512064 1.0480853 1.0485698 1.1315576 1.102574
1.090085 1.0459627 1.0412704 1.0326974 1.0492289 1.0516843 1.0330529 1.0268561 1.1009128 1.104898 1.0394763 1.0454123 1.0492873 1.1294785 1.0499635 1.1154832
1.0727011 1.0507653 1.0322356 1.0274652 1.0490645 1.0341825 1.025825 1.0311654 1.1151527 1.1124712 1.0512282 1.0453104 1.050889 1.0609156 1.1211596 1.0540911
1.0729963 1.0548275 1.0299292 1.0249712 1.0209334 1.0306263 1.0276588 1.0185436 1.0620376 1.0933151 1.0371101 1.046541 1.0269344 1.1143503 1.044202 1.0406164
1.0525284 1.0486954 1.0363134 1.0299538 1.037394 1.0383183 1.0271884 1.024419 1.0802015 1.1011344 1.0406463 1.039715 1.0296295 1.0430783 1.0468397 1.0432584
1.0766845 1.0799141 1.036489 1.0440418 1.0358704 1.0511669 1.0913193 1.0475609 1.074226 1.0924447 1.0502663 1.031121 1.0285884 1.0413615 1.0364556 1.0508189
1.0592607 1.0617567 1.0479023 1.0793834 1.0411572 1.0415877 1.035965 1.0401834 1.0893732 1.083244 1.0357412 1.0497098 1.0368348 1.0414933 1.036456 1.0266334
1.0641413 1.0801866 1.0819366 1.0601505 1.0905105 1.043755 1.0474153 1.0563524 1.089494 1.0930624 1.0552306 1.0400779 1.0356992 1.046017 1.0352331 1.0476031
1.0989537 1.1059399 1.048969 1.0442241 1.0447539 1.0459663 1.0437455 1.0385708 1.1190547 1.09917 1.0440973 1.0591741 1.0508354 1.1296976 1.0459378 1.052479
1.0655471 1.0843192 1.0423207 1.0350257 1.0398163 1.036241 1.0347772 1.0374161 1.1170079 1.0854542 1.1112663 1.1206975 1.1364894 1.0497171 1.0508606 1.1151739
1.074379 1.0665152 1.0282811 1.0249513 1.0400428 1.0452054 1.0285293 1.0331144 1.1330361 1.1178511 1.1250862 1.133866 1.051687 1.1402837 1.1253729 1.0496703
1.0537592 1.0296876 1.0272075 1.0180309 1.0343553 1.0381069 1.0326526 1.0202639 1.0904121 1.1032791 1.0473927 1.030941 1.1193798 1.0498618 1.0534649 1.0533836
1.0616885 1.0493946 1.0394049 1.0213774 1.0465066 1.0481449 1.0338585 1.0333624 1.0695608 1.1027898 1.0515445 1.037212 1.0358183 1.0455414 1.0447955 1.0500752
1.0478342 1.0849205 1.0960302 1.0329121 1.0403512 1.0531998 1.0312486 1.0989509 1.099084 1.1049768 1.0398089 1.0427268 1.0263628 1.0371419 1.0417684 1.0427423
1.0860798 1.0912396 1.0385438 1.1014391 1.0497355 1.0439976 1.0495018 1.0547822 1.0675266 1.0687983 1.0394214 1.0304114 1.0466466 1.0336199 1.0378429 1.0268924
1.0777946 1.0976425 1.0950816 1.0799721 1.0450627 1.0529304 1.0890914 1.0893589 1.0945551 1.0881054 1.0401918 1.0514903 1.1091888 1.0992949 1.026558 1.0500491
1.089771 1.0689145 1.0902839 1.0442271 1.0523031 1.0446306 1.0440227 1.0459025 1.0857478 1.0958976 1.0493002 1.0454738 1.116591 1.1211299 1.0466212 1.0445794
1.0978149 1.099675 1.043871 1.0444126 1.0356486 1.0379851 1.1097952 1.0508394 1.1094848 1.0840907 1.0463191 1.1188887 1.1116076 1.1338718 1.0452677 1.1330365
1.0826634 1.0684257 1.056998 1.0484416 1.044724 1.0416752 1.0446489 1.0433669 1.1073736 1.0934277 1.0974722 1.0532011 1.0428007 1.0500327 1.1353863 1.0495918
1.0758755 1.0678103 1.0566784 1.0466819 1.0384052 1.0351351 1.0432026 1.0597824 1.0496604 1.1040311 1.0368801 1.0352141 1.0290759 1.0345768 1.0503473 1.0453328
1.0633163 1.0685241 1.0969646 1.0377129 1.0427464 1.0281336 1.0462346 1.0330166 1.0757632 1.0917263 1.0358579 1.0397274 1.0336206 1.0310683 1.0485634 1.0499742
1.0465914 1.0779305 1.0391654 1.0481591 1.0947771 1.0486779 1.0541847 1.0451559 1.0703336 1.0768919 1.0442414 1.0374985 1.1091889 1.0441588 1.0356803 1.0464486
1.1000835 1.0901462 1.0490952 1.0457863 1.0457243 1.0458215 1.0543752 1.0402638 1.063164 1.0988759 1.05226 1.039635 1.1136657 1.0476305 1.0451927 1.045158
1.0734051 1.0685077 1.049624 1.0859085 1.0899857 1.0375185 1.0418222 1.0439566 1.112857 1.0841358 1.0463341 1.0523169 1.0405929 1.0372405 1.1096814 1.1164858
1.0710616 1.0791057 1.0780107 1.0418874 1.0457501 1.0451614 1.0372835 1.0889461 1.0840148 1.0831121 1.0298462 1.116886 1.1114321 1.0529896 1.0654331 1.0455546
1.0774984 1.0734266 1.0404521 1.0465703 1.0945328 1.0321388 1.0996196 1.036174 1.0797387 1.0793831 1.0448729 1.058377 1.0432193 1.0506299 1.112278 1.1145128
1.088112 1.0644565 1.0509248 1.0489405 1.0532321 1.0366088 1.0423084 1.0485482 1.0882795 1.1235083 1.037115 1.1023338 1.1078674 1.050719 1.0391452 1.1326344
1.0528574 1.0888855 1.0539738 1.0450515 1.0544876 1.038257 1.0473998 1.0339669 1.106155 1.0834279 1.0523844 1.0404261 1.1244133 1.0349001 1.0388563 1.0448406
1.0830034 1.047978 1.0437937 1.0421096 1.044911 1.0259688 1.0415686 1.0320209 1.0753853 1.071084 1.0390031 1.0410267 1.0467985 1.044569 1.0208318 1.0365294
1.0852076 1.0916675 1.0391073 1.0432638 1.0574702 1.0453506 1.0494899 1.0392175 1.0619271 1.0713696 1.0453166 1.0448253 1.0397838 1.0450492 1.0529671 1.0361115
1.086029 1.0687019 1.0428858 1.0450965 1.0555557 1.052237 1.0454528 1.0379963 1.073551 1.0800462 1.0464019 1.0582576 1.0369463 1.043978 1.1081778 1.0914114
1.066854 1.0699773 1.0451351 1.0746232 1.0314701 1.0435542 1.095161 1.0435901 1.0884786 1.089685 1.0373633 1.1070465 1.0393022 1.0926554 1.0543 1.1124867
1.0353156 1.0508473 1.0888916 1.0500953 1.0857934 1.0795885 1.0388285 1.040068 1.0824915 1.0684707 1.0976562 1.0538908 1.0880837 1.1035992 1.0862857 1.1092739
1.0714208 1.0707994 1.0465031 1.0496155 1.0499506 1.0300053 1.0312937 1.1020142 1.0661272 1.0860603 1.0459037 1.1027088 1.0451856 1.1128975 1.0427222 1.109869
1.1002004 1.097758 1.0491784 1.0460463 1.1048476 1.0326093 1.1047224 1.103354 1.0957974 1.0920582 1.1090077 1.0364517 1.1022476 1.0978761 1.044614 1.0448357
1.0665693 1.0624154 1.0481658 1.0435039 1.0465822 1.0959752 1.032471 1.0792389 1.0666242 1.0773227 1.0383455 1.0380464 1.0467982 1.044972 1.0478302 1.0309312
1.0818045 1.0696157 1.0345167 1.039451 1.03488 1.0427414 1.036578 1.04551 1.0876266 1.0634903 1.0319427 1.0434773 1.0409539 1.0404534 1.0295292 1.0352376
1.0692893 1.0881562 1.0913857 1.044911 1.04403 1.0382148 1.0321378 1.0364447 1.0863653 1.0577523 1.0447408 1.0355169 1.1195216 1.1075183 1.0330868 1.050103
1.0857897 1.0529255 1.0452389 1.0536879 1.0420951 1.0532598 1.0464563 1.0379514 1.0717331 1.0783478 1.0483857 1.093905 1.0441576 1.1123755 1.1165022 1.0379089
1.0708591 1.0772082 1.0792634 1.038501 1.0730743 1.0432082 1.0425792 1.0983418 1.1020552 1.0786666 1.0804094 1.1024609 1.1065522 1.0381421 1.1219343 1.0373722
1.0693897 1.0654362 1.0411688 1.0771064 1.0425552 1.0336787 1.0394702 1.042907 1.1130456 1.0854193 1.1110214 1.1096488 1.1102335 1.0420601 1.1100382 1.0459452
1.0858177 1.0835241 1.1006106 1.0413502 1.0353137 1.0373234 1.0481082 1.1052537 1.0864811 1.0844824 1.1065453 1.103243 1.1164205 1.038222 1.044572 1.0404706
1.076612 1.0512491 1.0474831 1.0297216 1.0843942 1.0371846 1.0326588 1.0314679 1.0548644 1.0558825 1.1120535 1.0515281 1.1052114 1.0333112 1.075881 1.0396715
1.0652274 1.0348345 1.0459502 1.091898 1.030912 1.0316855 1.0274042 1.0215914 1.0388075 1.0742186 1.034278 1.0250754 1.0361904 1.0241587 1.0259998 1.0315679
1.0819637 1.0350461 1.036241 1.0430804 1.0332341 1.0310252 1.0253437 1.0301191 1.0526967 1.0682039 1.0284175 1.0321921 1.025221 1.0636624 1.03476 1.0350442
1.0592787 1.0671258 1.0280392 1.0289788 1.0311975 1.0347005 1.0399842 1.0425797 1.0919726 1.0667211 1.0949202 1.0494171 1.0382959 1.0436556 1.0426126 1.0518277
1.0606554 1.0730733 1.0285319 1.0518323 1.0373002 1.0318888 1.0346411 1.034677 1.0468116 1.0607356 1.0956504 1.0378522 1.0305837 1.0335926 1.0401397 1.0319589
1.0493805 1.0856261 1.0407346 1.0299536 1.0289592 1.0417979 1.0358304 1.0377849 1.073868 1.0761845 1.0320812 1.0303596 1.0365515 1.0316387 1.0183882 1.0295112
1.0541439 1.0688955 1.0339308 1.0323764 1.0337555 1.0306417 1.0272553 1.0438352 1.073508 1.087946 1.0353718 1.0342643 1.0390706 1.0353485 1.0289372 1.0427119
1.0914125 1.0763774 1.1160804 1.0432289 1.0478095 1.0305625 1.0421387 1.0445173 1.0669007 1.0493627 1.0361357 1.0363646 1.0230045 1.0408229 1.0328429 1.0398976
1.0562751 1.0753012 1.0964597 1.040675 1.0397643 1.0396987 1.038518 1.0416405 1.0819932 1.0714362 1.0365666 1.0414698 1.0325513 1.0423687 1.0310594 1.0421237
1.0438339 1.0690114 1.0811344 1.0372796 1.0287182 1.0321212 1.0322192 1.0291172 1.0563712 1.0451689 1.0438323 1.039919 1.0338559 1.0351602 1.0329295 1.0326055
1.0582498 1.0558182 1.0387651 1.0382925 1.0314093 1.0389721 1.0341438 1.0314596 1.0621566 1.0917753 1.0376279 1.0454899 1.0439795 1.0353391 1.0360689 1.0401306
1.0681517 1.0915704 1.0378327 1.0402969 1.0459309 1.0372912 1.0445296 1.0415187 1.0758419 1.0816871 1.0397819 1.0433642 1.0372792 1.040329 1.0294701 1.0360979
1.0541936 1.0713203 1.0313275 1.0418063 1.0432295 1.031095 1.0378178 1.0413842 1.0805624 1.0574514 1.036314 1.0248058 1.0419408 1.0411683 1.032211 1.0978291
1.0697738 1.0816897 1.08977 1.0303934 1.034542 1.0398201 1.1038839 1.0439274 1.103619 1.0802747 1.0338054 1.0346999 1.0323211 1.110793 1.0287125 1.0402776
1.075675 1.0933523 1.0416021 1.0350806 1.0305804 1.103828 1.0462601 1.0509167 1.066634 1.0975555 1.0396432 1.0271564 1.0314838 1.0493006 1.0312104 1.0416223
1.0790502 1.0721989 1.1115637 1.0432642 1.0472451 1.0473416 1.0393661 1.0517896 1.112507 1.0652535 1.0372221 1.0359573 1.0413624 1.0517222 1.0333691 1.0388684
1.0857363 1.0687152 1.0409987 1.0411234 1.0421427 1.0335504 1.0325319 1.0371348 1.0910512 1.0589579 1.043473 1.038535 1.0401525 1.0463618 1.0362488 1.0414597
1.0555909 1.0607136 1.0206883 1.0279448 1.0245471 1.0327578 1.0155506 1.0270128 1.0819882 1.0825915 1.0410341 1.0435976 1.0383251 1.0407712 1.0402534 1.0415173
1.0768379 1.058141 1.0415295 1.0412344 1.0325524 1.0296946 1.0216991 1.0332426 1.0731665 1.0876057 1.0376934 1.0394443 1.0396575 1.0358418 1.0486178 1.0377014
1.0720301 1.0747786 1.0385224 1.0315307 1.0334643 1.0353733 1.0278561 1.0393293 1.0756954 1.0639813 1.029287 1.0348063 1.033777 1.0252454 1.0351709 1.0271063
1.0825661 1.0657241 1.0489477 1.032886 1.0474138 1.0371565 1.1039194 1.0375249 1.0642442 1.0807208 1.0298579 1.1023875 1.0294796 1.0299182 1.0947096 1.0363383
1.087142 1.07082 1.041991 1.0453027 1.0967072 1.1059272 1.1088305 1.052169 1.0645367 1.097593 1.09311 1.0501477 1.0325421 1.0364912 1.0554562 1.0533078
1.0800182 1.076121 1.040618 1.0936705 1.0336388 1.1010352 1.1055186 1.1123927 1.0770905 1.110062 1.0506579 1.0443736 1.1101439 1.041934 1.053134 1.1287075
1.1016816 1.090624 1.0402464 1.0444787 1.0352739 1.1193061 1.0482844 1.0518394 1.1096394 1.0941103 1.0507028 1.03505 1.0564736 1.1344758 1.0419675 1.129828
1.0941399 1.0679823 1.038828 1.0326946 1.0338547 1.0460942 1.0381764 1.0259804 1.0897782 1.1153038 1.0366856 1.043747 1.0396693 1.1298989 1.1261469 1.1326731
1.0563476 1.0878289 1.0203785 1.0309037 1.0176437 1.0376627 1.0314418 1.0470732 1.1006284 1.0814275 1.0494114 1.0390519 1.0370343 1.1361383 1.0320222 1.0372449
1.0665467 1.0423249 1.02992 1.0342815 1.021835 1.0181731 1.0323337 1.0319421 1.0861658 1.0449386 1.0389082 1.0383716 1.0375795 1.1039603 1.036965 1.0309294
1.079269 1.0714461 1.0424378 1.0451126 1.0326144 1.0455374 1.0267683 1.0505518 1.0508338 1.0640131 1.0345036 1.035672 1.0407553 1.047039 1.0395032 1.041122
1.110796 1.082438 1.0441104 1.0447253 1.107075 1.0424857 1.0484664 1.0448279 1.0751003 1.0626953 1.033707 1.046941 1.0394305 1.042551 1.0277104 1.0316137
1.101053 1.0545073 1.0471132 1.1004447 1.0998251 1.0445647 1.0435777 1.037536 1.0695573 1.0793873 1.0438783 1.0460134 1.0360686 1.0233251 1.0942755 1.0458063
1.1099849 1.0676588 1.0497853 1.1083635 1.1114284 1.051176 1.0456452 1.052328 1.0638456 1.1001394 1.0419852 1.1318972 1.0282185 1.0301278 1.1186997 1.0426035
1.065254 1.0562869 1.0335994 1.0989534 1.0372286 1.0360029 1.0402673 1.0386983 1.0901915 1.1229707 1.1254461 1.1248434 1.0964332 1.0508504 1.1140884 1.1174486
1.082293 1.0550343 1.0309577 1.0429809 1.0342456 1.034753 1.0302929 1.0309256 1.0963746 1.1045201 1.1207716 1.1287016 1.1065441 1.1136818 1.1084001 1.1104625
1.0650008 1.0529648 1.0312973 1.0317774 1.0229539 1.046013 1.0284853 1.0396272 1.1008557 1.0977623 1.123288 1.0315956 1.1216351 1.1092186 1.043218 1.0413294
1.0657839 1.0561223 1.0324218 1.0257568 1.0259966 1.0313753 1.0279695 1.0270494 1.0964608 1.0713029 1.0419546 1.0335774 1.0420477 1.1299282 1.0458246 1.0442059
1.0943948 1.0981462 1.050832 1.0410013 1.0460517 1.0372623 1.0453968 1.0374855 1.0780771 1.094971 1.1165272 1.0440054 1.0378342 1.0485137 1.0462568 1.1049551
1.1099253 1.0567801 1.0352633 1.0436407 1.0417837 1.0489349 1.0432289 1.0343888 1.0832781 1.0875986 1.1161195 1.0309452 1.0409774 1.028437 1.0482744 1.0232892
1.0740486 1.0962837 1.0298796 1.0485554 1.0422095 1.0456326 1.0382781 1.0432181 1.0789443 1.0815314 1.0312997 1.1166266 1.0286608 1.0406592 1.036143 1.0459132
1.0580343 1.087796 1.0828868 1.1108698 1.0451525 1.0496197 1.0426514 1.0910225 1.0672032 1.094715 1.1129469 1.0560498 1.0318928 1.0532274 1.0189703 1.0417949
1.0415914 1.087576 1.0440954 1.0367895 1.0346674 1.0245038 1.0932453 1.0331279 1.1009663 1.1044122 1.0479621 1.0990275 1.0490098 1.124875 1.0397915 1.1141798
1.075691 1.0509639 1.0998491 1.0305797 1.0312506 1.0347503 1.0370116 1.0440334 1.1068087 1.1047292 1.1036706 1.1236229 1.1308556 1.109837 1.0437293 1.0989233
1.0774646 1.0662903 1.0514731 1.0349387 1.041438 1.037061 1.0539907 1.0356108 1.1145098 1.0932322 1.1198452 1.0376318 1.1361557 1.0332065 1.1370074 1.106709
1.0687757 1.0468851 1.0209912 1.0274512 1.0431236 1.0274712 1.0342431 1.0228219 1.1218926 1.0848387 1.0462818 1.0415248 1.0416563 1.0399299 1.0359371 1.1023015
1.0790044 1.0788398 1.0532353 1.0963387 1.0559593 1.0444396 1.0488639 1.0416971 1.0835576 1.0875974 1.0457577 1.0493414 1.1256244 1.0448514 1.0404829 1.0430096
1.0884523 1.0774918 1.0530385 1.0546007 1.0505701 1.0826639 1.0894521 1.0352682 1.0961081 1.0690327 1.0391805 1.0409843 1.0403956 1.0398983 1.1086056 1.0918527
1.0762306 1.07901 1.0414722 1.0863547 1.0340115 1.0503641 1.0495795 1.0817816 1.0827034 1.1018498 1.0461341 1.0411975 1.1038152 1.1065547 1.0524105 1.1039805
1.0617138 1.1001601 1.0885316 1.0416243 1.0814908 1.0481095 1.0987837 1.0514692 1.0586585 1.0837853 1.0361953 1.0406421 1.0366287 1.0459436 1.0803264 1.1068895
1.0698739 1.1002406 1.0468584 1.0916643 1.0496123 1.055932 1.0496974 1.1073229 1.0920703 1.0832211 1.0522726 1.0544032 1.1193115 1.0932246 1.0379674 1.0896832
1.091924 1.0864959 1.0510949 1.0487273 1.1120881 1.0505037 1.0551329 1.0522223 1.0761753 1.0885706 1.0565343 1.0450747 1.126801 1.0415734 1.0455242 1.0443057
1.0901375 1.0889328 1.0455763 1.0508814 1.0555558 1.0554196 1.0450567 1.0358318 1.0551987 1.0781076 1.038621 1.0387846 1.0376065 1.0447187 1.0398799 1.0249393
1.0930042 1.0703492 1.0407243 1.0959698 1.0584161 1.0418911 1.0447115 1.03875 1.0821009 1.0611845 1.0458196 1.0474554 1.0454403 1.0346032 1.0598589 1.043857
1.0867277 1.0733501 1.0835168 1.0477663 1.0520221 1.0474337 1.0468355 1.0305094 1.1011705 1.0661024 1.0494658 1.0458589 1.054955 1.113206 1.0446892 1.1036001
1.0827488 1.0727097 1.0422385 1.0827959 1.0513194 1.0348556 1.0819185 1.0517437 1.0772544 1.1100233 1.046904 1.0458397 1.096213 1.1078806 1.1178957 1.0424169
1.0543629 1.0867839 1.0761704 1.0473708 1.037212 1.0386863 1.0478058 1.0444702 1.1226001 1.0990515 1.1134332 1.1009665 1.0537863 1.1074393 1.125826 1.0407362
1.0683497 1.0779036 1.035961 1.1004955 1.0784912 1.0338857 1.0429665 1.1089646 1.0563866 1.1175892 1.0448087 1.0424728 1.0745256 1.1146239 1.1099432 1.0491674
1.0798473 1.0782545 1.1064378 1.0464698 1.0338169 1.1022264 1.0937719 1.0993457 1.0830806 1.0720392 1.0917684 1.0845326 1.0395592 1.0913252 1.0546132 1.035855
1.1006031 1.0706716 1.0642282 1.0392268 1.0461614 1.115245 1.0295364 1.0853833 1.0784981 1.0669847 1.042221 1.0447452 1.0469826 1.045894 1.0961688 1.0334727
1.0484668 1.0825844 1.0445242 1.0470848 1.0520031 1.090181 1.0785775 1.0432745 1.0825849 1.0672071 1.0319873 1.0395217 1.0424988 1.079747 1.0263188 1.0332055
1.0776665 1.0608133 1.0898615 1.0392361 1.0444776 1.046166 1.0371069 1.0416903 1.0942602 1.0710968 1.0471864 1.0392473 1.0534163 1.040437 1.0349749 1.0531279
1.0580908 1.0193361 1.0376558 1.0277488 1.0420527 1.0375512 1.0333313 1.0261931 1.0485561 1.0777789 1.0387834 1.1025692 1.0359086 1.0307629 1.0334264 1.0386189
1.0593417 1.0807918 1.0305287 1.0501289 1.0479299 1.0271178 1.042612 1.0953913 1.0732882 1.07148 1.0881459 1.0983651 1.1003215 1.0357057 1.0418448 1.0451182
1.077671 1.0494984 1.0388979 1.0355824 1.0330694 1.1016414 1.0372258 1.0386379 1.109324 1.0714848 1.1083453 1.1112839 1.118302 1.0371959 1.0362486 1.0420113
1.0517993 1.0817443 1.0361307 1.1164186 1.0363692 1.0356169 1.0523341 1.123165 1.0671178 1.0871596 1.1050771 1.1143514 1.1052061 1.0259618 1.0315043 1.0350628
1.1018771 1.1046513 1.1188126 1.1193671 1.0475098 1.1086006 1.0459821 1.0474695 1.0732965 1.0808734 1.0988925 1.1047318 1.0422403 1.0313861 1.0297564 1.0383515
1.0816078 1.0568916 1.1084172 1.0850174 1.0475518 1.0454723 1.0302975 1.037501 1.0677737 1.0919049 1.0470463 1.0537853 1.0795345 1.0331497 1.0326971 1.0344626
1.0360774 1.0520005 1.0789118 1.0393288 1.0324308 1.0446588 1.0270593 1.0388651 1.0597321 1.0449715 1.0266259 1.0580505 1.0314606 1.0222853 1.035084 1.0288885
1.0745242 1.0443558 1.0318139 1.0430685 1.0333322 1.0293874 1.0264622 1.0377566 1.0633022 1.0438662 1.040884 1.0406737 1.0311718 1.0247062 1.0416131 1.0281068
1.0963194 1.0585476 1.0385123 1.0266181 1.0441823 1.0504025 1.0372545 1.0337025 1.0650084 1.0865868 1.1008533 1.0345706 1.0332667 1.0304431 1.0332121 1.0376071
1.0751956 1.0881091 1.0259991 1.0783608 1.0399436 1.0306194 1.035739 1.049495 1.0548396 1.0866772 1.035498 1.0335324 1.0337359 1.0245999 1.0366846 1.101757
1.0852524 1.061173 1.0990524 1.042451 1.0445838 1.054827 1.0289733 1.0435613 1.0631579 1.0847778 1.0313381 1.0307077 1.0257622 1.0300235 1.0325606 1.045222
1.0766958 1.0780085 1.0497549 1.1041752 1.0379189 1.051388 1.051686 1.0408908 1.0567034 1.0806797 1.0337533 1.0204189 1.0225154 1.0282388 1.029019 1.0379657
1.0728488 1.1040767 1.1120855 1.0533955 1.035616 1.0452962 1.0393964 1.045925 1.0395364 1.0911659 1.0320752 1.0325699 1.0297456 1.0466019 1.0390383 1.046031
1.0528069 1.0737282 1.0347948 1.0304472 1.0364655 1.0354182 1.0361149 1.0278813 1.0399936 1.0604426 1.0421014 1.0301934 1.0398359 1.0453433 1.0404803 1.041163
1.0520123 1.0540972 1.0189041 1.0283834 1.0281986 1.0233823 1.0269417 1.0259826 1.0367175 1.0816827 1.0338656 1.0295925 1.0384978 1.0293202 1.0306287 1.0387301
1.0640907 1.0733999 1.0384344 1.0286198 1.0400717 1.0428804 1.0324543 1.0295409 1.073607 1.065104 1.0411856 1.0347785 1.0393139 1.0321939 1.0345489 1.0307707
1.0799513 1.0830448 1.0343536 1.0446535 1.0337198 1.0310328 1.042106 1.0405023 1.0760305 1.1004726 1.0270777 1.0246876 1.029344 1.0421073 1.0372113 1.0359948
1.0841635 1.0521908 1.0315881 1.0402082 1.03614 1.0353508 1.0896984 1.0407376 1.0671719 1.089832 1.0343024 1.028254 1.029191 1.0364915 1.1104041 1.0380306
1.0682359 1.0887748 1.0460244 1.0409796 1.0393939 1.0420083 1.040366 1.058244 1.0674639 1.0737407 1.0247816 1.0305972 1.030855 1.1055485 1.0428649 1.0471631
1.0913582 1.0849519 1.0501226 1.0378448 1.1132637 1.051923 1.0423547 1.0550753 1.0837582 1.1188653 1.0398117 1.0392523 1.047421 1.0474917 1.0489616 1.1273715
1.1086434 1.072674 1.0508201 1.0528708 1.0444194 1.0464087 1.0406836 1.0393434 1.0875957 1.0903484 1.035864 1.0406196 1.0355936 1.0467901 1.0456649 1.1371717
1.0853087 1.0578207 1.044926 1.0281384 1.0338259 1.031121 1.0145054 1.0259768 1.0918146 1.1080862 1.0429461 1.044418 1.0456091 1.038623 1.1224842 1.1396345
1.0525576 1.0642236 1.0234959 1.0246758 1.0292537 1.0181905 1.026483 1.0252144 1.0838982 1.1183697 1.0365679 1.0412611 1.0242084 1.1072057 1.0347073 1.0475721
1.0986441 1.05151 1.0361164 1.0251051 1.030371 1.0323026 1.0218234 1.019455 1.1031919 1.0827291 1.0430071 1.0550627 1.0399464 1.0399917 1.04137 1.036906
1.0705241 1.0861293 1.0398943 1.035371 1.0350125 1.0347612 1.100201 1.0400597 1.0874571 1.0673138 1.0325009 1.0407921 1.0340286 1.0369604 1.0352443 1.0358288
1.0914053 1.0882406 1.0437663 1.0446097 1.0480785 1.0493855 1.095837 1.050936 1.1097302 1.084837 1.1278708 1.0499358 1.1205398 1.0381389 1.0326366 1.0348763
1.0879607 1.0762241 1.0434077 1.039605 1.0972167 1.0425723 1.0960046 1.106258 1.0994682 1.0751789 1.0428493 1.0954221 1.043369 1.0306572 1.0884275 1.0404274
1.0955125 1.0731155 1.0472454 1.0361722 1.1114554 1.109022 1.0459397 1.0483482 1.0881817 1.0979135 1.0509304 1.0486591 1.0479497 1.1014168 1.128101 1.0475366
1.0768989 1.0658658 1.0405793 1.0295385 1.101983 1.0432895 1.0326744 1.0286826 1.1043934 1.104043 1.0473624 1.0550228 1.0498753 1.1261047 1.1222498 1.1032045
1.0710514 1.0661376 1.0279939 1.0222226 1.0412682 1.0280001 1.0250635 1.0334306 1.0972904 1.1201614 1.0413606 1.033324 1.1241714 1.1278157 1.1299185 1.1197622
1.0884565 1.0437249 1.0332444 1.0232571 1.0303941 1.0321596 1.0383493 1.0284513 1.0812302 1.0989956 1.042002 1.1037427 1.0383807 1.124711 1.0504094 1.0460105
1.0398157 1.0535146 1.034981 1.0228112 1.0343008 1.0304593 1.0303069 1.0304009 1.067296 1.0825143 1.0441464 1.0439178 1.0399885 1.0444942 1.0427853 1.0482483
1.0780387 1.0711452 1.0387167 1.0387706 1.0353166 1.0488772 1.042966 1.0430466 1.0603061 1.0655981 1.1116424 1.0335329 1.0338293 1.041295 1.0392462 1.0406368
1.056916 1.0561869 1.0451041 1.0483559 1.0353041 1.0454289 1.0417424 1.0419692 1.0854143 1.0860544 1.041076 1.0549339 1.039005 1.0370005 1.0355446 1.0153692
1.0722891 1.0860989 1.0503421 1.1155096 1.0533122 1.0434974 1.0477519 1.0490196 1.0751652 1.0720313 1.1129006 1.0408452 1.0306847 1.0973122 1.0166097 1.0347996
1.0814546 1.071433 1.1128887 1.0407416 1.0388829 1.0406085 1.0341278 1.0287621 1.1169181 1.08088 1.043071 1.1319673 1.1089864 1.1273242 1.035357 1.041274
1.0343093 1.0572896 1.0376254 1.0280869 1.036335 1.0273693 1.0263982 1.0218672 1.1166756 1.0813987 1.0938047 1.1168314 1.1270807 1.1158394 1.0399663 1.1119108
1.0560063 1.0675819 1.024671 1.030184 1.0285786 1.0287398 1.0258697 1.0333809 1.1375753 1.1052182 1.1247408 1.1423104 1.1340418 1.1363188 1.1299092 1.102752
1.0551769 1.0427986 1.03399 1.0247288 1.0378644 1.0372016 1.032363 1.0279683 1.100357 1.1089517 1.0426179 1.038368 1.1250314 1.0440786 1.1021907 1.1079212
1.0798657 1.0527465 1.0412303 1.0229276 1.0469099 1.0518564 1.0325019 1.0317278 1.0705189 1.1107296 1.0482647 1.0342673 1.0375589 1.0432804 1.0412388 1.1144195
1.0696462 1.0794151 1.0493337 1.0430372 1.0460199 1.0414892 1.0323912 1.038837 1.0908778 1.0997875 1.0375367 1.046906 1.0332237 1.038279 1.0376296 1.0433663
1.0767149 1.0858877 1.03947 1.0316223 1.0420774 1.0402479 1.0386931 1.0411026 1.0704625 1.0621063 1.0433553 1.0313017 1.0433235 1.0286049 1.0364243 1.0203185
1.0545672 1.0678992 1.0336138 1.0825403 1.0351292 1.0543004 1.0354286 1.0907946 1.0928123 1.0730096 1.0318673 1.0414941 1.1080561 1.034033 1.0240281 1.0457883
1.0731957 1.0786415 1.0824131 1.048088 1.0426859 1.0392542 1.0381739 1.0452032 1.0893298 1.0743926 1.038922 1.0508142 1.0514135 1.0432003 1.0316027 1.0483481
1.098419 1.096499 1.046548 1.1024091 1.0285385 1.0396342 1.1024468 1.044863 1.0918255 1.090596 1.0549558 1.0444328 1.1060367 1.1242789 1.0427638 1.1142784
1.0951226 1.0789713 1.1033208 1.0493883 1.0361309 1.0381659 1.0411999 1.0314044 1.0978205 1.0776178 1.0513132 1.0526433 1.0427018 1.1135377 1.1279814 1.1011357
1.0965312 1.0612909 1.0530835 1.0420996 1.0373423 1.0371044 1.0443636 1.0509497 1.0551218 1.0917373 1.0352316 1.0341095 1.0330031 1.0346549 1.104555 1.0966126
1.0715688 1.0557082 1.0489453 1.0336363 1.0418991 1.0249001 1.0452269 1.032649 1.0678643 1.081664 1.0451082 1.0402024 1.0275228 1.0395885 1.0391258 1.0936003
1.0660564 1.1000111 1.1029475 1.1012266 1.0521994 1.1029235 1.0475576 1.045439 1.077702 1.087909 1.0463256 1.0378798 1.1087537 1.0463254 1.0344123 1.0397941
1.0863105 1.092075 1.1123527 1.0919662 1.050466 1.0426412 1.0448189 1.0378882 1.0775485 1.0948808 1.0503565 1.0456772 1.1115191 1.0463868 1.1054287 1.0329216
1.0692796 1.0747945 1.0992748 1.0454874 1.085276 1.0242082 1.030901 1.0412986 1.0980014 1.085784 1.047524 1.1071475 1.0403315 1.0361651 1.0517257 1.0440806
1.06379 1.0832402 1.0396492 1.0878382 1.0548021 1.0372088 1.0454725 1.0410154 1.0643833 1.0842513 1.0321729 1.0470943 1.0429419 1.0636567 1.0586705 1.0538589
1.0922066 1.0788898 1.0884068 1.1103793 1.0977572 1.0375239 1.0480145 1.0389787 1.0798293 1.0858779 1.0377123 1.0555421 1.045366 1.0477756 1.049985 1.0447513
1.0928186 1.0708712 1.1191565 1.1045134 1.1046864 1.0398706 1.0371348 1.1038963 1.0978705 1.1249563 1.0495263 1.0487319 1.0466582 1.0469377 1.0418851 1.1210657
1.0664071 1.0847011 1.1108695 1.0482047 1.0496082 1.0357556 1.0916201 1.0284817 1.0963479 1.083065 1.043915 1.0407404 1.115081 1.0440055 1.041604 1.0408266
1.0919844 1.0719857 1.0906358 1.0305755 1.0427777 1.0301827 1.0383736 1.0378182 1.0775523 1.0748291 1.0339566 1.0428267 1.0396104 1.0441085 1.0240152 1.0373669
1.0819055 1.0837492 1.1014199 1.1032239 1.0561402 1.0486453 1.0552235 1.0475689 1.0762092 1.0816778 1.0414432 1.0464268 1.047933 1.0422772 1.0514791 1.0332863
1.0793314 1.0924854 1.1099811 1.096268 1.1123571 1.0545417 1.0439805 1.0396463 1.090975 1.0833234 1.0526174 1.1258743 1.0492458 1.0440557 1.1143045 1.0963004
1.0649594 1.0723094 1.0959743 1.0414467 1.0264457 1.0462168 1.044813 1.0492564 1.1003637 1.0881963 1.104333 1.0399203 1.0392584 1.0954621 1.0437769 1.1037043
1.0315908 1.0621026 1.0371913 1.0871516 1.0870283 1.0337749 1.0416714 1.046522 1.0847534 1.0734236 1.0376441 1.0484941 1.0977552 1.1063228 1.0916989 1.0952708
1.0959336 1.0804019 1.1083381 1.1252832 1.0589371 1.03429 1.0389452 1.0397358 1.0527389 1.0919805 1.0411378 1.0554947 1.0388938 1.1127237 1.0985291 1.110192
1.0864102 1.0929149 1.1110659 1.1061279 1.1125153 1.0403624 1.1015666 1.1077648 1.0813019 1.079978 1.055011 1.0404831 1.1070399 1.0979688 1.0325252 1.0382922
1.060802 1.0718331 1.1010294 1.0349586 1.0408115 1.0931726 1.0371096 1.0384144 1.0565624 1.0940409 1.0461402 1.0412275 1.1015851 1.0366772 1.0419478 1.0245545
1.0758904 1.094173 1.090083 1.0370702 1.0334982 1.0437801 1.0389149 1.0396769 1.0937709 1.0692146 1.0281132 1.0363812 1.0441074 1.0399221 1.0283016 1.0327487
1.0694407 1.0786868 1.0412621 1.0432737 1.0485873 1.0306599 1.0377201 1.0388446 1.0880892 1.0661231 1.0459149 1.0371916 1.1104743 1.1108086 1.041021 1.043264
1.0895878 1.0586537 1.0477837 1.05037 1.0456398 1.0444936 1.0387231 1.0330024 1.0761276 1.0871652 1.0497899 1.0931891 1.0468626 1.1054096 1.1086853 1.0350409
1.0671698 1.0834198 1.0661137 1.043082 1.0482951 1.036599 1.0370252 1.0453415 1.0907605 1.0854304 1.0896218 1.1068046 1.1048429 1.037788 1.1223086 1.0387927
1.0767876 1.0871034 1.0496562 1.0397416 1.0446192 1.0369464 1.0436295 1.0507317 1.0912263 1.0888892 1.1085047 1.1093687 1.114317 1.0499927 1.0425138 1.0476911
1.0898519 1.0755217 1.0996122 1.0356522 1.0333636 1.0450594 1.0476576 1.044813 1.0766357 1.0672063 1.1161056 1.1133687 1.1064758 1.0477957 1.0417203 1.0459758
1.0704013 1.0577316 1.1084585 1.0350343 1.0912378 1.0444322 1.0382133 1.0449908 1.0627298 1.0486053 1.117561 1.0372872 1.0492635 1.0324444 1.0420096 1.0380543
1.0644754 1.0439215 1.0418112 1.0825529 1.0287801 1.0287209 1.028311 1.0217586 1.0264897 1.0856396 1.0264726 1.0184355 1.0266778 1.0195494 1.0277874 1.0342246
1.0967726 1.0364057 1.0435497 1.0423439 1.0396831 1.0309602 1.0348207 1.0271416 1.0315527 1.055175 1.0258645 1.0306464 1.0275038 1.0365659 1.0341845 1.0342609
1.0499429 1.0508198 1.0363333 1.0266808 1.0426557 1.0332317 1.041957 1.0388378 1.0846635 1.0489136 1.0799632 1.0480214 1.0427867 1.0421596 1.0349897 1.0477213
1.0678747 1.0769446 1.0349816 1.0464187 1.0397269 1.0351955 1.0333682 1.0371277 1.0732293 1.0809124 1.0927979 1.035759 1.0272607 1.0321444 1.0375507 1.03461
1.0487634 1.0905254 1.0420319 1.0275773 1.0341955 1.0439476 1.0436832 1.0420468 1.0927079 1.0886012 1.0337119 1.0346496 1.0326718 1.0283686 1.0270367 1.0433505
1.0664634 1.0873758 1.0332198 1.0345647 1.0318015 1.0364414 1.0385624 1.041989 1.0606942 1.0730795 1.033378 1.0416515 1.0358547 1.0416342 1.03261 1.0449327
1.0806254 1.062812 1.0410945 1.0328231 1.054205 1.0321292 1.0396345 1.0404038 1.0851121 1.0598402 1.0389216 1.0412185 1.0320941 1.038978 1.0366021 1.0333277
1.0591222 1.0856464 1.1012 1.0490535 1.0482178 1.0409964 1.0382162 1.03768 1.0740783 1.048308 1.0420923 1.0368325 1.0434921 1.0361779 1.0360547 1.0326531
1.0435725 1.0801667 1.0426733 1.0431747 1.0297949 1.0293722 1.0327417 1.0355756 1.0380231 1.0628984 1.0394188 1.0404159 1.0352675 1.0311834 1.0305299 1.0407807
1.0591508 1.0605717 1.0412152 1.0308734 1.0345883 1.0385574 1.0382224 1.0318313 1.0630163 1.0768583 1.040247 1.043945 1.035531 1.0363362 1.035512 1.0407958
1.0769126 1.0734061 1.0358273 1.032102 1.0422575 1.0388956 1.0415313 1.0334707 1.081399 1.0859586 1.0324965 1.0401762 1.0373118 1.0387491 1.033752 1.0343878
1.060101 1.0731281 1.0369035 1.0418174 1.0379435 1.0374949 1.0373982 1.0274036 1.102771 1.074262 1.0429609 1.0236342 1.038167 1.0442123 1.02089 1.1007503
1.0813217 1.0673159 1.0411099 1.032665 1.040319 1.0361756 1.0400211 1.0382652 1.1090517 1.0887123 1.0402819 1.0426483 1.0422735 1.1206096 1.0418848 1.0428977
1.0986398 1.0904661 1.0465846 1.0351118 1.0377232 1.0445423 1.0359725 1.0415219 1.0831107 1.1062003 1.0436207 1.0296636 1.0275656 1.0487115 1.0429434 1.0448829
1.0801512 1.0681136 1.0533842 1.0406042 1.0447423 1.0391454 1.0327933 1.0468737 1.1288695 1.0825038 1.044628 1.036595 1.0448849 1.0556105 1.0318975 1.1098704
1.0878748 1.0722872 1.0422041 1.0383834 1.0473974 1.0368547 1.042325 1.0354253 1.0979117 1.048201 1.0419858 1.031779 1.0515069 1.1264113 1.0374234 1.039444
1.0382259 1.0567338 1.0205009 1.0264127 1.0235695 1.0305748 1.0225688 1.0199902 1.0734392 1.0913597 1.0360295 1.0413879 1.0327765 1.0465155 1.043794 1.0411723
1.0775119 1.0583503 1.04053 1.0509444 1.0284998 1.0353522 1.0252466 1.0314136 1.0955204 1.0857939 1.048344 1.0404403 1.0435436 1.0452515 1.049394 1.036664
1.0561393 1.0850874 1.03978 1.0333315 1.0298539 1.0455573 1.0395083 1.0487063 1.0770458 1.0674406 1.027081 1.0312951 1.0381398 1.0244877 1.0671097 1.031445
1.0746064 1.0760745 1.0415014 1.042116 1.0509925 1.04287 1.1087232 1.0856987 1.0708528 1.0871009 1.0360241 1.109822 1.031171 1.0245955 1.1054238 1.0447489
1.0946544 1.0756155 1.0445288 1.051648 1.0422446 1.1065071 1.0966216 1.0431074 1.0617009 1.0718359 1.1123691 1.0506305 1.0417295 1.0394726 1.1035589 1.0457679
1.0827874 1.0856328 1.0392067 1.0338048 1.0270975 1.1063948 1.0531737 1.1024952 1.0823075 1.1081567 1.0479928 1.0521333 1.0956249 1.0474917 1.1194026 1.1271728
1.0959804 1.0851145 1.0378612 1.0417393 1.0321444 1.0639317 1.0514201 1.0965594 1.1052208 1.1130455 1.0502656 1.1192191 1.1208682 1.1294686 1.1326584 1.1465794
1.0825748 1.0724148 1.0409797 1.0346336 1.03569 1.0446877 1.0396549 1.0245211 1.0808883 1.0967209 1.1174436 1.0492836 1.1090215 1.1243589 1.1235424 1.1289829
1.078405 1.0660031 1.025169 1.0322927 1.0269222 1.0409786 1.0308511 1.0425094 1.1104074 1.0657809 1.0359834 1.0360552 1.1138871 1.1306145 1.0783333 1.0365642
1.0745399 1.0241011 1.0248314 1.0375785 1.023745 1.024733 1.0317758 1.0342865 1.1014152 1.0638965 1.0436084 1.0382631 1.0364032 1.1242057 1.0419103 1.0364555
1.0763028 1.0954379 1.0236495 1.046338 1.0265106 1.0469711 1.0371629 1.1072901 1.0572724 1.0653592 1.0239674 1.0308521 1.0329225 1.037621 1.0332276 1.0393884
1.1027023 1.0983878 1.0531889 1.054557 1.1044961 1.0493929 1.0465018 1.0455 1.0690706 1.0713824 1.0327728 1.0463821 1.0390112 1.040579 1.0234107 1.0261421
1.0925512 1.0645921 1.0423623 1.1039176 1.1008055 1.0439421 1.0366768 1.0305386 1.0704054 1.0754371 1.0397207 1.0427254 1.0339129 1.0353353 1.0968515 1.0448205
1.108553 1.0806203 1.0444188 1.1113831 1.051656 1.0457741 1.041309 1.0498527 1.0631084 1.1017405 1.0397714 1.1216204 1.0286114 1.0317501 1.1131903 1.041095
1.0766342 1.066142 1.0273986 1.0389774 1.0369451 1.028476 1.0287038 1.035897 1.0877973 1.1135366 1.1242383 1.1215074 1.0885979 1.0490661 1.1062791 1.1130522
1.0934448 1.0354259 1.0282009 1.0354962 1.0366848 1.0221908 1.0241677 1.0296837 1.0927328 1.094551 1.1128733 1.1173128 1.1051214 1.1070048 1.1054614 1.105014
1.0555387 1.0538602 1.0219152 1.040211 1.0225359 1.0361508 1.0360523 1.0382235 1.0994288 1.1098698 1.1275401 1.0362755 1.1195556 1.1089091 1.0388287 1.0489817
1.0746218 1.0753882 1.0289968 1.032725 1.0185534 1.0386949 1.0319066 1.0224137 1.0973693 1.0861206 1.0353521 1.0329311 1.0449805 1.1386211 1.0467006 1.0450598
1.1052189 1.0981061 1.050153 1.0442405 1.0512097 1.0416162 1.0457749 1.0351042 1.066864 1.0812631 1.1057168 1.0498294 1.0394162 1.0479339 1.0491894 1.1089004
1.1180711 1.088368 1.0935975 1.1110072 1.044163 1.0523529 1.0377469 1.032154 1.0739572 1.0522633 1.1081234 1.0238801 1.0382081 1.0250868 1.038866 1.0251788
1.0816884 1.088167 1.0342077 1.0297896 1.0405087 1.033749 1.0365571 1.0428455 1.094451 1.0922 1.0334765 1.046485 1.0311334 1.0374242 1.0422434 1.0381643
1.0821669 1.0884256 1.0853062 1.1018084 1.0370835 1.0381233 1.0486138 1.0504164 1.0567961 1.0781486 1.0422997 1.053593 1.0308313 1.0486106 1.0136769 1.0436229
1.0494897 1.0716974 1.0473487 1.0856069 1.0259985 1.025215 1.0407258 1.0381172 1.0868865 1.0945746 1.042002 1.0428083 1.0483295 1.1138126 1.0301012 1.0982153
1.0590329 1.0639048 1.1026798 1.019803 1.0324144 1.0205551 1.0305269 1.0969033 1.1007578 1.0874413 1.0419834 1.1198334 1.1133015 1.1066394 1.0428364 1.0957695
1.076269 1.0708494 1.044169 1.0362667 1.0330555 1.0331451 1.1024044 1.0311198 1.1126467 1.1024375 1.1186615 1.0440193 1.1275958 1.0348154 1.1335063 1.1109024
1.0853962 1.0508298 1.0248662 1.0262886 1.0423396 1.035831 1.0214378 1.0249276 1.1068867 1.0840503 1.0523651 1.0422239 1.044586 1.0372126 1.0363324 1.1131417
1.0954077 1.0783672 1.1067958 1.0576541 1.0582894 1.0995157 1.0522258 1.1054177 1.1069125 1.0849631 1.0497533 1.0478531 1.1245584 1.0445192 1.0450987 1.0411069
1.0853589 1.0879121 1.1137165 1.048531 1.1063356 1.0403212 1.0798901 1.0320016 1.0975696 1.0868456 1.0412512 1.0407906 1.03781 1.0492946 1.101313 1.091132
1.0833514 1.0711484 1.1016548 1.088753 1.0299537 1.0919837 1.0535483 1.0849007 1.0952045 1.1101588 1.0481033 1.0427452 1.0497564 1.1031519 1.0503476 1.106005
1.0554452 1.1035471 1.0390911 1.0438586 1.0907639 1.117807 1.1053988 1.0467863 1.0562259 1.0663762 1.028774 1.0423355 1.0397048 1.0418876 1.096389 1.1116945
1.0827634 1.0829374 1.1057782 1.0974768 1.0539554 1.0949353 1.1091509 1.102158 1.0801817 1.0734845 1.0484506 1.04869 1.040206 1.0942441 1.0998304 1.0890715
1.0820668 1.086771 1.1219635 1.1092081 1.1014886 1.0501192 1.0540407 1.0465407 1.0852406 1.0931075 1.0497379 1.0519102 1.1194435 1.1098858 1.050782 1.046793
1.0733064 1.0991114 1.1000477 1.1018565 1.046067 1.0437123 1.0511565 1.0414039 1.0678807 1.1007344 1.0441971 1.0483985 1.0371739 1.0352948 1.036396 1.022949
1.0959144 1.0865421 1.0926578 1.0571148 1.0478152 1.0397326 1.0474613 1.0397345 1.0865674 1.0624719 1.0371274 1.0568079 1.0375992 1.0380882 1.0468855 1.037938
1.0871848 1.0655946 1.0470395 1.0483977 1.0551046 1.0485611 1.0495056 1.0352815 1.1060873 1.0731803 1.0493627 1.061627 1.063094 1.1013194 1.0372812 1.1037719
1.0657799 1.0788815 1.0476207 1.0811867 1.0531003 1.0403668 1.053439 1.0554507 1.083952 1.0952517 1.1170548 1.0476134 1.0949441 1.1053079 1.1083595 1.0389043
1.0600953 1.078289 1.0691099 1.046426 1.039786 1.0356245 1.0356542 1.0388681 1.1422999 1.0971394 1.0431385 1.0957009 1.0481758 1.0938294 1.1094654 1.0358864
1.065817 1.0840272 1.0404364 1.1014445 1.03159 1.0372375 1.0404787 1.0381249 1.0427904 1.1066108 1.0397214 1.0329695 1.0845366 1.1228838 1.0551502 1.049814
1.0843658 1.0678109 1.1066118 1.1026865 1.037868 1.0404786 1.085487 1.0932115 1.0491469 1.0817356 1.0458535 1.0901064 1.0866804 1.0373976 1.051514 1.0418618
1.0919223 1.0823977 1.109256 1.0438461 1.0469993 1.1181102 1.0349262 1.0361136 1.0697906 1.0694119 1.0440123 1.096674 1.0368543 1.0322553 1.0439651 1.0316511
1.0712811 1.0894514 1.0511732 1.0456535 1.0493915 1.1058366 1.0430514 1.0455002 1.0836323 1.0739453 1.0344635 1.0378191 1.040006 1.0417881 1.0283858 1.0378817
1.0753871 1.0760409 1.0402013 1.0382862 1.0411576 1.0408039 1.0444783 1.041496 1.0726452 1.067694 1.0374995 1.0363474 1.0347713 1.037285 1.040055 1.0423788
1.0450357 1.0300246 1.0371147 1.0236448 1.0390562 1.0346401 1.0265696 1.0198141 1.0532146 1.0860617 1.0410972 1.0974331 1.032822 1.0313725 1.0302055 1.0404857
1.0480776 1.0925303 1.0231283 1.047505 1.0395734 1.0232292 1.0416616 1.0417846 1.0785722 1.0780381 1.0940052 1.1026076 1.1046416 1.0359126 1.039299 1.0427136
1.0640365 1.0653784 1.0458883 1.0381191 1.0329293 1.0402731 1.0359107 1.0432605 1.1093162 1.0639578 1.1121925 1.1104867 1.1177979 1.0353884 1.0434217 1.0506605
1.0562028 1.0772096 1.0377544 1.0513887 1.0442618 1.0460548 1.0521326 1.0545862 1.0830784 1.1041112 1.1095241 1.0995531 1.0510715 1.0352876 1.0345517 1.0466169
1.0976037 1.0916568 1.042566 1.1226597 1.0436472 1.0449677 1.0498829 1.0528705 1.0748415 1.0799868 1.102075 1.0434135 1.0433495 1.0311364 1.0330626 1.0345271
1.0832012 1.074774 1.1031176 1.0473406 1.0493473 1.0449475 1.0383402 1.0402021 1.0558411 1.0718583 1.0404269 1.0381757 1.0442266 1.0316225 1.032315 1.0273196
1.0538632 1.0575608 1.043957 1.041465 1.0358623 1.0449669 1.0361781 1.0349593 1.058594 1.047192 1.0282489 1.0395226 1.0287247 1.0171696 1.0279386 1.026515
1.058215 1.0590813 1.0339013 1.0457478 1.0318313 1.0360808 1.0261959 1.0288106 1.0642774 1.0339559 1.0341047 1.0310526 1.0303931 1.018205 1.0249332 1.0275979
1.0956793 1.0656377 1.0408524 1.0317842 1.0466424 1.0546968 1.0365738 1.03028 1.0752164 1.0889184 1.0917221 1.0359755 1.0424901 1.0337812 1.0371884 1.0335283
1.069252 1.0681014 1.0260266 1.0348634 1.0338542 1.0376027 1.041394 1.0406702 1.0813241 1.0950116 1.0345683 1.0370443 1.0304483 1.031967 1.0303333 1.1072191
1.0789679 1.0740305 1.0466139 1.038664 1.0430232 1.0438442 1.0338521 1.0468094 1.0554471 1.0818886 1.0281638 1.0273008 1.0313808 1.0317401 1.0417712 1.0407227
1.0789771 1.0882322 1.0424128 1.04705 1.0454274 1.0480505 1.044629 1.0384498 1.0747837 1.1080077 1.0458009 1.0326244 1.0326505 1.0362645 1.0392426 1.0450091
1.0780079 1.1226573 1.0476522 1.0427667 1.0341874 1.0373188 1.0403777 1.0442537 1.053927 1.070646 1.0360664 1.0342177 1.0332036 1.048578 1.0303401 1.1123035
1.0808201 1.0873389 1.0350407 1.031909 1.0308642 1.0335348 1.030378 1.0288098 1.048477 1.0592523 1.0366247 1.0299611 1.0341208 1.0358052 1.0360084 1.041229
1.0705687 1.067862 1.0268881 1.031331 1.0344449 1.0246216 1.0297035 1.0320275 1.0392051 1.0872777 1.034043 1.0225645 1.027205 1.0208021 1.0307012 1.0313033
1.0651753 1.0894716 1.0332155 1.0357546 1.0346768 1.0388801 1.0334878 1.0308285 1.0558479 1.0801455 1.037462 1.0308348 1.0311015 1.030237 1.0378062 1.0309516
1.0610669 1.0848954 1.0374451 1.0389309 1.0303102 1.0236644 1.0506418 1.0369803 1.0715145 1.1159856 1.0336934 1.0282212 1.031457 1.0441872 1.0454677 1.0380211
1.0376054 1.052742 1.0316149 1.0356659 1.0357614 1.0336791 1.0409002 1.0396494 1.0827895 1.1156372 1.0334275 1.0318568 1.0313259 1.0465779 1.1178396 1.0445755
1.0738258 1.0817157 1.0292249 1.042742 1.0406417 1.0411642 1.0350273 1.0447446 1.0886639 1.0480112 1.0415841 1.0294557 1.0449082 1.1052179 1.0975795 1.0428308
1.0993862 1.0862381 1.046731 1.0310351 1.043258 1.0484041 1.0330302 1.0464896 1.1182333 1.1224228 1.0508373 1.0460666 1.048212 1.1115824 1.1284223 1.1329905
1.0951564 1.0707798 1.0450894 1.0473717 1.0432767 1.0501696 1.0403262 1.0398896 1.0797786 1.0807143 1.0366368 1.044856 1.0282485 1.1166204 1.1273869 1.1362808
1.0664876 1.0567892 1.040901 1.025038 1.032206 1.0239873 1.0211657 1.022151 1.083681 1.1057203 1.0365317 1.0379292 1.0440648 1.1213872 1.1232358 1.1357824
1.0646322 1.0775213 1.0282924 1.0280392 1.0290593 1.0175922 1.0202006 1.0226982 1.0763819 1.0883358 1.0335974 1.0376499 1.0288873 1.1138918 1.0766203 1.041731
1.0701978 1.063673 1.0420504 1.0207608 1.037832 1.0308604 1.0251694 1.0277007 1.0955884 1.0912449 1.0460814 1.0452088 1.0441046 1.0459256 1.0829054 1.0445858
1.0651011 1.0664757 1.031021 1.0347499 1.0367049 1.040693 1.1054966 1.0916737 1.0992262 1.0677143 1.0294385 1.045461 1.041509 1.0362147 1.0348479 1.0430765
1.08608 1.076085 1.0510864 1.045512 1.0581111 1.1051378 1.0968001 1.0535272 1.1005216 1.0808372 1.1149004 1.0536629 1.1161201 1.0369297 1.0275742 1.0311129
1.0887341 1.0878607 1.0436639 1.0343256 1.1091931 1.0510346 1.0469909 1.0967835 1.090348 1.0856448 1.0495534 1.1083103 1.1058856 1.0363034 1.0980401 1.034205
1.0969497 1.0844524 1.0445738 1.0369271 1.1211042 1.093262 1.0429085 1.0988317 1.0925977 1.1109492 1.0523562 1.124172 1.1233188 1.1088386 1.1286527 1.0501202
1.0648574 1.078584 1.034361 1.0355277 1.0495209 1.0955172 1.038473 1.0215499 1.0961986 1.1049771 1.1207345 1.1217686 1.1225542 1.1080892 1.1176953 1.1085173
1.0887877 1.0547725 1.0340679 1.0183549 1.0355164 1.0256922 1.0235425 1.0332707 1.0872698 1.1373202 1.0414971 1.1065294 1.1158305 1.1320944 1.1269903 1.11659
1.1042727 1.0451161 1.0244302 1.0281315 1.038908 1.0405437 1.0445212 1.0362368 1.0901711 1.0920275 1.0403507 1.1220224 1.0916995 1.127452 1.0408542 1.0433016
1.0517294 1.0561343 1.028503 1.0265689 1.0432469 1.0415945 1.0256755 1.0321866 1.0810733 1.0884075 1.0460968 1.0450786 1.0781689 1.0416307 1.0387608 1.0461662
1.0969733 1.0874412 1.038929 1.099284 1.0317492 1.1017249 1.0429018 1.040422 1.0641009 1.0738854 1.113711 1.0267644 1.0300596 1.0388186 1.0362215 1.0381813
1.0569172 1.0560291 1.0950689 1.0412447 1.033004 1.0367118 1.0299065 1.0351615 1.0897448 1.0746334 1.0307366 1.0561194 1.037399 1.0348704 1.0403436 1.0197471
1.0866603 1.0712914 1.0450276 1.093922 1.0454236 1.036298 1.0305437 1.03712 1.0831305 1.0828719 1.0391836 1.0364972 1.0291778 1.1045271 1.0161971 1.026124
1.0874741 1.0610198 1.0968349 1.0761503 1.0415956 1.0427067 1.0310009 1.0310547 1.1199639 1.0815552 1.0445646 1.126462 1.1064394 1.1218972 1.030174 1.0415394
1.0448847 1.0494205 1.1014887 1.0250033 1.0305766 1.0315491 1.0183437 1.0281566 1.1212065 1.0833182 1.0333046 1.107952 1.1102824 1.1079586 1.034647 1.0976325
1.0427192 1.0734323 1.0203212 1.0336915 1.0277641 1.0380702 1.0348535 1.0340921 1.1386704 1.0923858 1.1129498 1.125479 1.1307479 1.1370752 1.1164349 1.1113536
1.0655946 1.0513214 1.0354517 1.0269271 1.0419852 1.0323668 1.0283189 1.0312232 1.0990026 1.0997905 1.0418231 1.0370752 1.13538 1.0376514 1.1078217 1.1178885
1.084951 1.0758069 1.0494405 1.0241656 1.0465544 1.1100659 1.029764 1.0351806 1.0819654 1.1057556 1.0519204 1.0337069 1.0368938 1.0452673 1.0442343 1.1194373
1.0882013 1.0965691 1.04949 1.1053451 1.094456 1.0468951 1.0286824 1.0322891 1.0937575 1.0728486 1.0420403 1.0506321 1.0408905 1.0352168 1.0420214 1.034777
1.0678456 1.0843472 1.1077403 1.0283369 1.0386524 1.0283978 1.0330817 1.0437777 1.0677495 1.0603151 1.0434524 1.0325878 1.092511 1.0243912 1.0444462 1.0195773
1.0524385 1.0759354 1.0327424 1.0913899 1.0288081 1.039518 1.0344169 1.0514201 1.072611 1.0876666 1.0260016 1.0355996 1.0454025 1.0307518 1.0254338 1.0440322
1.0783043 1.064647 1.0885924 1.043705 1.0377141 1.042725 1.0450323 1.0469553 1.0769045 1.0921154 1.0370781 1.0520976 1.047615 1.0464059 1.0333501 1.0410829
1.0742056 1.0988876 1.0503292 1.1201682 1.0350388 1.0364017 1.0444919 1.0991479 1.1040289 1.0885944 1.0428575 1.0418446 1.0492687 1.1168426 1.0432057 1.1051537
1.0822855 1.0574143 1.1049805 1.0445437 1.0402449 1.0349658 1.0427463 1.0303819 1.0874921 1.0661502 1.0494045 1.0573462 1.0485921 1.1074488 1.1143113 1.106836
1.0792693 1.0620735 1.0486759 1.0466537 1.0319889 1.0330291 1.0385238 1.096236 1.0573735 1.0932919 1.0410525 1.0459936 1.0347948 1.0326167 1.099832 1.0961903
1.0931466 1.0645474 1.037529 1.0342088 1.0925252 1.0250915 1.0424948 1.0326638 1.0735905 1.0884538 1.0441494 1.0386944 1.0280262 1.0431203 1.0345058 1.0995616
1.0567803 1.0917338 1.0365106 1.1042241 1.0898428 1.106083 1.1084317 1.0450265 1.0480083 1.0839806 1.1044271 1.097852 1.1133289 1.0438713 1.0350412 1.046888
1.1045969 1.0884695 1.04319 1.0963445 1.1111437 1.1063881 1.1043867 1.0372252 1.0827525 1.0970656 1.1020144 1.1142017 1.121193 1.0440217 1.1091708 1.0414282
1.0769799 1.0864685 1.0887252 1.0397235 1.0949093 1.037107 1.0358422 1.0362104 1.1222479 1.088804 1.0989711 1.1140912 1.0372771 1.0341843 1.0502051 1.1058878
1.093513 1.0490268 1.0475138 1.1036949 1.0867044 1.0726959 1.0431039 1.0397043 1.0715781 1.0935975 1.0334485 1.0431997 1.1179107 1.1234545 1.0444894 1.0473993
1.0919046 1.0734316 1.1006188 1.1146903 1.1139702 1.039243 1.0427179 1.0412041 1.0731955 1.0920203 1.0343143 1.0533754 1.045645 1.1128355 1.0507656 1.0447056
1.0915108 1.061647 1.1130435 1.0422168 1.0964916 1.0316623 1.0349158 1.029555 1.0852894 1.1194777 1.1115916 1.0399282 1.047456 1.0448189 1.1099384 1.0377042
1.0864253 1.073655 1.0499171 1.0463976 1.0908993 1.0265579 1.0311168 1.0256664 1.0738155 1.0870663 1.1089699 1.1029274 1.0378625 1.043128 1.0439478 1.0347116
1.0851197 1.09415 1.0870119 1.0351169 1.0895541 1.0334921 1.0426943 1.028601 1.0663013 1.0768431 1.0962546 1.0417345 1.0379462 1.0359106 1.0319285 1.03908
1.0892547 1.0873169 1.0434505 1.1016102 1.1126246 1.0393276 1.100623 1.0435628 1.0811284 1.0876209 1.0968196 1.0522624 1.092876 1.0795186 1.0990623 1.0385519
1.0849999 1.0985674 1.052935 1.0913194 1.053443 1.0495235 1.0481597 1.0444334 1.0718031 1.0793319 1.1031035 1.1200533 1.099167 1.0857612 1.1134663 1.0979674
1.0636764 1.0816294 1.0806249 1.0347807 1.0252514 1.0453521 1.0419283 1.0440983 1.0958558 1.0931481 1.1021556 1.0408356 1.0938247 1.0841279 1.0444931 1.1065116
1.0421233 1.078411 1.0414534 1.0907779 1.0436045 1.0296804 1.0436244 1.0438688 1.0653399 1.0748696 1.033365 1.0428946 1.0902622 1.100477 1.0514686 1.0957686
1.1082418 1.075987 1.1046307 1.1245768 1.1099645 1.0410135 1.041026 1.0424591 1.0497797 1.0756509 1.0319752 1.0464916 1.0376333 1.1090913 1.0392146 1.1174871
1.0803142 1.0822556 1.1178476 1.039507 1.1008847 1.0420675 1.037644 1.0970176 1.0846639 1.0928122 1.0449727 1.1052291 1.0428869 1.1022718 1.0500299 1.0425487
1.054924 1.0699133 1.0400169 1.0341872 1.0409418 1.043693 1.0794005 1.1072507 1.0771776 1.1118081 1.1099474 1.0501477 1.0529282 1.03998 1.1070701 1.0284928
1.078879 1.0769693 1.0934039 1.0340344 1.031077 1.089392 1.0757209 1.0327808 1.1089433 1.0638294 1.0406574 1.0412765 1.0847963 1.0423602 1.0294014 1.030843
1.0772753 1.0779936 1.0968573 1.0382129 1.0947826 1.0250822 1.038468 1.0323036 1.0784533 1.0646143 1.090127 1.0407746 1.0932882 1.1010547 1.042915 1.0761884
1.0878171 1.0694525 1.0905118 1.0440359 1.0507075 1.0406827 1.0327811 1.039996 1.068492 1.0718508 1.0986646 1.0847647 1.0388072 1.0993044 1.1012881 1.0981038
1.0756592 1.1004874 1.0743619 1.032184 1.0370512 1.0304812 1.0305243 1.0381944 1.1130432 1.0954946 1.0890355 1.1060222 1.0971991 1.0942343 1.1097379 1.0355843
1.0909687 1.0868963 1.0850703 1.0425686 1.0389766 1.0404271 1.0418082 1.0476068 1.0906274 1.0782931 1.1076245 1.0966291 1.1042287 1.0495545 1.0478555 1.0395137
1.0746256 1.096247 1.1023263 1.0474308 1.0376164 1.0364213 1.0396458 1.04314 1.0615734 1.0781963 1.1017386 1.1158481 1.1049114 1.0472283 1.0456748 1.0495708
1.076246 1.0617878 1.1014669 1.0396326 1.0378516 1.0374285 1.0804725 1.089956 1.0623009 1.0713062 1.1146468 1.0338159 1.0473907 1.0356575 1.0354124 1.037496
1.0593814 1.0570488 1.0847673 1.0344155 1.0818529 1.0880413 1.035054 1.0295677 1.0432945 1.0747058 1.0237606 1.0247582 1.0258363 1.0226628 1.0249792 1.0354512
1.0868014 1.0288746 1.0986868 1.0904021 1.0894811 1.0364121 1.0371776 1.0341219 1.0414157 1.0503744 1.0287349 1.0363522 1.0326835 1.0391965 1.0423279 1.0717765
1.0607449 1.0602695 1.0426837 1.02401 1.0347581 1.0393603 1.0355009 1.0364684 1.0857319 1.0587208 1.0851145 1.0744897 1.042263 1.0400448 1.0335898 1.0425766
1.0670737 1.0920049 1.036905 1.0486221 1.0373365 1.0331516 1.039395 1.0362506 1.0983014 1.0733339 1.1031954 1.0915678 1.0327922 1.030326 1.0334944 1.1024338
1.0594102 1.0752926 1.0422971 1.0263308 1.0375032 1.0404568 1.0414048 1.0374452 1.0808688 1.0774579 1.090888 1.043775 1.0363804 1.0970803 1.0346012 1.0427679
1.0647025 1.087774 1.0333239 1.0440764 1.0299177 1.0368901 1.0342894 1.0407562 1.0563326 1.071733 1.0337889 1.043057 1.036546 1.0376796 1.0380871 1.0493668
1.076107 1.0597677 1.0345912 1.0301819 1.0452192 1.0346591 1.034849 1.0405425 1.0967263 1.0843561 1.0487437 1.0465662 1.0524734 1.0464704 1.0377021 1.0438701
1.065363 1.0636935 1.1051403 1.0412328 1.0841668 1.0292784 1.041677 1.0320469 1.0648934 1.0767802 1.038345 1.0364581 1.0410068 1.0392281 1.0360886 1.0332049
1.0457538 1.0818276 1.076712 1.0841639 1.0309279 1.0324881 1.0219394 1.0353414 1.0591427 1.0603766 1.0404505 1.0499136 1.0389024 1.0347942 1.0342205 1.0421541
1.056952 1.0712357 1.0391922 1.0370352 1.0344652 1.0418785 1.0332011 1.0394944 1.0788211 1.0822372 1.0504636 1.0677497 1.0345336 1.0389189 1.0407567 1.0416561
1.0684466 1.0814478 1.028647 1.0313461 1.0391823 1.027691 1.042175 1.0335613 1.0678737 1.0821285 1.0350059 1.0429299 1.1024966 1.039941 1.0364091 1.0329547
1.0755802 1.0612038 1.0360847 1.0409442 1.042743 1.0359479 1.0415745 1.0351466 1.1181617 1.0640727 1.0497761 1.0891572 1.0440048 1.0412476 1.0261374 1.0923176
1.0826 1.0842524 1.0421737 1.0297992 1.0416461 1.0440669 1.0419645 1.042488 1.1106112 1.089153 1.1150552 1.0463291 1.1139736 1.1204548 1.1264004 1.0423497
1.0844662 1.0772272 1.0528655 1.0432012 1.0394399 1.0334196 1.0309659 1.0323434 1.0803571 1.1126091 1.046253 1.0344614 1.0340179 1.0433172 1.1106468 1.1302899
1.081973 1.0762712 1.0526377 1.045092 1.0371816 1.0394765 1.0342734 1.0373616 1.1215367 1.108454 1.0417316 1.0427668 1.132407 1.1400899 1.0433034 1.1197937
1.066058 1.0751277 1.1037214 1.034301 1.0375811 1.034927 1.036899 1.028047 1.1024487 1.0493929 1.0514522 1.0315089 1.1301162 1.1336334 1.0350368 1.0825547
1.0544671 1.0723016 1.0296491 1.0307063 1.0247536 1.03492 1.0287488 1.02555 1.0721601 1.0852836 1.0353335 1.0431409 1.0392606 1.0948528 1.0392262 1.0924946
1.0937159 1.0621041 1.0545747 1.0463083 1.0356673 1.0371963 1.0320565 1.0297548 1.0806453 1.0705658 1.0463172 1.043563 1.0468327 1.036579 1.1021149 1.0325729
1.0633532 1.0777028 1.0336591 1.0305129 1.0390072 1.0473756 1.0396527 1.0409238 1.0386587 1.0719488 1.0254626 1.030877 1.0240384 1.0242106 1.0400155 1.0855038
1.0681168 1.0737038 1.0388335 1.0411836 1.0448467 1.0447271 1.0334518 1.0866319 1.0666251 1.0949053 1.0329415 1.1009234 1.0337237 1.0177654 1.1092169 1.0944788
1.0885658 1.0695785 1.0367597 1.0506771 1.0399238 1.0566726 1.0949713 1.0507485 1.0698751 1.0755982 1.1052074 1.0473862 1.0491195 1.0982565 1.1003875 1.0483258
1.0886093 1.0816592 1.0384516 1.0386169 1.035392 1.1053497 1.0507772 1.1193992 1.093461 1.0942646 1.042341 1.1294023 1.0955974 1.0410906 1.1166567 1.1188322
1.0690012 1.0766296 1.0381428 1.0350016 1.0372847 1.0517242 1.0437033 1.0912379 1.0876098 1.1246123 1.128367 1.1251234 1.1144903 1.1141542 1.0520847 1.1472144
1.0841845 1.0778433 1.0304729 1.0362744 1.0342405 1.0394366 1.0261341 1.0232567 1.0881217 1.1004945 1.1288697 1.113231 1.0998037 1.126287 1.1143786 1.1228366
1.0922157 1.0889822 1.0315168 1.0318217 1.0281606 1.0324216 1.0232732 1.0325302 1.0773427 1.0856124 1.0913438 1.0951817 1.037523 1.1173271 1.0301831 1.0329398
1.0755848 1.0450436 1.0258263 1.0364445 1.0247059 1.0320654 1.0234677 1.0356289 1.089516 1.0717847 1.1120856 1.0378165 1.0402358 1.1222821 1.0454503 1.0938
1.0786686 1.0993959 1.0281738 1.0421945 1.02573 1.0956408 1.100412 1.1130241 1.0473101 1.0766697 1.0217128 1.0770253 1.032064 1.0384829 1.0952836 1.0367287
1.1021222 1.0947744 1.0513592 1.0543919 1.0560249 1.1092774 1.1057683 1.1130173 1.0684865 1.0730752 1.025925 1.0819093 1.0377597 1.0335338 1.0318676 1.0336671
1.1161625 1.0754583 1.044255 1.0503875 1.0883478 1.0904456 1.0432734 1.0355781 1.076987 1.067659 1.0916485 1.0406098 1.0377693 1.0395548 1.0918206 1.0375636
1.0987207 1.0578526 1.0532845 1.1117675 1.0506912 1.0518235 1.0364933 1.083843 1.0529772 1.084682 1.0411981 1.1122535 1.0279375 1.0307548 1.1181778 1.107546
1.0604093 1.0549618 1.0372437 1.04172 1.0371084 1.0351892 1.0170257 1.0305617 1.1037158 1.1192721 1.1108786 1.119182 1.1062065 1.1076895 1.1060683 1.1094637
1.0897982 1.064993 1.0266559 1.0404559 1.0234691 1.0193295 1.0243244 1.0291303 1.1030381 1.0914009 1.1109407 1.1130033 1.124446 1.1116652 1.0394706 1.0523393
1.0794722 1.057873 1.0236548 1.0326449 1.0178883 1.0281793 1.0312469 1.0375167 1.1003332 1.099607 1.1085815 1.0274371 1.1155269 1.0477964 1.1092323 1.0428044
1.0994384 1.0773933 1.0276327 1.0330191 1.0195452 1.108232 1.028167 1.0308777 1.0932918 1.087 1.0386475 1.0956436 1.0417361 1.0447291 1.0494409 1.0472652
1.1002588 1.0868729 1.1131288 1.049639 1.1047162 1.1035863 1.1031319 1.0441563 1.0863044 1.0665579 1.105928 1.040985 1.0396185 1.042212 1.0430225 1.1027714
1.1076987 1.0895054 1.03532 1.1199733 1.1087257 1.1067008 1.0954542 1.0331949 1.0723984 1.0724406 1.0943177 1.0196468 1.0298483 1.0275264 1.0338709 1.0253835
1.079205 1.0717223 1.0376257 1.032031 1.0972534 1.0465993 1.035623 1.0474274 1.1058048 1.0789421 1.0320567 1.0998178 1.0330738 1.0399677 1.0420969 1.0411732
1.0861368 1.0708128 1.0484961 1.1032052 1.0430329 1.0407906 1.0500067 1.0516738 1.0618321 1.0714409 1.0936912 1.0445652 1.0299178 1.1216298 1.0206469 1.0291542
1.0475988 1.0609914 1.102414 1.0796723 1.0312525 1.0183761 1.0384028 1.0447476 1.0781308 1.0856853 1.0404902 1.0385553 1.0960187 1.1087917 1.0354 1.1022797
1.0805833 1.0524179 1.0902765 1.0214885 1.0179529 1.0195735 1.0283881 1.027366 1.0787508 1.0888793 1.041225 1.0491782 1.1009551 1.0444086 1.0359292 1.0480107
1.0701318 1.063229 1.0385915 1.0319775 1.0373186 1.0296911 1.0360652 1.0335659 1.1064832 1.1015983 1.0494825 1.0425711 1.0500401 1.0406346 1.11878 1.1071377
1.1043912 1.0522674 1.0299515 1.0297076 1.1016438 1.0350976 1.0307114 1.0253261 1.1004188 1.0821877 1.0410984 1.0380281 1.0427797 1.0341868 1.0374336 1.0461336
1.0905557 1.0927967 1.118071 1.099939 1.1117568 1.0989461 1.1034051 1.0477147 1.0737845 1.1031213 1.1100813 1.1012353 1.1300775 1.0943203 1.1146709 1.0951676
1.0836442 1.0953248 1.0501192 1.1044217 1.0471152 1.0410435 1.080933 1.029448 1.100503 1.0806143 1.1091232 1.0415643 1.0448397 1.0866784 1.0909742 1.0755168
1.089436 1.0772831 1.102155 1.0901082 1.0329776 1.0951762 1.091994 1.0399094 1.0937705 1.0983261 1.0318819 1.0311024 1.1030322 1.1015826 1.0482978 1.1044912
1.0836236 1.1004828 1.0468975 1.0890443 1.0499855 1.1129068 1.1083838 1.1003919 1.0545433 1.0711687 1.0254934 1.098892 1.0386542 1.0442841 1.0536624 1.1108847
1.0839456 1.0786842 1.1134826 1.1113861 1.106778 1.0368472 1.1016496 1.0886238 1.0924841 1.0948299 1.1125348 1.1081462 1.0508653 1.0388063 1.0437256 1.0855436
1.0873356 1.096141 1.122151 1.1005708 1.0914572 1.0410677 1.093325 1.0439312 1.0872071 1.1019334 1.1121439 1.0445642 1.0426102 1.0546209 1.0521625 1.046193
1.0870569 1.0936022 1.098908 1.034899 1.0966742 1.0360326 1.0980593 1.0429606 1.0578091 1.0951611 1.0382624 1.0487908 1.0365798 1.0374919 1.0868579 1.029813
1.0830861 1.0869236 1.0430032 1.0922855 1.0909799 1.0431981 1.0921689 1.0439664 1.0744531 1.0769901 1.101062 1.0452316 1.0449809 1.0812631 1.0891409 1.0366434
1.0909345 1.0688957 1.0942295 1.0807384 1.1159589 1.0516044 1.0532117 1.0389171 1.0867857 1.0737139 1.1138712 1.104181 1.115417 1.0862702 1.0365998 1.0903937
1.0883732 1.0807655 1.090767 1.0813762 1.0456192 1.0373527 1.0446342 1.0530075 1.077405 1.0693054 1.0997735 1.0953391 1.1008849 1.1035284 1.1063241 1.0938696
1.0607966 1.0718402 1.0642366 1.0781425 1.0348542 1.041509 1.0393621 1.0420966 1.1129122 1.0840423 1.0349407 1.0903063 1.042094 1.0922332 1.1023282 1.0405031
1.0789957 1.0815926 1.0733186 1.0953227 1.0348457 1.0428121 1.038565 1.0374025 1.0412878 1.0994848 1.0412872 1.04137 1.0375551 1.0983682 1.0554702 1.0499473
1.0665756 1.0598525 1.1127278 1.0927308 1.0467755 1.0381308 1.0381373 1.0999968 1.082843 1.0838188 1.0563307 1.0399431 1.0433211 1.0413588 1.0445136 1.0448788
1.0762646 1.0858357 1.0953817 1.0750133 1.0467402 1.10168 1.0856096 1.0947851 1.0931082 1.0642712 1.1130747 1.0366275 1.0485115 1.0333942 1.0429506 1.032208
1.069848 1.0838634 1.0967424 1.101436 1.0967991 1.047791 1.1088649 1.0449946 1.0696896 1.0918564 1.041672 1.0357629 1.0959427 1.041252 1.033419 1.0402737
1.0757202 1.0975232 1.08643 1.0926313 1.0372634 1.0447773 1.085316 1.0368488 1.0819039 1.0737851 1.0401324 1.0840617 1.0800481 1.0390426 1.0358723 1.0853627
1.0552943 1.0321604 1.0413265 1.0185395 1.0425346 1.0302216 1.0169525 1.0221691 1.0700014 1.088771 1.09502 1.0931067 1.0360548 1.032937 1.0343682 1.0366633
1.0476962 1.103496 1.025934 1.053421 1.0345681 1.0272398 1.0407774 1.0366529 1.0688003 1.0611805 1.0827081 1.0859712 1.0906762 1.0265408 1.0370262 1.0935367
1.0568253 1.0587783 1.0459988 1.0362645 1.029028 1.034909 1.0268303 1.0394318 1.1090264 1.0812378 1.1143992 1.113196 1.109717 1.0411918 1.0422949 1.0493722
1.0835494 1.0922855 1.0411452 1.0447977 1.0457069 1.0438128 1.0446084 1.0475403 1.0550059 1.1133567 1.1019373 1.0919493 1.0530756 1.0387342 1.0361278 1.042495
1.0998932 1.1022028 1.0343637 1.1184561 1.0370041 1.039079 1.0965608 1.1022881 1.0716829 1.0877954 1.1241082 1.0496815 1.0451678 1.0384312 1.0392791 1.0397024
1.0984877 1.0703057 1.101013 1.0926784 1.0443858 1.0929352 1.0451082 1.043855 1.0628022 1.0686496 1.0298785 1.0357634 1.0278829 1.034898 1.0362692 1.0344043
1.0524138 1.0453559 1.0945529 1.0422618 1.0318917 1.0934883 1.0358701 1.0440637 1.0731828 1.0761856 1.0306144 1.0424699 1.033198 1.0295566 1.0287966 1.0324644
1.0667112 1.0416911 1.038399 1.0379697 1.0327535 1.0333861 1.0269551 1.0401945 1.0619026 1.0378681 1.0434923 1.0313089 1.035301 1.0266283 1.0234827 1.0318455
1.092227 1.0700729 1.0480504 1.0342343 1.0503266 1.0477744 1.038554 1.0276614 1.0849841 1.0984545 1.0885926 1.0379988 1.0410618 1.1000712 1.0402198 1.0279292
1.0649885 1.0674516 1.0299712 1.0352585 1.038179 1.0321803 1.0402759 1.0391346 1.0878712 1.0981998 1.0991867 1.0439236 1.0380335 1.0959527 1.0383656 1.1113455
1.0775512 1.0809907 1.0437542 1.0456729 1.0370864 1.0407068 1.0460199 1.050981 1.0835344 1.0903282 1.029989 1.0313011 1.0375024 1.0332588 1.133471 1.0401974
1.0924027 1.0815822 1.0501055 1.0435755 1.0463562 1.0469568 1.0396622 1.0400139 1.0696821 1.1040524 1.044136 1.0408915 1.0362189 1.1132101 1.112933 1.1346451
1.0632787 1.0968494 1.0441128 1.1109444 1.0327634 1.0431663 1.0377415 1.033511 1.076208 1.0766536 1.0450329 1.0420637 1.0357537 1.1227738 1.0367562 1.1288974
1.0526923 1.0984894 1.0982233 1.0350646 1.0276952 1.0274009 1.0286965 1.0354857 1.0516413 1.0814863 1.0321698 1.033792 1.0344585 1.0399868 1.0340294 1.091055
1.0807084 1.0783389 1.0330547 1.0390365 1.037759 1.0316795 1.0368612 1.0356017 1.0537331 1.0858881 1.0378461 1.0237725 1.0310663 1.0226618 1.0219133 1.0960523
1.0546695 1.0826449 1.0313436 1.0412202 1.033528 1.0352335 1.0290473 1.0320523 1.0352466 1.0781403 1.0547277 1.0235449 1.0255286 1.0289696 1.0304383 1.027781
1.0695795 1.0615094 1.0338627 1.0396514 1.0348673 1.0274103 1.0394436 1.0281056 1.0887355 1.0864145 1.0364772 1.0920286 1.0360624 1.0409774 1.0464945 1.0370026
1.045635 1.0663701 1.0314922 1.0320181 1.0302281 1.0317724 1.0413392 1.038924 1.0841969 1.1093751 1.1061689 1.1113728 1.0340921 1.0343498 1.1176695 1.1090652
1.0826205 1.0963428 1.0362868 1.0406651 1.0504789 1.0459396 1.0317945 1.0445919 1.0718694 1.0493386 1.0446398 1.032503 1.1316613 1.0885149 1.0911419 1.0408055
1.0944808 1.0614886 1.040214 1.0401103 1.0403146 1.042513 1.0430095 1.0375663 1.1020613 1.084027 1.0468425 1.1247293 1.122275 1.1078581 1.1251913 1.1137476
1.0952126 1.0885543 1.0515871 1.039297 1.0479892 1.048057 1.0405914 1.0371857 1.1038833 1.0934827 1.0448024 1.1186118 1.033846 1.1161953 1.0384957 1.1289309
1.0832838 1.0640882 1.0352343 1.0325326 1.0369843 1.0258303 1.0168943 1.0178071 1.0714831 1.0976017 1.037926 1.0399789 1.0426357 1.0401701 1.1190654 1.134259
1.0882128 1.0728922 1.0307151 1.0317814 1.0261819 1.0264719 1.0277499 1.0270704 1.0695813 1.0773947 1.0397869 1.0379038 1.0310657 1.1156651 1.0340272 1.0417932
1.0852484 1.0755512 1.0368786 1.0286137 1.0289532 1.0304081 1.0298662 1.0334804 1.0805722 1.0820696 1.0407865 1.0372283 1.0419905 1.0451123 1.0419163 1.0926102
1.0806279 1.0771296 1.0352962 1.04002 1.0396596 1.0341978 1.0393428 1.1161968 1.0641232 1.0596182 1.0283669 1.0357379 1.0386509 1.0380415 1.0328754 1.0314261
1.0899307 1.0955449 1.0469381 1.0519826 1.0560344 1.1060239 1.0884995 1.0476822 1.0955212 1.0860132 1.1027956 1.0432792 1.0948716 1.0446614 1.0386661 1.0406877
1.1016892 1.0746166 1.0511281 1.0307236 1.0517256 1.0552329 1.0429686 1.1077113 1.0820049 1.0701995 1.0451434 1.1137195 1.1046413 1.035364 1.0891011 1.037753
1.0803255 1.0720334 1.0438027 1.040479 1.1097516 1.0904673 1.0442617 1.0805466 1.0758401 1.1246389 1.1206396 1.1024947 1.1186054 1.1048571 1.127924 1.112706
1.0831976 1.0879607 1.0417961 1.0358233 1.0455538 1.0809585 1.0317694 1.0237802 1.1189826 1.1113131 1.1213149 1.1253948 1.0428699 1.1223035 1.1167961 1.1066941
1.081427 1.0606912 1.0338117 1.0226498 1.0403498 1.031224 1.0184364 1.026775 1.0880128 1.13293 1.0966936 1.039359 1.111665 1.135591 1.0475624 1.0473001
1.0902896 1.0609796 1.0297179 1.0293976 1.039467 1.0355142 1.0420779 1.0373634 1.0915323 1.1055557 1.1098993 1.124058 1.036882 1.0456754 1.1184987 1.0445939
1.0485871 1.0622146 1.0349704 1.0260702 1.0474777 1.045527 1.0197824 1.0359457 1.0808263 1.0832381 1.0463868 1.0373062 1.0472717 1.0424602 1.1075796 1.0458931
1.0919231 1.0899565 1.032354 1.1128036 1.0918701 1.1043376 1.1078365 1.1098228 1.0583127 1.0665324 1.1066983 1.0276152 1.0301727 1.0337585 1.0360448 1.0352675
1.066673 1.0502046 1.1050318 1.0299467 1.083136 1.0968862 1.0365329 1.0336574 1.0728253 1.0740411 1.0351647 1.0917432 1.0378969 1.0344348 1.0411599 1.0331322
1.0864204 1.0647529 1.0483154 1.1071515 1.0995166 1.0430442 1.0338491 1.0752922 1.0881362 1.0612329 1.0889006 1.0409642 1.033611 1.1048768 1.0230775 1.0306214
1.0678982 1.0572664 1.0997969 1.0687827 1.0428649 1.0790638 1.0290047 1.0322273 1.1163808 1.0864046 1.0389591 1.112726 1.101093 1.1252613 1.0370542 1.0342287
1.0295029 1.0517098 1.0821416 1.0233911 1.0290917 1.0286409 1.0177312 1.0274395 1.1127002 1.0758321 1.0333557 1.1029803 1.1190803 1.0987622 1.0251238 1.0827397
1.056215 1.0695868 1.0251213 1.0275446 1.0232882 1.0263274 1.0320957 1.0386977 1.1324567 1.1068296 1.0515202 1.1077206 1.1161667 1.0476437 1.1060287 1.0479162
1.0740515 1.0569113 1.028504 1.0228561 1.0945385 1.0308626 1.0319271 1.0348219 1.0974345 1.1108106 1.0377373 1.0343738 1.0435382 1.1129394 1.0476792 1.1218063
1.1006556 1.0742925 1.048728 1.0263139 1.1024823 1.1156518 1.0243597 1.0267246 1.0964962 1.1020863 1.0468882 1.0941229 1.0376678 1.1219194 1.0438843 1.1218452
1.0730609 1.0969466 1.0857362 1.0431939 1.094152 1.1163787 1.0359821 1.027707 1.0686125 1.0692568 1.0946828 1.0998943 1.0842445 1.0281045 1.0391715 1.0297717
1.0902773 1.0794234 1.0345361 1.0255187 1.1066782 1.0302485 1.0980039 1.0340877 1.0776443 1.0704154 1.0907934 1.0323634 1.095112 1.0285472 1.0419391 1.0335692
1.0535924 1.0608066 1.030598 1.0397074 1.030905 1.0859776 1.029273 1.0468403 1.0853673 1.0710967 1.0296128 1.027298 1.0336956 1.0382072 1.0341563 1.0386022
1.060159 1.0686091 1.0396985 1.0968862 1.0805086 1.0352466 1.0455042 1.0400335 1.0899125 1.0873238 1.034526 1.1099215 1.0481244 1.1119776 1.0391179 1.0387204
1.0785362 1.0815529 1.1206744 1.1022485 1.0353578 1.0350447 1.0495868 1.0365183 1.0886345 1.0799419 1.1008841 1.0912315 1.0436543 1.1031972 1.0360314 1.0942949
1.0687898 1.0689414 1.0843203 1.0420772 1.0300555 1.0303754 1.0350583 1.0280963 1.083509 1.0852659 1.0928142 1.0500634 1.0980784 1.0361888 1.10574 1.0383993
1.089526 1.0642309 1.0449013 1.042576 1.0309765 1.0308053 1.0436386 1.032128 1.0702738 1.0880847 1.0406241 1.039615 1.0368084 1.0390993 1.046648 1.109656
1.0708522 1.0625296 1.0918996 1.0388609 1.0949417 1.0279113 1.1055787 1.0302304 1.0787653 1.0805243 1.1023617 1.035187 1.0351536 1.042151 1.0448498 1.103392
1.0594966 1.0860759 1.0933425 1.1020919 1.0891782 1.096953 1.1018811 1.1060667 1.079299 1.102667 1.0371478 1.1107124 1.1098894 1.0370356 1.0388288 1.0395603
1.0930523 1.0790324 1.1030763 1.1029464 1.110099 1.0939101 1.1010091 1.0829594 1.100238 1.0888814 1.0458016 1.1076908 1.112992 1.1111176 1.1014272 1.0454388
1.0951976 1.081289 1.0953225 1.0406781 1.0912484 1.0364923 1.079952 1.0403442 1.0985109 1.0544496 1.0470022 1.0908182 1.042914 1.0346453 1.0875049 1.0442454
1.0825992 1.0659239 1.0458701 1.0932873 1.0862987 1.0402296 1.048827 1.0703992 1.0723871 1.1018504 1.1034257 1.0960947 1.0389688 1.0435811 1.0381496 1.0386077
1.0804609 1.0644379 1.102105 1.1081325 1.1145592 1.0392668 1.0986995 1.031264 1.0922332 1.0876125 1.0349357 1.047131 1.0406107 1.1223346 1.102265 1.1124507
1.074658 1.060775 1.109403 1.0876889 1.0997856 1.0260514 1.0320655 1.0167266 1.0897062 1.1013209 1.0439733 1.1029981 1.1148224 1.0439321 1.1065341 1.0437708
1.0587188 1.0767051 1.1005921 1.0901643 1.0487112 1.0280719 1.0293218 1.0242473 1.081408 1.0803032 1.1082978 1.103598 1.0411584 1.0345153 1.1099025 1.0315641
1.0840153 1.0688236 1.0884702 1.0907013 1.093091 1.0302047 1.097724 1.0276219 1.0684603 1.068579 1.036864 1.0399532 1.1104082 1.0400549 1.0358756 1.0350634
1.0852809 1.076135 1.0980582 1.0974927 1.1070291 1.1009363 1.1052648 1.0489173 1.0749226 1.0940286 1.0974185 1.054909 1.0882561 1.0932871 1.0986059 1.0333937
1.0748878 1.0976269 1.1135346 1.088308 1.1100171 1.1076515 1.1090888 1.0419993 1.0839843 1.0803607 1.0958407 1.1163677 1.0922035 1.0810204 1.1038718 1.0965302
1.0726658 1.0842628 1.0828143 1.0349181 1.0350152 1.1024321 1.0965654 1.104598 1.0902097 1.0810304 1.0968505 1.0825906 1.0912485 1.0926282 1.0464349 1.1146116
1.046215 1.0993154 1.0324073 1.0962677 1.0896447 1.0830412 1.045933 1.1120569 1.0703421 1.055495 1.0753016 1.0417635 1.0873126 1.0866858 1.0460957 1.041792
1.0911587 1.1012886 1.1029289 1.1017623 1.0951995 1.0470719 1.0380375 1.0390731 1.0643405 1.0677811 1.0270122 1.1018821 1.0471522 1.0411615 1.0943818 1.0380522
1.0666442 1.0684181 1.103816 1.0909698 1.0805207 1.04169 1.0397173 1.0894599 1.083799 1.0977076 1.1110533 1.1156226 1.0403312 1.0340765 1.1096098 1.0344701
1.0542585 1.0642222 1.0957069 1.0833632 1.0854129 1.0381411 1.0331994 1.1003795 1.1024816 1.1201751 1.115617 1.1185349 1.1164907 1.0332669 1.1043361 1.0422293
1.081469 1.0920081 1.0770793 1.0996909 1.0289143 1.0802578 1.0343075 1.037553 1.0899332 1.0585427 1.0968505 1.0450969 1.082675 1.1075115 1.0432978 1.024942
1.0770178 1.0821785 1.0847828 1.088987 1.1020147 1.0306073 1.0354129 1.037621 1.0730275 1.0582795 1.0899662 1.0305338 1.0908247 1.0971687 1.0419253 1.0368145
1.0938351 1.0803457 1.0902854 1.0947518 1.1008214 1.0395702 1.0406826 1.0370511 1.0901958 1.0935246 1.0857865 1.0924679 1.0392708 1.0828171 1.105799 1.042091
1.0641536 1.0778589 1.075175 1.0817347 1.0758742 1.0337585 1.0289186 1.036044 1.1165643 1.0926018 1.0922645 1.1120169 1.0904356 1.0386822 1.1279354 1.0393445
1.0867847 1.0915363 1.0861552 1.0862095 1.044234 1.0373166 1.0429108 1.0456105 1.098166 1.0793741 1.0918081 1.0455167 1.1013566 1.0521797 1.0500362 1.1076345
1.0946779 1.1000296 1.0870847 1.0451243 1.0353037 1.0341008 1.0296232 1.0969543 1.0807805 1.0910015 1.0436684 1.0520742 1.106823 1.109441 1.0435046 1.048195
1.0678185 1.0594492 1.1002754 1.0416999 1.0330492 1.0336502 1.0849719 1.0447298 1.0781317 1.0769023 1.0440388 1.0363615 1.0416818 1.0429806 1.0925779 1.0337551
1.0870439 1.0613991 1.0378346 1.0291378 1.0372171 1.1043711 1.0345868 1.0325181 1.047902 1.0692153 1.0314633 1.0336047 1.0351903 1.0287771 1.0345058 1.101707
1.079444 1.0673918 1.1039475 1.0958076 1.0430697 1.0383941 1.0377173 1.0385796 1.0570581 1.0457683 1.0366229 1.0276144 1.032183 1.0832927 1.073047 1.0320345
1.0541415 1.0652866 1.0450189 1.0321913 1.0339139 1.0429817 1.0483669 1.0513288 1.0804839 1.082253 1.0862145 1.0445833 1.0459175 1.0982044 1.0387626 1.050249
1.0850459 1.1001054 1.048606 1.0474811 1.0446681 1.0363896 1.0427805 1.0364418 1.0685704 1.084434 1.0734174 1.0391409 1.0313673 1.0896685 1.0291593 1.0340928
1.068771 1.0803164 1.0937532 1.0372806 1.0378674 1.0392424 1.0475707 1.0415276 1.0844172 1.0664498 1.0401015 1.0470325 1.0287305 1.0325434 1.0440601 1.1107496
1.0574383 1.0917244 1.105901 1.0471722 1.0295546 1.0362071 1.0399811 1.0359585 1.0741116 1.091782 1.0325303 1.1218107 1.0379316 1.097837 1.1133513 1.1121743
1.0706248 1.0878658 1.0290816 1.0289274 1.0394222 1.0335251 1.0424148 1.0333365 1.1014211 1.0860163 1.1068338 1.042449 1.0477288 1.1232873 1.041157 1.0448195
1.0696671 1.0872415 1.1057131 1.0469716 1.0884506 1.0312237 1.0357058 1.0257459 1.0723344 1.0870949 1.0410826 1.0395485 1.1031138 1.039949 1.0379024 1.0369126
1.0537015 1.0760249 1.1004908 1.0930665 1.0292417 1.0297948 1.0314883 1.0375863 1.0653923 1.0695118 1.0367419 1.0871223 1.0437069 1.031174 1.0364889 1.1109825
1.0679923 1.0653706 1.0475616 1.0405233 1.035591 1.0339382 1.0351535 1.0392725 1.0725592 1.0872606 1.092074 1.0378534 1.0334301 1.0353206 1.0957552 1.0452935
1.075481 1.091852 1.0389594 1.0334082 1.0431606 1.0369519 1.0362631 1.0333958 1.0901471 1.0951514 1.0760372 1.0495312 1.1048077 1.0398115 1.0308721 1.0362431
1.0656562 1.0544447 1.0380093 1.0396456 1.039835 1.0302336 1.1080793 1.0288384 1.1181097 1.0678335 1.1020643 1.0297254 1.0954921 1.0456918 1.0247499 1.0952175
1.0891888 1.0755748 1.0445935 1.0420249 1.0389535 1.1084644 1.0992932 1.0954435 1.1128035 1.0975281 1.055423 1.1149807 1.1109933 1.1188544 1.1164433 1.1231699
1.0869071 1.0913434 1.0466641 1.0453129 1.043166 1.0940977 1.0412074 1.0843239 1.0990919 1.1044674 1.1175736 1.108545 1.0332174 1.103956 1.1109787 1.1268715
1.0746806 1.0658618 1.110807 1.0472751 1.0423207 1.0362959 1.0217232 1.1004713 1.1265455 1.1246775 1.1156595 1.0453684 1.1239631 1.1357495 1.0489098 1.1394721
1.0747757 1.0759038 1.0471941 1.0339472 1.0448271 1.0309931 1.0393609 1.0307028 1.1329236 1.0560052 1.0526717 1.0356847 1.1397169 1.1436309 1.0399181 1.0407777
1.064702 1.0862824 1.03662 1.0361638 1.0302085 1.0404682 1.030915 1.0250089 1.072617 1.0865557 1.0317576 1.1014519 1.0417863 1.040475 1.0322261 1.0430465
1.0882738 1.0336944 1.0452021 1.0472581 1.042123 1.038877 1.0406718 1.0282754 1.1013705 1.0820789 1.1161729 1.0497429 1.0962237 1.0379823 1.0445603 1.0392929
1.0955803 1.0825335 1.0413835 1.0441904 1.0359086 1.0468038 1.0423143 1.0844536 1.050499 1.0769663 1.0330547 1.0410423 1.0303411 1.0262479 1.0382233 1.0864751
1.0712057 1.0847081 1.0282317 1.0426304 1.1121992 1.0436509 1.0968518 1.0958118 1.0643076 1.076894 1.0303975 1.0968194 1.0324563 1.0276082 1.1067184 1.0972017
1.0856626 1.0941238 1.0449665 1.1241242 1.100675 1.1034466 1.1007677 1.0890249 1.0774758 1.0637048 1.1139294 1.1172804 1.0391105 1.0985672 1.0988126 1.0459431
1.113885 1.0740029 1.0349126 1.1015178 1.028979 1.1062815 1.1066403 1.052932 1.1067275 1.0964041 1.1072669 1.1288432 1.091974 1.0373999 1.1071118 1.1151769
1.0497863 1.0756521 1.0403557 1.0398302 1.0326908 1.1011758 1.0433084 1.0968276 1.092517 1.1121583 1.1144814 1.1275936 1.0938238 1.1084267 1.039382 1.115548
1.0971032 1.0740187 1.0324547 1.0355536 1.0374327 1.0412713 1.0206747 1.0205847 1.0857469 1.0922353 1.1233277 1.0419525 1.1042553 1.1053905 1.0971102 1.1103326
1.0957911 1.0850226 1.0271453 1.039047 1.0245284 1.0287446 1.0229801 1.0318651 1.0832275 1.0710061 1.0362288 1.0320334 1.0374329 1.1175426 1.0242298 1.0339975
1.0731742 1.0508047 1.037497 1.0355725 1.0309379 1.0308211 1.0232457 1.0261345 1.0969663 1.0658793 1.0570294 1.038179 1.0388807 1.1298423 1.0440251 1.0926661
1.081096 1.0994041 1.0233012 1.0305092 1.0287229 1.0992602 1.1027262 1.1093851 1.0731703 1.085269 1.0273107 1.0886574 1.0405043 1.0415319 1.0330831 1.0384482
1.0969142 1.1081026 1.0463407 1.0494984 1.1063663 1.0981827 1.0949266 1.1188732 1.063573 1.0662816 1.0303661 1.0789055 1.0350649 1.0377316 1.0308204 1.0754583
1.1191535 1.0803994 1.0946661 1.1022686 1.0942442 1.0843081 1.0786718 1.0296595 1.0809863 1.061179 1.0989106 1.0353162 1.0406127 1.0913097 1.0982366 1.0897692
1.0677122 1.0619774 1.0941315 1.1012142 1.0920668 1.0905915 1.0207125 1.0336161 1.057488 1.090396 1.033342 1.1199841 1.0313644 1.0835749 1.1136559 1.1131752
1.0747952 1.0692137 1.1014117 1.1009463 1.0322008 1.0324979 1.0221534 1.038016 1.0811205 1.1081508 1.1074278 1.0945276 1.1050715 1.1077003 1.0961133 1.0395634
1.0942315 1.083697 1.0280043 1.0373142 1.0240601 1.022643 1.0241895 1.0275173 1.10342 1.0918976 1.1050076 1.1072528 1.1165811 1.0464594 1.0977535 1.087437
1.0751599 1.0724624 1.0258023 1.0333929 1.0230979 1.0305439 1.0390676 1.0317007 1.0799009 1.0877343 1.1041297 1.0282141 1.105998 1.0931076 1.0396469 1.1049336
1.0828623 1.0879672 1.0232273 1.0320503 1.0199903 1.1136326 1.028806 1.0285577 1.0925308 1.099166 1.0341709 1.1100546 1.0383815 1.1216489 1.124732 1.0471123
1.1136017 1.0703557 1.1055483 1.1057639 1.0944126 1.1112735 1.0957611 1.0946561 1.0971134 1.0626076 1.1032686 1.0366149 1.0447359 1.038584 1.0444633 1.0965322
1.1184824 1.0879143 1.0996212 1.1180956 1.1198524 1.1081529 1.0916688 1.0795279 1.0706459 1.0821676 1.091086 1.0339437 1.0404117 1.0797985 1.0323778 1.0270903
1.0891893 1.0873908 1.04444 1.0895989 1.1064432 1.088748 1.094324 1.0480709 1.1079063 1.067231 1.0343988 1.0375336 1.0899945 1.1000842 1.0360984 1.0325278
1.0891014 1.0739192 1.0906087 1.0451089 1.0888734 1.0332221 1.0486383 1.0845613 1.0667748 1.0900683 1.0347757 1.0300089 1.0971837 1.1106157 1.0379734 1.0330375
1.0741553 1.0317416 1.093961 1.0971297 1.0185536 1.0223457 1.0789835 1.036413 1.0931236 1.0834767 1.0428059 1.0965866 1.101919 1.0449888 1.0391135 1.0928376
1.0988977 1.0305706 1.0734142 1.0258297 1.0216054 1.0203444 1.0301256 1.0127616 1.0920817 1.0986496 1.0896096 1.0447929 1.041496 1.0948223 1.0442027 1.0457855
1.0800918 1.079857 1.0809995 1.0342574 1.0339533 1.0322112 1.0279598 1.0279477 1.1104196 1.0957704 1.0528829 1.0394675 1.1173522 1.1029164 1.1069778 1.109289
1.086686 1.042818 1.0352099 1.031522 1.1027545 1.0361203 1.091278 1.0232227 1.1216387 1.0771073 1.0404316 1.0401675 1.1168721 1.0353149 1.0391083 1.0387566
1.0754004 1.0848958 1.1116738 1.0957055 1.1061183 1.0990615 1.0935552 1.0993624 1.0858387 1.1042968 1.0568389 1.0410283 1.1070144 1.1017907 1.0971522 1.1107763
1.0739598 1.0972844 1.1032856 1.091939 1.0993873 1.0271292 1.0831199 1.03173 1.101807 1.072611 1.0503527 1.099112 1.0466815 1.0874362 1.0928333 1.0823041
1.1109679 1.0692024 1.094595 1.0849429 1.0341171 1.0870395 1.0809149 1.0778446 1.0710554 1.0821902 1.0842624 1.0272975 1.0392343 1.0949036 1.0424038 1.0981481
1.0844907 1.0937557 1.044945 1.0965813 1.0955807 1.1095437 1.1101505 1.0886203 1.0553249 1.071036 1.0303553 1.0334013 1.0247327 1.035781 1.0412604 1.0398524
1.077884 1.062036 1.1083533 1.1042482 1.0993407 1.0790299 1.1039673 1.0738561 1.0888255 1.1010523 1.0497785 1.1146324 1.1156101 1.0471274 1.1083323 1.0378916
1.0618886 1.0858959 1.1104987 1.1012932 1.0902472 1.0785712 1.0481673 1.0843832 1.0830108 1.0972127 1.106072 1.0339702 1.0366058 1.0971557 1.108744 1.0422231
1.0839351 1.0854303 1.0791713 1.0985593 1.040527 1.0949485 1.0943464 1.0371246 1.0491006 1.1036243 1.031866 1.0431134 1.0347966 1.109655 1.0940877 1.0392675
1.0881432 1.0937657 1.093014 1.08443 1.095646 1.0961244 1.1036874 1.0384352 1.0824513 1.0698042 1.0383177 1.0419847 1.0382756 1.0823835 1.1078432 1.0406525
1.0836334 1.0888093 1.0842651 1.0889223 1.1038182 1.0467513 1.0955827 1.0491486 1.0967838 1.0722843 1.1051718 1.1036304 1.0972394 1.087254 1.0326715 1.0862188
1.0831633 1.088711 1.0793135 1.0789313 1.0895503 1.0383086 1.073141 1.0988066 1.0795019 1.084108 1.0895954 1.0972898 1.0876914 1.1040583 1.1014267 1.0439574
1.0733608 1.07541 1.0672373 1.0745801 1.0770676 1.0984628 1.0398623 1.1104523 1.0841864 1.0782121 1.0747465 1.0820168 1.0384265 1.0858852 1.1035992 1.0322777
1.0794991 1.0945854 1.071553 1.0958816 1.0825049 1.1100541 1.0377473 1.0360863 1.0414538 1.0992205 1.0416901 1.0298282 1.0417942 1.105236 1.0457008 1.1110055
1.0704477 1.0593324 1.0921236 1.0871359 1.0408839 1.0364012 1.0373168 1.0970504 1.0904074 1.0913264 1.108923 1.0466033 1.106572 1.0415288 1.0355366 1.039443
1.062745 1.0739822 1.0957555 1.0426102 1.0425289 1.0853124 1.0375395 1.094664 1.0896181 1.0826284 1.1150389 1.0999173 1.1120622 1.0417101 1.1029707 1.0364265
1.0864263 1.0771676 1.0453547 1.093101 1.0854398 1.0419829 1.1115516 1.0469012 1.0756048 1.086819 1.1088265 1.1093253 1.1059738 1.106676 1.0427837 1.1020114
1.080038 1.0938936 1.081519 1.1033639 1.084603 1.0397339 1.0483625 1.0443752 1.0779017 1.063858 1.0437416 1.0766529 1.0931972 1.0332438 1.039026 1.0417776
1.0602918 1.0535768 1.0395297 1.0317171 1.0403491 1.0412514 1.0264057 1.0281876 1.071514 1.0695385 1.0874559 1.0907434 1.0307233 1.0384573 1.0381353 1.0901108
1.0717099 1.1012495 1.0411625 1.1163912 1.0390953 1.0384854 1.0524625 1.0451398 1.0690451 1.0736058 1.094383 1.0873545 1.1007311 1.0396372 1.0367438 1.0314426
1.0907714 1.0654402 1.1043729 1.1204517 1.0405943 1.0353503 1.0282544 1.0379381 1.093209 1.0677189 1.1007881 1.1005362 1.1174687 1.0376792 1.0502719 1.0984759
1.0808208 1.096272 1.1148258 1.0420283 1.0405087 1.0393602 1.0480299 1.0945772 1.0735333 1.0909001 1.0479326 1.102017 1.0534264 1.0424231 1.1018951 1.10713
1.0915556 1.0838125 1.0327303 1.112884 1.0326372 1.0954307 1.101421 1.0439379 1.0730606 1.0705702 1.0452089 1.0481216 1.0437481 1.1128998 1.0413352 1.0425125
1.0872449 1.0744578 1.1063259 1.0896461 1.0450695 1.0502064 1.0483079 1.0501384 1.0815672 1.0477828 1.0299315 1.0359786 1.0884868 1.0338635 1.0318266 1.0282774
1.0569077 1.0450419 1.0992202 1.0453231 1.0366956 1.0886825 1.0378652 1.0337249 1.062367 1.07057 1.0319965 1.0817032 1.0369455 1.031512 1.0364788 1.0913641
1.057758 1.0541781 1.0450352 1.0395242 1.030171 1.0376401 1.0235114 1.035078 1.0814677 1.062058 1.0332099 1.0270336 1.0397564 1.023468 1.0356581 1.0418552
1.0908567 1.0641892 1.0367908 1.0394816 1.0421817 1.0455894 1.0391291 1.029995 1.0677142 1.099614 1.0781168 1.04028 1.036452 1.1068684 1.0841352 1.0415754
1.0882498 1.0720433 1.0351704 1.0411814 1.0350153 1.0254438 1.0447726 1.026936 1.101772 1.0956452 1.039225 1.0439022 1.037382 1.0996673 1.0387715 1.1125629
1.0685029 1.1051491 1.0417144 1.0438879 1.0430974 1.0379319 1.0440121 1.0513276 1.0776194 1.087363 1.042073 1.042149 1.045353 1.0315745 1.1205508 1.1192048
1.106552 1.0819339 1.0516297 1.0946311 1.0448948 1.0427275 1.0518922 1.0461165 1.0700742 1.1199392 1.1106685 1.0423476 1.0964116 1.1109926 1.1230471 1.1295091
1.0444343 1.1121004 1.0811434 1.0373126 1.0265075 1.0354304 1.0379735 1.0250187 1.0858288 1.1057417 1.0402412 1.1108959 1.043074 1.1261172 1.0403906 1.1348507
1.0832301 1.0994925 1.043512 1.0416218 1.0349542 1.0342618 1.0303733 1.0389357 1.0707769 1.0673879 1.0309342 1.0314943 1.0280783 1.0413705 1.0324088 1.0390841
1.0849411 1.1020898 1.039624 1.0393935 1.0395021 1.0346705 1.0415963 1.036663 1.062281 1.0899446 1.084276 1.0313908 1.0301452 1.0174208 1.0247033 1.0310857
1.0671049 1.0880845 1.0293852 1.0391846 1.0409198 1.0404056 1.0378423 1.0354768 1.062209 1.0468963 1.0316615 1.0238049 1.0277772 1.0753171 1.0274662 1.0257535
1.0770621 1.0645198 1.0482056 1.0291182 1.0313025 1.029502 1.0953476 1.0331926 1.062047 1.078498 1.0799569 1.0893325 1.0978934 1.0366726 1.0481013 1.0351772
1.0604684 1.0576594 1.0351568 1.029429 1.0327903 1.0372177 1.085694 1.0913498 1.0970479 1.107593 1.0459149 1.1104966 1.0443743 1.0272813 1.1102836 1.1043111
1.0619059 1.0862166 1.0408779 1.0419805 1.1190001 1.1047935 1.0336251 1.0940112 1.0770261 1.072221 1.1021554 1.0429296 1.1141263 1.0891579 1.0906229 1.0390017
1.0907805 1.0555882 1.0436871 1.0429945 1.1106616 1.0914302 1.0360131 1.1039321 1.1172574 1.0899386 1.1171826 1.1136199 1.1229252 1.1050664 1.1250148 1.110338
1.0690646 1.0809097 1.0474745 1.0389811 1.0454391 1.1090205 1.0400281 1.0336219 1.100735 1.0891148 1.0421176 1.116088 1.0409207 1.1202995 1.0407513 1.1126993
1.0834048 1.0809258 1.0400447 1.0373495 1.02839 1.028337 1.025086 1.023461 1.1008993 1.0991652 1.0279714 1.0397817 1.0397383 1.0380076 1.1104723 1.1310115
1.097736 1.0854161 1.036264 1.0407296 1.0305437 1.0377777 1.0329007 1.0257509 1.0732994 1.0751464 1.0994568 1.039427 1.0277454 1.108464 1.0328094 1.0383322
1.0906146 1.0594218 1.0350909 1.0363894 1.0311211 1.030482 1.0290555 1.0233469 1.0758094 1.0878893 1.0467287 1.0815237 1.0363802 1.0419456 1.0374645 1.0924797
1.0766293 1.078573 1.030816 1.0390953 1.0384451 1.0759169 1.1092799 1.1056163 1.0513015 1.0719106 1.0303984 1.0278252 1.0344037 1.0304136 1.0383817 1.0391053
1.100747 1.0897303 1.0479352 1.091108 1.0533409 1.1023858 1.086995 1.0814322 1.0781094 1.0879991 1.1003746 1.0403659 1.0999326 1.0446503 1.0399822 1.1048089
1.1077211 1.0813423 1.1028891 1.0828794 1.1084168 1.0968633 1.096118 1.0481783 1.0855689 1.081235 1.1082432 1.0956852 1.1049129 1.0296031 1.0925975 1.0906333
1.0723407 1.0798542 1.0989498 1.0975807 1.1108814 1.0475931 1.0448577 1.0885898 1.0994825 1.1188484 1.1155535 1.0997288 1.1132659 1.1044267 1.112947 1.1152574
1.0743389 1.0751954 1.0919452 1.034513 1.0920349 1.0913992 1.0229517 1.0237484 1.1061084 1.1003189 1.1199917 1.1237907 1.0429622 1.114848 1.0992839 1.0392746
1.0889311 1.0642536 1.0354906 1.0291399 1.0419468 1.0267204 1.0190767 1.0299468 1.0873528 1.095866 1.039028 1.0469117 1.1014776 1.1280639 1.1152607 1.1063244
1.1032904 1.0889918 1.0332832 1.028808 1.038436 1.0339974 1.039665 1.0367266 1.1102649 1.1060318 1.0498878 1.1228479 1.0314339 1.1095092 1.0406677 1.1104642
1.066592 1.0808365 1.040965 1.0268804 1.0412647 1.086683 1.028982 1.0257564 1.0921518 1.094866 1.0385125 1.0347505 1.0413342 1.040955 1.0393063 1.0390546
1.1128464 1.1112678 1.0967687 1.0983605 1.1052387 1.1076663 1.0963835 1.1087251 1.0757098 1.0543053 1.0951555 1.0298188 1.0277869 1.0372072 1.0376698 1.0343051
1.0766346 1.0757631 1.1031694 1.0800405 1.0885004 1.1030538 1.0870119 1.0382787 1.0810398 1.087363 1.0377297 1.0891664 1.0367423 1.034642 1.0420907 1.0276306
1.0976032 1.0634328 1.1024657 1.041892 1.1050439 1.0353014 1.0194483 1.0388805 1.0777673 1.0537913 1.0316768 1.0365992 1.0292444 1.1020125 1.0261443 1.0325234
1.0702341 1.049409 1.0449386 1.0665449 1.0848409 1.03205 1.0272418 1.0281261 1.0987419 1.0866574 1.0277778 1.1146708 1.0990355 1.1123284 1.0318265 1.0356365
1.0518867 1.0610353 1.0886587 1.0241965 1.0289845 1.0317087 1.0190203 1.021423 1.0963933 1.0743469 1.0842803 1.0879458 1.1024606 1.0931114 1.0277313 1.0828332
1.0455343 1.0742862 1.0259064 1.0247775 1.0227772 1.0295115 1.0331521 1.0289569 1.1077634 1.0871432 1.0504036 1.098984 1.1055145 1.1023257 1.1043586 1.042805
1.0988474 1.0787046 1.0314194 1.0303932 1.097151 1.0259701 1.0259513 1.0358686 1.098597 1.1296968 1.0404234 1.0382559 1.1231533 1.037809 1.0434982 1.1206014
1.1142644 1.0949848 1.0928224 1.0233647 1.0991472 1.108823 1.0259281 1.0228429 1.1139606 1.1129044 1.0415833 1.097899 1.0377125 1.0452107 1.0450723 1.1197616
1.0860991 1.0754257 1.0868465 1.1070652 1.1005459 1.1134305 1.1078869 1.0773416 1.0645244 1.0527408 1.0440791 1.0386397 1.08794 1.0413934 1.0360838 1.0272996
1.0701433 1.0712152 1.0946237 1.0300622 1.1070547 1.0278723 1.0853635 1.0376573 1.0755794 1.0726345 1.0459352 1.0949543 1.0900202 1.0934012 1.0440694 1.0333538
1.0696286 1.0869263 1.0378414 1.0802436 1.0418978 1.0439669 1.0824999 1.0874274 1.0797206 1.0785308 1.1013659 1.024551 1.083618 1.0979953 1.0362897 1.0365299
1.0776035 1.0687968 1.0840989 1.0910151 1.04435 1.0365106 1.0458411 1.0370449 1.0777739 1.0959179 1.0397452 1.0427985 1.0513313 1.1080872 1.0367671 1.0380064
1.0654237 1.0586731 1.1076187 1.0881048 1.0366248 1.0297023 1.0893334 1.0175624 1.0860295 1.0750912 1.0408533 1.0813074 1.0977328 1.0409896 1.0387455 1.0860071
1.0578558 1.0662574 1.0760733 1.0743607 1.0225677 1.0252315 1.0305411 1.022255 1.0910163 1.0679324 1.0896617 1.0468554 1.1030215 1.0913887 1.0987864 1.0448989
1.0917333 1.077914 1.09308 1.0424567 1.0315912 1.0302951 1.100116 1.0309911 1.0705099 1.0950667 1.0390747 1.0424181 1.1086096 1.1197932 1.0470312 1.109185
1.0802976 1.0674801 1.0972383 1.0348462 1.0952312 1.0170902 1.1029838 1.021347 1.0735955 1.0692229 1.0441016 1.043529 1.0422126 1.0511612 1.0475813 1.1107694
1.0700742 1.0747576 1.0953231 1.1016217 1.08512 1.089242 1.0760473 1.0348544 1.0638717 1.0774448 1.1020868 1.0976312 1.1051466 1.02928 1.0424311 1.0354968
1.0726651 1.077942 1.0849092 1.0898771 1.1038505 1.0802374 1.0767143 1.0784069 1.0824759 1.0810496 1.0927112 1.0971248 1.1092731 1.103597 1.0952268 1.0471035
1.0959599 1.0746591 1.0885197 1.0960908 1.0968033 1.0822374 1.081501 1.089824 1.0994984 1.0564948 1.0947468 1.0970945 1.0445672 1.1034958 1.0835783 1.0397804
1.0854722 1.0607514 1.0873578 1.1011677 1.0910358 1.0409412 1.0925732 1.0839473 1.0677956 1.0925113 1.0942297 1.0841306 1.0326145 1.10705 1.099449 1.1021845
1.0633315 1.0725058 1.1021773 1.0840875 1.1007694 1.0370858 1.093363 1.0305423 1.0811433 1.0882959 1.1015575 1.0994292 1.1019222 1.1060352 1.10197 1.0406646
1.0778767 1.0567709 1.0904536 1.0927104 1.0995 1.0229312 1.0188209 1.0166824 1.0796012 1.0915493 1.1050442 1.1038902 1.0431557 1.0416759 1.0915889 1.106429
1.0531372 1.0710942 1.0938417 1.072267 1.0382434 1.0288706 1.0239282 1.0266306 1.0803053 1.0940828 1.107779 1.1012657 1.1079732 1.0328621 1.1157744 1.0303172
1.0715554 1.0811056 1.0840093 1.087379 1.0982991 1.0302562 1.0288064 1.0314605 1.071214 1.0674515 1.0863081 1.0395908 1.1083258 1.0355983 1.0336617 1.0332174
1.0872558 1.0730066 1.0851386 1.0935805 1.0950825 1.0966078 1.0953912 1.0878099 1.0601013 1.0828778 1.0922972 1.0468707 1.0908226 1.0923423 1.1084045 1.0463231
1.0770452 1.0989201 1.0928047 1.0822932 1.1086549 1.105045 1.1129973 1.1046405 1.0823369 1.0836309 1.0867075 1.1065825 1.0973835 1.0854756 1.0915205 1.0833178
1.0775728 1.0715866 1.0620824 1.0630305 1.0737417 1.0916885 1.0808551 1.0346028 1.0833414 1.078773 1.0887046 1.0807221 1.0908432 1.081924 1.0867906 1.0997301
1.0626669 1.0922233 1.0779322 1.092941 1.0919147 1.076861 1.110415 1.1056433 1.0601823 1.098441 1.0714455 1.1016978 1.0827562 1.0775691 1.0470555 1.0943981
1.0828495 1.1055868 1.1012019 1.0829868 1.0915489 1.0957946 1.0922881 1.1076891 1.054454 1.0630218 1.0901439 1.1049052 1.1145269 1.1114068 1.1127955 1.0410564
1.0675788 1.0731314 1.0823009 1.0735714 1.0734612 1.0769166 1.031695 1.0344535 1.0669123 1.0925525 1.114187 1.1174227 1.0504324 1.0309911 1.1155896 1.101543
1.0528595 1.0756214 1.1031338 1.0745287 1.086341 1.0420439 1.0836767 1.0977474 1.0860075 1.1262318 1.1154035 1.1212176 1.1095451 1.0976149 1.1126536 1.0999112
1.0652288 1.0817138 1.0825028 1.0913094 1.0809165 1.0801036 1.0928395 1.0676662 1.0833818 1.074195 1.0948372 1.0386246 1.0937216 1.1015399 1.0951718 1.0341454
1.069493 1.0895504 1.0827723 1.0875684 1.1063336 1.0946015 1.0381126 1.0347598 1.0633966 1.0621973 1.0992881 1.036802 1.0915213 1.0995888 1.1031934 1.070758
1.0906221 1.0730302 1.0867116 1.0956101 1.0902227 1.0991522 1.0422127 1.0396255 1.0675979 1.0897604 1.0826837 1.081101 1.0668063 1.079366 1.1029706 1.0834452
1.0662725 1.0922179 1.0720596 1.083884 1.0725645 1.0368987 1.0822185 1.1004114 1.0991201 1.0792787 1.0902029 1.1083648 1.0764284 1.0722557 1.1160731 1.0974442
1.0694056 1.0857091 1.0821494 1.0792605 1.0885633 1.0900093 1.0374657 1.0988185 1.0736868 1.0688962 1.0859554 1.0940915 1.0885493 1.0822486 1.1113948 1.1001173
1.0828038 1.0876888 1.0823787 1.0798926 1.0876784 1.0320598 1.0340708 1.0929515 1.0667262 1.1035664 1.1065283 1.0518563 1.1090423 1.1048547 1.0398551 1.0939962
1.0767821 1.0723493 1.0896688 1.0875496 1.0345315 1.0391518 1.0324192 1.095546 1.0620766 1.0742761 1.0460421 1.1022667 1.1150451 1.0874474 1.0450845 1.0361785
1.0812325 1.0624248 1.0397016 1.0325168 1.0862269 1.034589 1.0267338 1.0308915 1.0505201 1.095104 1.0951463 1.0831107 1.036421 1.0329356 1.087509 1.1096213
1.0838333 1.0771872 1.1065154 1.1031418 1.1037229 1.0379508 1.0391283 1.0373952 1.069263 1.0524153 1.0724106 1.0325624 1.069393 1.0426787 1.0961682 1.0578756
1.0480218 1.0665174 1.0798669 1.0826693 1.0350298 1.0896193 1.0426131 1.097912 1.0977211 1.063915 1.0956331 1.0825486 1.0457475 1.0912503 1.0843248 1.1114333
1.0822988 1.0968679 1.1059049 1.1059748 1.0449299 1.0929296 1.1126108 1.1106141 1.0876336 1.0647268 1.0952973 1.0829498 1.0368831 1.0831459 1.097624 1.0878271
1.0690191 1.0876625 1.039574 1.0441445 1.0873897 1.0984423 1.1173486 1.0905594 1.0890929 1.0696449 1.0912336 1.0959576 1.031169 1.0765069 1.1124666 1.035733
1.0678511 1.0960861 1.1081342 1.1065655 1.0335004 1.114562 1.0396683 1.0961835 1.0882763 1.102574 1.0897481 1.105354 1.1029304 1.043071 1.1164918 1.1184713
1.0678302 1.0803965 1.1044533 1.0311451 1.0374702 1.0341009 1.0397706 1.1056232 1.1129836 1.1021706 1.1079667 1.1213539 1.1234629 1.1265978 1.0386283 1.117425
1.0990795 1.0590082 1.0409815 1.0453198 1.0412229 1.0297753 1.0865471 1.0284798 1.0601888 1.0894989 1.0954496 1.0376815 1.1057682 1.10578 1.0432702 1.0333649
1.0634938 1.0773553 1.0736451 1.0307617 1.0283433 1.1023147 1.0324285 1.042492 1.0679348 1.077932 1.0365936 1.1052101 1.0405163 1.0297 1.0717198 1.090987
1.0785129 1.0673976 1.0845292 1.0392582 1.026567 1.0445942 1.0347528 1.0407845 1.0820419 1.0939219 1.1014464 1.0680779 1.0392848 1.0325782 1.0790025 1.0954641
1.073351 1.08767 1.039034 1.0747064 1.0445746 1.0386043 1.0408092 1.0383905 1.0764784 1.0903966 1.0846967 1.0944458 1.0839293 1.0390044 1.0377185 1.03582
1.0812731 1.0833 1.0392197 1.089401 1.1140348 1.0327826 1.0416745 1.1062069 1.0948596 1.0652962 1.0901153 1.0843273 1.0864125 1.0462953 1.100876 1.1077846
1.101067 1.0719292 1.1140643 1.1111968 1.131834 1.044461 1.0457639 1.0852333 1.1214641 1.0967761 1.107372 1.0498546 1.1001961 1.1189007 1.098362 1.1207472
1.0923339 1.0884738 1.107752 1.1241832 1.0389066 1.0414927 1.0972255 1.0362029 1.0941471 1.0896827 1.0394689 1.112033 1.1028256 1.1019047 1.1079458 1.1112942
1.0818443 1.0585274 1.1014953 1.0396217 1.0413628 1.0900707 1.025387 1.0345134 1.1376512 1.1159896 1.1146859 1.1224296 1.1196716 1.1137298 1.1064148 1.1212187
1.0575956 1.0983931 1.0958681 1.0318326 1.0970402 1.0338097 1.1100565 1.029921 1.1076137 1.0750643 1.1277622 1.0389122 1.1234643 1.1107743 1.0910403 1.0407311
1.0817153 1.0878237 1.0327587 1.1066709 1.0278074 1.1061516 1.0377933 1.0309948 1.061673 1.0903363 1.0356425 1.101437 1.1068132 1.0396779 1.0373762 1.1037109
1.0978914 1.0424016 1.0442429 1.0466658 1.0389049 1.0303867 1.0376632 1.026576 1.0978853 1.0860199 1.1154397 1.1047448 1.0926377 1.0984683 1.1031688 1.0426191
1.073874 1.0824537 1.1042244 1.0464467 1.038106 1.03402 1.0382258 1.1021705 1.0584747 1.0848151 1.0294476 1.0412636 1.0319036 1.0358303 1.0362374 1.0279111
1.07739 1.0927202 1.1009142 1.0439552 1.0423688 1.0408981 1.0998569 1.1066283 1.0629916 1.0865244 1.0329223 1.1024545 1.0349281 1.0245819 1.1113727 1.1045035
1.0823989 1.0921875 1.0944041 1.0551562 1.0543904 1.1017941 1.108281 1.0973715 1.0980626 1.0789182 1.1011254 1.1123186 1.0383201 1.0964619 1.0966947 1.0442481
1.1052502 1.0742642 1.1021386 1.0488486 1.0995568 1.111348 1.1125512 1.110167 1.0869609 1.0913556 1.0959439 1.114801 1.0795956 1.0347036 1.101178 1.1109717
1.0700201 1.075691 1.106646 1.0938418 1.039439 1.1049659 1.0432376 1.1016611 1.0780867 1.1101602 1.1058338 1.1101149 1.0983922 1.0978851 1.036624 1.1076154
1.0786877 1.058654 1.0304632 1.0411102 1.1061934 1.039731 1.0225092 1.09079 1.0848567 1.0840384 1.106906 1.041155 1.0944608 1.1043673 1.0931593 1.0375031
1.1172893 1.0761158 1.028875 1.1105248 1.0260293 1.0302452 1.0343844 1.0346198 1.082882 1.082274 1.031865 1.0880414 1.0413243 1.0441201 1.0279267 1.0998013
1.0869249 1.0665448 1.0387071 1.031993 1.0351253 1.0292001 1.0274357 1.0321379 1.0936075 1.0775999 1.124123 1.037475 1.0360721 1.126785 1.1246332 1.0354546
1.0810858 1.0978979 1.0292884 1.0299339 1.0248429 1.0949625 1.0976813 1.1108763 1.0762982 1.0842583 1.0364939 1.0360585 1.0819237 1.0405948 1.1105762 1.1160882
1.1008465 1.089695 1.1023035 1.0378608 1.1120094 1.1023031 1.0908246 1.105919 1.0734742 1.060678 1.0365907 1.0811725 1.0408527 1.0385327 1.0347967 1.0852885
1.1175799 1.0792195 1.095367 1.1051227 1.102106 1.0852077 1.0375081 1.0872412 1.0911056 1.0839757 1.0925573 1.0347878 1.0866379 1.0894405 1.037194 1.0409474
1.0608165 1.0576886 1.0450029 1.0856484 1.0856491 1.0412134 1.0245563 1.0307168 1.0629946 1.0743386 1.0319594 1.1051923 1.0319955 1.0288377 1.1008803 1.0975181
1.0819988 1.0797367 1.0338869 1.0944024 1.0325305 1.0357804 1.0228448 1.0377091 1.0982902 1.0823358 1.1026238 1.0877393 1.0507009 1.0897299 1.0315932 1.0806186
1.077709 1.095521 1.0261834 1.0323145 1.0216401 1.0315012 1.0846415 1.0261676 1.0943762 1.0725911 1.0992174 1.0417916 1.1046897 1.098981 1.0338049 1.0837699
1.095785 1.0856712 1.0256819 1.0238215 1.0286669 1.0931003 1.0371685 1.035342 1.0768763 1.077807 1.0259482 1.097553 1.0288086 1.0990164 1.1095724 1.033934
1.0874485 1.0729668 1.0271742 1.0331887 1.0245745 1.1127053 1.0294433 1.0260986 1.0961583 1.0861967 1.1140876 1.0298574 1.0357516 1.0383142 1.0361032 1.1129789
1.0963537 1.0858518 1.1088 1.1141975 1.0880044 1.1042799 1.083887 1.0390277 1.0911523 1.0701545 1.0928049 1.0386204 1.0427256 1.107416 1.0383389 1.0971761
1.1055717 1.0870255 1.0930632 1.1106588 1.1105076 1.0955855 1.0796461 1.0739505 1.0591961 1.0701693 1.0949825 1.0363169 1.0328127 1.0823354 1.0888017 1.0282161
1.0795053 1.0759488 1.0955976 1.0899692 1.093384 1.0433486 1.0887197 1.0877923 1.1045601 1.0750778 1.0376048 1.0313704 1.0925195 1.0390126 1.0427521 1.0258762
1.0796424 1.0625381 1.0864594 1.1039963 1.0446886 1.0393684 1.0860854 1.0762215 1.0756308 1.0795344 1.0333707 1.1031947 1.0285928 1.1068877 1.033635 1.0372428
1.0835239 1.0495182 1.078416 1.0903102 1.0321585 1.0256312 1.0802923 1.034739 1.077739 1.0906775 1.0839623 1.0383651 1.0915649 1.0870744 1.031538 1.0868433
1.0790766 1.0491511 1.0697815 1.102959 1.0271016 1.0834593 1.0267278 1.0266057 1.0982897 1.0915563 1.0347219 1.0836637 1.0927823 1.0873934 1.033621 1.0855871
1.0937331 1.0839837 1.0785402 1.0347401 1.1035877 1.0327291 1.0317404 1.0294158 1.0901568 1.0925875 1.0939778 1.0379559 1.1000404 1.0369066 1.104492 1.1042969
1.0735391 1.0510715 1.0850195 1.0329157 1.1151518 1.0319719 1.0349022 1.031543 1.097762 1.0769188 1.0373648 1.0372756 1.0409822 1.1113781 1.0926791 1.107818
1.0760009 1.0816952 1.1055489 1.0850062 1.0964319 1.090525 1.0935994 1.0989387 1.0675665 1.0876274 1.104871 1.0913059 1.1049638 1.0997919 1.0951105 1.1087582
1.0710044 1.0950301 1.0987924 1.098965 1.0942775 1.0766089 1.0898583 1.0840428 1.106663 1.0659759 1.1137402 1.094314 1.0527111 1.0803442 1.0851011 1.0801502
1.1106993 1.0689173 1.0892942 1.0843167 1.0927883 1.0920821 1.096155 1.0932399 1.0639557 1.0655892 1.0781237 1.0927417 1.0332818 1.0873684 1.0930607 1.0892096
1.1008364 1.0926409 1.0882468 1.0924271 1.087786 1.0896813 1.1034454 1.0914274 1.0804073 1.0580949 1.103766 1.096621 1.1087577 1.1033329 1.0369191 1.0915481
1.0942674 1.0594901 1.1069874 1.0872627 1.092605 1.076003 1.0831687 1.0707817 1.0891547 1.0890205 1.1037111 1.1096451 1.044356 1.0429833 1.100705 1.0403862
1.0847898 1.0935702 1.0900159 1.0840495 1.0846367 1.0728031 1.0419347 1.0898111 1.0741812 1.0694312 1.0871955 1.037291 1.1062567 1.092603 1.0951886 1.0821843
1.0796802 1.0662696 1.077486 1.1011214 1.0376929 1.0850319 1.0899887 1.0734187 1.0550171 1.1049743 1.0337178 1.0343393 1.0261725 1.1076257 1.1038885 1.0880497
1.0895246 1.0937884 1.0948354 1.0773319 1.0935116 1.0990891 1.1025877 1.1034085 1.0663188 1.076563 1.086745 1.0299019 1.0335853 1.0855671 1.101457 1.0354238
1.0842594 1.0827818 1.0767052 1.0912676 1.0970137 1.0912888 1.0934887 1.0984883 1.0921386 1.071089 1.0984946 1.0994905 1.0946686 1.076919 1.0687104 1.0736356
1.088286 1.0956968 1.1002846 1.0782338 1.09223 1.0936544 1.0753119 1.0434748 1.0850675 1.0736752 1.081527 1.0957624 1.082898 1.0834846 1.1084955 1.0808723
1.0731378 1.0811968 1.0615116 1.0961709 1.0671095 1.031905 1.0938728 1.100865 1.0715219 1.0759379 1.071046 1.0781871 1.0891107 1.0891834 1.0880576 1.0795557
1.0613146 1.0798737 1.0803548 1.0807122 1.082835 1.0974324 1.0852042 1.1015769 1.0551368 1.0746752 1.0930632 1.0998617 1.0452467 1.0867273 1.1097072 1.1069878
1.094281 1.0719664 1.0871927 1.0823482 1.086049 1.0970328 1.0304303 1.0359713 1.0916232 1.0739566 1.110625 1.0487144 1.1060891 1.0957531 1.028419 1.0827309
1.0507535 1.0936315 1.0878227 1.0497265 1.0724963 1.0401601 1.0788103 1.0898303 1.0811368 1.0686908 1.1178501 1.1154435 1.1100549 1.034872 1.0500596 1.0417097
1.0802206 1.0935305 1.0420158 1.0986726 1.0819451 1.03541 1.0911698 1.0823948 1.0884247 1.1151679 1.1052663 1.1085893 1.1166029 1.0435824 1.101812 1.118965
1.0819489 1.0893223 1.0771751 1.1052213 1.0929221 1.0822147 1.1109735 1.0829602 1.06113 1.0714116 1.0430478 1.0938224 1.1021826 1.0683411 1.0958673 1.0746514
1.0660739 1.0491941 1.0890979 1.0904897 1.0430142 1.0399362 1.0339704 1.0390998 1.0615913 1.0873216 1.0981334 1.0824012 1.07066 1.0463934 1.0351067 1.0850345
1.0657103 1.0936215 1.0918695 1.0541804 1.0942696 1.039964 1.1058102 1.1149675 1.0557733 1.0843221 1.0867709 1.0789801 1.0948392 1.0379604 1.0830187 1.0705886
1.0859612 1.0730846 1.0363145 1.1090746 1.0451901 1.1222067 1.0342163 1.11538 1.0750183 1.1030749 1.1040678 1.0921263 1.1117109 1.0828573 1.1131232 1.0404382
1.0855602 1.1020536 1.115322 1.113658 1.0986857 1.0981923 1.0393051 1.1030693 1.057849 1.1026556 1.0934846 1.0963966 1.1209723 1.1112009 1.1044668 1.1055818
1.0810024 1.1128641 1.0979383 1.0410029 1.040392 1.0886518 1.0449893 1.1046499 1.0797387 1.0929593 1.0458251 1.1265955 1.0432389 1.1180555 1.0380613 1.098544
1.1195905 1.0863154 1.0433346 1.0899371 1.0496031 1.1015414 1.0380281 1.0424246 1.0529335 1.0490912 1.08161 1.0324855 1.0356424 1.0398082 1.0357631 1.0326306
1.0713663 1.0643883 1.0838008 1.0713364 1.0371823 1.0433288 1.0431293 1.032684 1.0649486 1.0861154 1.0756799 1.0367953 1.0964091 1.0380915 1.0865585 1.1001093
1.0730978 1.0721784 1.0790731 1.0730294 1.0942762 1.041789 1.0306141 1.0376772 1.0613568 1.0639676 1.0434623 1.0681618 1.0894789 1.0306783 1.0733428 1.0938851
1.0711415 1.0682104 1.0391965 1.0338522 1.0435945 1.1049831 1.0978382 1.0983384 1.0762075 1.1105528 1.1026893 1.04174 1.0453738 1.109529 1.0774132 1.0388141
1.101704 1.0665114 1.0460165 1.112312 1.1033436 1.1144491 1.1201808 1.0896832 1.107783 1.0997671 1.0894127 1.0440145 1.0989313 1.0897136 1.0961274 1.1011015
1.0696158 1.0908982 1.1133648 1.1078418 1.0959575 1.0954916 1.0414867 1.1057631 1.0926708 1.0692133 1.1113812 1.1015047 1.122902 1.1077158 1.1128391 1.1089067
1.0963365 1.086207 1.1074358 1.1003727 1.1154294 1.0905675 1.0425416 1.1110965 1.0740373 1.088459 1.0932654 1.1016958 1.1019007 1.111693 1.1127497 1.1171488
1.0603158 1.1069494 1.0882664 1.1119114 1.0304251 1.0804219 1.1069921 1.0336586 1.0931748 1.1025474 1.1181753 1.1331491 1.0406702 1.1235174 1.0972095 1.1178505
1.0602728 1.1240886 1.0927126 1.036514 1.0332173 1.0350735 1.0265855 1.0399703 1.0529779 1.0574863 1.0372245 1.0311091 1.0361512 1.0852528 1.079236 1.0406264
1.0941046 1.1100774 1.0340848 1.0406255 1.0402169 1.1010773 1.0468383 1.0347987 1.0957053 1.0697817 1.1009029 1.0320776 1.0852547 1.0763664 1.030158 1.095118
1.0679431 1.0935369 1.0423101 1.0446765 1.0798901 1.1048827 1.0338794 1.0385785 1.0437695 1.0638361 1.0757556 1.027991 1.0771471 1.0730339 1.0315886 1.0285479
1.0974573 1.0682933 1.1100022 1.0844496 1.0374298 1.0344285 1.036716 1.0965185 1.0691383 1.097025 1.0904176 1.0841377 1.0914314 1.0342038 1.0473092 1.0396502
1.0651077 1.0670624 1.1099256 1.0861919 1.0325868 1.1020544 1.0410987 1.0893245 1.0817988 1.0809295 1.0900847 1.0890048 1.0954164 1.031177 1.097432 1.0927423
1.0668843 1.0809078 1.0985311 1.0937561 1.0425291 1.0991033 1.1025538 1.037954 1.0780014 1.0812173 1.04031 1.0993524 1.0963433 1.0843219 1.0955833 1.0428482
1.0902302 1.0571839 1.1097448 1.0905151 1.0422161 1.0340025 1.0403142 1.0396197 1.0910085 1.0785575 1.105424 1.0938655 1.1097734 1.0943159 1.1062592 1.0967733
1.0634081 1.0918156 1.1063145 1.0419992 1.102708 1.0448179 1.1156981 1.0315919 1.096145 1.0970272 1.1215751 1.1085255 1.1050589 1.1108984 1.0351465 1.1130165
1.0764745 1.0881276 1.036546 1.0387926 1.0292175 1.0229524 1.032615 1.0308254 1.1012815 1.1003742 1.0321386 1.0953935 1.0958707 1.0360796 1.0963643 1.0375204
1.1092128 1.0796777 1.0455881 1.0383657 1.0295972 1.1286796 1.0384392 1.0291233 1.0958982 1.0655044 1.0939035 1.1034819 1.0361767 1.1136653 1.0300101 1.1026989
1.0732684 1.091345 1.1059182 1.0372359 1.0364077 1.0342425 1.0313458 1.0329348 1.0805172 1.0818651 1.0941253 1.0798163 1.0346457 1.0361915 1.0363843 1.0369604
1.0776244 1.0767848 1.0319004 1.1053191 1.0297965 1.0885133 1.0892609 1.1037205 1.0765686 1.0653433 1.0333236 1.035038 1.0360996 1.0756983 1.0307224 1.0318929
1.0897982 1.0988346 1.1052946 1.0875922 1.0362587 1.0923299 1.1033412 1.0911961 1.0915799 1.0988201 1.0972602 1.0369608 1.0966179 1.0985459 1.0385952 1.0944257
1.1039506 1.0831194 1.0942391 1.0363091 1.0973252 1.0912329 1.0956588 1.0924081 1.0820956 1.087104 1.0956962 1.0919414 1.0895025 1.0297436 1.0374415 1.0333885
1.0700494 1.0823424 1.040317 1.0392982 1.1123794 1.1031622 1.0371618 1.0812906 1.0774966 1.1266963 1.1017861 1.0851579 1.1032294 1.0453967 1.0927056 1.102271
1.08667 1.0665382 1.0426441 1.0244904 1.0976255 1.0908965 1.0216461 1.086596 1.1050813 1.0712662 1.105395 1.116297 1.0349128 1.1057587 1.0355268 1.0971376
1.0724221 1.0830591 1.0322088 1.0188131 1.037908 1.0996832 1.0200272 1.0232971 1.0780737 1.0835406 1.0371124 1.032874 1.085682 1.0424026 1.0373532 1.0892162
1.0893321 1.0963984 1.0259238 1.0316722 1.0348682 1.0254533 1.0303481 1.0351835 1.1025927 1.0947812 1.1075015 1.1171048 1.0438277 1.0401704 1.1070756 1.0411855
1.0902119 1.0814695 1.0318238 1.0305426 1.0318453 1.0934032 1.0257571 1.0288137 1.0895227 1.0861673 1.0366088 1.026514 1.0441389 1.0413617 1.1129335 1.1060762
1.1195363 1.0940251 1.1039481 1.1080185 1.1155097 1.115121 1.0982277 1.1039262 1.045173 1.0650853 1.0861229 1.031286 1.0708485 1.0324 1.0322347 1.0846367
1.0820671 1.0810677 1.0990452 1.0909159 1.0966227 1.0785731 1.0375793 1.0846181 1.0826477 1.0774224 1.0437539 1.0880182 1.080002 1.0359907 1.0415128 1.0323482
1.1031636 1.0603508 1.107579 1.0841262 1.098405 1.0877421 1.0229784 1.0251684 1.1048701 1.0621818 1.0264734 1.0317843 1.0258864 1.0324724 1.0235333 1.0251228
1.0735031 1.0578932 1.0930226 1.0702922 1.0421945 1.0277647 1.0271946 1.0282506 1.0704322 1.071938 1.0873685 1.0966185 1.0293905 1.0971696 1.0262985 1.0292103
1.0508611 1.060447 1.0883647 1.0869621 1.0322828 1.0395975 1.0851114 1.0206879 1.0644388 1.0765119 1.040118 1.0803679 1.0896028 1.034168 1.0238274 1.077102
1.0680072 1.0869637 1.098976 1.0277605 1.0316243 1.0344956 1.0323563 1.0288619 1.0866057 1.0700651 1.0844172 1.031004 1.0334486 1.0330409 1.0982403 1.0847083
1.0981742 1.0600446 1.0253729 1.036661 1.1022811 1.0870659 1.0280762 1.0367935 1.0894512 1.1058686 1.0361 1.119862 1.0342363 1.111811 1.0934184 1.1059583
1.1085875 1.0827656 1.1043636 1.0328921 1.1061193 1.1081071 1.0322553 1.0263597 1.0993459 1.1126381 1.0356696 1.0327084 1.0364097 1.1129127 1.0992622 1.1163918
1.0677571 1.0864712 1.0940224 1.101823 1.098419 1.0933537 1.0318165 1.0823412 1.0602859 1.0728527 1.0951508 1.0928527 1.0814385 1.035828 1.0332417 1.0776944
1.0814075 1.0688759 1.101576 1.0826933 1.1006973 1.0750453 1.0789492 1.0782863 1.0886501 1.0665573 1.1055757 1.1079707 1.1045417 1.0920093 1.0460294 1.036129
1.0578371 1.0690444 1.0749059 1.0871072 1.0883125 1.0402102 1.0755394 1.0817212 1.0714754 1.07288 1.096659 1.1047674 1.074995 1.02509 1.0324168 1.0263444
1.0626314 1.0710571 1.0882056 1.07621 1.0348791 1.0257895 1.0952624 1.0260752 1.1053052 1.0941594 1.0991695 1.1044064 1.0964202 1.096122 1.0253451 1.0218102
1.0706366 1.055011 1.0895318 1.0749651 1.0399299 1.0242951 1.0903598 1.0232074 1.0932406 1.0811875 1.0942789 1.0862851 1.0861508 1.0944932 1.0337543 1.0963943
1.0391428 1.0721819 1.0684066 1.0756872 1.0281868 1.0169857 1.027503 1.0212742 1.0588031 1.0535773 1.0946463 1.0500721 1.0922886 1.0894115 1.0920306 1.0879756
1.089347 1.0515001 1.0932724 1.0883338 1.02978 1.032045 1.0366101 1.0239643 1.08724 1.0860375 1.0452012 1.036071 1.101729 1.0380565 1.1002351 1.1064262
1.0799421 1.0778499 1.1025996 1.0988021 1.0959725 1.0235586 1.0866034 1.0299529 1.0634744 1.0728161 1.0911438 1.0376778 1.0347544 1.1150789 1.0998316 1.1045895
1.082176 1.0694517 1.0923072 1.0904526 1.080253 1.0718756 1.075543 1.0683976 1.0879445 1.0984269 1.1081328 1.0972254 1.0474865 1.03249 1.0926989 1.0332065
1.0664462 1.0862273 1.0759239 1.0799388 1.085527 1.0841846 1.0807209 1.0766687 1.0881824 1.0678785 1.0969738 1.1077278 1.0444012 1.0957705 1.09219 1.0999088
1.0930657 1.0787069 1.0926676 1.0758687 1.0816487 1.0812979 1.0778084 1.0451136 1.1111432 1.0774049 1.0988493 1.0872883 1.1107055 1.0335952 1.0313617 1.0286672
1.0782014 1.0857167 1.0908207 1.0927083 1.0907209 1.0841253 1.0489181 1.0421174 1.0890979 1.0880188 1.0993457 1.0446883 1.0359282 1.0926614 1.0877359 1.0963366
1.0907203 1.0972961 1.0988787 1.0920296 1.1019238 1.0379884 1.0344505 1.0321474 1.0875906 1.0966878 1.0378977 1.0861027 1.1041592 1.1011851 1.0938959 1.0929644
1.0597755 1.058091 1.0862978 1.0720086 1.0924124 1.0728346 1.0217762 1.0180037 1.079807 1.069541 1.1070863 1.0888278 1.0839548 1.0819384 1.09684 1.0873227
1.0475459 1.080168 1.0713623 1.062249 1.0612425 1.0262252 1.0250286 1.026121 1.0751402 1.0806091 1.0993847 1.1108422 1.0933285 1.0337448 1.1078675 1.0377063
1.0542637 1.0774134 1.076027 1.081889 1.0929714 1.0347686 1.0766923 1.035786 1.0744507 1.0769994 1.0805309 1.0835619 1.1129098 1.04182 1.0915753 1.0385145
1.1150169 1.0646833 1.0868672 1.0904616 1.094428 1.0913352 1.0869313 1.0925288 1.076924 1.076075 1.099107 1.0828195 1.0961636 1.0982364 1.1043574 1.0446073
1.0746037 1.0798842 1.081381 1.090361 1.0940458 1.0978552 1.1055458 1.1050156 1.0809054 1.0833826 1.0849856 1.0938488 1.0863752 1.0904123 1.0843347 1.0898662
1.0605451 1.0817027 1.0771164 1.0739828 1.090902 1.0955828 1.0934725 1.0367562 1.0809978 1.0719192 1.0881523 1.0408845 1.0864136 1.0827242 1.0882465 1.0773965
1.0730578 1.077982 1.0819925 1.0886 1.0912637 1.0819105 1.0892993 1.0994357 1.0643644 1.0873332 1.0384924 1.1000834 1.0945238 1.0762917 1.099669 1.0938957
1.0862457 1.1111728 1.1057466 1.0766339 1.0344976 1.0903264 1.0866905 1.09746 1.0741544 1.0806293 1.0979158 1.1002574 1.1088213 1.101703 1.1046541 1.0421435
1.0590209 1.0682683 1.08483 1.073845 1.0791944 1.0800318 1.0459214 1.0735049 1.0822675 1.0993643 1.0962473 1.1086028 1.1133505 1.0362703 1.0962312 1.0418726
1.0716903 1.0626546 1.0793386 1.0799373 1.0790603 1.0404217 1.073569 1.0388082 1.1059629 1.1194855 1.1128738 1.1142097 1.105927 1.0496744 1.1095437 1.0981085
1.0643173 1.0784792 1.0822761 1.1014878 1.0834694 1.0824815 1.0836393 1.0777689 1.097081 1.0521054 1.0954647 1.0815836 1.086979 1.1002957 1.0975422 1.0413904
1.0659181 1.0808884 1.0836445 1.0947868 1.1067655 1.0918725 1.0905106 1.0381571 1.0815575 1.0794064 1.1016968 1.0413084 1.0936587 1.094455 1.0929198 1.0807405
1.0842261 1.090921 1.0888627 1.0934705 1.1041864 1.0998399 1.0407995 1.1053511 1.0797038 1.0861182 1.087135 1.0836033 1.0847067 1.0775534 1.1071738 1.09647
1.0835882 1.080048 1.0725005 1.0939193 1.0870187 1.0492694 1.1025281 1.1077658 1.0795126 1.0725901 1.0862132 1.0994681 1.074059 1.0693134 1.1076902 1.0910965
1.0656663 1.0951166 1.0777667 1.0940505 1.0742512 1.09781 1.0401702 1.0837328 1.0850316 1.087175 1.0783751 1.0875247 1.0893306 1.0886738 1.1042551 1.0976707
1.0764495 1.100486 1.0668111 1.069237 1.0782385 1.0333712 1.0311458 1.0861757 1.0803035 1.0694127 1.0958878 1.039858 1.1142924 1.0953045 1.0299876 1.0838518
1.0559154 1.069969 1.0901091 1.0832822 1.0416682 1.0376468 1.038217 1.0933558 1.0679963 1.0910946 1.0419651 1.047487 1.113421 1.0903608 1.0996177 1.0958732
1.0716423 1.05744 1.0642451 1.0344536 1.0899483 1.0285461 1.0220524 1.0844696 1.0677564 1.093608 1.0418781 1.1084204 1.037212 1.1033952 1.1038268 1.0928925
1.0821874 1.058623 1.1012032 1.1027515 1.0942893 1.0863696 1.0358372 1.0414891 1.0800165 1.0699201 1.1074363 1.0373048 1.0790561 1.1040007 1.0902157 1.0795358
1.0732001 1.0643075 1.0868629 1.0867008 1.0796118 1.090947 1.0369877 1.0911853 1.0882459 1.0783753 1.0915072 1.0929278 1.0960026 1.0904871 1.0775151 1.0984023
1.0997264 1.1059163 1.0941403 1.0946362 1.0430034 1.0854825 1.1044483 1.0934498 1.0593178 1.0799378 1.0936241 1.0961562 1.0923684 1.0806634 1.0896047 1.0698802
1.07059 1.0884327 1.0500413 1.047477 1.0917606 1.106736 1.1120411 1.1007991 1.1040424 1.0874261 1.1168385 1.0928658 1.0928923 1.0818183 1.1191972 1.0974153
1.088918 1.0928282 1.1215425 1.1190128 1.0394342 1.1143698 1.1060916 1.1049939 1.100418 1.0629656 1.1034738 1.1071336 1.1007543 1.0909069 1.0975615 1.102479
1.0541102 1.0826457 1.0895208 1.0352417 1.0332868 1.0979732 1.0847027 1.0943383 1.0858296 1.0779245 1.0959842 1.1062052 1.1154995 1.1147392 1.0925298 1.1065593
1.0853357 1.0718795 1.0933142 1.0383217 1.0417153 1.0812416 1.0848182 1.0923967 1.0795255 1.118012 1.0974995 1.1127408 1.1017051 1.1143087 1.1128588 1.0959411
1.0505714 1.0571821 1.0243567 1.0283736 1.0279399 1.0736938 1.0359156 1.0386422 1.0894996 1.0792556 1.1003242 1.0990323 1.0877972 1.0887111 1.0951242 1.1035128
1.0867517 1.0743021 1.0918579 1.0921991 1.0376618 1.0476836 1.034804 1.0980458 1.069021 1.083347 1.0983589 1.0981781 1.0951798 1.0927474 1.1021109 1.1009089
1.063565 1.0697657 1.0301155 1.0789975 1.0335158 1.0886853 1.0488762 1.0994368 1.0712126 1.0914907 1.0775306 1.0818228 1.0756866 1.0755492 1.0311458 1.0339285
1.1006242 1.0732576 1.1160417 1.0900693 1.1099014 1.0945426 1.1041622 1.0320152 1.073443 1.0668314 1.0767503 1.0834961 1.0838209 1.076781 1.026624 1.0948879
1.0876577 1.0635552 1.1133267 1.1118063 1.1245366 1.0941803 1.1170237 1.096643 1.0916954 1.0752678 1.0919241 1.1081349 1.094318 1.1143031 1.0980846 1.1091366
1.1026864 1.0742161 1.0968852 1.1154835 1.1102352 1.0931275 1.086199 1.0374897 1.0974398 1.0784657 1.0913448 1.1002761 1.0314618 1.0877979 1.0938255 1.0939261
1.0773259 1.0769241 1.1093154 1.1034672 1.1011772 1.0991123 1.0915606 1.0296313 1.1101656 1.1246891 1.10434 1.1150563 1.11292 1.0985895 1.0401151 1.0974348
1.0620261 1.0757258 1.092311 1.0853572 1.0831589 1.0849627 1.1058719 1.031107 1.1058842 1.0923432 1.1110861 1.0954272 1.1090653 1.101282 1.080053 1.0819404
1.0636678 1.0854394 1.0934857 1.0861996 1.0316491 1.1126723 1.1106966 1.0270516 1.0602747 1.0758178 1.0905344 1.1021639 1.0403599 1.0721835 1.0388755 1.0962155
1.0909548 1.0654882 1.0418754 1.0401595 1.0334942 1.0337338 1.0900218 1.0286995 1.0895773 1.067639 1.1078666 1.0924832 1.0728245 1.0929424 1.107353 1.0381026
1.0795423 1.094342 1.1016593 1.0929312 1.0411154 1.0354345 1.1091051 1.1103991 1.0554869 1.081362 1.0876145 1.0376639 1.0714195 1.035717 1.0948638 1.0325038
1.0696907 1.1094886 1.1019189 1.091349 1.0960989 1.0379198 1.107418 1.1013695 1.0572804 1.0848362 1.0920986 1.0973549 1.036158 1.0337377 1.0992377 1.1037266
1.0774795 1.0869116 1.1024665 1.0911435 1.0972492 1.1024238 1.1055132 1.0980539 1.0749362 1.0744855 1.0981029 1.0964161 1.080752 1.0909007 1.0860323 1.0818526
1.1122799 1.0663482 1.0968354 1.108494 1.0817219 1.1044106 1.101399 1.1047871 1.0818756 1.105874 1.0774558 1.101889 1.076317 1.0765501 1.0895231 1.0959291
1.0833765 1.0752655 1.1084225 1.0960466 1.0904589 1.1169916 1.0935875 1.0946842 1.0910941 1.0746953 1.0951028 1.0965502 1.0932717 1.1046253 1.0787657 1.0967697
1.0849175 1.0700629 1.0938605 1.0925784 1.1066223 1.1016083 1.028468 1.0286589 1.0751349 1.08517 1.1023759 1.0877326 1.0946723 1.1000607 1.0846221 1.0382477
1.098521 1.0921581 1.0281444 1.1100079 1.1008906 1.0367105 1.036363 1.0325752 1.0929079 1.075716 1.0898154 1.0817643 1.1094857 1.0344138 1.0738338 1.0869818
1.0795218 1.0698768 1.1039706 1.03459 1.1025473 1.0995929 1.0326391 1.029165 1.0939817 1.0820531 1.1080667 1.0360645 1.0349674 1.1165711 1.1078308 1.0351489
1.0816613 1.075022 1.0859386 1.0303285 1.0848566 1.0849292 1.0901617 1.1019064 1.0698221 1.0933323 1.0306166 1.037728 1.0797797 1.08875 1.0410658 1.0447181
1.0918106 1.0837822 1.0438206 1.0435531 1.109649 1.0923319 1.0925486 1.0969164 1.0872055 1.064453 1.0370035 1.0956967 1.0381566 1.0962487 1.0914245 1.0343212
1.1282297 1.0765866 1.1024379 1.105005 1.1034808 1.095126 1.0717944 1.0853277 1.0814611 1.0655272 1.0874468 1.0850749 1.0907336 1.0460842 1.0786809 1.0849103
1.0603654 1.0559545 1.0337434 1.0934858 1.083557 1.084718 1.0789912 1.067253 1.0669956 1.0811327 1.0676513 1.0970557 1.0775867 1.0769532 1.084597 1.0872124
1.0733314 1.0848881 1.0411973 1.1076574 1.0918282 1.0871354 1.0791299 1.0352054 1.0748513 1.088867 1.0868845 1.0761147 1.0796661 1.0803746 1.02654 1.0717316
1.0927981 1.073876 1.0306631 1.1005127 1.0285649 1.0887505 1.0801498 1.0785632 1.0804269 1.0804864 1.0924647 1.0349208 1.0914377 1.0849947 1.0331888 1.0377816
1.1051908 1.1003103 1.0239801 1.0389512 1.0303445 1.0821743 1.0349381 1.0364164 1.0787128 1.0741335 1.0291401 1.0811751 1.0294784 1.0338321 1.0349783 1.033305
1.1037138 1.0823562 1.0315247 1.1027169 1.0315572 1.1009501 1.028972 1.031244 1.0917354 1.1084328 1.1089538 1.0316129 1.0341351 1.0308995 1.0375485 1.0387025
1.0800987 1.0986683 1.0881591 1.1033726 1.0814248 1.0886699 1.0831892 1.0800594 1.0957884 1.0611179 1.0412639 1.0361304 1.0887618 1.0432533 1.0933309 1.093723
1.110106 1.0814223 1.1004171 1.1020136 1.0940943 1.1004575 1.0851359 1.0883503 1.0745178 1.0577278 1.0318127 1.0922122 1.0888569 1.026688 1.0801082 1.0297189
1.0865622 1.0777135 1.0953149 1.1009898 1.0922296 1.076614 1.1022972 1.0454336 1.0763426 1.0763742 1.1076235 1.0251955 1.0349814 1.1026078 1.092835 1.0228351
1.0825363 1.0706805 1.0864481 1.0946994 1.0968746 1.0867553 1.040768 1.0356164 1.0683849 1.0592961 1.0275528 1.0915971 1.0920147 1.0922855 1.0280048 1.0303
1.090146 1.0378538 1.0373677 1.0897392 1.0842414 1.078772 1.0317738 1.0369012 1.0626693 1.0820678 1.086956 1.0793262 1.0775377 1.0802786 1.0273087 1.0778627
1.068278 1.0536078 1.0740986 1.0256295 1.0724571 1.0670259 1.0263927 1.019401 1.0923438 1.0826334 1.080173 1.069328 1.0817558 1.0281558 1.0355709 1.0718215
1.1214764 1.0920223 1.0823394 1.0392851 1.0967935 1.0359547 1.0314366 1.0365973 1.0841231 1.0986667 1.0846778 1.0396222 1.0344723 1.034246 1.088031 1.0934538
1.0962421 1.0606039 1.0916814 1.0324858 1.098275 1.0385469 1.0850117 1.0427053 1.0996548 1.0980482 1.0370733 1.0349479 1.0425472 1.0397077 1.0926617 1.0795145
1.0703652 1.10526 1.0902386 1.0743517 1.0783707 1.0952876 1.090294 1.0925686 1.0794566 1.0933762 1.1057192 1.0847763 1.0486419 1.0859737 1.0984969 1.1049942
1.0797797 1.0903764 1.0928911 1.0923187 1.0907284 1.0730196 1.075404 1.0935533 1.1070077 1.0762963 1.1057248 1.0991741 1.1103417 1.0812643 1.092603 1.0951914
1.0933406 1.0558733 1.0926628 1.0798581 1.0983735 1.0879135 1.0821689 1.090136 1.0605493 1.078747 1.0886045 1.0360538 1.0340226 1.0951065 1.0969878 1.0852118
1.1024853 1.0864651 1.0981653 1.0817647 1.0851027 1.0780375 1.0936602 1.0331994 1.0839057 1.0658205 1.032147 1.0881644 1.1052941 1.0983953 1.1017742 1.0964817
1.0801971 1.0543756 1.0921736 1.0843453 1.0475243 1.0724627 1.0862811 1.071399 1.0824723 1.0744858 1.1082945 1.1005392 1.1029053 1.0973889 1.0938568 1.0348986
1.071801 1.0819565 1.0767236 1.0775292 1.0762191 1.0673124 1.0656167 1.0778625 1.0551168 1.0718766 1.0870341 1.0752828 1.085649 1.0764934 1.0873367 1.0420521
1.0769035 1.0597531 1.0795178 1.0871243 1.0941259 1.092618 1.083877 1.0761551 1.0471576 1.104268 1.0766145 1.0369396 1.0426345 1.1073868 1.1127971 1.1002661
1.0896776 1.0876298 1.0885415 1.0740864 1.076702 1.0956696 1.1012975 1.0972823 1.0693748 1.0535358 1.0865804 1.0364044 1.0272093 1.0844705 1.1199133 1.0379229
1.0702064 1.0823245 1.0756385 1.0872208 1.0971378 1.081931 1.0965196 1.0909584 1.087728 1.0609843 1.0820563 1.0909662 1.085715 1.0780777 1.0670011 1.0651821
1.0682938 1.0796987 1.0909076 1.083938 1.0896596 1.0882405 1.0819739 1.0395001 1.0834837 1.0816453 1.0901741 1.0859812 1.0840387 1.0901003 1.092611 1.0824924
1.0727705 1.065986 1.0621529 1.0795848 1.0704353 1.0296382 1.077078 1.0994728 1.0661709 1.066531 1.0464653 1.0839272 1.1014678 1.0782388 1.0907311 1.0804079
1.0732446 1.0667721 1.0758203 1.0756751 1.0923517 1.1029272 1.0780786 1.0872908 1.0665668 1.1082683 1.0922058 1.08444 1.1122118 1.1060549 1.1046897 1.1000761
1.0730032 1.0434967 1.0728606 1.078865 1.0814633 1.0873628 1.0368576 1.0773373 1.0870191 1.0734031 1.0972855 1.1101354 1.0934454 1.0817307 1.0396122 1.0862718
1.0567063 1.0955963 1.0719371 1.0855669 1.081653 1.0756067 1.0809729 1.0390351 1.0965773 1.0837759 1.1280111 1.1076936 1.1164972 1.0470332 1.1066839 1.1149184
1.10055 1.0929937 1.1004869 1.0945843 1.0854976 1.0423741 1.0366783 1.0842421 1.0933535 1.1051507 1.1023026 1.1062379 1.1132339 1.1006157 1.0994672 1.096969
1.080774 1.0858653 1.0827491 1.0954454 1.0909492 1.0822467 1.0935673 1.0924981 1.0652487 1.0834261 1.0994257 1.0962138 1.1162571 1.0867964 1.0982343 1.0820594
1.09288 1.0770193 1.0927008 1.0982012 1.0950567 1.03792 1.0396432 1.0989872 1.067803 1.0568453 1.0893762 1.0938283 1.0950333 1.0697365 1.0710639 1.0713296
1.1023018 1.0982894 1.0996068 1.0493351 1.0979362 1.1029819 1.1071016 1.1097819 1.0848479 1.0936784 1.090715 1.089531 1.0864516 1.0749042 1.0847406 1.0746344
1.0885508 1.089965 1.0436904 1.1154702 1.0455444 1.113811 1.0311399 1.1060245 1.0713565 1.0796772 1.0887369 1.0972885 1.0991508 1.0921971 1.1019307 1.0916259
1.0950115 1.1014585 1.1070555 1.1049488 1.1124372 1.0847987 1.0387461 1.0918239 1.0726295 1.075387 1.0982376 1.1027163 1.0988181 1.0958456 1.0889512 1.0855283
1.0932828 1.0827205 1.1054794 1.1034572 1.0465647 1.0992117 1.0417659 1.0963904 1.0797828 1.1034003 1.0498816 1.1166732 1.0449333 1.1105223 1.090076 1.1005468
1.0862675 1.0647538 1.0804455 1.0363933 1.0348897 1.094184 1.0360863 1.0916787 1.065632 1.0689017 1.0338105 1.0359004 1.095009 1.0892966 1.0813547 1.0695913
1.0670089 1.0529538 1.0390474 1.0804873 1.078765 1.0426949 1.1043249 1.0352827 1.0945162 1.0763277 1.0936551 1.092246 1.1060096 1.084546 1.0836323 1.0910211
1.0993998 1.0621529 1.0807352 1.0791603 1.0915028 1.0316956 1.0313665 1.0387117 1.0823692 1.0550674 1.0518348 1.0836486 1.1105275 1.073957 1.0749046 1.0812553
1.0855279 1.0698829 1.0371553 1.1083888 1.041602 1.0988674 1.0967517 1.0861579 1.0633694 1.0876853 1.0976865 1.0887418 1.0948412 1.095902 1.0742275 1.0947754
1.0998267 1.0830762 1.1214294 1.1175101 1.1034025 1.1053303 1.113027 1.0985794 1.0985878 1.0788637 1.1097316 1.0945573 1.1045494 1.0701293 1.0358082 1.0974019
1.0674168 1.1037586 1.123868 1.0975659 1.1049792 1.1063721 1.1031343 1.1087525 1.0871346 1.0614414 1.1034449 1.0983862 1.1126088 1.0337344 1.0895588 1.0842308
1.1072118 1.0744023 1.101696 1.1048468 1.1107255 1.0887529 1.0935827 1.1110768 1.0719196 1.0939754 1.0927097 1.1024 1.086456 1.0930566 1.0886827 1.096327
1.053934 1.1029575 1.0952333 1.1073933 1.0892696 1.0805563 1.096682 1.1040488 1.0907817 1.0947663 1.1093037 1.103572 1.1067958 1.1013889 1.0344245 1.0945181
1.067617 1.1014276 1.1003363 1.0970715 1.0968475 1.0979766 1.0367281 1.0360389 1.0936011 1.0416034 1.0927644 1.0834489 1.0764661 1.0297337 1.0773714 1.0775803
1.0699476 1.1154706 1.085176 1.0402707 1.0418848 1.0831032 1.03954 1.1054462 1.0737166 1.0836234 1.0937734 1.0986619 1.0928222 1.0753901 1.0271907 1.0948778
1.0787535 1.0921867 1.0384929 1.045455 1.0816334 1.1007679 1.0349272 1.1094655 1.0329138 1.0714928 1.0708541 1.079901 1.0765914 1.0699431 1.0387197 1.0384612
1.0952402 1.059879 1.0837103 1.0797687 1.0410484 1.0974114 1.0970194 1.0349693 1.0702512 1.0720311 1.0826852 1.074195 1.0868163 1.0714527 1.0385982 1.0349749
1.0650842 1.0652201 1.0934434 1.0957572 1.0922657 1.0378437 1.100437 1.095587 1.0782737 1.0987773 1.0899752 1.0868031 1.0293828 1.077272 1.0827789 1.0995969
1.0861163 1.0897638 1.1012682 1.101228 1.0904349 1.096039 1.0924922 1.0399812 1.0514973 1.0695629 1.0743933 1.0305321 1.0764459 1.0897833 1.0838947 1.0888555
1.0875111 1.0766746 1.1048726 1.0831388 1.1052417 1.036208 1.0913417 1.0378784 1.1013527 1.0920588 1.1048108 1.091989 1.1058885 1.0787953 1.09529 1.0903666
1.0773569 1.0949204 1.0978688 1.0880712 1.089406 1.0431418 1.1041216 1.0294068 1.0826015 1.0777569 1.1118404 1.1025989 1.0359383 1.1036098 1.0827757 1.0963726
1.0811157 1.0856799 1.1011589 1.0377972 1.0795467 1.0304261 1.1041487 1.0330515 1.0908782 1.0875944 1.0986476 1.0297886 1.0806736 1.102179 1.0910845 1.0337218
1.1123914 1.1050187 1.0414836 1.1101117 1.0378623 1.127629 1.0394391 1.0316007 1.0974987 1.0850139 1.0957847 1.0935735 1.0349891 1.1162226 1.0924009 1.1059122
1.0701545 1.1073291 1.0998228 1.125573 1.1064817 1.0885571 1.1213248 1.0382711 1.0935962 1.0823529 1.0913106 1.0749958 1.0387121 1.0395873 1.0930288 1.0392103
1.0995505 1.0677693 1.0998399 1.0254518 1.0950191 1.0957065 1.0983192 1.0960652 1.0716478 1.0708295 1.1008976 1.0859643 1.039363 1.0849907 1.0363787 1.1009455
1.1027101 1.0930042 1.0409279 1.0939715 1.0398009 1.0857991 1.1047711 1.0926136 1.087677 1.088265 1.0987406 1.0819967 1.0942446 1.0938673 1.0892141 1.0401189
1.098757 1.0747466 1.0980664 1.036953 1.10414 1.0918697 1.0973722 1.0918822 1.0593737 1.0794777 1.0850629 1.0769656 1.0900748 1.0890089 1.0827792 1.0792112
1.0726851 1.0669751 1.0391011 1.040327 1.1084359 1.0909683 1.088369 1.0683055 1.0774413 1.1089156 1.0903397 1.0841047 1.0853474 1.0894604 1.0658199 1.0826219
1.0726651 1.0775008 1.0396248 1.0364352 1.0976148 1.0797164 1.0307127 1.0276965 1.0860947 1.0752336 1.0899893 1.0996395 1.0739089 1.0884953 1.0307137 1.0931929
1.0826675 1.0617863 1.0396379 1.0245081 1.1055387 1.0277355 1.0315366 1.0253606 1.080882 1.0952742 1.0791874 1.0889046 1.0819874 1.0376598 1.0310401 1.0375485
1.1091247 1.1044943 1.0247883 1.0300058 1.0922207 1.0313578 1.0267158 1.0374064 1.1081964 1.1009915 1.1013699 1.1093032 1.101024 1.0326571 1.0306666 1.0343539
1.092665 1.0941321 1.0952455 1.0289067 1.0326844 1.0926942 1.0274793 1.0273294 1.0937331 1.0997747 1.0334057 1.0313995 1.1027038 1.0364678 1.0348665 1.0348884
1.1091788 1.0924933 1.1031345 1.095944 1.1018804 1.1086044 1.0996206 1.1036388 1.0504467 1.0640588 1.0392996 1.0363704 1.0735595 1.0336875 1.089617 1.0898877
1.066384 1.0787413 1.0890379 1.0895722 1.094811 1.0906278 1.086937 1.0988733 1.0782092 1.0829564 1.1007487 1.0867445 1.0878413 1.0851473 1.0909086 1.029084
1.0859677 1.071875 1.1096914 1.0873013 1.0944782 1.1020602 1.0741373 1.054817 1.0869287 1.0630203 1.0226977 1.0881037 1.0963323 1.0837181 1.0251566 1.0210276
1.0815499 1.0493635 1.1046722 1.0549358 1.087605 1.0693481 1.0545385 1.0329822 1.0693746 1.0704638 1.0823314 1.0936811 1.0784035 1.0816004 1.0249493 1.027178
1.0687093 1.085895 1.0782503 1.0257932 1.077142 1.0361766 1.0815067 1.0781355 1.0722767 1.076723 1.0752238 1.0847918 1.080162 1.0300266 1.0268687 1.0709822
1.0629779 1.1067098 1.0272303 1.0299339 1.0958102 1.0936612 1.0348957 1.0291853 1.0737512 1.0751605 1.0754566 1.027616 1.0267411 1.0288415 1.081039 1.0688821
1.0992013 1.0750985 1.0347359 1.0311576 1.0934784 1.0838861 1.032372 1.0360897 1.092835 1.0953413 1.0365713 1.0958108 1.0326124 1.034327 1.0759377 1.0967104
1.1024913 1.1116359 1.0991825 1.0307072 1.0935843 1.0959235 1.0342451 1.0323812 1.1146635 1.1158185 1.0358636 1.0368322 1.0322914 1.0402973 1.0993848 1.1047927
1.0761269 1.073383 1.0833238 1.089059 1.0854564 1.0964799 1.0831072 1.0789621 1.0622919 1.0759736 1.0976995 1.0918697 1.0806323 1.0876701 1.0928353 1.0900565
1.0959295 1.0619161 1.0844152 1.0878437 1.0787268 1.0749129 1.0764877 1.036097 1.0849302 1.0774553 1.1139542 1.1042804 1.1136367 1.0387808 1.1009779 1.0349772
1.0651524 1.0754175 1.0859245 1.0758753 1.0860721 1.0689251 1.0797592 1.0356334 1.0760807 1.0600704 1.1020678 1.0370271 1.0363439 1.0782063 1.0210736 1.0274638
1.081809 1.0623885 1.0832874 1.0289832 1.0715104 1.0365798 1.0399274 1.0238451 1.075277 1.081661 1.0430044 1.101483 1.100372 1.0868382 1.0284648 1.0234123
1.0569742 1.0529749 1.0420178 1.0736531 1.0359592 1.0603523 1.0349033 1.0242686 1.0861831 1.0814487 1.0917996 1.0820247 1.0915488 1.0741274 1.0323012 1.080118
1.0645378 1.0806276 1.0747365 1.0705229 1.0830404 1.0217454 1.0260721 1.0192734 1.071121 1.0489534 1.0916477 1.0747972 1.1060238 1.0338432 1.0829378 1.0803763
1.1016074 1.064706 1.085327 1.0796462 1.0277158 1.0301629 1.0772045 1.0294394 1.0873084 1.0917773 1.0888681 1.0449874 1.0972761 1.0402206 1.0942085 1.099817
1.0794488 1.069312 1.0850813 1.0812416 1.0839831 1.0317028 1.0827236 1.0366378 1.0529233 1.096385 1.0988562 1.0418242 1.083584 1.0429181 1.0956742 1.0977806
1.0665948 1.0463804 1.0874232 1.0863124 1.0801489 1.0739603 1.0827112 1.070111 1.0914453 1.0870345 1.1065837 1.1018921 1.0984017 1.0935152 1.0394225 1.0913467
1.0733585 1.064976 1.0809481 1.0869803 1.0934132 1.0959246 1.0841242 1.0807945 1.0943773 1.0745449 1.0999665 1.0887517 1.0958248 1.0999036 1.086186 1.0922313
1.0885717 1.0665275 1.0797411 1.0897205 1.0853966 1.0885459 1.0795732 1.0724641 1.0822003 1.0787315 1.0938901 1.0845493 1.0954862 1.0783402 1.0870992 1.0314878
1.074875 1.0846885 1.0934311 1.0747268 1.0917826 1.0344222 1.0882916 1.0843401 1.077687 1.0934129 1.1014134 1.0869219 1.0386345 1.0864885 1.0916209 1.0843949
1.0812325 1.0794419 1.1043295 1.0900553 1.0919323 1.0762227 1.0988635 1.0279547 1.077647 1.0630074 1.0923718 1.0942079 1.0855699 1.0804662 1.0838934 1.0832123
1.0625194 1.070228 1.0749599 1.0604167 1.0752491 1.0255866 1.0229076 1.0675617 1.0519694 1.0781494 1.0875347 1.0831987 1.0882095 1.0739866 1.0879312 1.0834454
1.057401 1.0615233 1.0614735 1.0712566 1.0713012 1.0679928 1.0768479 1.0643214 1.0790123 1.1011729 1.0968333 1.0991899 1.0830771 1.0956548 1.0981941 1.0980351
1.0680603 1.0915236 1.0809 1.0846717 1.0902195 1.0321417 1.0759553 1.0767232 1.0716664 1.0879359 1.1040428 1.0881926 1.1028093 1.0988144 1.0343018 1.103326
1.0872796 1.0717659 1.0865967 1.0866117 1.0865126 1.0828699 1.0828873 1.0831963 1.0573429 1.0765804 1.0829936 1.0474378 1.0956595 1.1004632 1.0962964 1.094267
1.086732 1.0783397 1.0779227 1.0949697 1.0888685 1.0997176 1.0990804 1.08769 1.101242 1.1090045 1.0956486 1.0900002 1.0848014 1.0968051 1.0898496 1.1018711
1.0828396 1.0923308 1.088713 1.0821035 1.0932821 1.0912445 1.0979179 1.0915093 1.0851786 1.0716314 1.0969602 1.086742 1.0998741 1.0993109 1.098587 1.0465226
1.0814415 1.0902882 1.0941375 1.0874721 1.0958658 1.0820504 1.0919737 1.0900543 1.0857093 1.1080873 1.0825074 1.089808 1.0840105 1.0446066 1.1045245 1.0971421
1.0838922 1.0964607 1.0884125 1.0755833 1.0819697 1.0827568 1.0816944 1.0806866 1.0826154 1.0820135 1.0901096 1.093379 1.1114459 1.0958965 1.0984026 1.115066
1.0752281 1.0677043 1.0811864 1.0737245 1.0771041 1.0774435 1.0784596 1.0731244 1.0990394 1.1010008 1.1078755 1.1035488 1.1249307 1.1135505 1.1065983 1.1017878
1.0847548 1.0869215 1.0789667 1.0857662 1.0817027 1.0772932 1.0882895 1.0899888 1.1052439 1.1168661 1.1077455 1.1150552 1.1165965 1.1066003 1.1103545 1.0976487
1.0770471 1.0677505 1.0898081 1.0848918 1.075528 1.0721233 1.0767304 1.074014 1.0841566 1.062987 1.0833118 1.034967 1.0933074 1.0893888 1.0875195 1.093748
1.0503145 1.0912879 1.0891548 1.0942787 1.0939437 1.0893997 1.0912315 1.0947767 1.0787936 1.0708869 1.1169437 1.0840594 1.1015518 1.0957203 1.0916686 1.0807705
1.0889853 1.0857126 1.0920181 1.0945733 1.1035469 1.0905132 1.1126872 1.1035446 1.0922313 1.0734229 1.0957174 1.0909556 1.0863225 1.0884109 1.1044642 1.0773203
1.0696943 1.1039547 1.0856742 1.0822191 1.0949677 1.1060177 1.0917953 1.097429 1.0926031 1.0646874 1.0996025 1.0442805 1.0816717 1.0718306 1.095864 1.0810426
1.0609379 1.0651201 1.0810148 1.0843546 1.0739843 1.0910625 1.077205 1.085383 1.1029923 1.0743234 1.0371325 1.0887277 1.0955073 1.0847572 1.1003145 1.0984136
1.0671618 1.076718 1.0630277 1.0721455 1.075531 1.084903 1.0748848 1.0849965 1.0941604 1.0953811 1.0976694 1.0989853 1.1074826 1.0949752 1.0833912 1.0753125
1.0582389 1.0665349 1.0835775 1.0792849 1.0820377 1.080384 1.0952686 1.0904218 1.0704058 1.0836436 1.121825 1.104378 1.1151942 1.0990912 1.1010697 1.0788248
1.0739087 1.0691376 1.0839726 1.0849745 1.0823617 1.0750386 1.0216403 1.0266403 1.0583441 1.1213228 1.1054921 1.108073 1.1055044 1.0867615 1.1268045 1.1229025
1.07357 1.090032 1.0993023 1.085698 1.0971847 1.0917888 1.0344088 1.0868931 1.0875062 1.0537473 1.1029669 1.0860783 1.0927545 1.1059351 1.1005385 1.0794461
1.0634227 1.082547 1.0870664 1.0932086 1.0789291 1.0938019 1.1081458 1.0811484 1.0757369 1.0566219 1.0923145 1.086068 1.0852168 1.0855744 1.0830742 1.0809642
1.0763206 1.0960207 1.1015761 1.0894452 1.1055713 1.0907798 1.0997578 1.0913985 1.0885226 1.0881462 1.0931226 1.0986717 1.0904063 1.0880436 1.1003788 1.0810578
1.0799043 1.1139514 1.1069639 1.1057941 1.0951725 1.1083131 1.103802 1.1173968 1.1078612 1.0884981 1.0989279 1.093941 1.0834836 1.0931809 1.095325 1.0862762
1.0782374 1.1125362 1.0960457 1.1094022 1.086617 1.1093442 1.1007384 1.1036934 1.0684888 1.0678382 1.0927869 1.1118302 1.095492 1.0922539 1.1001292 1.1012765
1.0687388 1.0657501 1.0908203 1.0892259 1.0824683 1.0883543 1.0780823 1.0813307 1.089468 1.0908972 1.1126429 1.084069 1.0990961 1.1021022 1.0711887 1.0854856
1.0885136 1.0794251 1.080738 1.0817839 1.0944599 1.0867697 1.0708083 1.0834013 1.0649456 1.1150284 1.0942596 1.1041431 1.1056472 1.0954008 1.1119324 1.1023551
1.0585465 1.0566307 1.0879949 1.0826867 1.0259533 1.084191 1.0875248 1.0909274 1.0905954 1.0642122 1.0911539 1.0967809 1.0913072 1.0909132 1.0797029 1.1005653
1.08631 1.0836111 1.0884134 1.1024213 1.0332091 1.0990478 1.0824552 1.089056 1.0726022 1.0880939 1.1053656 1.0832794 1.0755682 1.0778769 1.1007712 1.0801002
1.075993 1.0798048 1.1034484 1.0811627 1.1005979 1.0934234 1.0984336 1.0894924 1.0920867 1.0872777 1.0907377 1.0806803 1.0821825 1.0812112 1.0302116 1.0823814
1.0892161 1.0709002 1.1174223 1.0813507 1.1066269 1.088278 1.1071473 1.0956665 1.0839148 1.0628723 1.0736499 1.0898988 1.0750372 1.0922518 1.0815153 1.0821116
1.0658896 1.0786026 1.1135918 1.1100541 1.1141622 1.1049904 1.1039762 1.1042668 1.1167104 1.0880947 1.1094671 1.1036204 1.0915076 1.091176 1.0733848 1.0922538
1.0888796 1.1019953 1.0973725 1.1126518 1.0941814 1.0908386 1.0929515 1.0903456 1.0892113 1.0555092 1.0857306 1.0933006 1.0686874 1.0744406 1.0775747 1.0729456
1.0755293 1.0688853 1.096531 1.1071105 1.0932381 1.1005913 1.080002 1.0878156 1.1035771 1.1069832 1.0965155 1.1025906 1.0891323 1.0834079 1.0879831 1.082645
1.0773118 1.0885508 1.0920874 1.0915767 1.0804332 1.090858 1.0969484 1.0958143 1.0937711 1.0787193 1.1025559 1.0895057 1.0876052 1.0864733 1.0750169 1.0684235
1.0553705 1.0856583 1.0280906 1.0770752 1.0745864 1.0932895 1.0980283 1.0250267 1.0754974 1.0728887 1.09362 1.112423 1.0792596 1.0747358 1.038046 1.0931053
1.1047167 1.0856668 1.0844254 1.1069319 1.0854065 1.0834298 1.0942028 1.0756093 1.0901234 1.069835 1.1117511 1.0865071 1.0784088 1.1009609 1.110566 1.0837393
1.0983784 1.0991032 1.0987802 1.1082268 1.09821 1.1094521 1.1085323 1.1059129 1.0558536 1.0907918 1.1060733 1.1005408 1.0755383 1.0791122 1.1024417 1.0970004
1.0813352 1.0772507 1.1103164 1.09328 1.0928298 1.0898064 1.0988549 1.1009976 1.0511143 1.0807581 1.0899425 1.0961932 1.0810913 1.0760905 1.0925906 1.1048642
1.0801003 1.1172426 1.1164418 1.0969347 1.091917 1.1095084 1.1093868 1.1122177 1.0788141 1.0808922 1.0888513 1.0898035 1.0785012 1.0868499 1.0749818 1.0708352
1.1104913 1.075058 1.1045005 1.0976269 1.0983948 1.1101588 1.0982186 1.1089096 1.05923 1.1014149 1.0788231 1.083182 1.0623727 1.0659277 1.0835762 1.0913552
1.071413 1.0609074 1.0913931 1.1004423 1.0816472 1.0987083 1.0856303 1.0825016 1.0861543 1.0894766 1.0832599 1.0784727 1.0826145 1.090671 1.0644157 1.0857649
1.0917808 1.0463259 1.093744 1.0839368 1.0994433 1.0949179 1.0922219 1.0892256 1.1014196 1.077503 1.1014148 1.0838246 1.0864859 1.0986209 1.0619458 1.0744166
1.0956225 1.0969741 1.0935549 1.0997598 1.093491 1.105777 1.1081785 1.0298262 1.0954603 1.0734864 1.0877317 1.0876919 1.0954087 1.0913452 1.0807402 1.0705261
1.056921 1.072228 1.0940554 1.0885235 1.0928047 1.1224954 1.0967329 1.0931568 1.0880425 1.0772421 1.1112976 1.0955198 1.0833073 1.1017361 1.0928415 1.0935595
1.09575 1.0804145 1.0753887 1.0997629 1.0922698 1.08466 1.0821625 1.0910747 1.0807346 1.0808177 1.0808924 1.0998796 1.0934359 1.0903919 1.0952581 1.0433282
1.104432 1.1022992 1.102099 1.0937153 1.1110812 1.0901598 1.103 1.0911174 1.07868 1.0552397 1.0752772 1.0852845 1.0884355 1.0810988 1.075789 1.0860964
1.1224599 1.063104 1.1048076 1.1027039 1.098381 1.0947014 1.080445 1.0819368 1.0784842 1.0818107 1.0798869 1.0725007 1.0842972 1.0861181 1.07083 1.080854
1.0508536 1.0617492 1.0811216 1.088393 1.0841944 1.0870451 1.0819025 1.0387472 1.0645039 1.0650504 1.0684383 1.0808756 1.0619174 1.0629824 1.0674745 1.0591224
1.087594 1.0744312 1.0931642 1.1103959 1.0873829 1.0895536 1.0738217 1.0814203 1.0702279 1.0726709 1.0790217 1.0790379 1.0753275 1.0681937 1.022679 1.0554292
1.0919669 1.07418 1.0913442 1.0903563 1.0847173 1.0714025 1.0741721 1.0319803 1.0867527 1.0743695 1.0935565 1.079921 1.0869578 1.0815537 1.030887 1.0786365
1.0996742 1.0938368 1.0267678 1.1008896 1.0980306 1.0877612 1.0855814 1.0763313 1.0822153 1.0975767 1.0890619 1.0790517 1.0300695 1.0987469 1.0850431 1.0967573
1.0940229 1.0798122 1.0794216 1.0968813 1.0917034 1.0896139 1.0841053 1.0263684 1.0821828 1.088063 1.094103 1.1012233 1.0987337 1.0295227 1.0863347 1.0304797
1.1004765 1.0828093 1.0855628 1.0884545 1.0837498 1.0737458 1.0853792 1.0731597 1.1006895 1.0886511 1.1018492 1.0950763 1.0862247 1.0377368 1.0891536 1.0871118
1.0976223 1.0646025 1.090168 1.0907866 1.0726743 1.0903097 1.0851971 1.0752971 1.084176 1.0782633 1.1020977 1.0954455 1.0740606 1.0841622 1.0386796 1.0287328
1.084263 1.0989165 1.0987173 1.0912045 1.1014556 1.0812358 1.0921168 1.0855521 1.0807682 1.0894984 1.0974755 1.0260787 1.0921081 1.09616 1.089319 1.0289844
1.0752788 1.0822564 1.0916586 1.092895 1.0966309 1.0799472 1.0857203 1.0858772 1.076627 1.0602393 1.0274645 1.0845616 1.0864826 1.0741891 1.0253526 1.0649539
1.0667287 1.053874 1.0790265 1.0827391 1.0820179 1.0738946 1.0949816 1.0334513 1.0466305 1.0752789 1.0705737 1.0779977 1.0666714 1.0716735 1.0260688 1.0692283
1.0706675 1.0728592 1.0735375 1.0800745 1.0802554 1.0680996 1.0295702 1.0740641 1.0779158 1.0611206 1.0700109 1.0613165 1.0707766 1.06736 1.071109 1.0606958
1.0838283 1.0907946 1.0838814 1.0309834 1.0866171 1.0819795 1.0859158 1.079132 1.0899107 1.0795058 1.0836612 1.0823629 1.0781466 1.0788699 1.0765965 1.0850154
1.0818272 1.0463428 1.0871859 1.0749726 1.0806644 1.0785071 1.0748408 1.0810016 1.1063162 1.0953802 1.0871484 1.0932329 1.0825039 1.0304934 1.0278609 1.0801758
1.072982 1.1065006 1.0961285 1.0840502 1.084288 1.1005658 1.0889604 1.0951173 1.0994222 1.0910602 1.1028758 1.1025183 1.0996755 1.0957556 1.0929776 1.0971354
1.0772365 1.0846833 1.0944124 1.0919363 1.0934952 1.0856506 1.0864447 1.0950737 1.1013467 1.0760363 1.1136909 1.1059396 1.1066575 1.0871972 1.0937641 1.0936495
1.1003155 1.0646251 1.091528 1.081647 1.0939354 1.0817132 1.0837208 1.0801532 1.0665582 1.0726274 1.101825 1.0776311 1.0355604 1.0918828 1.0933272 1.0355275
1.070546 1.0688951 1.0890001 1.0950536 1.0842849 1.0760964 1.0753602 1.0732839 1.0989109 1.0809851 1.0908318 1.0895257 1.1012077 1.1019464 1.1067972 1.0991558
1.0850648 1.0664132 1.097242 1.0734979 1.0772519 1.0730857 1.0748314 1.0740149 1.0808709 1.0798954 1.0982944 1.0822766 1.0852588 1.1047194 1.0961902 1.0928483
1.0648198 1.0823231 1.0738806 1.0709116 1.068956 1.0669585 1.0682348 1.0693744 1.0532912 1.076932 1.0747554 1.0702484 1.075923 1.0878801 1.080461 1.0794166
1.0652596 1.0463406 1.071005 1.0795662 1.0773379 1.0823345 1.0796303 1.0635369 1.0749822 1.091775 1.0761551 1.0892959 1.0869247 1.102381 1.1052395 1.0913562
1.0821233 1.0790524 1.0914608 1.0831391 1.0786675 1.0851774 1.0931649 1.0873288 1.0785799 1.0716863 1.0971197 1.0994813 1.09217 1.0909395 1.0992954 1.0785801
1.0753642 1.0836296 1.0825278 1.092734 1.0986228 1.0824099 1.1058968 1.0923407 1.0760691 1.0618621 1.0905799 1.0974959 1.0839319 1.0826371 1.0671164 1.0736884
1.0632708 1.0776883 1.094401 1.093593 1.0993278 1.0808622 1.0859174 1.0890905 1.1045079 1.0751884 1.0921675 1.1038904 1.0974104 1.0916414 1.109597 1.0969495
1.0549334 1.07746 1.0694926 1.0756437 1.0659249 1.0787041 1.072381 1.0768443 1.1028528 1.0885551 1.100827 1.0945487 1.1124201 1.1029276 1.094318 1.0942345
1.0596495 1.077048 1.0780286 1.0712073 1.0919936 1.0840418 1.0705714 1.0779152 1.0850842 1.1147631 1.0866228 1.102882 1.1070877 1.1060401 1.1019052 1.1011536
1.0870854 1.043101 1.0652207 1.0753368 1.0729896 1.0792344 1.0808604 1.0778557 1.0934153 1.0802641 1.1158568 1.1200861 1.0999974 1.1058881 1.0871295 1.0888723
1.0752331 1.0983499 1.0785295 1.0866083 1.0814596 1.0743748 1.0874933 1.0853038 1.0845854 1.072074 1.1129707 1.0997077 1.1135106 1.1030197 1.1086502 1.093685
1.0652173 1.0845587 1.0849407 1.0924467 1.0819298 1.0876348 1.0829536 1.0814503 1.0983915 1.1130445 1.1064821 1.113322 1.1004499 1.0953106 1.0983096 1.0914755
1.0746971 1.0600859 1.0799485 1.0968218 1.0908679 1.0855013 1.0902594 1.0847762 1.0538963 1.085138 1.045688 1.0997636 1.0911877 1.0924431 1.091301 1.0792445
1.087335 1.0832423 1.0856546 1.1089987 1.1004488 1.0962521 1.1075128 1.1074888 1.077429 1.0897849 1.1045414 1.089705 1.0813011 1.0788261 1.0829276 1.0882947
1.0879211 1.0861868 1.1099507 1.1144205 1.0897771 1.1029648 1.1118972 1.1144845 1.0953836 1.0612023 1.0950514 1.0829988 1.1014458 1.073748 1.0849289 1.0722041
1.0934544 1.0828433 1.1053303 1.1003562 1.1044847 1.1125832 1.0925173 1.1085322 1.0724244 1.0699487 1.0403633 1.0987933 1.0954247 1.0837446 1.0984253 1.0916928
1.0987647 1.0898166 1.0920011 1.0818365 1.0954663 1.0913552 1.0771146 1.0858289 1.0951611 1.0793842 1.0912338 1.1079123 1.1241052 1.073621 1.080093 1.0772783
1.077969 1.0882684 1.0933915 1.091949 1.1095294 1.0925347 1.0991893 1.0915334 1.0986797 1.0879378 1.1166402 1.1183475 1.0985929 1.1040046 1.083734 1.099681
1.0854343 1.0906003 1.078765 1.0810531 1.0814737 1.0944974 1.0320381 1.0298071 1.0579782 1.0489315 1.0978779 1.1066097 1.1016889 1.0815601 1.0919751 1.083736
1.0770321 1.0538459 1.0876108 1.0765533 1.0795953 1.0882219 1.030342 1.0727352 1.1067741 1.0840125 1.0938566 1.1093758 1.1143186 1.1062304 1.0986543 1.1085048
1.0752798 1.0629023 1.0796304 1.0745472 1.0919147 1.0912135 1.0320685 1.0789592 1.0683855 1.0424638 1.089221 1.0911361 1.1050119 1.0748664 1.0785737 1.0634235
1.0917841 1.0896332 1.0985183 1.1051204 1.0980409 1.1016332 1.1028228 1.1011469 1.0839752 1.1079452 1.1045846 1.096238 1.0832555 1.0870159 1.0740964 1.087207
1.1104981 1.0870245 1.117022 1.1175247 1.1028172 1.1082159 1.1050966 1.1057665 1.089882 1.0806551 1.095536 1.0978103 1.0963309 1.0625349 1.0679052 1.0742658
1.0850968 1.1017449 1.1209579 1.1024969 1.1055048 1.113194 1.0983294 1.1057274 1.0930771 1.0607623 1.0932121 1.0981369 1.1074975 1.079372 1.0790431 1.0782504
1.1027229 1.0629593 1.1073325 1.0945491 1.1166989 1.102792 1.0917861 1.0854619 1.075433 1.0610137 1.0949935 1.0816284 1.0849649 1.0745765 1.0745343 1.08554
1.0765376 1.1047498 1.0926881 1.0981728 1.1000237 1.0807326 1.085437 1.0954378 1.0945742 1.078516 1.0988363 1.1162207 1.0898309 1.0782977 1.0771307 1.0740315
1.057782 1.104962 1.0957723 1.0306247 1.093373 1.087329 1.0771456 1.0896368 1.0801507 1.0530769 1.0811735 1.0694563 1.08273 1.0789033 1.0778186 1.0798938
1.075215 1.110807 1.031438 1.0827782 1.1123621 1.083127 1.0952321 1.1016332 1.0976789 1.0739777 1.1085398 1.0978813 1.1036764 1.0782608 1.0305558 1.0883002
1.074484 1.0896882 1.100461 1.0907226 1.0832083 1.080423 1.0870721 1.1007706 1.0509082 1.0914905 1.0782771 1.0688254 1.0854033 1.0781819 1.031334 1.0761408
1.0928934 1.0756686 1.0787864 1.095989 1.0921978 1.0930047 1.0980971 1.1046433 1.0855576 1.0621738 1.0894774 1.0846494 1.0898633 1.0653758 1.0777406 1.064172
1.0791069 1.0733901 1.115983 1.1148418 1.0892768 1.0967455 1.1059456 1.1024469 1.0781718 1.0666857 1.0916578 1.0782187 1.0794837 1.0767128 1.0770385 1.0755847
1.0969372 1.0657583 1.1084744 1.0908529 1.0816236 1.0960771 1.0970255 1.0846976 1.0510571 1.0731443 1.0827807 1.0732965 1.0626699 1.0728098 1.0720309 1.0716469
1.0811874 1.0722549 1.1049765 1.0737076 1.0933024 1.0945132 1.0880373 1.0881497 1.0887917 1.0654967 1.0869772 1.0803088 1.0904015 1.064263 1.0766112 1.0727224
1.0679448 1.0824019 1.086454 1.082167 1.1114211 1.0995047 1.0934274 1.0877717 1.0780678 1.1002587 1.1096903 1.0874511 1.0905865 1.092689 1.0762079 1.0977285
1.0715451 1.0721473 1.0992796 1.0791253 1.0921838 1.0986078 1.077475 1.0259852 1.0992316 1.0660613 1.1026316 1.0914963 1.0801967 1.0866281 1.0745114 1.0810306
1.0943365 1.1090808 1.1010381 1.1001703 1.1154915 1.1063623 1.032299 1.1000385 1.0879278 1.0805385 1.092614 1.085631 1.0359519 1.0857872 1.0891032 1.0760397
1.0649773 1.1016151 1.0870738 1.1090727 1.0913819 1.0753435 1.100479 1.0861235 1.0769812 1.0743737 1.0911006 1.0837128 1.034709 1.0715598 1.1034803 1.0945969
1.1067153 1.0844237 1.0840719 1.1020787 1.086161 1.0937532 1.1050843 1.1022995 1.049803 1.0586568 1.091004 1.0703734 1.0843872 1.0925435 1.088142 1.086806
1.0779331 1.0910565 1.0944933 1.1056397 1.0893769 1.0963182 1.0984854 1.0959159 1.0694922 1.0999615 1.0926565 1.0754514 1.0829191 1.0904778 1.0871763 1.0927547
1.0924916 1.0839589 1.1040012 1.090015 1.0917453 1.087955 1.0904063 1.0822959 1.060427 1.0842427 1.0934465 1.0816354 1.0743926 1.0762649 1.0712485 1.0846043
1.0660852 1.0764759 1.0793167 1.0760064 1.104427 1.0886141 1.0694413 1.0740125 1.0556468 1.0931735 1.077811 1.0605996 1.0759084 1.0726728 1.060766 1.0668037
1.0716903 1.054783 1.0920525 1.0736468 1.0949762 1.0835925 1.0844966 1.0776291 1.1078362 1.0745119 1.0864451 1.0882134 1.0727788 1.0764885 1.0266824 1.0770628
1.0979224 1.0717711 1.0837058 1.0256046 1.0999199 1.0941093 1.0974419 1.0245609 1.0613098 1.0789096 1.0851911 1.0885824 1.0708915 1.0302356 1.027299 1.0928401
1.088395 1.0880795 1.0252244 1.0762141 1.1023402 1.0895301 1.0193968 1.0926945 1.0878998 1.063541 1.1001014 1.08831 1.102434 1.0296028 1.0889635 1.0964445
1.1056038 1.0985053 1.087004 1.0786589 1.1077613 1.1049362 1.0885601 1.0880349 1.1005816 1.0903578 1.1122024 1.1009898 1.1170187 1.0963833 1.0966402 1.0338401
1.1025562 1.096537 1.0821475 1.1029338 1.0898725 1.103154 1.0976956 1.0935155 1.0407357 1.0659659 1.099553 1.0700756 1.0818375 1.0914865 1.0911592 1.0364155
1.0958732 1.0741692 1.1021907 1.0952481 1.0958123 1.0944827 1.0884681 1.0878586 1.077593 1.0692853 1.0937474 1.081883 1.0875788 1.0812248 1.0983508 1.0282863
1.0968882 1.0661227 1.0933903 1.072296 1.0908656 1.0887579 1.0721613 1.0323133 1.0873675 1.0697136 1.0188656 1.0745214 1.0951706 1.072655 1.0163766 1.0170792
1.0822917 1.0591327 1.086845 1.0650576 1.0811852 1.031216 1.0659357 1.0608125 1.0703723 1.0625823 1.0752699 1.0768692 1.070054 1.0776554 1.027157 1.0595546
1.0391723 1.070137 1.0729 1.0696028 1.0821744 1.0638258 1.0791023 1.0293572 1.0681423 1.0583329 1.0756475 1.0711285 1.0747229 1.0281818 1.0620347 1.0668608
1.0773472 1.0851746 1.0836375 1.0236347 1.0774114 1.0342453 1.0803319 1.0829551 1.080331 1.0702635 1.0789452 1.0784345 1.0243298 1.0225382 1.0820012 1.0670356
1.0641383 1.0558171 1.0283941 1.092095 1.0879177 1.0860955 1.0786637 1.0308343 1.0715908 1.0798302 1.0765146 1.0709765 1.0239965 1.0753335 1.0693465 1.092032
1.10552 1.0924563 1.0942447 1.0780563 1.0895754 1.0913095 1.0837178 1.0268145 1.1027985 1.1009866 1.101758 1.0975149 1.0875962 1.0920827 1.033177 1.1009619
1.0749592 1.0737736 1.0860881 1.0902536 1.0714217 1.0911293 1.0737767 1.0809952 1.0732483 1.0799693 1.0859736 1.1029248 1.0868458 1.0769062 1.0792501 1.04093
1.0906106 1.0512382 1.0872165 1.0854234 1.084113 1.0888586 1.0809263 1.0750118 1.0969238 1.0798281 1.1087493 1.1089785 1.1028385 1.0855976 1.0945451 1.0294031
1.0652993 1.0848106 1.0894126 1.0805968 1.0846239 1.034161 1.079582 1.075149 1.0752422 1.0725809 1.105428 1.0914911 1.092523 1.0666088 1.0186827 1.0203298
1.0655391 1.0792599 1.0992359 1.0742328 1.0333495 1.0704358 1.102238 1.0316226 1.0642078 1.046082 1.0922048 1.0874724 1.0910361 1.0626997 1.0326638 1.0655752
1.0731055 1.0556576 1.0866696 1.0715632 1.0651556 1.0290889 1.0834084 1.0706605 1.0768012 1.0791099 1.0866101 1.072701 1.0883479 1.0707016 1.0683599 1.0749468
1.0743718 1.04148 1.065176 1.0588379 1.029535 1.0651352 1.0353875 1.0565999 1.0646026 1.0402625 1.0899174 1.0782781 1.0931108 1.0628546 1.0731922 1.0652237
1.0854352 1.0792633 1.0899782 1.0802234 1.0775139 1.0308264 1.0764152 1.0838608 1.0853938 1.0854393 1.0757099 1.0926075 1.0934689 1.0909902 1.079866 1.1054927
1.0663111 1.0585817 1.0878696 1.077127 1.081998 1.030917 1.0988451 1.074402 1.074191 1.082181 1.1146885 1.0982722 1.042053 1.0366687 1.0359169 1.0838279
1.0677084 1.0548747 1.0768874 1.0808742 1.0877942 1.0713068 1.076728 1.066632 1.0766448 1.0904328 1.1064562 1.1059438 1.0964944 1.0812973 1.0352753 1.0840161
1.0832992 1.0636733 1.078722 1.0940287 1.0986233 1.1002408 1.0801929 1.0783429 1.0695236 1.0758163 1.0907251 1.095139 1.0839937 1.0996076 1.0988033 1.087226
1.0895324 1.0706662 1.0819722 1.0826495 1.0894135 1.0752807 1.0767599 1.0718983 1.0843749 1.0885975 1.0936749 1.0938488 1.0882887 1.0781516 1.0750223 1.0702447
1.1032315 1.0879003 1.0848228 1.0851036 1.0876887 1.0819143 1.0891246 1.0792272 1.0920477 1.0923668 1.1012176 1.1050887 1.0825859 1.0869868 1.0859915 1.0820534
1.0988748 1.0776273 1.1043755 1.082326 1.1026595 1.0708551 1.0865148 1.0262771 1.0804749 1.0715365 1.0861226 1.0894488 1.0833397 1.0785416 1.0882757 1.0628997
1.0660648 1.0679573 1.0762928 1.0664383 1.079553 1.0626984 1.0277437 1.0624002 1.0595732 1.0700052 1.0837667 1.0908003 1.0640227 1.0780822 1.0901976 1.0738151
1.0607032 1.0740701 1.0591156 1.0678091 1.0689362 1.0699749 1.0623306 1.0633302 1.0802885 1.0862378 1.0958707 1.1024795 1.0880117 1.09152 1.0898259 1.0876117
1.0613471 1.0818633 1.0825896 1.0750418 1.0746797 1.0691969 1.0763236 1.0564723 1.0795424 1.0880629 1.0934023 1.0948641 1.0894941 1.0841006 1.0305535 1.0812783
1.0877376 1.0711001 1.0869628 1.089034 1.0895458 1.0886303 1.0888517 1.086407 1.0686703 1.0784576 1.1010052 1.0470825 1.0910897 1.094225 1.0952177 1.0797483
1.0782882 1.0902613 1.0786209 1.1027904 1.1012588 1.0951903 1.1020021 1.1012863 1.1003842 1.0849651 1.0982049 1.0977875 1.1106787 1.0930843 1.1020746 1.0880188
1.0759796 1.0954841 1.0956391 1.0896056 1.1007062 1.0899132 1.0962965 1.094782 1.087604 1.0939189 1.0989085 1.082655 1.1038624 1.0933584 1.1066259 1.0833994
1.072517 1.0696276 1.0876528 1.0884231 1.0881563 1.0853902 1.0810889 1.0855771 1.0913222 1.1091555 1.0887675 1.0993567 1.0985006 1.0890179 1.109843 1.0954376
1.0795357 1.0730451 1.0996174 1.0820161 1.0826081 1.0872376 1.0785556 1.0845404 1.0927368 1.0769203 1.0916413 1.084898 1.1205316 1.1067064 1.1127946 1.1045011
1.0572563 1.0732639 1.0837791 1.0696414 1.0830879 1.0798683 1.0824544 1.0803812 1.1059736 1.1016841 1.1048894 1.1162173 1.1160561 1.1140476 1.1016892 1.1061248
1.0878125 1.0776882 1.0765219 1.08674 1.0858425 1.0812304 1.0776305 1.0766711 1.113765 1.1159192 1.1066118 1.0949991 1.1202356 1.1087068 1.1167636 1.1101909
1.0675144 1.0816188 1.0805696 1.0778804 1.0646176 1.0740072 1.0765489 1.0777526 1.0853645 1.0688121 1.0827857 1.0348243 1.1087079 1.0813733 1.1096066 1.0922796
1.0589354 1.0706471 1.0898725 1.0911359 1.0908371 1.0937248 1.0802248 1.0944483 1.0792841 1.0671593 1.1059153 1.0811969 1.1018488 1.0990666 1.0973995 1.078509
1.1042228 1.0963296 1.1100466 1.1001983 1.1219198 1.0996794 1.1086384 1.1086082 1.0921397 1.0694062 1.0907457 1.0908636 1.0816424 1.0905089 1.0855387 1.0919394
1.0823063 1.0704676 1.0816422 1.0994501 1.1000923 1.0991669 1.0977943 1.1004841 1.0835531 1.0643238 1.0946462 1.0938026 1.0872173 1.079202 1.0892617 1.0770673
1.0830716 1.0875595 1.0906639 1.0951436 1.0841087 1.1037866 1.0859025 1.0791793 1.0747491 1.0947267 1.0904002 1.0983007 1.0977702 1.0904561 1.095466 1.092688
1.055214 1.0753716 1.070256 1.0783336 1.0707215 1.091328 1.0249609 1.0813298 1.0937437 1.0871001 1.0808768 1.0897352 1.089477 1.0893518 1.0779873 1.0702392
1.0705967 1.0777317 1.0737892 1.0783253 1.0865883 1.0346282 1.083996 1.0909975 1.109123 1.1007953 1.1216952 1.1023659 1.1072757 1.1057003 1.1060567 1.0985641
1.0707318 1.0427992 1.0832818 1.0885859 1.0854243 1.0789065 1.0763918 1.0603611 1.0961665 1.0929695 1.115658 1.1184597 1.1080477 1.1106219 1.1139587 1.1098579
1.0968442 1.0808649 1.0974165 1.0958679 1.0950136 1.0873289 1.0804378 1.0861244 1.1152695 1.0836875 1.1292379 1.0887072 1.1037371 1.1116966 1.1057966 1.0904391
1.0562556 1.0892619 1.0903189 1.1044706 1.0801102 1.0967726 1.095835 1.091633 1.0647554 1.0774121 1.0984256 1.0883992 1.0946194 1.0744556 1.0714198 1.0812993
1.104966 1.0882272 1.11702 1.102381 1.099317 1.0893992 1.0912533 1.0850698 1.0732281 1.0858715 1.0889161 1.0940338 1.093849 1.0741907 1.0864578 1.0925285
1.0744748 1.109556 1.1082484 1.1050586 1.1022328 1.1188179 1.1144372 1.1215341 1.1127807 1.0791854 1.0861425 1.0993489 1.0821425 1.0965192 1.0828259 1.0861267
1.0920442 1.0906856 1.1016566 1.1088959 1.0933219 1.1005087 1.0812085 1.098868 1.0762703 1.0727974 1.0883697 1.0965619 1.0881199 1.078708 1.0897202 1.0849228
1.0712676 1.0692875 1.0905557 1.108743 1.0219473 1.0864484 1.06447 1.0863607 1.0856667 1.0812056 1.096658 1.0910814 1.0885506 1.0847354 1.0777235 1.0734727
1.0853658 1.057006 1.0877682 1.0292356 1.0827907 1.0858 1.065662 1.0808306 1.0628191 1.1038171 1.1044239 1.1142577 1.095161 1.0884508 1.1038643 1.0959548
1.0555302 1.0661235 1.0766679 1.0798357 1.0739529 1.0766089 1.0868639 1.0824944 1.0998474 1.0620117 1.1063267 1.1033398 1.1003038 1.1034085 1.0784035 1.0887958
1.0868334 1.0620314 1.0815592 1.0968608 1.0767589 1.0992118 1.073386 1.077303 1.0677398 1.080623 1.1030203 1.1016692 1.086337 1.0897793 1.0999961 1.0778373
1.0880128 1.0916437 1.1000966 1.0972108 1.0972599 1.1116703 1.1018124 1.0959231 1.0779841 1.0534098 1.0972514 1.0741479 1.0822212 1.0774554 1.0771989 1.0857813
1.0673409 1.0917794 1.1129234 1.0891191 1.1122295 1.1072077 1.1096047 1.106273 1.0660563 1.0815457 1.0751075 1.1069044 1.0675764 1.0783912 1.0834342 1.0808138
1.07688 1.0786119 1.1003973 1.1060698 1.1074313 1.0921409 1.1058226 1.1003027 1.1099217 1.0910611 1.111713 1.1069946 1.0942805 1.0877558 1.1027317 1.0932112
1.1067758 1.0865108 1.0934955 1.1033018 1.0909095 1.0900743 1.0920217 1.093314 1.0875188 1.090739 1.0829128 1.0873017 1.074789 1.0703462 1.0716779 1.0630809
1.0847529 1.0841113 1.0996816 1.101968 1.0948427 1.1032034 1.0917183 1.0929288 1.0903147 1.0979102 1.0850952 1.0971587 1.0849994 1.0810381 1.0891919 1.0711666
1.0646663 1.0729574 1.095566 1.0928366 1.0789804 1.0983006 1.0964762 1.0845925 1.0853479 1.0801136 1.0985255 1.1018083 1.102308 1.0803425 1.0877166 1.080945
1.0671744 1.064257 1.0712888 1.0780967 1.0814068 1.1018727 1.0877856 1.0812483 1.0692223 1.0789429 1.1089232 1.1096191 1.0940611 1.0901778 1.0805507 1.0978458
1.0872734 1.0527937 1.0706493 1.0844747 1.0716225 1.091871 1.0676465 1.0713015 1.0987003 1.0515519 1.0971258 1.0865593 1.08001 1.1042228 1.0982782 1.0799809
1.0985023 1.1201668 1.105668 1.1182698 1.098331 1.0998744 1.1059064 1.1192589 1.0569791 1.0757776 1.090716 1.0971756 1.0882348 1.0708423 1.0908921 1.0824363
1.0968069 1.0891094 1.115455 1.1050266 1.1028881 1.0940964 1.1025715 1.1071513 1.0517188 1.0746222 1.0813622 1.1026255 1.0862985 1.0774326 1.0876864 1.0797514
1.0747019 1.0805898 1.1067498 1.0867994 1.0906532 1.1125226 1.10683 1.1119168 1.0816047 1.0622749 1.0877243 1.0810176 1.0788965 1.0752122 1.0699011 1.079462
1.1077877 1.0821252 1.1028687 1.1130136 1.0801954 1.104654 1.0884175 1.0927278 1.069572 1.0873877 1.0773178 1.0862504 1.0682237 1.0680777 1.0802399 1.0785958
1.0865194 1.0821292 1.098773 1.0820655 1.0878263 1.0990313 1.0650687 1.0779994 1.0766021 1.0877781 1.0791144 1.0785228 1.0764569 1.0842893 1.0681226 1.0674709
1.0961778 1.0458031 1.0930244 1.1040907 1.09887 1.0932881 1.0848948 1.0859162 1.0833632 1.0764109 1.087984 1.0792055 1.0886807 1.082172 1.0613117 1.0605271
1.0795093 1.078533 1.0817827 1.1058104 1.0918133 1.086963 1.0973188 1.0783339 1.0884447 1.0618901 1.0986297 1.0769039 1.0840406 1.0738438 1.0679815 1.0697535
1.0685585 1.1139604 1.0859156 1.1018596 1.0822761 1.1125532 1.1128073 1.1109642 1.086529 1.0926901 1.102628 1.0936042 1.0938431 1.0932872 1.08722 1.0866984
1.0737197 1.0686145 1.0761368 1.0872442 1.0822988 1.0882779 1.0737265 1.0876145 1.0738044 1.0866463 1.0764395 1.0904787 1.096289 1.0951277 1.0801464 1.0822283
1.1045984 1.0766459 1.1041317 1.0922414 1.1050402 1.0892665 1.0926403 1.0895269 1.0853218 1.0608462 1.0709617 1.0917526 1.0309459 1.0792538 1.0833505 1.0878419
1.0880094 1.0712705 1.1036972 1.1055868 1.0976102 1.0935947 1.0900693 1.0916157 1.0701685 1.0796559 1.0827886 1.0743873 1.0852681 1.0888834 1.0221975 1.0799624
1.0528831 1.0787294 1.0926707 1.0905473 1.0899514 1.1015292 1.0867702 1.0912218 1.0724806 1.0692804 1.0704814 1.0745829 1.0683573 1.0630374 1.0660247 1.059012
1.0699917 1.0929037 1.080488 1.0954533 1.0707998 1.0927217 1.0773189 1.0864918 1.0884769 1.078873 1.075604 1.0597258 1.0307553 1.0670815 1.0564338 1.0611151
1.0803733 1.0715597 1.080293 1.0831347 1.0847389 1.0771027 1.0696157 1.0692273 1.0794634 1.0772592 1.0775384 1.069646 1.077755 1.0798867 1.060115 1.0670651
1.0903882 1.1193833 1.074122 1.083017 1.0950617 1.0762371 1.0803046 1.0815313 1.07506 1.0841181 1.0767484 1.0788332 1.080633 1.0881994 1.0785514 1.0894539
1.0961232 1.0736399 1.082982 1.0860286 1.0838308 1.0897421 1.0715692 1.0822449 1.0821688 1.0850197 1.0916926 1.0834286 1.0242288 1.0768067 1.095506 1.0942227
1.089968 1.0750216 1.0790617 1.0848087 1.0767642 1.073705 1.0707328 1.0799657 1.077432 1.0891783 1.098463 1.0978518 1.0816212 1.082611 1.0839059 1.0790119
1.0990589 1.064869 1.0927954 1.087811 1.0728072 1.0864813 1.0730064 1.0981717 1.085306 1.0595284 1.0904504 1.0948092 1.0795343 1.0853732 1.0809274 1.0275869
1.1048943 1.0837828 1.0870501 1.1007118 1.089981 1.0898114 1.093913 1.0727048 1.0671648 1.1003275 1.0855548 1.0910274 1.0924095 1.0898383 1.0870596 1.0814403
1.1009854 1.1089861 1.0852568 1.094674 1.0985564 1.0835481 1.0969279 1.0923461 1.0676531 1.0613188 1.0736632 1.0694597 1.071879 1.0688585 1.0212853 1.0697271
1.0734 1.0694541 1.0848616 1.0944117 1.0913041 1.0757296 1.0994788 1.0421029 1.0714045 1.0823951 1.0736426 1.064082 1.0654827 1.0673571 1.0664048 1.0673068
1.065749 1.0780016 1.0719472 1.0739416 1.0814878 1.0620768 1.0371345 1.073293 1.0721967 1.0555943 1.068112 1.0694934 1.0655848 1.0692086 1.0660722 1.0611428
1.0864551 1.0728453 1.0720036 1.0630498 1.0717888 1.0692317 1.0705101 1.0619643 1.077041 1.0806553 1.0751504 1.0757369 1.0757325 1.0845966 1.0736666 1.0756568
1.0809433 1.0606521 1.0732961 1.0754254 1.0819861 1.0706757 1.0782965 1.0659055 1.1038307 1.0898758 1.0755781 1.0792384 1.0809476 1.0811213 1.0789897 1.0678494
1.0735145 1.1205635 1.0813088 1.0784435 1.0816869 1.1073086 1.1004614 1.0995905 1.0861636 1.098773 1.0871037 1.0904242 1.0861282 1.0928547 1.102224 1.0966659
1.0727295 1.0879645 1.081663 1.0742233 1.0844579 1.0730339 1.0799112 1.0841893 1.1013464 1.0762299 1.0972542 1.103317 1.1021732 1.08992 1.1093246 1.1032187
1.0968127 1.0776821 1.0910606 1.079816 1.0932049 1.0875697 1.0760816 1.074802 1.064821 1.0773666 1.1049663 1.0912461 1.105378 1.1243271 1.1095266 1.0999128
1.092862 1.0915822 1.0919697 1.0802312 1.0819039 1.0751934 1.0736911 1.0640522 1.0842124 1.0779796 1.0858948 1.0836136 1.0879558 1.1085452 1.1049895 1.0930197
1.0834588 1.0630735 1.0866922 1.086894 1.073495 1.0710641 1.0759351 1.0723453 1.0727078 1.0906254 1.0918571 1.0867493 1.0852689 1.1133628 1.1082665 1.1043633
1.0443358 1.0792406 1.0761455 1.0659621 1.0686792 1.0649804 1.0596901 1.0607558 1.0612216 1.0739237 1.0820669 1.0846123 1.0842807 1.0974637 1.0798821 1.0966243
1.0690892 1.0521299 1.0742874 1.06872 1.0716693 1.0646133 1.0718949 1.0628039 1.0525559 1.0818126 1.0769768 1.076016 1.0774485 1.0944074 1.1038984 1.1101345
1.0990238 1.0608703 1.0924711 1.0963404 1.0890584 1.0771074 1.0815333 1.0676503 1.0947406 1.0681821 1.0928606 1.0896077 1.0859058 1.1038896 1.104327 1.0927564
1.0610123 1.0758283 1.0984715 1.0979873 1.1022848 1.0948544 1.1075563 1.1056548 1.0958241 1.0621614 1.106342 1.1049556 1.1173867 1.0954581 1.076306 1.0802495
1.0736024 1.0868391 1.0905559 1.1002976 1.0868483 1.0830177 1.0896152 1.0849994 1.0755016 1.0715742 1.108157 1.1061792 1.1079904 1.1013918 1.1068016 1.0949789
1.0659173 1.0768391 1.0818797 1.0738677 1.0798342 1.0874087 1.0716723 1.080947 1.0964687 1.0821123 1.1075032 1.111852 1.1180302 1.1000354 1.089008 1.0955901
1.0617484 1.0699948 1.0756348 1.0827706 1.0902001 1.0948638 1.0819185 1.0852275 1.09501 1.1178433 1.0854498 1.1030971 1.0962582 1.1034467 1.0958784 1.0948565
1.0775859 1.056711 1.0703666 1.0744636 1.0778441 1.0816543 1.0775673 1.0796317 1.0964277 1.0781418 1.1063733 1.124815 1.1051747 1.0978467 1.0893402 1.0941243
1.0729938 1.1026781 1.0672315 1.0850021 1.0857981 1.086695 1.0818404 1.0778079 1.0947955 1.1017187 1.1127806 1.1059415 1.0905057 1.0916848 1.1036583 1.0998425
1.0804341 1.0881813 1.0791215 1.0800142 1.0859356 1.0842384 1.0694752 1.0787333 1.1065385 1.1074822 1.0976211 1.0983014 1.1163042 1.0971161 1.107737 1.0947268
1.0821943 1.0862998 1.0881107 1.0824436 1.0916615 1.0916092 1.080309 1.0791981 1.0497302 1.0728022 1.0415709 1.0985671 1.0996897 1.0838298 1.1015575 1.08573
1.0845602 1.0936244 1.0888186 1.1193861 1.097062 1.1016364 1.119062 1.1144356 1.0872629 1.0859199 1.0900207 1.0830076 1.0708809 1.0813857 1.0772344 1.0725105
1.1027716 1.0920844 1.1084148 1.1022455 1.0888212 1.0983185 1.0966067 1.10857 1.0838739 1.0849997 1.0941412 1.081672 1.1001555 1.066989 1.0826151 1.0853205
1.0835929 1.0965673 1.1016384 1.0971493 1.1008615 1.1054627 1.0923707 1.097695 1.0819298 1.0835046 1.1028397 1.0937222 1.1014394 1.0895022 1.0814854 1.0818559
1.1075586 1.0937066 1.1003741 1.0854801 1.1156384 1.0919358 1.0259919 1.0746115 1.1003865 1.0675764 1.1016853 1.102622 1.1128604 1.0746503 1.0748388 1.0708982
1.1075573 1.1048437 1.0944054 1.0972004 1.0987642 1.0940639 1.0923612 1.0887173 1.1050947 1.0859758 1.1101822 1.1148401 1.1037143 1.0881146 1.0935351 1.0811955
1.0788194 1.0807326 1.0800296 1.0724372 1.0288951 1.0881782 1.0730047 1.0709991 1.0659001 1.0542221 1.091891 1.0931813 1.1078762 1.0955652 1.0853177 1.0769371
1.0856937 1.0799012 1.0762018 1.0777849 1.078233 1.0843693 1.0865192 1.0776812 1.1040165 1.0846337 1.1149011 1.1067721 1.1154501 1.1013259 1.0950179 1.0999634
1.0900688 1.0881853 1.0865089 1.0752503 1.1029012 1.1006095 1.0785266 1.0743468 1.0579658 1.0736046 1.0864643 1.0796504 1.1055362 1.0628461 1.0680915 1.0654949
1.102932 1.0940546 1.10441 1.11676 1.1030948 1.1070348 1.1041119 1.0969015 1.0667456 1.082602 1.1083282 1.1034156 1.0954025 1.075915 1.0740725 1.0721436
1.095548 1.0984248 1.1231989 1.10289 1.0966597 1.1096482 1.1047363 1.107492 1.0990129 1.0835662 1.0857879 1.086091 1.0861434 1.0558805 1.0610824 1.0720196
1.0777913 1.0991445 1.0981599 1.0950186 1.1077473 1.117784 1.0955614 1.1103418 1.0765649 1.0677644 1.0924138 1.1007215 1.0919628 1.0718905 1.075508 1.0792886
1.1001606 1.065918 1.101447 1.0763239 1.1105665 1.0929073 1.0681181 1.0818118 1.0834707 1.0732522 1.0980054 1.0820904 1.0783187 1.0723372 1.0655807 1.0668592
1.0802274 1.0912514 1.0944752 1.0814378 1.0851699 1.0931115 1.0789657 1.0804975 1.0940994 1.0699519 1.1055286 1.0926383 1.094622 1.0777338 1.0628808 1.0620799
1.0656772 1.0826069 1.0998741 1.0671964 1.0952128 1.0861415 1.0762669 1.0752506 1.0910555 1.0684879 1.0990046 1.0887969 1.0798037 1.066427 1.0775267 1.0771723
1.0811777 1.0856376 1.0755785 1.0812752 1.0912174 1.077713 1.0876311 1.0882388 1.0985826 1.0661227 1.1074841 1.086803 1.1028769 1.0813366 1.0624259 1.0815498
1.0892667 1.0825145 1.1062076 1.0839533 1.1009114 1.1024673 1.0780723 1.0866548 1.0607191 1.060695 1.0749905 1.0828505 1.078767 1.0720302 1.0875323 1.0782863
1.0801654 1.084183 1.0896657 1.1002612 1.0817369 1.0926896 1.1086034 1.1077061 1.0801299 1.0707735 1.0849621 1.0815188 1.0775952 1.0525527 1.0634109 1.0548738
1.0941948 1.0917227 1.092932 1.1135083 1.0969679 1.0900874 1.1028737 1.09208 1.076292 1.0603942 1.1013302 1.0818986 1.0795614 1.0679888 1.0709895 1.0720707
1.0942991 1.1063426 1.1119994 1.1050514 1.0936605 1.0994663 1.0873111 1.0882918 1.0677288 1.0844902 1.0751196 1.0715566 1.0682709 1.0667484 1.0687304 1.0743023
1.095037 1.091601 1.1027967 1.0815427 1.1071669 1.0987703 1.0850493 1.0753695 1.0936042 1.0693822 1.077942 1.073902 1.0889434 1.0630709 1.0681713 1.0709999
1.0974587 1.0717347 1.1085926 1.0838721 1.1163071 1.1089674 1.0922998 1.070931 1.0746015 1.0860673 1.1031941 1.0902524 1.0909922 1.0932298 1.0762187 1.0820147
1.1039089 1.076757 1.1046966 1.0693696 1.1008677 1.0877438 1.0749526 1.0656766 1.0906919 1.0870636 1.1055789 1.1027392 1.0846362 1.0733415 1.0639443 1.0690918
1.0864555 1.0958868 1.0767529 1.0894496 1.1059463 1.0934352 1.0760998 1.0867107 1.0927619 1.0826447 1.0924767 1.090244 1.0815686 1.0746127 1.0716507 1.075902
1.0758284 1.0764706 1.097026 1.0861349 1.0996749 1.083105 1.0837246 1.0831743 1.0736165 1.0825728 1.0963714 1.0897129 1.0909098 1.0716895 1.0834796 1.085338
1.087966 1.0992442 1.0875429 1.1133918 1.0784552 1.0900662 1.1236237 1.100035 1.063209 1.0737474 1.0912359 1.0790107 1.0799105 1.0869846 1.0335933 1.0893971
1.0932997 1.0808362 1.1038896 1.1019523 1.0970378 1.09833 1.1108886 1.0982083 1.0760806 1.0877397 1.0848798 1.0770904 1.0794636 1.0793301 1.0735921 1.083122
1.0743855 1.0774251 1.1033934 1.0919088 1.0930121 1.0905505 1.0837122 1.0878948 1.0588131 1.0874624 1.082603 1.0755682 1.0723103 1.072529 1.0289379 1.0720932
1.0644765 1.0765207 1.0931598 1.0795447 1.0946859 1.091796 1.0664061 1.068553 1.0557624 1.0829376 1.0801578 1.0666237 1.0728592 1.0266907 1.0532756 1.0617157
1.0678287 1.0455168 1.0815008 1.0680116 1.0909197 1.071061 1.066331 1.0668334 1.093396 1.0585514 1.0786861 1.0777106 1.0608625 1.0672095 1.0545775 1.0753376
1.0775517 1.0460163 1.0908095 1.0703661 1.1060319 1.0932395 1.0814021 1.0773213 1.0689727 1.0696667 1.0785434 1.0790008 1.0679861 1.0702075 1.0595303 1.0707146
1.0719771 1.1138066 1.0713891 1.0877075 1.1069211 1.0770252 1.0783057 1.0990549 1.0805936 1.0657992 1.0926582 1.0816386 1.0775285 1.0705816 1.0738287 1.0855305
1.0963002 1.0996513 1.0965335 1.0757092 1.103484 1.1114371 1.0900435 1.0830741 1.1160926 1.0691559 1.1003915 1.0892093 1.0998245 1.0302659 1.0783914 1.0909133
1.0850114 1.0965526 1.0841627 1.0900021 1.0883495 1.0953759 1.1004572 1.090072 1.0692611 1.0673217 1.0939199 1.0713387 1.0750854 1.0311493 1.0836765 1.0847101
1.0793128 1.0771588 1.0839313 1.0915613 1.0880646 1.0874804 1.080746 1.0798876 1.0702738 1.0676357 1.0905297 1.0789478 1.0782946 1.0722252 1.0887265 1.0247303
1.0925119 1.0749893 1.1016234 1.0730915 1.0932392 1.0911872 1.0703816 1.0598694 1.0699636 1.0590941 1.0680294 1.071519 1.0689998 1.0243188 1.0161781 1.0578176
1.0907959 1.0427341 1.0807474 1.0610754 1.0881758 1.0685223 1.0567975 1.0557592 1.0702144 1.0745972 1.0718817 1.0728298 1.0273949 1.0619276 1.063109 1.0735372
1.0612407 1.0614961 1.0600439 1.0681784 1.076879 1.0648136 1.0534707 1.0541122 1.0790465 1.0637354 1.0690475 1.0641075 1.0648165 1.0534875 1.0645975 1.0634209
1.0753257 1.0792071 1.0800346 1.0684017 1.0812898 1.0660869 1.068956 1.0651141 1.0677028 1.0770618 1.0743109 1.061202 1.0642085 1.0604231 1.0710573 1.0577439
1.0688925 1.0507578 1.076201 1.0780647 1.0760075 1.0789175 1.0757316 1.0678838 1.0541416 1.0917041 1.0836203 1.0640229 1.0631921 1.0562196 1.0765806 1.0741875
1.0943336 1.0893207 1.0965477 1.0705025 1.0799364 1.0873296 1.0670794 1.0794116 1.0799855 1.1028315 1.089098 1.0729871 1.0218834 1.0677993 1.0849396 1.0750644
1.0623823 1.0764818 1.0695783 1.0806656 1.074456 1.099109 1.0766118 1.0898533 1.0680313 1.081366 1.0960078 1.0964679 1.1014813 1.0739765 1.0765878 1.0736594
1.0874283 1.0639915 1.0779625 1.0856984 1.0888277 1.0839127 1.0708393 1.0751293 1.0988859 1.0963594 1.10085 1.1031166 1.1088794 1.0760312 1.0820346 1.0270911
1.0685474 1.0848004 1.0807931 1.0698109 1.0841955 1.0729436 1.0922618 1.0723878 1.0853242 1.0757864 1.1035775 1.09537 1.1005011 1.0666881 1.0215636 1.0573671
1.0746055 1.0827155 1.0860507 1.0749055 1.0867237 1.064749 1.099259 1.0281228 1.0546902 1.0641829 1.0911129 1.0733763 1.0836623 1.0661825 1.0710092 1.0711603
1.0625168 1.0534855 1.084457 1.0576886 1.0622133 1.0544009 1.0784748 1.0571264 1.0613053 1.0446206 1.0824966 1.0726671 1.0865595 1.0623269 1.0647402 1.0664394
1.0689161 1.0655131 1.0774704 1.0622376 1.0759462 1.057946 1.0295082 1.058639 1.0742702 1.067619 1.0882909 1.0884659 1.1061248 1.0720283 1.0695285 1.0671095
1.089306 1.0611552 1.0791193 1.0614004 1.0706036 1.0671412 1.0676849 1.0707675 1.064981 1.0748941 1.0841454 1.0889697 1.0889657 1.0852568 1.0757262 1.0853591
1.0654622 1.0604091 1.083587 1.0683823 1.0854831 1.0627539 1.0914145 1.060799 1.069061 1.0906651 1.1056705 1.1003127 1.0343162 1.086005 1.0846941 1.0707729
1.0799376 1.054334 1.0890516 1.0813766 1.0832202 1.0699129 1.067831 1.0654186 1.0711778 1.0715541 1.0958906 1.1018157 1.0868934 1.0826107 1.0768236 1.0820783
1.0823377 1.0700686 1.0836221 1.1201917 1.103514 1.0874715 1.0617412 1.0903695 1.0793511 1.102085 1.0822651 1.0903351 1.0820477 1.1121826 1.0963048 1.0940132
1.0771478 1.0436189 1.0957646 1.0890505 1.0853388 1.0605601 1.0753237 1.0651963 1.0965683 1.0747024 1.0880138 1.0839478 1.0716323 1.0864909 1.0855163 1.0778059
1.1013536 1.0811502 1.0935317 1.0952562 1.0856212 1.0691824 1.096627 1.0768915 1.0837814 1.084971 1.0914633 1.0862783 1.0814149 1.0870862 1.081339 1.0880111
1.0852478 1.0903786 1.1029062 1.0932797 1.090338 1.0686551 1.0898398 1.068064 1.0559744 1.069151 1.0880947 1.0892287 1.0846117 1.0920796 1.0800813 1.0777578
1.0700071 1.0753169 1.0937843 1.0703114 1.0824225 1.0653472 1.078532 1.0725877 1.0590782 1.0948226 1.0889628 1.0964744 1.0827987 1.0834843 1.0946784 1.086101
1.0634799 1.0733056 1.074471 1.0694227 1.0679995 1.0524312 1.0700551 1.0553985 1.0780956 1.0964104 1.1017537 1.0949444 1.0778118 1.0856009 1.0929283 1.0870744
1.0662102 1.0640712 1.0719954 1.0676286 1.0665649 1.0452075 1.0606511 1.0500586 1.1024923 1.0694863 1.0883392 1.0906849 1.1027681 1.0943704 1.0821878 1.0819906
1.0780034 1.0657783 1.0897523 1.0871572 1.0858537 1.0850681 1.081566 1.0931374 1.1031625 1.0718293 1.083784 1.0853219 1.1022006 1.105805 1.101698 1.1032573
1.106951 1.1003326 1.0909547 1.120902 1.1040283 1.0964705 1.1083779 1.1132116 1.1245433 1.1171143 1.0912194 1.094537 1.1094478 1.1027951 1.1027236 1.101284
1.0691574 1.081913 1.098891 1.0966793 1.0804135 1.0984131 1.084026 1.081932 1.0960591 1.0887874 1.0910087 1.0947436 1.108059 1.0883336 1.1091558 1.1021321
1.0826147 1.0924535 1.0964276 1.0906719 1.0870992 1.0880778 1.083232 1.0798826 1.1106325 1.1083232 1.0879021 1.1040237 1.1010269 1.1060528 1.1140244 1.1200854
1.0938715 1.0977945 1.0992873 1.0821655 1.0810447 1.082043 1.0811994 1.0814979 1.101392 1.0879755 1.093099 1.0774199 1.1217369 1.1209049 1.1004583 1.108169
1.0751728 1.0733224 1.0909705 1.085395 1.0733782 1.0934945 1.0759887 1.0827163 1.1042498 1.1234294 1.099811 1.1008966 1.1160978 1.1126555 1.1201118 1.1287313
1.0738121 1.0785726 1.087293 1.0752509 1.0676697 1.0777466 1.074983 1.0694658 1.1151254 1.1224556 1.0977137 1.1101376 1.1190538 1.1234211 1.1122444 1.1249536
1.0499263 1.0631742 1.074959 1.0627266 1.0477953 1.0717016 1.0738918 1.0603621 1.0690435 1.0808237 1.0953556 1.0942265 1.1099478 1.1110535 1.1116577 1.0982977
1.086864 1.0791652 1.0980309 1.0951645 1.0964569 1.0882354 1.0840352 1.0850164 1.0766368 1.078274 1.0987628 1.0896181 1.0891244 1.0925894 1.0829355 1.0879241
1.1024402 1.0970688 1.1130664 1.090281 1.115361 1.0907838 1.1220869 1.1093255 1.1084982 1.0618849 1.0957431 1.0879339 1.0833684 1.0880172 1.0837346 1.0794365
1.0851406 1.0793229 1.092261 1.098753 1.0888973 1.1114727 1.0875945 1.0949931 1.0625942 1.0621047 1.0828141 1.0917293 1.0827655 1.0759462 1.0895811 1.0760007
1.0722336 1.0662544 1.0941924 1.0933794 1.0775119 1.0833215 1.0806565 1.0764455 1.0916454 1.090717 1.105234 1.1025045 1.0858616 1.0902843 1.0969807 1.081383
1.0804337 1.0926709 1.0818416 1.0855119 1.0947056 1.0938113 1.0800179 1.0818263 1.0904294 1.1065438 1.1008191 1.0980544 1.0837685 1.0775125 1.0960904 1.0797879
1.0843431 1.0514098 1.0757971 1.0950263 1.0762347 1.0847319 1.0770668 1.0708075 1.0782502 1.1013596 1.1206398 1.1203063 1.103384 1.0963732 1.090856 1.0945848
1.0818102 1.070978 1.0706977 1.0846745 1.0793456 1.0778623 1.069732 1.0608304 1.100692 1.0836515 1.1289994 1.1117889 1.1187164 1.1166399 1.1059039 1.0966394
1.0765833 1.0851295 1.0737251 1.098085 1.0759934 1.0790268 1.0781956 1.0657024 1.1149391 1.0582497 1.1165236 1.102757 1.0922215 1.1102304 1.0948011 1.0934669
1.0950035 1.0692554 1.1133171 1.1085216 1.0961878 1.1016331 1.0810648 1.0992466 1.0740645 1.0709292 1.0874425 1.0911225 1.0920124 1.079577 1.075501 1.0712937
1.0816076 1.1225138 1.1163554 1.1037769 1.1205846 1.1010377 1.1172215 1.1120567 1.0895247 1.0975904 1.081441 1.1004151 1.0734164 1.0765314 1.0951784 1.0911094
1.0733011 1.0920306 1.0885286 1.1033639 1.09415 1.1073524 1.0986784 1.092684 1.0879235 1.0882733 1.0925827 1.0901974 1.0734017 1.0794351 1.0788717 1.0797358
1.0946597 1.0960006 1.0766791 1.1012001 1.0813453 1.0960612 1.0833058 1.0862191 1.081055 1.0655524 1.0952016 1.0960248 1.0813135 1.0829353 1.08245 1.0837262
1.0752746 1.0760494 1.0910596 1.0886649 1.0821697 1.0922679 1.0727483 1.0733166 1.079197 1.0996869 1.0877278 1.0877942 1.0727426 1.0783731 1.062502 1.0746397
1.0746249 1.0600653 1.0825284 1.0828469 1.0853972 1.0828344 1.0643197 1.0733014 1.0751282 1.1037673 1.0953935 1.095918 1.0862758 1.0793443 1.0881418 1.0763066
1.0727366 1.0819181 1.0731225 1.0768617 1.0771196 1.0810378 1.0721773 1.0691465 1.1037337 1.0809622 1.1110716 1.1001437 1.0943362 1.0890926 1.0922961 1.1114239
1.0740975 1.0721947 1.0848621 1.0968 1.0792028 1.084131 1.0712607 1.0758288 1.0474762 1.0824949 1.0937169 1.1041771 1.0889549 1.0828028 1.08429 1.0883511
1.0745338 1.114845 1.11153 1.0990633 1.0852275 1.1019262 1.1045998 1.1089956 1.0820135 1.072844 1.0938636 1.0749124 1.0743488 1.0743514 1.0773914 1.0874474
1.1024045 1.0935818 1.1205406 1.1023966 1.1196727 1.1107371 1.1224917 1.1123044 1.0659676 1.0848036 1.0778129 1.100266 1.0705328 1.0747036 1.0822264 1.0722203
1.0760344 1.1000063 1.0991076 1.0974255 1.0887233 1.1063101 1.0969925 1.096772 1.100267 1.0812839 1.0927994 1.0974965 1.0779084 1.0680343 1.0772964 1.0768101
1.0949091 1.0962408 1.0895736 1.1081668 1.0844537 1.1049232 1.0852807 1.0817266 1.0793737 1.0724425 1.0855712 1.0876681 1.0729271 1.067645 1.0745051 1.063364
1.0783807 1.0770973 1.0782776 1.101534 1.0730705 1.0929656 1.0763125 1.0794646 1.086296 1.0942131 1.082652 1.0919788 1.0775237 1.0734984 1.0705961 1.0747917
1.0813171 1.0795857 1.0758227 1.0831087 1.070184 1.0870476 1.0814618 1.0760564 1.0955654 1.0662192 1.0941764 1.0919967 1.0865948 1.088764 1.0688415 1.070978
1.0709682 1.0905377 1.0674827 1.0833399 1.0687249 1.096639 1.0874596 1.0755304 1.0625609 1.079902 1.1024094 1.0986288 1.0802189 1.0819081 1.0846797 1.0820659
1.071351 1.049584 1.0704181 1.0802696 1.063779 1.0782576 1.0678519 1.0637699 1.0949172 1.0772436 1.1117455 1.0766991 1.0767745 1.0888171 1.0744038 1.075007
1.1036171 1.1015348 1.1086898 1.104709 1.1090937 1.1041297 1.0940101 1.1009426 1.0670607 1.0790571 1.0834562 1.0895461 1.0771883 1.0725619 1.0693234 1.0822245
1.0885897 1.0975899 1.1070746 1.0930686 1.113104 1.0945511 1.1104226 1.0938038 1.0650775 1.0620438 1.0908777 1.0809621 1.071604 1.065335 1.0869993 1.0899105
1.0996114 1.0918225 1.1073116 1.1092919 1.103059 1.1073732 1.0966378 1.0972022 1.0757114 1.0922887 1.073997 1.0866771 1.0724638 1.0862654 1.0698268 1.0675979
1.1103184 1.0689971 1.0951846 1.1032264 1.0928652 1.0932144 1.082315 1.0783648 1.076076 1.0802283 1.0783343 1.074257 1.0629103 1.0611379 1.0682514 1.0690316
1.0836227 1.0683174 1.08704 1.1046498 1.0945903 1.0801789 1.0725873 1.0617751 1.0634773 1.0775075 1.0796305 1.0767123 1.0713788 1.072979 1.0630772 1.0720656
1.0923871 1.0464305 1.08393 1.1025819 1.0843425 1.0838631 1.0698447 1.0770025 1.0947691 1.0791222 1.0783377 1.078664 1.0738387 1.0708581 1.0571368 1.062182
1.0797193 1.0791651 1.064008 1.0871073 1.0786424 1.0738798 1.0727764 1.0622587 1.0828288 1.0575888 1.0866357 1.0870205 1.0836866 1.0753907 1.0608758 1.0612023
1.0642005 1.0927017 1.0707403 1.0948632 1.08239 1.1000255 1.083509 1.0935906 1.0755162 1.1011963 1.0971295 1.0913846 1.0851477 1.0749733 1.0684048 1.0827351
1.0692914 1.0845386 1.0931478 1.084431 1.0734744 1.0768145 1.077462 1.0805378 1.0879685 1.0704492 1.0819215 1.0767076 1.0825747 1.0730616 1.062807 1.0735239
1.0957355 1.0800703 1.1148719 1.0992342 1.1117605 1.0782555 1.102662 1.097134 1.0597457 1.0768492 1.0688764 1.0973 1.0296205 1.0738711 1.0751168 1.0808452
1.0935023 1.0719451 1.1068224 1.1120881 1.0905949 1.1034905 1.0759292 1.077978 1.0901899 1.0978987 1.0882504 1.0774297 1.0789714 1.0788263 1.0607829 1.0628418
1.0595465 1.0787688 1.0833082 1.0938343 1.0820209 1.0919023 1.0887077 1.077035 1.0781711 1.0604712 1.0717348 1.0590215 1.0589887 1.0613761 1.0468115 1.0470154
1.0675037 1.0997539 1.0758953 1.082665 1.0602592 1.094167 1.0852175 1.0796953 1.0750462 1.0653852 1.0674359 1.0608326 1.0527701 1.0570393 1.0542136 1.054143
1.0883716 1.0798221 1.084429 1.0849115 1.0664665 1.0842177 1.0630385 1.066185 1.0818254 1.0821447 1.073373 1.0705749 1.0665671 1.0676576 1.0595975 1.0682571
1.0862414 1.0886058 1.0707392 1.0766128 1.0722793 1.0768625 1.071771 1.0565271 1.0798608 1.0843316 1.0767419 1.0718428 1.0711219 1.0802481 1.0646052 1.0692748
1.0816784 1.0866162 1.0674254 1.0810256 1.0652418 1.0734876 1.0742632 1.0627303 1.0865324 1.0756043 1.0727375 1.0732007 1.0183343 1.0754806 1.076105 1.0739825
1.1015586 1.0772957 1.0779135 1.0789487 1.059264 1.0629697 1.0704467 1.0687828 1.078475 1.0763785 1.0856034 1.0838848 1.0677131 1.0665543 1.0662892 1.0231773
1.0896082 1.0507888 1.0919378 1.0783576 1.0549287 1.089148 1.0636293 1.0798346 1.0641403 1.0880524 1.090665 1.0793984 1.0722501 1.0775671 1.0767131 1.0259247
1.0962163 1.0720912 1.0820476 1.0944021 1.0910643 1.0809095 1.0757198 1.0821575 1.0588908 1.099868 1.0785433 1.0849047 1.0657954 1.0637188 1.0529416 1.05832
1.0880617 1.1023155 1.0879308 1.0805011 1.0872608 1.0830594 1.1020768 1.0680895 1.080115 1.0686982 1.0724562 1.0738713 1.0616468 1.0573161 1.0210489 1.0544428
1.0662475 1.0638454 1.0895907 1.0761845 1.0903717 1.0794992 1.0886458 1.0858715 1.0554069 1.0555334 1.0660808 1.0684522 1.0486603 1.0578034 1.0551769 1.0559753
1.091065 1.0682577 1.0657109 1.0844887 1.0945057 1.070947 1.0804769 1.0667763 1.0652653 1.0704708 1.0697724 1.0712655 1.0541455 1.0610812 1.0564206 1.0628909
1.0703818 1.080515 1.0552775 1.0573821 1.0697818 1.0624957 1.0678798 1.0621921 1.0875374 1.0862913 1.0789307 1.0825133 1.0718824 1.07115 1.0702277 1.0267254
1.0794773 1.0543079 1.0472392 1.061037 1.080378 1.0646989 1.0583318 1.0577836 1.1027073 1.0734944 1.0853156 1.0800601 1.0694541 1.070146 1.0699884 1.0693079
1.0666106 1.115211 1.0908724 1.0736462 1.0814507 1.1203784 1.1151388 1.1019574 1.1028113 1.1115049 1.0938041 1.0886325 1.0780559 1.1049894 1.1032417 1.1020455
1.0835495 1.0751871 1.0940799 1.0995312 1.0917864 1.1008292 1.0884691 1.0782163 1.1049273 1.0933888 1.0934414 1.1014358 1.086513 1.105276 1.0968341 1.0943083
1.1210938 1.0740957 1.1067067 1.0875082 1.0846362 1.1006812 1.0872513 1.0842569 1.066142 1.0889366 1.0980519 1.0892643 1.0929538 1.1107527 1.1174897 1.1048675
1.0819217 1.0871367 1.0987407 1.0940884 1.0960326 1.0780805 1.0843513 1.0644768 1.083718 1.0917741 1.0904813 1.0910676 1.098742 1.111575 1.100336 1.1174116
1.084072 1.064473 1.1066154 1.0910435 1.0795399 1.0905765 1.0861471 1.0636134 1.0737025 1.085092 1.0885571 1.0772057 1.0739667 1.114357 1.1017882 1.1072598
1.0779237 1.0599838 1.0841291 1.0734086 1.0673048 1.0655614 1.0614706 1.0596 1.0806344 1.1061641 1.0927879 1.0796069 1.0840161 1.1016703 1.0916419 1.1082195
1.042465 1.0528568 1.0720907 1.0703763 1.0598314 1.0532668 1.057704 1.0503591 1.077647 1.089827 1.0829049 1.0806878 1.0907135 1.1156706 1.1063472 1.1104555
1.079631 1.0593355 1.0880743 1.0856051 1.0813512 1.0616056 1.0585369 1.0485469 1.0804341 1.0859293 1.082728 1.0809022 1.0856988 1.0948126 1.0939747 1.0825778
1.0879055 1.0719724 1.0971457 1.1145003 1.0860748 1.0951674 1.1162361 1.1015595 1.1138054 1.0672178 1.0998198 1.1148689 1.1001772 1.0843976 1.0784692 1.0943551
1.0664662 1.0791138 1.0953337 1.0903207 1.0911198 1.0889876 1.0914164 1.0883107 1.0918745 1.0898771 1.0925362 1.112935 1.1096798 1.0915579 1.099349 1.0986416
1.0733287 1.0558268 1.0808474 1.083848 1.098957 1.0830736 1.072419 1.0600986 1.092735 1.1015698 1.1175812 1.1211976 1.1200981 1.1000543 1.0955957 1.1064398
1.0716689 1.0808299 1.0880015 1.0795629 1.092961 1.0774575 1.0798972 1.0755721 1.0797824 1.1013278 1.0945035 1.1043122 1.1072873 1.100037 1.0980963 1.0962882
1.0904126 1.0684197 1.0951527 1.082444 1.0867709 1.0785413 1.0828836 1.0698205 1.1076516 1.0588009 1.1039184 1.1171638 1.1157628 1.0983387 1.101787 1.0902314
1.0833278 1.0871005 1.0715911 1.068907 1.0965405 1.0798162 1.0705419 1.0661806 1.104735 1.1013147 1.0950052 1.1047597 1.1102045 1.0927556 1.0970777 1.0947982
1.0550079 1.086839 1.0572693 1.0684959 1.0830233 1.0781109 1.065409 1.060603 1.1224145 1.0974653 1.0958039 1.1149449 1.0967888 1.1025912 1.1007599 1.0994073
1.0887611 1.0642265 1.0958043 1.0700792 1.0947859 1.0857278 1.0820725 1.0702976 1.0805585 1.085027 1.0973406 1.1130314 1.1037159 1.0889738 1.097517 1.0933778
1.0984766 1.108839 1.1048169 1.121188 1.0965658 1.0988263 1.1334194 1.1258523 1.0938004 1.0671555 1.0890018 1.0800484 1.0800605 1.0918869 1.0649236 1.0807163
1.1006099 1.0930669 1.1036491 1.1004294 1.0900447 1.1038985 1.1011713 1.1027503 1.1023725 1.0857912 1.0975589 1.0851184 1.0885779 1.0739313 1.086121 1.0892107
1.0816013 1.0706829 1.0943583 1.07405 1.1116374 1.0940669 1.087052 1.090635 1.082491 1.091656 1.1074775 1.0961847 1.0929836 1.0825753 1.0744936 1.0944761
1.0952983 1.0895996 1.0935149 1.0725887 1.0927426 1.0904707 1.0777282 1.07727 1.0881733 1.0746108 1.1056155 1.089732 1.1015612 1.0583205 1.0769379 1.0736247
1.0951233 1.0795089 1.0835718 1.0832547 1.0994375 1.0898143 1.093753 1.0776516 1.0945566 1.0885003 1.1155286 1.1056635 1.1025023 1.0870768 1.0718986 1.0807258
1.0852318 1.1017212 1.0827048 1.0853654 1.0916872 1.0739282 1.0896372 1.0696344 1.0844743 1.0557977 1.1286484 1.1095681 1.0989314 1.0908594 1.0976734 1.0909667
1.0890745 1.0574151 1.0723643 1.0710956 1.07716 1.087408 1.0679129 1.0619386 1.0997963 1.0877079 1.1164507 1.1165539 1.1035296 1.0928727 1.0801119 1.0880178
1.0814875 1.0713642 1.1030941 1.0672553 1.1015487 1.0966996 1.0765263 1.0702773 1.084728 1.0741893 1.0972209 1.0934849 1.0990462 1.0624025 1.0806632 1.0722711
1.0825874 1.1150627 1.1093246 1.1133249 1.0985327 1.1101371 1.1169393 1.1183726 1.0941558 1.0933343 1.1042483 1.0966022 1.0778567 1.0708963 1.0687746 1.0822604
1.1276435 1.0893351 1.1100299 1.1127539 1.1024648 1.1131289 1.1111487 1.0996711 1.0972433 1.058779 1.0893986 1.0760002 1.0828928 1.0667787 1.0587059 1.0638992
1.0942293 1.0994023 1.1059408 1.0972521 1.1093953 1.0975708 1.0944891 1.0909656 1.0777354 1.0519472 1.0899738 1.0786446 1.0818378 1.0720435 1.0670362 1.0723939
1.1000456 1.0506796 1.0991912 1.0757437 1.1133249 1.1025348 1.0717181 1.0638503 1.0664856 1.0637983 1.0879842 1.0715292 1.0730182 1.0610954 1.0596507 1.0635123
1.0690353 1.0794129 1.090887 1.0595955 1.1086977 1.0869387 1.0745891 1.075186 1.0937291 1.0912154 1.1004714 1.0908648 1.076206 1.0759403 1.0634557 1.0775733
1.0650249 1.0714316 1.0798514 1.0634112 1.0936779 1.0863155 1.070885 1.0711596 1.0794952 1.0422661 1.1084751 1.089684 1.0987785 1.0805982 1.0719554 1.0797985
1.0673712 1.080389 1.0673473 1.0806961 1.0872014 1.0765735 1.0709021 1.0636832 1.1002178 1.0633856 1.1112162 1.1050389 1.0970497 1.0724311 1.0750238 1.0769091
1.0944349 1.0638685 1.107404 1.0749185 1.1042103 1.1015356 1.0802522 1.0743232 1.0477238 1.0749944 1.0939779 1.0844572 1.0862743 1.0762168 1.0774266 1.0923966
1.1031322 1.0865179 1.0907911 1.1166468 1.0860592 1.0927505 1.1122804 1.1154711 1.0725119 1.071039 1.0899867 1.0745856 1.0830846 1.0584834 1.0625706 1.0582939
1.0939595 1.0912223 1.0960071 1.1001931 1.0884778 1.0932437 1.0996577 1.0973672 1.0789131 1.0773506 1.090201 1.0733582 1.0683373 1.0741931 1.06594 1.080572
1.0773141 1.1045635 1.1008285 1.0973088 1.1067898 1.0973651 1.1066473 1.0843779 1.070142 1.0730516 1.0883566 1.0712188 1.0721081 1.066006 1.0647708 1.0691394
1.1046718 1.087149 1.1127574 1.0732254 1.1149234 1.0948135 1.092977 1.074959 1.0762867 1.0524403 1.0866973 1.0764159 1.0814416 1.0691677 1.0655557 1.068001
1.1018451 1.0887105 1.0939664 1.0746392 1.1199783 1.096046 1.0851505 1.0764914 1.0788484 1.0803221 1.098418 1.0798372 1.0740911 1.0832214 1.0765697 1.0856435
1.0989329 1.0784166 1.0976207 1.071644 1.1116235 1.087129 1.0833439 1.0740957 1.0743773 1.0570439 1.1009722 1.0784277 1.0705901 1.0794469 1.0543784 1.0732985
1.0774202 1.0746781 1.0662001 1.0679985 1.0997659 1.0860307 1.0640283 1.0799475 1.0859972 1.0830518 1.1146054 1.0870882 1.0891408 1.0590007 1.0633045 1.054337
1.0874035 1.05872 1.1002983 1.063603 1.0954208 1.0864593 1.0715088 1.068045 1.0818192 1.0793458 1.0845327 1.0791384 1.089517 1.0836165 1.0671749 1.084629
1.0905901 1.1003551 1.0975518 1.1136355 1.0874177 1.0871623 1.1119925 1.1089237 1.0706784 1.054186 1.1080178 1.0835589 1.078827 1.0743501 1.0264579 1.0746809
1.1063699 1.091997 1.1009142 1.0983293 1.0993195 1.0986441 1.0950207 1.0957503 1.0799296 1.0804149 1.09723 1.0747613 1.0869036 1.0727094 1.064083 1.07563
1.0574901 1.0632521 1.093747 1.0798687 1.0919858 1.0799584 1.0820279 1.0684942 1.0687089 1.0753047 1.0825207 1.0738385 1.0664256 1.0672837 1.0489157 1.0624493
1.0535064 1.0506271 1.0821131 1.0689381 1.0891467 1.0706162 1.0611557 1.0590471 1.0649968 1.0760951 1.0738797 1.062449 1.0613203 1.0446208 1.0510967 1.0583699
1.048299 1.0526129 1.0790665 1.0671874 1.0864241 1.0709187 1.0716717 1.0636091 1.0927852 1.067178 1.0775856 1.074677 1.0683557 1.05597 1.059816 1.0625595
1.0846008 1.0462939 1.0802865 1.0625402 1.0911666 1.0910655 1.0727093 1.0599772 1.0716962 1.0809519 1.098633 1.0834665 1.0608493 1.0733665 1.064833 1.0766358
1.0625983 1.070204 1.0608346 1.0778258 1.0908054 1.0673856 1.0549545 1.0819873 1.0729964 1.0598326 1.0889605 1.0647923 1.075166 1.0653863 1.0612965 1.0745444
1.1066383 1.06858 1.0992677 1.0692352 1.1107824 1.096919 1.0712303 1.0730175 1.1084776 1.0676237 1.0991768 1.0761726 1.0798832 1.0221934 1.0654509 1.0815632
1.0986962 1.0874372 1.0939299 1.1122321 1.0817366 1.0792617 1.0988064 1.092026 1.0646911 1.076682 1.0857962 1.0686103 1.0640409 1.0271834 1.0663705 1.0798315
1.0922934 1.0694462 1.0939474 1.0800816 1.0755707 1.0913768 1.0685607 1.0754379 1.0692143 1.0814571 1.0834275 1.0769299 1.0663975 1.0672657 1.0783912 1.0237299
1.0909328 1.0547448 1.0854547 1.070972 1.0910184 1.0853372 1.0740316 1.0518044 1.0872399 1.0717864 1.0851024 1.0688366 1.06519 1.052576 1.0197693 1.0619093
1.0799595 1.0571554 1.0844551 1.0740371 1.0883895 1.070203 1.0730103 1.0672162 1.0670439 1.0709692 1.0728339 1.0700066 1.0506008 1.0646813 1.0605199 1.0515255
1.0657684 1.0699323 1.0744586 1.0728356 1.0892729 1.078181 1.0792261 1.0694189 1.0754563 1.047166 1.072892 1.0650115 1.058571 1.0547332 1.0604346 1.0563117
1.0831649 1.0716001 1.0758517 1.0672904 1.0886753 1.0715342 1.0753691 1.0652809 1.0718852 1.0816739 1.0796773 1.0712694 1.0614642 1.0578147 1.0659872 1.0650629
1.0635935 1.06608 1.058323 1.062505 1.0792576 1.0766219 1.0636008 1.0640181 1.051108 1.0772401 1.0803972 1.060936 1.0552255 1.0485064 1.0668577 1.0196381
1.088077 1.0722042 1.0797913 1.062685 1.0730939 1.0760368 1.0740361 1.06977 1.0744815 1.0819975 1.086031 1.0729039 1.0229695 1.0582753 1.0736974 1.0260062
1.0716199 1.0840244 1.0821402 1.1015962 1.0700936 1.073298 1.072003 1.0856979 1.0915263 1.0769912 1.0889128 1.0948412 1.0926676 1.0634916 1.0639269 1.060381
1.0529283 1.0435649 1.0782647 1.0668291 1.0795664 1.0690616 1.0679432 1.0666691 1.0907974 1.0764357 1.0925622 1.0949941 1.091172 1.0657524 1.0635064 1.0268526
1.0650946 1.0883949 1.0727657 1.0819409 1.0639281 1.0672503 1.0810715 1.078554 1.0936698 1.0708288 1.1012678 1.0890023 1.0972203 1.0634407 1.0244408 1.0595891
1.0845903 1.0666881 1.0909944 1.07279 1.0690417 1.063154 1.0973556 1.0753915 1.0728108 1.0506521 1.071782 1.0699105 1.0809969 1.0572548 1.0637813 1.0526192
1.0680847 1.0339574 1.0860273 1.0518849 1.0770291 1.0526513 1.092737 1.0634451 1.0591266 1.0504906 1.0836344 1.0819291 1.0859584 1.0558704 1.0531158 1.061696
1.058482 1.0501621 1.0709833 1.0565627 1.0745602 1.0589523 1.0792396 1.0597541 1.0788149 1.0639718 1.0900744 1.0808749 1.0924089 1.0634234 1.0634385 1.0713391
1.080831 1.0710056 1.0659304 1.0498124 1.0582229 1.0585791 1.0640703 1.0761744 1.0701312 1.0850639 1.0799296 1.0873992 1.0976014 1.0765694 1.0689063 1.0314816
1.0759847 1.0530248 1.0797681 1.0550424 1.0784109 1.0589278 1.0728084 1.062846 1.0748514 1.0678686 1.0987796 1.0888939 1.0877852 1.0698894 1.0689855 1.0217466
1.0710067 1.0732394 1.0891507 1.0786269 1.0842898 1.073587 1.0741378 1.0528456 1.0746421 1.0828156 1.0938356 1.1016829 1.071472 1.0802072 1.0727863 1.0567952
1.11146 1.073929 1.105356 1.1060529 1.1268703 1.0911618 1.0734922 1.0688334 1.0839373 1.0760969 1.0882605 1.1044463 1.0656507 1.0929514 1.1043874 1.0812671
1.0957257 1.0470539 1.1019357 1.0873145 1.1020558 1.0710883 1.0710696 1.0592743 1.0610752 1.073312 1.0865161 1.0932996 1.0691447 1.0819998 1.0867689 1.0660013
1.108593 1.0891452 1.0941663 1.0834384 1.1042539 1.086621 1.0789485 1.0742673 1.0822304 1.0940771 1.0976312 1.0942173 1.0764399 1.076531 1.103573 1.0752742
1.0914899 1.0850434 1.0966514 1.0828669 1.099013 1.0872436 1.0867903 1.0706463 1.0709181 1.0565227 1.0913229 1.091446 1.0722702 1.0813761 1.087479 1.0583234
1.08022 1.0946121 1.0828348 1.0781546 1.0925195 1.0870613 1.0733423 1.0658399 1.061835 1.1026361 1.0844567 1.108757 1.0642253 1.094928 1.1157678 1.0820754
1.0834432 1.0742886 1.0770315 1.0743237 1.0712621 1.0735258 1.0625646 1.059854 1.0938109 1.0968859 1.0980823 1.1049689 1.0862162 1.0955793 1.1057004 1.0780025
1.0598226 1.0653077 1.0701936 1.060847 1.0658599 1.0449283 1.0512685 1.0438164 1.0930492 1.0668918 1.0897346 1.1010387 1.1084155 1.0905421 1.0781665 1.0710903
1.0885111 1.0697938 1.0916221 1.081844 1.0836632 1.0935322 1.0752829 1.084152 1.0836805 1.0779574 1.1102731 1.0830351 1.117849 1.1021633 1.1116873 1.0869417
1.0921733 1.0959929 1.1007253 1.0979563 1.1128588 1.0817608 1.1017966 1.1000586 1.1101711 1.0889202 1.0967736 1.0997263 1.110767 1.0842241 1.1057268 1.0924184
1.0943419 1.1022583 1.1114738 1.0846249 1.0972332 1.0915112 1.0823696 1.09711 1.0998063 1.0892782 1.1024103 1.0914227 1.1085502 1.0966064 1.1049112 1.0925474
1.0738128 1.0909057 1.0907179 1.085539 1.1064684 1.0879436 1.0868453 1.1048757 1.1012732 1.1120868 1.1047213 1.0985284 1.1187792 1.0986099 1.1216003 1.1044666
1.0871633 1.0675589 1.08926 1.0803589 1.0841774 1.0925316 1.0689237 1.0904696 1.1035925 1.0977405 1.0890231 1.0941745 1.1100947 1.1050563 1.1102879 1.107546
1.0909344 1.0869668 1.0941911 1.0752077 1.0924302 1.0922025 1.0755974 1.0919464 1.1151627 1.1225863 1.1143428 1.1130226 1.1296425 1.1050142 1.115067 1.1068598
1.0709094 1.0585539 1.0704577 1.064359 1.068813 1.0723389 1.06175 1.0637974 1.102157 1.1030543 1.107242 1.1056614 1.1243064 1.1062336 1.1054009 1.0914686
1.0631859 1.0713003 1.0661938 1.0552179 1.048451 1.0729485 1.0638312 1.0637633 1.091003 1.0968971 1.1098152 1.0905297 1.1031828 1.1147537 1.1027312 1.0830693
1.0717967 1.0668936 1.101762 1.11279 1.0868616 1.0991462 1.072247 1.0914211 1.0825351 1.0618335 1.0986048 1.0815189 1.1055435 1.0911582 1.0830259 1.0673702
1.09393 1.1092911 1.1073464 1.092989 1.1092492 1.1048023 1.1062359 1.1167988 1.0987107 1.0691913 1.0890677 1.0958725 1.087102 1.0793415 1.0931286 1.0841303
1.0816392 1.0865527 1.1041931 1.0991782 1.0861456 1.096159 1.0798814 1.1013882 1.0796621 1.0852654 1.0952299 1.0944707 1.0948366 1.0740647 1.0888956 1.0778179
1.0971034 1.0764097 1.0939106 1.0817126 1.0852392 1.0896647 1.0694659 1.0834252 1.0939673 1.0913465 1.1067314 1.0977992 1.1095912 1.0764569 1.0955621 1.086392
1.0833505 1.0671929 1.0903912 1.1024656 1.0761267 1.0903904 1.0648285 1.0933098 1.0877026 1.0980947 1.0865506 1.1139722 1.0899519 1.0791756 1.1011297 1.0902503
1.0962232 1.0678792 1.0963931 1.0836315 1.0741512 1.0702356 1.0756271 1.0870966 1.0934997 1.0951476 1.11422 1.1060014 1.098823 1.102052 1.1043795 1.0974078
1.0819645 1.0677456 1.0740145 1.0676786 1.0693868 1.0726583 1.0634573 1.0714757 1.0873926 1.1019256 1.1242176 1.097962 1.1357322 1.1044756 1.1111827 1.1031255
1.0867053 1.0780275 1.068576 1.0881354 1.0747201 1.0732974 1.0680047 1.0646633 1.1071048 1.0697634 1.1092232 1.0823119 1.0946621 1.1216727 1.0887978 1.0810696
1.07604 1.0766559 1.1089458 1.1213712 1.095615 1.1164447 1.0925418 1.1052583 1.0826502 1.0756497 1.0960743 1.0983438 1.099831 1.0790396 1.0832231 1.0685676
1.1047977 1.1135728 1.1183296 1.1056612 1.114363 1.1094049 1.1181605 1.1254048 1.0732363 1.0831054 1.0826693 1.0872692 1.0883182 1.0705962 1.0962455 1.082375
1.0798293 1.1051724 1.105119 1.1108038 1.0836469 1.1060003 1.092597 1.109893 1.0981758 1.0768596 1.0889344 1.0911376 1.097279 1.0760367 1.0874348 1.0800482
1.0873654 1.0880625 1.1029283 1.0912975 1.0751584 1.0958545 1.0740767 1.0953839 1.0815133 1.0753387 1.0905572 1.0801885 1.0970857 1.0877708 1.0906224 1.0797938
1.0712367 1.0660919 1.081643 1.0931566 1.0629342 1.0864986 1.0626683 1.0866516 1.0713813 1.0863454 1.0844855 1.0869831 1.0779252 1.0667845 1.0738289 1.0688082
1.0764163 1.0692064 1.0910784 1.077665 1.0817263 1.0809677 1.079189 1.096972 1.0860286 1.0983245 1.1117865 1.1010476 1.1123304 1.0895572 1.1001256 1.0654483
1.0747226 1.0642096 1.0772523 1.0720328 1.0742928 1.077083 1.0741279 1.0776796 1.0999547 1.0873199 1.0978427 1.1089202 1.098386 1.0739446 1.0984448 1.0899385
1.0809183 1.0525097 1.0750588 1.0918514 1.0756618 1.0844867 1.0647491 1.0708855 1.0645739 1.0637968 1.1053762 1.1035447 1.1012349 1.1036828 1.0888761 1.069224
1.0874665 1.0910529 1.0949417 1.1117917 1.0852988 1.11583 1.0796449 1.1076831 1.092713 1.0545437 1.0934541 1.0840077 1.1052572 1.0844183 1.0871489 1.0672123
1.0939418 1.1219171 1.1277407 1.1074481 1.1247733 1.1097078 1.1122133 1.1242808 1.0660437 1.0926179 1.0812327 1.0833961 1.0853201 1.068423 1.0920588 1.0753268
1.0983686 1.0872868 1.1090897 1.1095409 1.1049881 1.1026753 1.0958326 1.1088254 1.0989381 1.101107 1.0872731 1.0950549 1.0852793 1.0649793 1.09177 1.0729611
1.0869249 1.0847399 1.09877 1.0945625 1.0799153 1.1009593 1.0864103 1.1010326 1.0769027 1.0687513 1.0824189 1.0776302 1.08154 1.0627754 1.0874082 1.0682791
1.0701493 1.0892733 1.0884962 1.090503 1.0659088 1.1018848 1.0768905 1.0994474 1.0893586 1.090218 1.0769699 1.0847241 1.0857658 1.0682963 1.0855403 1.0629505
1.094977 1.0854421 1.0944786 1.092127 1.0722924 1.0884218 1.0726097 1.0938532 1.091526 1.0667748 1.099127 1.0777656 1.1059872 1.0803878 1.0870845 1.0630823
1.0706118 1.0891699 1.0892808 1.0821177 1.0718116 1.0820745 1.0791541 1.088885 1.0869759 1.0981481 1.1036154 1.1131791 1.1126559 1.0794314 1.1073824 1.0826159
1.0675371 1.0649376 1.0704048 1.0885171 1.0657697 1.0854243 1.0639446 1.0684239 1.1099719 1.0694017 1.1015409 1.0877068 1.0946373 1.1108661 1.0805978 1.070752
1.0977048 1.0885909 1.103571 1.1169106 1.0808018 1.1144925 1.0816175 1.1037089 1.0710076 1.0829443 1.0943776 1.0874218 1.1112665 1.0738878 1.097368 1.0626299
1.1166532 1.0934348 1.1213471 1.108612 1.1113982 1.1032972 1.1106203 1.1034411 1.0699344 1.0748907 1.0782248 1.0878123 1.0873271 1.0731882 1.0913793 1.0742456
1.0991677 1.0919942 1.1110065 1.1068354 1.0950772 1.1074044 1.0816581 1.1009365 1.0749124 1.1094332 1.0854324 1.0841807 1.0804471 1.0657488 1.0820744 1.0685433
1.1120718 1.084014 1.1070936 1.1004612 1.0840491 1.084666 1.0601629 1.0839249 1.0849468 1.0865544 1.0771313 1.0759785 1.0875381 1.0605851 1.077984 1.0583787
1.0773121 1.087127 1.1018778 1.0938208 1.0792991 1.0859088 1.0811715 1.0961256 1.0814791 1.0917193 1.0786668 1.0729504 1.0857109 1.061186 1.0801181 1.0677117
1.0974463 1.0752772 1.099492 1.09866 1.0750881 1.0879835 1.0770112 1.0955379 1.0725741 1.0898621 1.0762475 1.0760876 1.0793744 1.0679603 1.079504 1.0687248
1.0775791 1.0880274 1.0725163 1.0818013 1.0658712 1.0797315 1.0763462 1.0809984 1.1069281 1.0656292 1.0959976 1.0763929 1.0970284 1.0700233 1.0931664 1.0790257
1.0632124 1.0714839 1.0709772 1.086471 1.0617694 1.0838305 1.0656544 1.0753706 1.0945443 1.0905331 1.0780627 1.0850073 1.0984757 1.097701 1.084398 1.072296
1.0777826 1.086076 1.0875396 1.0947782 1.0716076 1.1012006 1.0757104 1.0886638 1.0758166 1.05356 1.069321 1.0607405 1.0804117 1.066064 1.0702171 1.0598465
1.1045026 1.0760951 1.115241 1.1069547 1.1103612 1.1014733 1.0929062 1.0971999 1.0647036 1.0600928 1.0763674 1.0800642 1.0613942 1.060361 1.0779586 1.0627458
1.0919471 1.082775 1.1037904 1.1053083 1.097425 1.10763 1.0881315 1.1056947 1.0764071 1.0897913 1.080818 1.0725718 1.0750424 1.0628209 1.0679853 1.0525256
1.0649413 1.0799441 1.0972289 1.0915735 1.0720596 1.099459 1.0577027 1.0939478 1.0725857 1.0585933 1.0771387 1.0578234 1.0729389 1.0548564 1.0534616 1.0466486
1.089142 1.0917869 1.0887319 1.0803174 1.074216 1.0862846 1.0821931 1.1054003 1.0695145 1.069047 1.0522274 1.0598317 1.0662037 1.0549921 1.0603504 1.0519613
1.1118888 1.083058 1.0957319 1.0979356 1.0755914 1.0962734 1.077773 1.0974208 1.0782799 1.077382 1.0688685 1.0713515 1.0715104 1.0623441 1.0715259 1.0618623
1.0862159 1.0889963 1.0674151 1.075062 1.0673296 1.0660522 1.0691515 1.0737981 1.0761875 1.0944064 1.0708524 1.065049 1.0719296 1.0650009 1.0697507 1.0716957
1.0906515 1.074233 1.0631404 1.077181 1.0657078 1.0849129 1.067673 1.0649438 1.0981473 1.0715722 1.0803953 1.0595984 1.0591108 1.0751286 1.0762161 1.0549679
1.0855335 1.0766692 1.0803784 1.0889024 1.0871979 1.0697812 1.0662664 1.0589132 1.0570595 1.0690321 1.0627491 1.0610008 1.0493671 1.0494486 1.0667071 1.0571061
1.0964162 1.0703585 1.0956782 1.1044326 1.0839121 1.0902098 1.0715579 1.0756484 1.0624378 1.0583574 1.0724207 1.0809718 1.0562047 1.054598 1.0610826 1.0661085
1.0785929 1.0716586 1.0756838 1.0966439 1.0914758 1.084727 1.0702268 1.061777 1.0581943 1.0882761 1.0760126 1.0735611 1.0585614 1.0551386 1.0601228 1.0539707
1.0830967 1.1002436 1.1035054 1.08415 1.0919883 1.0609698 1.082913 1.0858682 1.0724523 1.0596148 1.0659083 1.0669817 1.0517899 1.0496213 1.057484 1.04562
1.0988735 1.0860163 1.0927093 1.1006292 1.0852697 1.0774019 1.096539 1.0672685 1.0578884 1.0670953 1.0684956 1.0626934 1.0463743 1.0535308 1.0537636 1.0546744
1.0717653 1.0687542 1.0866374 1.0904826 1.0903822 1.0753059 1.08142 1.06626 1.0581356 1.0691411 1.0695443 1.0794942 1.0551361 1.0601532 1.0563446 1.0626931
1.0788572 1.0787145 1.0641578 1.0645251 1.0732503 1.0557675 1.0601972 1.0526744 1.0736771 1.0759686 1.0835799 1.0852813 1.0594853 1.0656078 1.06397 1.0647284
1.0696278 1.0670162 1.0542686 1.0581464 1.0712405 1.06127 1.0553755 1.0458169 1.0836782 1.0539783 1.079628 1.0620618 1.0644487 1.0487652 1.059117 1.0675617
1.0734022 1.1074845 1.0886407 1.0838586 1.0835259 1.1053649 1.118475 1.1215531 1.0852875 1.1036294 1.0913099 1.0823882 1.0749446 1.1087515 1.113142 1.1023294
1.0756571 1.0693717 1.0893769 1.0851401 1.0947552 1.0547361 1.0837429 1.0580086 1.1040726 1.0902098 1.0854094 1.0989696 1.0918308 1.114387 1.1122907 1.1139741
1.0905505 1.0599067 1.080297 1.0877972 1.072922 1.0563644 1.0754837 1.0708296 1.0797933 1.0921298 1.0886172 1.0892053 1.0858271 1.112721 1.1108258 1.1002492
1.0747685 1.0878768 1.0804781 1.090119 1.0897256 1.0564013 1.0622752 1.0679386 1.0867198 1.1112128 1.1005285 1.0816609 1.0924636 1.1086154 1.1183609 1.1179653
1.0707273 1.0785666 1.0771825 1.0834637 1.0811404 1.061625 1.0696679 1.0664823 1.0832217 1.0891583 1.0921513 1.087289 1.0922503 1.1222687 1.1203575 1.1181595
1.0773356 1.0535972 1.0746272 1.0851493 1.0757694 1.0530148 1.0539639 1.0570755 1.0939763 1.1007743 1.0960444 1.1034342 1.0972737 1.1198813 1.1168329 1.1264586
1.0623046 1.0554767 1.0472645 1.0556217 1.050478 1.055501 1.039152 1.0323155 1.08606 1.0937432 1.1003392 1.090727 1.0922946 1.1073304 1.1102762 1.1118267
1.1061112 1.0400867 1.0948097 1.0870742 1.0803415 1.0369397 1.0436786 1.0369377 1.0818841 1.0860022 1.0923957 1.0941163 1.0738902 1.0906821 1.1038175 1.0837692
1.0806794 1.104033 1.0975733 1.1122259 1.0879239 1.0885552 1.1156117 1.1141794 1.0917989 1.0652889 1.0909321 1.1035256 1.1016794 1.0903819 1.0708354 1.0590758
1.0821389 1.0790777 1.0945637 1.0730386 1.0857122 1.1071922 1.0608767 1.0793369 1.0873084 1.0879166 1.0968826 1.111605 1.1043693 1.0854483 1.0902721 1.0644828
1.0811872 1.0551394 1.0816414 1.0781817 1.0796745 1.0843614 1.0647675 1.0825378 1.1009297 1.0905342 1.091699 1.106218 1.1071197 1.0832833 1.077671 1.0690327
1.0745358 1.0768512 1.0818475 1.064861 1.0706667 1.0808815 1.0584972 1.0746729 1.081448 1.1069155 1.0795217 1.1031257 1.106746 1.0896461 1.0865978 1.0618099
1.0751089 1.0684493 1.0819123 1.0703187 1.0874131 1.0916977 1.0557688 1.0658803 1.1259848 1.0750016 1.09684 1.1202556 1.1169181 1.0813047 1.0853357 1.0671741
1.0610648 1.0641863 1.0782863 1.0508345 1.075497 1.0721192 1.0486926 1.0551181 1.0964208 1.1093373 1.1199307 1.1361353 1.1161116 1.096777 1.0813769 1.0745008
1.0756764 1.0813913 1.059748 1.0509378 1.0603399 1.0641384 1.0590343 1.0467465 1.0965849 1.0927323 1.0979415 1.110847 1.100383 1.0983901 1.0802046 1.062223
1.104358 1.0729454 1.1004478 1.0513681 1.1066576 1.0977038 1.043825 1.0538105 1.0974292 1.0723842 1.0893258 1.1083895 1.1106824 1.077855 1.0792468 1.0603561
1.0837547 1.1145576 1.1046231 1.1347232 1.0944014 1.0949314 1.1300973 1.1215662 1.0698086 1.0817429 1.0767045 1.0859126 1.0763209 1.0807664 1.0671082 1.0566334
1.1014477 1.0753357 1.0997002 1.0830522 1.0889531 1.0950351 1.0622846 1.0848161 1.0679078 1.0624071 1.0903479 1.0837351 1.0884637 1.0737376 1.0731087 1.0546135
1.0956733 1.0671451 1.0853887 1.0758898 1.0923054 1.0969784 1.0399675 1.0582963 1.0858642 1.071757 1.093227 1.0931504 1.0891504 1.0640744 1.0726032 1.0548522
1.08035 1.0640182 1.0873934 1.0652663 1.0804989 1.0761565 1.049691 1.0597233 1.0942379 1.0610732 1.0848848 1.0916382 1.0823343 1.0564787 1.0574836 1.0450562
1.095838 1.073826 1.0865841 1.0797215 1.0801414 1.0784618 1.0620135 1.0711379 1.0842819 1.090768 1.09313 1.085129 1.0909904 1.0756509 1.0541872 1.0515124
1.0763896 1.082739 1.0841069 1.0663244 1.0731553 1.0824016 1.059019 1.0600295 1.0852301 1.0512881 1.1062058 1.1079472 1.1052095 1.079485 1.079826 1.0540649
1.075218 1.0704454 1.064804 1.0536197 1.0655879 1.0583031 1.0621222 1.0477066 1.0929422 1.0873896 1.1009864 1.1135513 1.0951854 1.0759327 1.0719956 1.0668317
1.0818244 1.0527849 1.1028349 1.0510433 1.1097263 1.0983921 1.0479573 1.0544199 1.0839183 1.0686854 1.0810808 1.0822462 1.0931642 1.065001 1.0627844 1.0420533
1.0927751 1.1080372 1.1015542 1.1327746 1.1038195 1.0939602 1.1284107 1.1299527 1.081135 1.0712229 1.086965 1.090897 1.0813919 1.0668238 1.0618143 1.0520607
1.0998279 1.0755459 1.1136035 1.0905707 1.1006914 1.1219244 1.0662016 1.0888304 1.0648552 1.0754788 1.0689543 1.0770063 1.0697923 1.0677994 1.062346 1.0490726
1.097142 1.0799669 1.0904441 1.0780764 1.0864022 1.0881821 1.0613431 1.0853143 1.0823184 1.085914 1.0777397 1.0869057 1.0666797 1.0561634 1.0609272 1.0530726
1.0796976 1.0785233 1.0895246 1.0570529 1.0850172 1.0899671 1.049174 1.0662297 1.0546898 1.0585561 1.0634475 1.0661123 1.0721246 1.064919 1.0640273 1.051253
1.0802195 1.0655067 1.078135 1.0573744 1.0866503 1.0906594 1.0491182 1.0627507 1.0875697 1.0684669 1.0846515 1.0854158 1.0724112 1.0748264 1.0621849 1.0518413
1.0792269 1.0735669 1.0876979 1.068468 1.079396 1.085864 1.0587308 1.0614061 1.05867 1.0620189 1.0800163 1.0851523 1.0788566 1.0723025 1.0663489 1.0495609
1.0460569 1.0685368 1.0620292 1.0555131 1.0693477 1.0628575 1.0557191 1.0544815 1.1010104 1.0728533 1.0905155 1.0850667 1.0895983 1.0761161 1.0691909 1.0536791
1.0909196 1.0589147 1.1014603 1.054782 1.1115805 1.1044809 1.0487242 1.0498408 1.0618743 1.0599036 1.080946 1.0759456 1.0846808 1.0723321 1.0802151 1.056394
1.0912352 1.1076435 1.102407 1.1312526 1.0946496 1.1081983 1.1325747 1.1413008 1.0673435 1.0684341 1.0738801 1.0817267 1.0834695 1.0685616 1.0551046 1.0451363
1.1006851 1.0779701 1.1046754 1.0928721 1.0965108 1.1201279 1.0837643 1.0968432 1.0847344 1.0665284 1.0850767 1.0830003 1.091786 1.0604919 1.0791398 1.0630144
1.0873393 1.0963296 1.099114 1.0860349 1.0903018 1.0979962 1.066887 1.0759822 1.0735228 1.0743365 1.0766969 1.0733162 1.0797343 1.0627497 1.058987 1.0495424
1.1159091 1.0949718 1.0972182 1.077359 1.100128 1.097744 1.059539 1.0741427 1.0941932 1.0761104 1.0706054 1.0793824 1.0866113 1.0673399 1.058619 1.043709
1.0951 1.0666221 1.0876039 1.0705539 1.0852484 1.0805984 1.0505143 1.0683349 1.086867 1.0642118 1.0789841 1.0831805 1.0780542 1.0558585 1.0594072 1.0521088
1.0784036 1.0769705 1.0918738 1.0642042 1.0845573 1.0887479 1.0591252 1.0626915 1.0727887 1.0697714 1.0718632 1.0835482 1.0696081 1.06825 1.0663546 1.054868
1.0763041 1.0767297 1.0596769 1.0545579 1.0666096 1.0654536 1.0699947 1.0536495 1.0894836 1.0668094 1.0852613 1.0961694 1.0821575 1.0551188 1.0619979 1.0556866
1.0957744 1.0577086 1.0994092 1.0469948 1.1087948 1.1087096 1.041292 1.0442098 1.0618889 1.0690092 1.0686496 1.0783321 1.0784472 1.0690608 1.0753025 1.0505712
1.093573 1.0970544 1.104667 1.1364974 1.0964056 1.1047763 1.1318755 1.1179425 1.0832024 1.0506219 1.0835238 1.0878538 1.0865197 1.0585554 1.0491219 1.0531245
1.1027542 1.0883553 1.1202466 1.0959622 1.0940051 1.0997026 1.0728954 1.0984674 1.0719452 1.0725509 1.0778615 1.0780965 1.0830183 1.0564276 1.05408 1.0423532
1.0879331 1.063614 1.0935686 1.078745 1.0937319 1.093752 1.0486029 1.0523754 1.0822781 1.0628096 1.0680436 1.076877 1.0707586 1.0431571 1.0477633 1.0388259
1.0650737 1.065114 1.0845087 1.0621188 1.0737236 1.0768181 1.0427619 1.0560014 1.0604945 1.0712795 1.0592576 1.0607522 1.0593172 1.0485123 1.0427465 1.0383227
1.0718576 1.0696815 1.0805337 1.0602293 1.0747703 1.077301 1.0529724 1.0617603 1.073776 1.0617733 1.0643995 1.0677583 1.0660028 1.0491669 1.0429935 1.0453231
1.0757661 1.0539323 1.0905625 1.0527146 1.0854539 1.0768809 1.0491269 1.0520175 1.0752207 1.0575907 1.0742874 1.0739975 1.0706497 1.052166 1.0548533 1.0453453
1.069046 1.0433158 1.0620182 1.0576433 1.0650526 1.0603222 1.0561414 1.0575874 1.093091 1.0567987 1.0748087 1.0827546 1.0777538 1.0538527 1.0484957 1.0518619
1.112111 1.0528171 1.1008277 1.0517917 1.1073586 1.0996925 1.0485041 1.0575833 1.0890393 1.0573318 1.0649278 1.0862155 1.0836118 1.0527699 1.0585251 1.0486441
1.089899 1.0904309 1.0913197 1.1075118 1.0899228 1.0927345 1.1184521 1.1152425 1.0632092 1.0573834 1.0601423 1.059041 1.0644268 1.056341 1.0574596 1.0531762
1.0829585 1.0769488 1.0904989 1.0904179 1.0809886 1.0842577 1.0619721 1.0531952 1.0619724 1.0575982 1.0690408 1.0685841 1.0577039 1.0617794 1.053975 1.0557785
1.0856556 1.0614669 1.0851232 1.0626159 1.0847969 1.0822967 1.0415016 1.0570481 1.0787442 1.0515735 1.0592276 1.0643976 1.0576481 1.0596433 1.0519123 1.0449971
1.0897183 1.0558554 1.0754824 1.0652902 1.0824062 1.081312 1.0463127 1.0697229 1.0820702 1.0637523 1.0517718 1.0520908 1.0570239 1.053121 1.0419538 1.038344
1.085163 1.0619386 1.0727838 1.0612719 1.0691493 1.0750483 1.0498391 1.0605882 1.0639638 1.0564554 1.0556154 1.0548134 1.055684 1.0522555 1.0490499 1.038229
1.074761 1.0795637 1.0864912 1.0568367 1.0900594 1.0812012 1.0503517 1.0504026 1.0658152 1.0622395 1.0668064 1.0608472 1.054805 1.0586079 1.0490518 1.047657
1.0794632 1.0468267 1.0656887 1.0488849 1.0550569 1.0737427 1.0599015 1.0439886 1.0668958 1.0692943 1.0763221 1.0626417 1.0601096 1.0605389 1.0604125 1.0487002
1.0929669 1.0774164 1.0940442 1.0511893 1.1037774 1.0841693 1.0421517 1.0407461 1.066247 1.0563186 1.0532215 1.0494475 1.0489243 1.0588521 1.0497103 1.0494609
1.0871032 1.0802457 1.0804737 1.096331 1.0656521 1.107881 1.0564035 1.0782083 1.0807213 1.0696849 1.0948188 1.0862803 1.1055206 1.0390072 1.0505133 1.0442383
1.0491503 1.0460643 1.0804868 1.0647229 1.0748463 1.0561421 1.0521408 1.0451614 1.0852021 1.0719172 1.0962887 1.0931839 1.1054479 1.0452135 1.0528275 1.0556283
1.0398611 1.0735095 1.0622073 1.071969 1.0701773 1.0619035 1.0624843 1.0535694 1.0931722 1.0428021 1.0878081 1.0838028 1.0959215 1.0328344 1.038636 1.0318663
1.0698392 1.0808916 1.0893822 1.0731088 1.0714573 1.082822 1.0678247 1.0467656 1.0684282 1.0420605 1.0813583 1.0750049 1.0847181 1.0345755 1.0390774 1.0401175
1.0771105 1.0451858 1.090784 1.0508299 1.0889447 1.059077 1.0863417 1.0378923 1.0757053 1.0449638 1.083086 1.0833803 1.0993699 1.0381087 1.0339757 1.043569
1.0641066 1.0511111 1.0793892 1.0542703 1.0822433 1.0483859 1.0741763 1.0357116 1.1121935 1.0588933 1.0919932 1.1048857 1.1180536 1.0465816 1.0500269 1.0525551
1.0636356 1.0493525 1.0544527 1.0433054 1.0614638 1.035783 1.0391321 1.051635 1.088914 1.0737131 1.0978687 1.0901043 1.1068248 1.0462408 1.0603364 1.0464822
1.0793337 1.0537126 1.0709634 1.0477599 1.0748835 1.0406461 1.0720226 1.0327097 1.0664781 1.0356655 1.0813915 1.0891068 1.0743848 1.0346993 1.0482246 1.042117
1.0811347 1.0803058 1.0809153 1.0644474 1.0771879 1.0459932 1.0537077 1.0242528 1.0950675 1.0757003 1.0770423 1.0711572 1.0692605 1.0452483 1.0428432 1.0239589
1.1237943 1.0605333 1.0608921 1.1143811 1.0950829 1.0396881 1.0456779 1.0506793 1.1140616 1.1080341 1.0641171 1.0702938 1.0619199 1.0736153 1.0694383 1.0612489
1.0800925 1.054726 1.0885903 1.0601178 1.0370442 1.0101358 1.0548059 1.0502117 1.092602 1.0924517 1.068829 1.0692068 1.0554417 1.072732 1.067929 1.0652277
1.0774794 1.0612845 1.0828786 1.0670377 1.0385673 1.0327576 1.0577807 1.0590414 1.0962627 1.088403 1.077863 1.0739102 1.0614302 1.065768 1.0722139 1.0590607
1.0867339 1.0813931 1.0776782 1.0630608 1.0342832 1.0311517 1.0688772 1.0607693 1.0727307 1.0893831 1.074781 1.0720519 1.0611284 1.081994 1.0697333 1.0614591
1.0790344 1.0747199 1.0864666 1.05542 1.0396043 1.0349107 1.0709869 1.0520668 1.0971648 1.1234901 1.0733345 1.0762098 1.0583174 1.089912 1.0858748 1.0715895
1.0591265 1.0858693 1.060873 1.0282505 1.0310366 1.0271586 1.0659205 1.0128322 1.120418 1.106211 1.0861686 1.0793226 1.0710993 1.0768249 1.0862275 1.0695138
1.043221 1.0454369 1.0451565 1.0326635 1.0103796 1.0095925 1.0311929 1.0142584 1.1104503 1.0684676 1.041435 1.0899409 1.0938286 1.082363 1.0662086 1.0317714
1.0989736 1.0880556 1.0826714 1.0615652 1.0716054 1.0806838 1.0660776 1.0790892 1.1103259 1.0715606 1.0617021 1.0465263 1.090642 1.1146507 1.0543895 1.067225
1.1172104 1.1026584 1.0594698 1.1035793 1.0784606 1.0570717 1.1043766 1.0951173 1.1088077 1.1037579 1.0523154 1.0510763 1.0768293 1.1038574 1.080885 1.1080796
1.0758607 1.080357 1.0828394 1.0649061 1.0285453 1.0929112 1.064692 1.032906 1.0942707 1.1091781 1.0595807 1.0581083 1.0869759 1.1039269 1.0888586 1.1110502
1.0633036 1.0696645 1.0778778 1.0715928 1.0297099 1.0718765 1.0598878 1.0311562 1.1071167 1.112275 1.0528659 1.0581863 1.0830435 1.118903 1.0938821 1.1128364
1.0729249 1.0752243 1.0753753 1.0582695 1.0368912 1.0769784 1.0593026 1.0314875 1.0984336 1.0987327 1.060888 1.0597383 1.0935557 1.1202145 1.0925993 1.1051651
1.0686424 1.082765 1.0762967 1.0516516 1.0287123 1.079405 1.0469604 1.0344545 1.1275328 1.1281939 1.0599804 1.0688692 1.1076831 1.1254275 1.117709 1.1306449
1.0753351 1.0869263 1.060499 1.0322113 1.0272192 1.0647423 1.0302223 1.0319991 1.1280164 1.1404127 1.0646478 1.0719248 1.1043905 1.1200807 1.0874406 1.1276411
1.0305924 1.0410317 1.0443957 1.030664 1.0141342 1.0534763 1.032345 1.0177542 1.10452 1.0585822 1.0725254 1.0481294 1.0576159 1.1053251 1.1243455 1.0603689
1.0935038 1.0800104 1.0765285 1.0754726 1.0710857 1.0801464 1.0613956 1.0724071 1.0856451 1.0552262 1.1005254 1.0811712 1.0381907 1.0788299 1.0352964 1.0466938
1.0989275 1.1163563 1.0928621 1.0510147 1.1087683 1.0611525 1.1242802 1.104503 1.0590862 1.0510412 1.0878861 1.089305 1.0340825 1.0707381 1.0344591 1.0552819
1.0650818 1.0814534 1.036322 1.0943401 1.0538222 1.1001378 1.0607185 1.0369283 1.0735812 1.0735397 1.0868958 1.0887315 1.0362384 1.0629185 1.0373499 1.058457
1.0683612 1.0635839 1.0351529 1.0701315 1.0538886 1.066059 1.0516316 1.0266535 1.0777075 1.0774806 1.1007879 1.0978444 1.03158 1.0670617 1.0140195 1.055354
1.0608462 1.0669532 1.0290899 1.0711727 1.0590501 1.0746083 1.0563549 1.0317665 1.0763499 1.0575584 1.0962005 1.092288 1.0382006 1.0589521 1.0284821 1.0561987
1.0979241 1.0668923 1.0336651 1.0768884 1.0552918 1.075648 1.050555 1.0302161 1.0711749 1.082397 1.0994837 1.1099441 1.0165454 1.0559878 1.0307373 1.0515845
1.0668257 1.0805476 1.0276407 1.0730615 1.0302464 1.0633767 1.0340854 1.0273479 1.0730525 1.0757357 1.1020503 1.0995479 1.0384201 1.0746119 1.0332482 1.0680602
1.0402997 1.0606472 1.0191973 1.0608113 1.0420299 1.0554332 1.0371225 1.0166909 1.0903225 1.050134 1.1018006 1.0777544 1.0316477 1.0388417 1.0738226 1.0529453
1.0930418 1.1007273 1.0974329 1.0904304 1.0864081 1.1006229 1.0785294 1.0916975 1.073948 1.069778 1.0851758 1.0609834 1.0395441 1.0648068 1.0306883 1.0520928
1.1072775 1.133089 1.1097332 1.067036 1.1215906 1.0809956 1.1277374 1.1046519 1.0662473 1.0796896 1.076678 1.0708499 1.0237647 1.0544337 1.0338577 1.0560709
1.0687796 1.0769539 1.0302618 1.0881634 1.0673443 1.0904639 1.0591686 1.03398 1.0694835 1.0668638 1.07179 1.0761367 1.0277368 1.051525 1.0335178 1.0571326
1.0814518 1.0715898 1.0264672 1.0752902 1.0510502 1.0693127 1.0611144 1.0310687 1.0716401 1.0759565 1.0769618 1.0739341 1.0329007 1.0580822 1.030767 1.0526795
1.0635577 1.076619 1.0280068 1.0684242 1.0447341 1.0716529 1.0508639 1.0357028 1.0551486 1.0660522 1.0681977 1.0632617 1.0277685 1.052395 1.02541 1.0546789
1.0666008 1.0817074 1.0334767 1.0723512 1.056667 1.0784259 1.0577984 1.034332 1.0661242 1.0861118 1.0802817 1.071552 1.0351628 1.067395 1.0308723 1.0507984
1.0591424 1.0886617 1.0305846 1.0708287 1.0325282 1.075874 1.0371755 1.0285226 1.0888522 1.0787787 1.0822719 1.086996 1.0383848 1.0588033 1.0295594 1.0603722
1.0649835 1.0540166 1.0187413 1.0649828 1.0412693 1.0681707 1.03928 1.0224845 1.0558919 1.0738629 1.088867 1.0657114 1.0337231 1.032907 1.0587858 1.0549626
1.1075984 1.1116642 1.088079 1.0899633 1.058455 1.0811808 1.0737867 1.091742 1.0876598 1.0738113 1.0867175 1.0625465 1.0352263 1.0683234 1.0217913 1.0472289
1.117967 1.1224798 1.1042082 1.0560603 1.1204629 1.066167 1.120424 1.1042987 1.0675905 1.0750082 1.0680656 1.0659952 1.026972 1.0556741 1.0404176 1.0602127
1.062864 1.0901715 1.0380627 1.1032186 1.063116 1.1043212 1.072617 1.0359207 1.09291 1.0788062 1.070106 1.0721005 1.0298655 1.055426 1.0288564 1.0580986
1.0753568 1.0696123 1.02959 1.0699161 1.062345 1.0759699 1.0593469 1.034693 1.057614 1.0684453 1.0717008 1.0644523 1.0345665 1.0523189 1.0317556 1.0486633
1.071595 1.0716597 1.0282149 1.0825154 1.0469118 1.075541 1.0538813 1.0341178 1.0772803 1.0696502 1.0659122 1.0752454 1.0370848 1.0515065 1.0255687 1.052105
1.0901343 1.0794145 1.0339445 1.079978 1.0613948 1.0755585 1.0439056 1.0281249 1.1028601 1.0594435 1.0871092 1.063132 1.0328423 1.0591283 1.026462 1.0487098
1.0869341 1.0861207 1.0386811 1.0780385 1.0369225 1.0774305 1.0355227 1.034874 1.082568 1.0934299 1.0789949 1.0887811 1.0396442 1.064788 1.0319855 1.0691005
1.0605744 1.0263392 1.020073 1.0581222 1.0390702 1.0598965 1.0382332 1.0192405 1.0799437 1.0939769 1.0834717 1.0719604 1.031425 1.0373158 1.071063 1.0612642
1.1090918 1.1139503 1.0837873 1.0803013 1.0737382 1.0875567 1.0744536 1.0909804 1.0926874 1.0809757 1.0855072 1.0619147 1.0347215 1.0579447 1.0292785 1.0441941
1.113094 1.1107255 1.1041334 1.0643289 1.1222285 1.0561566 1.1114328 1.0998168 1.079264 1.061949 1.0754356 1.0732838 1.0309823 1.0479579 1.0314748 1.04596
1.0918536 1.0818638 1.0387973 1.1033136 1.0626236 1.0902658 1.0654951 1.0347503 1.0843982 1.0872933 1.0690129 1.0713644 1.031587 1.0383801 1.0270889 1.0416896
1.092057 1.0669355 1.0363808 1.0799718 1.0688809 1.0707225 1.0584111 1.0284427 1.0752436 1.0701585 1.0702853 1.0591906 1.0284996 1.043371 1.0248199 1.0392092
1.065939 1.0942416 1.0330728 1.0743335 1.0551066 1.0823482 1.0469412 1.0308939 1.0698434 1.0794127 1.05769 1.0676727 1.0335777 1.0431147 1.0303054 1.0388713
1.0751253 1.0766622 1.0362364 1.0763159 1.0501784 1.0700703 1.0497599 1.0335861 1.0758219 1.0908132 1.0761784 1.0728611 1.0301365 1.0424992 1.0320389 1.0454844
1.0671941 1.0929321 1.0307492 1.0656979 1.0296444 1.0732144 1.0310746 1.0329616 1.08951 1.0742404 1.084488 1.088516 1.0330242 1.0494527 1.0327781 1.0506397
1.0555788 1.0602155 1.015404 1.0536958 1.0381649 1.0564632 1.0382121 1.0174508 1.0950124 1.0634893 1.0865747 1.0709924 1.033974 1.0371809 1.0476388 1.0406486
1.1177409 1.1034231 1.0889252 1.0757008 1.0693585 1.0907836 1.0815918 1.0790046 1.0758033 1.058356 1.0673041 1.0531819 1.0287648 1.0379802 1.0261632 1.023045
1.1066405 1.110903 1.1014823 1.0653412 1.1291224 1.0643929 1.1260005 1.085952 1.0778518 1.0705177 1.0624179 1.0621073 1.0281787 1.0349289 1.0337514 1.0325639
1.0722798 1.0874621 1.034663 1.0896419 1.0564249 1.0904844 1.0628059 1.0179642 1.0848342 1.088023 1.0575292 1.0561808 1.0254807 1.0329279 1.0275807 1.0255886
1.0695525 1.0702761 1.0326473 1.0742742 1.0658044 1.0738709 1.0602673 1.0262746 1.0680517 1.0570523 1.0589037 1.0523093 1.0310193 1.0248078 1.0210173 1.021486
1.0805936 1.0810461 1.0272368 1.0783347 1.0470223 1.0787038 1.0627779 1.0320171 1.0713797 1.0560623 1.0527421 1.0538114 1.023384 1.0256314 1.0237756 1.0237027
1.0760134 1.0924169 1.0299089 1.0744131 1.0458535 1.0722834 1.0575929 1.040132 1.0638063 1.0863547 1.0533357 1.0560864 1.0251184 1.0249035 1.0284667 1.0327053
1.0854707 1.0838914 1.0322268 1.0625201 1.0312662 1.0697408 1.0299704 1.0261433 1.0870961 1.0736839 1.0618044 1.0679189 1.0312315 1.0350814 1.0297183 1.0310152
1.0663992 1.0485113 1.0186391 1.0553081 1.0367486 1.0580782 1.04213 1.0168122 1.0908618 1.0637729 1.0690558 1.0539848 1.0247486 1.0351957 1.0304657 1.0298873
1.1042689 1.0745124 1.0485684 1.0783272 1.0813413 1.0650172 1.0538244 1.0275797 1.0597937 1.0507157 1.0515362 1.0386035 1.0421481 1.0370039 1.0199785 1.0063095
1.109802 1.0457882 1.0515585 1.0966607 1.0608126 1.1068634 1.039144 1.0460304 1.056211 1.0617723 1.0473723 1.0544482 1.0422003 1.0429645 1.0098199 1.0234073
1.0803819 1.0511944 1.0247631 1.0393966 1.0867455 1.0614682 1.0508144 1.0501846 1.0630357 1.0669501 1.0506074 1.0468093 1.0402696 1.0311162 1.0231137 1.0146793
1.0732236 1.0687642 1.0297228 1.0292737 1.0685706 1.0542443 1.0583949 1.0622466 1.0571134 1.0597285 1.0472246 1.0502282 1.0307192 1.0297849 1.0139195 1.0198106
1.093707 1.0836527 1.0334836 1.0317123 1.0787644 1.0615572 1.0666119 1.058049 1.0406646 1.0512241 1.042207 1.04764 1.0313458 1.030415 1.0159166 1.0072454
1.0611477 1.0669221 1.0349416 1.039654 1.0815499 1.0534775 1.0787222 1.0523785 1.0565171 1.0564773 1.0537158 1.0528504 1.0314436 1.0378829 1.0200791 1.0200337
1.0679958 1.0895504 1.0246252 1.028671 1.0632579 1.029647 1.0567849 1.0110514 1.0391783 1.0589333 1.0572848 1.0568489 1.0453048 1.039127 1.0073658 1.0062492
1.056157 1.0437732 1.0159878 1.0202268 1.0501652 1.0390663 1.0372244 1.0152856 1.062778 1.0467753 1.0614842 1.0328276 1.0388403 1.0327126 1.0064534 1.0259712
1.1044815 1.1291828 1.0527669 1.0708566 1.0447612 1.1192521 1.1121503 1.0777421 1.1124803 1.1242254 1.069869 1.0452765 1.0530381 1.1023335 1.0746086 1.104185
1.1015134 1.0850672 1.0749714 1.091417 1.065721 1.0802007 1.0659759 1.0435559 1.1233348 1.117728 1.0686877 1.0717527 1.0496566 1.100319 1.0980562 1.1042715
1.1308619 1.0916253 1.1119215 1.0746423 1.0638683 1.0810282 1.0541847 1.0538896 1.0967363 1.105556 1.0661546 1.0638102 1.0463996 1.1054589 1.1068698 1.1180551
1.0762217 1.0929742 1.0940822 1.0658337 1.0575206 1.0759971 1.0452775 1.0493022 1.1113188 1.1101581 1.0693897 1.059229 1.0507045 1.1055675 1.0938432 1.113133
1.09853 1.076007 1.1080577 1.0694388 1.0602561 1.0702585 1.052598 1.0437689 1.1070427 1.0979866 1.0622627 1.0848293 1.053263 1.1058915 1.1101823 1.1098253
1.0883123 1.0839552 1.0906268 1.059875 1.0563763 1.0517253 1.0455303 1.0339766 1.1225798 1.0998946 1.0691006 1.0773761 1.0533884 1.1086712 1.1194172 1.1188141
1.0839106 1.0427854 1.0391606 1.0710135 1.0475111 1.0391533 1.0163499 1.0190912 1.1045618 1.1200775 1.0789661 1.0516856 1.0576998 1.1197656 1.0726688 1.1195728
1.0944558 1.0363845 1.0819728 1.0778365 1.0579852 1.0278984 1.0185155 1.015314 1.0856838 1.0780276 1.0662106 1.0775902 1.0491174 1.1013632 1.0999085 1.0957439
1.101393 1.096883 1.0645682 1.1126739 1.0513515 1.0614376 1.1185067 1.1163648 1.112903 1.0810502 1.0924472 1.0968041 1.0889319 1.0680735 1.0514764 1.0865028
1.0977204 1.0754511 1.0992714 1.0487797 1.0904461 1.0828594 1.0624394 1.0439485 1.1099279 1.0857508 1.0902469 1.087018 1.1010863 1.0574409 1.058119 1.076756
1.0786207 1.0677047 1.0599775 1.0522271 1.1030344 1.0747728 1.080962 1.0509006 1.1003329 1.0826514 1.0896574 1.0975462 1.0891609 1.0637264 1.055876 1.0840291
1.0708567 1.067428 1.0543944 1.0404959 1.0878816 1.0622439 1.0705686 1.0484209 1.0964525 1.1066327 1.0841618 1.0965071 1.0903943 1.0584445 1.0239391 1.0866549
1.0821267 1.0905267 1.0616748 1.0534617 1.093212 1.0634366 1.074813 1.0490607 1.1084027 1.07333 1.08241 1.1032469 1.1054593 1.0237826 1.0505899 1.0841594
1.0823998 1.082612 1.0601254 1.0412956 1.0940523 1.0633886 1.0503898 1.0351901 1.1204709 1.0838281 1.0989434 1.1054043 1.1226904 1.0529091 1.0607039 1.082732
1.0748352 1.0575844 1.0443201 1.0168766 1.042087 1.0676669 1.0423839 1.0178602 1.1217588 1.0900581 1.0985876 1.1115359 1.0895061 1.0622027 1.0590668 1.0895728
1.105244 1.0602083 1.0859127 1.01704 1.096131 1.0863659 1.0375044 1.0218484 1.0857913 1.0818727 1.0855124 1.0851136 1.0911944 1.0541911 1.0558279 1.0622449
1.1131705 1.1063851 1.0728276 1.1131928 1.0548424 1.0751921 1.1271886 1.1196598 1.0816001 1.0793575 1.0953554 1.0708153 1.0598657 1.0593015 1.0471781 1.0776515
1.1034383 1.0737244 1.0851296 1.056113 1.0784061 1.09088 1.0815058 1.0607351 1.0873225 1.0975535 1.1041638 1.0635523 1.0619799 1.0518507 1.0572962 1.0828407
1.0912037 1.0735687 1.0767126 1.0513332 1.1077026 1.0648676 1.0711218 1.04653 1.0793189 1.0855488 1.1122221 1.0650762 1.0672767 1.0612552 1.0547211 1.0827082
1.1044923 1.0787797 1.0673575 1.0399438 1.0972323 1.0594282 1.0628588 1.0450255 1.064746 1.071747 1.0919386 1.0529072 1.0267328 1.0434283 1.0465595 1.0657777
1.1066227 1.0851114 1.0684707 1.0508984 1.1024014 1.068416 1.0786095 1.0502416 1.0689317 1.0794675 1.1062133 1.022984 1.0580628 1.0507569 1.0500938 1.0746214
1.1037776 1.0915669 1.070067 1.045248 1.0872847 1.0490991 1.0566716 1.0378422 1.0886977 1.0753161 1.1228237 1.0720376 1.0644933 1.0651097 1.0555307 1.0750092
1.0858126 1.0744793 1.0481641 1.0215361 1.0504729 1.0746243 1.0404305 1.0228353 1.1024607 1.0862327 1.117074 1.0751776 1.0711884 1.0588766 1.0505072 1.070984
1.0909929 1.0579243 1.086344 1.0202448 1.0912901 1.084408 1.0319873 1.0191671 1.0730927 1.0607377 1.0882046 1.0634738 1.0651245 1.047938 1.0397712 1.0593323
1.1183465 1.1306114 1.0793685 1.1300076 1.0547636 1.0742525 1.1304673 1.1160835 1.095907 1.0891157 1.0969234 1.0677367 1.0562676 1.0551763 1.0470915 1.079596
1.149417 1.071506 1.103205 1.0553877 1.0975652 1.1020093 1.0767492 1.0581332 1.0789573 1.0871135 1.0790726 1.0542014 1.0499626 1.0397431 1.051779 1.0681525
1.0874447 1.0714577 1.0691344 1.0547056 1.1099024 1.0706956 1.0800664 1.0513327 1.0665169 1.0534406 1.0872023 1.054155 1.0575068 1.0424198 1.0332237 1.0548859
1.088443 1.0957367 1.0685867 1.045569 1.0950274 1.0601866 1.0652006 1.0472791 1.0762597 1.0638852 1.0832701 1.0565234 1.0546829 1.038513 1.0431684 1.0591973
1.1092079 1.075565 1.0665765 1.043704 1.1096144 1.0756674 1.0712657 1.0517774 1.0866878 1.0876334 1.1015142 1.0643405 1.0645361 1.0507919 1.0455928 1.0734528
1.1023728 1.1094755 1.05859 1.0478709 1.1013504 1.0693461 1.0618713 1.0407263 1.0835557 1.0728201 1.0998989 1.0782896 1.0623608 1.0621599 1.048527 1.0786828
1.091991 1.0700485 1.0496769 1.0224916 1.0523369 1.0782362 1.044134 1.0243925 1.0948731 1.1018629 1.1067462 1.0733883 1.0608146 1.0624647 1.0503981 1.0953659
1.1243567 1.064204 1.0876695 1.017416 1.0995889 1.0878347 1.0309854 1.0214392 1.0628781 1.0677396 1.0875703 1.0688864 1.0579854 1.046859 1.0480033 1.0608913
1.1239693 1.1040671 1.0740554 1.1190238 1.0612578 1.0827258 1.1275278 1.1219102 1.1161796 1.0900507 1.0988437 1.070317 1.0563861 1.0468266 1.0445751 1.0701349
1.1092572 1.0944997 1.0990428 1.0559276 1.0860665 1.0978749 1.0846015 1.0585315 1.0916176 1.079715 1.0906224 1.0583669 1.0749105 1.042819 1.0472282 1.0615901
1.107231 1.094721 1.0670067 1.0478209 1.1107283 1.0638053 1.0838445 1.0553766 1.081371 1.0952986 1.09852 1.069717 1.056239 1.0345011 1.0411614 1.0614009
1.0856357 1.097761 1.0641792 1.0540146 1.1025745 1.0677614 1.0849645 1.0566701 1.0790901 1.0591033 1.0814432 1.0548133 1.0566244 1.041731 1.0395027 1.0555773
1.0960369 1.1063893 1.0647354 1.0487578 1.1050793 1.0674176 1.0702363 1.0429201 1.0980772 1.0784822 1.0945444 1.061036 1.055955 1.0415109 1.0413305 1.0618945
1.1103791 1.0948898 1.0674714 1.0438223 1.1094414 1.0683291 1.0558023 1.0410079 1.0901926 1.0875926 1.0969609 1.0665648 1.0632315 1.0491871 1.0473003 1.0687194
1.0752993 1.077352 1.0512208 1.0244517 1.0565774 1.0798606 1.0495945 1.0244975 1.0871749 1.1048965 1.1054746 1.071073 1.0673393 1.0578191 1.0490226 1.0808288
1.0957816 1.0628482 1.0863062 1.0183766 1.0958666 1.0956786 1.0296634 1.021254 1.078801 1.0730233 1.0933256 1.061261 1.0606618 1.060164 1.0426848 1.0728614
1.1083256 1.1224005 1.084603 1.1150573 1.05657 1.0799668 1.1203481 1.121081 1.0979283 1.0787548 1.1025164 1.0648414 1.0602416 1.038252 1.03016 1.0532066
1.0960938 1.0952855 1.0916895 1.0638899 1.0816435 1.093513 1.0927289 1.0588006 1.0955777 1.0860817 1.08374 1.0530107 1.052854 1.030946 1.0436081 1.0468572
1.0612961 1.065938 1.0547167 1.0520121 1.1001203 1.0623076 1.076182 1.0449368 1.0939246 1.0801438 1.0810032 1.0561036 1.048952 1.0350242 1.0287489 1.0378715
1.0679734 1.0841603 1.0695736 1.0518124 1.1019188 1.0620522 1.0666188 1.0361795 1.065471 1.0728412 1.0683302 1.0496897 1.0414568 1.0288842 1.027458 1.0387074
1.097795 1.0932598 1.060202 1.0452832 1.097656 1.0553867 1.0681406 1.0477977 1.09083 1.0610092 1.0845586 1.0460595 1.0505273 1.0283093 1.0308312 1.0378317
1.0935147 1.0920631 1.0731729 1.0420661 1.1001096 1.0689512 1.0614002 1.0435997 1.0882032 1.0915718 1.0962541 1.0599731 1.0589446 1.0450214 1.037934 1.0609919
1.0812546 1.0665187 1.0455832 1.0185395 1.048334 1.0728562 1.0481553 1.0215263 1.1039594 1.0658473 1.1035383 1.0628618 1.0656142 1.0332613 1.0400974 1.0513966
1.1309052 1.0465707 1.0888128 1.016994 1.089691 1.0940967 1.0338243 1.0217528 1.0833312 1.0817986 1.0944642 1.0602891 1.0590502 1.032495 1.0371807 1.045075
1.1117191 1.119225 1.0783031 1.1185197 1.0517007 1.046793 1.1224899 1.076139 1.0926335 1.0817525 1.0509298 1.0681894 1.0368633 1.0413102 1.027908 1.0105613
1.1038657 1.0895654 1.0889536 1.0512074 1.0857162 1.0751473 1.0788121 1.019762 1.0804112 1.0760511 1.05277 1.075282 1.044663 1.0534799 1.0244259 1.0249934
1.0896659 1.0553144 1.065373 1.0447156 1.0960697 1.0238996 1.0668507 1.0450394 1.0757835 1.0425953 1.0443878 1.0682683 1.0467805 1.0387222 1.024636 1.0210689
1.0869721 1.0744404 1.0659218 1.0465494 1.0957154 1.0602638 1.0734692 1.0514199 1.0965513 1.0555413 1.0342535 1.0683141 1.043659 1.0373642 1.017408 1.0154669
1.0868417 1.0853168 1.0663867 1.0457169 1.0980526 1.0626177 1.0741596 1.0520315 1.0737462 1.0561391 1.045758 1.0644451 1.0417347 1.0413601 1.0206146 1.0081302
1.0921571 1.0719284 1.0619687 1.0393298 1.094688 1.0675807 1.0510552 1.0379828 1.0975353 1.0842488 1.0530243 1.0716461 1.0441816 1.0466645 1.0086956 1.0231862
1.0956502 1.0624537 1.0492556 1.0198492 1.043649 1.0793474 1.0507203 1.0214863 1.0689838 1.0687069 1.0563536 1.0699898 1.0454198 1.0404968 1.024744 1.0070733
1.1166668 1.0714569 1.0873036 1.0163058 1.0861775 1.0756437 1.0358797 1.0205593 1.0829101 1.0891603 1.041302 1.0666491 1.0380484 1.0447743 1.0093879 1.0074712
1.0716139 1.0794822 1.0567174 1.0978832 1.0575647 1.0800381 1.033975 1.0697888 1.1095572 1.0717967 1.0853435 1.0642972 1.0741421 1.0373869 1.0226064 1.0111885
1.0551214 1.0505378 1.0593226 1.0429388 1.0482067 1.0170188 1.0512085 1.0604405 1.11057 1.0631206 1.0746807 1.0794135 1.0823456 1.029589 1.0197784 1.0147057
1.0508909 1.062252 1.0601507 1.039505 1.0198468 1.0377508 1.077164 1.06482 1.101683 1.0346509 1.076457 1.0678906 1.0755582 1.0229486 1.0182763 1.0149552
1.0762024 1.0810015 1.0571172 1.048532 1.0600468 1.0537649 1.0850084 1.0751979 1.0780786 1.046591 1.0765046 1.068156 1.0784594 1.0210634 1.0162011 1.0119159
1.0864937 1.0587798 1.0726904 1.0448315 1.0704525 1.0510772 1.1083096 1.0688088 1.0947068 1.0435721 1.0771931 1.0829148 1.0862818 1.0190926 1.0134425 1.0075787
1.0882939 1.0880586 1.0623212 1.0359461 1.0637627 1.0431068 1.0879483 1.0160891 1.1217941 1.0673085 1.0862893 1.0891923 1.0894403 1.0350567 1.0054766 1.0197595
1.0893754 1.0726334 1.0381439 1.021709 1.0432507 1.0212045 1.0379854 1.0663757 1.1031483 1.0624697 1.0852919 1.0761703 1.0914265 1.0309656 1.0190072 1.009471
1.1077598 1.0553505 1.0579973 1.0153422 1.069412 1.0187141 1.0658562 1.0114065 1.0841049 1.0596547 1.062719 1.0719284 1.0687711 1.0324363 1.0084783 1.0084647
1.0 1.0 1.0 1.0 1.0 1.0 1.0 1.0 1.0 1.0 1.0 1.0 1.0 1.0 1.0 1.0
1.0 1.0 1.0 1.0 1.0 1.0 1.0 1.0 1.0 1.0 1.0 1.0 1.0 1.0 1.0 1.0
1.0 1.0 1.0 1.0 1.0 1.0 1.0 1.0 1.0 1.0 1.0 1.0 1.0 1.0 1.0 1.0
1.0 1.0 1.0 1.0 1.0 1.0 1.0 1.0 1.0 1.0 1.0 1.0 1.0 1.0 1.0 1.0
1.0 1.0 1.0 1.0 1.0 1.0 1.0 1.0 1.0 1.0 1.0 1.0 1.0 1.0 1.0 1.0
1.0 1.0 1.0 1.0 1.0 1.0 1.0 1.0 1.0 1.0 1.0 1.0 1.0 1.0 1.0 1.0
1.0 1.0 1.0 1.0 1.0 1.0 1.0 1.0 1.0 1.0 1.0 1.0 1.0 1.0 1.0 1.0
1.0 1.0 1.0 1.0 1.0 1.0 1.0 1.0 1.0 1.0 1.0 1.0 1.0 1.0 1.0 1.0
1.0 1.0 1.0 1.0 1.0 1.0 1.0 1.0 1.0 1.0 1.0 1.0 1.0 1.0 1.0 1.0
1.0 1.0 1.0 1.0 1.0 1.0 1.0 1.0 1.0 1.0 1.0 1.0 1.0 1.0 1.0 1.0
1.0 1.0 1.0 1.0 1.0 1.0 1.0 1.0 1.0 1.0 1.0 1.0 1.0 1.0 1.0 1.0
1.0 1.0 1.0 1.0 1.0 1.0 1.0 1.0 1.0 1.0 1.0 1.0 1.0 1.0 1.0 1.0
1.0 1.0 1.0 1.0 1.0 1.0 1.0 1.0 1.0 1.0 1.0 1.0 1.0 1.0 1.0 1.0
1.0 1.0 1.0 1.0 1.0 1.0 1.0 1.0 1.0 1.0 1.0 1.0 1.0 1.0 1.0 1.0
1.0 1.0 1.0 1.0 1.0 1.0 1.0 1.0 1.0 1.0 1.0 1.0 1.0 1.0 1.0 1.0
1.0 1.0 1.0 1.0 1.0 1.0 1.0 1.0 1.0 1.0 1.0 1.0 1.0 1.0 1.0 1.0
1.0 1.0 1.0 1.0 1.0 1.0 1.0 1.0 1.0 1.0 1.0 1.0 1.0 1.0 1.0 1.0
1.0 1.0 1.0 1.0 1.0 1.0 1.0 1.0 1.0 1.0 1.0 1.0 1.0 1.0 1.0 1.0
1.0 1.0 1.0 1.0 1.0 1.0 1.0 1.0 1.0 1.0 1.0 1.0 1.0 1.0 1.0 1.0
1.0 1.0 1.0 1.0 1.0 1.0 1.0 1.0 1.0 1.0 1.0 1.0 1.0 1.0 1.0 1.0
1.0 1.0 1.0 1.0 1.0 1.0 1.0 1.0 1.0 1.0 1.0 1.0 1.0 1.0 1.0 1.0
1.0 1.0 1.0 1.0 1.0 1.0 1.0 1.0 1.0 1.0 1.0 1.0 1.0 1.0 1.0 1.0
1.0 1.0 1.0 1.0 1.0 1.0 1.0 1.0 1.0 1.0 1.0 1.0 1.0 1.0 1.0 1.0
1.0 1.0 1.0 1.0 1.0 1.0 1.0 1.0 1.0 1.0 1.0 1.0 1.0 1.0 1.0 1.0
1.0 1.0 1.0 1.0 1.0 1.0 1.0 1.0 1.0 1.0 1.0 1.0 1.0 1.0 1.0 1.0
1.0 1.0 1.0 1.0 1.0 1.0 1.0 1.0 1.0 1.0 1.0 1.0 1.0 1.0 1.0 1.0
1.0 1.0 1.0 1.0 1.0 1.0 1.0 1.0 1.0 1.0 1.0 1.0 1.0 1.0 1.0 1.0
1.0 1.0 1.0 1.0 1.0 1.0 1.0 1.0 1.0 1.0 1.0 1.0 1.0 1.0 1.0 1.0
1.0 1.0 1.0 1.0 1.0 1.0 1.0 1.0 1.0 1.0 1.0 1.0 1.0 1.0 1.0 1.0
1.0 1.0 1.0 1.0 1.0 1.0 1.0 1.0 1.0 1.0 1.0 1.0 1.0 1.0 1.0 1.0
1.0 1.0 1.0 1.0 1.0 1.0 1.0 1.0 1.0 1.0 1.0 1.0 1.0 1.0 1.0 1.0
1.0 1.0 1.0 1.0 1.0 1.0 1.0 1.0 1.0 1.0 1.0 1.0 1.0 1.0 1.0 1.0
1.0 1.0 1.0 1.0 1.0 1.0 1.0 1.0 1.0 1.0 1.0 1.0 1.0 1.0 1.0 1.0
1.0 1.0 1.0 1.0 1.0 1.0 1.0 1.0 1.0 1.0 1.0 1.0 1.0 1.0 1.0 1.0
1.0 1.0 1.0 1.0 1.0 1.0 1.0 1.0 1.0 1.0 1.0 1.0 1.0 1.0 1.0 1.0
1.0 1.0 1.0 1.0 1.0 1.0 1.0 1.0 1.0 1.0 1.0 1.0 1.0 1.0 1.0 1.0
1.0 1.0 1.0 1.0 1.0 1.0 1.0 1.0 1.0 1.0 1.0 1.0 1.0 1.0 1.0 1.0
1.0 1.0 1.0 1.0 1.0 1.0 1.0 1.0 1.0 1.0 1.0 1.0 1.0 1.0 1.0 1.0
1.0 1.0 1.0 1.0 1.0 1.0 1.0 1.0 1.0 1.0 1.0 1.0 1.0 1.0 1.0 1.0
1.0 1.0 1.0 1.0 1.0 1.0 1.0 1.0 1.0 1.0 1.0 1.0 1.0 1.0 1.0 1.0
1.0 1.0 1.0 1.0 1.0 1.0 1.0 1.0 1.0 1.0 1.0 1.0 1.0 1.0 1.0 1.0
1.0 1.0 1.0 1.0 1.0 1.0 1.0 1.0 1.0 1.0 1.0 1.0 1.0 1.0 1.0 1.0
1.0 1.0 1.0 1.0 1.0 1.0 1.0 1.0 1.0 1.0 1.0 1.0 1.0 1.0 1.0 1.0
1.0 1.0 1.0 1.0 1.0 1.0 1.0 1.0 1.0 1.0 1.0 1.0 1.0 1.0 1.0 1.0
1.0 1.0 1.0 1.0 1.0 1.0 1.0 1.0 1.0 1.0 1.0 1.0 1.0 1.0 1.0 1.0
1.0 1.0 1.0 1.0 1.0 1.0 1.0 1.0 1.0 1.0 1.0 1.0 1.0 1.0 1.0 1.0
1.0 1.0 1.0 1.0 1.0 1.0 1.0 1.0 1.0 1.0 1.0 1.0 1.0 1.0 1.0 1.0
1.0 1.0 1.0 1.0 1.0 1.0 1.0 1.0 1.0 1.0 1.0 1.0 1.0 1.0 1.0 1.0
1.0 1.0 1.0 1.0 1.0 1.0 1.0 1.0 1.0 1.0 1.0 1.0 1.0 1.0 1.0 1.0
1.0 1.0 1.0 1.0 1.0 1.0 1.0 1.0 1.0 1.0 1.0 1.0 1.0 1.0 1.0 1.0
1.0 1.0 1.0 1.0 1.0 1.0 1.0 1.0 1.0 1.0 1.0 1.0 1.0 1.0 1.0 1.0
1.0 1.0 1.0 1.0 1.0 1.0 1.0 1.0 1.0 1.0 1.0 1.0 1.0 1.0 1.0 1.0
1.0 1.0 1.0 1.0 1.0 1.0 1.0 1.0 1.0 1.0 1.0 1.0 1.0 1.0 1.0 1.0
1.0 1.0 1.0 1.0 1.0 1.0 1.0 1.0 1.0 1.0 1.0 1.0 1.0 1.0 1.0 1.0
1.0 1.0 1.0 1.0 1.0 1.0 1.0 1.0 1.0 1.0 1.0 1.0 1.0 1.0 1.0 1.0
1.0 1.0 1.0 1.0 1.0 1.0 1.0 1.0 1.0 1.0 1.0 1.0 1.0 1.0 1.0 1.0
1.0 1.0 1.0 1.0 1.0 1.0 1.0 1.0 1.0 1.0 1.0 1.0 1.0 1.0 1.0 1.0
1.0 1.0 1.0 1.0 1.0 1.0 1.0 1.0 1.0 1.0 1.0 1.0 1.0 1.0 1.0 1.0
1.0 1.0 1.0 1.0 1.0 1.0 1.0 1.0 1.0 1.0 1.0 1.0 1.0 1.0 1.0 1.0
1.0 1.0 1.0 1.0 1.0 1.0 1.0 1.0 1.0 1.0 1.0 1.0 1.0 1.0 1.0 1.0
1.0 1.0 1.0 1.0 1.0 1.0 1.0 1.0 1.0 1.0 1.0 1.0 1.0 1.0 1.0 1.0
1.0 1.0 1.0 1.0 1.0 1.0 1.0 1.0 1.0 1.0 1.0 1.0 1.0 1.0 1.0 1.0
1.0 1.0 1.0 1.0 1.0 1.0 1.0 1.0 1.0 1.0 1.0 1.0 1.0 1.0 1.0 1.0
1.0 1.0 1.0 1.0 1.0 1.0 1.0 1.0 1.0 1.0 1.0 1.0 1.0 1.0 1.0 1.0
1.0 1.0 1.0 1.0 1.0 1.0 1.0 1.0 1.0 1.0 1.0 1.0 1.0 1.0 1.0 1.0
1.0 1.0 1.0 1.0 1.0 1.0 1.0 1.0 1.0 1.0 1.0 1.0 1.0 1.0 1.0 1.0
1.0 1.0 1.0 1.0 1.0 1.0 1.0 1.0 1.0 1.0 1.0 1.0 1.0 1.0 1.0 1.0
1.0 1.0 1.0 1.0 1.0 1.0 1.0 1.0 1.0 1.0 1.0 1.0 1.0 1.0 1.0 1.0
1.0 1.0 1.0 1.0 1.0 1.0 1.0 1.0 1.0 1.0 1.0 1.0 1.0 1.0 1.0 1.0
1.0 1.0 1.0 1.0 1.0 1.0 1.0 1.0 1.0 1.0 1.0 1.0 1.0 1.0 1.0 1.0
1.0 1.0 1.0 1.0 1.0 1.0 1.0 1.0 1.0 1.0 1.0 1.0 1.0 1.0 1.0 1.0
1.0 1.0 1.0 1.0 1.0 1.0 1.0 1.0 1.0 1.0 1.0 1.0 1.0 1.0 1.0 1.0
1.0 1.0 1.0 1.0 1.0 1.0 1.0 1.0 1.0 1.0 1.0 1.0 1.0 1.0 1.0 1.0
1.0 1.0 1.0 1.0 1.0 1.0 1.0 1.0 1.0 1.0 1.0 1.0 1.0 1.0 1.0 1.0
1.0 1.0 1.0 1.0 1.0 1.0 1.0 1.0 1.0 1.0 1.0 1.0 1.0 1.0 1.0 1.0
1.0 1.0 1.0 1.0 1.0 1.0 1.0 1.0 1.0 1.0 1.0 1.0 1.0 1.0 1.0 1.0
1.0 1.0 1.0 1.0 1.0 1.0 1.0 1.0 1.0 1.0 1.0 1.0 1.0 1.0 1.0 1.0
1.0 1.0 1.0 1.0 1.0 1.0 1.0 1.0 1.0 1.0 1.0 1.0 1.0 1.0 1.0 1.0
1.0 1.0 1.0 1.0 1.0 1.0 1.0 1.0 1.0 1.0 1.0 1.0 1.0 1.0 1.0 1.0
1.0 1.0 1.0 1.0 1.0 1.0 1.0 1.0 1.0 1.0 1.0 1.0 1.0 1.0 1.0 1.0
1.0 1.0 1.0 1.0 1.0 1.0 1.0 1.0 1.0 1.0 1.0 1.0 1.0 1.0 1.0 1.0
1.0 1.0 1.0 1.0 1.0 1.0 1.0 1.0 1.0 1.0 1.0 1.0 1.0 1.0 1.0 1.0
1.0 1.0 1.0 1.0 1.0 1.0 1.0 1.0 1.0 1.0 1.0 1.0 1.0 1.0 1.0 1.0
1.0 1.0 1.0 1.0 1.0 1.0 1.0 1.0 1.0 1.0 1.0 1.0 1.0 1.0 1.0 1.0
1.0 1.0 1.0 1.0 1.0 1.0 1.0 1.0 1.0 1.0 1.0 1.0 1.0 1.0 1.0 1.0
1.0 1.0 1.0 1.0 1.0 1.0 1.0 1.0 1.0 1.0 1.0 1.0 1.0 1.0 1.0 1.0
1.0 1.0 1.0 1.0 1.0 1.0 1.0 1.0 1.0 1.0 1.0 1.0 1.0 1.0 1.0 1.0
1.0 1.0 1.0 1.0 1.0 1.0 1.0 1.0 1.0 1.0 1.0 1.0 1.0 1.0 1.0 1.0
1.0 1.0 1.0 1.0 1.0 1.0 1.0 1.0 1.0 1.0 1.0 1.0 1.0 1.0 1.0 1.0
1.0 1.0 1.0 1.0 1.0 1.0 1.0 1.0 1.0 1.0 1.0 1.0 1.0 1.0 1.0 1.0
1.0 1.0 1.0 1.0 1.0 1.0 1.0 1.0 1.0 1.0 1.0 1.0 1.0 1.0 1.0 1.0
1.0 1.0 1.0 1.0 1.0 1.0 1.0 1.0 1.0 1.0 1.0 1.0 1.0 1.0 1.0 1.0
1.0 1.0 1.0 1.0 1.0 1.0 1.0 1.0 1.0 1.0 1.0 1.0 1.0 1.0 1.0 1.0
1.0 1.0 1.0 1.0 1.0 1.0 1.0 1.0 1.0 1.0 1.0 1.0 1.0 1.0 1.0 1.0
1.0 1.0 1.0 1.0 1.0 1.0 1.0 1.0 1.0 1.0 1.0 1.0 1.0 1.0 1.0 1.0
1.0 1.0 1.0 1.0 1.0 1.0 1.0 1.0 1.0 1.0 1.0 1.0 1.0 1.0 1.0 1.0
1.0 1.0 1.0 1.0 1.0 1.0 1.0 1.0 1.0 1.0 1.0 1.0 1.0 1.0 1.0 1.0
1.0 1.0 1.0 1.0 1.0 1.0 1.0 1.0 1.0 1.0 1.0 1.0 1.0 1.0 1.0 1.0
1.0 1.0 1.0 1.0 1.0 1.0 1.0 1.0 1.0 1.0 1.0 1.0 1.0 1.0 1.0 1.0
1.0 1.0 1.0 1.0 1.0 1.0 1.0 1.0 1.0 1.0 1.0 1.0 1.0 1.0 1.0 1.0
1.0 1.0 1.0 1.0 1.0 1.0 1.0 1.0 1.0 1.0 1.0 1.0 1.0 1.0 1.0 1.0
1.0 1.0 1.0 1.0 1.0 1.0 1.0 1.0 1.0 1.0 1.0 1.0 1.0 1.0 1.0 1.0
1.0 1.0 1.0 1.0 1.0 1.0 1.0 1.0 1.0 1.0 1.0 1.0 1.0 1.0 1.0 1.0
1.0 1.0 1.0 1.0 1.0 1.0 1.0 1.0 1.0 1.0 1.0 1.0 1.0 1.0 1.0 1.0
1.0 1.0 1.0 1.0 1.0 1.0 1.0 1.0 1.0 1.0 1.0 1.0 1.0 1.0 1.0 1.0
1.0 1.0 1.0 1.0 1.0 1.0 1.0 1.0 1.0 1.0 1.0 1.0 1.0 1.0 1.0 1.0
1.0 1.0 1.0 1.0 1.0 1.0 1.0 1.0 1.0 1.0 1.0 1.0 1.0 1.0 1.0 1.0
1.0 1.0 1.0 1.0 1.0 1.0 1.0 1.0 1.0 1.0 1.0 1.0 1.0 1.0 1.0 1.0
1.0 1.0 1.0 1.0 1.0 1.0 1.0 1.0 1.0 1.0 1.0 1.0 1.0 1.0 1.0 1.0
1.0 1.0 1.0 1.0 1.0 1.0 1.0 1.0 1.0 1.0 1.0 1.0 1.0 1.0 1.0 1.0
1.0 1.0 1.0 1.0 1.0 1.0 1.0 1.0 1.0 1.0 1.0 1.0 1.0 1.0 1.0 1.0
1.0 1.0 1.0 1.0 1.0 1.0 1.0 1.0 1.0 1.0 1.0 1.0 1.0 1.0 1.0 1.0
1.0 1.0 1.0 1.0 1.0 1.0 1.0 1.0 1.0 1.0 1.0 1.0 1.0 1.0 1.0 1.0
1.0 1.0 1.0 1.0 1.0 1.0 1.0 1.0 1.0 1.0 1.0 1.0 1.0 1.0 1.0 1.0
1.0 1.0 1.0 1.0 1.0 1.0 1.0 1.0 1.0 1.0 1.0 1.0 1.0 1.0 1.0 1.0
1.0 1.0 1.0 1.0 1.0 1.0 1.0 1.0 1.0 1.0 1.0 1.0 1.0 1.0 1.0 1.0
1.0 1.0 1.0 1.0 1.0 1.0 1.0 1.0 1.0 1.0 1.0 1.0 1.0 1.0 1.0 1.0
1.0 1.0 1.0 1.0 1.0 1.0 1.0 1.0 1.0 1.0 1.0 1.0 1.0 1.0 1.0 1.0
1.0 1.0 1.0 1.0 1.0 1.0 1.0 1.0 1.0 1.0 1.0 1.0 1.0 1.0 1.0 1.0
1.0 1.0 1.0 1.0 1.0 1.0 1.0 1.0 1.0 1.0 1.0 1.0 1.0 1.0 1.0 1.0
1.0 1.0 1.0 1.0 1.0 1.0 1.0 1.0 1.0 1.0 1.0 1.0 1.0 1.0 1.0 1.0
1.0 1.0 1.0 1.0 1.0 1.0 1.0 1.0 1.0 1.0 1.0 1.0 1.0 1.0 1.0 1.0
1.0 1.0 1.0 1.0 1.0 1.0 1.0 1.0 1.0 1.0 1.0 1.0 1.0 1.0 1.0 1.0
1.0 1.0 1.0 1.0 1.0 1.0 1.0 1.0 1.0 1.0 1.0 1.0 1.0 1.0 1.0 1.0
1.0 1.0 1.0 1.0 1.0 1.0 1.0 1.0 1.0 1.0 1.0 1.0 1.0 1.0 1.0 1.0
1.0 1.0 1.0 1.0 1.0 1.0 1.0 1.0 1.0 1.0 1.0 1.0 1.0 1.0 1.0 1.0
1.0 1.0 1.0 1.0 1.0 1.0 1.0 1.0 1.0 1.0 1.0 1.0 1.0 1.0 1.0 1.0
1.0 1.0 1.0 1.0 1.0 1.0 1.0 1.0 1.0 1.0 1.0 1.0 1.0 1.0 1.0 1.0
